[2025-10-01 15:55:41,931][curator][INFO] - Running on host: XSH-20240927AHO
[2025-10-01 15:55:41,931][curator][INFO] - Seed with <1234>
[2025-10-01 15:55:41,933][curator][INFO] - Using model from <../train/model_path>
[2025-10-01 15:55:42,222][curator.simulate.logger][INFO] - MD starts from No.-1 configuration in ../LiFePO4.traj
[2025-10-01 15:55:43,045][curator.simulate.logger][INFO] - Steps=         1 Epot=    -179.776 Ekin=       1.175 temperature=  324.55 
[2025-10-01 15:55:43,114][curator.simulate.logger][INFO] - Steps=         2 Epot=    -179.757 Ekin=       1.167 temperature=  322.39 
[2025-10-01 15:55:43,132][curator.simulate.logger][INFO] - Steps=         3 Epot=    -179.766 Ekin=       1.167 temperature=  322.50 
[2025-10-01 15:55:43,146][curator.simulate.logger][INFO] - Steps=         4 Epot=    -179.803 Ekin=       1.179 temperature=  325.85 
[2025-10-01 15:55:43,169][curator.simulate.logger][INFO] - Steps=         5 Epot=    -179.868 Ekin=       1.246 temperature=  344.24 
[2025-10-01 15:55:43,188][curator.simulate.logger][INFO] - Steps=         6 Epot=    -179.955 Ekin=       1.334 temperature=  368.49 
[2025-10-01 15:55:43,283][curator.simulate.logger][INFO] - Steps=         7 Epot=    -180.061 Ekin=       1.437 temperature=  396.93 
[2025-10-01 15:55:43,310][curator.simulate.logger][INFO] - Steps=         8 Epot=    -180.181 Ekin=       1.612 temperature=  445.43 
[2025-10-01 15:55:43,500][curator.simulate.logger][INFO] - Steps=         9 Epot=    -180.314 Ekin=       1.785 temperature=  493.17 
[2025-10-01 15:55:43,522][curator.simulate.logger][INFO] - Steps=        10 Epot=    -180.456 Ekin=       1.932 temperature=  533.74 
[2025-10-01 15:55:43,536][curator.simulate.logger][INFO] - Steps=        11 Epot=    -180.605 Ekin=       1.998 temperature=  551.99 
[2025-10-01 15:55:43,553][curator.simulate.logger][INFO] - Steps=        12 Epot=    -180.756 Ekin=       2.080 temperature=  574.79 
[2025-10-01 15:55:43,569][curator.simulate.logger][INFO] - Steps=        13 Epot=    -180.908 Ekin=       2.246 temperature=  620.45 
[2025-10-01 15:55:43,582][curator.simulate.logger][INFO] - Steps=        14 Epot=    -181.060 Ekin=       2.393 temperature=  661.07 
[2025-10-01 15:55:43,595][curator.simulate.logger][INFO] - Steps=        15 Epot=    -181.210 Ekin=       2.547 temperature=  703.66 
[2025-10-01 15:55:43,611][curator.simulate.logger][INFO] - Steps=        16 Epot=    -181.356 Ekin=       2.719 temperature=  751.18 
[2025-10-01 15:55:43,625][curator.simulate.logger][INFO] - Steps=        17 Epot=    -181.496 Ekin=       2.863 temperature=  791.01 
[2025-10-01 15:55:43,640][curator.simulate.logger][INFO] - Steps=        18 Epot=    -181.624 Ekin=       2.967 temperature=  819.91 
[2025-10-01 15:55:43,655][curator.simulate.logger][INFO] - Steps=        19 Epot=    -181.739 Ekin=       3.174 temperature=  876.88 
[2025-10-01 15:55:43,673][curator.simulate.logger][INFO] - Steps=        20 Epot=    -181.839 Ekin=       3.286 temperature=  907.91 
[2025-10-01 15:55:43,686][curator.simulate.logger][INFO] - Steps=        21 Epot=    -181.923 Ekin=       3.359 temperature=  928.03 
[2025-10-01 15:55:43,701][curator.simulate.logger][INFO] - Steps=        22 Epot=    -181.988 Ekin=       3.397 temperature=  938.62 
[2025-10-01 15:55:43,717][curator.simulate.logger][INFO] - Steps=        23 Epot=    -182.033 Ekin=       3.420 temperature=  944.96 
[2025-10-01 15:55:43,730][curator.simulate.logger][INFO] - Steps=        24 Epot=    -182.056 Ekin=       3.403 temperature=  940.20 
[2025-10-01 15:55:43,747][curator.simulate.logger][INFO] - Steps=        25 Epot=    -182.058 Ekin=       3.409 temperature=  941.91 
[2025-10-01 15:55:43,763][curator.simulate.logger][INFO] - Steps=        26 Epot=    -182.038 Ekin=       3.403 temperature=  940.12 
[2025-10-01 15:55:43,776][curator.simulate.logger][INFO] - Steps=        27 Epot=    -181.994 Ekin=       3.308 temperature=  913.95 
[2025-10-01 15:55:43,792][curator.simulate.logger][INFO] - Steps=        28 Epot=    -181.929 Ekin=       3.251 temperature=  898.15 
[2025-10-01 15:55:43,808][curator.simulate.logger][INFO] - Steps=        29 Epot=    -181.843 Ekin=       3.196 temperature=  883.16 
[2025-10-01 15:55:43,821][curator.simulate.logger][INFO] - Steps=        30 Epot=    -181.738 Ekin=       3.020 temperature=  834.47 
[2025-10-01 15:55:43,836][curator.simulate.logger][INFO] - Steps=        31 Epot=    -181.622 Ekin=       2.850 temperature=  787.45 
[2025-10-01 15:55:43,853][curator.simulate.logger][INFO] - Steps=        32 Epot=    -181.495 Ekin=       2.713 temperature=  749.66 
[2025-10-01 15:55:43,868][curator.simulate.logger][INFO] - Steps=        33 Epot=    -181.363 Ekin=       2.548 temperature=  704.08 
[2025-10-01 15:55:43,884][curator.simulate.logger][INFO] - Steps=        34 Epot=    -181.231 Ekin=       2.396 temperature=  661.99 
[2025-10-01 15:55:43,901][curator.simulate.logger][INFO] - Steps=        35 Epot=    -181.107 Ekin=       2.261 temperature=  624.59 
[2025-10-01 15:55:43,915][curator.simulate.logger][INFO] - Steps=        36 Epot=    -180.997 Ekin=       2.106 temperature=  581.81 
[2025-10-01 15:55:43,928][curator.simulate.logger][INFO] - Steps=        37 Epot=    -180.912 Ekin=       2.007 temperature=  554.64 
[2025-10-01 15:55:43,943][curator.simulate.logger][INFO] - Steps=        38 Epot=    -180.859 Ekin=       1.941 temperature=  536.29 
[2025-10-01 15:55:43,962][curator.simulate.logger][INFO] - Steps=        39 Epot=    -180.839 Ekin=       1.903 temperature=  525.89 
[2025-10-01 15:55:43,976][curator.simulate.logger][INFO] - Steps=        40 Epot=    -180.853 Ekin=       1.961 temperature=  541.93 
[2025-10-01 15:55:43,991][curator.simulate.logger][INFO] - Steps=        41 Epot=    -180.908 Ekin=       1.960 temperature=  541.60 
[2025-10-01 15:55:44,006][curator.simulate.logger][INFO] - Steps=        42 Epot=    -180.995 Ekin=       2.031 temperature=  561.14 
[2025-10-01 15:55:44,028][curator.simulate.logger][INFO] - Steps=        43 Epot=    -181.116 Ekin=       2.147 temperature=  593.17 
[2025-10-01 15:55:44,040][curator.simulate.logger][INFO] - Steps=        44 Epot=    -181.264 Ekin=       2.293 temperature=  633.58 
[2025-10-01 15:55:44,055][curator.simulate.logger][INFO] - Steps=        45 Epot=    -181.435 Ekin=       2.463 temperature=  680.59 
[2025-10-01 15:55:44,071][curator.simulate.logger][INFO] - Steps=        46 Epot=    -181.626 Ekin=       2.583 temperature=  713.70 
[2025-10-01 15:55:44,084][curator.simulate.logger][INFO] - Steps=        47 Epot=    -181.822 Ekin=       2.748 temperature=  759.17 
[2025-10-01 15:55:44,099][curator.simulate.logger][INFO] - Steps=        48 Epot=    -182.015 Ekin=       2.919 temperature=  806.49 
[2025-10-01 15:55:44,116][curator.simulate.logger][INFO] - Steps=        49 Epot=    -182.203 Ekin=       3.182 temperature=  879.13 
[2025-10-01 15:55:44,131][curator.simulate.logger][INFO] - Steps=        50 Epot=    -182.377 Ekin=       3.343 temperature=  923.65 
[2025-10-01 15:55:44,144][curator.simulate.logger][INFO] - Steps=        51 Epot=    -182.530 Ekin=       3.416 temperature=  943.88 
[2025-10-01 15:55:44,157][curator.simulate.logger][INFO] - Steps=        52 Epot=    -182.657 Ekin=       3.581 temperature=  989.31 
[2025-10-01 15:55:44,170][curator.simulate.logger][INFO] - Steps=        53 Epot=    -182.756 Ekin=       3.660 temperature= 1011.14 
[2025-10-01 15:55:44,184][curator.simulate.logger][INFO] - Steps=        54 Epot=    -182.825 Ekin=       3.718 temperature= 1027.36 
[2025-10-01 15:55:44,200][curator.simulate.logger][INFO] - Steps=        55 Epot=    -182.865 Ekin=       3.753 temperature= 1037.02 
[2025-10-01 15:55:44,217][curator.simulate.logger][INFO] - Steps=        56 Epot=    -182.874 Ekin=       3.735 temperature= 1032.09 
[2025-10-01 15:55:44,235][curator.simulate.logger][INFO] - Steps=        57 Epot=    -182.855 Ekin=       3.738 temperature= 1032.78 
[2025-10-01 15:55:44,247][curator.simulate.logger][INFO] - Steps=        58 Epot=    -182.810 Ekin=       3.717 temperature= 1026.91 
[2025-10-01 15:55:44,261][curator.simulate.logger][INFO] - Steps=        59 Epot=    -182.739 Ekin=       3.616 temperature=  999.23 
[2025-10-01 15:55:44,277][curator.simulate.logger][INFO] - Steps=        60 Epot=    -182.646 Ekin=       3.505 temperature=  968.42 
[2025-10-01 15:55:44,291][curator.simulate.logger][INFO] - Steps=        61 Epot=    -182.537 Ekin=       3.398 temperature=  938.92 
[2025-10-01 15:55:44,306][curator.simulate.logger][INFO] - Steps=        62 Epot=    -182.415 Ekin=       3.259 temperature=  900.33 
[2025-10-01 15:55:44,321][curator.simulate.logger][INFO] - Steps=        63 Epot=    -182.288 Ekin=       3.109 temperature=  858.93 
[2025-10-01 15:55:44,336][curator.simulate.logger][INFO] - Steps=        64 Epot=    -182.153 Ekin=       3.027 temperature=  836.31 
[2025-10-01 15:55:44,351][curator.simulate.logger][INFO] - Steps=        65 Epot=    -182.019 Ekin=       2.890 temperature=  798.63 
[2025-10-01 15:55:44,372][curator.simulate.logger][INFO] - Steps=        66 Epot=    -181.888 Ekin=       2.757 temperature=  761.68 
[2025-10-01 15:55:44,385][curator.simulate.logger][INFO] - Steps=        67 Epot=    -181.764 Ekin=       2.632 temperature=  727.17 
[2025-10-01 15:55:44,402][curator.simulate.logger][INFO] - Steps=        68 Epot=    -181.654 Ekin=       2.436 temperature=  672.97 
[2025-10-01 15:55:44,415][curator.simulate.logger][INFO] - Steps=        69 Epot=    -181.557 Ekin=       2.307 temperature=  637.53 
[2025-10-01 15:55:44,427][curator.simulate.logger][INFO] - Steps=        70 Epot=    -181.474 Ekin=       2.200 temperature=  607.84 
[2025-10-01 15:55:44,444][curator.simulate.logger][INFO] - Steps=        71 Epot=    -181.407 Ekin=       2.140 temperature=  591.31 
[2025-10-01 15:55:44,459][curator.simulate.logger][INFO] - Steps=        72 Epot=    -181.354 Ekin=       2.017 temperature=  557.39 
[2025-10-01 15:55:44,472][curator.simulate.logger][INFO] - Steps=        73 Epot=    -181.315 Ekin=       1.989 temperature=  549.56 
[2025-10-01 15:55:44,487][curator.simulate.logger][INFO] - Steps=        74 Epot=    -181.287 Ekin=       1.965 temperature=  542.85 
[2025-10-01 15:55:44,499][curator.simulate.logger][INFO] - Steps=        75 Epot=    -181.268 Ekin=       1.926 temperature=  532.07 
[2025-10-01 15:55:44,513][curator.simulate.logger][INFO] - Steps=        76 Epot=    -181.260 Ekin=       1.896 temperature=  523.84 
[2025-10-01 15:55:44,528][curator.simulate.logger][INFO] - Steps=        77 Epot=    -181.264 Ekin=       1.887 temperature=  521.42 
[2025-10-01 15:55:44,541][curator.simulate.logger][INFO] - Steps=        78 Epot=    -181.281 Ekin=       1.870 temperature=  516.55 
[2025-10-01 15:55:44,557][curator.simulate.logger][INFO] - Steps=        79 Epot=    -181.306 Ekin=       1.937 temperature=  535.30 
[2025-10-01 15:55:44,573][curator.simulate.logger][INFO] - Steps=        80 Epot=    -181.337 Ekin=       1.974 temperature=  545.39 
[2025-10-01 15:55:44,588][curator.simulate.logger][INFO] - Steps=        81 Epot=    -181.374 Ekin=       2.031 temperature=  561.06 
[2025-10-01 15:55:44,603][curator.simulate.logger][INFO] - Steps=        82 Epot=    -181.414 Ekin=       2.045 temperature=  564.99 
[2025-10-01 15:55:44,618][curator.simulate.logger][INFO] - Steps=        83 Epot=    -181.458 Ekin=       2.047 temperature=  565.56 
[2025-10-01 15:55:44,635][curator.simulate.logger][INFO] - Steps=        84 Epot=    -181.507 Ekin=       2.074 temperature=  573.06 
[2025-10-01 15:55:44,647][curator.simulate.logger][INFO] - Steps=        85 Epot=    -181.561 Ekin=       2.111 temperature=  583.17 
[2025-10-01 15:55:44,664][curator.simulate.logger][INFO] - Steps=        86 Epot=    -181.615 Ekin=       2.193 temperature=  605.98 
[2025-10-01 15:55:44,679][curator.simulate.logger][INFO] - Steps=        87 Epot=    -181.670 Ekin=       2.235 temperature=  617.46 
[2025-10-01 15:55:44,692][curator.simulate.logger][INFO] - Steps=        88 Epot=    -181.728 Ekin=       2.288 temperature=  632.26 
[2025-10-01 15:55:44,709][curator.simulate.logger][INFO] - Steps=        89 Epot=    -181.789 Ekin=       2.352 temperature=  649.77 
[2025-10-01 15:55:44,724][curator.simulate.logger][INFO] - Steps=        90 Epot=    -181.847 Ekin=       2.363 temperature=  652.97 
[2025-10-01 15:55:44,737][curator.simulate.logger][INFO] - Steps=        91 Epot=    -181.905 Ekin=       2.418 temperature=  668.16 
[2025-10-01 15:55:44,756][curator.simulate.logger][INFO] - Steps=        92 Epot=    -181.959 Ekin=       2.490 temperature=  688.03 
[2025-10-01 15:55:44,773][curator.simulate.logger][INFO] - Steps=        93 Epot=    -182.008 Ekin=       2.517 temperature=  695.54 
[2025-10-01 15:55:44,789][curator.simulate.logger][INFO] - Steps=        94 Epot=    -182.054 Ekin=       2.536 temperature=  700.68 
[2025-10-01 15:55:44,802][curator.simulate.logger][INFO] - Steps=        95 Epot=    -182.096 Ekin=       2.528 temperature=  698.39 
[2025-10-01 15:55:44,817][curator.simulate.logger][INFO] - Steps=        96 Epot=    -182.133 Ekin=       2.557 temperature=  706.54 
[2025-10-01 15:55:44,830][curator.simulate.logger][INFO] - Steps=        97 Epot=    -182.164 Ekin=       2.538 temperature=  701.32 
[2025-10-01 15:55:44,845][curator.simulate.logger][INFO] - Steps=        98 Epot=    -182.190 Ekin=       2.590 temperature=  715.68 
[2025-10-01 15:55:44,860][curator.simulate.logger][INFO] - Steps=        99 Epot=    -182.214 Ekin=       2.539 temperature=  701.60 
[2025-10-01 15:55:44,874][curator.simulate.logger][INFO] - Steps=       100 Epot=    -182.236 Ekin=       2.516 temperature=  695.23 
[2025-10-01 15:55:44,890][curator.simulate.logger][INFO] - Steps=       101 Epot=    -182.256 Ekin=       2.515 temperature=  694.75 
[2025-10-01 15:55:44,906][curator.simulate.logger][INFO] - Steps=       102 Epot=    -182.270 Ekin=       2.563 temperature=  708.02 
[2025-10-01 15:55:44,921][curator.simulate.logger][INFO] - Steps=       103 Epot=    -182.280 Ekin=       2.533 temperature=  699.80 
[2025-10-01 15:55:44,936][curator.simulate.logger][INFO] - Steps=       104 Epot=    -182.282 Ekin=       2.553 temperature=  705.48 
[2025-10-01 15:55:44,952][curator.simulate.logger][INFO] - Steps=       105 Epot=    -182.279 Ekin=       2.523 temperature=  697.13 
[2025-10-01 15:55:44,968][curator.simulate.logger][INFO] - Steps=       106 Epot=    -182.273 Ekin=       2.495 temperature=  689.26 
[2025-10-01 15:55:44,986][curator.simulate.logger][INFO] - Steps=       107 Epot=    -182.266 Ekin=       2.459 temperature=  679.49 
[2025-10-01 15:55:44,998][curator.simulate.logger][INFO] - Steps=       108 Epot=    -182.259 Ekin=       2.415 temperature=  667.19 
[2025-10-01 15:55:45,012][curator.simulate.logger][INFO] - Steps=       109 Epot=    -182.251 Ekin=       2.400 temperature=  663.01 
[2025-10-01 15:55:45,026][curator.simulate.logger][INFO] - Steps=       110 Epot=    -182.241 Ekin=       2.338 temperature=  645.97 
[2025-10-01 15:55:45,042][curator.simulate.logger][INFO] - Steps=       111 Epot=    -182.233 Ekin=       2.351 temperature=  649.46 
[2025-10-01 15:55:45,058][curator.simulate.logger][INFO] - Steps=       112 Epot=    -182.231 Ekin=       2.389 temperature=  660.06 
[2025-10-01 15:55:45,070][curator.simulate.logger][INFO] - Steps=       113 Epot=    -182.232 Ekin=       2.387 temperature=  659.63 
[2025-10-01 15:55:45,086][curator.simulate.logger][INFO] - Steps=       114 Epot=    -182.237 Ekin=       2.424 temperature=  669.84 
[2025-10-01 15:55:45,099][curator.simulate.logger][INFO] - Steps=       115 Epot=    -182.241 Ekin=       2.434 temperature=  672.48 
[2025-10-01 15:55:45,113][curator.simulate.logger][INFO] - Steps=       116 Epot=    -182.246 Ekin=       2.432 temperature=  671.92 
[2025-10-01 15:55:45,127][curator.simulate.logger][INFO] - Steps=       117 Epot=    -182.252 Ekin=       2.458 temperature=  679.07 
[2025-10-01 15:55:45,144][curator.simulate.logger][INFO] - Steps=       118 Epot=    -182.260 Ekin=       2.421 temperature=  668.82 
[2025-10-01 15:55:45,158][curator.simulate.logger][INFO] - Steps=       119 Epot=    -182.269 Ekin=       2.468 temperature=  681.78 
[2025-10-01 15:55:45,173][curator.simulate.logger][INFO] - Steps=       120 Epot=    -182.284 Ekin=       2.426 temperature=  670.16 
[2025-10-01 15:55:45,188][curator.simulate.logger][INFO] - Steps=       121 Epot=    -182.300 Ekin=       2.424 temperature=  669.87 
[2025-10-01 15:55:45,202][curator.simulate.logger][INFO] - Steps=       122 Epot=    -182.318 Ekin=       2.468 temperature=  681.98 
[2025-10-01 15:55:45,215][curator.simulate.logger][INFO] - Steps=       123 Epot=    -182.341 Ekin=       2.487 temperature=  687.06 
[2025-10-01 15:55:45,232][curator.simulate.logger][INFO] - Steps=       124 Epot=    -182.364 Ekin=       2.462 temperature=  680.34 
[2025-10-01 15:55:45,247][curator.simulate.logger][INFO] - Steps=       125 Epot=    -182.387 Ekin=       2.477 temperature=  684.27 
[2025-10-01 15:55:45,259][curator.simulate.logger][INFO] - Steps=       126 Epot=    -182.412 Ekin=       2.526 temperature=  697.91 
[2025-10-01 15:55:45,274][curator.simulate.logger][INFO] - Steps=       127 Epot=    -182.441 Ekin=       2.559 temperature=  706.99 
[2025-10-01 15:55:45,291][curator.simulate.logger][INFO] - Steps=       128 Epot=    -182.470 Ekin=       2.545 temperature=  703.30 
[2025-10-01 15:55:45,305][curator.simulate.logger][INFO] - Steps=       129 Epot=    -182.496 Ekin=       2.586 temperature=  714.48 
[2025-10-01 15:55:45,320][curator.simulate.logger][INFO] - Steps=       130 Epot=    -182.519 Ekin=       2.624 temperature=  724.99 
[2025-10-01 15:55:45,333][curator.simulate.logger][INFO] - Steps=       131 Epot=    -182.537 Ekin=       2.651 temperature=  732.43 
[2025-10-01 15:55:45,348][curator.simulate.logger][INFO] - Steps=       132 Epot=    -182.549 Ekin=       2.721 temperature=  751.74 
[2025-10-01 15:55:45,363][curator.simulate.logger][INFO] - Steps=       133 Epot=    -182.551 Ekin=       2.670 temperature=  737.76 
[2025-10-01 15:55:45,379][curator.simulate.logger][INFO] - Steps=       134 Epot=    -182.541 Ekin=       2.643 temperature=  730.18 
[2025-10-01 15:55:45,394][curator.simulate.logger][INFO] - Steps=       135 Epot=    -182.517 Ekin=       2.592 temperature=  716.21 
[2025-10-01 15:55:45,408][curator.simulate.logger][INFO] - Steps=       136 Epot=    -182.482 Ekin=       2.617 temperature=  722.95 
[2025-10-01 15:55:45,424][curator.simulate.logger][INFO] - Steps=       137 Epot=    -182.434 Ekin=       2.499 temperature=  690.59 
[2025-10-01 15:55:45,437][curator.simulate.logger][INFO] - Steps=       138 Epot=    -182.378 Ekin=       2.446 temperature=  675.77 
[2025-10-01 15:55:45,449][curator.simulate.logger][INFO] - Steps=       139 Epot=    -182.314 Ekin=       2.359 temperature=  651.87 
[2025-10-01 15:55:45,466][curator.simulate.logger][INFO] - Steps=       140 Epot=    -182.242 Ekin=       2.361 temperature=  652.47 
[2025-10-01 15:55:45,480][curator.simulate.logger][INFO] - Steps=       141 Epot=    -182.166 Ekin=       2.284 temperature=  631.14 
[2025-10-01 15:55:45,494][curator.simulate.logger][INFO] - Steps=       142 Epot=    -182.088 Ekin=       2.176 temperature=  601.29 
[2025-10-01 15:55:45,511][curator.simulate.logger][INFO] - Steps=       143 Epot=    -182.011 Ekin=       2.068 temperature=  571.35 
[2025-10-01 15:55:45,526][curator.simulate.logger][INFO] - Steps=       144 Epot=    -181.938 Ekin=       1.960 temperature=  541.64 
[2025-10-01 15:55:45,542][curator.simulate.logger][INFO] - Steps=       145 Epot=    -181.873 Ekin=       1.920 temperature=  530.63 
[2025-10-01 15:55:45,556][curator.simulate.logger][INFO] - Steps=       146 Epot=    -181.815 Ekin=       1.867 temperature=  515.98 
[2025-10-01 15:55:45,571][curator.simulate.logger][INFO] - Steps=       147 Epot=    -181.768 Ekin=       1.821 temperature=  503.27 
[2025-10-01 15:55:45,586][curator.simulate.logger][INFO] - Steps=       148 Epot=    -181.730 Ekin=       1.791 temperature=  494.81 
[2025-10-01 15:55:45,598][curator.simulate.logger][INFO] - Steps=       149 Epot=    -181.703 Ekin=       1.745 temperature=  482.16 
[2025-10-01 15:55:45,615][curator.simulate.logger][INFO] - Steps=       150 Epot=    -181.684 Ekin=       1.739 temperature=  480.34 
[2025-10-01 15:55:45,631][curator.simulate.logger][INFO] - Steps=       151 Epot=    -181.673 Ekin=       1.714 temperature=  473.57 
[2025-10-01 15:55:45,644][curator.simulate.logger][INFO] - Steps=       152 Epot=    -181.670 Ekin=       1.657 temperature=  457.76 
[2025-10-01 15:55:45,658][curator.simulate.logger][INFO] - Steps=       153 Epot=    -181.677 Ekin=       1.638 temperature=  452.58 
[2025-10-01 15:55:45,675][curator.simulate.logger][INFO] - Steps=       154 Epot=    -181.690 Ekin=       1.636 temperature=  452.04 
[2025-10-01 15:55:45,693][curator.simulate.logger][INFO] - Steps=       155 Epot=    -181.706 Ekin=       1.633 temperature=  451.11 
[2025-10-01 15:55:45,712][curator.simulate.logger][INFO] - Steps=       156 Epot=    -181.727 Ekin=       1.604 temperature=  443.28 
[2025-10-01 15:55:45,727][curator.simulate.logger][INFO] - Steps=       157 Epot=    -181.753 Ekin=       1.621 temperature=  447.87 
[2025-10-01 15:55:45,744][curator.simulate.logger][INFO] - Steps=       158 Epot=    -181.785 Ekin=       1.659 temperature=  458.40 
[2025-10-01 15:55:45,760][curator.simulate.logger][INFO] - Steps=       159 Epot=    -181.819 Ekin=       1.749 temperature=  483.32 
[2025-10-01 15:55:45,776][curator.simulate.logger][INFO] - Steps=       160 Epot=    -181.852 Ekin=       1.832 temperature=  506.30 
[2025-10-01 15:55:45,791][curator.simulate.logger][INFO] - Steps=       161 Epot=    -181.882 Ekin=       1.835 temperature=  507.01 
[2025-10-01 15:55:45,805][curator.simulate.logger][INFO] - Steps=       162 Epot=    -181.912 Ekin=       1.819 temperature=  502.64 
[2025-10-01 15:55:45,826][curator.simulate.logger][INFO] - Steps=       163 Epot=    -181.939 Ekin=       1.820 temperature=  502.84 
[2025-10-01 15:55:45,841][curator.simulate.logger][INFO] - Steps=       164 Epot=    -181.963 Ekin=       1.824 temperature=  503.95 
[2025-10-01 15:55:45,853][curator.simulate.logger][INFO] - Steps=       165 Epot=    -181.988 Ekin=       1.860 temperature=  513.81 
[2025-10-01 15:55:45,868][curator.simulate.logger][INFO] - Steps=       166 Epot=    -182.011 Ekin=       1.856 temperature=  512.83 
[2025-10-01 15:55:45,882][curator.simulate.logger][INFO] - Steps=       167 Epot=    -182.032 Ekin=       1.925 temperature=  531.89 
[2025-10-01 15:55:45,897][curator.simulate.logger][INFO] - Steps=       168 Epot=    -182.052 Ekin=       1.902 temperature=  525.58 
[2025-10-01 15:55:45,912][curator.simulate.logger][INFO] - Steps=       169 Epot=    -182.067 Ekin=       1.864 temperature=  515.08 
[2025-10-01 15:55:45,929][curator.simulate.logger][INFO] - Steps=       170 Epot=    -182.081 Ekin=       1.904 temperature=  525.98 
[2025-10-01 15:55:45,941][curator.simulate.logger][INFO] - Steps=       171 Epot=    -182.094 Ekin=       1.921 temperature=  530.78 
[2025-10-01 15:55:45,956][curator.simulate.logger][INFO] - Steps=       172 Epot=    -182.107 Ekin=       1.860 temperature=  514.00 
[2025-10-01 15:55:45,970][curator.simulate.logger][INFO] - Steps=       173 Epot=    -182.119 Ekin=       1.805 temperature=  498.83 
[2025-10-01 15:55:45,984][curator.simulate.logger][INFO] - Steps=       174 Epot=    -182.131 Ekin=       1.755 temperature=  484.86 
[2025-10-01 15:55:46,000][curator.simulate.logger][INFO] - Steps=       175 Epot=    -182.142 Ekin=       1.780 temperature=  491.70 
[2025-10-01 15:55:46,016][curator.simulate.logger][INFO] - Steps=       176 Epot=    -182.152 Ekin=       1.840 temperature=  508.52 
[2025-10-01 15:55:46,032][curator.simulate.logger][INFO] - Steps=       177 Epot=    -182.164 Ekin=       1.822 temperature=  503.51 
[2025-10-01 15:55:46,046][curator.simulate.logger][INFO] - Steps=       178 Epot=    -182.179 Ekin=       1.856 temperature=  512.76 
[2025-10-01 15:55:46,063][curator.simulate.logger][INFO] - Steps=       179 Epot=    -182.194 Ekin=       1.853 temperature=  512.03 
[2025-10-01 15:55:46,078][curator.simulate.logger][INFO] - Steps=       180 Epot=    -182.211 Ekin=       1.905 temperature=  526.28 
[2025-10-01 15:55:46,092][curator.simulate.logger][INFO] - Steps=       181 Epot=    -182.228 Ekin=       1.868 temperature=  516.14 
[2025-10-01 15:55:46,108][curator.simulate.logger][INFO] - Steps=       182 Epot=    -182.247 Ekin=       1.929 temperature=  532.91 
[2025-10-01 15:55:46,120][curator.simulate.logger][INFO] - Steps=       183 Epot=    -182.269 Ekin=       1.948 temperature=  538.28 
[2025-10-01 15:55:46,134][curator.simulate.logger][INFO] - Steps=       184 Epot=    -182.287 Ekin=       1.862 temperature=  514.43 
[2025-10-01 15:55:46,149][curator.simulate.logger][INFO] - Steps=       185 Epot=    -182.304 Ekin=       1.847 temperature=  510.20 
[2025-10-01 15:55:46,165][curator.simulate.logger][INFO] - Steps=       186 Epot=    -182.320 Ekin=       1.822 temperature=  503.50 
[2025-10-01 15:55:46,181][curator.simulate.logger][INFO] - Steps=       187 Epot=    -182.336 Ekin=       1.831 temperature=  506.03 
[2025-10-01 15:55:46,193][curator.simulate.logger][INFO] - Steps=       188 Epot=    -182.350 Ekin=       1.812 temperature=  500.65 
[2025-10-01 15:55:46,209][curator.simulate.logger][INFO] - Steps=       189 Epot=    -182.359 Ekin=       1.844 temperature=  509.61 
[2025-10-01 15:55:46,224][curator.simulate.logger][INFO] - Steps=       190 Epot=    -182.367 Ekin=       1.859 temperature=  513.72 
[2025-10-01 15:55:46,241][curator.simulate.logger][INFO] - Steps=       191 Epot=    -182.374 Ekin=       1.845 temperature=  509.63 
[2025-10-01 15:55:46,254][curator.simulate.logger][INFO] - Steps=       192 Epot=    -182.381 Ekin=       1.811 temperature=  500.45 
[2025-10-01 15:55:46,272][curator.simulate.logger][INFO] - Steps=       193 Epot=    -182.385 Ekin=       1.791 temperature=  494.90 
[2025-10-01 15:55:46,284][curator.simulate.logger][INFO] - Steps=       194 Epot=    -182.386 Ekin=       1.801 temperature=  497.69 
[2025-10-01 15:55:46,300][curator.simulate.logger][INFO] - Steps=       195 Epot=    -182.387 Ekin=       1.813 temperature=  500.84 
[2025-10-01 15:55:46,316][curator.simulate.logger][INFO] - Steps=       196 Epot=    -182.388 Ekin=       1.844 temperature=  509.36 
[2025-10-01 15:55:46,334][curator.simulate.logger][INFO] - Steps=       197 Epot=    -182.387 Ekin=       1.878 temperature=  518.84 
[2025-10-01 15:55:46,351][curator.simulate.logger][INFO] - Steps=       198 Epot=    -182.387 Ekin=       1.872 temperature=  517.21 
[2025-10-01 15:55:46,364][curator.simulate.logger][INFO] - Steps=       199 Epot=    -182.388 Ekin=       1.866 temperature=  515.54 
[2025-10-01 15:55:46,378][curator.simulate.logger][INFO] - Steps=       200 Epot=    -182.390 Ekin=       1.834 temperature=  506.61 
[2025-10-01 15:55:46,390][curator.simulate.logger][INFO] - Steps=       201 Epot=    -182.392 Ekin=       1.822 temperature=  503.41 
[2025-10-01 15:55:46,406][curator.simulate.logger][INFO] - Steps=       202 Epot=    -182.395 Ekin=       1.823 temperature=  503.60 
[2025-10-01 15:55:46,421][curator.simulate.logger][INFO] - Steps=       203 Epot=    -182.398 Ekin=       1.783 temperature=  492.69 
[2025-10-01 15:55:46,438][curator.simulate.logger][INFO] - Steps=       204 Epot=    -182.399 Ekin=       1.766 temperature=  487.83 
[2025-10-01 15:55:46,451][curator.simulate.logger][INFO] - Steps=       205 Epot=    -182.399 Ekin=       1.700 temperature=  469.73 
[2025-10-01 15:55:46,465][curator.simulate.logger][INFO] - Steps=       206 Epot=    -182.398 Ekin=       1.730 temperature=  477.87 
[2025-10-01 15:55:46,479][curator.simulate.logger][INFO] - Steps=       207 Epot=    -182.398 Ekin=       1.721 temperature=  475.55 
[2025-10-01 15:55:46,495][curator.simulate.logger][INFO] - Steps=       208 Epot=    -182.399 Ekin=       1.733 temperature=  478.91 
[2025-10-01 15:55:46,509][curator.simulate.logger][INFO] - Steps=       209 Epot=    -182.401 Ekin=       1.785 temperature=  493.15 
[2025-10-01 15:55:46,524][curator.simulate.logger][INFO] - Steps=       210 Epot=    -182.404 Ekin=       1.801 temperature=  497.64 
[2025-10-01 15:55:46,540][curator.simulate.logger][INFO] - Steps=       211 Epot=    -182.404 Ekin=       1.823 temperature=  503.75 
[2025-10-01 15:55:46,560][curator.simulate.logger][INFO] - Steps=       212 Epot=    -182.401 Ekin=       1.828 temperature=  505.17 
[2025-10-01 15:55:46,578][curator.simulate.logger][INFO] - Steps=       213 Epot=    -182.399 Ekin=       1.816 temperature=  501.79 
[2025-10-01 15:55:46,594][curator.simulate.logger][INFO] - Steps=       214 Epot=    -182.398 Ekin=       1.783 temperature=  492.59 
[2025-10-01 15:55:46,610][curator.simulate.logger][INFO] - Steps=       215 Epot=    -182.397 Ekin=       1.786 temperature=  493.58 
[2025-10-01 15:55:46,627][curator.simulate.logger][INFO] - Steps=       216 Epot=    -182.393 Ekin=       1.748 temperature=  483.00 
[2025-10-01 15:55:46,641][curator.simulate.logger][INFO] - Steps=       217 Epot=    -182.386 Ekin=       1.713 temperature=  473.24 
[2025-10-01 15:55:46,654][curator.simulate.logger][INFO] - Steps=       218 Epot=    -182.377 Ekin=       1.725 temperature=  476.69 
[2025-10-01 15:55:46,669][curator.simulate.logger][INFO] - Steps=       219 Epot=    -182.368 Ekin=       1.686 temperature=  465.84 
[2025-10-01 15:55:46,686][curator.simulate.logger][INFO] - Steps=       220 Epot=    -182.359 Ekin=       1.658 temperature=  458.20 
[2025-10-01 15:55:46,701][curator.simulate.logger][INFO] - Steps=       221 Epot=    -182.356 Ekin=       1.638 temperature=  452.45 
[2025-10-01 15:55:46,713][curator.simulate.logger][INFO] - Steps=       222 Epot=    -182.359 Ekin=       1.687 temperature=  466.07 
[2025-10-01 15:55:46,730][curator.simulate.logger][INFO] - Steps=       223 Epot=    -182.371 Ekin=       1.691 temperature=  467.10 
[2025-10-01 15:55:46,746][curator.simulate.logger][INFO] - Steps=       224 Epot=    -182.389 Ekin=       1.682 temperature=  464.65 
[2025-10-01 15:55:46,759][curator.simulate.logger][INFO] - Steps=       225 Epot=    -182.409 Ekin=       1.660 temperature=  458.60 
[2025-10-01 15:55:46,773][curator.simulate.logger][INFO] - Steps=       226 Epot=    -182.431 Ekin=       1.681 temperature=  464.36 
[2025-10-01 15:55:46,788][curator.simulate.logger][INFO] - Steps=       227 Epot=    -182.456 Ekin=       1.669 temperature=  461.09 
[2025-10-01 15:55:46,801][curator.simulate.logger][INFO] - Steps=       228 Epot=    -182.482 Ekin=       1.713 temperature=  473.38 
[2025-10-01 15:55:46,817][curator.simulate.logger][INFO] - Steps=       229 Epot=    -182.506 Ekin=       1.722 temperature=  475.78 
[2025-10-01 15:55:46,833][curator.simulate.logger][INFO] - Steps=       230 Epot=    -182.528 Ekin=       1.751 temperature=  483.89 
[2025-10-01 15:55:46,846][curator.simulate.logger][INFO] - Steps=       231 Epot=    -182.550 Ekin=       1.796 temperature=  496.35 
[2025-10-01 15:55:46,861][curator.simulate.logger][INFO] - Steps=       232 Epot=    -182.570 Ekin=       1.809 temperature=  499.77 
[2025-10-01 15:55:46,877][curator.simulate.logger][INFO] - Steps=       233 Epot=    -182.586 Ekin=       1.787 temperature=  493.67 
[2025-10-01 15:55:46,890][curator.simulate.logger][INFO] - Steps=       234 Epot=    -182.600 Ekin=       1.789 temperature=  494.33 
[2025-10-01 15:55:46,902][curator.simulate.logger][INFO] - Steps=       235 Epot=    -182.608 Ekin=       1.791 temperature=  494.97 
[2025-10-01 15:55:46,919][curator.simulate.logger][INFO] - Steps=       236 Epot=    -182.611 Ekin=       1.791 temperature=  494.98 
[2025-10-01 15:55:46,932][curator.simulate.logger][INFO] - Steps=       237 Epot=    -182.612 Ekin=       1.816 temperature=  501.71 
[2025-10-01 15:55:46,946][curator.simulate.logger][INFO] - Steps=       238 Epot=    -182.608 Ekin=       1.767 temperature=  488.31 
[2025-10-01 15:55:46,962][curator.simulate.logger][INFO] - Steps=       239 Epot=    -182.599 Ekin=       1.753 temperature=  484.46 
[2025-10-01 15:55:46,975][curator.simulate.logger][INFO] - Steps=       240 Epot=    -182.590 Ekin=       1.736 temperature=  479.77 
[2025-10-01 15:55:46,992][curator.simulate.logger][INFO] - Steps=       241 Epot=    -182.579 Ekin=       1.689 temperature=  466.53 
[2025-10-01 15:55:47,006][curator.simulate.logger][INFO] - Steps=       242 Epot=    -182.570 Ekin=       1.690 temperature=  466.87 
[2025-10-01 15:55:47,022][curator.simulate.logger][INFO] - Steps=       243 Epot=    -182.558 Ekin=       1.645 temperature=  454.51 
[2025-10-01 15:55:47,037][curator.simulate.logger][INFO] - Steps=       244 Epot=    -182.544 Ekin=       1.589 temperature=  439.00 
[2025-10-01 15:55:47,052][curator.simulate.logger][INFO] - Steps=       245 Epot=    -182.529 Ekin=       1.521 temperature=  420.25 
[2025-10-01 15:55:47,065][curator.simulate.logger][INFO] - Steps=       246 Epot=    -182.514 Ekin=       1.468 temperature=  405.59 
[2025-10-01 15:55:47,083][curator.simulate.logger][INFO] - Steps=       247 Epot=    -182.500 Ekin=       1.443 temperature=  398.65 
[2025-10-01 15:55:47,098][curator.simulate.logger][INFO] - Steps=       248 Epot=    -182.488 Ekin=       1.444 temperature=  398.97 
[2025-10-01 15:55:47,111][curator.simulate.logger][INFO] - Steps=       249 Epot=    -182.481 Ekin=       1.410 temperature=  389.45 
[2025-10-01 15:55:47,126][curator.simulate.logger][INFO] - Steps=       250 Epot=    -182.475 Ekin=       1.388 temperature=  383.43 
[2025-10-01 15:55:47,140][curator.simulate.logger][INFO] - Steps=       251 Epot=    -182.472 Ekin=       1.409 temperature=  389.44 
[2025-10-01 15:55:47,156][curator.simulate.logger][INFO] - Steps=       252 Epot=    -182.472 Ekin=       1.421 temperature=  392.72 
[2025-10-01 15:55:47,172][curator.simulate.logger][INFO] - Steps=       253 Epot=    -182.472 Ekin=       1.443 temperature=  398.75 
[2025-10-01 15:55:47,189][curator.simulate.logger][INFO] - Steps=       254 Epot=    -182.474 Ekin=       1.449 temperature=  400.27 
[2025-10-01 15:55:47,201][curator.simulate.logger][INFO] - Steps=       255 Epot=    -182.478 Ekin=       1.493 temperature=  412.58 
[2025-10-01 15:55:47,216][curator.simulate.logger][INFO] - Steps=       256 Epot=    -182.484 Ekin=       1.492 temperature=  412.20 
[2025-10-01 15:55:47,231][curator.simulate.logger][INFO] - Steps=       257 Epot=    -182.491 Ekin=       1.565 temperature=  432.43 
[2025-10-01 15:55:47,244][curator.simulate.logger][INFO] - Steps=       258 Epot=    -182.498 Ekin=       1.600 temperature=  442.06 
[2025-10-01 15:55:47,260][curator.simulate.logger][INFO] - Steps=       259 Epot=    -182.506 Ekin=       1.610 temperature=  444.90 
[2025-10-01 15:55:47,276][curator.simulate.logger][INFO] - Steps=       260 Epot=    -182.515 Ekin=       1.604 temperature=  443.31 
[2025-10-01 15:55:47,289][curator.simulate.logger][INFO] - Steps=       261 Epot=    -182.525 Ekin=       1.549 temperature=  428.12 
[2025-10-01 15:55:47,306][curator.simulate.logger][INFO] - Steps=       262 Epot=    -182.534 Ekin=       1.555 temperature=  429.60 
[2025-10-01 15:55:47,321][curator.simulate.logger][INFO] - Steps=       263 Epot=    -182.544 Ekin=       1.665 temperature=  460.17 
[2025-10-01 15:55:47,333][curator.simulate.logger][INFO] - Steps=       264 Epot=    -182.554 Ekin=       1.655 temperature=  457.37 
[2025-10-01 15:55:47,349][curator.simulate.logger][INFO] - Steps=       265 Epot=    -182.564 Ekin=       1.627 temperature=  449.51 
[2025-10-01 15:55:47,366][curator.simulate.logger][INFO] - Steps=       266 Epot=    -182.574 Ekin=       1.651 temperature=  456.24 
[2025-10-01 15:55:47,383][curator.simulate.logger][INFO] - Steps=       267 Epot=    -182.582 Ekin=       1.642 temperature=  453.75 
[2025-10-01 15:55:47,399][curator.simulate.logger][INFO] - Steps=       268 Epot=    -182.588 Ekin=       1.614 temperature=  445.85 
[2025-10-01 15:55:47,416][curator.simulate.logger][INFO] - Steps=       269 Epot=    -182.592 Ekin=       1.620 temperature=  447.62 
[2025-10-01 15:55:47,432][curator.simulate.logger][INFO] - Steps=       270 Epot=    -182.598 Ekin=       1.638 temperature=  452.44 
[2025-10-01 15:55:47,445][curator.simulate.logger][INFO] - Steps=       271 Epot=    -182.605 Ekin=       1.621 temperature=  448.01 
[2025-10-01 15:55:47,458][curator.simulate.logger][INFO] - Steps=       272 Epot=    -182.609 Ekin=       1.586 temperature=  438.20 
[2025-10-01 15:55:47,473][curator.simulate.logger][INFO] - Steps=       273 Epot=    -182.612 Ekin=       1.656 temperature=  457.47 
[2025-10-01 15:55:47,490][curator.simulate.logger][INFO] - Steps=       274 Epot=    -182.615 Ekin=       1.642 temperature=  453.61 
[2025-10-01 15:55:47,502][curator.simulate.logger][INFO] - Steps=       275 Epot=    -182.615 Ekin=       1.674 temperature=  462.64 
[2025-10-01 15:55:47,517][curator.simulate.logger][INFO] - Steps=       276 Epot=    -182.613 Ekin=       1.683 temperature=  465.10 
[2025-10-01 15:55:47,534][curator.simulate.logger][INFO] - Steps=       277 Epot=    -182.608 Ekin=       1.689 temperature=  466.71 
[2025-10-01 15:55:47,549][curator.simulate.logger][INFO] - Steps=       278 Epot=    -182.602 Ekin=       1.666 temperature=  460.37 
[2025-10-01 15:55:47,562][curator.simulate.logger][INFO] - Steps=       279 Epot=    -182.596 Ekin=       1.665 temperature=  460.15 
[2025-10-01 15:55:47,579][curator.simulate.logger][INFO] - Steps=       280 Epot=    -182.591 Ekin=       1.672 temperature=  462.07 
[2025-10-01 15:55:47,595][curator.simulate.logger][INFO] - Steps=       281 Epot=    -182.587 Ekin=       1.669 temperature=  461.24 
[2025-10-01 15:55:47,610][curator.simulate.logger][INFO] - Steps=       282 Epot=    -182.583 Ekin=       1.630 temperature=  450.40 
[2025-10-01 15:55:47,627][curator.simulate.logger][INFO] - Steps=       283 Epot=    -182.579 Ekin=       1.624 temperature=  448.78 
[2025-10-01 15:55:47,642][curator.simulate.logger][INFO] - Steps=       284 Epot=    -182.579 Ekin=       1.613 temperature=  445.70 
[2025-10-01 15:55:47,659][curator.simulate.logger][INFO] - Steps=       285 Epot=    -182.581 Ekin=       1.673 temperature=  462.31 
[2025-10-01 15:55:47,671][curator.simulate.logger][INFO] - Steps=       286 Epot=    -182.584 Ekin=       1.691 temperature=  467.17 
[2025-10-01 15:55:47,687][curator.simulate.logger][INFO] - Steps=       287 Epot=    -182.586 Ekin=       1.714 temperature=  473.48 
[2025-10-01 15:55:47,702][curator.simulate.logger][INFO] - Steps=       288 Epot=    -182.588 Ekin=       1.717 temperature=  474.47 
[2025-10-01 15:55:47,718][curator.simulate.logger][INFO] - Steps=       289 Epot=    -182.589 Ekin=       1.709 temperature=  472.25 
[2025-10-01 15:55:47,731][curator.simulate.logger][INFO] - Steps=       290 Epot=    -182.591 Ekin=       1.654 temperature=  457.04 
[2025-10-01 15:55:47,745][curator.simulate.logger][INFO] - Steps=       291 Epot=    -182.597 Ekin=       1.604 temperature=  443.31 
[2025-10-01 15:55:47,762][curator.simulate.logger][INFO] - Steps=       292 Epot=    -182.606 Ekin=       1.673 temperature=  462.17 
[2025-10-01 15:55:47,775][curator.simulate.logger][INFO] - Steps=       293 Epot=    -182.619 Ekin=       1.647 temperature=  455.07 
[2025-10-01 15:55:47,790][curator.simulate.logger][INFO] - Steps=       294 Epot=    -182.633 Ekin=       1.675 temperature=  462.76 
[2025-10-01 15:55:47,804][curator.simulate.logger][INFO] - Steps=       295 Epot=    -182.646 Ekin=       1.689 temperature=  466.77 
[2025-10-01 15:55:47,820][curator.simulate.logger][INFO] - Steps=       296 Epot=    -182.660 Ekin=       1.670 temperature=  461.36 
[2025-10-01 15:55:47,835][curator.simulate.logger][INFO] - Steps=       297 Epot=    -182.677 Ekin=       1.684 temperature=  465.35 
[2025-10-01 15:55:47,848][curator.simulate.logger][INFO] - Steps=       298 Epot=    -182.694 Ekin=       1.690 temperature=  466.96 
[2025-10-01 15:55:47,862][curator.simulate.logger][INFO] - Steps=       299 Epot=    -182.712 Ekin=       1.726 temperature=  476.89 
[2025-10-01 15:55:47,876][curator.simulate.logger][INFO] - Steps=       300 Epot=    -182.730 Ekin=       1.708 temperature=  471.96 
[2025-10-01 15:55:47,890][curator.simulate.logger][INFO] - Steps=       301 Epot=    -182.750 Ekin=       1.720 temperature=  475.27 
[2025-10-01 15:55:47,904][curator.simulate.logger][INFO] - Steps=       302 Epot=    -182.772 Ekin=       1.741 temperature=  481.13 
[2025-10-01 15:55:47,918][curator.simulate.logger][INFO] - Steps=       303 Epot=    -182.796 Ekin=       1.709 temperature=  472.23 
[2025-10-01 15:55:47,934][curator.simulate.logger][INFO] - Steps=       304 Epot=    -182.821 Ekin=       1.759 temperature=  486.09 
[2025-10-01 15:55:47,949][curator.simulate.logger][INFO] - Steps=       305 Epot=    -182.844 Ekin=       1.739 temperature=  480.40 
[2025-10-01 15:55:47,964][curator.simulate.logger][INFO] - Steps=       306 Epot=    -182.865 Ekin=       1.696 temperature=  468.59 
[2025-10-01 15:55:47,981][curator.simulate.logger][INFO] - Steps=       307 Epot=    -182.885 Ekin=       1.724 temperature=  476.42 
[2025-10-01 15:55:47,995][curator.simulate.logger][INFO] - Steps=       308 Epot=    -182.904 Ekin=       1.766 temperature=  487.96 
[2025-10-01 15:55:48,008][curator.simulate.logger][INFO] - Steps=       309 Epot=    -182.923 Ekin=       1.784 temperature=  492.95 
[2025-10-01 15:55:48,023][curator.simulate.logger][INFO] - Steps=       310 Epot=    -182.940 Ekin=       1.777 temperature=  491.01 
[2025-10-01 15:55:48,037][curator.simulate.logger][INFO] - Steps=       311 Epot=    -182.954 Ekin=       1.811 temperature=  500.42 
[2025-10-01 15:55:48,049][curator.simulate.logger][INFO] - Steps=       312 Epot=    -182.968 Ekin=       1.852 temperature=  511.75 
[2025-10-01 15:55:48,066][curator.simulate.logger][INFO] - Steps=       313 Epot=    -182.979 Ekin=       1.857 temperature=  513.02 
[2025-10-01 15:55:48,079][curator.simulate.logger][INFO] - Steps=       314 Epot=    -182.987 Ekin=       1.822 temperature=  503.30 
[2025-10-01 15:55:48,095][curator.simulate.logger][INFO] - Steps=       315 Epot=    -182.992 Ekin=       1.801 temperature=  497.51 
[2025-10-01 15:55:48,111][curator.simulate.logger][INFO] - Steps=       316 Epot=    -182.994 Ekin=       1.780 temperature=  491.71 
[2025-10-01 15:55:48,124][curator.simulate.logger][INFO] - Steps=       317 Epot=    -182.992 Ekin=       1.782 temperature=  492.35 
[2025-10-01 15:55:48,138][curator.simulate.logger][INFO] - Steps=       318 Epot=    -182.989 Ekin=       1.783 temperature=  492.63 
[2025-10-01 15:55:48,150][curator.simulate.logger][INFO] - Steps=       319 Epot=    -182.984 Ekin=       1.829 temperature=  505.40 
[2025-10-01 15:55:48,166][curator.simulate.logger][INFO] - Steps=       320 Epot=    -182.976 Ekin=       1.824 temperature=  503.86 
[2025-10-01 15:55:48,182][curator.simulate.logger][INFO] - Steps=       321 Epot=    -182.965 Ekin=       1.810 temperature=  500.19 
[2025-10-01 15:55:48,199][curator.simulate.logger][INFO] - Steps=       322 Epot=    -182.952 Ekin=       1.808 temperature=  499.68 
[2025-10-01 15:55:48,211][curator.simulate.logger][INFO] - Steps=       323 Epot=    -182.938 Ekin=       1.852 temperature=  511.84 
[2025-10-01 15:55:48,228][curator.simulate.logger][INFO] - Steps=       324 Epot=    -182.922 Ekin=       1.838 temperature=  507.94 
[2025-10-01 15:55:48,245][curator.simulate.logger][INFO] - Steps=       325 Epot=    -182.902 Ekin=       1.788 temperature=  494.08 
[2025-10-01 15:55:48,261][curator.simulate.logger][INFO] - Steps=       326 Epot=    -182.877 Ekin=       1.766 temperature=  487.84 
[2025-10-01 15:55:48,274][curator.simulate.logger][INFO] - Steps=       327 Epot=    -182.852 Ekin=       1.683 temperature=  465.05 
[2025-10-01 15:55:48,290][curator.simulate.logger][INFO] - Steps=       328 Epot=    -182.825 Ekin=       1.665 temperature=  460.04 
[2025-10-01 15:55:48,308][curator.simulate.logger][INFO] - Steps=       329 Epot=    -182.795 Ekin=       1.615 temperature=  446.34 
[2025-10-01 15:55:48,321][curator.simulate.logger][INFO] - Steps=       330 Epot=    -182.763 Ekin=       1.601 temperature=  442.31 
[2025-10-01 15:55:48,335][curator.simulate.logger][INFO] - Steps=       331 Epot=    -182.730 Ekin=       1.561 temperature=  431.27 
[2025-10-01 15:55:48,350][curator.simulate.logger][INFO] - Steps=       332 Epot=    -182.698 Ekin=       1.549 temperature=  428.04 
[2025-10-01 15:55:48,366][curator.simulate.logger][INFO] - Steps=       333 Epot=    -182.665 Ekin=       1.488 temperature=  411.16 
[2025-10-01 15:55:48,378][curator.simulate.logger][INFO] - Steps=       334 Epot=    -182.638 Ekin=       1.436 temperature=  396.80 
[2025-10-01 15:55:48,392][curator.simulate.logger][INFO] - Steps=       335 Epot=    -182.615 Ekin=       1.384 temperature=  382.35 
[2025-10-01 15:55:48,408][curator.simulate.logger][INFO] - Steps=       336 Epot=    -182.597 Ekin=       1.357 temperature=  374.88 
[2025-10-01 15:55:48,422][curator.simulate.logger][INFO] - Steps=       337 Epot=    -182.585 Ekin=       1.335 temperature=  368.99 
[2025-10-01 15:55:48,436][curator.simulate.logger][INFO] - Steps=       338 Epot=    -182.579 Ekin=       1.317 temperature=  363.94 
[2025-10-01 15:55:48,451][curator.simulate.logger][INFO] - Steps=       339 Epot=    -182.580 Ekin=       1.314 temperature=  363.08 
[2025-10-01 15:55:48,466][curator.simulate.logger][INFO] - Steps=       340 Epot=    -182.587 Ekin=       1.312 temperature=  362.38 
[2025-10-01 15:55:48,481][curator.simulate.logger][INFO] - Steps=       341 Epot=    -182.599 Ekin=       1.266 temperature=  349.71 
[2025-10-01 15:55:48,493][curator.simulate.logger][INFO] - Steps=       342 Epot=    -182.617 Ekin=       1.301 temperature=  359.44 
[2025-10-01 15:55:48,509][curator.simulate.logger][INFO] - Steps=       343 Epot=    -182.636 Ekin=       1.262 temperature=  348.65 
[2025-10-01 15:55:48,524][curator.simulate.logger][INFO] - Steps=       344 Epot=    -182.657 Ekin=       1.289 temperature=  356.10 
[2025-10-01 15:55:48,537][curator.simulate.logger][INFO] - Steps=       345 Epot=    -182.676 Ekin=       1.297 temperature=  358.38 
[2025-10-01 15:55:48,553][curator.simulate.logger][INFO] - Steps=       346 Epot=    -182.696 Ekin=       1.327 temperature=  366.68 
[2025-10-01 15:55:48,569][curator.simulate.logger][INFO] - Steps=       347 Epot=    -182.718 Ekin=       1.343 temperature=  371.19 
[2025-10-01 15:55:48,583][curator.simulate.logger][INFO] - Steps=       348 Epot=    -182.739 Ekin=       1.368 temperature=  377.89 
[2025-10-01 15:55:48,600][curator.simulate.logger][INFO] - Steps=       349 Epot=    -182.757 Ekin=       1.393 temperature=  384.84 
[2025-10-01 15:55:48,618][curator.simulate.logger][INFO] - Steps=       350 Epot=    -182.773 Ekin=       1.422 temperature=  392.77 
[2025-10-01 15:55:48,631][curator.simulate.logger][INFO] - Steps=       351 Epot=    -182.788 Ekin=       1.486 temperature=  410.66 
[2025-10-01 15:55:48,645][curator.simulate.logger][INFO] - Steps=       352 Epot=    -182.800 Ekin=       1.499 temperature=  414.29 
[2025-10-01 15:55:48,661][curator.simulate.logger][INFO] - Steps=       353 Epot=    -182.807 Ekin=       1.483 temperature=  409.66 
[2025-10-01 15:55:48,676][curator.simulate.logger][INFO] - Steps=       354 Epot=    -182.813 Ekin=       1.482 temperature=  409.36 
[2025-10-01 15:55:48,690][curator.simulate.logger][INFO] - Steps=       355 Epot=    -182.816 Ekin=       1.441 temperature=  398.19 
[2025-10-01 15:55:48,705][curator.simulate.logger][INFO] - Steps=       356 Epot=    -182.817 Ekin=       1.441 temperature=  398.07 
[2025-10-01 15:55:48,718][curator.simulate.logger][INFO] - Steps=       357 Epot=    -182.818 Ekin=       1.396 temperature=  385.61 
[2025-10-01 15:55:48,732][curator.simulate.logger][INFO] - Steps=       358 Epot=    -182.816 Ekin=       1.374 temperature=  379.71 
[2025-10-01 15:55:48,745][curator.simulate.logger][INFO] - Steps=       359 Epot=    -182.815 Ekin=       1.423 temperature=  393.27 
[2025-10-01 15:55:48,759][curator.simulate.logger][INFO] - Steps=       360 Epot=    -182.814 Ekin=       1.418 temperature=  391.85 
[2025-10-01 15:55:48,775][curator.simulate.logger][INFO] - Steps=       361 Epot=    -182.813 Ekin=       1.457 temperature=  402.45 
[2025-10-01 15:55:48,792][curator.simulate.logger][INFO] - Steps=       362 Epot=    -182.811 Ekin=       1.407 temperature=  388.71 
[2025-10-01 15:55:48,806][curator.simulate.logger][INFO] - Steps=       363 Epot=    -182.810 Ekin=       1.342 temperature=  370.78 
[2025-10-01 15:55:48,818][curator.simulate.logger][INFO] - Steps=       364 Epot=    -182.811 Ekin=       1.372 temperature=  379.18 
[2025-10-01 15:55:48,834][curator.simulate.logger][INFO] - Steps=       365 Epot=    -182.814 Ekin=       1.339 temperature=  369.94 
[2025-10-01 15:55:48,851][curator.simulate.logger][INFO] - Steps=       366 Epot=    -182.822 Ekin=       1.326 temperature=  366.26 
[2025-10-01 15:55:48,866][curator.simulate.logger][INFO] - Steps=       367 Epot=    -182.830 Ekin=       1.331 temperature=  367.63 
[2025-10-01 15:55:48,881][curator.simulate.logger][INFO] - Steps=       368 Epot=    -182.837 Ekin=       1.371 temperature=  378.84 
[2025-10-01 15:55:48,894][curator.simulate.logger][INFO] - Steps=       369 Epot=    -182.843 Ekin=       1.408 temperature=  388.93 
[2025-10-01 15:55:48,911][curator.simulate.logger][INFO] - Steps=       370 Epot=    -182.849 Ekin=       1.442 temperature=  398.30 
[2025-10-01 15:55:48,925][curator.simulate.logger][INFO] - Steps=       371 Epot=    -182.854 Ekin=       1.447 temperature=  399.70 
[2025-10-01 15:55:48,941][curator.simulate.logger][INFO] - Steps=       372 Epot=    -182.858 Ekin=       1.441 temperature=  398.04 
[2025-10-01 15:55:48,954][curator.simulate.logger][INFO] - Steps=       373 Epot=    -182.859 Ekin=       1.450 temperature=  400.76 
[2025-10-01 15:55:48,967][curator.simulate.logger][INFO] - Steps=       374 Epot=    -182.858 Ekin=       1.435 temperature=  396.57 
[2025-10-01 15:55:48,984][curator.simulate.logger][INFO] - Steps=       375 Epot=    -182.855 Ekin=       1.434 temperature=  396.22 
[2025-10-01 15:55:48,998][curator.simulate.logger][INFO] - Steps=       376 Epot=    -182.850 Ekin=       1.431 temperature=  395.42 
[2025-10-01 15:55:49,014][curator.simulate.logger][INFO] - Steps=       377 Epot=    -182.844 Ekin=       1.461 temperature=  403.69 
[2025-10-01 15:55:49,030][curator.simulate.logger][INFO] - Steps=       378 Epot=    -182.839 Ekin=       1.452 temperature=  401.27 
[2025-10-01 15:55:49,044][curator.simulate.logger][INFO] - Steps=       379 Epot=    -182.834 Ekin=       1.411 temperature=  389.79 
[2025-10-01 15:55:49,061][curator.simulate.logger][INFO] - Steps=       380 Epot=    -182.833 Ekin=       1.372 temperature=  379.00 
[2025-10-01 15:55:49,077][curator.simulate.logger][INFO] - Steps=       381 Epot=    -182.834 Ekin=       1.362 temperature=  376.21 
[2025-10-01 15:55:49,089][curator.simulate.logger][INFO] - Steps=       382 Epot=    -182.836 Ekin=       1.374 temperature=  379.53 
[2025-10-01 15:55:49,105][curator.simulate.logger][INFO] - Steps=       383 Epot=    -182.842 Ekin=       1.383 temperature=  382.15 
[2025-10-01 15:55:49,123][curator.simulate.logger][INFO] - Steps=       384 Epot=    -182.850 Ekin=       1.350 temperature=  372.90 
[2025-10-01 15:55:49,139][curator.simulate.logger][INFO] - Steps=       385 Epot=    -182.860 Ekin=       1.333 temperature=  368.40 
[2025-10-01 15:55:49,157][curator.simulate.logger][INFO] - Steps=       386 Epot=    -182.872 Ekin=       1.352 temperature=  373.43 
[2025-10-01 15:55:49,169][curator.simulate.logger][INFO] - Steps=       387 Epot=    -182.887 Ekin=       1.377 temperature=  380.38 
[2025-10-01 15:55:49,183][curator.simulate.logger][INFO] - Steps=       388 Epot=    -182.903 Ekin=       1.410 temperature=  389.54 
[2025-10-01 15:55:49,196][curator.simulate.logger][INFO] - Steps=       389 Epot=    -182.920 Ekin=       1.402 temperature=  387.43 
[2025-10-01 15:55:49,210][curator.simulate.logger][INFO] - Steps=       390 Epot=    -182.937 Ekin=       1.446 temperature=  399.61 
[2025-10-01 15:55:49,225][curator.simulate.logger][INFO] - Steps=       391 Epot=    -182.953 Ekin=       1.452 temperature=  401.13 
[2025-10-01 15:55:49,237][curator.simulate.logger][INFO] - Steps=       392 Epot=    -182.966 Ekin=       1.459 temperature=  403.22 
[2025-10-01 15:55:49,252][curator.simulate.logger][INFO] - Steps=       393 Epot=    -182.976 Ekin=       1.491 temperature=  411.84 
[2025-10-01 15:55:49,267][curator.simulate.logger][INFO] - Steps=       394 Epot=    -182.985 Ekin=       1.505 temperature=  415.96 
[2025-10-01 15:55:49,281][curator.simulate.logger][INFO] - Steps=       395 Epot=    -182.990 Ekin=       1.517 temperature=  419.07 
[2025-10-01 15:55:49,297][curator.simulate.logger][INFO] - Steps=       396 Epot=    -182.989 Ekin=       1.526 temperature=  421.61 
[2025-10-01 15:55:49,314][curator.simulate.logger][INFO] - Steps=       397 Epot=    -182.986 Ekin=       1.454 temperature=  401.64 
[2025-10-01 15:55:49,328][curator.simulate.logger][INFO] - Steps=       398 Epot=    -182.978 Ekin=       1.482 temperature=  409.53 
[2025-10-01 15:55:49,343][curator.simulate.logger][INFO] - Steps=       399 Epot=    -182.964 Ekin=       1.466 temperature=  405.02 
[2025-10-01 15:55:49,357][curator.simulate.logger][INFO] - Steps=       400 Epot=    -182.946 Ekin=       1.457 temperature=  402.63 
[2025-10-01 15:55:49,371][curator.simulate.logger][INFO] - Steps=       401 Epot=    -182.923 Ekin=       1.433 temperature=  395.97 
[2025-10-01 15:55:49,388][curator.simulate.logger][INFO] - Steps=       402 Epot=    -182.897 Ekin=       1.432 temperature=  395.69 
[2025-10-01 15:55:49,400][curator.simulate.logger][INFO] - Steps=       403 Epot=    -182.867 Ekin=       1.446 temperature=  399.55 
[2025-10-01 15:55:49,414][curator.simulate.logger][INFO] - Steps=       404 Epot=    -182.835 Ekin=       1.380 temperature=  381.28 
[2025-10-01 15:55:49,432][curator.simulate.logger][INFO] - Steps=       405 Epot=    -182.802 Ekin=       1.334 temperature=  368.71 
[2025-10-01 15:55:49,447][curator.simulate.logger][INFO] - Steps=       406 Epot=    -182.768 Ekin=       1.314 temperature=  363.00 
[2025-10-01 15:55:49,459][curator.simulate.logger][INFO] - Steps=       407 Epot=    -182.736 Ekin=       1.289 temperature=  356.15 
[2025-10-01 15:55:49,473][curator.simulate.logger][INFO] - Steps=       408 Epot=    -182.707 Ekin=       1.235 temperature=  341.33 
[2025-10-01 15:55:49,489][curator.simulate.logger][INFO] - Steps=       409 Epot=    -182.681 Ekin=       1.186 temperature=  327.61 
[2025-10-01 15:55:49,504][curator.simulate.logger][INFO] - Steps=       410 Epot=    -182.657 Ekin=       1.134 temperature=  313.29 
[2025-10-01 15:55:49,518][curator.simulate.logger][INFO] - Steps=       411 Epot=    -182.636 Ekin=       1.127 temperature=  311.41 
[2025-10-01 15:55:49,530][curator.simulate.logger][INFO] - Steps=       412 Epot=    -182.617 Ekin=       1.113 temperature=  307.57 
[2025-10-01 15:55:49,546][curator.simulate.logger][INFO] - Steps=       413 Epot=    -182.605 Ekin=       1.133 temperature=  313.14 
[2025-10-01 15:55:49,563][curator.simulate.logger][INFO] - Steps=       414 Epot=    -182.601 Ekin=       1.118 temperature=  308.84 
[2025-10-01 15:55:49,577][curator.simulate.logger][INFO] - Steps=       415 Epot=    -182.602 Ekin=       1.174 temperature=  324.32 
[2025-10-01 15:55:49,594][curator.simulate.logger][INFO] - Steps=       416 Epot=    -182.610 Ekin=       1.183 temperature=  326.94 
[2025-10-01 15:55:49,610][curator.simulate.logger][INFO] - Steps=       417 Epot=    -182.623 Ekin=       1.167 temperature=  322.45 
[2025-10-01 15:55:49,625][curator.simulate.logger][INFO] - Steps=       418 Epot=    -182.641 Ekin=       1.160 temperature=  320.50 
[2025-10-01 15:55:49,641][curator.simulate.logger][INFO] - Steps=       419 Epot=    -182.663 Ekin=       1.152 temperature=  318.39 
[2025-10-01 15:55:49,656][curator.simulate.logger][INFO] - Steps=       420 Epot=    -182.689 Ekin=       1.174 temperature=  324.38 
[2025-10-01 15:55:49,669][curator.simulate.logger][INFO] - Steps=       421 Epot=    -182.719 Ekin=       1.214 temperature=  335.47 
[2025-10-01 15:55:49,684][curator.simulate.logger][INFO] - Steps=       422 Epot=    -182.749 Ekin=       1.208 temperature=  333.72 
[2025-10-01 15:55:49,701][curator.simulate.logger][INFO] - Steps=       423 Epot=    -182.780 Ekin=       1.263 temperature=  348.86 
[2025-10-01 15:55:49,718][curator.simulate.logger][INFO] - Steps=       424 Epot=    -182.812 Ekin=       1.348 temperature=  372.52 
[2025-10-01 15:55:49,731][curator.simulate.logger][INFO] - Steps=       425 Epot=    -182.842 Ekin=       1.357 temperature=  374.84 
[2025-10-01 15:55:49,749][curator.simulate.logger][INFO] - Steps=       426 Epot=    -182.869 Ekin=       1.416 temperature=  391.10 
[2025-10-01 15:55:49,763][curator.simulate.logger][INFO] - Steps=       427 Epot=    -182.895 Ekin=       1.462 temperature=  404.03 
[2025-10-01 15:55:49,777][curator.simulate.logger][INFO] - Steps=       428 Epot=    -182.919 Ekin=       1.471 temperature=  406.54 
[2025-10-01 15:55:49,792][curator.simulate.logger][INFO] - Steps=       429 Epot=    -182.938 Ekin=       1.422 temperature=  392.88 
[2025-10-01 15:55:49,809][curator.simulate.logger][INFO] - Steps=       430 Epot=    -182.953 Ekin=       1.496 temperature=  413.35 
[2025-10-01 15:55:49,825][curator.simulate.logger][INFO] - Steps=       431 Epot=    -182.964 Ekin=       1.482 temperature=  409.34 
[2025-10-01 15:55:49,839][curator.simulate.logger][INFO] - Steps=       432 Epot=    -182.974 Ekin=       1.566 temperature=  432.74 
[2025-10-01 15:55:49,856][curator.simulate.logger][INFO] - Steps=       433 Epot=    -182.981 Ekin=       1.566 temperature=  432.77 
[2025-10-01 15:55:49,869][curator.simulate.logger][INFO] - Steps=       434 Epot=    -182.985 Ekin=       1.539 temperature=  425.18 
[2025-10-01 15:55:49,890][curator.simulate.logger][INFO] - Steps=       435 Epot=    -182.987 Ekin=       1.521 temperature=  420.32 
[2025-10-01 15:55:49,907][curator.simulate.logger][INFO] - Steps=       436 Epot=    -182.983 Ekin=       1.469 temperature=  405.80 
[2025-10-01 15:55:49,920][curator.simulate.logger][INFO] - Steps=       437 Epot=    -182.977 Ekin=       1.457 temperature=  402.64 
[2025-10-01 15:55:49,933][curator.simulate.logger][INFO] - Steps=       438 Epot=    -182.968 Ekin=       1.461 temperature=  403.73 
[2025-10-01 15:55:49,946][curator.simulate.logger][INFO] - Steps=       439 Epot=    -182.959 Ekin=       1.435 temperature=  396.47 
[2025-10-01 15:55:49,959][curator.simulate.logger][INFO] - Steps=       440 Epot=    -182.948 Ekin=       1.453 temperature=  401.52 
[2025-10-01 15:55:49,972][curator.simulate.logger][INFO] - Steps=       441 Epot=    -182.937 Ekin=       1.444 temperature=  399.01 
[2025-10-01 15:55:49,985][curator.simulate.logger][INFO] - Steps=       442 Epot=    -182.922 Ekin=       1.418 temperature=  391.70 
[2025-10-01 15:55:50,002][curator.simulate.logger][INFO] - Steps=       443 Epot=    -182.905 Ekin=       1.456 temperature=  402.17 
[2025-10-01 15:55:50,015][curator.simulate.logger][INFO] - Steps=       444 Epot=    -182.886 Ekin=       1.395 temperature=  385.31 
[2025-10-01 15:55:50,032][curator.simulate.logger][INFO] - Steps=       445 Epot=    -182.864 Ekin=       1.382 temperature=  381.82 
[2025-10-01 15:55:50,046][curator.simulate.logger][INFO] - Steps=       446 Epot=    -182.841 Ekin=       1.382 temperature=  381.83 
[2025-10-01 15:55:50,062][curator.simulate.logger][INFO] - Steps=       447 Epot=    -182.819 Ekin=       1.347 temperature=  372.24 
[2025-10-01 15:55:50,076][curator.simulate.logger][INFO] - Steps=       448 Epot=    -182.801 Ekin=       1.319 temperature=  364.45 
[2025-10-01 15:55:50,090][curator.simulate.logger][INFO] - Steps=       449 Epot=    -182.787 Ekin=       1.305 temperature=  360.46 
[2025-10-01 15:55:50,104][curator.simulate.logger][INFO] - Steps=       450 Epot=    -182.774 Ekin=       1.255 temperature=  346.68 
[2025-10-01 15:55:50,123][curator.simulate.logger][INFO] - Steps=       451 Epot=    -182.768 Ekin=       1.242 temperature=  343.28 
[2025-10-01 15:55:50,136][curator.simulate.logger][INFO] - Steps=       452 Epot=    -182.766 Ekin=       1.233 temperature=  340.72 
[2025-10-01 15:55:50,149][curator.simulate.logger][INFO] - Steps=       453 Epot=    -182.768 Ekin=       1.222 temperature=  337.73 
[2025-10-01 15:55:50,166][curator.simulate.logger][INFO] - Steps=       454 Epot=    -182.775 Ekin=       1.269 temperature=  350.63 
[2025-10-01 15:55:50,182][curator.simulate.logger][INFO] - Steps=       455 Epot=    -182.786 Ekin=       1.276 temperature=  352.57 
[2025-10-01 15:55:50,195][curator.simulate.logger][INFO] - Steps=       456 Epot=    -182.798 Ekin=       1.312 temperature=  362.54 
[2025-10-01 15:55:50,212][curator.simulate.logger][INFO] - Steps=       457 Epot=    -182.814 Ekin=       1.324 temperature=  365.95 
[2025-10-01 15:55:50,226][curator.simulate.logger][INFO] - Steps=       458 Epot=    -182.834 Ekin=       1.316 temperature=  363.64 
[2025-10-01 15:55:50,243][curator.simulate.logger][INFO] - Steps=       459 Epot=    -182.854 Ekin=       1.312 temperature=  362.46 
[2025-10-01 15:55:50,259][curator.simulate.logger][INFO] - Steps=       460 Epot=    -182.875 Ekin=       1.337 temperature=  369.29 
[2025-10-01 15:55:50,274][curator.simulate.logger][INFO] - Steps=       461 Epot=    -182.896 Ekin=       1.366 temperature=  377.47 
[2025-10-01 15:55:50,288][curator.simulate.logger][INFO] - Steps=       462 Epot=    -182.915 Ekin=       1.363 temperature=  376.49 
[2025-10-01 15:55:50,305][curator.simulate.logger][INFO] - Steps=       463 Epot=    -182.932 Ekin=       1.330 temperature=  367.42 
[2025-10-01 15:55:50,319][curator.simulate.logger][INFO] - Steps=       464 Epot=    -182.948 Ekin=       1.344 temperature=  371.22 
[2025-10-01 15:55:50,333][curator.simulate.logger][INFO] - Steps=       465 Epot=    -182.961 Ekin=       1.375 temperature=  379.85 
[2025-10-01 15:55:50,354][curator.simulate.logger][INFO] - Steps=       466 Epot=    -182.973 Ekin=       1.370 temperature=  378.46 
[2025-10-01 15:55:50,367][curator.simulate.logger][INFO] - Steps=       467 Epot=    -182.982 Ekin=       1.373 temperature=  379.42 
[2025-10-01 15:55:50,383][curator.simulate.logger][INFO] - Steps=       468 Epot=    -182.987 Ekin=       1.341 temperature=  370.48 
[2025-10-01 15:55:50,399][curator.simulate.logger][INFO] - Steps=       469 Epot=    -182.989 Ekin=       1.349 temperature=  372.63 
[2025-10-01 15:55:50,415][curator.simulate.logger][INFO] - Steps=       470 Epot=    -182.987 Ekin=       1.392 temperature=  384.58 
[2025-10-01 15:55:50,431][curator.simulate.logger][INFO] - Steps=       471 Epot=    -182.981 Ekin=       1.380 temperature=  381.34 
[2025-10-01 15:55:50,444][curator.simulate.logger][INFO] - Steps=       472 Epot=    -182.971 Ekin=       1.362 temperature=  376.20 
[2025-10-01 15:55:50,462][curator.simulate.logger][INFO] - Steps=       473 Epot=    -182.959 Ekin=       1.355 temperature=  374.36 
[2025-10-01 15:55:50,477][curator.simulate.logger][INFO] - Steps=       474 Epot=    -182.946 Ekin=       1.400 temperature=  386.78 
[2025-10-01 15:55:50,493][curator.simulate.logger][INFO] - Steps=       475 Epot=    -182.926 Ekin=       1.456 temperature=  402.37 
[2025-10-01 15:55:50,510][curator.simulate.logger][INFO] - Steps=       476 Epot=    -182.902 Ekin=       1.405 temperature=  388.32 
[2025-10-01 15:55:50,523][curator.simulate.logger][INFO] - Steps=       477 Epot=    -182.874 Ekin=       1.378 temperature=  380.82 
[2025-10-01 15:55:50,540][curator.simulate.logger][INFO] - Steps=       478 Epot=    -182.844 Ekin=       1.408 temperature=  389.14 
[2025-10-01 15:55:50,556][curator.simulate.logger][INFO] - Steps=       479 Epot=    -182.812 Ekin=       1.376 temperature=  380.06 
[2025-10-01 15:55:50,571][curator.simulate.logger][INFO] - Steps=       480 Epot=    -182.780 Ekin=       1.322 temperature=  365.34 
[2025-10-01 15:55:50,585][curator.simulate.logger][INFO] - Steps=       481 Epot=    -182.749 Ekin=       1.337 temperature=  369.39 
[2025-10-01 15:55:50,599][curator.simulate.logger][INFO] - Steps=       482 Epot=    -182.719 Ekin=       1.268 temperature=  350.37 
[2025-10-01 15:55:50,618][curator.simulate.logger][INFO] - Steps=       483 Epot=    -182.692 Ekin=       1.254 temperature=  346.54 
[2025-10-01 15:55:50,630][curator.simulate.logger][INFO] - Steps=       484 Epot=    -182.670 Ekin=       1.234 temperature=  340.93 
[2025-10-01 15:55:50,644][curator.simulate.logger][INFO] - Steps=       485 Epot=    -182.655 Ekin=       1.235 temperature=  341.23 
[2025-10-01 15:55:50,660][curator.simulate.logger][INFO] - Steps=       486 Epot=    -182.644 Ekin=       1.208 temperature=  333.83 
[2025-10-01 15:55:50,674][curator.simulate.logger][INFO] - Steps=       487 Epot=    -182.641 Ekin=       1.185 temperature=  327.29 
[2025-10-01 15:55:50,692][curator.simulate.logger][INFO] - Steps=       488 Epot=    -182.644 Ekin=       1.182 temperature=  326.45 
[2025-10-01 15:55:50,706][curator.simulate.logger][INFO] - Steps=       489 Epot=    -182.654 Ekin=       1.213 temperature=  335.23 
[2025-10-01 15:55:50,721][curator.simulate.logger][INFO] - Steps=       490 Epot=    -182.669 Ekin=       1.231 temperature=  340.22 
[2025-10-01 15:55:50,738][curator.simulate.logger][INFO] - Steps=       491 Epot=    -182.691 Ekin=       1.277 temperature=  352.87 
[2025-10-01 15:55:50,753][curator.simulate.logger][INFO] - Steps=       492 Epot=    -182.717 Ekin=       1.251 temperature=  345.57 
[2025-10-01 15:55:50,769][curator.simulate.logger][INFO] - Steps=       493 Epot=    -182.748 Ekin=       1.251 temperature=  345.64 
[2025-10-01 15:55:50,784][curator.simulate.logger][INFO] - Steps=       494 Epot=    -182.781 Ekin=       1.295 temperature=  357.94 
[2025-10-01 15:55:50,797][curator.simulate.logger][INFO] - Steps=       495 Epot=    -182.815 Ekin=       1.305 temperature=  360.65 
[2025-10-01 15:55:50,814][curator.simulate.logger][INFO] - Steps=       496 Epot=    -182.849 Ekin=       1.364 temperature=  376.73 
[2025-10-01 15:55:50,831][curator.simulate.logger][INFO] - Steps=       497 Epot=    -182.879 Ekin=       1.409 temperature=  389.20 
[2025-10-01 15:55:50,845][curator.simulate.logger][INFO] - Steps=       498 Epot=    -182.905 Ekin=       1.456 temperature=  402.17 
[2025-10-01 15:55:50,862][curator.simulate.logger][INFO] - Steps=       499 Epot=    -182.927 Ekin=       1.462 temperature=  403.99 
[2025-10-01 15:55:50,877][curator.simulate.logger][INFO] - Steps=       500 Epot=    -182.942 Ekin=       1.480 temperature=  408.97 
[2025-10-01 15:55:50,890][curator.simulate.logger][INFO] - Steps=       501 Epot=    -182.952 Ekin=       1.476 temperature=  407.73 
[2025-10-01 15:55:50,908][curator.simulate.logger][INFO] - Steps=       502 Epot=    -182.957 Ekin=       1.476 temperature=  407.95 
[2025-10-01 15:55:50,925][curator.simulate.logger][INFO] - Steps=       503 Epot=    -182.955 Ekin=       1.473 temperature=  407.12 
[2025-10-01 15:55:50,940][curator.simulate.logger][INFO] - Steps=       504 Epot=    -182.944 Ekin=       1.526 temperature=  421.59 
[2025-10-01 15:55:50,958][curator.simulate.logger][INFO] - Steps=       505 Epot=    -182.925 Ekin=       1.536 temperature=  424.28 
[2025-10-01 15:55:50,972][curator.simulate.logger][INFO] - Steps=       506 Epot=    -182.900 Ekin=       1.512 temperature=  417.85 
[2025-10-01 15:55:50,988][curator.simulate.logger][INFO] - Steps=       507 Epot=    -182.868 Ekin=       1.475 temperature=  407.57 
[2025-10-01 15:55:51,004][curator.simulate.logger][INFO] - Steps=       508 Epot=    -182.832 Ekin=       1.437 temperature=  396.97 
[2025-10-01 15:55:51,019][curator.simulate.logger][INFO] - Steps=       509 Epot=    -182.792 Ekin=       1.393 temperature=  384.92 
[2025-10-01 15:55:51,037][curator.simulate.logger][INFO] - Steps=       510 Epot=    -182.751 Ekin=       1.325 temperature=  366.21 
[2025-10-01 15:55:51,054][curator.simulate.logger][INFO] - Steps=       511 Epot=    -182.708 Ekin=       1.287 temperature=  355.63 
[2025-10-01 15:55:51,067][curator.simulate.logger][INFO] - Steps=       512 Epot=    -182.664 Ekin=       1.220 temperature=  337.10 
[2025-10-01 15:55:51,083][curator.simulate.logger][INFO] - Steps=       513 Epot=    -182.620 Ekin=       1.210 temperature=  334.33 
[2025-10-01 15:55:51,096][curator.simulate.logger][INFO] - Steps=       514 Epot=    -182.577 Ekin=       1.197 temperature=  330.81 
[2025-10-01 15:55:51,110][curator.simulate.logger][INFO] - Steps=       515 Epot=    -182.536 Ekin=       1.179 temperature=  325.66 
[2025-10-01 15:55:51,128][curator.simulate.logger][INFO] - Steps=       516 Epot=    -182.499 Ekin=       1.154 temperature=  318.81 
[2025-10-01 15:55:51,141][curator.simulate.logger][INFO] - Steps=       517 Epot=    -182.465 Ekin=       1.123 temperature=  310.24 
[2025-10-01 15:55:51,157][curator.simulate.logger][INFO] - Steps=       518 Epot=    -182.434 Ekin=       1.088 temperature=  300.59 
[2025-10-01 15:55:51,172][curator.simulate.logger][INFO] - Steps=       519 Epot=    -182.408 Ekin=       1.048 temperature=  289.55 
[2025-10-01 15:55:51,184][curator.simulate.logger][INFO] - Steps=       520 Epot=    -182.389 Ekin=       1.027 temperature=  283.82 
[2025-10-01 15:55:51,201][curator.simulate.logger][INFO] - Steps=       521 Epot=    -182.378 Ekin=       1.017 temperature=  281.10 
[2025-10-01 15:55:51,218][curator.simulate.logger][INFO] - Steps=       522 Epot=    -182.373 Ekin=       0.996 temperature=  275.29 
[2025-10-01 15:55:51,235][curator.simulate.logger][INFO] - Steps=       523 Epot=    -182.370 Ekin=       0.986 temperature=  272.52 
[2025-10-01 15:55:51,248][curator.simulate.logger][INFO] - Steps=       524 Epot=    -182.372 Ekin=       0.976 temperature=  269.77 
[2025-10-01 15:55:51,265][curator.simulate.logger][INFO] - Steps=       525 Epot=    -182.380 Ekin=       0.984 temperature=  271.87 
[2025-10-01 15:55:51,280][curator.simulate.logger][INFO] - Steps=       526 Epot=    -182.395 Ekin=       1.014 temperature=  280.22 
[2025-10-01 15:55:51,297][curator.simulate.logger][INFO] - Steps=       527 Epot=    -182.414 Ekin=       1.016 temperature=  280.70 
[2025-10-01 15:55:51,310][curator.simulate.logger][INFO] - Steps=       528 Epot=    -182.436 Ekin=       1.038 temperature=  286.86 
[2025-10-01 15:55:51,326][curator.simulate.logger][INFO] - Steps=       529 Epot=    -182.462 Ekin=       1.083 temperature=  299.33 
[2025-10-01 15:55:51,344][curator.simulate.logger][INFO] - Steps=       530 Epot=    -182.492 Ekin=       1.126 temperature=  311.04 
[2025-10-01 15:55:51,361][curator.simulate.logger][INFO] - Steps=       531 Epot=    -182.525 Ekin=       1.179 temperature=  325.83 
[2025-10-01 15:55:51,374][curator.simulate.logger][INFO] - Steps=       532 Epot=    -182.560 Ekin=       1.208 temperature=  333.86 
[2025-10-01 15:55:51,390][curator.simulate.logger][INFO] - Steps=       533 Epot=    -182.595 Ekin=       1.255 temperature=  346.84 
[2025-10-01 15:55:51,407][curator.simulate.logger][INFO] - Steps=       534 Epot=    -182.631 Ekin=       1.303 temperature=  359.95 
[2025-10-01 15:55:51,422][curator.simulate.logger][INFO] - Steps=       535 Epot=    -182.666 Ekin=       1.351 temperature=  373.19 
[2025-10-01 15:55:51,436][curator.simulate.logger][INFO] - Steps=       536 Epot=    -182.700 Ekin=       1.359 temperature=  375.56 
[2025-10-01 15:55:51,452][curator.simulate.logger][INFO] - Steps=       537 Epot=    -182.732 Ekin=       1.420 temperature=  392.27 
[2025-10-01 15:55:51,467][curator.simulate.logger][INFO] - Steps=       538 Epot=    -182.762 Ekin=       1.467 temperature=  405.25 
[2025-10-01 15:55:51,480][curator.simulate.logger][INFO] - Steps=       539 Epot=    -182.789 Ekin=       1.421 temperature=  392.67 
[2025-10-01 15:55:51,498][curator.simulate.logger][INFO] - Steps=       540 Epot=    -182.814 Ekin=       1.451 temperature=  400.96 
[2025-10-01 15:55:51,514][curator.simulate.logger][INFO] - Steps=       541 Epot=    -182.835 Ekin=       1.475 temperature=  407.62 
[2025-10-01 15:55:51,530][curator.simulate.logger][INFO] - Steps=       542 Epot=    -182.855 Ekin=       1.520 temperature=  419.94 
[2025-10-01 15:55:51,544][curator.simulate.logger][INFO] - Steps=       543 Epot=    -182.872 Ekin=       1.519 temperature=  419.66 
[2025-10-01 15:55:51,558][curator.simulate.logger][INFO] - Steps=       544 Epot=    -182.885 Ekin=       1.516 temperature=  418.82 
[2025-10-01 15:55:51,576][curator.simulate.logger][INFO] - Steps=       545 Epot=    -182.893 Ekin=       1.463 temperature=  404.27 
[2025-10-01 15:55:51,591][curator.simulate.logger][INFO] - Steps=       546 Epot=    -182.898 Ekin=       1.460 temperature=  403.49 
[2025-10-01 15:55:51,605][curator.simulate.logger][INFO] - Steps=       547 Epot=    -182.899 Ekin=       1.405 temperature=  388.30 
[2025-10-01 15:55:51,620][curator.simulate.logger][INFO] - Steps=       548 Epot=    -182.898 Ekin=       1.408 temperature=  389.09 
[2025-10-01 15:55:51,639][curator.simulate.logger][INFO] - Steps=       549 Epot=    -182.894 Ekin=       1.442 temperature=  398.35 
[2025-10-01 15:55:51,657][curator.simulate.logger][INFO] - Steps=       550 Epot=    -182.890 Ekin=       1.451 temperature=  400.85 
[2025-10-01 15:55:51,672][curator.simulate.logger][INFO] - Steps=       551 Epot=    -182.882 Ekin=       1.446 temperature=  399.55 
[2025-10-01 15:55:51,688][curator.simulate.logger][INFO] - Steps=       552 Epot=    -182.874 Ekin=       1.476 temperature=  407.83 
[2025-10-01 15:55:51,707][curator.simulate.logger][INFO] - Steps=       553 Epot=    -182.863 Ekin=       1.480 temperature=  409.01 
[2025-10-01 15:55:51,721][curator.simulate.logger][INFO] - Steps=       554 Epot=    -182.851 Ekin=       1.436 temperature=  396.78 
[2025-10-01 15:55:51,739][curator.simulate.logger][INFO] - Steps=       555 Epot=    -182.837 Ekin=       1.413 temperature=  390.35 
[2025-10-01 15:55:51,757][curator.simulate.logger][INFO] - Steps=       556 Epot=    -182.824 Ekin=       1.372 temperature=  379.02 
[2025-10-01 15:55:51,771][curator.simulate.logger][INFO] - Steps=       557 Epot=    -182.809 Ekin=       1.397 temperature=  385.92 
[2025-10-01 15:55:51,785][curator.simulate.logger][INFO] - Steps=       558 Epot=    -182.794 Ekin=       1.338 temperature=  369.64 
[2025-10-01 15:55:51,803][curator.simulate.logger][INFO] - Steps=       559 Epot=    -182.781 Ekin=       1.322 temperature=  365.37 
[2025-10-01 15:55:51,820][curator.simulate.logger][INFO] - Steps=       560 Epot=    -182.772 Ekin=       1.258 temperature=  347.70 
[2025-10-01 15:55:51,835][curator.simulate.logger][INFO] - Steps=       561 Epot=    -182.767 Ekin=       1.238 temperature=  342.05 
[2025-10-01 15:55:51,850][curator.simulate.logger][INFO] - Steps=       562 Epot=    -182.767 Ekin=       1.233 temperature=  340.80 
[2025-10-01 15:55:51,866][curator.simulate.logger][INFO] - Steps=       563 Epot=    -182.768 Ekin=       1.256 temperature=  346.90 
[2025-10-01 15:55:51,880][curator.simulate.logger][INFO] - Steps=       564 Epot=    -182.772 Ekin=       1.272 temperature=  351.52 
[2025-10-01 15:55:51,901][curator.simulate.logger][INFO] - Steps=       565 Epot=    -182.777 Ekin=       1.268 temperature=  350.45 
[2025-10-01 15:55:51,919][curator.simulate.logger][INFO] - Steps=       566 Epot=    -182.784 Ekin=       1.244 temperature=  343.80 
[2025-10-01 15:55:51,938][curator.simulate.logger][INFO] - Steps=       567 Epot=    -182.793 Ekin=       1.229 temperature=  339.54 
[2025-10-01 15:55:51,954][curator.simulate.logger][INFO] - Steps=       568 Epot=    -182.804 Ekin=       1.227 temperature=  339.10 
[2025-10-01 15:55:51,971][curator.simulate.logger][INFO] - Steps=       569 Epot=    -182.819 Ekin=       1.248 temperature=  344.76 
[2025-10-01 15:55:51,987][curator.simulate.logger][INFO] - Steps=       570 Epot=    -182.836 Ekin=       1.315 temperature=  363.25 
[2025-10-01 15:55:52,002][curator.simulate.logger][INFO] - Steps=       571 Epot=    -182.853 Ekin=       1.305 temperature=  360.49 
[2025-10-01 15:55:52,018][curator.simulate.logger][INFO] - Steps=       572 Epot=    -182.871 Ekin=       1.305 temperature=  360.57 
[2025-10-01 15:55:52,036][curator.simulate.logger][INFO] - Steps=       573 Epot=    -182.887 Ekin=       1.317 temperature=  364.02 
[2025-10-01 15:55:52,051][curator.simulate.logger][INFO] - Steps=       574 Epot=    -182.904 Ekin=       1.363 temperature=  376.67 
[2025-10-01 15:55:52,070][curator.simulate.logger][INFO] - Steps=       575 Epot=    -182.918 Ekin=       1.390 temperature=  384.00 
[2025-10-01 15:55:52,086][curator.simulate.logger][INFO] - Steps=       576 Epot=    -182.928 Ekin=       1.351 temperature=  373.23 
[2025-10-01 15:55:52,101][curator.simulate.logger][INFO] - Steps=       577 Epot=    -182.934 Ekin=       1.340 temperature=  370.12 
[2025-10-01 15:55:52,116][curator.simulate.logger][INFO] - Steps=       578 Epot=    -182.938 Ekin=       1.317 temperature=  363.87 
[2025-10-01 15:55:52,135][curator.simulate.logger][INFO] - Steps=       579 Epot=    -182.938 Ekin=       1.306 temperature=  360.90 
[2025-10-01 15:55:52,151][curator.simulate.logger][INFO] - Steps=       580 Epot=    -182.937 Ekin=       1.310 temperature=  361.86 
[2025-10-01 15:55:52,169][curator.simulate.logger][INFO] - Steps=       581 Epot=    -182.934 Ekin=       1.294 temperature=  357.44 
[2025-10-01 15:55:52,188][curator.simulate.logger][INFO] - Steps=       582 Epot=    -182.929 Ekin=       1.266 temperature=  349.90 
[2025-10-01 15:55:52,205][curator.simulate.logger][INFO] - Steps=       583 Epot=    -182.921 Ekin=       1.288 temperature=  355.81 
[2025-10-01 15:55:52,221][curator.simulate.logger][INFO] - Steps=       584 Epot=    -182.911 Ekin=       1.268 temperature=  350.25 
[2025-10-01 15:55:52,239][curator.simulate.logger][INFO] - Steps=       585 Epot=    -182.899 Ekin=       1.289 temperature=  356.07 
[2025-10-01 15:55:52,258][curator.simulate.logger][INFO] - Steps=       586 Epot=    -182.884 Ekin=       1.249 temperature=  345.03 
[2025-10-01 15:55:52,274][curator.simulate.logger][INFO] - Steps=       587 Epot=    -182.871 Ekin=       1.187 temperature=  328.00 
[2025-10-01 15:55:52,292][curator.simulate.logger][INFO] - Steps=       588 Epot=    -182.856 Ekin=       1.155 temperature=  319.02 
[2025-10-01 15:55:52,308][curator.simulate.logger][INFO] - Steps=       589 Epot=    -182.841 Ekin=       1.169 temperature=  322.96 
[2025-10-01 15:55:52,323][curator.simulate.logger][INFO] - Steps=       590 Epot=    -182.827 Ekin=       1.152 temperature=  318.40 
[2025-10-01 15:55:52,340][curator.simulate.logger][INFO] - Steps=       591 Epot=    -182.814 Ekin=       1.119 temperature=  309.31 
[2025-10-01 15:55:52,355][curator.simulate.logger][INFO] - Steps=       592 Epot=    -182.802 Ekin=       1.123 temperature=  310.30 
[2025-10-01 15:55:52,371][curator.simulate.logger][INFO] - Steps=       593 Epot=    -182.793 Ekin=       1.093 temperature=  301.86 
[2025-10-01 15:55:52,390][curator.simulate.logger][INFO] - Steps=       594 Epot=    -182.788 Ekin=       1.057 temperature=  292.14 
[2025-10-01 15:55:52,402][curator.simulate.logger][INFO] - Steps=       595 Epot=    -182.785 Ekin=       1.093 temperature=  301.86 
[2025-10-01 15:55:52,418][curator.simulate.logger][INFO] - Steps=       596 Epot=    -182.784 Ekin=       1.063 temperature=  293.77 
[2025-10-01 15:55:52,436][curator.simulate.logger][INFO] - Steps=       597 Epot=    -182.783 Ekin=       1.086 temperature=  300.09 
[2025-10-01 15:55:52,453][curator.simulate.logger][INFO] - Steps=       598 Epot=    -182.784 Ekin=       1.089 temperature=  301.00 
[2025-10-01 15:55:52,466][curator.simulate.logger][INFO] - Steps=       599 Epot=    -182.788 Ekin=       1.078 temperature=  297.95 
[2025-10-01 15:55:52,483][curator.simulate.logger][INFO] - Steps=       600 Epot=    -182.795 Ekin=       1.078 temperature=  297.83 
[2025-10-01 15:55:52,500][curator.simulate.logger][INFO] - Steps=       601 Epot=    -182.805 Ekin=       1.098 temperature=  303.43 
[2025-10-01 15:55:52,516][curator.simulate.logger][INFO] - Steps=       602 Epot=    -182.817 Ekin=       1.128 temperature=  311.73 
[2025-10-01 15:55:52,533][curator.simulate.logger][INFO] - Steps=       603 Epot=    -182.831 Ekin=       1.151 temperature=  318.04 
[2025-10-01 15:55:52,547][curator.simulate.logger][INFO] - Steps=       604 Epot=    -182.843 Ekin=       1.154 temperature=  318.76 
[2025-10-01 15:55:52,564][curator.simulate.logger][INFO] - Steps=       605 Epot=    -182.857 Ekin=       1.178 temperature=  325.56 
[2025-10-01 15:55:52,583][curator.simulate.logger][INFO] - Steps=       606 Epot=    -182.872 Ekin=       1.189 temperature=  328.56 
[2025-10-01 15:55:52,601][curator.simulate.logger][INFO] - Steps=       607 Epot=    -182.887 Ekin=       1.208 temperature=  333.72 
[2025-10-01 15:55:52,618][curator.simulate.logger][INFO] - Steps=       608 Epot=    -182.902 Ekin=       1.270 temperature=  350.93 
[2025-10-01 15:55:52,634][curator.simulate.logger][INFO] - Steps=       609 Epot=    -182.919 Ekin=       1.276 temperature=  352.67 
[2025-10-01 15:55:52,649][curator.simulate.logger][INFO] - Steps=       610 Epot=    -182.937 Ekin=       1.306 temperature=  360.75 
[2025-10-01 15:55:52,665][curator.simulate.logger][INFO] - Steps=       611 Epot=    -182.955 Ekin=       1.351 temperature=  373.20 
[2025-10-01 15:55:52,683][curator.simulate.logger][INFO] - Steps=       612 Epot=    -182.973 Ekin=       1.378 temperature=  380.82 
[2025-10-01 15:55:52,696][curator.simulate.logger][INFO] - Steps=       613 Epot=    -182.988 Ekin=       1.376 temperature=  380.21 
[2025-10-01 15:55:52,715][curator.simulate.logger][INFO] - Steps=       614 Epot=    -183.003 Ekin=       1.369 temperature=  378.34 
[2025-10-01 15:55:52,728][curator.simulate.logger][INFO] - Steps=       615 Epot=    -183.017 Ekin=       1.344 temperature=  371.43 
[2025-10-01 15:55:52,743][curator.simulate.logger][INFO] - Steps=       616 Epot=    -183.031 Ekin=       1.414 temperature=  390.55 
[2025-10-01 15:55:52,761][curator.simulate.logger][INFO] - Steps=       617 Epot=    -183.044 Ekin=       1.407 temperature=  388.64 
[2025-10-01 15:55:52,781][curator.simulate.logger][INFO] - Steps=       618 Epot=    -183.054 Ekin=       1.425 temperature=  393.86 
[2025-10-01 15:55:52,799][curator.simulate.logger][INFO] - Steps=       619 Epot=    -183.063 Ekin=       1.451 temperature=  400.96 
[2025-10-01 15:55:52,816][curator.simulate.logger][INFO] - Steps=       620 Epot=    -183.073 Ekin=       1.491 temperature=  411.82 
[2025-10-01 15:55:52,832][curator.simulate.logger][INFO] - Steps=       621 Epot=    -183.081 Ekin=       1.495 temperature=  413.14 
[2025-10-01 15:55:52,848][curator.simulate.logger][INFO] - Steps=       622 Epot=    -183.088 Ekin=       1.496 temperature=  413.42 
[2025-10-01 15:55:52,866][curator.simulate.logger][INFO] - Steps=       623 Epot=    -183.093 Ekin=       1.489 temperature=  411.29 
[2025-10-01 15:55:52,886][curator.simulate.logger][INFO] - Steps=       624 Epot=    -183.095 Ekin=       1.506 temperature=  416.12 
[2025-10-01 15:55:52,902][curator.simulate.logger][INFO] - Steps=       625 Epot=    -183.094 Ekin=       1.485 temperature=  410.33 
[2025-10-01 15:55:52,917][curator.simulate.logger][INFO] - Steps=       626 Epot=    -183.089 Ekin=       1.484 temperature=  410.06 
[2025-10-01 15:55:52,930][curator.simulate.logger][INFO] - Steps=       627 Epot=    -183.081 Ekin=       1.508 temperature=  416.78 
[2025-10-01 15:55:52,950][curator.simulate.logger][INFO] - Steps=       628 Epot=    -183.070 Ekin=       1.504 temperature=  415.49 
[2025-10-01 15:55:52,965][curator.simulate.logger][INFO] - Steps=       629 Epot=    -183.059 Ekin=       1.512 temperature=  417.85 
[2025-10-01 15:55:52,978][curator.simulate.logger][INFO] - Steps=       630 Epot=    -183.047 Ekin=       1.458 temperature=  402.74 
[2025-10-01 15:55:52,993][curator.simulate.logger][INFO] - Steps=       631 Epot=    -183.034 Ekin=       1.387 temperature=  383.32 
[2025-10-01 15:55:53,007][curator.simulate.logger][INFO] - Steps=       632 Epot=    -183.019 Ekin=       1.409 temperature=  389.33 
[2025-10-01 15:55:53,024][curator.simulate.logger][INFO] - Steps=       633 Epot=    -183.005 Ekin=       1.411 temperature=  389.84 
[2025-10-01 15:55:53,042][curator.simulate.logger][INFO] - Steps=       634 Epot=    -182.990 Ekin=       1.386 temperature=  383.08 
[2025-10-01 15:55:53,057][curator.simulate.logger][INFO] - Steps=       635 Epot=    -182.978 Ekin=       1.308 temperature=  361.30 
[2025-10-01 15:55:53,072][curator.simulate.logger][INFO] - Steps=       636 Epot=    -182.968 Ekin=       1.255 temperature=  346.64 
[2025-10-01 15:55:53,091][curator.simulate.logger][INFO] - Steps=       637 Epot=    -182.962 Ekin=       1.277 temperature=  352.85 
[2025-10-01 15:55:53,106][curator.simulate.logger][INFO] - Steps=       638 Epot=    -182.961 Ekin=       1.296 temperature=  358.08 
[2025-10-01 15:55:53,123][curator.simulate.logger][INFO] - Steps=       639 Epot=    -182.962 Ekin=       1.295 temperature=  357.89 
[2025-10-01 15:55:53,140][curator.simulate.logger][INFO] - Steps=       640 Epot=    -182.966 Ekin=       1.323 temperature=  365.67 
[2025-10-01 15:55:53,154][curator.simulate.logger][INFO] - Steps=       641 Epot=    -182.974 Ekin=       1.329 temperature=  367.23 
[2025-10-01 15:55:53,167][curator.simulate.logger][INFO] - Steps=       642 Epot=    -182.986 Ekin=       1.324 temperature=  365.91 
[2025-10-01 15:55:53,180][curator.simulate.logger][INFO] - Steps=       643 Epot=    -183.001 Ekin=       1.346 temperature=  371.88 
[2025-10-01 15:55:53,198][curator.simulate.logger][INFO] - Steps=       644 Epot=    -183.019 Ekin=       1.366 temperature=  377.47 
[2025-10-01 15:55:53,215][curator.simulate.logger][INFO] - Steps=       645 Epot=    -183.038 Ekin=       1.460 temperature=  403.46 
[2025-10-01 15:55:53,227][curator.simulate.logger][INFO] - Steps=       646 Epot=    -183.057 Ekin=       1.520 temperature=  419.91 
[2025-10-01 15:55:53,241][curator.simulate.logger][INFO] - Steps=       647 Epot=    -183.074 Ekin=       1.559 temperature=  430.80 
[2025-10-01 15:55:53,258][curator.simulate.logger][INFO] - Steps=       648 Epot=    -183.090 Ekin=       1.606 temperature=  443.74 
[2025-10-01 15:55:53,273][curator.simulate.logger][INFO] - Steps=       649 Epot=    -183.105 Ekin=       1.612 temperature=  445.30 
[2025-10-01 15:55:53,290][curator.simulate.logger][INFO] - Steps=       650 Epot=    -183.118 Ekin=       1.675 temperature=  462.78 
[2025-10-01 15:55:53,306][curator.simulate.logger][INFO] - Steps=       651 Epot=    -183.130 Ekin=       1.683 temperature=  464.98 
[2025-10-01 15:55:53,318][curator.simulate.logger][INFO] - Steps=       652 Epot=    -183.139 Ekin=       1.699 temperature=  469.45 
[2025-10-01 15:55:53,336][curator.simulate.logger][INFO] - Steps=       653 Epot=    -183.144 Ekin=       1.719 temperature=  474.91 
[2025-10-01 15:55:53,350][curator.simulate.logger][INFO] - Steps=       654 Epot=    -183.145 Ekin=       1.715 temperature=  473.72 
[2025-10-01 15:55:53,366][curator.simulate.logger][INFO] - Steps=       655 Epot=    -183.143 Ekin=       1.715 temperature=  473.75 
[2025-10-01 15:55:53,380][curator.simulate.logger][INFO] - Steps=       656 Epot=    -183.136 Ekin=       1.694 temperature=  467.91 
[2025-10-01 15:55:53,393][curator.simulate.logger][INFO] - Steps=       657 Epot=    -183.125 Ekin=       1.699 temperature=  469.50 
[2025-10-01 15:55:53,411][curator.simulate.logger][INFO] - Steps=       658 Epot=    -183.111 Ekin=       1.695 temperature=  468.27 
[2025-10-01 15:55:53,425][curator.simulate.logger][INFO] - Steps=       659 Epot=    -183.094 Ekin=       1.647 temperature=  455.05 
[2025-10-01 15:55:53,438][curator.simulate.logger][INFO] - Steps=       660 Epot=    -183.074 Ekin=       1.605 temperature=  443.43 
[2025-10-01 15:55:53,453][curator.simulate.logger][INFO] - Steps=       661 Epot=    -183.054 Ekin=       1.576 temperature=  435.54 
[2025-10-01 15:55:53,468][curator.simulate.logger][INFO] - Steps=       662 Epot=    -183.034 Ekin=       1.472 temperature=  406.60 
[2025-10-01 15:55:53,483][curator.simulate.logger][INFO] - Steps=       663 Epot=    -183.013 Ekin=       1.459 temperature=  403.19 
[2025-10-01 15:55:53,500][curator.simulate.logger][INFO] - Steps=       664 Epot=    -182.993 Ekin=       1.421 temperature=  392.75 
[2025-10-01 15:55:53,516][curator.simulate.logger][INFO] - Steps=       665 Epot=    -182.974 Ekin=       1.415 temperature=  390.96 
[2025-10-01 15:55:53,530][curator.simulate.logger][INFO] - Steps=       666 Epot=    -182.957 Ekin=       1.361 temperature=  376.17 
[2025-10-01 15:55:53,544][curator.simulate.logger][INFO] - Steps=       667 Epot=    -182.943 Ekin=       1.307 temperature=  361.04 
[2025-10-01 15:55:53,560][curator.simulate.logger][INFO] - Steps=       668 Epot=    -182.934 Ekin=       1.316 temperature=  363.73 
[2025-10-01 15:55:53,578][curator.simulate.logger][INFO] - Steps=       669 Epot=    -182.929 Ekin=       1.283 temperature=  354.48 
[2025-10-01 15:55:53,595][curator.simulate.logger][INFO] - Steps=       670 Epot=    -182.928 Ekin=       1.293 temperature=  357.18 
[2025-10-01 15:55:53,609][curator.simulate.logger][INFO] - Steps=       671 Epot=    -182.931 Ekin=       1.283 temperature=  354.53 
[2025-10-01 15:55:53,623][curator.simulate.logger][INFO] - Steps=       672 Epot=    -182.937 Ekin=       1.305 temperature=  360.57 
[2025-10-01 15:55:53,636][curator.simulate.logger][INFO] - Steps=       673 Epot=    -182.947 Ekin=       1.281 temperature=  353.81 
[2025-10-01 15:55:53,650][curator.simulate.logger][INFO] - Steps=       674 Epot=    -182.961 Ekin=       1.282 temperature=  354.21 
[2025-10-01 15:55:53,666][curator.simulate.logger][INFO] - Steps=       675 Epot=    -182.980 Ekin=       1.327 temperature=  366.54 
[2025-10-01 15:55:53,683][curator.simulate.logger][INFO] - Steps=       676 Epot=    -183.003 Ekin=       1.361 temperature=  376.02 
[2025-10-01 15:55:53,697][curator.simulate.logger][INFO] - Steps=       677 Epot=    -183.029 Ekin=       1.401 temperature=  387.12 
[2025-10-01 15:55:53,712][curator.simulate.logger][INFO] - Steps=       678 Epot=    -183.056 Ekin=       1.446 temperature=  399.66 
[2025-10-01 15:55:53,727][curator.simulate.logger][INFO] - Steps=       679 Epot=    -183.083 Ekin=       1.456 temperature=  402.20 
[2025-10-01 15:55:53,742][curator.simulate.logger][INFO] - Steps=       680 Epot=    -183.111 Ekin=       1.505 temperature=  415.85 
[2025-10-01 15:55:53,759][curator.simulate.logger][INFO] - Steps=       681 Epot=    -183.139 Ekin=       1.476 temperature=  407.86 
[2025-10-01 15:55:53,773][curator.simulate.logger][INFO] - Steps=       682 Epot=    -183.166 Ekin=       1.491 temperature=  411.83 
[2025-10-01 15:55:53,790][curator.simulate.logger][INFO] - Steps=       683 Epot=    -183.192 Ekin=       1.490 temperature=  411.81 
[2025-10-01 15:55:53,806][curator.simulate.logger][INFO] - Steps=       684 Epot=    -183.215 Ekin=       1.514 temperature=  418.25 
[2025-10-01 15:55:53,823][curator.simulate.logger][INFO] - Steps=       685 Epot=    -183.234 Ekin=       1.527 temperature=  421.93 
[2025-10-01 15:55:53,838][curator.simulate.logger][INFO] - Steps=       686 Epot=    -183.248 Ekin=       1.569 temperature=  433.44 
[2025-10-01 15:55:53,853][curator.simulate.logger][INFO] - Steps=       687 Epot=    -183.256 Ekin=       1.519 temperature=  419.83 
[2025-10-01 15:55:53,866][curator.simulate.logger][INFO] - Steps=       688 Epot=    -183.258 Ekin=       1.527 temperature=  421.79 
[2025-10-01 15:55:53,883][curator.simulate.logger][INFO] - Steps=       689 Epot=    -183.256 Ekin=       1.499 temperature=  414.23 
[2025-10-01 15:55:53,898][curator.simulate.logger][INFO] - Steps=       690 Epot=    -183.248 Ekin=       1.473 temperature=  407.03 
[2025-10-01 15:55:53,912][curator.simulate.logger][INFO] - Steps=       691 Epot=    -183.236 Ekin=       1.438 temperature=  397.33 
[2025-10-01 15:55:53,928][curator.simulate.logger][INFO] - Steps=       692 Epot=    -183.219 Ekin=       1.475 temperature=  407.62 
[2025-10-01 15:55:53,945][curator.simulate.logger][INFO] - Steps=       693 Epot=    -183.199 Ekin=       1.499 temperature=  414.24 
[2025-10-01 15:55:53,958][curator.simulate.logger][INFO] - Steps=       694 Epot=    -183.176 Ekin=       1.480 temperature=  408.89 
[2025-10-01 15:55:53,975][curator.simulate.logger][INFO] - Steps=       695 Epot=    -183.150 Ekin=       1.437 temperature=  397.00 
[2025-10-01 15:55:53,993][curator.simulate.logger][INFO] - Steps=       696 Epot=    -183.121 Ekin=       1.439 temperature=  397.64 
[2025-10-01 15:55:54,012][curator.simulate.logger][INFO] - Steps=       697 Epot=    -183.089 Ekin=       1.415 temperature=  390.88 
[2025-10-01 15:55:54,028][curator.simulate.logger][INFO] - Steps=       698 Epot=    -183.056 Ekin=       1.417 temperature=  391.55 
[2025-10-01 15:55:54,042][curator.simulate.logger][INFO] - Steps=       699 Epot=    -183.022 Ekin=       1.385 temperature=  382.57 
[2025-10-01 15:55:54,056][curator.simulate.logger][INFO] - Steps=       700 Epot=    -182.989 Ekin=       1.372 temperature=  378.95 
[2025-10-01 15:55:54,074][curator.simulate.logger][INFO] - Steps=       701 Epot=    -182.957 Ekin=       1.292 temperature=  356.89 
[2025-10-01 15:55:54,091][curator.simulate.logger][INFO] - Steps=       702 Epot=    -182.927 Ekin=       1.295 temperature=  357.78 
[2025-10-01 15:55:54,107][curator.simulate.logger][INFO] - Steps=       703 Epot=    -182.900 Ekin=       1.298 temperature=  358.64 
[2025-10-01 15:55:54,119][curator.simulate.logger][INFO] - Steps=       704 Epot=    -182.877 Ekin=       1.253 temperature=  346.29 
[2025-10-01 15:55:54,137][curator.simulate.logger][INFO] - Steps=       705 Epot=    -182.858 Ekin=       1.247 temperature=  344.65 
[2025-10-01 15:55:54,151][curator.simulate.logger][INFO] - Steps=       706 Epot=    -182.845 Ekin=       1.242 temperature=  343.12 
[2025-10-01 15:55:54,165][curator.simulate.logger][INFO] - Steps=       707 Epot=    -182.838 Ekin=       1.290 temperature=  356.42 
[2025-10-01 15:55:54,177][curator.simulate.logger][INFO] - Steps=       708 Epot=    -182.834 Ekin=       1.257 temperature=  347.42 
[2025-10-01 15:55:54,190][curator.simulate.logger][INFO] - Steps=       709 Epot=    -182.835 Ekin=       1.236 temperature=  341.63 
[2025-10-01 15:55:54,208][curator.simulate.logger][INFO] - Steps=       710 Epot=    -182.842 Ekin=       1.269 temperature=  350.76 
[2025-10-01 15:55:54,221][curator.simulate.logger][INFO] - Steps=       711 Epot=    -182.855 Ekin=       1.306 temperature=  360.85 
[2025-10-01 15:55:54,235][curator.simulate.logger][INFO] - Steps=       712 Epot=    -182.871 Ekin=       1.323 temperature=  365.57 
[2025-10-01 15:55:54,249][curator.simulate.logger][INFO] - Steps=       713 Epot=    -182.890 Ekin=       1.322 temperature=  365.26 
[2025-10-01 15:55:54,264][curator.simulate.logger][INFO] - Steps=       714 Epot=    -182.908 Ekin=       1.336 temperature=  369.07 
[2025-10-01 15:55:54,280][curator.simulate.logger][INFO] - Steps=       715 Epot=    -182.929 Ekin=       1.346 temperature=  371.86 
[2025-10-01 15:55:54,296][curator.simulate.logger][INFO] - Steps=       716 Epot=    -182.951 Ekin=       1.339 temperature=  369.88 
[2025-10-01 15:55:54,308][curator.simulate.logger][INFO] - Steps=       717 Epot=    -182.974 Ekin=       1.338 temperature=  369.76 
[2025-10-01 15:55:54,326][curator.simulate.logger][INFO] - Steps=       718 Epot=    -182.995 Ekin=       1.350 temperature=  372.92 
[2025-10-01 15:55:54,340][curator.simulate.logger][INFO] - Steps=       719 Epot=    -183.014 Ekin=       1.371 temperature=  378.68 
[2025-10-01 15:55:54,353][curator.simulate.logger][INFO] - Steps=       720 Epot=    -183.033 Ekin=       1.391 temperature=  384.44 
[2025-10-01 15:55:54,370][curator.simulate.logger][INFO] - Steps=       721 Epot=    -183.050 Ekin=       1.409 temperature=  389.33 
[2025-10-01 15:55:54,384][curator.simulate.logger][INFO] - Steps=       722 Epot=    -183.064 Ekin=       1.369 temperature=  378.31 
[2025-10-01 15:55:54,400][curator.simulate.logger][INFO] - Steps=       723 Epot=    -183.075 Ekin=       1.384 temperature=  382.46 
[2025-10-01 15:55:54,414][curator.simulate.logger][INFO] - Steps=       724 Epot=    -183.082 Ekin=       1.435 temperature=  396.47 
[2025-10-01 15:55:54,428][curator.simulate.logger][INFO] - Steps=       725 Epot=    -183.084 Ekin=       1.455 temperature=  402.02 
[2025-10-01 15:55:54,443][curator.simulate.logger][INFO] - Steps=       726 Epot=    -183.081 Ekin=       1.434 temperature=  396.31 
[2025-10-01 15:55:54,460][curator.simulate.logger][INFO] - Steps=       727 Epot=    -183.074 Ekin=       1.438 temperature=  397.21 
[2025-10-01 15:55:54,475][curator.simulate.logger][INFO] - Steps=       728 Epot=    -183.062 Ekin=       1.430 temperature=  395.12 
[2025-10-01 15:55:54,488][curator.simulate.logger][INFO] - Steps=       729 Epot=    -183.046 Ekin=       1.401 temperature=  387.04 
[2025-10-01 15:55:54,503][curator.simulate.logger][INFO] - Steps=       730 Epot=    -183.027 Ekin=       1.414 temperature=  390.58 
[2025-10-01 15:55:54,518][curator.simulate.logger][INFO] - Steps=       731 Epot=    -183.005 Ekin=       1.374 temperature=  379.58 
[2025-10-01 15:55:54,533][curator.simulate.logger][INFO] - Steps=       732 Epot=    -182.982 Ekin=       1.333 temperature=  368.35 
[2025-10-01 15:55:54,552][curator.simulate.logger][INFO] - Steps=       733 Epot=    -182.956 Ekin=       1.322 temperature=  365.38 
[2025-10-01 15:55:54,565][curator.simulate.logger][INFO] - Steps=       734 Epot=    -182.928 Ekin=       1.303 temperature=  359.93 
[2025-10-01 15:55:54,580][curator.simulate.logger][INFO] - Steps=       735 Epot=    -182.899 Ekin=       1.301 temperature=  359.42 
[2025-10-01 15:55:54,594][curator.simulate.logger][INFO] - Steps=       736 Epot=    -182.874 Ekin=       1.293 temperature=  357.21 
[2025-10-01 15:55:54,612][curator.simulate.logger][INFO] - Steps=       737 Epot=    -182.850 Ekin=       1.258 temperature=  347.68 
[2025-10-01 15:55:54,628][curator.simulate.logger][INFO] - Steps=       738 Epot=    -182.828 Ekin=       1.245 temperature=  344.05 
[2025-10-01 15:55:54,641][curator.simulate.logger][INFO] - Steps=       739 Epot=    -182.808 Ekin=       1.236 temperature=  341.52 
[2025-10-01 15:55:54,656][curator.simulate.logger][INFO] - Steps=       740 Epot=    -182.791 Ekin=       1.209 temperature=  334.11 
[2025-10-01 15:55:54,671][curator.simulate.logger][INFO] - Steps=       741 Epot=    -182.774 Ekin=       1.191 temperature=  329.06 
[2025-10-01 15:55:54,685][curator.simulate.logger][INFO] - Steps=       742 Epot=    -182.759 Ekin=       1.193 temperature=  329.75 
[2025-10-01 15:55:54,698][curator.simulate.logger][INFO] - Steps=       743 Epot=    -182.748 Ekin=       1.188 temperature=  328.32 
[2025-10-01 15:55:54,712][curator.simulate.logger][INFO] - Steps=       744 Epot=    -182.741 Ekin=       1.174 temperature=  324.32 
[2025-10-01 15:55:54,728][curator.simulate.logger][INFO] - Steps=       745 Epot=    -182.737 Ekin=       1.224 temperature=  338.13 
[2025-10-01 15:55:54,745][curator.simulate.logger][INFO] - Steps=       746 Epot=    -182.736 Ekin=       1.186 temperature=  327.56 
[2025-10-01 15:55:54,759][curator.simulate.logger][INFO] - Steps=       747 Epot=    -182.739 Ekin=       1.202 temperature=  332.02 
[2025-10-01 15:55:54,772][curator.simulate.logger][INFO] - Steps=       748 Epot=    -182.744 Ekin=       1.228 temperature=  339.34 
[2025-10-01 15:55:54,788][curator.simulate.logger][INFO] - Steps=       749 Epot=    -182.749 Ekin=       1.199 temperature=  331.30 
[2025-10-01 15:55:54,805][curator.simulate.logger][INFO] - Steps=       750 Epot=    -182.754 Ekin=       1.218 temperature=  336.64 
[2025-10-01 15:55:54,819][curator.simulate.logger][INFO] - Steps=       751 Epot=    -182.760 Ekin=       1.214 temperature=  335.51 
[2025-10-01 15:55:54,836][curator.simulate.logger][INFO] - Steps=       752 Epot=    -182.766 Ekin=       1.211 temperature=  334.62 
[2025-10-01 15:55:54,858][curator.simulate.logger][INFO] - Steps=       753 Epot=    -182.772 Ekin=       1.241 temperature=  342.75 
[2025-10-01 15:55:54,875][curator.simulate.logger][INFO] - Steps=       754 Epot=    -182.776 Ekin=       1.231 temperature=  340.23 
[2025-10-01 15:55:54,890][curator.simulate.logger][INFO] - Steps=       755 Epot=    -182.780 Ekin=       1.251 temperature=  345.66 
[2025-10-01 15:55:54,904][curator.simulate.logger][INFO] - Steps=       756 Epot=    -182.782 Ekin=       1.301 temperature=  359.45 
[2025-10-01 15:55:54,920][curator.simulate.logger][INFO] - Steps=       757 Epot=    -182.784 Ekin=       1.286 temperature=  355.32 
[2025-10-01 15:55:54,935][curator.simulate.logger][INFO] - Steps=       758 Epot=    -182.788 Ekin=       1.253 temperature=  346.17 
[2025-10-01 15:55:54,949][curator.simulate.logger][INFO] - Steps=       759 Epot=    -182.791 Ekin=       1.242 temperature=  343.22 
[2025-10-01 15:55:54,965][curator.simulate.logger][INFO] - Steps=       760 Epot=    -182.796 Ekin=       1.269 temperature=  350.70 
[2025-10-01 15:55:54,978][curator.simulate.logger][INFO] - Steps=       761 Epot=    -182.801 Ekin=       1.279 temperature=  353.40 
[2025-10-01 15:55:54,992][curator.simulate.logger][INFO] - Steps=       762 Epot=    -182.804 Ekin=       1.275 temperature=  352.21 
[2025-10-01 15:55:55,009][curator.simulate.logger][INFO] - Steps=       763 Epot=    -182.805 Ekin=       1.241 temperature=  342.75 
[2025-10-01 15:55:55,025][curator.simulate.logger][INFO] - Steps=       764 Epot=    -182.804 Ekin=       1.215 temperature=  335.74 
[2025-10-01 15:55:55,039][curator.simulate.logger][INFO] - Steps=       765 Epot=    -182.804 Ekin=       1.240 temperature=  342.65 
[2025-10-01 15:55:55,057][curator.simulate.logger][INFO] - Steps=       766 Epot=    -182.803 Ekin=       1.267 temperature=  349.96 
[2025-10-01 15:55:55,075][curator.simulate.logger][INFO] - Steps=       767 Epot=    -182.800 Ekin=       1.246 temperature=  344.34 
[2025-10-01 15:55:55,090][curator.simulate.logger][INFO] - Steps=       768 Epot=    -182.796 Ekin=       1.244 temperature=  343.73 
[2025-10-01 15:55:55,103][curator.simulate.logger][INFO] - Steps=       769 Epot=    -182.791 Ekin=       1.239 temperature=  342.34 
[2025-10-01 15:55:55,121][curator.simulate.logger][INFO] - Steps=       770 Epot=    -182.784 Ekin=       1.235 temperature=  341.24 
[2025-10-01 15:55:55,138][curator.simulate.logger][INFO] - Steps=       771 Epot=    -182.774 Ekin=       1.223 temperature=  337.99 
[2025-10-01 15:55:55,155][curator.simulate.logger][INFO] - Steps=       772 Epot=    -182.763 Ekin=       1.257 temperature=  347.27 
[2025-10-01 15:55:55,169][curator.simulate.logger][INFO] - Steps=       773 Epot=    -182.752 Ekin=       1.233 temperature=  340.57 
[2025-10-01 15:55:55,188][curator.simulate.logger][INFO] - Steps=       774 Epot=    -182.740 Ekin=       1.229 temperature=  339.50 
[2025-10-01 15:55:55,201][curator.simulate.logger][INFO] - Steps=       775 Epot=    -182.726 Ekin=       1.175 temperature=  324.55 
[2025-10-01 15:55:55,216][curator.simulate.logger][INFO] - Steps=       776 Epot=    -182.713 Ekin=       1.165 temperature=  321.91 
[2025-10-01 15:55:55,232][curator.simulate.logger][INFO] - Steps=       777 Epot=    -182.697 Ekin=       1.152 temperature=  318.34 
[2025-10-01 15:55:55,245][curator.simulate.logger][INFO] - Steps=       778 Epot=    -182.682 Ekin=       1.115 temperature=  307.94 
[2025-10-01 15:55:55,263][curator.simulate.logger][INFO] - Steps=       779 Epot=    -182.667 Ekin=       1.070 temperature=  295.61 
[2025-10-01 15:55:55,279][curator.simulate.logger][INFO] - Steps=       780 Epot=    -182.651 Ekin=       1.034 temperature=  285.68 
[2025-10-01 15:55:55,296][curator.simulate.logger][INFO] - Steps=       781 Epot=    -182.635 Ekin=       1.033 temperature=  285.54 
[2025-10-01 15:55:55,309][curator.simulate.logger][INFO] - Steps=       782 Epot=    -182.620 Ekin=       1.001 temperature=  276.67 
[2025-10-01 15:55:55,325][curator.simulate.logger][INFO] - Steps=       783 Epot=    -182.606 Ekin=       0.974 temperature=  269.16 
[2025-10-01 15:55:55,342][curator.simulate.logger][INFO] - Steps=       784 Epot=    -182.595 Ekin=       0.959 temperature=  265.07 
[2025-10-01 15:55:55,359][curator.simulate.logger][INFO] - Steps=       785 Epot=    -182.586 Ekin=       0.929 temperature=  256.80 
[2025-10-01 15:55:55,375][curator.simulate.logger][INFO] - Steps=       786 Epot=    -182.579 Ekin=       0.906 temperature=  250.33 
[2025-10-01 15:55:55,390][curator.simulate.logger][INFO] - Steps=       787 Epot=    -182.574 Ekin=       0.903 temperature=  249.57 
[2025-10-01 15:55:55,407][curator.simulate.logger][INFO] - Steps=       788 Epot=    -182.571 Ekin=       0.906 temperature=  250.34 
[2025-10-01 15:55:55,424][curator.simulate.logger][INFO] - Steps=       789 Epot=    -182.572 Ekin=       0.896 temperature=  247.53 
[2025-10-01 15:55:55,441][curator.simulate.logger][INFO] - Steps=       790 Epot=    -182.573 Ekin=       0.914 temperature=  252.62 
[2025-10-01 15:55:55,455][curator.simulate.logger][INFO] - Steps=       791 Epot=    -182.576 Ekin=       0.913 temperature=  252.16 
[2025-10-01 15:55:55,470][curator.simulate.logger][INFO] - Steps=       792 Epot=    -182.580 Ekin=       0.955 temperature=  263.77 
[2025-10-01 15:55:55,485][curator.simulate.logger][INFO] - Steps=       793 Epot=    -182.585 Ekin=       0.955 temperature=  263.96 
[2025-10-01 15:55:55,498][curator.simulate.logger][INFO] - Steps=       794 Epot=    -182.591 Ekin=       0.951 temperature=  262.62 
[2025-10-01 15:55:55,513][curator.simulate.logger][INFO] - Steps=       795 Epot=    -182.598 Ekin=       0.948 temperature=  261.83 
[2025-10-01 15:55:55,528][curator.simulate.logger][INFO] - Steps=       796 Epot=    -182.607 Ekin=       0.969 temperature=  267.67 
[2025-10-01 15:55:55,545][curator.simulate.logger][INFO] - Steps=       797 Epot=    -182.619 Ekin=       1.018 temperature=  281.36 
[2025-10-01 15:55:55,558][curator.simulate.logger][INFO] - Steps=       798 Epot=    -182.629 Ekin=       1.050 temperature=  290.02 
[2025-10-01 15:55:55,573][curator.simulate.logger][INFO] - Steps=       799 Epot=    -182.639 Ekin=       1.047 temperature=  289.31 
[2025-10-01 15:55:55,590][curator.simulate.logger][INFO] - Steps=       800 Epot=    -182.649 Ekin=       1.019 temperature=  281.42 
[2025-10-01 15:55:55,605][curator.simulate.logger][INFO] - Steps=       801 Epot=    -182.659 Ekin=       0.996 temperature=  275.26 
[2025-10-01 15:55:55,618][curator.simulate.logger][INFO] - Steps=       802 Epot=    -182.670 Ekin=       1.021 temperature=  282.05 
[2025-10-01 15:55:55,633][curator.simulate.logger][INFO] - Steps=       803 Epot=    -182.680 Ekin=       1.022 temperature=  282.31 
[2025-10-01 15:55:55,648][curator.simulate.logger][INFO] - Steps=       804 Epot=    -182.689 Ekin=       1.046 temperature=  289.05 
[2025-10-01 15:55:55,665][curator.simulate.logger][INFO] - Steps=       805 Epot=    -182.697 Ekin=       1.035 temperature=  285.90 
[2025-10-01 15:55:55,681][curator.simulate.logger][INFO] - Steps=       806 Epot=    -182.704 Ekin=       1.029 temperature=  284.23 
[2025-10-01 15:55:55,694][curator.simulate.logger][INFO] - Steps=       807 Epot=    -182.710 Ekin=       1.049 temperature=  289.95 
[2025-10-01 15:55:55,708][curator.simulate.logger][INFO] - Steps=       808 Epot=    -182.715 Ekin=       1.053 temperature=  291.03 
[2025-10-01 15:55:55,727][curator.simulate.logger][INFO] - Steps=       809 Epot=    -182.721 Ekin=       1.070 temperature=  295.52 
[2025-10-01 15:55:55,740][curator.simulate.logger][INFO] - Steps=       810 Epot=    -182.725 Ekin=       1.031 temperature=  284.81 
[2025-10-01 15:55:55,754][curator.simulate.logger][INFO] - Steps=       811 Epot=    -182.728 Ekin=       1.093 temperature=  302.08 
[2025-10-01 15:55:55,769][curator.simulate.logger][INFO] - Steps=       812 Epot=    -182.731 Ekin=       1.097 temperature=  303.21 
[2025-10-01 15:55:55,786][curator.simulate.logger][INFO] - Steps=       813 Epot=    -182.733 Ekin=       1.065 temperature=  294.16 
[2025-10-01 15:55:55,799][curator.simulate.logger][INFO] - Steps=       814 Epot=    -182.735 Ekin=       1.016 temperature=  280.66 
[2025-10-01 15:55:55,817][curator.simulate.logger][INFO] - Steps=       815 Epot=    -182.736 Ekin=       0.992 temperature=  273.96 
[2025-10-01 15:55:55,832][curator.simulate.logger][INFO] - Steps=       816 Epot=    -182.736 Ekin=       0.967 temperature=  267.19 
[2025-10-01 15:55:55,846][curator.simulate.logger][INFO] - Steps=       817 Epot=    -182.737 Ekin=       0.980 temperature=  270.70 
[2025-10-01 15:55:55,864][curator.simulate.logger][INFO] - Steps=       818 Epot=    -182.738 Ekin=       0.986 temperature=  272.52 
[2025-10-01 15:55:55,880][curator.simulate.logger][INFO] - Steps=       819 Epot=    -182.740 Ekin=       0.985 temperature=  272.21 
[2025-10-01 15:55:55,893][curator.simulate.logger][INFO] - Steps=       820 Epot=    -182.744 Ekin=       1.015 temperature=  280.48 
[2025-10-01 15:55:55,909][curator.simulate.logger][INFO] - Steps=       821 Epot=    -182.749 Ekin=       1.023 temperature=  282.60 
[2025-10-01 15:55:55,925][curator.simulate.logger][INFO] - Steps=       822 Epot=    -182.757 Ekin=       1.049 temperature=  289.83 
[2025-10-01 15:55:55,947][curator.simulate.logger][INFO] - Steps=       823 Epot=    -182.766 Ekin=       1.031 temperature=  284.79 
[2025-10-01 15:55:55,961][curator.simulate.logger][INFO] - Steps=       824 Epot=    -182.776 Ekin=       1.034 temperature=  285.65 
[2025-10-01 15:55:55,981][curator.simulate.logger][INFO] - Steps=       825 Epot=    -182.788 Ekin=       1.031 temperature=  284.86 
[2025-10-01 15:55:56,000][curator.simulate.logger][INFO] - Steps=       826 Epot=    -182.801 Ekin=       1.028 temperature=  284.14 
[2025-10-01 15:55:56,019][curator.simulate.logger][INFO] - Steps=       827 Epot=    -182.816 Ekin=       1.080 temperature=  298.33 
[2025-10-01 15:55:56,032][curator.simulate.logger][INFO] - Steps=       828 Epot=    -182.831 Ekin=       1.137 temperature=  314.03 
[2025-10-01 15:55:56,047][curator.simulate.logger][INFO] - Steps=       829 Epot=    -182.846 Ekin=       1.132 temperature=  312.85 
[2025-10-01 15:55:56,061][curator.simulate.logger][INFO] - Steps=       830 Epot=    -182.862 Ekin=       1.168 temperature=  322.72 
[2025-10-01 15:55:56,080][curator.simulate.logger][INFO] - Steps=       831 Epot=    -182.877 Ekin=       1.141 temperature=  315.17 
[2025-10-01 15:55:56,096][curator.simulate.logger][INFO] - Steps=       832 Epot=    -182.894 Ekin=       1.214 temperature=  335.49 
[2025-10-01 15:55:56,110][curator.simulate.logger][INFO] - Steps=       833 Epot=    -182.911 Ekin=       1.242 temperature=  343.11 
[2025-10-01 15:55:56,124][curator.simulate.logger][INFO] - Steps=       834 Epot=    -182.928 Ekin=       1.225 temperature=  338.55 
[2025-10-01 15:55:56,139][curator.simulate.logger][INFO] - Steps=       835 Epot=    -182.945 Ekin=       1.231 temperature=  340.00 
[2025-10-01 15:55:56,155][curator.simulate.logger][INFO] - Steps=       836 Epot=    -182.962 Ekin=       1.252 temperature=  345.92 
[2025-10-01 15:55:56,173][curator.simulate.logger][INFO] - Steps=       837 Epot=    -182.977 Ekin=       1.255 temperature=  346.80 
[2025-10-01 15:55:56,188][curator.simulate.logger][INFO] - Steps=       838 Epot=    -182.991 Ekin=       1.245 temperature=  344.02 
[2025-10-01 15:55:56,202][curator.simulate.logger][INFO] - Steps=       839 Epot=    -183.006 Ekin=       1.217 temperature=  336.12 
[2025-10-01 15:55:56,216][curator.simulate.logger][INFO] - Steps=       840 Epot=    -183.019 Ekin=       1.205 temperature=  332.99 
[2025-10-01 15:55:56,229][curator.simulate.logger][INFO] - Steps=       841 Epot=    -183.030 Ekin=       1.190 temperature=  328.74 
[2025-10-01 15:55:56,242][curator.simulate.logger][INFO] - Steps=       842 Epot=    -183.042 Ekin=       1.239 temperature=  342.24 
[2025-10-01 15:55:56,259][curator.simulate.logger][INFO] - Steps=       843 Epot=    -183.054 Ekin=       1.264 temperature=  349.36 
[2025-10-01 15:55:56,275][curator.simulate.logger][INFO] - Steps=       844 Epot=    -183.065 Ekin=       1.312 temperature=  362.62 
[2025-10-01 15:55:56,288][curator.simulate.logger][INFO] - Steps=       845 Epot=    -183.076 Ekin=       1.307 temperature=  361.02 
[2025-10-01 15:55:56,303][curator.simulate.logger][INFO] - Steps=       846 Epot=    -183.085 Ekin=       1.324 temperature=  365.94 
[2025-10-01 15:55:56,320][curator.simulate.logger][INFO] - Steps=       847 Epot=    -183.094 Ekin=       1.329 temperature=  367.16 
[2025-10-01 15:55:56,333][curator.simulate.logger][INFO] - Steps=       848 Epot=    -183.101 Ekin=       1.323 temperature=  365.50 
[2025-10-01 15:55:56,347][curator.simulate.logger][INFO] - Steps=       849 Epot=    -183.106 Ekin=       1.372 temperature=  378.99 
[2025-10-01 15:55:56,364][curator.simulate.logger][INFO] - Steps=       850 Epot=    -183.109 Ekin=       1.408 temperature=  389.08 
[2025-10-01 15:55:56,381][curator.simulate.logger][INFO] - Steps=       851 Epot=    -183.111 Ekin=       1.422 temperature=  392.83 
[2025-10-01 15:55:56,395][curator.simulate.logger][INFO] - Steps=       852 Epot=    -183.110 Ekin=       1.416 temperature=  391.22 
[2025-10-01 15:55:56,409][curator.simulate.logger][INFO] - Steps=       853 Epot=    -183.107 Ekin=       1.386 temperature=  382.96 
[2025-10-01 15:55:56,427][curator.simulate.logger][INFO] - Steps=       854 Epot=    -183.103 Ekin=       1.365 temperature=  377.03 
[2025-10-01 15:55:56,443][curator.simulate.logger][INFO] - Steps=       855 Epot=    -183.097 Ekin=       1.289 temperature=  356.25 
[2025-10-01 15:55:56,457][curator.simulate.logger][INFO] - Steps=       856 Epot=    -183.090 Ekin=       1.289 temperature=  356.17 
[2025-10-01 15:55:56,476][curator.simulate.logger][INFO] - Steps=       857 Epot=    -183.082 Ekin=       1.270 temperature=  350.96 
[2025-10-01 15:55:56,493][curator.simulate.logger][INFO] - Steps=       858 Epot=    -183.073 Ekin=       1.313 temperature=  362.90 
[2025-10-01 15:55:56,509][curator.simulate.logger][INFO] - Steps=       859 Epot=    -183.065 Ekin=       1.298 temperature=  358.60 
[2025-10-01 15:55:56,522][curator.simulate.logger][INFO] - Steps=       860 Epot=    -183.056 Ekin=       1.312 temperature=  362.51 
[2025-10-01 15:55:56,538][curator.simulate.logger][INFO] - Steps=       861 Epot=    -183.047 Ekin=       1.243 temperature=  343.54 
[2025-10-01 15:55:56,556][curator.simulate.logger][INFO] - Steps=       862 Epot=    -183.037 Ekin=       1.248 temperature=  344.94 
[2025-10-01 15:55:56,569][curator.simulate.logger][INFO] - Steps=       863 Epot=    -183.026 Ekin=       1.241 temperature=  342.88 
[2025-10-01 15:55:56,585][curator.simulate.logger][INFO] - Steps=       864 Epot=    -183.014 Ekin=       1.250 temperature=  345.44 
[2025-10-01 15:55:56,602][curator.simulate.logger][INFO] - Steps=       865 Epot=    -183.002 Ekin=       1.246 temperature=  344.38 
[2025-10-01 15:55:56,615][curator.simulate.logger][INFO] - Steps=       866 Epot=    -182.989 Ekin=       1.272 temperature=  351.57 
[2025-10-01 15:55:56,632][curator.simulate.logger][INFO] - Steps=       867 Epot=    -182.974 Ekin=       1.246 temperature=  344.32 
[2025-10-01 15:55:56,646][curator.simulate.logger][INFO] - Steps=       868 Epot=    -182.958 Ekin=       1.250 temperature=  345.29 
[2025-10-01 15:55:56,659][curator.simulate.logger][INFO] - Steps=       869 Epot=    -182.941 Ekin=       1.212 temperature=  334.93 
[2025-10-01 15:55:56,677][curator.simulate.logger][INFO] - Steps=       870 Epot=    -182.925 Ekin=       1.192 temperature=  329.36 
[2025-10-01 15:55:56,691][curator.simulate.logger][INFO] - Steps=       871 Epot=    -182.909 Ekin=       1.163 temperature=  321.46 
[2025-10-01 15:55:56,707][curator.simulate.logger][INFO] - Steps=       872 Epot=    -182.897 Ekin=       1.189 temperature=  328.44 
[2025-10-01 15:55:56,721][curator.simulate.logger][INFO] - Steps=       873 Epot=    -182.888 Ekin=       1.194 temperature=  329.95 
[2025-10-01 15:55:56,737][curator.simulate.logger][INFO] - Steps=       874 Epot=    -182.880 Ekin=       1.186 temperature=  327.79 
[2025-10-01 15:55:56,754][curator.simulate.logger][INFO] - Steps=       875 Epot=    -182.874 Ekin=       1.183 temperature=  326.89 
[2025-10-01 15:55:56,769][curator.simulate.logger][INFO] - Steps=       876 Epot=    -182.870 Ekin=       1.154 temperature=  318.78 
[2025-10-01 15:55:56,783][curator.simulate.logger][INFO] - Steps=       877 Epot=    -182.869 Ekin=       1.135 temperature=  313.46 
[2025-10-01 15:55:56,801][curator.simulate.logger][INFO] - Steps=       878 Epot=    -182.869 Ekin=       1.119 temperature=  309.18 
[2025-10-01 15:55:56,817][curator.simulate.logger][INFO] - Steps=       879 Epot=    -182.872 Ekin=       1.135 temperature=  313.62 
[2025-10-01 15:55:56,832][curator.simulate.logger][INFO] - Steps=       880 Epot=    -182.877 Ekin=       1.113 temperature=  307.46 
[2025-10-01 15:55:56,845][curator.simulate.logger][INFO] - Steps=       881 Epot=    -182.882 Ekin=       1.069 temperature=  295.28 
[2025-10-01 15:55:56,861][curator.simulate.logger][INFO] - Steps=       882 Epot=    -182.889 Ekin=       1.060 temperature=  293.01 
[2025-10-01 15:55:56,876][curator.simulate.logger][INFO] - Steps=       883 Epot=    -182.897 Ekin=       1.068 temperature=  294.98 
[2025-10-01 15:55:56,891][curator.simulate.logger][INFO] - Steps=       884 Epot=    -182.907 Ekin=       1.123 temperature=  310.34 
[2025-10-01 15:55:56,909][curator.simulate.logger][INFO] - Steps=       885 Epot=    -182.919 Ekin=       1.132 temperature=  312.90 
[2025-10-01 15:55:56,926][curator.simulate.logger][INFO] - Steps=       886 Epot=    -182.930 Ekin=       1.151 temperature=  318.12 
[2025-10-01 15:55:56,941][curator.simulate.logger][INFO] - Steps=       887 Epot=    -182.940 Ekin=       1.166 temperature=  322.10 
[2025-10-01 15:55:56,956][curator.simulate.logger][INFO] - Steps=       888 Epot=    -182.948 Ekin=       1.137 temperature=  314.23 
[2025-10-01 15:55:56,972][curator.simulate.logger][INFO] - Steps=       889 Epot=    -182.954 Ekin=       1.164 temperature=  321.66 
[2025-10-01 15:55:56,989][curator.simulate.logger][INFO] - Steps=       890 Epot=    -182.957 Ekin=       1.164 temperature=  321.72 
[2025-10-01 15:55:57,006][curator.simulate.logger][INFO] - Steps=       891 Epot=    -182.957 Ekin=       1.100 temperature=  303.91 
[2025-10-01 15:55:57,022][curator.simulate.logger][INFO] - Steps=       892 Epot=    -182.955 Ekin=       1.076 temperature=  297.21 
[2025-10-01 15:55:57,036][curator.simulate.logger][INFO] - Steps=       893 Epot=    -182.952 Ekin=       1.067 temperature=  294.85 
[2025-10-01 15:55:57,054][curator.simulate.logger][INFO] - Steps=       894 Epot=    -182.949 Ekin=       1.081 temperature=  298.67 
[2025-10-01 15:55:57,070][curator.simulate.logger][INFO] - Steps=       895 Epot=    -182.945 Ekin=       1.063 temperature=  293.70 
[2025-10-01 15:55:57,083][curator.simulate.logger][INFO] - Steps=       896 Epot=    -182.941 Ekin=       1.058 temperature=  292.30 
[2025-10-01 15:55:57,100][curator.simulate.logger][INFO] - Steps=       897 Epot=    -182.938 Ekin=       1.038 temperature=  286.90 
[2025-10-01 15:55:57,116][curator.simulate.logger][INFO] - Steps=       898 Epot=    -182.936 Ekin=       0.997 temperature=  275.34 
[2025-10-01 15:55:57,129][curator.simulate.logger][INFO] - Steps=       899 Epot=    -182.934 Ekin=       0.987 temperature=  272.70 
[2025-10-01 15:55:57,145][curator.simulate.logger][INFO] - Steps=       900 Epot=    -182.933 Ekin=       0.971 temperature=  268.35 
[2025-10-01 15:55:57,165][curator.simulate.logger][INFO] - Steps=       901 Epot=    -182.934 Ekin=       0.959 temperature=  264.85 
[2025-10-01 15:55:57,181][curator.simulate.logger][INFO] - Steps=       902 Epot=    -182.937 Ekin=       0.966 temperature=  266.99 
[2025-10-01 15:55:57,194][curator.simulate.logger][INFO] - Steps=       903 Epot=    -182.943 Ekin=       0.960 temperature=  265.30 
[2025-10-01 15:55:57,209][curator.simulate.logger][INFO] - Steps=       904 Epot=    -182.948 Ekin=       0.926 temperature=  255.95 
[2025-10-01 15:55:57,223][curator.simulate.logger][INFO] - Steps=       905 Epot=    -182.953 Ekin=       0.900 temperature=  248.64 
[2025-10-01 15:55:57,239][curator.simulate.logger][INFO] - Steps=       906 Epot=    -182.960 Ekin=       0.877 temperature=  242.22 
[2025-10-01 15:55:57,252][curator.simulate.logger][INFO] - Steps=       907 Epot=    -182.969 Ekin=       0.864 temperature=  238.61 
[2025-10-01 15:55:57,270][curator.simulate.logger][INFO] - Steps=       908 Epot=    -182.979 Ekin=       0.912 temperature=  251.93 
[2025-10-01 15:55:57,285][curator.simulate.logger][INFO] - Steps=       909 Epot=    -182.989 Ekin=       0.916 temperature=  253.13 
[2025-10-01 15:55:57,302][curator.simulate.logger][INFO] - Steps=       910 Epot=    -182.999 Ekin=       0.933 temperature=  257.73 
[2025-10-01 15:55:57,316][curator.simulate.logger][INFO] - Steps=       911 Epot=    -183.009 Ekin=       0.923 temperature=  255.13 
[2025-10-01 15:55:57,330][curator.simulate.logger][INFO] - Steps=       912 Epot=    -183.018 Ekin=       0.947 temperature=  261.74 
[2025-10-01 15:55:57,346][curator.simulate.logger][INFO] - Steps=       913 Epot=    -183.029 Ekin=       0.935 temperature=  258.30 
[2025-10-01 15:55:57,359][curator.simulate.logger][INFO] - Steps=       914 Epot=    -183.041 Ekin=       0.922 temperature=  254.71 
[2025-10-01 15:55:57,376][curator.simulate.logger][INFO] - Steps=       915 Epot=    -183.054 Ekin=       0.944 temperature=  260.80 
[2025-10-01 15:55:57,389][curator.simulate.logger][INFO] - Steps=       916 Epot=    -183.069 Ekin=       0.957 temperature=  264.55 
[2025-10-01 15:55:57,405][curator.simulate.logger][INFO] - Steps=       917 Epot=    -183.085 Ekin=       0.961 temperature=  265.41 
[2025-10-01 15:55:57,418][curator.simulate.logger][INFO] - Steps=       918 Epot=    -183.101 Ekin=       0.958 temperature=  264.74 
[2025-10-01 15:55:57,434][curator.simulate.logger][INFO] - Steps=       919 Epot=    -183.116 Ekin=       0.935 temperature=  258.29 
[2025-10-01 15:55:57,451][curator.simulate.logger][INFO] - Steps=       920 Epot=    -183.130 Ekin=       0.967 temperature=  267.05 
[2025-10-01 15:55:57,477][curator.simulate.logger][INFO] - Steps=       921 Epot=    -183.145 Ekin=       1.006 temperature=  278.02 
[2025-10-01 15:55:57,492][curator.simulate.logger][INFO] - Steps=       922 Epot=    -183.158 Ekin=       1.026 temperature=  283.42 
[2025-10-01 15:55:57,506][curator.simulate.logger][INFO] - Steps=       923 Epot=    -183.170 Ekin=       1.052 temperature=  290.61 
[2025-10-01 15:55:57,519][curator.simulate.logger][INFO] - Steps=       924 Epot=    -183.182 Ekin=       1.039 temperature=  287.13 
[2025-10-01 15:55:57,532][curator.simulate.logger][INFO] - Steps=       925 Epot=    -183.192 Ekin=       1.053 temperature=  290.82 
[2025-10-01 15:55:57,548][curator.simulate.logger][INFO] - Steps=       926 Epot=    -183.202 Ekin=       1.059 temperature=  292.62 
[2025-10-01 15:55:57,565][curator.simulate.logger][INFO] - Steps=       927 Epot=    -183.212 Ekin=       1.060 temperature=  292.77 
[2025-10-01 15:55:57,587][curator.simulate.logger][INFO] - Steps=       928 Epot=    -183.221 Ekin=       1.063 temperature=  293.68 
[2025-10-01 15:55:57,603][curator.simulate.logger][INFO] - Steps=       929 Epot=    -183.228 Ekin=       1.048 temperature=  289.70 
[2025-10-01 15:55:57,617][curator.simulate.logger][INFO] - Steps=       930 Epot=    -183.234 Ekin=       1.105 temperature=  305.35 
[2025-10-01 15:55:57,634][curator.simulate.logger][INFO] - Steps=       931 Epot=    -183.239 Ekin=       1.129 temperature=  311.84 
[2025-10-01 15:55:57,655][curator.simulate.logger][INFO] - Steps=       932 Epot=    -183.243 Ekin=       1.145 temperature=  316.40 
[2025-10-01 15:55:57,670][curator.simulate.logger][INFO] - Steps=       933 Epot=    -183.246 Ekin=       1.157 temperature=  319.78 
[2025-10-01 15:55:57,684][curator.simulate.logger][INFO] - Steps=       934 Epot=    -183.247 Ekin=       1.171 temperature=  323.50 
[2025-10-01 15:55:57,698][curator.simulate.logger][INFO] - Steps=       935 Epot=    -183.245 Ekin=       1.194 temperature=  329.78 
[2025-10-01 15:55:57,711][curator.simulate.logger][INFO] - Steps=       936 Epot=    -183.241 Ekin=       1.169 temperature=  323.10 
[2025-10-01 15:55:57,729][curator.simulate.logger][INFO] - Steps=       937 Epot=    -183.237 Ekin=       1.151 temperature=  318.00 
[2025-10-01 15:55:57,746][curator.simulate.logger][INFO] - Steps=       938 Epot=    -183.230 Ekin=       1.168 temperature=  322.69 
[2025-10-01 15:55:57,762][curator.simulate.logger][INFO] - Steps=       939 Epot=    -183.221 Ekin=       1.161 temperature=  320.69 
[2025-10-01 15:55:57,779][curator.simulate.logger][INFO] - Steps=       940 Epot=    -183.211 Ekin=       1.158 temperature=  319.83 
[2025-10-01 15:55:57,793][curator.simulate.logger][INFO] - Steps=       941 Epot=    -183.200 Ekin=       1.122 temperature=  309.90 
[2025-10-01 15:55:57,811][curator.simulate.logger][INFO] - Steps=       942 Epot=    -183.191 Ekin=       1.125 temperature=  310.87 
[2025-10-01 15:55:57,826][curator.simulate.logger][INFO] - Steps=       943 Epot=    -183.182 Ekin=       1.132 temperature=  312.67 
[2025-10-01 15:55:57,846][curator.simulate.logger][INFO] - Steps=       944 Epot=    -183.174 Ekin=       1.156 temperature=  319.30 
[2025-10-01 15:55:57,858][curator.simulate.logger][INFO] - Steps=       945 Epot=    -183.167 Ekin=       1.159 temperature=  320.09 
[2025-10-01 15:55:57,876][curator.simulate.logger][INFO] - Steps=       946 Epot=    -183.160 Ekin=       1.165 temperature=  321.97 
[2025-10-01 15:55:57,894][curator.simulate.logger][INFO] - Steps=       947 Epot=    -183.155 Ekin=       1.113 temperature=  307.52 
[2025-10-01 15:55:57,908][curator.simulate.logger][INFO] - Steps=       948 Epot=    -183.152 Ekin=       1.088 temperature=  300.48 
[2025-10-01 15:55:57,926][curator.simulate.logger][INFO] - Steps=       949 Epot=    -183.150 Ekin=       1.093 temperature=  302.08 
[2025-10-01 15:55:57,939][curator.simulate.logger][INFO] - Steps=       950 Epot=    -183.150 Ekin=       1.100 temperature=  303.86 
[2025-10-01 15:55:57,956][curator.simulate.logger][INFO] - Steps=       951 Epot=    -183.151 Ekin=       1.104 temperature=  305.00 
[2025-10-01 15:55:57,973][curator.simulate.logger][INFO] - Steps=       952 Epot=    -183.152 Ekin=       1.098 temperature=  303.33 
[2025-10-01 15:55:57,992][curator.simulate.logger][INFO] - Steps=       953 Epot=    -183.154 Ekin=       1.081 temperature=  298.61 
[2025-10-01 15:55:58,009][curator.simulate.logger][INFO] - Steps=       954 Epot=    -183.156 Ekin=       1.081 temperature=  298.61 
[2025-10-01 15:55:58,026][curator.simulate.logger][INFO] - Steps=       955 Epot=    -183.159 Ekin=       1.048 temperature=  289.66 
[2025-10-01 15:55:58,041][curator.simulate.logger][INFO] - Steps=       956 Epot=    -183.161 Ekin=       1.037 temperature=  286.64 
[2025-10-01 15:55:58,063][curator.simulate.logger][INFO] - Steps=       957 Epot=    -183.163 Ekin=       1.004 temperature=  277.34 
[2025-10-01 15:55:58,081][curator.simulate.logger][INFO] - Steps=       958 Epot=    -183.163 Ekin=       1.007 temperature=  278.22 
[2025-10-01 15:55:58,099][curator.simulate.logger][INFO] - Steps=       959 Epot=    -183.163 Ekin=       1.049 temperature=  289.76 
[2025-10-01 15:55:58,113][curator.simulate.logger][INFO] - Steps=       960 Epot=    -183.162 Ekin=       1.054 temperature=  291.17 
[2025-10-01 15:55:58,127][curator.simulate.logger][INFO] - Steps=       961 Epot=    -183.159 Ekin=       1.078 temperature=  297.88 
[2025-10-01 15:55:58,145][curator.simulate.logger][INFO] - Steps=       962 Epot=    -183.155 Ekin=       1.076 temperature=  297.16 
[2025-10-01 15:55:58,157][curator.simulate.logger][INFO] - Steps=       963 Epot=    -183.150 Ekin=       1.070 temperature=  295.51 
[2025-10-01 15:55:58,174][curator.simulate.logger][INFO] - Steps=       964 Epot=    -183.144 Ekin=       1.041 temperature=  287.66 
[2025-10-01 15:55:58,193][curator.simulate.logger][INFO] - Steps=       965 Epot=    -183.135 Ekin=       1.011 temperature=  279.47 
[2025-10-01 15:55:58,209][curator.simulate.logger][INFO] - Steps=       966 Epot=    -183.123 Ekin=       1.030 temperature=  284.52 
[2025-10-01 15:55:58,223][curator.simulate.logger][INFO] - Steps=       967 Epot=    -183.110 Ekin=       1.038 temperature=  286.90 
[2025-10-01 15:55:58,239][curator.simulate.logger][INFO] - Steps=       968 Epot=    -183.096 Ekin=       1.033 temperature=  285.53 
[2025-10-01 15:55:58,253][curator.simulate.logger][INFO] - Steps=       969 Epot=    -183.081 Ekin=       1.002 temperature=  276.89 
[2025-10-01 15:55:58,270][curator.simulate.logger][INFO] - Steps=       970 Epot=    -183.066 Ekin=       0.988 temperature=  273.00 
[2025-10-01 15:55:58,285][curator.simulate.logger][INFO] - Steps=       971 Epot=    -183.050 Ekin=       0.961 temperature=  265.58 
[2025-10-01 15:55:58,299][curator.simulate.logger][INFO] - Steps=       972 Epot=    -183.033 Ekin=       0.949 temperature=  262.33 
[2025-10-01 15:55:58,317][curator.simulate.logger][INFO] - Steps=       973 Epot=    -183.014 Ekin=       0.940 temperature=  259.72 
[2025-10-01 15:55:58,331][curator.simulate.logger][INFO] - Steps=       974 Epot=    -182.994 Ekin=       0.956 temperature=  264.07 
[2025-10-01 15:55:58,345][curator.simulate.logger][INFO] - Steps=       975 Epot=    -182.973 Ekin=       0.919 temperature=  253.80 
[2025-10-01 15:55:58,359][curator.simulate.logger][INFO] - Steps=       976 Epot=    -182.952 Ekin=       0.906 temperature=  250.38 
[2025-10-01 15:55:58,378][curator.simulate.logger][INFO] - Steps=       977 Epot=    -182.931 Ekin=       0.914 temperature=  252.55 
[2025-10-01 15:55:58,393][curator.simulate.logger][INFO] - Steps=       978 Epot=    -182.909 Ekin=       0.906 temperature=  250.28 
[2025-10-01 15:55:58,410][curator.simulate.logger][INFO] - Steps=       979 Epot=    -182.887 Ekin=       0.893 temperature=  246.75 
[2025-10-01 15:55:58,424][curator.simulate.logger][INFO] - Steps=       980 Epot=    -182.867 Ekin=       0.871 temperature=  240.56 
[2025-10-01 15:55:58,442][curator.simulate.logger][INFO] - Steps=       981 Epot=    -182.850 Ekin=       0.843 temperature=  232.89 
[2025-10-01 15:55:58,460][curator.simulate.logger][INFO] - Steps=       982 Epot=    -182.836 Ekin=       0.830 temperature=  229.28 
[2025-10-01 15:55:58,473][curator.simulate.logger][INFO] - Steps=       983 Epot=    -182.826 Ekin=       0.811 temperature=  224.04 
[2025-10-01 15:55:58,489][curator.simulate.logger][INFO] - Steps=       984 Epot=    -182.819 Ekin=       0.780 temperature=  215.61 
[2025-10-01 15:55:58,503][curator.simulate.logger][INFO] - Steps=       985 Epot=    -182.816 Ekin=       0.759 temperature=  209.65 
[2025-10-01 15:55:58,521][curator.simulate.logger][INFO] - Steps=       986 Epot=    -182.818 Ekin=       0.770 temperature=  212.63 
[2025-10-01 15:55:58,537][curator.simulate.logger][INFO] - Steps=       987 Epot=    -182.823 Ekin=       0.782 temperature=  216.02 
[2025-10-01 15:55:58,551][curator.simulate.logger][INFO] - Steps=       988 Epot=    -182.831 Ekin=       0.786 temperature=  217.04 
[2025-10-01 15:55:58,568][curator.simulate.logger][INFO] - Steps=       989 Epot=    -182.842 Ekin=       0.763 temperature=  210.83 
[2025-10-01 15:55:58,583][curator.simulate.logger][INFO] - Steps=       990 Epot=    -182.857 Ekin=       0.761 temperature=  210.33 
[2025-10-01 15:55:58,600][curator.simulate.logger][INFO] - Steps=       991 Epot=    -182.872 Ekin=       0.807 temperature=  223.06 
[2025-10-01 15:55:58,622][curator.simulate.logger][INFO] - Steps=       992 Epot=    -182.888 Ekin=       0.854 temperature=  235.91 
[2025-10-01 15:55:58,639][curator.simulate.logger][INFO] - Steps=       993 Epot=    -182.906 Ekin=       0.882 temperature=  243.67 
[2025-10-01 15:55:58,658][curator.simulate.logger][INFO] - Steps=       994 Epot=    -182.924 Ekin=       0.903 temperature=  249.40 
[2025-10-01 15:55:58,673][curator.simulate.logger][INFO] - Steps=       995 Epot=    -182.942 Ekin=       0.927 temperature=  256.14 
[2025-10-01 15:55:58,687][curator.simulate.logger][INFO] - Steps=       996 Epot=    -182.960 Ekin=       0.935 temperature=  258.20 
[2025-10-01 15:55:58,702][curator.simulate.logger][INFO] - Steps=       997 Epot=    -182.976 Ekin=       0.965 temperature=  266.62 
[2025-10-01 15:55:58,720][curator.simulate.logger][INFO] - Steps=       998 Epot=    -182.992 Ekin=       0.957 temperature=  264.31 
[2025-10-01 15:55:58,734][curator.simulate.logger][INFO] - Steps=       999 Epot=    -183.006 Ekin=       0.955 temperature=  263.76 
[2025-10-01 15:55:58,752][curator.simulate.logger][INFO] - Steps=      1000 Epot=    -183.017 Ekin=       0.945 temperature=  261.11 
[2025-10-01 15:55:58,766][curator.simulate.logger][INFO] - Steps=      1001 Epot=    -183.028 Ekin=       0.920 temperature=  254.29 
