epoch,lr-AdamW,step,train_energy_loss_epoch,train_energy_loss_step,train_energy_mae_epoch,train_energy_mae_step,train_energy_rmse_epoch,train_energy_rmse_step,train_forces_loss_epoch,train_forces_loss_step,train_forces_mae_epoch,train_forces_mae_step,train_forces_rmse_epoch,train_forces_rmse_step,train_total_loss_epoch,train_total_loss_step,val_energy_loss_epoch,val_energy_loss_step,val_energy_mae_epoch,val_energy_mae_step,val_energy_rmse_epoch,val_energy_rmse_step,val_forces_loss_epoch,val_forces_loss_step,val_forces_mae_epoch,val_forces_mae_step,val_forces_rmse_epoch,val_forces_rmse_step,val_total_loss_epoch,val_total_loss_step
,0.0005,0,,,,,,,,,,,,,,,,,,,,,,,,,,,,
0,,9,,1.7704603672027588,,1.615370750427246,,1.6375041007995605,,24.175968170166016,,0.43721771240234375,,0.6051057577133179,,25.946428298950195,,,,,,,,,,,,,,
0,,19,,0.4459451138973236,,0.7959232330322266,,0.8218247294425964,,18.636783599853516,,0.3762345016002655,,0.5312816500663757,,19.08272933959961,,,,,,,,,,,,,,
0,,29,,0.17582635581493378,,0.48845481872558594,,0.5160362124443054,,9.189850807189941,,0.2707618474960327,,0.3730727732181549,,9.365676879882812,,,,,,,,,,,,,,
0,,39,,0.1875372678041458,,0.4810361862182617,,0.5329464673995972,,7.1165642738342285,,0.24276702105998993,,0.3283027410507202,,7.304101467132568,,,,,,,,,,,,,,
0,,49,,0.992868959903717,,1.2096481323242188,,1.2262678146362305,,5.606940746307373,,0.21014921367168427,,0.29140856862068176,,6.599809646606445,,,,,,,,,,,,,,
0,,59,,0.24544833600521088,,0.5965728759765625,,0.6097070574760437,,5.451145172119141,,0.20430760085582733,,0.2873314917087555,,5.696593284606934,,,,,,,,,,,,,,
0,,69,,1.9106078147888184,,1.693948745727539,,1.701081395149231,,3.299485206604004,,0.16591879725456238,,0.2235436886548996,,5.210093021392822,,,,,,,,,,,,,,
0,,79,,0.16391313076019287,,0.48877811431884766,,0.49824899435043335,,4.507637023925781,,0.18850882351398468,,0.26128458976745605,,4.671550273895264,,,,,,,,,,,,,,
0,,89,,0.02338900789618492,,0.15917205810546875,,0.18821130692958832,,2.816279172897339,,0.14882580935955048,,0.20652717351913452,,2.8396682739257812,,,,,,,,,,,,,,
0,,99,,0.007132998667657375,,0.08594512939453125,,0.10393724590539932,,1.9509302377700806,,0.1259099692106247,,0.17189379036426544,,1.9580632448196411,,,,,,,,,,,,,,
0,,109,,0.008894680067896843,,0.10242938995361328,,0.11606647074222565,,2.070396661758423,,0.12856952846050262,,0.17707860469818115,,2.079291343688965,,,,,,,,,,,,,,
0,,119,,0.37006479501724243,,0.743011474609375,,0.7486484050750732,,2.280231475830078,,0.12458404153585434,,0.1858355551958084,,2.650296211242676,,,,,,,,,,,,,,
,,0,,,,,,,,,,,,,,,,0.008178392425179482,,0.07538032531738281,,0.11129442602396011,,2.47432279586792,,0.13164043426513672,,0.19358313083648682,,2.482501268386841
,,1,,,,,,,,,,,,,,,,0.016367988660931587,,0.10288047790527344,,0.157447949051857,,2.1236557960510254,,0.12892210483551025,,0.17934173345565796,,2.140023708343506
,,2,,,,,,,,,,,,,,,,0.003103191964328289,,0.049816131591796875,,0.06855572015047073,,1.601966142654419,,0.11385561525821686,,0.15576361119747162,,1.6050692796707153
,,3,,,,,,,,,,,,,,,,0.0022570649161934853,,0.04373741149902344,,0.058467067778110504,,1.9278850555419922,,0.1211807131767273,,0.17087554931640625,,1.9301421642303467
,,4,,,,,,,,,,,,,,,,0.003953837789595127,,0.06272697448730469,,0.07738356292247772,,1.3918519020080566,,0.10606531798839569,,0.14518970251083374,,1.3958057165145874
,,5,,,,,,,,,,,,,,,,0.002671130932867527,,0.0536041259765625,,0.06360436230897903,,1.4560329914093018,,0.10801941156387329,,0.1484994739294052,,1.4587041139602661
,,6,,,,,,,,,,,,,,,,0.0042858850210905075,,0.06412315368652344,,0.08056743443012238,,1.5998820066452026,,0.10733745247125626,,0.15566225349903107,,1.6041679382324219
,,7,,,,,,,,,,,,,,,,0.0019170165760442615,,0.03789710998535156,,0.05388307198882103,,1.2786439657211304,,0.0889078676700592,,0.1391599178314209,,1.2805609703063965
,,8,,,,,,,,,,,,,,,,0.001629493897780776,,0.03794097900390625,,0.04967820271849632,,1.5559816360473633,,0.11270254850387573,,0.15351171791553497,,1.557611107826233
,,9,,,,,,,,,,,,,,,,0.01456505712121725,,0.10905265808105469,,0.14852358400821686,,2.3828444480895996,,0.12428764998912811,,0.1899709403514862,,2.397409439086914
,,10,,,,,,,,,,,,,,,,0.0017230591038241982,,0.04131507873535156,,0.051084525883197784,,1.1053069829940796,,0.09726784378290176,,0.12938407063484192,,1.1070300340652466
,,11,,,,,,,,,,,,,,,,0.008425939828157425,,0.079254150390625,,0.1129661425948143,,2.622791290283203,,0.1392258256673813,,0.1993063986301422,,2.6312172412872314
,,12,,,,,,,,,,,,,,,,0.01424497365951538,,0.08581733703613281,,0.1468825489282608,,2.144408702850342,,0.13190586864948273,,0.18021589517593384,,2.158653736114502
,,13,,,,,,,,,,,,,,,,0.02486523427069187,,0.14896774291992188,,0.1940598040819168,,2.943692445755005,,0.14740964770317078,,0.21114730834960938,,2.968557596206665
,,14,,,,,,,,,,,,,,,,0.00774521054700017,,0.0877532958984375,,0.1083068922162056,,2.426401376724243,,0.13042797148227692,,0.19169935584068298,,2.4341466426849365
,,15,,,,,,,,,,,,,,,,0.0015917490236461163,,0.04401397705078125,,0.04909943789243698,,1.1719207763671875,,0.09927427023649216,,0.13322582840919495,,1.173512578010559
,,16,,,,,,,,,,,,,,,,0.006148412358015776,,0.08547782897949219,,0.09649856388568878,,1.7687052488327026,,0.1220255121588707,,0.16366924345493317,,1.7748537063598633
,,17,,,,,,,,,,,,,,,,0.0012980604078620672,,0.036342620849609375,,0.04433908313512802,,0.9297866225242615,,0.09036510437726974,,0.11866726726293564,,0.9310846924781799
,,18,,,,,,,,,,,,,,,,0.006020816043019295,,0.056915283203125,,0.09549200534820557,,1.2701117992401123,,0.09177516400814056,,0.13869483768939972,,1.276132583618164
,,19,,,,,,,,,,,,,,,,0.014725036919116974,,0.10857391357421875,,0.1493370234966278,,1.9114097356796265,,0.1249488890171051,,0.17014382779598236,,1.9261348247528076
,,20,,,,,,,,,,,,,,,,0.005887048784643412,,0.06613731384277344,,0.0944252759218216,,1.7941724061965942,,0.12061851471662521,,0.1648433357477188,,1.80005943775177
,,21,,,,,,,,,,,,,,,,0.0051543014124035835,,0.06513023376464844,,0.08835358917713165,,1.6103997230529785,,0.11953214555978775,,0.15617308020591736,,1.6155539751052856
,,22,,,,,,,,,,,,,,,,0.0008966657333076,,0.029598236083984375,,0.03685145080089569,,0.8235939741134644,,0.085945263504982,,0.11168526858091354,,0.8244906663894653
,,23,,,,,,,,,,,,,,,,0.002271173056215048,,0.04373741149902344,,0.058649517595767975,,1.2508569955825806,,0.10584674775600433,,0.13763952255249023,,1.253128170967102
,,24,,,,,,,,,,,,,,,,0.002154957503080368,,0.046924591064453125,,0.05712927132844925,,1.2038753032684326,,0.09926939010620117,,0.13502994179725647,,1.206030249595642
,,25,,,,,,,,,,,,,,,,0.0006826706230640411,,0.024074554443359375,,0.03215472772717476,,1.7071518898010254,,0.11264270544052124,,0.16079607605934143,,1.7078346014022827
,,26,,,,,,,,,,,,,,,,0.0017756703309714794,,0.04453277587890625,,0.051858577877283096,,1.1870486736297607,,0.09939039498567581,,0.13408295810222626,,1.1888242959976196
,,27,,,,,,,,,,,,,,,,0.004759837873280048,,0.07289886474609375,,0.08490543812513351,,1.4260916709899902,,0.10188629478216171,,0.14696471393108368,,1.4308514595031738
,,28,,,,,,,,,,,,,,,,0.004843419883400202,,0.0856475830078125,,0.0856475830078125,,1.2791874408721924,,0.11261922121047974,,0.1391894817352295,,1.2840309143066406
0,,126,,,,,,,,,,,,,,,0.006041077431291342,,0.06454508751630783,,0.08648908138275146,,1.6800247430801392,,0.11295127123594284,,0.15759380161762238,,1.6739352941513062,
0,,126,0.9428756833076477,,0.8291695713996887,,0.8612165451049805,,10.187209129333496,,0.23898692429065704,,0.3411392867565155,,11.125885009765625,,,,,,,,,,,,,,,
,0.0005,127,,,,,,,,,,,,,,,,,,,,,,,,,,,,
1,,129,,0.05553551763296127,,0.2722349166870117,,0.2900160849094391,,2.3601784706115723,,0.13521461188793182,,0.18906526267528534,,2.4157140254974365,,,,,,,,,,,,,,
1,,139,,0.14890486001968384,,0.46364879608154297,,0.4748917818069458,,1.7978768348693848,,0.12645229697227478,,0.16501343250274658,,1.9467816352844238,,,,,,,,,,,,,,
1,,149,,0.3245512545108795,,0.697484016418457,,0.7011024355888367,,1.5649974346160889,,0.10728773474693298,,0.1539558321237564,,1.889548659324646,,,,,,,,,,,,,,
1,,159,,0.36228513717651367,,0.7351846694946289,,0.7407379746437073,,1.7147706747055054,,0.11423340439796448,,0.16115446388721466,,2.0770559310913086,,,,,,,,,,,,,,
1,,169,,0.3046940565109253,,0.6756038665771484,,0.6793127655982971,,1.7198381423950195,,0.11593270301818848,,0.16139240562915802,,2.0245323181152344,,,,,,,,,,,,,,
1,,179,,0.15680031478405,,0.48464202880859375,,0.48731791973114014,,1.1667381525039673,,0.09965862333774567,,0.1329309195280075,,1.3235384225845337,,,,,,,,,,,,,,
1,,189,,0.0846455916762352,,0.35392284393310547,,0.35804933309555054,,0.9185559749603271,,0.08563397824764252,,0.11794842034578323,,1.0032016038894653,,,,,,,,,,,,,,
1,,199,,0.19516924023628235,,0.5386543273925781,,0.543682336807251,,0.8615968823432922,,0.08273976296186447,,0.11423294246196747,,1.056766152381897,,,,,,,,,,,,,,
1,,209,,0.30971890687942505,,0.6830101013183594,,0.6848949790000916,,0.8742091059684753,,0.08318105340003967,,0.11506599932909012,,1.1839280128479004,,,,,,,,,,,,,,
1,,219,,0.28333979845046997,,0.6545486450195312,,0.6550793647766113,,0.9040185213088989,,0.08475553244352341,,0.11701135337352753,,1.1873583793640137,,,,,,,,,,,,,,
1,,229,,0.2163386344909668,,0.569890022277832,,0.5724104046821594,,0.9608780741691589,,0.08919418603181839,,0.12063504755496979,,1.1772167682647705,,,,,,,,,,,,,,
1,,239,,0.46266937255859375,,0.8350858688354492,,0.8370958566665649,,0.9216275215148926,,0.08712492138147354,,0.11814545094966888,,1.3842968940734863,,,,,,,,,,,,,,
1,,249,,0.019751325249671936,,0.1617145538330078,,0.17295676469802856,,0.9178181886672974,,0.08404285460710526,,0.1179010421037674,,0.9375694990158081,,,,,,,,,,,,,,
,,29,,,,,,,,,,,,,,,,0.0016386691713705659,,0.043243408203125,,0.04981786385178566,,1.0003610849380493,,0.08961483091115952,,0.12308858335018158,,1.0019997358322144
,,30,,,,,,,,,,,,,,,,0.0030244220979511738,,0.05480384826660156,,0.06768003106117249,,0.910019040107727,,0.08582191914319992,,0.11739905178546906,,0.9130434393882751
,,31,,,,,,,,,,,,,,,,0.0016651692567393184,,0.0441131591796875,,0.05021905153989792,,0.616610586643219,,0.07205494493246078,,0.0966373085975647,,0.6182757616043091
,,32,,,,,,,,,,,,,,,,0.0021490526851266623,,0.04754638671875,,0.05705094337463379,,0.8664993643760681,,0.08329106867313385,,0.11455748230218887,,0.8686484098434448
,,33,,,,,,,,,,,,,,,,0.001235002651810646,,0.0380859375,,0.04324871674180031,,0.5376219749450684,,0.068817637860775,,0.09023558348417282,,0.5388569831848145
,,34,,,,,,,,,,,,,,,,0.0014524136204272509,,0.039730072021484375,,0.04690127447247505,,0.6518173217773438,,0.07454269379377365,,0.09935787320137024,,0.6532697081565857
,,35,,,,,,,,,,,,,,,,0.0025109914131462574,,0.0537109375,,0.0616682805120945,,0.5858078002929688,,0.0669436901807785,,0.09419262409210205,,0.5883187651634216
,,36,,,,,,,,,,,,,,,,0.0024690243881195784,,0.0543670654296875,,0.061150770634412766,,0.44724196195602417,,0.060129314661026,,0.0823020413517952,,0.44971099495887756
,,37,,,,,,,,,,,,,,,,0.0005857262876816094,,0.028425216674804688,,0.029784247279167175,,0.5734894871711731,,0.06970465928316116,,0.09319702535867691,,0.5740752220153809
,,38,,,,,,,,,,,,,,,,0.0018438550177961588,,0.04033851623535156,,0.05284486338496208,,0.8784546256065369,,0.08032643049955368,,0.1153450608253479,,0.8802984952926636
,,39,,,,,,,,,,,,,,,,0.0013956120237708092,,0.037250518798828125,,0.04597499221563339,,0.4821004867553711,,0.06380879878997803,,0.08544921875,,0.4834960997104645
,,40,,,,,,,,,,,,,,,,0.0009728698059916496,,0.03528022766113281,,0.038385458290576935,,1.141279935836792,,0.09452848136425018,,0.1314726620912552,,1.142252802848816
,,41,,,,,,,,,,,,,,,,0.001882926793769002,,0.04479408264160156,,0.05340183153748512,,0.8826478123664856,,0.08932896703481674,,0.11562003195285797,,0.8845307230949402
,,42,,,,,,,,,,,,,,,,0.0034362622536718845,,0.05385017395019531,,0.07214103639125824,,1.1368769407272339,,0.09268777817487717,,0.1312187910079956,,1.1403131484985352
,,43,,,,,,,,,,,,,,,,0.0019157427595928311,,0.04238128662109375,,0.05386515334248543,,0.9285976886749268,,0.08442717790603638,,0.11859137564897537,,0.9305134415626526
,,44,,,,,,,,,,,,,,,,0.0021638255566358566,,0.0494232177734375,,0.057246703654527664,,0.4841519892215729,,0.06491094827651978,,0.08563083410263062,,0.4863158166408539
,,45,,,,,,,,,,,,,,,,0.0021687201224267483,,0.045459747314453125,,0.05731140077114105,,0.6679582595825195,,0.07572726160287857,,0.10058055073022842,,0.6701269745826721
,,46,,,,,,,,,,,,,,,,0.0007690771017223597,,0.03121185302734375,,0.0341290682554245,,0.3952702581882477,,0.060499221086502075,,0.07737245410680771,,0.39603933691978455
,,47,,,,,,,,,,,,,,,,0.002457462251186371,,0.05653190612792969,,0.06100744754076004,,0.4640767276287079,,0.06010286509990692,,0.08383671194314957,,0.46653419733047485
,,48,,,,,,,,,,,,,,,,0.0031963977962732315,,0.06213188171386719,,0.0695776715874672,,0.7857030034065247,,0.08015459030866623,,0.10908588021993637,,0.7888994216918945
,,49,,,,,,,,,,,,,,,,0.0017878325888887048,,0.046024322509765625,,0.0520358569920063,,0.7600294947624207,,0.07876547425985336,,0.10728883743286133,,0.7618173360824585
,,50,,,,,,,,,,,,,,,,0.001775588607415557,,0.04685211181640625,,0.0518573634326458,,0.6293402314186096,,0.07580799609422684,,0.09762972593307495,,0.6311157941818237
,,51,,,,,,,,,,,,,,,,0.00166844273917377,,0.04702949523925781,,0.05026838928461075,,0.38043877482414246,,0.05892328917980194,,0.07590698450803757,,0.3821072280406952
,,52,,,,,,,,,,,,,,,,0.001869558123871684,,0.04347801208496094,,0.053211912512779236,,0.5370764136314392,,0.07023124396800995,,0.09018978476524353,,0.5389459729194641
,,53,,,,,,,,,,,,,,,,0.002938015852123499,,0.06258773803710938,,0.06670623272657394,,0.5318078398704529,,0.06632716953754425,,0.08974632620811462,,0.5347458720207214
,,54,,,,,,,,,,,,,,,,0.0018491619266569614,,0.048427581787109375,,0.052920863032341,,0.7300177812576294,,0.07366415113210678,,0.10514922440052032,,0.7318669557571411
,,55,,,,,,,,,,,,,,,,0.0030721891671419144,,0.06020355224609375,,0.06821239739656448,,0.5470629930496216,,0.06574922800064087,,0.09102442860603333,,0.5501351952552795
,,56,,,,,,,,,,,,,,,,0.002868187613785267,,0.05780792236328125,,0.0659087598323822,,0.5471488237380981,,0.06699061393737793,,0.09103158116340637,,0.5500169992446899
,,57,,,,,,,,,,,,,,,,0.0012830899795517325,,0.0440826416015625,,0.0440826416015625,,0.47659751772880554,,0.06988325715065002,,0.08496014028787613,,0.477880597114563
1,,253,,,,,,,,,,,,,,,0.002023914363235235,,0.0469546839594841,,0.05440137907862663,,0.6812118887901306,,0.07404862344264984,,0.10040029138326645,,0.6770396828651428,
1,,253,0.24663348495960236,,0.5742272138595581,,0.5778747797012329,,1.0921268463134766,,0.09234970808029175,,0.12673352658748627,,1.3384888172149658,,,,,,,,,,,,,,,
,0.0005,254,,,,,,,,,,,,,,,,,,,,,,,,,,,,
2,,259,,0.09159556031227112,,0.3661642074584961,,0.37245845794677734,,1.1875098943710327,,0.10260326415300369,,0.1341090053319931,,1.2791054248809814,,,,,,,,,,,,,,
2,,269,,0.26403379440307617,,0.6319675445556641,,0.6323660016059875,,0.6358596682548523,,0.07279714941978455,,0.0981341078877449,,0.8998934626579285,,,,,,,,,,,,,,
2,,279,,0.2688138484954834,,0.637242317199707,,0.6380629539489746,,0.5892894864082336,,0.0692385733127594,,0.09447213262319565,,0.858103334903717,,,,,,,,,,,,,,
2,,289,,0.4261769950389862,,0.8030061721801758,,0.8034039735794067,,0.49049657583236694,,0.06604348123073578,,0.08619008958339691,,0.9166735410690308,,,,,,,,,,,,,,
2,,299,,0.014660087414085865,,0.13811016082763672,,0.14900848269462585,,1.041894793510437,,0.09217584878206253,,0.12561781704425812,,1.056554913520813,,,,,,,,,,,,,,
2,,309,,0.13126908242702484,,0.4443244934082031,,0.4458819329738617,,0.5653995275497437,,0.07043376564979553,,0.09253735095262527,,0.6966686248779297,,,,,,,,,,,,,,
2,,319,,0.19114574790000916,,0.5369482040405273,,0.538048267364502,,0.549506425857544,,0.06789453327655792,,0.09122748672962189,,0.7406522035598755,,,,,,,,,,,,,,
2,,329,,0.14655518531799316,,0.4678668975830078,,0.4711291193962097,,0.641666054725647,,0.07230550050735474,,0.09858115762472153,,0.7882212400436401,,,,,,,,,,,,,,
2,,339,,0.12505187094211578,,0.43335914611816406,,0.4351966083049774,,0.398986279964447,,0.057645559310913086,,0.07773531228303909,,0.5240381360054016,,,,,,,,,,,,,,
2,,349,,0.19281312823295593,,0.5384063720703125,,0.5403903722763062,,0.4750404357910156,,0.06116075813770294,,0.08482123911380768,,0.667853593826294,,,,,,,,,,,,,,
2,,359,,0.17847734689712524,,0.5187520980834961,,0.5199140310287476,,0.4206308126449585,,0.06034679710865021,,0.07981598377227783,,0.5991081595420837,,,,,,,,,,,,,,
2,,369,,0.19725100696086884,,0.5458383560180664,,0.546572744846344,,0.3177613615989685,,0.05163208022713661,,0.06937289983034134,,0.5150123834609985,,,,,,,,,,,,,,
2,,379,,0.12072539329528809,,0.4254646301269531,,0.4276018738746643,,0.38842713832855225,,0.05590157210826874,,0.07669978588819504,,0.5091525316238403,,,,,,,,,,,,,,
,,58,,,,,,,,,,,,,,,,0.00251776073127985,,0.05308723449707031,,0.0617513582110405,,0.5271478295326233,,0.06802691519260406,,0.08935225754976273,,0.5296655893325806
,,59,,,,,,,,,,,,,,,,0.0030818404629826546,,0.05607795715332031,,0.06831948459148407,,0.5216642618179321,,0.06546972692012787,,0.0888863131403923,,0.5247461199760437
,,60,,,,,,,,,,,,,,,,0.0009817593963816762,,0.03573417663574219,,0.0385604165494442,,0.3459104001522064,,0.05409648269414902,,0.0723804235458374,,0.3468921482563019
,,61,,,,,,,,,,,,,,,,0.002034139120951295,,0.04778099060058594,,0.055504683405160904,,0.4992740750312805,,0.06547058373689651,,0.08695786446332932,,0.5013082027435303
,,62,,,,,,,,,,,,,,,,0.001309479819610715,,0.04186248779296875,,0.04453368857502937,,0.32636305689811707,,0.053137391805648804,,0.07030558586120605,,0.32767254114151
,,63,,,,,,,,,,,,,,,,0.0013684006407856941,,0.039394378662109375,,0.04552457109093666,,0.3717215955257416,,0.057678427547216415,,0.0750322937965393,,0.373089998960495
,,64,,,,,,,,,,,,,,,,0.0022498767357319593,,0.04659271240234375,,0.05837389454245567,,0.36902886629104614,,0.05348270386457443,,0.07476002722978592,,0.3712787330150604
,,65,,,,,,,,,,,,,,,,0.0009898728458210826,,0.030948638916015625,,0.03871944174170494,,0.24036864936351776,,0.04589242488145828,,0.060336243361234665,,0.24135851860046387
,,66,,,,,,,,,,,,,,,,0.0022885710932314396,,0.05650901794433594,,0.0588737428188324,,0.35013699531555176,,0.05489843338727951,,0.07282128185033798,,0.35242557525634766
,,67,,,,,,,,,,,,,,,,0.0036825425922870636,,0.06594276428222656,,0.07468152791261673,,0.4943956732749939,,0.06222214177250862,,0.08653198182582855,,0.49807822704315186
,,68,,,,,,,,,,,,,,,,0.0014944539871066809,,0.043621063232421875,,0.04757518693804741,,0.2932754158973694,,0.04949955269694328,,0.06664646416902542,,0.29476988315582275
,,69,,,,,,,,,,,,,,,,0.0025628579314798117,,0.05843353271484375,,0.06230190768837929,,0.6813387274742126,,0.07438668608665466,,0.10158296674489975,,0.6839016079902649
,,70,,,,,,,,,,,,,,,,0.0028628488071262836,,0.05730247497558594,,0.06584741175174713,,0.5677722692489624,,0.071464404463768,,0.09273131936788559,,0.5706351399421692
,,71,,,,,,,,,,,,,,,,0.005356529727578163,,0.07302474975585938,,0.09007017314434052,,0.6698753237724304,,0.07264160364866257,,0.10072477906942368,,0.6752318739891052
,,72,,,,,,,,,,,,,,,,0.0017672735266387463,,0.04965782165527344,,0.05173582211136818,,0.538627028465271,,0.06514453142881393,,0.09031988680362701,,0.5403943061828613
,,73,,,,,,,,,,,,,,,,0.0012531892862170935,,0.037975311279296875,,0.04356599971652031,,0.266286164522171,,0.04855575039982796,,0.06350583583116531,,0.2675393521785736
,,74,,,,,,,,,,,,,,,,0.00348856532946229,,0.05717277526855469,,0.07268798351287842,,0.41394877433776855,,0.0594380646944046,,0.07917948067188263,,0.417437344789505
,,75,,,,,,,,,,,,,,,,0.0017195020336657763,,0.04991340637207031,,0.05103178322315216,,0.24052280187606812,,0.04687938094139099,,0.06035558134317398,,0.24224230647087097
,,76,,,,,,,,,,,,,,,,0.002237863838672638,,0.04512786865234375,,0.058217860758304596,,0.2749845087528229,,0.048441171646118164,,0.06453472375869751,,0.2772223651409149
,,77,,,,,,,,,,,,,,,,0.0041027311235666275,,0.06328773498535156,,0.0788271501660347,,0.4485592246055603,,0.06265228986740112,,0.0824231505393982,,0.4526619613170624
,,78,,,,,,,,,,,,,,,,0.0019597820937633514,,0.046306610107421875,,0.05448080226778984,,0.4731833338737488,,0.062371473759412766,,0.0846552774310112,,0.47514310479164124
,,79,,,,,,,,,,,,,,,,0.0021501409355551004,,0.04841804504394531,,0.057065390050411224,,0.4184129238128662,,0.062085844576358795,,0.07960527390241623,,0.42056307196617126
,,80,,,,,,,,,,,,,,,,0.0010172722395509481,,0.03427886962890625,,0.03925163671374321,,0.25116288661956787,,0.04859122261404991,,0.06167612224817276,,0.25218015909194946
,,81,,,,,,,,,,,,,,,,0.00186484947334975,,0.04509735107421875,,0.053144846111536026,,0.3205309510231018,,0.05342762917280197,,0.06967457383871078,,0.32239580154418945
,,82,,,,,,,,,,,,,,,,0.0007034545997157693,,0.030412673950195312,,0.03264053910970688,,0.3025151193141937,,0.05028141289949417,,0.06768818199634552,,0.3032185733318329
,,83,,,,,,,,,,,,,,,,0.0014548043254762888,,0.043804168701171875,,0.04693982005119324,,0.41047292947769165,,0.05701411888003349,,0.07884635031223297,,0.411927729845047
,,84,,,,,,,,,,,,,,,,0.0012032247614115477,,0.03513526916503906,,0.04268869012594223,,0.3275845944881439,,0.05101270228624344,,0.07043702900409698,,0.32878783345222473
,,85,,,,,,,,,,,,,,,,0.002698184922337532,,0.05105781555175781,,0.06392567604780197,,0.3666975200176239,,0.053422778844833374,,0.07452350854873657,,0.3693957030773163
,,86,,,,,,,,,,,,,,,,0.00257036997936666,,0.0623931884765625,,0.0623931884765625,,0.30683666467666626,,0.054824408143758774,,0.06816994398832321,,0.3094070255756378
2,,380,,,,,,,,,,,,,,,0.0021590422838926315,,0.04806247353553772,,0.055631671100854874,,0.40355968475341797,,0.057761386036872864,,0.07733319699764252,,0.40281277894973755,
2,,380,0.18805785477161407,,0.5163044333457947,,0.5180411338806152,,0.5952720046043396,,0.06999897211790085,,0.09372677654027939,,0.7833449244499207,,,,,,,,,,,,,,,
,0.0005,381,,,,,,,,,,,,,,,,,,,,,,,,,,,,
3,,389,,0.18900331854820251,,0.5337095260620117,,0.5350240468978882,,0.46064579486846924,,0.06127878651022911,,0.08352622389793396,,0.6496491432189941,,,,,,,,,,,,,,
3,,399,,0.08394619077444077,,0.35331153869628906,,0.3565659523010254,,0.4872197210788727,,0.06553524732589722,,0.08590169996023178,,0.571165919303894,,,,,,,,,,,,,,
3,,409,,0.03694502264261246,,0.2341442108154297,,0.2365465760231018,,0.4366314113140106,,0.059273771941661835,,0.0813198983669281,,0.4735764265060425,,,,,,,,,,,,,,
3,,419,,0.053812529891729355,,0.2804374694824219,,0.2854843735694885,,0.46986961364746094,,0.06154641509056091,,0.0843583345413208,,0.5236821174621582,,,,,,,,,,,,,,
3,,429,,0.18498536944389343,,0.5281639099121094,,0.5293086171150208,,0.5007374882698059,,0.06617188453674316,,0.08708520978689194,,0.685722827911377,,,,,,,,,,,,,,
3,,439,,0.028671514242887497,,0.20163536071777344,,0.20838353037834167,,0.8079679608345032,,0.0827203169465065,,0.11062069982290268,,0.8366394639015198,,,,,,,,,,,,,,
3,,449,,0.03140634298324585,,0.21421146392822266,,0.21809722483158112,,0.42628803849220276,,0.060375723987817764,,0.08035092055797577,,0.4576943814754486,,,,,,,,,,,,,,
3,,459,,0.10838571935892105,,0.40439701080322266,,0.4051571190357208,,0.39382562041282654,,0.05983967334032059,,0.07723093777894974,,0.502211332321167,,,,,,,,,,,,,,
3,,469,,0.01748969778418541,,0.16004180908203125,,0.16275496780872345,,0.439139187335968,,0.05880254879593849,,0.08155309408903122,,0.4566288888454437,,,,,,,,,,,,,,
3,,479,,0.11413988471031189,,0.4148845672607422,,0.4157746732234955,,0.40927571058273315,,0.058401379734277725,,0.07873127609491348,,0.5234155654907227,,,,,,,,,,,,,,
3,,489,,0.19383496046066284,,0.5415248870849609,,0.5418221354484558,,0.2245197296142578,,0.04470546171069145,,0.05831315740942955,,0.41835469007492065,,,,,,,,,,,,,,
3,,499,,0.12530311942100525,,0.4352531433105469,,0.4356321692466736,,0.4135349690914154,,0.0596650205552578,,0.07913989573717117,,0.5388380885124207,,,,,,,,,,,,,,
,,87,,,,,,,,,,,,,,,,0.0006334531353786588,,0.025516510009765625,,0.030973976477980614,,0.3463820815086365,,0.055865269154310226,,0.07242976129055023,,0.34701552987098694
,,88,,,,,,,,,,,,,,,,0.0007882145000621676,,0.02495574951171875,,0.03455109894275665,,0.3650600016117096,,0.054607708007097244,,0.07435693591833115,,0.36584821343421936
,,89,,,,,,,,,,,,,,,,0.000178552174475044,,0.012477874755859375,,0.01644454151391983,,0.2408195585012436,,0.045319512486457825,,0.06039280444383621,,0.24099810421466827
,,90,,,,,,,,,,,,,,,,0.00043242069659754634,,0.020816802978515625,,0.025591304525732994,,0.3506429195404053,,0.05537222698330879,,0.07287387549877167,,0.35107535123825073
,,91,,,,,,,,,,,,,,,,0.00020560059056151658,,0.013689041137695312,,0.01764620654284954,,0.2450283318758011,,0.046092670410871506,,0.060918260365724564,,0.2452339380979538
,,92,,,,,,,,,,,,,,,,0.00034198234789073467,,0.014965057373046875,,0.022758375853300095,,0.25241509079933167,,0.0475805401802063,,0.06182967871427536,,0.25275707244873047
,,93,,,,,,,,,,,,,,,,0.0003467039205133915,,0.019712448120117188,,0.02291494980454445,,0.2492215782403946,,0.044943537563085556,,0.06143730878829956,,0.24956828355789185
,,94,,,,,,,,,,,,,,,,0.0006171769928187132,,0.024881362915039062,,0.03057342953979969,,0.17504647374153137,,0.03940717130899429,,0.05148918926715851,,0.17566365003585815
,,95,,,,,,,,,,,,,,,,0.00028137938352301717,,0.018644332885742188,,0.020643604919314384,,0.24817317724227905,,0.04651663079857826,,0.06130794435739517,,0.24845455586910248
,,96,,,,,,,,,,,,,,,,0.0006346385926008224,,0.02191162109375,,0.031002914533019066,,0.337109237909317,,0.05179242417216301,,0.07145369052886963,,0.337743878364563
,,97,,,,,,,,,,,,,,,,0.00016448198584839702,,0.014753341674804688,,0.01578330807387829,,0.21090328693389893,,0.04276750236749649,,0.05651724711060524,,0.21106776595115662
,,98,,,,,,,,,,,,,,,,0.00043415301479399204,,0.019647598266601562,,0.025642484426498413,,0.4804597795009613,,0.06341826915740967,,0.08530369400978088,,0.48089393973350525
,,99,,,,,,,,,,,,,,,,0.0005034971400164068,,0.022993087768554688,,0.02761451154947281,,0.3961215317249298,,0.05984458327293396,,0.07745572924613953,,0.3966250419616699
,,100,,,,,,,,,,,,,,,,0.0015885618049651384,,0.034519195556640625,,0.049050264060497284,,0.4391830861568451,,0.059851475059986115,,0.08155716210603714,,0.4407716393470764
,,101,,,,,,,,,,,,,,,,0.00018000847194343805,,0.013040542602539062,,0.01651148684322834,,0.37024354934692383,,0.05408313125371933,,0.07488297671079636,,0.3704235553741455
,,102,,,,,,,,,,,,,,,,0.00015172347775660455,,0.014019012451171875,,0.015158833004534245,,0.1771864891052246,,0.039972659200429916,,0.051802970468997955,,0.17733821272850037
,,103,,,,,,,,,,,,,,,,0.0007384778000414371,,0.021833419799804688,,0.033443208783864975,,0.27953189611434937,,0.049875132739543915,,0.0650661364197731,,0.28027036786079407
,,104,,,,,,,,,,,,,,,,0.0001366066571790725,,0.012195587158203125,,0.014383846893906593,,0.17214271426200867,,0.039299529045820236,,0.05106033757328987,,0.17227932810783386
,,105,,,,,,,,,,,,,,,,0.00035132578341290355,,0.018733978271484375,,0.023067181929945946,,0.19846095144748688,,0.041367657482624054,,0.05482477322220802,,0.19881227612495422
,,106,,,,,,,,,,,,,,,,0.0009214483434334397,,0.027662277221679688,,0.03735722601413727,,0.30375027656555176,,0.05218975245952606,,0.06782622635364532,,0.3046717345714569
,,107,,,,,,,,,,,,,,,,0.0003221147635485977,,0.017124176025390625,,0.022087441757321358,,0.3495018482208252,,0.053942542523145676,,0.07275520265102386,,0.3498239517211914
,,108,,,,,,,,,,,,,,,,0.0003203994710929692,,0.017168045043945312,,0.022028518840670586,,0.31337979435920715,,0.053796540945768356,,0.0688929557800293,,0.31370019912719727
,,109,,,,,,,,,,,,,,,,0.00018114304111804813,,0.015245437622070312,,0.016563426703214645,,0.190922349691391,,0.042451564222574234,,0.0537734292447567,,0.1911034882068634
,,110,,,,,,,,,,,,,,,,0.00047033707960508764,,0.021030426025390625,,0.026689724996685982,,0.23497681319713593,,0.04589327052235603,,0.05965568125247955,,0.23544715344905853
,,111,,,,,,,,,,,,,,,,0.00047970309969969094,,0.018140792846679688,,0.02695414051413536,,0.2141137421131134,,0.04202719032764435,,0.056945785880088806,,0.21459344029426575
,,112,,,,,,,,,,,,,,,,0.00016344465257134289,,0.013044357299804688,,0.015733473002910614,,0.2947406470775604,,0.04787700995802879,,0.06681274622678757,,0.29490408301353455
,,113,,,,,,,,,,,,,,,,0.0006240905495360494,,0.02622222900390625,,0.030744196847081184,,0.22734268009662628,,0.04286888614296913,,0.05867861211299896,,0.227966770529747
,,114,,,,,,,,,,,,,,,,0.0007792371325194836,,0.027528762817382812,,0.034353747963905334,,0.2369709312915802,,0.04367964714765549,,0.05990828201174736,,0.23775017261505127
,,115,,,,,,,,,,,,,,,,0.0009631235152482986,,0.0381927490234375,,0.0381927490234375,,0.2198946177959442,,0.045818064361810684,,0.057709407061338425,,0.22085773944854736
3,,507,,,,,,,,,,,,,,,0.0004654672520700842,,0.019813232123851776,,0.025281473994255066,,0.28186020255088806,,0.04865533113479614,,0.06469060480594635,,0.2804710566997528,
3,,507,0.12506452202796936,,0.41170698404312134,,0.41337165236473083,,0.43900367617607117,,0.060533493757247925,,0.0807807669043541,,0.564095675945282,,,,,,,,,,,,,,,
,0.0005,508,,,,,,,,,,,,,,,,,,,,,,,,,,,,
4,,509,,0.03001302294433117,,0.2094879150390625,,0.21320539712905884,,0.3484807014465332,,0.052962932735681534,,0.07264884561300278,,0.3784937262535095,,,,,,,,,,,,,,
4,,519,,0.10294101387262344,,0.3940896987915039,,0.3948501646518707,,0.31636154651641846,,0.05098722130060196,,0.0692199245095253,,0.4193025529384613,,,,,,,,,,,,,,
4,,529,,0.0871128961443901,,0.3589210510253906,,0.36322838068008423,,0.5285934805870056,,0.06681570410728455,,0.08947470039129257,,0.6157063841819763,,,,,,,,,,,,,,
4,,539,,0.002280204091221094,,0.05163097381591797,,0.05876671522855759,,0.38425135612487793,,0.058736398816108704,,0.07628638297319412,,0.3865315616130829,,,,,,,,,,,,,,
4,,549,,0.30492913722991943,,0.676783561706543,,0.6795781254768372,,0.46240538358688354,,0.0650787502527237,,0.08368561416864395,,0.767334520816803,,,,,,,,,,,,,,
4,,559,,0.08751022815704346,,0.3631143569946289,,0.3640553653240204,,0.42126768827438354,,0.05868087336421013,,0.0798763856291771,,0.508777916431427,,,,,,,,,,,,,,
4,,569,,0.04270167648792267,,0.25346946716308594,,0.25430965423583984,,0.365591436624527,,0.0564427450299263,,0.07441103458404541,,0.40829312801361084,,,,,,,,,,,,,,
4,,579,,0.06920379400253296,,0.32155609130859375,,0.3237459659576416,,0.38237306475639343,,0.05732790008187294,,0.0760997012257576,,0.4515768587589264,,,,,,,,,,,,,,
4,,589,,0.06392128765583038,,0.3094816207885742,,0.3111458420753479,,0.28544187545776367,,0.05040598660707474,,0.0657503679394722,,0.34936314821243286,,,,,,,,,,,,,,
4,,599,,0.1200227290391922,,0.42595386505126953,,0.426352322101593,,0.2752607464790344,,0.05014125630259514,,0.06456712633371353,,0.39528346061706543,,,,,,,,,,,,,,
4,,609,,0.09677626192569733,,0.38147830963134766,,0.38284558057785034,,0.2682358920574188,,0.04775312915444374,,0.0637379065155983,,0.36501216888427734,,,,,,,,,,,,,,
4,,619,,0.11385418474674225,,0.41400909423828125,,0.41525447368621826,,0.6684698462486267,,0.07654453814029694,,0.10061906278133392,,0.7823240160942078,,,,,,,,,,,,,,
4,,629,,0.002729528583586216,,0.05783367156982422,,0.06429556757211685,,0.38674935698509216,,0.05607128143310547,,0.07653395086526871,,0.3894788920879364,,,,,,,,,,,,,,
,,116,,,,,,,,,,,,,,,,0.0005723215872421861,,0.026340484619140625,,0.029441464692354202,,0.2581312656402588,,0.04801391810178757,,0.06252585351467133,,0.2587035894393921
,,117,,,,,,,,,,,,,,,,0.0006287111900746822,,0.02599334716796875,,0.030857795849442482,,0.2804740369319916,,0.04795757308602333,,0.06517568975687027,,0.2811027467250824
,,118,,,,,,,,,,,,,,,,0.00027544418117031455,,0.014032363891601562,,0.02042471244931221,,0.19274187088012695,,0.04076648876070976,,0.05402905493974686,,0.19301731884479523
,,119,,,,,,,,,,,,,,,,0.0004149912856519222,,0.019161224365234375,,0.02507026307284832,,0.28820639848709106,,0.05067189037799835,,0.06606799364089966,,0.2886213958263397
,,120,,,,,,,,,,,,,,,,0.00018600092153064907,,0.013906478881835938,,0.016784057021141052,,0.19045478105545044,,0.04137324541807175,,0.053707536309957504,,0.19064077734947205
,,121,,,,,,,,,,,,,,,,0.00043839093996211886,,0.021867752075195312,,0.025767365470528603,,0.1961357146501541,,0.041440945118665695,,0.05450265854597092,,0.1965741068124771
,,122,,,,,,,,,,,,,,,,0.00033268111292272806,,0.01973724365234375,,0.02244674786925316,,0.19238735735416412,,0.03940529376268387,,0.053979337215423584,,0.19272004067897797
,,123,,,,,,,,,,,,,,,,0.000707104045432061,,0.025674819946289062,,0.03272508829832077,,0.13433733582496643,,0.03471603989601135,,0.04510635510087013,,0.13504444062709808
,,124,,,,,,,,,,,,,,,,0.00012831669300794601,,0.010862350463867188,,0.013940585777163506,,0.19564132392406464,,0.041420020163059235,,0.054433923214673996,,0.19576963782310486
,,125,,,,,,,,,,,,,,,,0.00026778210303746164,,0.011837005615234375,,0.020138632506132126,,0.26000264286994934,,0.04623604565858841,,0.06275209039449692,,0.2602704167366028
,,126,,,,,,,,,,,,,,,,0.0002037599333561957,,0.012750625610351562,,0.017567036673426628,,0.1632690131664276,,0.0383109524846077,,0.04972687363624573,,0.16347277164459229
,,127,,,,,,,,,,,,,,,,0.0002431580505799502,,0.014232635498046875,,0.019190335646271706,,0.3650107681751251,,0.055381570011377335,,0.07435191422700882,,0.36525392532348633
,,128,,,,,,,,,,,,,,,,0.0003163224901072681,,0.017557144165039062,,0.021887943148612976,,0.32258307933807373,,0.053953878581523895,,0.06989725679159164,,0.32289940118789673
,,129,,,,,,,,,,,,,,,,0.0010616043582558632,,0.03237724304199219,,0.040097810328006744,,0.3288550078868866,,0.052600231021642685,,0.07057348638772964,,0.3299166262149811
,,130,,,,,,,,,,,,,,,,6.053224205970764e-05,,0.007534027099609375,,0.009574863128364086,,0.2837066650390625,,0.04720558971166611,,0.06555020809173584,,0.2837671935558319
,,131,,,,,,,,,,,,,,,,0.00015892722876742482,,0.01241302490234375,,0.01551451999694109,,0.14776861667633057,,0.036370713263750076,,0.04730755090713501,,0.14792753756046295
,,132,,,,,,,,,,,,,,,,0.0005093806539662182,,0.0196533203125,,0.027775410562753677,,0.23904277384281158,,0.04612753912806511,,0.06016959995031357,,0.23955215513706207
,,133,,,,,,,,,,,,,,,,4.448217077879235e-05,,0.006916046142578125,,0.008207902312278748,,0.14166401326656342,,0.035783976316452026,,0.04632005840539932,,0.14170849323272705
,,134,,,,,,,,,,,,,,,,0.0003131367266178131,,0.01892852783203125,,0.021777421236038208,,0.15826648473739624,,0.0369550958275795,,0.04895913973450661,,0.15857961773872375
,,135,,,,,,,,,,,,,,,,0.0006044888868927956,,0.0242919921875,,0.03025755286216736,,0.22878523170948029,,0.04538337513804436,,0.05886447802186012,,0.2293897271156311
,,136,,,,,,,,,,,,,,,,0.0003402652801014483,,0.019453048706054688,,0.022701166570186615,,0.2790740132331848,,0.048399776220321655,,0.06501282006502151,,0.27941426634788513
,,137,,,,,,,,,,,,,,,,0.00022198946680873632,,0.016998291015625,,0.018336020410060883,,0.24570053815841675,,0.04751548171043396,,0.06100175902247429,,0.2459225207567215
,,138,,,,,,,,,,,,,,,,0.00033740163780748844,,0.01827239990234375,,0.022605447098612785,,0.15291039645671844,,0.03812733665108681,,0.04812357574701309,,0.15324780344963074
,,139,,,,,,,,,,,,,,,,0.0003972766571678221,,0.020904541015625,,0.024529341608285904,,0.18817633390426636,,0.04091417044401169,,0.05338531732559204,,0.18857361376285553
,,140,,,,,,,,,,,,,,,,0.000642112921923399,,0.023180007934570312,,0.031184954568743706,,0.17119097709655762,,0.03817266970872879,,0.05091898888349533,,0.1718330830335617
,,141,,,,,,,,,,,,,,,,0.00015745137352496386,,0.011327743530273438,,0.015442317351698875,,0.22351767122745514,,0.042202528566122055,,0.058182887732982635,,0.22367511689662933
,,142,,,,,,,,,,,,,,,,0.000761393690481782,,0.02761077880859375,,0.03395814448595047,,0.175301656126976,,0.03760894015431404,,0.05152670294046402,,0.17606304585933685
,,143,,,,,,,,,,,,,,,,0.0006825979799032211,,0.026006698608398438,,0.03215302526950836,,0.18346664309501648,,0.03850715979933739,,0.052713025361299515,,0.18414923548698425
,,144,,,,,,,,,,,,,,,,0.00020401604706421494,,0.017578125,,0.017578125,,0.1675058752298355,,0.040880605578422546,,0.05036795511841774,,0.16770988702774048
4,,634,,,,,,,,,,,,,,,0.0003923032491002232,,0.018560655415058136,,0.02320196107029915,,0.22071968019008636,,0.04325804114341736,,0.05728576332330704,,0.21950072050094604,
4,,634,0.11323090642690659,,0.36274707317352295,,0.3652473986148834,,0.41685450077056885,,0.05813312530517578,,0.07743492722511292,,0.5301242470741272,,,,,,,,,,,,,,,
,0.0005,635,,,,,,,,,,,,,,,,,,,,,,,,,,,,
5,,639,,0.007434661500155926,,0.09688663482666016,,0.10611540824174881,,0.5699871778488159,,0.06914784014225006,,0.09291201084852219,,0.5774218440055847,,,,,,,,,,,,,,
5,,649,,0.017420552670955658,,0.16023635864257812,,0.16243089735507965,,0.4092945158481598,,0.05827441066503525,,0.07873308658599854,,0.42671507596969604,,,,,,,,,,,,,,
5,,659,,0.0039209239184856415,,0.06869792938232422,,0.07706177979707718,,0.4719107449054718,,0.06443244963884354,,0.08454136550426483,,0.47583165764808655,,,,,,,,,,,,,,
5,,669,,0.00337786553427577,,0.06358718872070312,,0.0715235099196434,,0.5371329188346863,,0.06896699219942093,,0.09019453078508377,,0.5405107736587524,,,,,,,,,,,,,,
5,,679,,0.04974247142672539,,0.26644420623779297,,0.2744757831096649,,0.6424407362937927,,0.07453443855047226,,0.09864063560962677,,0.6921831965446472,,,,,,,,,,,,,,
5,,689,,0.031362131237983704,,0.2122812271118164,,0.21794232726097107,,0.47381478548049927,,0.06500061601400375,,0.08471175283193588,,0.5051769018173218,,,,,,,,,,,,,,
5,,699,,0.03842099756002426,,0.23923110961914062,,0.24122807383537292,,0.7641425132751465,,0.07847349345684052,,0.10757875442504883,,0.802563488483429,,,,,,,,,,,,,,
5,,709,,0.03678574413061142,,0.228179931640625,,0.23603656888008118,,0.6041446924209595,,0.06876352429389954,,0.09565545618534088,,0.6409304141998291,,,,,,,,,,,,,,
5,,719,,0.001568023581057787,,0.03879737854003906,,0.0487314835190773,,0.38696491718292236,,0.058426063507795334,,0.0765552744269371,,0.38853293657302856,,,,,,,,,,,,,,
5,,729,,0.00214870716445148,,0.050960540771484375,,0.05704726651310921,,0.36129599809646606,,0.055863697081804276,,0.07397260516881943,,0.3634447157382965,,,,,,,,,,,,,,
5,,739,,0.004592626355588436,,0.0772247314453125,,0.08340038359165192,,0.38876157999038696,,0.060385823249816895,,0.07673279196023941,,0.393354207277298,,,,,,,,,,,,,,
5,,749,,0.004991710186004639,,0.08106803894042969,,0.08695093542337418,,0.31860336661338806,,0.052152350544929504,,0.06946475803852081,,0.3235950767993927,,,,,,,,,,,,,,
5,,759,,0.16759073734283447,,0.5033378601074219,,0.5038071870803833,,0.36296945810317993,,0.05620728060603142,,0.07414372265338898,,0.5305601954460144,,,,,,,,,,,,,,
,,145,,,,,,,,,,,,,,,,0.0007925596437416971,,0.026704788208007812,,0.03464618697762489,,0.21889880299568176,,0.044010844081640244,,0.057578589767217636,,0.21969136595726013
,,146,,,,,,,,,,,,,,,,0.0004238404508214444,,0.020597457885742188,,0.025336183607578278,,0.250470906496048,,0.04532916471362114,,0.06159110367298126,,0.2508947551250458
,,147,,,,,,,,,,,,,,,,0.00024432348436675966,,0.01494598388671875,,0.019236300140619278,,0.17228609323501587,,0.03779624029994011,,0.051081594079732895,,0.1725304126739502
,,148,,,,,,,,,,,,,,,,0.00029133944190107286,,0.017286300659179688,,0.021005794405937195,,0.24688805639743805,,0.04668338969349861,,0.0611489973962307,,0.24717938899993896
,,149,,,,,,,,,,,,,,,,0.00015502631140407175,,0.011379241943359375,,0.015322943218052387,,0.16865584254264832,,0.03846082091331482,,0.05054055526852608,,0.1688108742237091
,,150,,,,,,,,,,,,,,,,0.0003364447329659015,,0.0172271728515625,,0.022573361173272133,,0.16685472428798676,,0.03853873535990715,,0.050269968807697296,,0.16719116270542145
,,151,,,,,,,,,,,,,,,,0.00012886362674180418,,0.011936187744140625,,0.01397024653851986,,0.16441050171852112,,0.03672080859541893,,0.04990040883421898,,0.1645393669605255
,,152,,,,,,,,,,,,,,,,0.0004271450743544847,,0.020366668701171875,,0.025434721261262894,,0.11567956209182739,,0.03259100764989853,,0.04185695946216583,,0.11610670387744904
,,153,,,,,,,,,,,,,,,,0.00014531967462971807,,0.01226806640625,,0.014835492707788944,,0.16942806541919708,,0.03836624696850777,,0.05065612867474556,,0.16957338154315948
,,154,,,,,,,,,,,,,,,,0.00028982575167901814,,0.013551712036132812,,0.020951133221387863,,0.2305312603712082,,0.043653421103954315,,0.05908867344260216,,0.23082108795642853
,,155,,,,,,,,,,,,,,,,0.00011878320947289467,,0.011409759521484375,,0.013412716798484325,,0.14096617698669434,,0.035745494067668915,,0.046205829828977585,,0.1410849541425705
,,156,,,,,,,,,,,,,,,,0.0002969363413285464,,0.017322540283203125,,0.021206563338637352,,0.3153165578842163,,0.051662739366292953,,0.06910552084445953,,0.3156135082244873
,,157,,,,,,,,,,,,,,,,0.00024240356287918985,,0.015163421630859375,,0.019160615280270576,,0.26790884137153625,,0.04928572475910187,,0.06369904428720474,,0.26815125346183777
,,158,,,,,,,,,,,,,,,,0.0009866658365353942,,0.029600143432617188,,0.03865664452314377,,0.2690627872943878,,0.047889381647109985,,0.06383607536554337,,0.27004945278167725
,,159,,,,,,,,,,,,,,,,0.0001326338096987456,,0.011064529418945312,,0.014173178002238274,,0.23837445676326752,,0.04310671240091324,,0.06008543074131012,,0.23850709199905396
,,160,,,,,,,,,,,,,,,,6.657897029072046e-05,,0.009380340576171875,,0.010041714645922184,,0.1264754831790924,,0.03382675722241402,,0.0437665693461895,,0.12654206156730652
,,161,,,,,,,,,,,,,,,,0.00031521712662652135,,0.015590667724609375,,0.021849634125828743,,0.19877943396568298,,0.04204157367348671,,0.054868750274181366,,0.19909465312957764
,,162,,,,,,,,,,,,,,,,7.422787166433409e-05,,0.0073299407958984375,,0.0106028588488698,,0.12344992905855179,,0.033611953258514404,,0.043239906430244446,,0.12352415919303894
,,163,,,,,,,,,,,,,,,,0.00022461049957200885,,0.014801025390625,,0.018443968147039413,,0.13685810565948486,,0.034509915858507156,,0.045527584850788116,,0.13708271086215973
,,164,,,,,,,,,,,,,,,,0.0005589908687397838,,0.02335357666015625,,0.029096562415361404,,0.20426353812217712,,0.04245315492153168,,0.055620480328798294,,0.20482252538204193
,,165,,,,,,,,,,,,,,,,0.0002713884168770164,,0.015851974487304688,,0.02027382142841816,,0.24066148698329926,,0.04501214995980263,,0.0603729784488678,,0.2409328818321228
,,166,,,,,,,,,,,,,,,,8.935942605603486e-05,,0.009469985961914062,,0.011633466929197311,,0.2039038985967636,,0.04349273443222046,,0.05557149648666382,,0.20399326086044312
,,167,,,,,,,,,,,,,,,,0.00017021154053509235,,0.013307571411132812,,0.016055859625339508,,0.13141369819641113,,0.035086579620838165,,0.044612817466259,,0.13158391416072845
,,168,,,,,,,,,,,,,,,,0.0003180914791300893,,0.017400741577148438,,0.02194902114570141,,0.16067646443843842,,0.03834936022758484,,0.04933049529790878,,0.16099455952644348
,,169,,,,,,,,,,,,,,,,0.00035481402301229537,,0.015729904174804688,,0.023181408643722534,,0.15484410524368286,,0.036505572497844696,,0.048426900058984756,,0.15519891679286957
,,170,,,,,,,,,,,,,,,,0.00011578518024180084,,0.008777618408203125,,0.013242369517683983,,0.19572170078754425,,0.03951486945152283,,0.05444509908556938,,0.19583748281002045
,,171,,,,,,,,,,,,,,,,0.0004480701172724366,,0.023113250732421875,,0.026050280779600143,,0.15079301595687866,,0.035124052315950394,,0.04778922349214554,,0.15124107897281647
,,172,,,,,,,,,,,,,,,,0.0004326142370700836,,0.019586563110351562,,0.02559705451130867,,0.16024455428123474,,0.03627902641892433,,0.049264151602983475,,0.16067716479301453
,,173,,,,,,,,,,,,,,,,0.0004670419730246067,,0.0265960693359375,,0.0265960693359375,,0.13462772965431213,,0.03682004660367966,,0.04515507444739342,,0.1350947767496109
5,,761,,,,,,,,,,,,,,,0.0003025938058272004,,0.015923257917165756,,0.0203116312623024,,0.18988966941833496,,0.04018670693039894,,0.05316002666950226,,0.1885298192501068,
5,,761,0.03145155310630798,,0.1708468198776245,,0.1764972060918808,,0.5073703527450562,,0.06429875642061234,,0.0861765518784523,,0.538770854473114,,,,,,,,,,,,,,,
,0.0005,762,,,,,,,,,,,,,,,,,,,,,,,,,,,,
6,,769,,0.024051528424024582,,0.1890087127685547,,0.19086004793643951,,0.29720720648765564,,0.0517830066382885,,0.06709173321723938,,0.3212587237358093,,,,,,,,,,,,,,
6,,779,,0.002153560984879732,,0.048218727111816406,,0.05711005628108978,,0.25679412484169006,,0.048248257488012314,,0.062363699078559875,,0.2589477002620697,,,,,,,,,,,,,,
6,,789,,0.016355078667402267,,0.15337181091308594,,0.15738871693611145,,0.33187660574913025,,0.053248677402734756,,0.07089696824550629,,0.3482316732406616,,,,,,,,,,,,,,
6,,799,,0.0033586150966584682,,0.06585311889648438,,0.071320541203022,,0.25311824679374695,,0.04561981186270714,,0.061915744096040726,,0.25647684931755066,,,,,,,,,,,,,,
6,,809,,0.007333375513553619,,0.10285472869873047,,0.10538773238658905,,0.22573132812976837,,0.04368271678686142,,0.05847029387950897,,0.2330647110939026,,,,,,,,,,,,,,
6,,819,,0.05446776747703552,,0.2869749069213867,,0.28721532225608826,,0.2738490104675293,,0.04846876487135887,,0.06440133601427078,,0.3283167779445648,,,,,,,,,,,,,,
6,,829,,0.05196850374341011,,0.2799835205078125,,0.28055018186569214,,0.15349364280700684,,0.03808210417628288,,0.04821525886654854,,0.20546214282512665,,,,,,,,,,,,,,
6,,839,,0.07377716153860092,,0.3338155746459961,,0.33427107334136963,,0.12193334847688675,,0.03287537768483162,,0.042973484843969345,,0.19571051001548767,,,,,,,,,,,,,,
6,,849,,0.06825099885463715,,0.3198556900024414,,0.3215104341506958,,0.17591355741024017,,0.03992632031440735,,0.05161655321717262,,0.24416455626487732,,,,,,,,,,,,,,
6,,859,,0.04949583858251572,,0.2731590270996094,,0.27379363775253296,,0.16433703899383545,,0.03730662167072296,,0.049889255315065384,,0.21383288502693176,,,,,,,,,,,,,,
6,,869,,0.060250185430049896,,0.3017101287841797,,0.30207762122154236,,0.1408241242170334,,0.035659629851579666,,0.0461825430393219,,0.20107430219650269,,,,,,,,,,,,,,
6,,879,,0.05614539608359337,,0.29074573516845703,,0.29160580039024353,,0.16840706765651703,,0.037752918899059296,,0.050503265112638474,,0.2245524674654007,,,,,,,,,,,,,,
,,174,,,,,,,,,,,,,,,,0.0008168384665623307,,0.02617645263671875,,0.03517285734415054,,0.17578378319740295,,0.03917384520173073,,0.051597509533166885,,0.1766006201505661
,,175,,,,,,,,,,,,,,,,0.00037956266896799207,,0.021068572998046875,,0.023976264521479607,,0.20870119333267212,,0.04115980491042137,,0.05622141808271408,,0.2090807557106018
,,176,,,,,,,,,,,,,,,,0.0002070195332635194,,0.015050888061523438,,0.01770700141787529,,0.14393465220928192,,0.03437291458249092,,0.04668979346752167,,0.14414167404174805
,,177,,,,,,,,,,,,,,,,0.0002822745591402054,,0.017629623413085938,,0.020676404237747192,,0.20245236158370972,,0.04235884174704552,,0.05537334457039833,,0.20273463428020477
,,178,,,,,,,,,,,,,,,,0.00016449276881758124,,0.012105941772460938,,0.01578383520245552,,0.14509545266628265,,0.03572046011686325,,0.046877697110176086,,0.14525994658470154
,,179,,,,,,,,,,,,,,,,0.0003300031239632517,,0.017757415771484375,,0.022356228902935982,,0.13174763321876526,,0.034862007945775986,,0.044669464230537415,,0.1320776343345642
,,180,,,,,,,,,,,,,,,,0.00011085494770668447,,0.01177978515625,,0.012957355938851833,,0.13658207654953003,,0.03367478400468826,,0.045481644570827484,,0.13669292628765106
,,181,,,,,,,,,,,,,,,,0.00036073612864129245,,0.018360137939453125,,0.023374048992991447,,0.10149604827165604,,0.030645733699202538,,0.03920703008770943,,0.1018567830324173
,,182,,,,,,,,,,,,,,,,0.00014492188347503543,,0.0124359130859375,,0.01481518056243658,,0.13921266794204712,,0.03468922898173332,,0.04591755196452141,,0.13935759663581848
,,183,,,,,,,,,,,,,,,,0.0001870062405942008,,0.012538909912109375,,0.01682935282588005,,0.18398693203926086,,0.03967617079615593,,0.05278770998120308,,0.18417394161224365
,,184,,,,,,,,,,,,,,,,9.388422768097371e-05,,0.010364532470703125,,0.011924367398023605,,0.11704295128583908,,0.032567448914051056,,0.04210289195179939,,0.11713683605194092
,,185,,,,,,,,,,,,,,,,0.0002780368668027222,,0.017087936401367188,,0.020520556718111038,,0.246215358376503,,0.04596628248691559,,0.061065636575222015,,0.246493399143219
,,186,,,,,,,,,,,,,,,,0.00018367085431236774,,0.013719558715820312,,0.016678601503372192,,0.21671698987483978,,0.0441921204328537,,0.057290930300951004,,0.21690066158771515
,,187,,,,,,,,,,,,,,,,0.0007384484051726758,,0.025775909423828125,,0.03344253823161125,,0.20670489966869354,,0.04214949533343315,,0.055951885879039764,,0.20744334161281586
,,188,,,,,,,,,,,,,,,,0.00022600615920964628,,0.014314651489257812,,0.01850121282041073,,0.19191674888134003,,0.039339322596788406,,0.053913284093141556,,0.19214275479316711
,,189,,,,,,,,,,,,,,,,4.014873775304295e-05,,0.0069866180419921875,,0.007797870319336653,,0.10220327228307724,,0.03059968538582325,,0.03934338688850403,,0.10224342346191406
,,190,,,,,,,,,,,,,,,,0.0002876630169339478,,0.014629364013671875,,0.020872822031378746,,0.1597098559141159,,0.03783969581127167,,0.04918188974261284,,0.15999752283096313
,,191,,,,,,,,,,,,,,,,8.112049545161426e-05,,0.008167266845703125,,0.011084208264946938,,0.10133647918701172,,0.0305294431746006,,0.03917619213461876,,0.10141760110855103
,,192,,,,,,,,,,,,,,,,0.00017060525715351105,,0.013248443603515625,,0.016074419021606445,,0.10884474217891693,,0.030927907675504684,,0.040601588785648346,,0.10901534557342529
,,193,,,,,,,,,,,,,,,,0.00040088233072310686,,0.020040512084960938,,0.024640407413244247,,0.16796110570430756,,0.03850039839744568,,0.0504363551735878,,0.16836199164390564
,,194,,,,,,,,,,,,,,,,0.00018980764434672892,,0.013339996337890625,,0.0169549398124218,,0.1957424432039261,,0.04043465107679367,,0.05444798246026039,,0.19593225419521332
,,195,,,,,,,,,,,,,,,,5.47805757378228e-05,,0.006847381591796875,,0.00910861510783434,,0.1676362305879593,,0.039816390722990036,,0.05038755014538765,,0.16769100725650787
,,196,,,,,,,,,,,,,,,,0.00012870979844592512,,0.011760711669921875,,0.0139619130641222,,0.10898668318986893,,0.03196992725133896,,0.040628060698509216,,0.10911539196968079
,,197,,,,,,,,,,,,,,,,0.0002933338691946119,,0.016004562377929688,,0.02107756957411766,,0.13328659534454346,,0.03492099791765213,,0.04492960125207901,,0.13357992470264435
,,198,,,,,,,,,,,,,,,,0.00030695111490786076,,0.014495849609375,,0.021561257541179657,,0.1278538852930069,,0.033435575664043427,,0.0440044142305851,,0.12816083431243896
,,199,,,,,,,,,,,,,,,,9.898790449369699e-05,,0.00955963134765625,,0.012244205921888351,,0.16185687482357025,,0.03590290993452072,,0.049511369317770004,,0.16195586323738098
,,200,,,,,,,,,,,,,,,,0.00036895080120302737,,0.020931243896484375,,0.02363872155547142,,0.1258898377418518,,0.03241155669093132,,0.043665122240781784,,0.12625879049301147
,,201,,,,,,,,,,,,,,,,0.00035077601205557585,,0.017316818237304688,,0.0230491291731596,,0.12873445451259613,,0.03299799561500549,,0.04415569826960564,,0.1290852278470993
,,202,,,,,,,,,,,,,,,,0.00039305826066993177,,0.0243988037109375,,0.0243988037109375,,0.10931722074747086,,0.03365908935666084,,0.040689617395401,,0.10971027612686157
6,,888,,,,,,,,,,,,,,,0.00026046604034490883,,0.01502380333840847,,0.018838457763195038,,0.1547127515077591,,0.0364459753036499,,0.04802500456571579,,0.15360751748085022,
6,,888,0.05421343445777893,,0.25340980291366577,,0.2556818127632141,,0.23752036690711975,,0.044631946831941605,,0.058910176157951355,,0.2916932702064514,,,,,,,,,,,,,,,
,0.0005,889,,,,,,,,,,,,,,,,,,,,,,,,,,,,
7,,889,,0.062188275158405304,,0.3060455322265625,,0.30689704418182373,,0.16109797358512878,,0.03673718497157097,,0.04939515143632889,,0.2232862412929535,,,,,,,,,,,,,,
7,,899,,0.06848137825727463,,0.3209800720214844,,0.3220517933368683,,0.1677856147289276,,0.0385473296046257,,0.05041000247001648,,0.23626700043678284,,,,,,,,,,,,,,
7,,909,,0.022998187690973282,,0.18526077270507812,,0.18663354218006134,,0.15481814742088318,,0.035605769604444504,,0.04842283949255943,,0.17781633138656616,,,,,,,,,,,,,,
7,,919,,0.05228865519165993,,0.2768106460571289,,0.2814135253429413,,0.31222468614578247,,0.050359517335891724,,0.06876587122678757,,0.3645133376121521,,,,,,,,,,,,,,
7,,929,,0.10492396354675293,,0.397674560546875,,0.3986355662345886,,0.15720169246196747,,0.037725094705820084,,0.04879417270421982,,0.2621256709098816,,,,,,,,,,,,,,
7,,939,,0.062745600938797,,0.3076915740966797,,0.308269739151001,,0.15567027032375336,,0.03700007125735283,,0.04855591803789139,,0.21841587126255035,,,,,,,,,,,,,,
7,,949,,0.11477246880531311,,0.41593360900878906,,0.4169245660305023,,0.21457506716251373,,0.04441451281309128,,0.05700710415840149,,0.32934755086898804,,,,,,,,,,,,,,
7,,959,,0.05243229120969772,,0.28017425537109375,,0.28179794549942017,,0.23528046905994415,,0.044564418494701385,,0.05969422310590744,,0.2877127528190613,,,,,,,,,,,,,,
7,,969,,0.008720332756638527,,0.11139392852783203,,0.11492404341697693,,0.2517591416835785,,0.045104917138814926,,0.06174928694963455,,0.26047948002815247,,,,,,,,,,,,,,
7,,979,,0.049959201365709305,,0.27146339416503906,,0.275074303150177,,0.29584670066833496,,0.05000602453947067,,0.06693799048662186,,0.34580591320991516,,,,,,,,,,,,,,
7,,989,,0.000563252076972276,,0.02329540252685547,,0.02920813113451004,,0.2902669608592987,,0.04961932450532913,,0.06630375981330872,,0.29083022475242615,,,,,,,,,,,,,,
7,,999,,0.0011465894058346748,,0.036528587341308594,,0.041672270745038986,,0.28824716806411743,,0.04986501485109329,,0.06607267260551453,,0.28939375281333923,,,,,,,,,,,,,,
7,,1009,,0.03133068606257439,,0.21722984313964844,,0.21783427894115448,,0.24321725964546204,,0.04628250002861023,,0.06069271266460419,,0.2745479345321655,,,,,,,,,,,,,,
,,203,,,,,,,,,,,,,,,,0.0008364503737539053,,0.024965286254882812,,0.03559259697794914,,0.14813446998596191,,0.03617037087678909,,0.047366075217723846,,0.14897091686725616
,,204,,,,,,,,,,,,,,,,0.0003232158487662673,,0.018352508544921875,,0.0221251230686903,,0.17540153861045837,,0.037813492119312286,,0.05154138058423996,,0.17572475969791412
,,205,,,,,,,,,,,,,,,,0.00022876259754411876,,0.017717361450195312,,0.0186136644333601,,0.12499736249446869,,0.031990405172109604,,0.0435100682079792,,0.12522612512111664
,,206,,,,,,,,,,,,,,,,0.00026167475152760744,,0.015848159790039062,,0.01990765519440174,,0.1740230768918991,,0.03909993916749954,,0.05133844539523125,,0.17428475618362427
,,207,,,,,,,,,,,,,,,,0.00018628797261044383,,0.013126373291015625,,0.01679699309170246,,0.12478513270616531,,0.03339102864265442,,0.04347311705350876,,0.1249714195728302
,,208,,,,,,,,,,,,,,,,0.0003297742805443704,,0.016153335571289062,,0.022348469123244286,,0.11371193826198578,,0.0323215052485466,,0.04149945080280304,,0.11404171586036682
,,209,,,,,,,,,,,,,,,,8.56455008033663e-05,,0.009592056274414062,,0.011389151215553284,,0.11936800926923752,,0.03127451613545418,,0.04251902550458908,,0.11945365369319916
,,210,,,,,,,,,,,,,,,,0.0003117458545602858,,0.01544952392578125,,0.0217289999127388,,0.08957922458648682,,0.028613362461328506,,0.0368334986269474,,0.0898909717798233
,,211,,,,,,,,,,,,,,,,0.00015930594236124307,,0.012918472290039062,,0.015532998368144035,,0.12241525948047638,,0.032617419958114624,,0.04305832087993622,,0.1225745677947998
,,212,,,,,,,,,,,,,,,,0.00023989340115804225,,0.015903472900390625,,0.01906111091375351,,0.15782389044761658,,0.03694459795951843,,0.04889063537120819,,0.15806378424167633
,,213,,,,,,,,,,,,,,,,9.694395703263581e-05,,0.010755538940429688,,0.012117122299969196,,0.09728696942329407,,0.029796907678246498,,0.03838545083999634,,0.09738391637802124
,,214,,,,,,,,,,,,,,,,0.00035842781653627753,,0.020538330078125,,0.02329910919070244,,0.20288635790348053,,0.04171668365597725,,0.05543266609311104,,0.20324479043483734
,,215,,,,,,,,,,,,,,,,0.0002652734110597521,,0.01692962646484375,,0.020044073462486267,,0.1747976839542389,,0.040250081568956375,,0.05145258828997612,,0.17506295442581177
,,216,,,,,,,,,,,,,,,,0.0006709117442369461,,0.0227508544921875,,0.0318765826523304,,0.17482545971870422,,0.038582880049943924,,0.051456667482852936,,0.17549636960029602
,,217,,,,,,,,,,,,,,,,0.0003447237832006067,,0.0186920166015625,,0.022849418222904205,,0.17057804763317108,,0.037086788564920425,,0.0508277490735054,,0.17092277109622955
,,218,,,,,,,,,,,,,,,,4.383781197248027e-05,,0.0062580108642578125,,0.008148245513439178,,0.08869170397520065,,0.028591420501470566,,0.036650579422712326,,0.08873554319143295
,,219,,,,,,,,,,,,,,,,0.00027314748149365187,,0.015954971313476562,,0.020339390262961388,,0.1361161470413208,,0.03501660376787186,,0.04540400207042694,,0.13638930022716522
,,220,,,,,,,,,,,,,,,,0.00015760217502247542,,0.01258087158203125,,0.015449710190296173,,0.0874921977519989,,0.02837500162422657,,0.0364018939435482,,0.08764979988336563
,,221,,,,,,,,,,,,,,,,0.00013827478687744588,,0.011262893676757812,,0.014471406117081642,,0.09347981214523315,,0.028654685243964195,,0.037626877427101135,,0.09361808747053146
,,222,,,,,,,,,,,,,,,,0.000415030459407717,,0.02013397216796875,,0.025071460753679276,,0.14162610471248627,,0.03541333228349686,,0.04631385952234268,,0.1420411318540573
,,223,,,,,,,,,,,,,,,,0.0001408879179507494,,0.009552001953125,,0.014607519842684269,,0.1681039184331894,,0.03747144341468811,,0.05045779421925545,,0.16824480891227722
,,224,,,,,,,,,,,,,,,,4.278924461686984e-05,,0.0069293975830078125,,0.008050188422203064,,0.14426061511039734,,0.0370776429772377,,0.04674264043569565,,0.14430341124534607
,,225,,,,,,,,,,,,,,,,8.237628935603425e-05,,0.008871078491210938,,0.011169672012329102,,0.09495455026626587,,0.029931306838989258,,0.03792252391576767,,0.09503692388534546
,,226,,,,,,,,,,,,,,,,0.0003212070441804826,,0.017129898071289062,,0.022056259214878082,,0.1150207594037056,,0.03262781351804733,,0.041737597435712814,,0.11534196883440018
,,227,,,,,,,,,,,,,,,,0.0002332882140763104,,0.013944625854492188,,0.018796872347593307,,0.11203930526971817,,0.031452592462301254,,0.04119310528039932,,0.11227259039878845
,,228,,,,,,,,,,,,,,,,9.882971062324941e-05,,0.00963592529296875,,0.012234409339725971,,0.1364555060863495,,0.03345223143696785,,0.04546056687831879,,0.13655433058738708
,,229,,,,,,,,,,,,,,,,0.00026569829788058996,,0.017597198486328125,,0.020060131326317787,,0.10691600292921066,,0.02970985323190689,,0.04024025425314903,,0.10718169808387756
,,230,,,,,,,,,,,,,,,,0.00030968862120062113,,0.018146514892578125,,0.021657196804881096,,0.11133129149675369,,0.030729571357369423,,0.041062742471694946,,0.11164098232984543
,,231,,,,,,,,,,,,,,,,0.0004756550770252943,,0.0268402099609375,,0.0268402099609375,,0.09524060040712357,,0.0317162461578846,,0.037979599088430405,,0.09571625292301178
7,,1015,,,,,,,,,,,,,,,0.0002588854404166341,,0.014970500022172928,,0.01880001835525036,,0.13223139941692352,,0.03378268703818321,,0.04442833736538887,,0.13138069212436676,
7,,1015,0.03603391349315643,,0.20257025957107544,,0.2055252492427826,,0.2279731184244156,,0.043422430753707886,,0.05810871347784996,,0.2640126049518585,,,,,,,,,,,,,,,
,0.0005,1016,,,,,,,,,,,,,,,,,,,,,,,,,,,,
8,,1019,,0.0014607444172725081,,0.04000282287597656,,0.04703572764992714,,0.33582183718681335,,0.05064087733626366,,0.07131712138652802,,0.33728256821632385,,,,,,,,,,,,,,
8,,1029,,0.0008850357844494283,,0.029845237731933594,,0.03661184012889862,,0.36667507886886597,,0.0530712716281414,,0.07452123612165451,,0.36756011843681335,,,,,,,,,,,,,,
8,,1039,,0.0013237380189821124,,0.03238868713378906,,0.04477529227733612,,0.28266671299934387,,0.04830377921462059,,0.06542996317148209,,0.28399044275283813,,,,,,,,,,,,,,
8,,1049,,0.025256961584091187,,0.19460391998291016,,0.19558468461036682,,0.23098070919513702,,0.04570956900715828,,0.05914624407887459,,0.2562376856803894,,,,,,,,,,,,,,
8,,1059,,0.09277676790952682,,0.3745098114013672,,0.37485072016716003,,0.2739243805408478,,0.048967353999614716,,0.06441020965576172,,0.3667011559009552,,,,,,,,,,,,,,
8,,1069,,0.07552505284547806,,0.3375129699707031,,0.3382081985473633,,0.18917712569236755,,0.041454534977674484,,0.05352708324790001,,0.264702171087265,,,,,,,,,,,,,,
8,,1079,,0.08831729739904404,,0.3650503158569336,,0.36573418974876404,,0.12996652722358704,,0.03455011919140816,,0.044366493821144104,,0.21828383207321167,,,,,,,,,,,,,,
8,,1089,,0.07200759649276733,,0.32985782623291016,,0.3302380442619324,,0.14832991361618042,,0.03671396151185036,,0.04739731177687645,,0.22033751010894775,,,,,,,,,,,,,,
8,,1099,,0.06254607439041138,,0.3073921203613281,,0.30777761340141296,,0.14256322383880615,,0.03523818776011467,,0.04646683856844902,,0.20510929822921753,,,,,,,,,,,,,,
8,,1109,,0.07256749272346497,,0.33088207244873047,,0.331520140171051,,0.1328805685043335,,0.03302223980426788,,0.044861119240522385,,0.20544806122779846,,,,,,,,,,,,,,
8,,1119,,0.05939437821507454,,0.29929161071777344,,0.29992416501045227,,0.09171772748231888,,0.028689248487353325,,0.03727056458592415,,0.15111210942268372,,,,,,,,,,,,,,
8,,1129,,0.12907510995864868,,0.44176769256591797,,0.44214221835136414,,0.1465722620487213,,0.034927479922771454,,0.04711565747857094,,0.27564737200737,,,,,,,,,,,,,,
8,,1139,,0.08549007773399353,,0.3593931198120117,,0.3598296046257019,,0.11062736064195633,,0.030963029712438583,,0.04093272238969803,,0.19611743092536926,,,,,,,,,,,,,,
,,232,,,,,,,,,,,,,,,,0.0011468571610748768,,0.030658721923828125,,0.041676755994558334,,0.12852947413921356,,0.03378107026219368,,0.04412052407860756,,0.12967632710933685
,,233,,,,,,,,,,,,,,,,0.00038486666744574904,,0.018896102905273438,,0.024143211543560028,,0.15340246260166168,,0.03527680039405823,,0.04820094257593155,,0.15378732979297638
,,234,,,,,,,,,,,,,,,,0.0003902075404766947,,0.0225677490234375,,0.024310117587447166,,0.10905232280492783,,0.030087612569332123,,0.04064029082655907,,0.10944253206253052
,,235,,,,,,,,,,,,,,,,0.0004042141081299633,,0.018772125244140625,,0.024742580950260162,,0.14963728189468384,,0.03636544570326805,,0.0476057305932045,,0.15004149079322815
,,236,,,,,,,,,,,,,,,,0.00033815664937719703,,0.020334243774414062,,0.022630713880062103,,0.10764042288064957,,0.03107180818915367,,0.04037635028362274,,0.10797858238220215
,,237,,,,,,,,,,,,,,,,0.0003751576296053827,,0.016918182373046875,,0.02383670210838318,,0.10010207444429398,,0.030278589576482773,,0.038936857134103775,,0.10047723352909088
,,238,,,,,,,,,,,,,,,,0.00022651358449365944,,0.0165863037109375,,0.018521921709179878,,0.10951734334230423,,0.03020203486084938,,0.04072684422135353,,0.10974385589361191
,,239,,,,,,,,,,,,,,,,0.0003610659041441977,,0.020788192749023438,,0.023384742438793182,,0.07795491069555283,,0.026579877361655235,,0.034360624849796295,,0.07831597328186035
,,240,,,,,,,,,,,,,,,,0.0003263854596298188,,0.018665313720703125,,0.022233344614505768,,0.11141397058963776,,0.031222695484757423,,0.041077982634305954,,0.1117403581738472
,,241,,,,,,,,,,,,,,,,0.00046261795796453953,,0.024988174438476562,,0.02646978758275509,,0.1407594382762909,,0.03463029861450195,,0.04617194086313248,,0.1412220597267151
,,242,,,,,,,,,,,,,,,,0.00022507025278173387,,0.016204833984375,,0.018462836742401123,,0.08596421778202057,,0.027919713407754898,,0.03608262911438942,,0.08618928492069244
,,243,,,,,,,,,,,,,,,,0.000635236210655421,,0.029458999633789062,,0.031017476692795753,,0.17521238327026367,,0.03881148248910904,,0.05151357874274254,,0.1758476197719574
,,244,,,,,,,,,,,,,,,,0.00038510854938067496,,0.021862030029296875,,0.024150798097252846,,0.14857760071754456,,0.03724534437060356,,0.04743686690926552,,0.14896270632743835
,,245,,,,,,,,,,,,,,,,0.0007273838273249567,,0.023807525634765625,,0.03319104388356209,,0.14888055622577667,,0.035358697175979614,,0.04748520255088806,,0.14960794150829315
,,246,,,,,,,,,,,,,,,,0.0006516131106764078,,0.028493881225585938,,0.031414806842803955,,0.1506180614233017,,0.034981727600097656,,0.04776148870587349,,0.15126967430114746
,,247,,,,,,,,,,,,,,,,0.0001655890664551407,,0.014055252075195312,,0.015836352482438087,,0.08111241459846497,,0.027312234044075012,,0.035049594938755035,,0.0812780037522316
,,248,,,,,,,,,,,,,,,,0.000428747502155602,,0.021739959716796875,,0.025482382625341415,,0.11989681422710419,,0.03309961035847664,,0.04261310026049614,,0.12032556533813477
,,249,,,,,,,,,,,,,,,,0.0003871525404974818,,0.022668838500976562,,0.024214770644903183,,0.0764172300696373,,0.026557011529803276,,0.03402005136013031,,0.07680438458919525
,,250,,,,,,,,,,,,,,,,0.00027020013658329844,,0.016477584838867188,,0.020229358226060867,,0.08197526633739471,,0.026988083496689796,,0.03523552417755127,,0.08224546909332275
,,251,,,,,,,,,,,,,,,,0.0005890699103474617,,0.024847030639648438,,0.02986913174390793,,0.12269114702939987,,0.032745618373155594,,0.043106820434331894,,0.12328021973371506
,,252,,,,,,,,,,,,,,,,0.0001600804680492729,,0.010744094848632812,,0.01557072438299656,,0.14827872812747955,,0.03557681292295456,,0.04738913103938103,,0.14843881130218506
,,253,,,,,,,,,,,,,,,,0.00014588450721930712,,0.013378143310546875,,0.014864282682538033,,0.12722636759281158,,0.03467195853590965,,0.04389629513025284,,0.12737224996089935
,,254,,,,,,,,,,,,,,,,0.00017737812595441937,,0.013385772705078125,,0.01639038883149624,,0.08261962234973907,,0.028066666796803474,,0.0353737398982048,,0.08279699832201004
,,255,,,,,,,,,,,,,,,,0.0005003263358958066,,0.022764205932617188,,0.0275274608284235,,0.09911077469587326,,0.030149897560477257,,0.03874358534812927,,0.09961110353469849
,,256,,,,,,,,,,,,,,,,0.000231106678256765,,0.017724990844726562,,0.018708789721131325,,0.09943129122257233,,0.029638763517141342,,0.03880617767572403,,0.0996624007821083
,,257,,,,,,,,,,,,,,,,0.00021852311328984797,,0.015850067138671875,,0.01819232665002346,,0.12138626724481583,,0.03184899315237999,,0.04287697374820709,,0.1216047927737236
,,258,,,,,,,,,,,,,,,,0.00024343760742340237,,0.01575469970703125,,0.019201399758458138,,0.09331267327070236,,0.028044430539011955,,0.037593234330415726,,0.09355611354112625
,,259,,,,,,,,,,,,,,,,0.00042854424100369215,,0.022272109985351562,,0.025476356968283653,,0.09934046864509583,,0.029239118099212646,,0.03878845274448395,,0.09976901113986969
,,260,,,,,,,,,,,,,,,,0.0007555995834991336,,0.0338287353515625,,0.0338287353515625,,0.08403729647397995,,0.029551062732934952,,0.035675935447216034,,0.08479289710521698
8,,1142,,,,,,,,,,,,,,,0.00039398911758325994,,0.020085109397768974,,0.023679256439208984,,0.11593125015497208,,0.03169586509466171,,0.04161600396037102,,0.11537382751703262,
8,,1142,0.04685203358530998,,0.2317517250776291,,0.23379378020763397,,0.17662641406059265,,0.03864549100399017,,0.05106585845351219,,0.2234572172164917,,,,,,,,,,,,,,,
,0.0005,1143,,,,,,,,,,,,,,,,,,,,,,,,,,,,
9,,1149,,0.06580129265785217,,0.31496524810791016,,0.3156863749027252,,0.13416340947151184,,0.03388990834355354,,0.045077141374349594,,0.199964702129364,,,,,,,,,,,,,,
9,,1159,,0.07089713960886002,,0.3272514343261719,,0.32768526673316956,,0.1289503127336502,,0.03355971351265907,,0.04419270157814026,,0.19984745979309082,,,,,,,,,,,,,,
9,,1169,,0.06782203912734985,,0.3198833465576172,,0.3204991817474365,,0.10350559651851654,,0.029784610494971275,,0.03959326073527336,,0.1713276356458664,,,,,,,,,,,,,,
9,,1179,,0.07040326297283173,,0.3261594772338867,,0.3265399932861328,,0.1163998395204544,,0.03164544701576233,,0.04198706895112991,,0.18680310249328613,,,,,,,,,,,,,,
9,,1189,,0.08305346220731735,,0.3542747497558594,,0.35466551780700684,,0.09895935654640198,,0.02902739867568016,,0.0387139767408371,,0.18201282620429993,,,,,,,,,,,,,,
9,,1199,,0.08133938908576965,,0.35063743591308594,,0.3509857654571533,,0.10198189318180084,,0.02982787787914276,,0.03930075466632843,,0.1833212822675705,,,,,,,,,,,,,,
9,,1209,,0.0980742797255516,,0.3847484588623047,,0.38540273904800415,,0.10121619701385498,,0.029777180403470993,,0.03915293887257576,,0.19929048418998718,,,,,,,,,,,,,,
9,,1219,,0.04220703989267349,,0.25204944610595703,,0.25283104181289673,,0.12492474913597107,,0.032901581376791,,0.04349742829799652,,0.16713178157806396,,,,,,,,,,,,,,
9,,1229,,0.020124174654483795,,0.1738567352294922,,0.17458349466323853,,0.22717469930648804,,0.04319819435477257,,0.058656927198171616,,0.24729886651039124,,,,,,,,,,,,,,
9,,1239,,0.0011212725657969713,,0.03571605682373047,,0.04121081531047821,,0.1516786515712738,,0.03753794729709625,,0.04792935401201248,,0.15279991924762726,,,,,,,,,,,,,,
9,,1249,,0.001887128222733736,,0.04928779602050781,,0.0534614734351635,,0.1775832325220108,,0.039851266890764236,,0.051860932260751724,,0.17947036027908325,,,,,,,,,,,,,,
9,,1259,,0.004297342151403427,,0.07536888122558594,,0.08067595958709717,,0.1831662803888321,,0.03990890830755234,,0.05266984924674034,,0.18746362626552582,,,,,,,,,,,,,,
9,,1269,,0.04035196453332901,,0.24532166123390198,,0.2472146451473236,,0.2778853178024292,,0.05026105418801308,,0.06487421691417694,,0.3182372748851776,,,,,,,,,,,,,,
,,261,,,,,,,,,,,,,,,,0.0008521032868884504,,0.024953842163085938,,0.03592408448457718,,0.11648134887218475,,0.03204134851694107,,0.04200176149606705,,0.11733344942331314
,,262,,,,,,,,,,,,,,,,0.0002640201710164547,,0.016300201416015625,,0.01999669335782528,,0.13475435972213745,,0.0331689678132534,,0.04517630860209465,,0.13501837849617004
,,263,,,,,,,,,,,,,,,,0.0002704549697227776,,0.019327163696289062,,0.020238878205418587,,0.10032200813293457,,0.028700919821858406,,0.038979604840278625,,0.1005924642086029
,,264,,,,,,,,,,,,,,,,0.00026734769926406443,,0.014011383056640625,,0.020122293382883072,,0.13350433111190796,,0.03432885557413101,,0.044966280460357666,,0.13377167284488678
,,265,,,,,,,,,,,,,,,,0.00021716763149015605,,0.01540374755859375,,0.01813579723238945,,0.09878023713827133,,0.029640788212418556,,0.03867892548441887,,0.09899740666151047
,,266,,,,,,,,,,,,,,,,0.0002572954399511218,,0.013385772705078125,,0.019740376621484756,,0.0891227126121521,,0.028602901846170425,,0.0367395281791687,,0.08938001096248627
,,267,,,,,,,,,,,,,,,,0.00011701184848789126,,0.01192474365234375,,0.0133123230189085,,0.09691859036684036,,0.028554806485772133,,0.03831271082162857,,0.09703560173511505
,,268,,,,,,,,,,,,,,,,0.0002502154966350645,,0.015462875366210938,,0.01946687512099743,,0.07132098078727722,,0.025278205052018166,,0.032866086810827255,,0.07157119363546371
,,269,,,,,,,,,,,,,,,,0.00017430016305297613,,0.0121612548828125,,0.016247568652033806,,0.09785053879022598,,0.029316868633031845,,0.0384964719414711,,0.09802483767271042
,,270,,,,,,,,,,,,,,,,0.0002517322136554867,,0.017475128173828125,,0.019525770097970963,,0.12268362194299698,,0.03248802199959755,,0.04310549423098564,,0.12293535470962524
,,271,,,,,,,,,,,,,,,,0.00011890092719113454,,0.01172637939453125,,0.013419370166957378,,0.07744965702295303,,0.026289230212569237,,0.034249089658260345,,0.07756856083869934
,,272,,,,,,,,,,,,,,,,0.0003800300182774663,,0.021917343139648438,,0.02399097941815853,,0.1548679918050766,,0.036553360521793365,,0.048430636525154114,,0.1552480161190033
,,273,,,,,,,,,,,,,,,,0.00022987890406511724,,0.01641845703125,,0.018659008666872978,,0.13662047684192657,,0.035708505660295486,,0.045488033443689346,,0.13685035705566406
,,274,,,,,,,,,,,,,,,,0.0005167372291907668,,0.01979827880859375,,0.027975259348750114,,0.1293705701828003,,0.03294879570603371,,0.04426465183496475,,0.12988731265068054
,,275,,,,,,,,,,,,,,,,0.0004537581990007311,,0.022108078002929688,,0.026215121150016785,,0.13678225874900818,,0.03347768262028694,,0.04551496356725693,,0.13723601400852203
,,276,,,,,,,,,,,,,,,,6.74701586831361e-05,,0.008344650268554688,,0.010108701884746552,,0.07238787412643433,,0.025889379903674126,,0.03311099484562874,,0.07245534658432007
,,277,,,,,,,,,,,,,,,,0.0002685801882762462,,0.01715850830078125,,0.020168626680970192,,0.10639629513025284,,0.03119332157075405,,0.040142327547073364,,0.10666487365961075
,,278,,,,,,,,,,,,,,,,0.00021283241221681237,,0.015745162963867188,,0.017953868955373764,,0.06806472688913345,,0.025020746514201164,,0.03210705146193504,,0.06827756017446518
,,279,,,,,,,,,,,,,,,,0.00017185558681376278,,0.011684417724609375,,0.016133228316903114,,0.07310233265161514,,0.025383131578564644,,0.03327399492263794,,0.07327418774366379
,,280,,,,,,,,,,,,,,,,0.00036817931686528027,,0.018976211547851562,,0.02361397072672844,,0.10990283638238907,,0.030976852402091026,,0.04079845920205116,,0.11027101427316666
,,281,,,,,,,,,,,,,,,,6.856187246739864e-05,,0.0067424774169921875,,0.010190168395638466,,0.13292573392391205,,0.033768899738788605,,0.04486874118447304,,0.13299429416656494
,,282,,,,,,,,,,,,,,,,6.202150689205155e-05,,0.007989883422851562,,0.009691939689218998,,0.11263254284858704,,0.03239497169852257,,0.041302017867565155,,0.11269456148147583
,,283,,,,,,,,,,,,,,,,9.488698560744524e-05,,0.008596420288085938,,0.01198788546025753,,0.07393459975719452,,0.026643970981240273,,0.03346287086606026,,0.07402949035167694
,,284,,,,,,,,,,,,,,,,0.00031913374550640583,,0.017696380615234375,,0.021984955295920372,,0.09040915966033936,,0.02854275330901146,,0.03700373321771622,,0.0907282903790474
,,285,,,,,,,,,,,,,,,,0.00014092348283156753,,0.012777328491210938,,0.014609341509640217,,0.08968168497085571,,0.02805440127849579,,0.03685455769300461,,0.08982260525226593
,,286,,,,,,,,,,,,,,,,0.00010915500024566427,,0.010852813720703125,,0.012857632711529732,,0.1070360541343689,,0.030205443501472473,,0.04026283696293831,,0.10714521259069443
,,287,,,,,,,,,,,,,,,,0.00017285130161326379,,0.013858795166015625,,0.0161798894405365,,0.08216429501771927,,0.02656407281756401,,0.035276129841804504,,0.0823371484875679
,,288,,,,,,,,,,,,,,,,0.0002807947457768023,,0.017581939697265625,,0.02062215469777584,,0.08808094263076782,,0.02744423784315586,,0.03652416914701462,,0.08836174011230469
,,289,,,,,,,,,,,,,,,,0.0004697251133620739,,0.02667236328125,,0.02667236328125,,0.07816538959741592,,0.028095511719584465,,0.034406982362270355,,0.07863511145114899
9,,1269,,,,,,,,,,,,,,,0.0002494903455954045,,0.015065375715494156,,0.018574465066194534,,0.10358469188213348,,0.029962429776787758,,0.03934433311223984,,0.10307386517524719,
9,,1269,0.04142099246382713,,0.22227691113948822,,0.22421793639659882,,0.1545228213071823,,0.03599756583571434,,0.047498080879449844,,0.19600403308868408,,,,,,,,,,,,,,,
,0.0005,1270,,,,,,,,,,,,,,,,,,,,,,,,,,,,
10,,1279,,0.04794052243232727,,0.2691211700439453,,0.2694585919380188,,0.09656211733818054,,0.029314815998077393,,0.03824218735098839,,0.1445026397705078,,,,,,,,,,,,,,
10,,1289,,0.08899050205945969,,0.36599159240722656,,0.3671221137046814,,0.1534840166568756,,0.03725495934486389,,0.04821374639868736,,0.2424745261669159,,,,,,,,,,,,,,
10,,1299,,0.02505849301815033,,0.19397354125976562,,0.19481238722801208,,0.14702825248241425,,0.03621010482311249,,0.047188885509967804,,0.17208674550056458,,,,,,,,,,,,,,
10,,1309,,0.062215566635131836,,0.3053741455078125,,0.30696412920951843,,0.20371459424495697,,0.042010098695755005,,0.05554569885134697,,0.26593017578125,,,,,,,,,,,,,,
10,,1319,,0.010653824545443058,,0.12405681610107422,,0.12702569365501404,,0.3422553539276123,,0.054012004286050797,,0.0719970092177391,,0.3529091775417328,,,,,,,,,,,,,,
10,,1329,,0.014180950820446014,,0.1446695327758789,,0.14655253291130066,,0.18141379952430725,,0.04123865067958832,,0.05241728201508522,,0.19559475779533386,,,,,,,,,,,,,,
10,,1339,,0.04240887239575386,,0.2524738311767578,,0.2534370422363281,,0.12035919725894928,,0.03258887305855751,,0.042695190757513046,,0.16276806592941284,,,,,,,,,,,,,,
10,,1349,,0.002647637389600277,,0.057898521423339844,,0.06332386285066605,,0.23406413197517395,,0.04587727040052414,,0.05953972041606903,,0.2367117702960968,,,,,,,,,,,,,,
10,,1359,,0.018601931631565094,,0.16716575622558594,,0.16784727573394775,,0.08829949051141739,,0.02799326181411743,,0.03656945005059242,,0.10690142214298248,,,,,,,,,,,,,,
10,,1369,,0.04650070518255234,,0.2651481628417969,,0.2653801739215851,,0.10507775843143463,,0.030957350507378578,,0.03989281877875328,,0.15157845616340637,,,,,,,,,,,,,,
10,,1379,,0.011705856770277023,,0.13241100311279297,,0.13315065205097198,,0.09989295154809952,,0.02939336560666561,,0.03889616206288338,,0.11159880459308624,,,,,,,,,,,,,,
10,,1389,,0.04036014527082443,,0.2466745376586914,,0.247238427400589,,0.11475071310997009,,0.031878501176834106,,0.041688572615385056,,0.15511086583137512,,,,,,,,,,,,,,
,,290,,,,,,,,,,,,,,,,0.0006250194855965674,,0.021825790405273438,,0.03076707385480404,,0.10478567332029343,,0.030505679547786713,,0.03983733803033829,,0.10541069507598877
,,291,,,,,,,,,,,,,,,,0.00018794331117533147,,0.014963150024414062,,0.016871478408575058,,0.1199367567896843,,0.031520068645477295,,0.04262019693851471,,0.1201246976852417
,,292,,,,,,,,,,,,,,,,0.00016967844567261636,,0.014926910400390625,,0.016030699014663696,,0.09124541282653809,,0.027380308136343956,,0.03717447444796562,,0.09141509234905243
,,293,,,,,,,,,,,,,,,,0.00013104946992825717,,0.011060714721679688,,0.014088249765336514,,0.12176872789859772,,0.03287748247385025,,0.04294446483254433,,0.12189977616071701
,,294,,,,,,,,,,,,,,,,0.00012655340833589435,,0.011241912841796875,,0.013844452798366547,,0.0892709344625473,,0.02826954983174801,,0.036770060658454895,,0.08939749002456665
,,295,,,,,,,,,,,,,,,,0.00020521807891782373,,0.014543533325195312,,0.017629792913794518,,0.08164554089307785,,0.027281571179628372,,0.035164590924978256,,0.08185075968503952
,,296,,,,,,,,,,,,,,,,4.8744797823019326e-05,,0.007465362548828125,,0.008592168800532818,,0.08457223325967789,,0.02689231000840664,,0.03578930348157883,,0.08462097495794296
,,297,,,,,,,,,,,,,,,,0.00022118561901152134,,0.011127471923828125,,0.01830279268324375,,0.06571799516677856,,0.02428295463323593,,0.03154870495200157,,0.06593918055295944
,,298,,,,,,,,,,,,,,,,8.574743696954101e-05,,0.00791168212890625,,0.011395935900509357,,0.08789874613285065,,0.027820412069559097,,0.036486368626356125,,0.08798449486494064
,,299,,,,,,,,,,,,,,,,9.387912723468617e-05,,0.009326934814453125,,0.011924028396606445,,0.110482357442379,,0.030866149812936783,,0.04090588539838791,,0.11057623475790024
,,300,,,,,,,,,,,,,,,,6.870580546092242e-05,,0.008016586303710938,,0.010200838558375835,,0.06971775740385056,,0.024879857897758484,,0.03249458968639374,,0.06978646665811539
,,301,,,,,,,,,,,,,,,,0.00017906923312693834,,0.014020919799804688,,0.016468321904540062,,0.13729165494441986,,0.03469423949718475,,0.04559963941574097,,0.13747072219848633
,,302,,,,,,,,,,,,,,,,0.00013207121810410172,,0.012159347534179688,,0.014143048785626888,,0.12228380888700485,,0.0338902622461319,,0.043035201728343964,,0.12241587787866592
,,303,,,,,,,,,,,,,,,,0.0003808127949014306,,0.017913818359375,,0.02401568740606308,,0.11553524434566498,,0.03122110664844513,,0.04183083772659302,,0.11591605842113495
,,304,,,,,,,,,,,,,,,,0.00024954037507995963,,0.016145706176757812,,0.019440624862909317,,0.12358706444501877,,0.03177788108587265,,0.04326391592621803,,0.12383660674095154
,,305,,,,,,,,,,,,,,,,2.5000377718242817e-05,,0.0050411224365234375,,0.0061533586122095585,,0.06556597352027893,,0.024535059928894043,,0.03151218593120575,,0.06559097021818161
,,306,,,,,,,,,,,,,,,,0.0001719951833365485,,0.013494491577148438,,0.016139766201376915,,0.09635338187217712,,0.02973097935318947,,0.03820083290338516,,0.09652537852525711
,,307,,,,,,,,,,,,,,,,8.999876445159316e-05,,0.008996963500976562,,0.011675014160573483,,0.06210615858435631,,0.02390296198427677,,0.030669493600726128,,0.06219615787267685
,,308,,,,,,,,,,,,,,,,0.00010688180918805301,,0.009355545043945312,,0.012723050080239773,,0.06659870594739914,,0.024274809285998344,,0.03175939619541168,,0.06670558452606201
,,309,,,,,,,,,,,,,,,,0.00020800945640075952,,0.014272689819335938,,0.017749296501278877,,0.10094686597585678,,0.029586857184767723,,0.03910081088542938,,0.1011548787355423
,,310,,,,,,,,,,,,,,,,5.697312008123845e-05,,0.0078125,,0.009289124980568886,,0.12019645422697067,,0.03216945379972458,,0.04266631230711937,,0.12025342881679535
,,311,,,,,,,,,,,,,,,,3.0025115847820416e-05,,0.005634307861328125,,0.006743422243744135,,0.10562410950660706,,0.031176788732409477,,0.039996396750211716,,0.10565413534641266
,,312,,,,,,,,,,,,,,,,5.588116619037464e-05,,0.0063343048095703125,,0.009199656546115875,,0.06755806505680084,,0.02542792074382305,,0.031987324357032776,,0.06761394441127777
,,313,,,,,,,,,,,,,,,,0.00017101569392252713,,0.011674880981445312,,0.016093749552965164,,0.0823465883731842,,0.027104821056127548,,0.03531523793935776,,0.0825176015496254
,,314,,,,,,,,,,,,,,,,0.0001298099959967658,,0.00957489013671875,,0.01402145903557539,,0.0825904980301857,,0.026914548128843307,,0.03536750003695488,,0.0827203094959259
,,315,,,,,,,,,,,,,,,,5.529819827643223e-05,,0.0073337554931640625,,0.009151551872491837,,0.09589449316263199,,0.028730766847729683,,0.03810975328087807,,0.09594979137182236
,,316,,,,,,,,,,,,,,,,0.00014972369535826147,,0.013858795166015625,,0.015058604069054127,,0.07419443875551224,,0.025304779410362244,,0.0335216224193573,,0.07434416562318802
,,317,,,,,,,,,,,,,,,,0.00016867621161509305,,0.0122833251953125,,0.015983302146196365,,0.07729826867580414,,0.025920217856764793,,0.03421560302376747,,0.0774669423699379
,,318,,,,,,,,,,,,,,,,0.00019180856179445982,,0.0170440673828125,,0.0170440673828125,,0.07045044004917145,,0.026258360594511032,,0.032664891332387924,,0.07064224779605865
10,,1396,,,,,,,,,,,,,,,0.0001546127605251968,,0.011393703520298004,,0.014429407194256783,,0.09357583522796631,,0.028523454442620277,,0.037403419613838196,,0.0930338203907013,
10,,1396,0.03829428181052208,,0.21829763054847717,,0.21984875202178955,,0.15270228683948517,,0.03616873174905777,,0.0475463941693306,,0.19099795818328857,,,,,,,,,,,,,,,
,0.0005,1397,,,,,,,,,,,,,,,,,,,,,,,,,,,,
11,,1399,,0.015002847649157047,,0.14900684356689453,,0.15073874592781067,,0.1531495898962021,,0.035879362374544144,,0.04816119745373726,,0.16815243661403656,,,,,,,,,,,,,,
11,,1409,,0.014012127183377743,,0.1442241668701172,,0.1456773430109024,,0.18388716876506805,,0.03687780350446701,,0.05277339369058609,,0.19789929687976837,,,,,,,,,,,,,,
11,,1419,,0.005670027807354927,,0.08861732482910156,,0.09266708046197891,,0.15985359251499176,,0.036024417728185654,,0.0492040179669857,,0.16552361845970154,,,,,,,,,,,,,,
11,,1429,,0.004003230016678572,,0.0747537612915039,,0.0778656080365181,,0.15689994394779205,,0.032405536621809006,,0.04874731972813606,,0.1609031707048416,,,,,,,,,,,,,,
11,,1439,,0.0023918391671031713,,0.05823326110839844,,0.06018844619393349,,0.12454792112112045,,0.03270111605525017,,0.043431781232357025,,0.12693975865840912,,,,,,,,,,,,,,
11,,1449,,0.0008939281688071787,,0.033904075622558594,,0.03679652139544487,,0.18447694182395935,,0.03976212814450264,,0.052857957780361176,,0.18537087738513947,,,,,,,,,,,,,,
11,,1459,,0.0030220877379179,,0.059215545654296875,,0.06765249371528625,,0.14461910724639893,,0.03551296889781952,,0.046800680458545685,,0.14764119684696198,,,,,,,,,,,,,,
11,,1469,,0.0037339271511882544,,0.07044601440429688,,0.07520200312137604,,0.1921970099210739,,0.03955250233411789,,0.05395263060927391,,0.19593094289302826,,,,,,,,,,,,,,
11,,1479,,0.12243103981018066,,0.4301156997680664,,0.43061017990112305,,0.13060666620731354,,0.03475010395050049,,0.04447561502456665,,0.253037691116333,,,,,,,,,,,,,,
11,,1489,,0.03878182917833328,,0.24195480346679688,,0.24235562980175018,,0.12228252738714218,,0.03264715149998665,,0.04303497076034546,,0.16106435656547546,,,,,,,,,,,,,,
11,,1499,,0.011762766167521477,,0.13287925720214844,,0.1334710419178009,,0.08733847737312317,,0.028703030198812485,,0.03636990487575531,,0.0991012454032898,,,,,,,,,,,,,,
11,,1509,,0.006416921503841877,,0.09718704223632812,,0.0985848680138588,,0.10259346663951874,,0.029972944408655167,,0.03941842168569565,,0.10901039093732834,,,,,,,,,,,,,,
11,,1519,,0.004670775029808283,,0.08044719696044922,,0.08410658687353134,,0.16028538346290588,,0.03419962897896767,,0.04927041754126549,,0.16495615243911743,,,,,,,,,,,,,,
,,319,,,,,,,,,,,,,,,,0.0006297348882071674,,0.02165985107421875,,0.030882911756634712,,0.09401383996009827,,0.028915932402014732,,0.03773420676589012,,0.09464357793331146
,,320,,,,,,,,,,,,,,,,0.00020022186799906194,,0.014743804931640625,,0.017413878813385963,,0.10665582865476608,,0.029985519126057625,,0.04019125923514366,,0.10685604810714722
,,321,,,,,,,,,,,,,,,,0.00018371939950156957,,0.015787124633789062,,0.01668081060051918,,0.08230596780776978,,0.02620038203895092,,0.03530651703476906,,0.08248968422412872
,,322,,,,,,,,,,,,,,,,0.00014298809401225299,,0.01102447509765625,,0.014715980738401413,,0.10849523544311523,,0.03111984021961689,,0.04053635150194168,,0.1086382269859314
,,323,,,,,,,,,,,,,,,,0.00013852004485670477,,0.011798858642578125,,0.014484223909676075,,0.07865487784147263,,0.02673533372581005,,0.03451455011963844,,0.07879339903593063
,,324,,,,,,,,,,,,,,,,0.00019043120846617967,,0.012777328491210938,,0.016982775181531906,,0.07364275306463242,,0.025997493416070938,,0.03339676558971405,,0.07383318245410919
,,325,,,,,,,,,,,,,,,,6.579766341019422e-05,,0.008771896362304688,,0.0099826380610466,,0.07628285139799118,,0.02576751448214054,,0.033990129828453064,,0.07634864747524261
,,326,,,,,,,,,,,,,,,,0.00019550573779270053,,0.011659622192382812,,0.017207559198141098,,0.05990353971719742,,0.022944757714867592,,0.030120737850666046,,0.060099046677351
,,327,,,,,,,,,,,,,,,,9.683940152171999e-05,,0.008539199829101562,,0.012110602110624313,,0.07875993102788925,,0.026324434205889702,,0.03453758358955383,,0.07885677367448807
,,328,,,,,,,,,,,,,,,,0.00011079712567152455,,0.010768890380859375,,0.012953981757164001,,0.09774921834468842,,0.029019610956311226,,0.03847654163837433,,0.09786001592874527
,,329,,,,,,,,,,,,,,,,8.639090083306655e-05,,0.0097808837890625,,0.011438610032200813,,0.0643814355134964,,0.02390936389565468,,0.031226234510540962,,0.06446782499551773
,,330,,,,,,,,,,,,,,,,0.00022352769155986607,,0.016134262084960938,,0.018399422988295555,,0.12172400206327438,,0.03285292908549309,,0.04293658211827278,,0.1219475269317627
,,331,,,,,,,,,,,,,,,,0.00013513107842300087,,0.012639999389648438,,0.014305994845926762,,0.11059581488370895,,0.03222878277301788,,0.040926892310380936,,0.11073094606399536
,,332,,,,,,,,,,,,,,,,0.0003687519347295165,,0.016170501708984375,,0.023632293567061424,,0.10357452929019928,,0.02953415736556053,,0.03960643336176872,,0.10394328087568283
,,333,,,,,,,,,,,,,,,,0.00030087275081314147,,0.017763137817382812,,0.021346697583794594,,0.11063867807388306,,0.030088726431131363,,0.04093480855226517,,0.11093954741954803
,,334,,,,,,,,,,,,,,,,4.0653696487424895e-05,,0.007114410400390625,,0.007846730761229992,,0.06073011830449104,,0.023371422663331032,,0.03032783418893814,,0.06077077239751816
,,335,,,,,,,,,,,,,,,,0.00018177367746829987,,0.014089584350585938,,0.0165922362357378,,0.0883047878742218,,0.0282987579703331,,0.03657054901123047,,0.08848655968904495
,,336,,,,,,,,,,,,,,,,0.00011832332529593259,,0.011140823364257812,,0.01338673010468483,,0.05612634867429733,,0.022660233080387115,,0.02915564738214016,,0.05624467134475708
,,337,,,,,,,,,,,,,,,,0.00011348577390890568,,0.008283615112304688,,0.01311023160815239,,0.059475090354681015,,0.023070182651281357,,0.03001282922923565,,0.05958857759833336
,,338,,,,,,,,,,,,,,,,0.0002037372614722699,,0.014234542846679688,,0.017566071823239326,,0.08922044187784195,,0.02778099849820137,,0.03675966337323189,,0.08942417800426483
,,339,,,,,,,,,,,,,,,,3.205169923603535e-05,,0.005489349365234375,,0.006967316847294569,,0.1076822429895401,,0.030413687229156494,,0.040384188294410706,,0.10771429538726807
,,340,,,,,,,,,,,,,,,,1.9347631678101607e-05,,0.004634857177734375,,0.005413193721324205,,0.09532833099365234,,0.029677515849471092,,0.037997085601091385,,0.09534768015146255
,,341,,,,,,,,,,,,,,,,5.821958984597586e-05,,0.0046176910400390625,,0.009390178136527538,,0.0610380545258522,,0.02416849136352539,,0.030404625460505486,,0.061096273362636566
,,342,,,,,,,,,,,,,,,,0.00019042185158468783,,0.012737274169921875,,0.016982346773147583,,0.07745356857776642,,0.026145486161112785,,0.03424995392560959,,0.0776439905166626
,,343,,,,,,,,,,,,,,,,9.943534678313881e-05,,0.009363174438476562,,0.012271841056644917,,0.07495168596506119,,0.025567077100276947,,0.03369225189089775,,0.07505112141370773
,,344,,,,,,,,,,,,,,,,7.101282244548202e-05,,0.008069992065429688,,0.01037068385630846,,0.08457574993371964,,0.02710857056081295,,0.03579004853963852,,0.08464676141738892
,,345,,,,,,,,,,,,,,,,0.00011489381722640246,,0.0117645263671875,,0.013191308826208115,,0.0666818916797638,,0.024197528138756752,,0.031779225915670395,,0.06679678708314896
,,346,,,,,,,,,,,,,,,,0.00015794916544109583,,0.012561798095703125,,0.01546673197299242,,0.06914948672056198,,0.02451791614294052,,0.03236188367009163,,0.06930743902921677
,,347,,,,,,,,,,,,,,,,0.00023295798746403307,,0.0187835693359375,,0.0187835693359375,,0.06338842213153839,,0.02463308721780777,,0.030984485521912575,,0.06362137943506241
11,,1523,,,,,,,,,,,,,,,0.00015998775779735297,,0.011607801541686058,,0.014700157567858696,,0.08412515372037888,,0.027082014828920364,,0.035477135330438614,,0.08366164565086365,
11,,1523,0.011194380931556225,,0.09597931802272797,,0.09960459917783737,,0.1609850823879242,,0.036457743495702744,,0.049002837389707565,,0.17217987775802612,,,,,,,,,,,,,,,
,0.0005,1524,,,,,,,,,,,,,,,,,,,,,,,,,,,,
12,,1529,,0.002667247084900737,,0.05814552307128906,,0.06355702131986618,,0.19692671298980713,,0.040784478187561035,,0.054612450301647186,,0.19959396123886108,,,,,,,,,,,,,,
12,,1539,,0.05040942132472992,,0.2750673294067383,,0.27630823850631714,,0.11061353981494904,,0.032049961388111115,,0.04093015938997269,,0.16102296113967896,,,,,,,,,,,,,,
12,,1549,,0.04420340806245804,,0.25807857513427734,,0.25874292850494385,,0.20496486127376556,,0.04237315058708191,,0.0557158887386322,,0.2491682767868042,,,,,,,,,,,,,,
12,,1559,,0.07216836512088776,,0.3302602767944336,,0.3306093215942383,,0.08335323631763458,,0.027631960809230804,,0.035530440509319305,,0.15552160143852234,,,,,,,,,,,,,,
12,,1569,,0.07248397916555405,,0.3308572769165039,,0.33132755756378174,,0.08797863870859146,,0.027216412127017975,,0.03650294989347458,,0.1604626178741455,,,,,,,,,,,,,,
12,,1579,,0.062422603368759155,,0.3068084716796875,,0.3074750602245331,,0.09831535816192627,,0.02930281311273575,,0.03858780488371849,,0.16073796153068542,,,,,,,,,,,,,,
12,,1589,,0.034702934324741364,,0.22881412506103516,,0.22925664484500885,,0.0772780328989029,,0.025828197598457336,,0.03421112895011902,,0.11198096722364426,,,,,,,,,,,,,,
12,,1599,,0.03138304501771927,,0.21737289428710938,,0.21801629662513733,,0.0859874039888382,,0.028368907049298286,,0.03608749434351921,,0.11737044900655746,,,,,,,,,,,,,,
12,,1609,,0.04481443017721176,,0.25981807708740234,,0.2605237364768982,,0.13135983049869537,,0.031146129593253136,,0.04460367560386658,,0.17617425322532654,,,,,,,,,,,,,,
12,,1619,,0.02748151682317257,,0.2037668228149414,,0.20401452481746674,,0.08279133588075638,,0.02711455523967743,,0.035410474985837936,,0.1102728545665741,,,,,,,,,,,,,,
12,,1629,,0.0272025465965271,,0.20189189910888672,,0.20297600328922272,,0.13238249719142914,,0.03416721522808075,,0.04477696120738983,,0.15958504378795624,,,,,,,,,,,,,,
12,,1639,,0.026347864419221878,,0.1983652114868164,,0.1997620016336441,,0.1242821216583252,,0.03310171142220497,,0.04338540509343147,,0.15062998235225677,,,,,,,,,,,,,,
12,,1649,,0.01011388748884201,,0.12185955047607422,,0.12376395612955093,,0.127093106508255,,0.03244701027870178,,0.04387329891324043,,0.1372070014476776,,,,,,,,,,,,,,
,,348,,,,,,,,,,,,,,,,0.0005064750439487398,,0.019702911376953125,,0.02769607864320278,,0.08356160670518875,,0.0274024810642004,,0.03557481989264488,,0.08406808227300644
,,349,,,,,,,,,,,,,,,,0.0001818773744162172,,0.014188766479492188,,0.01659698225557804,,0.09399047493934631,,0.028305672109127045,,0.03772951662540436,,0.09417235106229782
,,350,,,,,,,,,,,,,,,,0.00015279694343917072,,0.01401519775390625,,0.0152123486623168,,0.07475614547729492,,0.02515425533056259,,0.03364827111363411,,0.07490894198417664
,,351,,,,,,,,,,,,,,,,0.0001105521951103583,,0.010019302368164062,,0.01293965894728899,,0.09847106039524078,,0.029612919315695763,,0.03861834481358528,,0.09858161211013794
,,352,,,,,,,,,,,,,,,,0.00011267200170550495,,0.010915756225585938,,0.013063126243650913,,0.07073655724525452,,0.02545279636979103,,0.032731153070926666,,0.0708492323756218
,,353,,,,,,,,,,,,,,,,0.00017090083565562963,,0.013368606567382812,,0.0160883367061615,,0.06819471716880798,,0.024967631325125694,,0.03213769197463989,,0.06836561858654022
,,354,,,,,,,,,,,,,,,,4.116765194339678e-05,,0.0069866180419921875,,0.007896185852587223,,0.0691506415605545,,0.024531874805688858,,0.032362159341573715,,0.06919180601835251
,,355,,,,,,,,,,,,,,,,0.00019324722234159708,,0.010295867919921875,,0.017107868567109108,,0.053929753601551056,,0.021614303812384605,,0.028579432517290115,,0.05412299931049347
,,356,,,,,,,,,,,,,,,,7.023770012892783e-05,,0.007232666015625,,0.01031393650919199,,0.07135161757469177,,0.025063401088118553,,0.03287314251065254,,0.07142185419797897
,,357,,,,,,,,,,,,,,,,6.905094778630883e-05,,0.008403778076171875,,0.010226436890661716,,0.08834893256425858,,0.027552155777812004,,0.036579690873622894,,0.08841798454523087
,,358,,,,,,,,,,,,,,,,7.380278111668304e-05,,0.008190155029296875,,0.010572447441518307,,0.05800268426537514,,0.022687887772917747,,0.0296389851719141,,0.058076485991477966
,,359,,,,,,,,,,,,,,,,0.00016372452955693007,,0.012323379516601562,,0.015746932476758957,,0.10676783323287964,,0.030862705782055855,,0.04021235927939415,,0.10693155974149704
,,360,,,,,,,,,,,,,,,,0.0001272333465749398,,0.01197052001953125,,0.01388161163777113,,0.09786856919527054,,0.030486086383461952,,0.038500022143125534,,0.0979958027601242
,,361,,,,,,,,,,,,,,,,0.0003073209954891354,,0.016109466552734375,,0.021574215963482857,,0.09458219259977341,,0.028135839849710464,,0.0378480926156044,,0.09488951414823532
,,362,,,,,,,,,,,,,,,,0.00024946097983047366,,0.01572418212890625,,0.019437504932284355,,0.10013069212436676,,0.028752457350492477,,0.03894242271780968,,0.10038015246391296
,,363,,,,,,,,,,,,,,,,3.4860662708524615e-05,,0.006130218505859375,,0.0072661880403757095,,0.054526060819625854,,0.022148026153445244,,0.02873700112104416,,0.05456092208623886
,,364,,,,,,,,,,,,,,,,0.00014608642959501594,,0.01255035400390625,,0.014874553307890892,,0.07973562180995941,,0.026844235137104988,,0.03475085645914078,,0.0798817053437233
,,365,,,,,,,,,,,,,,,,7.95764644863084e-05,,0.009057998657226562,,0.010978209786117077,,0.05092775821685791,,0.02156245708465576,,0.027772601693868637,,0.051007334142923355
,,366,,,,,,,,,,,,,,,,8.598382555646822e-05,,0.008131027221679688,,0.011411642655730247,,0.05390748754143715,,0.022052869200706482,,0.028573527932167053,,0.05399347096681595
,,367,,,,,,,,,,,,,,,,0.00014637206913903356,,0.012163162231445312,,0.014889135025441647,,0.07839499413967133,,0.02598884515464306,,0.034457478672266006,,0.07854136824607849
,,368,,,,,,,,,,,,,,,,2.885207322833594e-05,,0.005878448486328125,,0.006610393989831209,,0.0983295738697052,,0.028971901163458824,,0.03859058395028114,,0.09835842251777649
,,369,,,,,,,,,,,,,,,,1.816948497435078e-05,,0.00433349609375,,0.00524577870965004,,0.08760189265012741,,0.02835533767938614,,0.03642470762133598,,0.08762006461620331
,,370,,,,,,,,,,,,,,,,3.773856224142946e-05,,0.004276275634765625,,0.007560171652585268,,0.056167930364608765,,0.023203639313578606,,0.02916644886136055,,0.056205667555332184
,,371,,,,,,,,,,,,,,,,0.0001485201355535537,,0.010440826416015625,,0.014997967518866062,,0.07077287882566452,,0.025124981999397278,,0.0327395498752594,,0.0709213986992836
,,372,,,,,,,,,,,,,,,,9.145669901045039e-05,,0.00818634033203125,,0.011769203469157219,,0.06851394474506378,,0.024441787973046303,,0.03221282362937927,,0.06860540062189102
,,373,,,,,,,,,,,,,,,,5.9273370425216854e-05,,0.008203506469726562,,0.009474794380366802,,0.07694268226623535,,0.025902720168232918,,0.034136813133955,,0.07700195908546448
,,374,,,,,,,,,,,,,,,,9.229731949744746e-05,,0.010908126831054688,,0.011823172681033611,,0.061274684965610504,,0.023215284571051598,,0.030463509261608124,,0.0613669827580452
,,375,,,,,,,,,,,,,,,,0.00013511913130059838,,0.0115509033203125,,0.01430533453822136,,0.06352300196886063,,0.02342832088470459,,0.0310173612087965,,0.06365811824798584
,,376,,,,,,,,,,,,,,,,0.00017567764734849334,,0.0163116455078125,,0.0163116455078125,,0.05695980414748192,,0.02324075996875763,,0.02937132865190506,,0.057135481387376785
12,,1650,,,,,,,,,,,,,,,0.00013001906336285174,,0.010428330861032009,,0.01321241445839405,,0.07600292563438416,,0.02576810121536255,,0.033731233328580856,,0.07555975019931793,
12,,1650,0.032956115901470184,,0.20314016938209534,,0.20455299317836761,,0.11806903034448624,,0.03162434697151184,,0.04180843010544777,,0.15101154148578644,,,,,,,,,,,,,,,
,0.0005,1651,,,,,,,,,,,,,,,,,,,,,,,,,,,,
13,,1659,,0.0149664506316185,,0.1493663787841797,,0.15055464208126068,,0.10232523828744888,,0.03084479831159115,,0.03936685621738434,,0.11729168891906738,,,,,,,,,,,,,,
13,,1669,,0.0009339468088001013,,0.033759117126464844,,0.03760940581560135,,0.10346236079931259,,0.029798105359077454,,0.03958498314023018,,0.10439630597829819,,,,,,,,,,,,,,
13,,1679,,0.0002827435382641852,,0.018114089965820312,,0.02069133333861828,,0.13365034759044647,,0.03430774062871933,,0.044990867376327515,,0.13393309712409973,,,,,,,,,,,,,,
13,,1689,,0.0003724467533174902,,0.01963043212890625,,0.023749927058815956,,0.1772499829530716,,0.038080114871263504,,0.051812250167131424,,0.17762242257595062,,,,,,,,,,,,,,
13,,1699,,0.0005257671000435948,,0.021100997924804688,,0.02822081372141838,,0.1412947028875351,,0.03446615859866142,,0.04625964164733887,,0.14182047545909882,,,,,,,,,,,,,,
13,,1709,,0.0008756160968914628,,0.032466888427734375,,0.03641756251454353,,0.20980527997016907,,0.040497150272130966,,0.05636993423104286,,0.21068090200424194,,,,,,,,,,,,,,
13,,1719,,0.013498548418283463,,0.1415252685546875,,0.1429823338985443,,0.21599659323692322,,0.04286313056945801,,0.057195622473955154,,0.22949513792991638,,,,,,,,,,,,,,
13,,1729,,0.005231982097029686,,0.08687973022460938,,0.0890163779258728,,0.07610642910003662,,0.02652868814766407,,0.0339507982134819,,0.08133841305971146,,,,,,,,,,,,,,
13,,1739,,0.052248504012823105,,0.2807483673095703,,0.2813050448894501,,0.09686863422393799,,0.028940899297595024,,0.03830283135175705,,0.1491171419620514,,,,,,,,,,,,,,
13,,1749,,0.0245753675699234,,0.1920146942138672,,0.19292360544204712,,0.08974619209766388,,0.027980191633105278,,0.03686780855059624,,0.11432155966758728,,,,,,,,,,,,,,
13,,1759,,0.041911810636520386,,0.25133514404296875,,0.251947283744812,,0.10234395414590836,,0.029975946992635727,,0.03937045484781265,,0.14425575733184814,,,,,,,,,,,,,,
13,,1769,,0.02480180934071541,,0.19341278076171875,,0.19381111860275269,,0.058891747146844864,,0.02322394587099552,,0.02986527606844902,,0.08369355648756027,,,,,,,,,,,,,,
,,377,,,,,,,,,,,,,,,,0.00042777459020726383,,0.018224716186523438,,0.025453494861721992,,0.07629373669624329,,0.026317860931158066,,0.033992551267147064,,0.07672151178121567
,,378,,,,,,,,,,,,,,,,0.000147287777508609,,0.013004302978515625,,0.014935617335140705,,0.08500688523054123,,0.027033643797039986,,0.035881154239177704,,0.08515417575836182
,,379,,,,,,,,,,,,,,,,0.00013490428682416677,,0.012758255004882812,,0.01429396029561758,,0.07018483430147171,,0.024352045729756355,,0.03260325267910957,,0.07031974196434021
,,380,,,,,,,,,,,,,,,,8.646713104099035e-05,,0.00925445556640625,,0.011443664319813251,,0.09049297869205475,,0.028359688818454742,,0.03702088072896004,,0.09057944267988205
,,381,,,,,,,,,,,,,,,,8.676995639689267e-05,,0.00971221923828125,,0.011463670060038567,,0.06508124619722366,,0.024264346808195114,,0.03139548748731613,,0.06516801565885544
,,382,,,,,,,,,,,,,,,,0.00016049596888478845,,0.013486862182617188,,0.015590899623930454,,0.06324104964733124,,0.023970387876033783,,0.030948447063565254,,0.06340154260396957
,,383,,,,,,,,,,,,,,,,3.493793337838724e-05,,0.006427764892578125,,0.0072742546908557415,,0.06386157125234604,,0.023708658292889595,,0.03109990619122982,,0.06389650702476501
,,384,,,,,,,,,,,,,,,,0.0001831291156122461,,0.008829116821289062,,0.01665397360920906,,0.04964403808116913,,0.020609894767403603,,0.027420347556471825,,0.04982716590166092
,,385,,,,,,,,,,,,,,,,6.287918949965388e-05,,0.007625579833984375,,0.009758717380464077,,0.06599151343107224,,0.024189747869968414,,0.031614288687705994,,0.06605439633131027
,,386,,,,,,,,,,,,,,,,4.943370004184544e-05,,0.007190704345703125,,0.008652674965560436,,0.08122123777866364,,0.026261363178491592,,0.03507309779524803,,0.08127067238092422
,,387,,,,,,,,,,,,,,,,6.868018681416288e-05,,0.007076263427734375,,0.01019893679767847,,0.05496568605303764,,0.02223004773259163,,0.028852608054876328,,0.05503436550498009
,,388,,,,,,,,,,,,,,,,0.00015901701408438385,,0.011432647705078125,,0.01551888044923544,,0.09704723954200745,,0.029475905001163483,,0.038338132202625275,,0.09720625728368759
,,389,,,,,,,,,,,,,,,,0.00010744512837845832,,0.011007308959960938,,0.012756545096635818,,0.08922327309846878,,0.029094435274600983,,0.036760248243808746,,0.08933071792125702
,,390,,,,,,,,,,,,,,,,0.00026833434822037816,,0.015811920166015625,,0.020159393548965454,,0.08665566891431808,,0.02687658555805683,,0.036227449774742126,,0.0869240015745163
,,391,,,,,,,,,,,,,,,,0.00025505837402306497,,0.015123367309570312,,0.019654391333460808,,0.09169454872608185,,0.02746996469795704,,0.03726585581898689,,0.09194960445165634
,,392,,,,,,,,,,,,,,,,4.068995622219518e-05,,0.0057830810546875,,0.007850224152207375,,0.04910947009921074,,0.02110302448272705,,0.027272313833236694,,0.04915016144514084
,,393,,,,,,,,,,,,,,,,0.0001329368824372068,,0.01161956787109375,,0.014189342968165874,,0.07463505119085312,,0.025903934612870216,,0.033621009439229965,,0.07476798444986343
,,394,,,,,,,,,,,,,,,,6.498300353996456e-05,,0.008012771606445312,,0.009920628741383553,,0.04647345468401909,,0.020586181432008743,,0.026530276983976364,,0.04653843864798546
,,395,,,,,,,,,,,,,,,,7.549303700216115e-05,,0.007890701293945312,,0.010692845098674297,,0.04994664341211319,,0.02124505303800106,,0.027503786608576775,,0.05002213642001152
,,396,,,,,,,,,,,,,,,,0.00011978269321843982,,0.011335372924804688,,0.013469042256474495,,0.07239523530006409,,0.025007769465446472,,0.03311267867684364,,0.07251501828432083
,,397,,,,,,,,,,,,,,,,3.629572893260047e-05,,0.00618743896484375,,0.007414232939481735,,0.09124322980642319,,0.027819236740469933,,0.037174031138420105,,0.0912795290350914
,,398,,,,,,,,,,,,,,,,1.8331093087908812e-05,,0.004016876220703125,,0.005269056651741266,,0.07992222905158997,,0.026933470740914345,,0.034791499376297,,0.0799405574798584
,,399,,,,,,,,,,,,,,,,3.3186930522788316e-05,,0.0047893524169921875,,0.007089618593454361,,0.05168280750513077,,0.022260084748268127,,0.027977725490927696,,0.051715996116399765
,,400,,,,,,,,,,,,,,,,0.0001233626826433465,,0.009674072265625,,0.013668835163116455,,0.06631089001893997,,0.024097153916954994,,0.03169069439172745,,0.06643424928188324
,,401,,,,,,,,,,,,,,,,8.034321217564866e-05,,0.0075511932373046875,,0.01103096641600132,,0.06389030814170837,,0.023428181186318398,,0.03110690601170063,,0.063970647752285
,,402,,,,,,,,,,,,,,,,6.228472921065986e-05,,0.008920669555664062,,0.009712478145956993,,0.07041711360216141,,0.024850698187947273,,0.032657161355018616,,0.07047940045595169
,,403,,,,,,,,,,,,,,,,8.077445818344131e-05,,0.009937286376953125,,0.011060556396842003,,0.05645442754030228,,0.022327562794089317,,0.029240738600492477,,0.056535203009843826
,,404,,,,,,,,,,,,,,,,0.00011470731988083571,,0.010616302490234375,,0.013180599547922611,,0.05894843488931656,,0.022475222125649452,,0.029879646375775337,,0.0590631440281868
,,405,,,,,,,,,,,,,,,,0.0001110704179154709,,0.012969970703125,,0.012969970703125,,0.05330133065581322,,0.022552991285920143,,0.028412429615855217,,0.05341240018606186
13,,1777,,,,,,,,,,,,,,,0.00011483272101031616,,0.009774983860552311,,0.012443688698112965,,0.06999813765287399,,0.024713648483157158,,0.03237701579928398,,0.06960906833410263,
13,,1777,0.019284281879663467,,0.13425657153129578,,0.13704010844230652,,0.1222897544503212,,0.03194707632064819,,0.04247894138097763,,0.14159616827964783,,,,,,,,,,,,,,,
,0.0005,1778,,,,,,,,,,,,,,,,,,,,,,,,,,,,
14,,1779,,0.013150769285857677,,0.14035892486572266,,0.14113005995750427,,0.07079742848873138,,0.02499375492334366,,0.032745227217674255,,0.08394819498062134,,,,,,,,,,,,,,
14,,1789,,0.001692356774583459,,0.04593849182128906,,0.05062706768512726,,0.11781809478998184,,0.03082292340695858,,0.042242079973220825,,0.11951044946908951,,,,,,,,,,,,,,
14,,1799,,0.0025448782835155725,,0.05991172790527344,,0.06208225339651108,,0.10821428149938583,,0.02952655963599682,,0.040483832359313965,,0.11075916141271591,,,,,,,,,,,,,,
14,,1809,,0.00025279115652665496,,0.014959335327148438,,0.019565299153327942,,0.17283758521080017,,0.03376496583223343,,0.05116328224539757,,0.1730903834104538,,,,,,,,,,,,,,
14,,1819,,0.006162477657198906,,0.09322071075439453,,0.09660796821117401,,0.09037967771291733,,0.028520533815026283,,0.03699770197272301,,0.09654215723276138,,,,,,,,,,,,,,
14,,1829,,0.0019262926653027534,,0.05150032043457031,,0.054012931883335114,,0.1113741397857666,,0.03129524737596512,,0.041070640087127686,,0.11330043524503708,,,,,,,,,,,,,,
14,,1839,,0.0055752964690327644,,0.0888214111328125,,0.09188949316740036,,0.16230802237987518,,0.035646162927150726,,0.049580324441194534,,0.16788332164287567,,,,,,,,,,,,,,
14,,1849,,0.0115169957280159,,0.1311502456665039,,0.1320713460445404,,0.10541555285453796,,0.030624112114310265,,0.039956893771886826,,0.11693254858255386,,,,,,,,,,,,,,
14,,1859,,0.025221846997737885,,0.19440364837646484,,0.19544577598571777,,0.12436412274837494,,0.033467892557382584,,0.043399713933467865,,0.14958596229553223,,,,,,,,,,,,,,
14,,1869,,0.044174112379550934,,0.25831031799316406,,0.25865399837493896,,0.07194238901138306,,0.02569792978465557,,0.03300895169377327,,0.11611650139093399,,,,,,,,,,,,,,
14,,1879,,0.011487234383821487,,0.13018131256103516,,0.1318996399641037,,0.13049376010894775,,0.03292892128229141,,0.044456396251916885,,0.14198099076747894,,,,,,,,,,,,,,
14,,1889,,0.0014863477554172277,,0.041611671447753906,,0.047445863485336304,,0.09932535141706467,,0.02896478958427906,,0.038785502314567566,,0.10081169754266739,,,,,,,,,,,,,,
14,,1899,,0.014395387843251228,,0.1472339630126953,,0.14765731990337372,,0.09824161976575851,,0.02831391990184784,,0.03857332095503807,,0.1126370057463646,,,,,,,,,,,,,,
,,406,,,,,,,,,,,,,,,,0.00036872579948976636,,0.016660690307617188,,0.023631522431969643,,0.07040137052536011,,0.025160085409879684,,0.03265351057052612,,0.07077009975910187
,,407,,,,,,,,,,,,,,,,0.00012374627112876624,,0.0115509033203125,,0.013690080493688583,,0.07709702104330063,,0.025738343596458435,,0.03417103365063667,,0.07722076773643494
,,408,,,,,,,,,,,,,,,,0.00010959657083731145,,0.011449813842773438,,0.012883622199296951,,0.06603246182203293,,0.023476453498005867,,0.03162408992648125,,0.06614205986261368
,,409,,,,,,,,,,,,,,,,7.284348248504102e-05,,0.008169174194335938,,0.010503510944545269,,0.08333347737789154,,0.02708970382809639,,0.035526227205991745,,0.08340632170438766
,,410,,,,,,,,,,,,,,,,6.743750418536365e-05,,0.0085296630859375,,0.010106255300343037,,0.0618060939013958,,0.023416904732584953,,0.0305953212082386,,0.061873532831668854
,,411,,,,,,,,,,,,,,,,0.0001403079804731533,,0.012607574462890625,,0.014577412977814674,,0.058069273829460144,,0.02292020060122013,,0.029655998572707176,,0.058209583163261414
,,412,,,,,,,,,,,,,,,,3.7450750824064016e-05,,0.0066623687744140625,,0.007531292736530304,,0.05938379839062691,,0.02294430322945118,,0.029989784583449364,,0.059421248733997345
,,413,,,,,,,,,,,,,,,,0.0001653108629398048,,0.008226394653320312,,0.015823034569621086,,0.045669034123420715,,0.019825506955385208,,0.026299666613340378,,0.04583434388041496
,,414,,,,,,,,,,,,,,,,5.273351416690275e-05,,0.0073413848876953125,,0.008936803787946701,,0.06183463707566261,,0.023389121517539024,,0.030602384358644485,,0.06188737228512764
,,415,,,,,,,,,,,,,,,,3.891115920851007e-05,,0.0063629150390625,,0.007676710374653339,,0.07392916083335876,,0.025019224733114243,,0.033461641520261765,,0.0739680752158165
,,416,,,,,,,,,,,,,,,,7.043896039249375e-05,,0.00725555419921875,,0.010328701697289944,,0.05189802125096321,,0.021737540140748024,,0.02803591638803482,,0.05196845903992653
,,417,,,,,,,,,,,,,,,,0.00014641507004853338,,0.011165618896484375,,0.01489127054810524,,0.09021252393722534,,0.028397971764206886,,0.03696347400546074,,0.09035893529653549
,,418,,,,,,,,,,,,,,,,0.00010347977513447404,,0.01076507568359375,,0.01251893024891615,,0.08271680772304535,,0.027835432440042496,,0.035394538193941116,,0.08282028883695602
,,419,,,,,,,,,,,,,,,,0.0002135929389623925,,0.0144195556640625,,0.017985910177230835,,0.08018901944160461,,0.02580806240439415,,0.03484951704740524,,0.08040261268615723
,,420,,,,,,,,,,,,,,,,0.0002510302874725312,,0.014661788940429688,,0.019498562440276146,,0.08397608250379562,,0.02628452144563198,,0.035662941634655,,0.08422711491584778
,,421,,,,,,,,,,,,,,,,3.552417183527723e-05,,0.0051975250244140625,,0.007335016969591379,,0.04467567056417465,,0.020189793780446053,,0.02601206861436367,,0.044711194932460785
,,422,,,,,,,,,,,,,,,,0.00010865084186661988,,0.01033782958984375,,0.012827904894948006,,0.06781814992427826,,0.024644747376441956,,0.03204884007573128,,0.0679268017411232
,,423,,,,,,,,,,,,,,,,5.628800136037171e-05,,0.0074672698974609375,,0.009233085438609123,,0.04273609817028046,,0.019707946106791496,,0.02544115111231804,,0.042792387306690216
,,424,,,,,,,,,,,,,,,,7.297112460946664e-05,,0.00733184814453125,,0.010512707754969597,,0.046456679701805115,,0.020392468199133873,,0.02652548812329769,,0.04652965068817139
,,425,,,,,,,,,,,,,,,,0.00010376090358477086,,0.01062774658203125,,0.012535933405160904,,0.06705696880817413,,0.024176569655537605,,0.031868476420640945,,0.06716073304414749
,,426,,,,,,,,,,,,,,,,3.334801658638753e-05,,0.005802154541015625,,0.007106800563633442,,0.08525591343641281,,0.02680298499763012,,0.03593366965651512,,0.08528926223516464
,,427,,,,,,,,,,,,,,,,1.9252065612818114e-05,,0.004184722900390625,,0.005399789661169052,,0.07360457628965378,,0.02577076107263565,,0.033388104289770126,,0.07362382858991623
,,428,,,,,,,,,,,,,,,,3.233454845030792e-05,,0.005046844482421875,,0.006997980643063784,,0.04731038212776184,,0.021260198205709457,,0.026768101379275322,,0.04734271764755249
,,429,,,,,,,,,,,,,,,,0.00010748493514256552,,0.008749008178710938,,0.01275890413671732,,0.060857001692056656,,0.023226624354720116,,0.030359497293829918,,0.06096448749303818
,,430,,,,,,,,,,,,,,,,6.672152085229754e-05,,0.006740570068359375,,0.01005246490240097,,0.0591251403093338,,0.022431502118706703,,0.02992439642548561,,0.059191860258579254
,,431,,,,,,,,,,,,,,,,6.202499935170636e-05,,0.008991241455078125,,0.00969220232218504,,0.0641883909702301,,0.023745611310005188,,0.031179385259747505,,0.0642504170536995
,,432,,,,,,,,,,,,,,,,7.170892786234617e-05,,0.009525299072265625,,0.010421395301818848,,0.05184014514088631,,0.02130337618291378,,0.028020279482007027,,0.0519118532538414
,,433,,,,,,,,,,,,,,,,0.00010022087371908128,,0.009706497192382812,,0.012320228852331638,,0.053809262812137604,,0.021423358470201492,,0.028547488152980804,,0.053909484297037125
,,434,,,,,,,,,,,,,,,,9.912672976497561e-05,,0.0122528076171875,,0.0122528076171875,,0.04943123087286949,,0.021725742146372795,,0.02736150659620762,,0.049530357122421265
14,,1904,,,,,,,,,,,,,,,0.0001011449858197011,,0.009140217676758766,,0.011708787642419338,,0.06462087482213974,,0.02370968647301197,,0.031108375638723373,,0.06426364928483963,
14,,1904,0.015383102931082249,,0.12540054321289062,,0.127864807844162,,0.11307962238788605,,0.030720898881554604,,0.04094579070806503,,0.12848129868507385,,,,,,,,,,,,,,,
,0.0005,1905,,,,,,,,,,,,,,,,,,,,,,,,,,,,
15,,1909,,9.144163777818903e-05,,0.010309219360351562,,0.011768701486289501,,0.09956463426351547,,0.029245462268590927,,0.03883219137787819,,0.09965607523918152,,,,,,,,,,,,,,
15,,1919,,0.004104506690055132,,0.07529258728027344,,0.07884487509727478,,0.1529213935136795,,0.036135658621788025,,0.04812530055642128,,0.15702590346336365,,,,,,,,,,,,,,
15,,1929,,0.00033450033515691757,,0.017380714416503906,,0.022507525980472565,,0.1346595138311386,,0.03335241600871086,,0.04516041278839111,,0.1349940150976181,,,,,,,,,,,,,,
15,,1939,,0.00035580608528107405,,0.01690959930419922,,0.02321474254131317,,0.11811895668506622,,0.030808238312602043,,0.04229598119854927,,0.11847475916147232,,,,,,,,,,,,,,
15,,1949,,0.013085907325148582,,0.13876628875732422,,0.14078032970428467,,0.21954484283924103,,0.04050470516085625,,0.05766349658370018,,0.23263074457645416,,,,,,,,,,,,,,
15,,1959,,0.009451803751289845,,0.1082143783569336,,0.11964571475982666,,0.37644457817077637,,0.04986409470438957,,0.07550745457410812,,0.38589638471603394,,,,,,,,,,,,,,
15,,1969,,0.0004027587128803134,,0.01933574676513672,,0.024696841835975647,,0.1634947657585144,,0.035187385976314545,,0.04976125434041023,,0.1638975292444229,,,,,,,,,,,,,,
15,,1979,,0.000759011716581881,,0.030242919921875,,0.033906664699316025,,0.1593567132949829,,0.03539423644542694,,0.0491274818778038,,0.16011571884155273,,,,,,,,,,,,,,
15,,1989,,0.00036434270441532135,,0.017023086547851562,,0.0234899390488863,,0.08396893739700317,,0.02686707116663456,,0.035661421716213226,,0.08433327823877335,,,,,,,,,,,,,,
15,,1999,,0.004110105335712433,,0.07563972473144531,,0.07889850437641144,,0.14727124571800232,,0.03409101814031601,,0.04722786322236061,,0.15138134360313416,,,,,,,,,,,,,,
15,,2009,,0.032371655106544495,,0.220916748046875,,0.2214222103357315,,0.1294485330581665,,0.03290858119726181,,0.044277988374233246,,0.161820188164711,,,,,,,,,,,,,,
15,,2019,,0.028579697012901306,,0.2076272964477539,,0.20804880559444427,,0.07872659713029861,,0.026460500434041023,,0.03453027829527855,,0.10730629414319992,,,,,,,,,,,,,,
15,,2029,,0.023712875321507454,,0.18906593322753906,,0.1895095258951187,,0.056678034365177155,,0.022374292835593224,,0.029298586770892143,,0.08039090782403946,,,,,,,,,,,,,,
,,435,,,,,,,,,,,,,,,,0.00028430932434275746,,0.015432357788085938,,0.020750822499394417,,0.06526656448841095,,0.024108149111270905,,0.03144015744328499,,0.06555087119340897
,,436,,,,,,,,,,,,,,,,0.00011259151506237686,,0.011209487915039062,,0.01305846031755209,,0.07265949249267578,,0.02493106760084629,,0.033173058182001114,,0.0727720856666565
,,437,,,,,,,,,,,,,,,,7.91260099504143e-05,,0.008558273315429688,,0.010947086848318577,,0.06461748480796814,,0.022960767149925232,,0.0312834195792675,,0.06469660997390747
,,438,,,,,,,,,,,,,,,,5.404613693826832e-05,,0.007518768310546875,,0.009047362022101879,,0.07663851231336594,,0.02592446096241474,,0.03406927362084389,,0.07669255882501602
,,439,,,,,,,,,,,,,,,,5.05900097778067e-05,,0.007633209228515625,,0.008753293193876743,,0.059628043323755264,,0.022585174068808556,,0.030051397159695625,,0.05967863276600838
,,440,,,,,,,,,,,,,,,,0.0001497608027420938,,0.014207839965820312,,0.015060462057590485,,0.05521894618868828,,0.022262541577219963,,0.02891901135444641,,0.055368706583976746
,,441,,,,,,,,,,,,,,,,3.443539026193321e-05,,0.0055065155029296875,,0.007221734616905451,,0.057170238345861435,,0.022456560283899307,,0.02942553162574768,,0.05720467492938042
,,442,,,,,,,,,,,,,,,,0.0001949725265149027,,0.009632110595703125,,0.017184065654873848,,0.04288182407617569,,0.0191593449562788,,0.025484491139650345,,0.04307679831981659
,,443,,,,,,,,,,,,,,,,4.454979716683738e-05,,0.0074863433837890625,,0.008214149624109268,,0.059047631919384,,0.022829001769423485,,0.02990477718412876,,0.05909218266606331
,,444,,,,,,,,,,,,,,,,3.525269130477682e-05,,0.005916595458984375,,0.007306928746402264,,0.06855012476444244,,0.024112604558467865,,0.03222133219242096,,0.06858538091182709
,,445,,,,,,,,,,,,,,,,7.387436926364899e-05,,0.0057773590087890625,,0.010577580891549587,,0.049416400492191315,,0.021074142307043076,,0.027357403188943863,,0.049490272998809814
,,446,,,,,,,,,,,,,,,,9.902677993522957e-05,,0.0093231201171875,,0.012246561236679554,,0.08535893261432648,,0.027668850496411324,,0.03595537692308426,,0.08545795828104019
,,447,,,,,,,,,,,,,,,,0.00010994539479725063,,0.01010894775390625,,0.012904112227261066,,0.07756978273391724,,0.026857927441596985,,0.03427564352750778,,0.07767973095178604
,,448,,,,,,,,,,,,,,,,0.000186005505383946,,0.014371871948242188,,0.01678425259888172,,0.07513793557882309,,0.024890394881367683,,0.03373408690094948,,0.07532393932342529
,,449,,,,,,,,,,,,,,,,0.0002041196421487257,,0.013139724731445312,,0.017582548782229424,,0.07940329611301422,,0.025425270199775696,,0.03467836230993271,,0.07960741221904755
,,450,,,,,,,,,,,,,,,,3.990720506408252e-05,,0.0040035247802734375,,0.007774354889988899,,0.04207364842295647,,0.019633976742625237,,0.025243202224373817,,0.04211355745792389
,,451,,,,,,,,,,,,,,,,9.545145439915359e-05,,0.00959014892578125,,0.012023485265672207,,0.06310030817985535,,0.023744633421301842,,0.03091398812830448,,0.06319575756788254
,,452,,,,,,,,,,,,,,,,3.584256046451628e-05,,0.00579833984375,,0.007367819081991911,,0.040091488510370255,,0.019078638404607773,,0.024641400203108788,,0.04012732952833176
,,453,,,,,,,,,,,,,,,,7.453961734427139e-05,,0.008111953735351562,,0.010625080205500126,,0.0433194600045681,,0.01966683380305767,,0.02561420202255249,,0.043393999338150024
,,454,,,,,,,,,,,,,,,,7.246642780955881e-05,,0.00916290283203125,,0.010476325638592243,,0.06297511607408524,,0.02352466806769371,,0.03088330663740635,,0.06304758042097092
,,455,,,,,,,,,,,,,,,,5.214296106714755e-05,,0.0075225830078125,,0.008886637166142464,,0.07953236997127533,,0.025775233283638954,,0.034706536680459976,,0.0795845165848732
,,456,,,,,,,,,,,,,,,,3.09730094159022e-05,,0.0045166015625,,0.006849059369415045,,0.06982871890068054,,0.02503255382180214,,0.032520439475774765,,0.06985969096422195
,,457,,,,,,,,,,,,,,,,3.568873580661602e-05,,0.006504058837890625,,0.007351989392191172,,0.04521719366312027,,0.020703252404928207,,0.026169240474700928,,0.045252881944179535
,,458,,,,,,,,,,,,,,,,7.23522825865075e-05,,0.008001327514648438,,0.01046804804354906,,0.056813329458236694,,0.022511759772896767,,0.029333539307117462,,0.05688568204641342
,,459,,,,,,,,,,,,,,,,0.00010581241076579317,,0.009113311767578125,,0.012659236788749695,,0.055928971618413925,,0.021736491471529007,,0.029104338958859444,,0.05603478476405144
,,460,,,,,,,,,,,,,,,,6.953997217351571e-05,,0.00933074951171875,,0.01026257686316967,,0.06072624772787094,,0.02304033935070038,,0.03032686561346054,,0.06079578772187233
,,461,,,,,,,,,,,,,,,,9.915334521792829e-05,,0.010341644287109375,,0.01225443184375763,,0.048586808145046234,,0.020701896399259567,,0.027126798406243324,,0.048685960471630096
,,462,,,,,,,,,,,,,,,,9.015487739816308e-05,,0.009037017822265625,,0.011685154400765896,,0.052757300436496735,,0.021058201789855957,,0.028267059475183487,,0.05284745618700981
,,463,,,,,,,,,,,,,,,,4.172866101725958e-05,,0.0079498291015625,,0.0079498291015625,,0.04469993710517883,,0.020686659961938858,,0.026019131764769554,,0.044741664081811905
15,,2031,,,,,,,,,,,,,,,9.215455065714195e-05,,0.00881245918571949,,0.011282394640147686,,0.06098145246505737,,0.022970333695411682,,0.03022494725883007,,0.060580842196941376,
15,,2031,0.01290016807615757,,0.10233154147863388,,0.10630128532648087,,0.1558305323123932,,0.034650083631277084,,0.04727520793676376,,0.16873745620250702,,,,,,,,,,,,,,,
,0.0005,2032,,,,,,,,,,,,,,,,,,,,,,,,,,,,
16,,2039,,0.040608081966638565,,0.24766063690185547,,0.2479962557554245,,0.06379467993974686,,0.023780513554811478,,0.031083621084690094,,0.10440276563167572,,,,,,,,,,,,,,
16,,2049,,0.007009393535554409,,0.09856128692626953,,0.10303264856338501,,0.093514584004879,,0.028577599674463272,,0.037633880972862244,,0.10052397847175598,,,,,,,,,,,,,,
16,,2059,,0.003055169014260173,,0.06621932983398438,,0.06802243739366531,,0.11039101332426071,,0.030668076127767563,,0.04088897258043289,,0.1134461835026741,,,,,,,,,,,,,,
16,,2069,,0.06210719794034958,,0.3065042495727539,,0.30669617652893066,,0.06714307516813278,,0.02456669509410858,,0.0318889282643795,,0.12925027310848236,,,,,,,,,,,,,,
16,,2079,,0.026690486818552017,,0.2005929946899414,,0.20105671882629395,,0.07383792847394943,,0.025394774973392487,,0.03344098478555679,,0.10052841901779175,,,,,,,,,,,,,,
16,,2089,,0.024987589567899704,,0.1940937042236328,,0.19453847408294678,,0.05901305004954338,,0.023051224648952484,,0.029896017163991928,,0.08400063961744308,,,,,,,,,,,,,,
16,,2099,,0.049853160977363586,,0.2743663787841797,,0.27478060126304626,,0.07327457517385483,,0.025427551940083504,,0.03331317380070686,,0.12312773615121841,,,,,,,,,,,,,,
16,,2109,,0.016698254272341728,,0.15863323211669922,,0.159030482172966,,0.06304693222045898,,0.023582248017191887,,0.03090091049671173,,0.07974518835544586,,,,,,,,,,,,,,
16,,2119,,0.0400661863386631,,0.24593257904052734,,0.2463352084159851,,0.07582616806030273,,0.0258183591067791,,0.033888231962919235,,0.11589235067367554,,,,,,,,,,,,,,
16,,2129,,0.0024737524800002575,,0.05431556701660156,,0.06121065840125084,,0.11826766282320023,,0.031412284821271896,,0.04232259839773178,,0.12074141204357147,,,,,,,,,,,,,,
16,,2139,,0.004443315323442221,,0.0774679183959961,,0.08203409612178802,,0.08397676050662994,,0.02776389941573143,,0.03566308692097664,,0.0884200781583786,,,,,,,,,,,,,,
16,,2149,,0.006765102036297321,,0.09911918640136719,,0.10121951252222061,,0.09784603863954544,,0.02801593206822872,,0.03849559277296066,,0.10461114346981049,,,,,,,,,,,,,,
,,464,,,,,,,,,,,,,,,,0.0002421705867163837,,0.015415191650390625,,0.01915140263736248,,0.060161273926496506,,0.023221489042043686,,0.030185462906956673,,0.06040344387292862
,,465,,,,,,,,,,,,,,,,0.00014426468987949193,,0.012472152709960938,,0.014781509526073933,,0.06782306730747223,,0.02409065142273903,,0.0320499986410141,,0.06796733289957047
,,466,,,,,,,,,,,,,,,,8.095719385892153e-05,,0.008069992065429688,,0.011073054745793343,,0.06174790859222412,,0.022331198677420616,,0.03058091178536415,,0.061828866600990295
,,467,,,,,,,,,,,,,,,,6.200453208293766e-05,,0.008024215698242188,,0.009690615348517895,,0.07067345827817917,,0.024936752393841743,,0.032716549932956696,,0.07073546200990677
,,468,,,,,,,,,,,,,,,,5.8834990340983495e-05,,0.0075473785400390625,,0.009439675137400627,,0.056421536952257156,,0.02191753126680851,,0.029232216998934746,,0.056480370461940765
,,469,,,,,,,,,,,,,,,,0.00018717366037890315,,0.015750885009765625,,0.01683688536286354,,0.05228399112820625,,0.021598247811198235,,0.028139978647232056,,0.05247116461396217
,,470,,,,,,,,,,,,,,,,4.574568447424099e-05,,0.00600433349609375,,0.00832365546375513,,0.05296394228935242,,0.021604375913739204,,0.028322363272309303,,0.05300968885421753
,,471,,,,,,,,,,,,,,,,0.00021811085753142834,,0.012165069580078125,,0.018175136297941208,,0.04030630365014076,,0.018546072766184807,,0.024707332253456116,,0.04052441567182541
,,472,,,,,,,,,,,,,,,,5.9553509345278144e-05,,0.008106231689453125,,0.009497140534222126,,0.0556444451212883,,0.022159669548273087,,0.02903021313250065,,0.05570399761199951
,,473,,,,,,,,,,,,,,,,5.140673601999879e-05,,0.0070934295654296875,,0.008823656477034092,,0.06165764480829239,,0.022809138521552086,,0.030558554455637932,,0.061709050089120865
,,474,,,,,,,,,,,,,,,,0.00010055554594146088,,0.0066661834716796875,,0.012340768240392208,,0.046671148389577866,,0.020481998100876808,,0.02658664621412754,,0.04677170515060425
,,475,,,,,,,,,,,,,,,,8.077120583038777e-05,,0.008359909057617188,,0.01106029748916626,,0.07911723852157593,,0.02664252184331417,,0.03461584076285362,,0.07919801026582718
,,476,,,,,,,,,,,,,,,,0.00011387230188120157,,0.009012222290039062,,0.013132535852491856,,0.07466402649879456,,0.026225224137306213,,0.03362753987312317,,0.07477790117263794
,,477,,,,,,,,,,,,,,,,0.0001944331161212176,,0.01555633544921875,,0.017160257324576378,,0.07050365954637527,,0.024076785892248154,,0.03267722204327583,,0.0706980898976326
,,478,,,,,,,,,,,,,,,,0.0001910276769194752,,0.012346267700195312,,0.017009349539875984,,0.07480069994926453,,0.0246087945997715,,0.03365829959511757,,0.07499172538518906
,,479,,,,,,,,,,,,,,,,7.795826240908355e-05,,0.007755279541015625,,0.010866004042327404,,0.03912725672125816,,0.018875792622566223,,0.024343280121684074,,0.039205215871334076
,,480,,,,,,,,,,,,,,,,0.00011710319813573733,,0.010801315307617188,,0.013317519798874855,,0.05889615789055824,,0.022916626185178757,,0.029866395518183708,,0.05901326239109039
,,481,,,,,,,,,,,,,,,,4.092711606062949e-05,,0.006694793701171875,,0.007873080670833588,,0.037358734756708145,,0.018411632627248764,,0.023786764591932297,,0.03739966079592705
,,482,,,,,,,,,,,,,,,,8.642116154078394e-05,,0.009645462036132812,,0.011440620757639408,,0.0405968613922596,,0.019030246883630753,,0.024796225130558014,,0.040683284401893616
,,483,,,,,,,,,,,,,,,,6.178500188980252e-05,,0.008026123046875,,0.009673446416854858,,0.058114469051361084,,0.022636882960796356,,0.029667535796761513,,0.058176252990961075
,,484,,,,,,,,,,,,,,,,9.11308015929535e-05,,0.010335922241210938,,0.011748213320970535,,0.07430948317050934,,0.024914752691984177,,0.03354760259389877,,0.07440061122179031
,,485,,,,,,,,,,,,,,,,5.852135655004531e-05,,0.00687408447265625,,0.009414475411176682,,0.06500677019357681,,0.02416202612221241,,0.03137752041220665,,0.06506529450416565
,,486,,,,,,,,,,,,,,,,6.0526923334691674e-05,,0.009408950805664062,,0.009574457071721554,,0.042598526924848557,,0.020033514127135277,,0.02540017105638981,,0.042659055441617966
,,487,,,,,,,,,,,,,,,,6.765330908820033e-05,,0.009061813354492188,,0.010122410953044891,,0.05400199443101883,,0.021895717829465866,,0.028598563745617867,,0.054069649428129196
,,488,,,,,,,,,,,,,,,,0.00015457876725122333,,0.012683868408203125,,0.01530079822987318,,0.05202965810894966,,0.020937375724315643,,0.0280714463442564,,0.05218423530459404
,,489,,,,,,,,,,,,,,,,9.562888590153307e-05,,0.010076522827148438,,0.012034662067890167,,0.056082114577293396,,0.022235998883843422,,0.029144158586859703,,0.05617774277925491
,,490,,,,,,,,,,,,,,,,0.00013976173067931086,,0.012180328369140625,,0.014549016952514648,,0.04549766331911087,,0.020061003044247627,,0.02625027671456337,,0.045637425035238266
,,491,,,,,,,,,,,,,,,,0.0001179129903903231,,0.011138916015625,,0.013363504782319069,,0.048101142048835754,,0.020206276327371597,,0.02699088118970394,,0.04821905493736267
,,492,,,,,,,,,,,,,,,,3.458796982158674e-06,,0.002288818359375,,0.002288818359375,,0.04194400832056999,,0.020000679418444633,,0.025204282253980637,,0.041947465389966965
16,,2158,,,,,,,,,,,,,,,0.00010671019845176488,,0.009868774563074112,,0.012304364703595638,,0.056974366307258606,,0.022189097478985786,,0.029215307906270027,,0.056624460965394974,
16,,2158,0.02328639104962349,,0.16695266962051392,,0.16841472685337067,,0.08055485785007477,,0.026130475103855133,,0.034698501229286194,,0.10383037477731705,,,,,,,,,,,,,,,
,0.0005,2159,,,,,,,,,,,,,,,,,,,,,,,,,,,,
17,,2159,,0.0038416986353695393,,0.07184600830078125,,0.07627850025892258,,0.10761787742376328,,0.028418000787496567,,0.04037212207913399,,0.11145957559347153,,,,,,,,,,,,,,
17,,2169,,0.02593478560447693,,0.19638919830322266,,0.19818831980228424,,0.1599041223526001,,0.036426350474357605,,0.049211785197257996,,0.18583890795707703,,,,,,,,,,,,,,
17,,2179,,0.028596147894859314,,0.20784854888916016,,0.20811104774475098,,0.13001836836338043,,0.03231220692396164,,0.04437533766031265,,0.15861451625823975,,,,,,,,,,,,,,
17,,2189,,0.0004540252557490021,,0.02398395538330078,,0.026224080473184586,,0.136494442820549,,0.034342508763074875,,0.04546704888343811,,0.13694846630096436,,,,,,,,,,,,,,
17,,2199,,0.0020303879864513874,,0.05363655090332031,,0.05545332282781601,,0.10218537598848343,,0.030018022283911705,,0.03933994472026825,,0.10421576350927353,,,,,,,,,,,,,,
17,,2209,,0.001116482657380402,,0.034295082092285156,,0.04112286493182182,,0.09876663237810135,,0.028517527505755424,,0.03867626562714577,,0.09988311678171158,,,,,,,,,,,,,,
17,,2219,,0.0002468909078743309,,0.015340805053710938,,0.019336873665452003,,0.07313212007284164,,0.02597631700336933,,0.03328077122569084,,0.07337900996208191,,,,,,,,,,,,,,
17,,2229,,0.014802800491452217,,0.149200439453125,,0.1497299075126648,,0.0814543068408966,,0.02662711776793003,,0.03512338176369667,,0.09625710546970367,,,,,,,,,,,,,,
17,,2239,,0.008913716301321983,,0.11552906036376953,,0.11619031429290771,,0.05559173971414566,,0.0226035974919796,,0.029016464948654175,,0.06450545787811279,,,,,,,,,,,,,,
17,,2249,,0.046536803245544434,,0.26488399505615234,,0.2654825747013092,,0.07733502984046936,,0.02594946138560772,,0.03422373905777931,,0.1238718330860138,,,,,,,,,,,,,,
17,,2259,,0.037651512771844864,,0.2383403778076172,,0.2387983649969101,,0.06956084072589874,,0.0246820617467165,,0.03245800361037254,,0.10721234977245331,,,,,,,,,,,,,,
17,,2269,,0.04086792469024658,,0.2481985092163086,,0.2487889975309372,,0.06886165589094162,,0.025247594341635704,,0.032294463366270065,,0.1097295805811882,,,,,,,,,,,,,,
17,,2279,,0.012184771709144115,,0.13476848602294922,,0.13584540784358978,,0.05497307702898979,,0.021953042596578598,,0.028854554519057274,,0.06715784966945648,,,,,,,,,,,,,,
,,493,,,,,,,,,,,,,,,,0.00021427476895041764,,0.015155792236328125,,0.018014634028077126,,0.05546159669756889,,0.02229670062661171,,0.02898247353732586,,0.055675871670246124
,,494,,,,,,,,,,,,,,,,0.00016473572759423405,,0.013088226318359375,,0.015795478597283363,,0.06421805918216705,,0.023446857929229736,,0.03118658997118473,,0.06438279151916504
,,495,,,,,,,,,,,,,,,,0.00010548039426794276,,0.0086669921875,,0.012639357708394527,,0.057642169296741486,,0.02188178524374962,,0.02954673208296299,,0.057747650891542435
,,496,,,,,,,,,,,,,,,,8.635374251753092e-05,,0.009912490844726562,,0.011436138302087784,,0.06484145671129227,,0.023898959159851074,,0.03133759647607803,,0.06492780894041061
,,497,,,,,,,,,,,,,,,,7.06813225406222e-05,,0.008636474609375,,0.010346457362174988,,0.05054425075650215,,0.021072708070278168,,0.027667837217450142,,0.05061493068933487
,,498,,,,,,,,,,,,,,,,0.00021470239153131843,,0.016702651977539062,,0.01803256943821907,,0.0493684783577919,,0.020996196195483208,,0.02734413556754589,,0.049583181738853455
,,499,,,,,,,,,,,,,,,,5.7854835176840425e-05,,0.0072479248046875,,0.00936069805175066,,0.04891864210367203,,0.020724287256598473,,0.027219276875257492,,0.04897649586200714
,,500,,,,,,,,,,,,,,,,0.00024140375899150968,,0.014392852783203125,,0.01912100799381733,,0.0375964418053627,,0.01793236844241619,,0.023862324655056,,0.03783784434199333
,,501,,,,,,,,,,,,,,,,7.51276602386497e-05,,0.00872802734375,,0.010666930116713047,,0.051824647933244705,,0.021386852487921715,,0.028016092255711555,,0.05189977586269379
,,502,,,,,,,,,,,,,,,,7.041989010758698e-05,,0.008083343505859375,,0.01032729260623455,,0.056820131838321686,,0.022015685215592384,,0.02933529019355774,,0.05689055100083351
,,503,,,,,,,,,,,,,,,,0.00012758056982420385,,0.008989334106445312,,0.013900531455874443,,0.043953441083431244,,0.019924983382225037,,0.025800954550504684,,0.04408102110028267
,,504,,,,,,,,,,,,,,,,7.156651554396376e-05,,0.008296966552734375,,0.010411035269498825,,0.07509063929319382,,0.025785690173506737,,0.03372346982359886,,0.07516220211982727
,,505,,,,,,,,,,,,,,,,0.0001306266349274665,,0.010395050048828125,,0.01406550407409668,,0.07149738073348999,,0.025455383583903313,,0.03290671110153198,,0.07162800431251526
,,506,,,,,,,,,,,,,,,,0.0002113102818839252,,0.01660919189453125,,0.01788952760398388,,0.0648718997836113,,0.023164108395576477,,0.0313449501991272,,0.06508321315050125
,,507,,,,,,,,,,,,,,,,0.00017397833289578557,,0.012790679931640625,,0.01623254083096981,,0.07066421955823898,,0.024070193991065025,,0.03271441161632538,,0.07083819806575775
,,508,,,,,,,,,,,,,,,,0.00011712319974321872,,0.01050567626953125,,0.013318650424480438,,0.03639731928706169,,0.0182289257645607,,0.02347869984805584,,0.036514442414045334
,,509,,,,,,,,,,,,,,,,0.00013793219113722444,,0.0119476318359375,,0.014453474432229996,,0.055241044610738754,,0.02217559702694416,,0.028924793004989624,,0.055378977209329605
,,510,,,,,,,,,,,,,,,,5.2062925533391535e-05,,0.0070953369140625,,0.008879821747541428,,0.03498028963804245,,0.01782241091132164,,0.023017121478915215,,0.035032354295253754
,,511,,,,,,,,,,,,,,,,0.00010024536459241062,,0.011030197143554688,,0.012321746908128262,,0.03768673911690712,,0.018459124490618706,,0.023890957236289978,,0.03778698295354843
,,512,,,,,,,,,,,,,,,,6.342144479276612e-05,,0.0076770782470703125,,0.009800709784030914,,0.053950078785419464,,0.021823596209287643,,0.028584815561771393,,0.05401350185275078
,,513,,,,,,,,,,,,,,,,0.0001256183604709804,,0.0118408203125,,0.013793198391795158,,0.06953243911266327,,0.02414374053478241,,0.03245137259364128,,0.0696580559015274
,,514,,,,,,,,,,,,,,,,7.93079670984298e-05,,0.0088043212890625,,0.010959664359688759,,0.06093151122331619,,0.023377086967229843,,0.030378079041838646,,0.06101081892848015
,,515,,,,,,,,,,,,,,,,8.718360913917422e-05,,0.011356353759765625,,0.011490980163216591,,0.04032726213335991,,0.019387856125831604,,0.024713754653930664,,0.04041444510221481
,,516,,,,,,,,,,,,,,,,7.701368303969502e-05,,0.010044097900390625,,0.010799989104270935,,0.050759200006723404,,0.02113785594701767,,0.027726605534553528,,0.05083621293306351
,,517,,,,,,,,,,,,,,,,0.00018711303710006177,,0.014659881591796875,,0.016834158450365067,,0.049212079495191574,,0.02024289034307003,,0.02730078622698784,,0.04939919337630272
,,518,,,,,,,,,,,,,,,,0.0001216977252624929,,0.011247634887695312,,0.013576271943747997,,0.05240992084145546,,0.02156359888613224,,0.028173843398690224,,0.05253161862492561
,,519,,,,,,,,,,,,,,,,0.00016702037828508765,,0.013341903686523438,,0.015904642641544342,,0.04279150068759918,,0.019384892657399178,,0.025457637384533882,,0.042958520352840424
,,520,,,,,,,,,,,,,,,,0.00014193516108207405,,0.01206207275390625,,0.014661703258752823,,0.045194417238235474,,0.019581425935029984,,0.0261626485735178,,0.04533635079860687
,,521,,,,,,,,,,,,,,,,8.880224413587712e-07,,0.00115966796875,,0.00115966796875,,0.03817877545952797,,0.01901228167116642,,0.024046417325735092,,0.038179662078619
17,,2285,,,,,,,,,,,,,,,0.00012351584155112505,,0.011002807877957821,,0.013339721597731113,,0.05324443057179451,,0.02146696113049984,,0.028240205720067024,,0.052909668534994125,
17,,2285,0.019822223111987114,,0.1489737182855606,,0.15061326324939728,,0.09090185910463333,,0.027703411877155304,,0.03661426529288292,,0.11070049554109573,,,,,,,,,,,,,,,
,0.0005,2286,,,,,,,,,,,,,,,,,,,,,,,,,,,,
18,,2289,,0.014983225613832474,,0.14993000030517578,,0.1506401002407074,,0.06174340471625328,,0.023364176973700523,,0.03057979606091976,,0.07672663033008575,,,,,,,,,,,,,,
18,,2299,,0.02101391926407814,,0.17761993408203125,,0.17840084433555603,,0.05021372437477112,,0.02126082219183445,,0.027577223256230354,,0.07122763991355896,,,,,,,,,,,,,,
18,,2309,,0.04608701914548874,,0.2637367248535156,,0.26419857144355774,,0.05553913488984108,,0.022794533520936966,,0.029002729803323746,,0.10162615776062012,,,,,,,,,,,,,,
18,,2319,,0.021444205194711685,,0.17997455596923828,,0.18021532893180847,,0.053186871111392975,,0.021663255989551544,,0.02838190831243992,,0.07463108003139496,,,,,,,,,,,,,,
18,,2329,,0.04137855023145676,,0.24989891052246094,,0.25033795833587646,,0.050057318061590195,,0.020670318976044655,,0.02753424271941185,,0.09143586456775665,,,,,,,,,,,,,,
18,,2339,,0.022374480962753296,,0.1839275360107422,,0.18408328294754028,,0.04519742727279663,,0.020163802430033684,,0.02616352215409279,,0.06757190823554993,,,,,,,,,,,,,,
18,,2349,,0.02343965508043766,,0.18799495697021484,,0.18841546773910522,,0.04446570575237274,,0.02014179900288582,,0.025950869545340538,,0.06790535897016525,,,,,,,,,,,,,,
18,,2359,,0.01452521700412035,,0.1481800079345703,,0.14832112193107605,,0.0652146264910698,,0.02414705604314804,,0.031427644193172455,,0.07973984628915787,,,,,,,,,,,,,,
18,,2369,,0.0002466603764332831,,0.014379501342773438,,0.01932862214744091,,0.07038505375385284,,0.024299371987581253,,0.032649725675582886,,0.0706317126750946,,,,,,,,,,,,,,
18,,2379,,0.00785486213862896,,0.10764503479003906,,0.10907208174467087,,0.13221845030784607,,0.03157767280936241,,0.04474920406937599,,0.14007331430912018,,,,,,,,,,,,,,
18,,2389,,0.002371664624661207,,0.059600830078125,,0.05993269383907318,,0.07016289979219437,,0.02458491176366806,,0.032598160207271576,,0.07253456115722656,,,,,,,,,,,,,,
18,,2399,,0.005256880074739456,,0.08461284637451172,,0.0892290323972702,,0.12130093574523926,,0.03121906891465187,,0.042861901223659515,,0.12655781209468842,,,,,,,,,,,,,,
18,,2409,,0.0008800871437415481,,0.032245635986328125,,0.036509353667497635,,0.1324891597032547,,0.0327305868268013,,0.044794995337724686,,0.13336925208568573,,,,,,,,,,,,,,
,,522,,,,,,,,,,,,,,,,0.00018868125334847718,,0.0142822265625,,0.016904572024941444,,0.05199764296412468,,0.021496634930372238,,0.028062809258699417,,0.05218632519245148
,,523,,,,,,,,,,,,,,,,0.00013624016719404608,,0.011812210083007812,,0.014364530332386494,,0.05969192832708359,,0.022700253874063492,,0.030067486688494682,,0.05982816964387894
,,524,,,,,,,,,,,,,,,,0.00010480659693712369,,0.008464813232421875,,0.012598921544849873,,0.05396313592791557,,0.021345332264900208,,0.028588272631168365,,0.0540679432451725
,,525,,,,,,,,,,,,,,,,8.180227450793609e-05,,0.0097198486328125,,0.011130684986710548,,0.06055430322885513,,0.022945590317249298,,0.03028390370309353,,0.06063610687851906
,,526,,,,,,,,,,,,,,,,5.9738777054008096e-05,,0.007991790771484375,,0.009511902928352356,,0.04712945595383644,,0.020431414246559143,,0.026716869324445724,,0.047189194709062576
,,527,,,,,,,,,,,,,,,,0.00018755655037239194,,0.015544891357421875,,0.01685410365462303,,0.04621336609125137,,0.020257839933037758,,0.026455938816070557,,0.046400923281908035
,,528,,,,,,,,,,,,,,,,5.039210736867972e-05,,0.0067310333251953125,,0.008736148476600647,,0.04520406574010849,,0.020010514184832573,,0.026165446266531944,,0.045254457741975784
,,529,,,,,,,,,,,,,,,,0.0002118759002769366,,0.013292312622070312,,0.01791347935795784,,0.034855540841817856,,0.01724294200539589,,0.022976044565439224,,0.03506741672754288
,,530,,,,,,,,,,,,,,,,6.513568223454058e-05,,0.00788116455078125,,0.009932279586791992,,0.04856571555137634,,0.020777003839612007,,0.027120908722281456,,0.04863085225224495
,,531,,,,,,,,,,,,,,,,6.49171561235562e-05,,0.007732391357421875,,0.00991559773683548,,0.05204762518405914,,0.02119002863764763,,0.0280762929469347,,0.05211254209280014
,,532,,,,,,,,,,,,,,,,0.000123830686789006,,0.008159637451171875,,0.01369472499936819,,0.04173031821846962,,0.019346822053194046,,0.02513999491930008,,0.04185415059328079
,,533,,,,,,,,,,,,,,,,6.738728552591056e-05,,0.008375167846679688,,0.010102489031851292,,0.07034650444984436,,0.02488115057349205,,0.032640788704156876,,0.07041389495134354
,,534,,,,,,,,,,,,,,,,0.00012840935960412025,,0.010057449340820312,,0.013945612125098705,,0.06679212301969528,,0.024663874879479408,,0.03180548548698425,,0.06692053377628326
,,535,,,,,,,,,,,,,,,,0.0002047825400950387,,0.016246795654296875,,0.017611078917980194,,0.06165021285414696,,0.022575879469513893,,0.030556712299585342,,0.06185499578714371
,,536,,,,,,,,,,,,,,,,0.00016075765597634017,,0.012418746948242188,,0.015603614039719105,,0.06647346168756485,,0.023319074884057045,,0.03172951936721802,,0.06663422286510468
,,537,,,,,,,,,,,,,,,,0.00010600638051982969,,0.0096435546875,,0.012670839205384254,,0.03383887931704521,,0.017594948410987854,,0.022638482972979546,,0.033944886177778244
,,538,,,,,,,,,,,,,,,,0.0001242718135472387,,0.01113128662109375,,0.013719079084694386,,0.053168799728155136,,0.0216725692152977,,0.02837708406150341,,0.05329307168722153
,,539,,,,,,,,,,,,,,,,4.370787428342737e-05,,0.00643157958984375,,0.008136172778904438,,0.03302706032991409,,0.01736951246857643,,0.022365275770425797,,0.03307076916098595
,,540,,,,,,,,,,,,,,,,8.265016367658973e-05,,0.009916305541992188,,0.011188219301402569,,0.03539516404271126,,0.017917806282639503,,0.023153213784098625,,0.035477813333272934
,,541,,,,,,,,,,,,,,,,4.8540689022047445e-05,,0.00677490234375,,0.00857419054955244,,0.04992298036813736,,0.0211044792085886,,0.027497265487909317,,0.04997152090072632
,,542,,,,,,,,,,,,,,,,0.00011463060218375176,,0.010852813720703125,,0.01317615620791912,,0.06520990282297134,,0.023355534300208092,,0.031426507979631424,,0.06532453000545502
,,543,,,,,,,,,,,,,,,,6.440931610995904e-05,,0.007694244384765625,,0.009876742959022522,,0.057277314364910126,,0.02256038971245289,,0.029453076422214508,,0.05734172463417053
,,544,,,,,,,,,,,,,,,,7.57079033064656e-05,,0.010589599609375,,0.010708039626479149,,0.03791678324341774,,0.018795743584632874,,0.023963766172528267,,0.03799249231815338
,,545,,,,,,,,,,,,,,,,6.71599991619587e-05,,0.009410858154296875,,0.010085439309477806,,0.04831497371196747,,0.020637523382902145,,0.027050806209445,,0.04838213324546814
,,546,,,,,,,,,,,,,,,,0.00015616374730598181,,0.013072967529296875,,0.015379044227302074,,0.04594724625349045,,0.019574860110878944,,0.026379650458693504,,0.04610341042280197
,,547,,,,,,,,,,,,,,,,0.00010971657320624217,,0.01071929931640625,,0.012890669517219067,,0.04952458664774895,,0.020992420613765717,,0.027387334033846855,,0.04963430389761925
,,548,,,,,,,,,,,,,,,,0.00014334762818180025,,0.012285232543945312,,0.01473448146134615,,0.03940993547439575,,0.018710093572735786,,0.024431053549051285,,0.039553284645080566
,,549,,,,,,,,,,,,,,,,0.00012598087778314948,,0.011434555053710938,,0.013813118450343609,,0.04241914302110672,,0.019136419519782066,,0.025346631184220314,,0.042545124888420105
,,550,,,,,,,,,,,,,,,,1.0086953352583805e-06,,0.0012359619140625,,0.0012359619140625,,0.03740467131137848,,0.018688848242163658,,0.02380138449370861,,0.03740568086504936
18,,2412,,,,,,,,,,,,,,,0.00011017720680683851,,0.010269233025610447,,0.012584049254655838,,0.0498938225209713,,0.020797964185476303,,0.0273362398147583,,0.04962388053536415,
18,,2412,0.020478349179029465,,0.15517665445804596,,0.15677382051944733,,0.07589785009622574,,0.025054413825273514,,0.03329968824982643,,0.09641002863645554,,,,,,,,,,,,,,,
,0.0005,2413,,,,,,,,,,,,,,,,,,,,,,,,,,,,
19,,2419,,0.0012981152394786477,,0.043331146240234375,,0.04433940723538399,,0.056782178580760956,,0.022694136947393417,,0.029325494542717934,,0.058080293238162994,,,,,,,,,,,,,,
19,,2429,,0.00086029595695436,,0.028573989868164062,,0.03609662130475044,,0.09255673736333847,,0.027613606303930283,,0.037440650165081024,,0.09341703355312347,,,,,,,,,,,,,,
19,,2439,,0.0012797433882951736,,0.04192924499511719,,0.04402521625161171,,0.06814088672399521,,0.024083653464913368,,0.03212500736117363,,0.06942062824964523,,,,,,,,,,,,,,
19,,2449,,0.004322064109146595,,0.07994937896728516,,0.0809057280421257,,0.10823458433151245,,0.030886510387063026,,0.040487632155418396,,0.11255665123462677,,,,,,,,,,,,,,
19,,2459,,0.004952508024871349,,0.0847921371459961,,0.08660603314638138,,0.06703613698482513,,0.02456745132803917,,0.03186352178454399,,0.07198864221572876,,,,,,,,,,,,,,
19,,2469,,0.007703558076173067,,0.10757255554199219,,0.10801441222429276,,0.05032435432076454,,0.02138216234743595,,0.027607586234807968,,0.05802791193127632,,,,,,,,,,,,,,
19,,2479,,0.011124217882752419,,0.12891769409179688,,0.12980005145072937,,0.09437274187803268,,0.029288439080119133,,0.03780616074800491,,0.10549695789813995,,,,,,,,,,,,,,
19,,2489,,0.0005210909876041114,,0.02161121368408203,,0.028095899149775505,,0.15331488847732544,,0.03699694201350212,,0.04818718135356903,,0.1538359820842743,,,,,,,,,,,,,,
19,,2499,,0.00637484947219491,,0.096923828125,,0.09826168417930603,,0.09178049862384796,,0.028274212032556534,,0.037283312529325485,,0.09815534949302673,,,,,,,,,,,,,,
19,,2509,,0.005528324283659458,,0.08980655670166016,,0.0915016159415245,,0.2727726399898529,,0.05005055293440819,,0.06427465379238129,,0.2783009707927704,,,,,,,,,,,,,,
19,,2519,,0.0024052427615970373,,0.05807781219482422,,0.06035614013671875,,0.07906226068735123,,0.026202622801065445,,0.03460380434989929,,0.08146750181913376,,,,,,,,,,,,,,
19,,2529,,0.019130781292915344,,0.16643333435058594,,0.17021635174751282,,0.26534050703048706,,0.04349272698163986,,0.06339296698570251,,0.2844712734222412,,,,,,,,,,,,,,
19,,2539,,0.01665196195244789,,0.15700581669807434,,0.15880954265594482,,0.2907797694206238,,0.04962128400802612,,0.06636229157447815,,0.30743172764778137,,,,,,,,,,,,,,
,,551,,,,,,,,,,,,,,,,0.00022510260168928653,,0.01251220703125,,0.018464168533682823,,0.0495804026722908,,0.021098461002111435,,0.027402758598327637,,0.04980550706386566
,,552,,,,,,,,,,,,,,,,4.837150117964484e-05,,0.0073871612548828125,,0.008559220470488071,,0.055460311472415924,,0.022036191076040268,,0.028982141986489296,,0.05550868436694145
,,553,,,,,,,,,,,,,,,,7.308772183023393e-05,,0.00930023193359375,,0.01052111480385065,,0.05214299261569977,,0.020978843793272972,,0.028102001175284386,,0.05221607908606529
,,554,,,,,,,,,,,,,,,,4.145245111430995e-05,,0.0062885284423828125,,0.007923450320959091,,0.05965438857674599,,0.02268347516655922,,0.030058031901717186,,0.05969583988189697
,,555,,,,,,,,,,,,,,,,3.124831710010767e-05,,0.0057125091552734375,,0.006879427470266819,,0.04483843967318535,,0.019853657111525536,,0.026059409603476524,,0.04486968740820885
,,556,,,,,,,,,,,,,,,,9.944500925485045e-05,,0.011104583740234375,,0.012272442691028118,,0.04394759610295296,,0.019693778827786446,,0.02579924277961254,,0.0440470427274704
,,557,,,,,,,,,,,,,,,,2.18102886719862e-05,,0.0050067901611328125,,0.005747372750192881,,0.04393383115530014,,0.019695943221449852,,0.025795195251703262,,0.043955642729997635
,,558,,,,,,,,,,,,,,,,0.00011964439181610942,,0.006900787353515625,,0.013461231254041195,,0.03417469188570976,,0.016969136893749237,,0.02275053970515728,,0.034294337034225464
,,559,,,,,,,,,,,,,,,,4.521672963164747e-05,,0.0076007843017578125,,0.008275398053228855,,0.04641283303499222,,0.020182453095912933,,0.02651296742260456,,0.04645805060863495
,,560,,,,,,,,,,,,,,,,3.776884113904089e-05,,0.0067920684814453125,,0.007563214283436537,,0.0506322905421257,,0.020984578877687454,,0.027691924944519997,,0.05067005753517151
,,561,,,,,,,,,,,,,,,,8.306207018904388e-05,,0.008113861083984375,,0.01121607143431902,,0.03953653946518898,,0.01886768825352192,,0.024470262229442596,,0.039619602262973785
,,562,,,,,,,,,,,,,,,,0.00013684364967048168,,0.010944366455078125,,0.014396299608051777,,0.06654918193817139,,0.02407495118677616,,0.03174758702516556,,0.06668602675199509
,,563,,,,,,,,,,,,,,,,7.719272252870724e-05,,0.00876617431640625,,0.01081255916506052,,0.06309323757886887,,0.02404963970184326,,0.030912265181541443,,0.0631704330444336
,,564,,,,,,,,,,,,,,,,0.00014251776156015694,,0.011789321899414062,,0.014691752381622791,,0.05821191519498825,,0.022029850631952286,,0.02969239465892315,,0.05835443362593651
,,565,,,,,,,,,,,,,,,,0.0002204008778790012,,0.013063430786132812,,0.018270334228873253,,0.062112096697092056,,0.022571329027414322,,0.03067096509039402,,0.06233249604701996
,,566,,,,,,,,,,,,,,,,3.961404581787065e-05,,0.005580902099609375,,0.007745740469545126,,0.032323405146598816,,0.01733013615012169,,0.022125743329524994,,0.03236301988363266
,,567,,,,,,,,,,,,,,,,7.573184848297387e-05,,0.008375167846679688,,0.01070973090827465,,0.0521661713719368,,0.02135615237057209,,0.028108248487114906,,0.05224190279841423
,,568,,,,,,,,,,,,,,,,3.5404067602939904e-05,,0.0059299468994140625,,0.007322611287236214,,0.03230796009302139,,0.017066309228539467,,0.022120453417301178,,0.032343365252017975
,,569,,,,,,,,,,,,,,,,5.715037332265638e-05,,0.006862640380859375,,0.009303561411798,,0.03369002044200897,,0.01739034242928028,,0.022588633000850677,,0.033747170120477676
,,570,,,,,,,,,,,,,,,,5.096363747725263e-05,,0.007778167724609375,,0.008785571902990341,,0.04647029563784599,,0.02044399082660675,,0.026529373601078987,,0.04652125760912895
,,571,,,,,,,,,,,,,,,,4.557815191219561e-05,,0.0069904327392578125,,0.00830839853733778,,0.06242555007338524,,0.02281172201037407,,0.030748259276151657,,0.06247112900018692
,,572,,,,,,,,,,,,,,,,2.4550869056838565e-05,,0.0048542022705078125,,0.006097779143601656,,0.0560702346265316,,0.02215118706226349,,0.029141072183847427,,0.056094784289598465
,,573,,,,,,,,,,,,,,,,3.241814920329489e-05,,0.0040645599365234375,,0.007007014472037554,,0.036512698978185654,,0.018417732790112495,,0.023515881970524788,,0.03654511645436287
,,574,,,,,,,,,,,,,,,,5.625712947221473e-05,,0.0064849853515625,,0.009230555035173893,,0.04544084519147873,,0.01990382932126522,,0.02623387798666954,,0.0454971008002758
,,575,,,,,,,,,,,,,,,,5.473658529808745e-05,,0.0062732696533203125,,0.009104954078793526,,0.04474951699376106,,0.019168738275766373,,0.02603355422616005,,0.044804252684116364
,,576,,,,,,,,,,,,,,,,6.453294190578163e-05,,0.009462356567382812,,0.009886207059025764,,0.046936750411987305,,0.020436445251107216,,0.02666219137609005,,0.04700128361582756
,,577,,,,,,,,,,,,,,,,5.58006577193737e-05,,0.0075397491455078125,,0.009193035773932934,,0.03748149052262306,,0.01838388666510582,,0.023825814947485924,,0.03753729164600372
,,578,,,,,,,,,,,,,,,,6.653934542555362e-05,,0.007905960083007812,,0.010038730688393116,,0.04128417372703552,,0.018898382782936096,,0.025005247443914413,,0.04135071486234665
,,579,,,,,,,,,,,,,,,,3.571496927179396e-05,,0.007354736328125,,0.007354736328125,,0.03533667325973511,,0.018164588138461113,,0.023134075105190277,,0.03537238761782646
19,,2539,,,,,,,,,,,,,,,7.349002407863736e-05,,0.007833048701286316,,0.010051814839243889,,0.04773535579442978,,0.020330647006630898,,0.026744097471237183,,0.04743361100554466,
19,,2539,0.007317123003304005,,0.08762546628713608,,0.09017875790596008,,0.12736637890338898,,0.032334454357624054,,0.04278044402599335,,0.1347685009241104,,,,,,,,,,,,,,,
,0.0005,2540,,,,,,,,,,,,,,,,,,,,,,,,,,,,
20,,2549,,0.022115033119916916,,0.18257522583007812,,0.18301141262054443,,0.11110305786132812,,0.03138408809900284,,0.041020628064870834,,0.13321809470653534,,,,,,,,,,,,,,
20,,2559,,0.010318874381482601,,0.12454414367675781,,0.12500958144664764,,0.10147428512573242,,0.02897070161998272,,0.039202820509672165,,0.1117931604385376,,,,,,,,,,,,,,
20,,2569,,0.05376678705215454,,0.28486156463623047,,0.2853640615940094,,0.0758192241191864,,0.026440853253006935,,0.03388667851686478,,0.12958601117134094,,,,,,,,,,,,,,
20,,2579,,0.024838849902153015,,0.1936941146850586,,0.19395555555820465,,0.07082046568393707,,0.0250139981508255,,0.03275056183338165,,0.09565931558609009,,,,,,,,,,,,,,
20,,2589,,0.002439847681671381,,0.057188987731933594,,0.06078949198126793,,0.0718902051448822,,0.024959882721304893,,0.03299697861075401,,0.07433005422353745,,,,,,,,,,,,,,
20,,2599,,0.007415758445858955,,0.1043996810913086,,0.10597758740186691,,0.06328148394823074,,0.024120166897773743,,0.03095834143459797,,0.07069724053144455,,,,,,,,,,,,,,
20,,2609,,0.015064924955368042,,0.15071773529052734,,0.15105082094669342,,0.04608308523893356,,0.02069423347711563,,0.026418618857860565,,0.061148010194301605,,,,,,,,,,,,,,
20,,2619,,0.001720985397696495,,0.049317359924316406,,0.051052842289209366,,0.07601238042116165,,0.026680197566747665,,0.03392981365323067,,0.0777333676815033,,,,,,,,,,,,,,
20,,2629,,0.00016517619951628149,,0.014479637145996094,,0.01581638865172863,,0.06514967232942581,,0.022963371127843857,,0.03141198679804802,,0.06531485170125961,,,,,,,,,,,,,,
20,,2639,,0.0007411882979795337,,0.025527000427246094,,0.03350558131933212,,0.10265401750802994,,0.0274527445435524,,0.03943004086613655,,0.10339520871639252,,,,,,,,,,,,,,
20,,2649,,0.003291343804448843,,0.0678243637084961,,0.07060351222753525,,0.09585842490196228,,0.028485996648669243,,0.038102589547634125,,0.09914977103471756,,,,,,,,,,,,,,
20,,2659,,0.013459166511893272,,0.14230918884277344,,0.14277568459510803,,0.06474456191062927,,0.023246178403496742,,0.031314171850681305,,0.0782037302851677,,,,,,,,,,,,,,
,,580,,,,,,,,,,,,,,,,0.0001891475694719702,,0.0115203857421875,,0.016925450414419174,,0.04867834970355034,,0.020809438079595566,,0.02715233713388443,,0.048867497593164444
,,581,,,,,,,,,,,,,,,,4.5722234062850475e-05,,0.00725555419921875,,0.008321539498865604,,0.05380123481154442,,0.021660204976797104,,0.028545357286930084,,0.05384695529937744
,,582,,,,,,,,,,,,,,,,7.173891935963184e-05,,0.008844375610351562,,0.010423580184578896,,0.04938851296901703,,0.02040962502360344,,0.0273496825248003,,0.04946025088429451
,,583,,,,,,,,,,,,,,,,3.815208765445277e-05,,0.006366729736328125,,0.007601488381624222,,0.057316530495882034,,0.022144421935081482,,0.029463157057762146,,0.05735468119382858
,,584,,,,,,,,,,,,,,,,2.76858718279982e-05,,0.0057849884033203125,,0.006475421134382486,,0.042575404047966,,0.019307367503643036,,0.025393273681402206,,0.04260309040546417
,,585,,,,,,,,,,,,,,,,9.635381866246462e-05,,0.01096343994140625,,0.012080186977982521,,0.04185723885893822,,0.019206175580620766,,0.025178197771310806,,0.041953593492507935
,,586,,,,,,,,,,,,,,,,1.9387383872526698e-05,,0.0047740936279296875,,0.005418736953288317,,0.04166780412197113,,0.01916470192372799,,0.025121159851551056,,0.041687190532684326
,,587,,,,,,,,,,,,,,,,0.00011233948316657916,,0.0069026947021484375,,0.013043832033872604,,0.03230278193950653,,0.01659902185201645,,0.022118685767054558,,0.03241512179374695
,,588,,,,,,,,,,,,,,,,4.4055108446627855e-05,,0.0077800750732421875,,0.008168407715857029,,0.04392559826374054,,0.019545778632164,,0.02579277753829956,,0.04396965354681015
,,589,,,,,,,,,,,,,,,,3.343471325933933e-05,,0.006351470947265625,,0.0071160332299768925,,0.04943704232573509,,0.02068396843969822,,0.027363117784261703,,0.04947047680616379
,,590,,,,,,,,,,,,,,,,7.963817188283429e-05,,0.00726318359375,,0.010982462204992771,,0.038185182958841324,,0.018592914566397667,,0.02404843084514141,,0.03826482221484184
,,591,,,,,,,,,,,,,,,,0.00011161559086758643,,0.00997161865234375,,0.013001728802919388,,0.06334208697080612,,0.023411642760038376,,0.0309731625020504,,0.06345370411872864
,,592,,,,,,,,,,,,,,,,7.653090142412111e-05,,0.008655548095703125,,0.01076609455049038,,0.059171829372644424,,0.023342186585068703,,0.02993621490895748,,0.059248361736536026
,,593,,,,,,,,,,,,,,,,0.0001477789191994816,,0.012125015258789062,,0.014960475265979767,,0.05472245812416077,,0.021303042769432068,,0.028788700699806213,,0.05487023666501045
,,594,,,,,,,,,,,,,,,,0.0001809442474041134,,0.012258529663085938,,0.0165543295443058,,0.05892196297645569,,0.022061850875616074,,0.029872937127947807,,0.05910290777683258
,,595,,,,,,,,,,,,,,,,3.802029095822945e-05,,0.00516510009765625,,0.0075883218087255955,,0.030906934291124344,,0.01688305288553238,,0.021635519340634346,,0.030944954603910446
,,596,,,,,,,,,,,,,,,,6.944977212697268e-05,,0.008024215698242188,,0.010255914181470871,,0.04964257776737213,,0.020814087241888046,,0.027419941499829292,,0.04971202835440636
,,597,,,,,,,,,,,,,,,,2.6724750568973832e-05,,0.0050506591796875,,0.006362041458487511,,0.031003419309854507,,0.016735197976231575,,0.021669259294867516,,0.031030144542455673
,,598,,,,,,,,,,,,,,,,5.639533628709614e-05,,0.006557464599609375,,0.009241899475455284,,0.03200260177254677,,0.016964543610811234,,0.02201567031443119,,0.03205899894237518
,,599,,,,,,,,,,,,,,,,3.855754039250314e-05,,0.00704193115234375,,0.007641786243766546,,0.044872086495161057,,0.02012808807194233,,0.02606918476521969,,0.04491064324975014
,,600,,,,,,,,,,,,,,,,4.852718848269433e-05,,0.0072154998779296875,,0.008572983555495739,,0.05936591699719429,,0.022260066121816635,,0.02998526394367218,,0.059414442628622055
,,601,,,,,,,,,,,,,,,,2.338038757443428e-05,,0.00447845458984375,,0.005950653925538063,,0.05380593240261078,,0.021795887500047684,,0.02854660153388977,,0.053829312324523926
,,602,,,,,,,,,,,,,,,,3.163149449392222e-05,,0.004726409912109375,,0.006921479944139719,,0.03497389331459999,,0.01797408238053322,,0.023015014827251434,,0.03500552475452423
,,603,,,,,,,,,,,,,,,,5.128402335685678e-05,,0.006702423095703125,,0.008813142776489258,,0.04422205686569214,,0.019701560959219933,,0.025879671797156334,,0.044273339211940765
,,604,,,,,,,,,,,,,,,,6.0263468185439706e-05,,0.0062351226806640625,,0.009553584270179272,,0.0433213971555233,,0.018811337649822235,,0.025614773854613304,,0.04338166117668152
,,605,,,,,,,,,,,,,,,,5.833701288793236e-05,,0.008863449096679688,,0.009399650618433952,,0.04506949335336685,,0.020021384581923485,,0.02612646296620369,,0.045127831399440765
,,606,,,,,,,,,,,,,,,,6.163660145830363e-05,,0.007905960083007812,,0.009661812335252762,,0.036234937608242035,,0.01801598258316517,,0.023426266387104988,,0.03629657253623009
,,607,,,,,,,,,,,,,,,,7.083068339852616e-05,,0.0076618194580078125,,0.010357384569942951,,0.04006184637546539,,0.01863192394375801,,0.0246322900056839,,0.04013267531991005
,,608,,,,,,,,,,,,,,,,3.1826075428398326e-05,,0.0069427490234375,,0.0069427490234375,,0.03505082428455353,,0.01814143918454647,,0.023040318861603737,,0.03508264943957329
20,,2666,,,,,,,,,,,,,,,6.803703581681475e-05,,0.0075844996608793736,,0.009707671590149403,,0.04569452255964279,,0.019884346053004265,,0.02616935968399048,,0.04544032737612724,
20,,2666,0.011459310539066792,,0.11058409512042999,,0.11247716099023819,,0.08580954372882843,,0.026729172095656395,,0.03562892973423004,,0.09727884829044342,,,,,,,,,,,,,,,
,0.0005,2667,,,,,,,,,,,,,,,,,,,,,,,,,,,,
21,,2669,,0.0012082315515726805,,0.034191131591796875,,0.04277793690562248,,0.12595674395561218,,0.030928900465369225,,0.043676722794771194,,0.12716497480869293,,,,,,,,,,,,,,
21,,2679,,0.005634106229990721,,0.0915994644165039,,0.09237370640039444,,0.07292443513870239,,0.02555697225034237,,0.033233482390642166,,0.0785585418343544,,,,,,,,,,,,,,
21,,2689,,0.004920865409076214,,0.08493995666503906,,0.08632803708314896,,0.05497106909751892,,0.022224610671401024,,0.028854025527834892,,0.05989193543791771,,,,,,,,,,,,,,
21,,2699,,0.0008842743118293583,,0.03267192840576172,,0.03659673407673836,,0.09679676592350006,,0.028094932436943054,,0.038288626819849014,,0.09768103808164597,,,,,,,,,,,,,,
21,,2709,,0.0008666286594234407,,0.03215217590332031,,0.03622926399111748,,0.08691457659006119,,0.0276010911911726,,0.0362815335392952,,0.08778120577335358,,,,,,,,,,,,,,
21,,2719,,7.044771336950362e-05,,0.009037971496582031,,0.010328838601708412,,0.05840308219194412,,0.022888805717229843,,0.029741110280156136,,0.058473531156778336,,,,,,,,,,,,,,
21,,2729,,0.0026340221520513296,,0.062064170837402344,,0.06315990537405014,,0.06343662738800049,,0.02356705442070961,,0.030996263027191162,,0.06607064604759216,,,,,,,,,,,,,,
21,,2739,,0.0012385307345539331,,0.04094219207763672,,0.04331083968281746,,0.07358173280954361,,0.023773565888404846,,0.033382922410964966,,0.07482026517391205,,,,,,,,,,,,,,
21,,2749,,0.000537216488737613,,0.02371501922607422,,0.028523629531264305,,0.05844976380467415,,0.023162683472037315,,0.029752997681498528,,0.058986980468034744,,,,,,,,,,,,,,
21,,2759,,0.014075258746743202,,0.14541149139404297,,0.14600494503974915,,0.07329391688108444,,0.025306755676865578,,0.03331756964325905,,0.0873691737651825,,,,,,,,,,,,,,
21,,2769,,0.005256400443613529,,0.0874166488647461,,0.08922594785690308,,0.12364803999662399,,0.02932315692305565,,0.043274588882923126,,0.12890444695949554,,,,,,,,,,,,,,
21,,2779,,0.0005553429946303368,,0.024732589721679688,,0.02900005504488945,,0.10687851160764694,,0.028855588287115097,,0.04023319482803345,,0.10743385553359985,,,,,,,,,,,,,,
21,,2789,,0.0036729525309056044,,0.07021236419677734,,0.07458356022834778,,0.08745115250349045,,0.02686215564608574,,0.03639335185289383,,0.09112410247325897,,,,,,,,,,,,,,
,,609,,,,,,,,,,,,,,,,0.00016369887453038245,,0.010686874389648438,,0.015745731070637703,,0.04649101942777634,,0.020368199795484543,,0.026535291224718094,,0.04665471985936165
,,610,,,,,,,,,,,,,,,,4.212826752336696e-05,,0.0063991546630859375,,0.007987773977220058,,0.04952428117394447,,0.020764555782079697,,0.02738724835216999,,0.04956641048192978
,,611,,,,,,,,,,,,,,,,7.087087578838691e-05,,0.008966445922851562,,0.010360325686633587,,0.04712536931037903,,0.019874146208167076,,0.026715710759162903,,0.04719623923301697
,,612,,,,,,,,,,,,,,,,3.733811900019646e-05,,0.006107330322265625,,0.00751995574682951,,0.051930610090494156,,0.021047741174697876,,0.02804471366107464,,0.05196794867515564
,,613,,,,,,,,,,,,,,,,2.8728234610753134e-05,,0.005634307861328125,,0.006596192717552185,,0.04083739593625069,,0.01879093237221241,,0.024869577959179878,,0.040866125375032425
,,614,,,,,,,,,,,,,,,,8.638110011816025e-05,,0.010087966918945312,,0.011437967419624329,,0.03959659859538078,,0.018734540790319443,,0.024488843977451324,,0.03968298062682152
,,615,,,,,,,,,,,,,,,,2.6223813620163128e-05,,0.0057220458984375,,0.006302115507423878,,0.03892452269792557,,0.01844892092049122,,0.024280129000544548,,0.03895074501633644
,,616,,,,,,,,,,,,,,,,9.596141899237409e-05,,0.00640106201171875,,0.012055553495883942,,0.030226297676563263,,0.016092030331492424,,0.021395964547991753,,0.030322259292006493
,,617,,,,,,,,,,,,,,,,4.316728882258758e-05,,0.0074558258056640625,,0.008085677400231361,,0.04144583269953728,,0.018965063616633415,,0.02505415864288807,,0.041489001363515854
,,618,,,,,,,,,,,,,,,,3.336956069688313e-05,,0.0063343048095703125,,0.00710908742621541,,0.04617663100361824,,0.020063545554876328,,0.026445424184203148,,0.04621000215411186
,,619,,,,,,,,,,,,,,,,7.659034599782899e-05,,0.007465362548828125,,0.010770265012979507,,0.03683016076683998,,0.018258435651659966,,0.02361789159476757,,0.03690675273537636
,,620,,,,,,,,,,,,,,,,0.00010750540241133422,,0.0099639892578125,,0.01276010274887085,,0.06048356741666794,,0.022987594828009605,,0.030266208574175835,,0.06059107184410095
,,621,,,,,,,,,,,,,,,,7.531527080573142e-05,,0.008523941040039062,,0.010680240578949451,,0.055986933410167694,,0.022604310885071754,,0.029119422659277916,,0.0560622476041317
,,622,,,,,,,,,,,,,,,,0.00012080552551196888,,0.010896682739257812,,0.013526405207812786,,0.05318569019436836,,0.021116748452186584,,0.0283815860748291,,0.053306493908166885
,,623,,,,,,,,,,,,,,,,0.00017953914357349277,,0.0123291015625,,0.016489939764142036,,0.05618882179260254,,0.021457234397530556,,0.02917187102138996,,0.05636836215853691
,,624,,,,,,,,,,,,,,,,3.964836650993675e-05,,0.0054073333740234375,,0.007749101147055626,,0.02951485477387905,,0.016469858586788177,,0.021142663434147835,,0.02955450303852558
,,625,,,,,,,,,,,,,,,,7.21291289664805e-05,,0.00823211669921875,,0.010451874695718288,,0.04691164568066597,,0.0201987624168396,,0.026655061170458794,,0.04698377475142479
,,626,,,,,,,,,,,,,,,,2.9421675208141096e-05,,0.0054874420166015625,,0.006675338838249445,,0.02899852767586708,,0.01629716157913208,,0.020956911146640778,,0.029027950018644333
,,627,,,,,,,,,,,,,,,,5.399400106398389e-05,,0.006740570068359375,,0.009043005295097828,,0.030624965205788612,,0.016602834686636925,,0.02153659798204899,,0.03067895956337452
,,628,,,,,,,,,,,,,,,,3.8074027543189004e-05,,0.0065593719482421875,,0.007593702524900436,,0.042737364768981934,,0.019594142213463783,,0.025441527366638184,,0.042775437235832214
,,629,,,,,,,,,,,,,,,,4.2611369281075895e-05,,0.0065288543701171875,,0.008033464662730694,,0.05642985925078392,,0.021711967885494232,,0.029234373942017555,,0.05647246912121773
,,630,,,,,,,,,,,,,,,,2.2547892513102852e-05,,0.004425048828125,,0.00584374787285924,,0.05200689285993576,,0.021293606609106064,,0.028065305203199387,,0.05202944204211235
,,631,,,,,,,,,,,,,,,,2.9719612939516082e-05,,0.0040111541748046875,,0.006709047127515078,,0.03302179276943207,,0.01744231767952442,,0.022363493219017982,,0.0330515131354332
,,632,,,,,,,,,,,,,,,,5.490612966241315e-05,,0.00685882568359375,,0.009119054302573204,,0.04280735179781914,,0.019341755658388138,,0.025462348014116287,,0.04286225885152817
,,633,,,,,,,,,,,,,,,,5.485306610353291e-05,,0.0061321258544921875,,0.009114637970924377,,0.04112169146537781,,0.01835044100880623,,0.02495598793029785,,0.04117654636502266
,,634,,,,,,,,,,,,,,,,5.4971031204331666e-05,,0.008687973022460938,,0.00912442896515131,,0.04185093194246292,,0.01926056481897831,,0.02517629787325859,,0.041905902326107025
,,635,,,,,,,,,,,,,,,,5.644575139740482e-05,,0.007854461669921875,,0.009246020577847958,,0.03453560918569565,,0.017594993114471436,,0.02287035621702671,,0.03459205478429794
,,636,,,,,,,,,,,,,,,,6.419444252969697e-05,,0.007625579833984375,,0.009860259480774403,,0.037915561348199844,,0.018114933744072914,,0.023963382467627525,,0.03797975555062294
,,637,,,,,,,,,,,,,,,,3.395890598767437e-05,,0.007171630859375,,0.007171630859375,,0.031754497438669205,,0.017145512625575066,,0.021930167451500893,,0.031788457185029984
21,,2793,,,,,,,,,,,,,,,6.419145211111754e-05,,0.007410549558699131,,0.009489331394433975,,0.04328533262014389,,0.019341886043548584,,0.02546985261142254,,0.04300070181488991,
21,,2793,0.004582028370350599,,0.06741662323474884,,0.07013379782438278,,0.08079875260591507,,0.02589792013168335,,0.034727051854133606,,0.08536504209041595,,,,,,,,,,,,,,,
,0.0005,2794,,,,,,,,,,,,,,,,,,,,,,,,,,,,
22,,2799,,0.0008974864613264799,,0.03366661071777344,,0.03686997666954994,,0.05563204735517502,,0.022158605977892876,,0.029026979580521584,,0.05652953311800957,,,,,,,,,,,,,,
22,,2809,,0.007351778447628021,,0.10283470153808594,,0.10552018880844116,,0.10079418122768402,,0.02571708895266056,,0.039071228355169296,,0.10814595967531204,,,,,,,,,,,,,,
22,,2819,,0.00035011768341064453,,0.016958236694335938,,0.023027677088975906,,0.0735364705324173,,0.02459203079342842,,0.033372655510902405,,0.07388658821582794,,,,,,,,,,,,,,
22,,2829,,0.005238762591034174,,0.08656120300292969,,0.08907534927129745,,0.09235890209674835,,0.027350524440407753,,0.037400614470243454,,0.09759766608476639,,,,,,,,,,,,,,
22,,2839,,0.020391669124364853,,0.1751413345336914,,0.17573757469654083,,0.06484431773424149,,0.02409323863685131,,0.03133828938007355,,0.08523598313331604,,,,,,,,,,,,,,
22,,2849,,0.015287196263670921,,0.15183734893798828,,0.15216121077537537,,0.07598400115966797,,0.025789976119995117,,0.03392348438501358,,0.09127119928598404,,,,,,,,,,,,,,
22,,2859,,0.011263261549174786,,0.1303110122680664,,0.130609393119812,,0.06506370007991791,,0.022676782682538033,,0.03139125183224678,,0.07632695883512497,,,,,,,,,,,,,,
22,,2869,,0.0008460127282887697,,0.03377246856689453,,0.03579473868012428,,0.04216471686959267,,0.019397297874093056,,0.025270504876971245,,0.04301073029637337,,,,,,,,,,,,,,
22,,2879,,0.00014577664842363447,,0.013262748718261719,,0.01485824678093195,,0.04700709134340286,,0.02093254029750824,,0.026682157069444656,,0.047152869403362274,,,,,,,,,,,,,,
22,,2889,,0.00012979215534869581,,0.011334419250488281,,0.01402248814702034,,0.07784897089004517,,0.02459552139043808,,0.03433726727962494,,0.07797876000404358,,,,,,,,,,,,,,
22,,2899,,0.0013492025900632143,,0.0440521240234375,,0.045200612396001816,,0.05021871253848076,,0.02070806361734867,,0.02757859230041504,,0.051567915827035904,,,,,,,,,,,,,,
22,,2909,,0.00020728215167764574,,0.015559196472167969,,0.017717165872454643,,0.07226762175559998,,0.024688266217708588,,0.0330834798514843,,0.072474904358387,,,,,,,,,,,,,,
22,,2919,,0.00028335844399407506,,0.01714324951171875,,0.020716410130262375,,0.0558488592505455,,0.02222016267478466,,0.029083486646413803,,0.05613221600651741,,,,,,,,,,,,,,
,,638,,,,,,,,,,,,,,,,0.0001675158564466983,,0.010456085205078125,,0.0159282386302948,,0.04418856278061867,,0.019881591200828552,,0.02586986869573593,,0.044356077909469604
,,639,,,,,,,,,,,,,,,,3.7085625081090257e-05,,0.005870819091796875,,0.007494504563510418,,0.045154742896556854,,0.019932130351662636,,0.02615116536617279,,0.04519182816147804
,,640,,,,,,,,,,,,,,,,7.247764733619988e-05,,0.009403228759765625,,0.010477103292942047,,0.046531517058610916,,0.019485697150230408,,0.026546839624643326,,0.04660399630665779
,,641,,,,,,,,,,,,,,,,4.3003237806260586e-05,,0.0068111419677734375,,0.008070307783782482,,0.048274122178554535,,0.020328253507614136,,0.027039363980293274,,0.04831712692975998
,,642,,,,,,,,,,,,,,,,3.184997694916092e-05,,0.005992889404296875,,0.006945343222469091,,0.04125942662358284,,0.018557611852884293,,0.02499774657189846,,0.04129127785563469
,,643,,,,,,,,,,,,,,,,7.48550082789734e-05,,0.008745193481445312,,0.010647550225257874,,0.03748307377099991,,0.018202781677246094,,0.023826319724321365,,0.0375579297542572
,,644,,,,,,,,,,,,,,,,3.1553303415421396e-05,,0.0060520172119140625,,0.006912923883646727,,0.037348851561546326,,0.018066158518195152,,0.023783622309565544,,0.0373804047703743
,,645,,,,,,,,,,,,,,,,7.432766869897023e-05,,0.0062007904052734375,,0.010609971359372139,,0.027963295578956604,,0.015486964024603367,,0.020579442381858826,,0.028037622570991516
,,646,,,,,,,,,,,,,,,,5.099071859149262e-05,,0.0071868896484375,,0.008787903003394604,,0.03852536156773567,,0.01829109713435173,,0.024155311286449432,,0.03857635334134102
,,647,,,,,,,,,,,,,,,,3.782492785830982e-05,,0.0065021514892578125,,0.007568815257400274,,0.04355999827384949,,0.019526276737451553,,0.025685220956802368,,0.04359782487154007
,,648,,,,,,,,,,,,,,,,7.930162246339023e-05,,0.008382797241210938,,0.010959237813949585,,0.03517075255513191,,0.017725910991430283,,0.02307969704270363,,0.03525005280971527
,,649,,,,,,,,,,,,,,,,0.00011854742479044944,,0.01053619384765625,,0.013399382121860981,,0.057415105402469635,,0.022257748991250992,,0.02948848158121109,,0.05753365159034729
,,650,,,,,,,,,,,,,,,,8.627440547570586e-05,,0.009622573852539062,,0.011430907063186169,,0.052273306995630264,,0.021796265617012978,,0.028137098997831345,,0.052359580993652344
,,651,,,,,,,,,,,,,,,,0.0001135575002990663,,0.010303497314453125,,0.013114345259964466,,0.05029624328017235,,0.020592249929904938,,0.027599869295954704,,0.05040980130434036
,,652,,,,,,,,,,,,,,,,0.00019449018873274326,,0.01275634765625,,0.017162788659334183,,0.054089516401290894,,0.021027034148573875,,0.02862173318862915,,0.05428400635719299
,,653,,,,,,,,,,,,,,,,3.97799740312621e-05,,0.0059185028076171875,,0.007761965040117502,,0.02786879986524582,,0.01603740267455578,,0.020544640719890594,,0.027908580377697945
,,654,,,,,,,,,,,,,,,,7.442616333719343e-05,,0.008127212524414062,,0.010617004707455635,,0.04471307620406151,,0.019768280908465385,,0.026022953912615776,,0.04478750377893448
,,655,,,,,,,,,,,,,,,,3.8515081541845575e-05,,0.006561279296875,,0.007637561298906803,,0.027569333091378212,,0.01595909334719181,,0.020433956757187843,,0.02760784886777401
,,656,,,,,,,,,,,,,,,,5.081778363091871e-05,,0.0066814422607421875,,0.00877298228442669,,0.02918674424290657,,0.01622825302183628,,0.021024812012910843,,0.02923756279051304
,,657,,,,,,,,,,,,,,,,4.9098529416369274e-05,,0.006778717041015625,,0.00862331222742796,,0.03982304409146309,,0.01894853450357914,,0.024558765813708305,,0.03987214341759682
,,658,,,,,,,,,,,,,,,,4.924345194012858e-05,,0.0069427490234375,,0.008636043407022953,,0.054048147052526474,,0.021251359954476357,,0.028610780835151672,,0.05409739166498184
,,659,,,,,,,,,,,,,,,,2.5294622901128605e-05,,0.0054302215576171875,,0.006189468316733837,,0.04904744401574135,,0.020740997046232224,,0.027255084365606308,,0.049072738736867905
,,660,,,,,,,,,,,,,,,,2.82464170595631e-05,,0.00316619873046875,,0.006540647707879543,,0.03154871240258217,,0.01704041101038456,,0.02185899205505848,,0.03157695755362511
,,661,,,,,,,,,,,,,,,,5.5666645494056866e-05,,0.0064678192138671875,,0.009181993082165718,,0.04090174660086632,,0.019032010808587074,,0.024889161810278893,,0.040957413613796234
,,662,,,,,,,,,,,,,,,,5.2257688366808e-05,,0.006755828857421875,,0.008896397426724434,,0.03802148625254631,,0.01772192306816578,,0.023996826261281967,,0.038073744624853134
,,663,,,,,,,,,,,,,,,,5.500979386852123e-05,,0.008647918701171875,,0.009127638302743435,,0.038604624569416046,,0.018584221601486206,,0.024180149659514427,,0.03865963593125343
,,664,,,,,,,,,,,,,,,,4.986211206414737e-05,,0.0073184967041015625,,0.008690092712640762,,0.03265784680843353,,0.017141180112957954,,0.022239914163947105,,0.032707709819078445
,,665,,,,,,,,,,,,,,,,6.0808622947661206e-05,,0.007965087890625,,0.009596708230674267,,0.0360429622232914,,0.017704393714666367,,0.023364128544926643,,0.03610377013683319
,,666,,,,,,,,,,,,,,,,5.6828044762369245e-05,,0.00927734375,,0.00927734375,,0.03084496036171913,,0.017056213691830635,,0.021613815799355507,,0.03090178780257702
22,,2920,,,,,,,,,,,,,,,6.577014573849738e-05,,0.007564222440123558,,0.009633449837565422,,0.04101061448454857,,0.018824808299541473,,0.02479088492691517,,0.040769390761852264,
22,,2920,0.007528203073889017,,0.07575095444917679,,0.07815863937139511,,0.07151347398757935,,0.024243388324975967,,0.032611530274152756,,0.07902605831623077,,,,,,,,,,,,,,,
,0.0005,2921,,,,,,,,,,,,,,,,,,,,,,,,,,,,
23,,2929,,0.0001160091778729111,,0.010456085205078125,,0.013254793360829353,,0.04155305400490761,,0.019548963755369186,,0.0250865425914526,,0.04166906327009201,,,,,,,,,,,,,,
23,,2939,,0.0020739207975566387,,0.0531768798828125,,0.05604200065135956,,0.049994874745607376,,0.02089298516511917,,0.027517061680555344,,0.0520687960088253,,,,,,,,,,,,,,
23,,2949,,0.00018324691336601973,,0.015141487121582031,,0.01666061021387577,,0.03904428333044052,,0.01912204921245575,,0.02431744895875454,,0.03922753036022186,,,,,,,,,,,,,,
23,,2959,,0.002392157446593046,,0.056525230407714844,,0.06019017845392227,,0.06230961158871651,,0.023637907579541206,,0.0307196956127882,,0.06470176577568054,,,,,,,,,,,,,,
23,,2969,,0.0009073923574760556,,0.03625011444091797,,0.03707428649067879,,0.04507611319422722,,0.019662434235215187,,0.026128385215997696,,0.04598350450396538,,,,,,,,,,,,,,
23,,2979,,0.002581238280981779,,0.06178760528564453,,0.06252370774745941,,0.07087027281522751,,0.02368718385696411,,0.0327620767056942,,0.07345151156187057,,,,,,,,,,,,,,
23,,2989,,0.013942273333668709,,0.1443338394165039,,0.14531391859054565,,0.04688967764377594,,0.020338231697678566,,0.02664882130920887,,0.0608319491147995,,,,,,,,,,,,,,
23,,2999,,0.0021610562689602375,,0.0536041259765625,,0.0572095587849617,,0.08342517912387848,,0.024794958531856537,,0.035545770078897476,,0.08558623492717743,,,,,,,,,,,,,,
23,,3009,,0.013415814377367496,,0.14183807373046875,,0.14254355430603027,,0.05831989273428917,,0.02238411270081997,,0.029719922691583633,,0.07173570990562439,,,,,,,,,,,,,,
23,,3019,,0.00011326759704388678,,0.009575843811035156,,0.01309808436781168,,0.056749168783426285,,0.02162223868072033,,0.029316971078515053,,0.05686243623495102,,,,,,,,,,,,,,
23,,3029,,0.004082796163856983,,0.07419490814208984,,0.07863614708185196,,0.12328086048364639,,0.03246404230594635,,0.04321028292179108,,0.1273636519908905,,,,,,,,,,,,,,
23,,3039,,0.0022375709377229214,,0.05415534973144531,,0.05821387469768524,,0.16308584809303284,,0.03433312103152275,,0.04969898238778114,,0.1653234213590622,,,,,,,,,,,,,,
,,667,,,,,,,,,,,,,,,,0.00012539239833131433,,0.009490966796875,,0.013780828565359116,,0.041118405759334564,,0.0192737840116024,,0.024954993277788162,,0.04124379903078079
,,668,,,,,,,,,,,,,,,,3.420345819904469e-05,,0.0056743621826171875,,0.007197372615337372,,0.04234229028224945,,0.01931048184633255,,0.025323662906885147,,0.04237649217247963
,,669,,,,,,,,,,,,,,,,6.708715227432549e-05,,0.008623123168945312,,0.010079950094223022,,0.043741773813962936,,0.018990283831954002,,0.025738753378391266,,0.04380886256694794
,,670,,,,,,,,,,,,,,,,4.8686382797313854e-05,,0.00695037841796875,,0.008587035350501537,,0.04664326086640358,,0.019891848787665367,,0.02657870389521122,,0.04669194668531418
,,671,,,,,,,,,,,,,,,,2.674958341231104e-05,,0.005405426025390625,,0.006364972796291113,,0.03781842067837715,,0.0179060697555542,,0.02393266372382641,,0.037845171988010406
,,672,,,,,,,,,,,,,,,,7.072701555443928e-05,,0.008981704711914062,,0.010349799878895283,,0.0351790152490139,,0.017676910385489464,,0.023082414641976357,,0.0352497436106205
,,673,,,,,,,,,,,,,,,,2.3054533812683076e-05,,0.0052623748779296875,,0.0059090410359203815,,0.03581433370709419,,0.01774154044687748,,0.023289909586310387,,0.03583738952875137
,,674,,,,,,,,,,,,,,,,8.179296855814755e-05,,0.0061626434326171875,,0.011130035854876041,,0.02636910043656826,,0.015079515054821968,,0.019984211772680283,,0.02645089291036129
,,675,,,,,,,,,,,,,,,,4.4182514102431014e-05,,0.00731658935546875,,0.008180223405361176,,0.03653240576386452,,0.01778590679168701,,0.023522228002548218,,0.036576587706804276
,,676,,,,,,,,,,,,,,,,3.571559864212759e-05,,0.006313323974609375,,0.007354736328125,,0.04056389629840851,,0.018813306465744972,,0.02478615753352642,,0.04059961065649986
,,677,,,,,,,,,,,,,,,,8.137759868986905e-05,,0.0074176788330078125,,0.011101759038865566,,0.03302210941910744,,0.017208198085427284,,0.02236359938979149,,0.03310348838567734
,,678,,,,,,,,,,,,,,,,8.879712549969554e-05,,0.009250640869140625,,0.011596810072660446,,0.05442633852362633,,0.021582607179880142,,0.028710708022117615,,0.054515134543180466
,,679,,,,,,,,,,,,,,,,9.959616727428511e-05,,0.009990692138671875,,0.012281752191483974,,0.05021324008703232,,0.0212753526866436,,0.027577092871069908,,0.0503128357231617
,,680,,,,,,,,,,,,,,,,0.00010767240019049495,,0.010211944580078125,,0.012769993394613266,,0.047314200550317764,,0.019966457039117813,,0.026769179850816727,,0.04742187261581421
,,681,,,,,,,,,,,,,,,,0.00015303338295780122,,0.011524200439453125,,0.015224144794046879,,0.05135442316532135,,0.020393745973706245,,0.027888700366020203,,0.051507458090782166
,,682,,,,,,,,,,,,,,,,4.211956184008159e-05,,0.005397796630859375,,0.007986937649548054,,0.02606830932199955,,0.01544769573956728,,0.019869904965162277,,0.02611042931675911
,,683,,,,,,,,,,,,,,,,6.852659134892747e-05,,0.0075531005859375,,0.010187504813075066,,0.04228505864739418,,0.019286781549453735,,0.025306545197963715,,0.04235358536243439
,,684,,,,,,,,,,,,,,,,2.9007413104409352e-05,,0.0054035186767578125,,0.006628172472119331,,0.02625161223113537,,0.015568342991173267,,0.019939636811614037,,0.026280619204044342
,,685,,,,,,,,,,,,,,,,2.9557246307376772e-05,,0.0056858062744140625,,0.006690694019198418,,0.027682987973093987,,0.01580232009291649,,0.020476030185818672,,0.027712544426321983
,,686,,,,,,,,,,,,,,,,3.904274490196258e-05,,0.0062999725341796875,,0.00768972747027874,,0.0371176041662693,,0.01822696626186371,,0.023709874600172043,,0.03715664520859718
,,687,,,,,,,,,,,,,,,,4.4327643990982324e-05,,0.0068206787109375,,0.00819363258779049,,0.04987524077296257,,0.020390693098306656,,0.027484118938446045,,0.04991956800222397
,,688,,,,,,,,,,,,,,,,2.2790998627897352e-05,,0.004787445068359375,,0.005875168833881617,,0.04608204960823059,,0.020072927698493004,,0.026418320834636688,,0.04610484093427658
,,689,,,,,,,,,,,,,,,,2.609270450193435e-05,,0.0035991668701171875,,0.006286350078880787,,0.029520131647586823,,0.016447871923446655,,0.021144554018974304,,0.02954622358083725
,,690,,,,,,,,,,,,,,,,4.74000844405964e-05,,0.0061359405517578125,,0.008472844958305359,,0.03841176629066467,,0.018397023901343346,,0.024119675159454346,,0.0384591668844223
,,691,,,,,,,,,,,,,,,,5.0330101657891646e-05,,0.00641632080078125,,0.00873077753931284,,0.03671849146485329,,0.017212089151144028,,0.023582058027386665,,0.03676882013678551
,,692,,,,,,,,,,,,,,,,5.541318023460917e-05,,0.00864410400390625,,0.009161047637462616,,0.03700946271419525,,0.018119079992175102,,0.023675311356782913,,0.03706487640738487
,,693,,,,,,,,,,,,,,,,4.041077772853896e-05,,0.0065441131591796875,,0.007823260501027107,,0.030969684943556786,,0.016612790524959564,,0.021657472476363182,,0.03101009503006935
,,694,,,,,,,,,,,,,,,,6.85764680383727e-05,,0.007978439331054688,,0.010191239416599274,,0.03520430624485016,,0.017492175102233887,,0.023090707138180733,,0.035272881388664246
,,695,,,,,,,,,,,,,,,,3.55669399141334e-05,,0.0073394775390625,,0.0073394775390625,,0.028084374964237213,,0.016132274642586708,,0.02062394842505455,,0.028119942173361778
23,,3047,,,,,,,,,,,,,,,5.888391024200246e-05,,0.007138129323720932,,0.009128648787736893,,0.038725703954696655,,0.018275175243616104,,0.024090852588415146,,0.0384628064930439,
23,,3047,0.00595945306122303,,0.07528933882713318,,0.07757758349180222,,0.0814281702041626,,0.02478903718292713,,0.033777009695768356,,0.08740632981061935,,,,,,,,,,,,,,,
,0.0005,3048,,,,,,,,,,,,,,,,,,,,,,,,,,,,
24,,3049,,0.002706828759983182,,0.06214141845703125,,0.06402894109487534,,0.14792659878730774,,0.033819716423749924,,0.047332827001810074,,0.15063342452049255,,,,,,,,,,,,,,
24,,3059,,0.005332161672413349,,0.0877065658569336,,0.08986712992191315,,0.11766011267900467,,0.03129858523607254,,0.04221374914050102,,0.12299227714538574,,,,,,,,,,,,,,
24,,3069,,0.004588104318827391,,0.08147430419921875,,0.08336061239242554,,0.12737850844860077,,0.02909771539270878,,0.043922532349824905,,0.13196660578250885,,,,,,,,,,,,,,
24,,3079,,0.005280409939587116,,0.08788681030273438,,0.08942880481481552,,0.0661955177783966,,0.024075273424386978,,0.031663116067647934,,0.07147593051195145,,,,,,,,,,,,,,
24,,3089,,0.0023042731918394566,,0.051555633544921875,,0.05907506123185158,,0.10260570794343948,,0.02982555888593197,,0.03942076489329338,,0.1049099788069725,,,,,,,,,,,,,,
24,,3099,,0.0001920298527693376,,0.01544189453125,,0.017052140086889267,,0.08484680205583572,,0.026269588619470596,,0.03584735468029976,,0.08503883332014084,,,,,,,,,,,,,,
24,,3109,,0.003228579880669713,,0.067138671875,,0.06992655247449875,,0.06569994986057281,,0.024531424045562744,,0.03154436871409416,,0.06892853230237961,,,,,,,,,,,,,,
24,,3119,,0.0014055875362828374,,0.045368194580078125,,0.046138279139995575,,0.054769568145275116,,0.02172316610813141,,0.028801091015338898,,0.05617515742778778,,,,,,,,,,,,,,
24,,3129,,0.0012836685637012124,,0.04229450225830078,,0.04409276321530342,,0.06343065202236176,,0.023045416921377182,,0.030994804576039314,,0.06471432000398636,,,,,,,,,,,,,,
24,,3139,,0.00014147823094390333,,0.010128021240234375,,0.014637422747910023,,0.07887329906225204,,0.02490358054637909,,0.03456243500113487,,0.07901477813720703,,,,,,,,,,,,,,
24,,3149,,0.003916293382644653,,0.075225830078125,,0.07701406627893448,,0.052922364324331284,,0.021410420536994934,,0.028311243280768394,,0.05683865770697594,,,,,,,,,,,,,,
24,,3159,,0.0087043521925807,,0.11461067199707031,,0.11481761932373047,,0.05926195904612541,,0.022389570251107216,,0.029959004372358322,,0.06796631217002869,,,,,,,,,,,,,,
24,,3169,,0.01669226586818695,,0.1576862335205078,,0.15900087356567383,,0.06862824410200119,,0.023774288594722748,,0.03223969042301178,,0.08532050997018814,,,,,,,,,,,,,,
,,696,,,,,,,,,,,,,,,,0.0001295715046580881,,0.009374618530273438,,0.014008591882884502,,0.0379931777715683,,0.01838686875998974,,0.023987891152501106,,0.0381227508187294
,,697,,,,,,,,,,,,,,,,2.9391096177278087e-05,,0.004978179931640625,,0.006671865005046129,,0.040085501968860626,,0.018910469487309456,,0.024639563634991646,,0.04011489450931549
,,698,,,,,,,,,,,,,,,,5.9178950323257595e-05,,0.008180618286132812,,0.00946724135428667,,0.043262023478746414,,0.018743671476840973,,0.025597212836146355,,0.04332120344042778
,,699,,,,,,,,,,,,,,,,4.6274381020339206e-05,,0.006870269775390625,,0.008371622301638126,,0.04529900476336479,,0.019600609317421913,,0.026192903518676758,,0.045345280319452286
,,700,,,,,,,,,,,,,,,,2.1755062334705144e-05,,0.0047893524169921875,,0.005740091670304537,,0.036330725997686386,,0.017263341695070267,,0.02345721237361431,,0.036352481693029404
,,701,,,,,,,,,,,,,,,,6.581482011824846e-05,,0.008764266967773438,,0.009983917698264122,,0.03381294012069702,,0.01741190254688263,,0.02262980490922928,,0.03387875482439995
,,702,,,,,,,,,,,,,,,,2.581455555628054e-05,,0.0054569244384765625,,0.00625276006758213,,0.0337170846760273,,0.01721121557056904,,0.02259770594537258,,0.03374290093779564
,,703,,,,,,,,,,,,,,,,7.92482023825869e-05,,0.00618743896484375,,0.010955531150102615,,0.025680331513285637,,0.01488852221518755,,0.019721487537026405,,0.025759579613804817
,,704,,,,,,,,,,,,,,,,4.967753920936957e-05,,0.007904052734375,,0.00867399387061596,,0.0356224849820137,,0.01751473732292652,,0.023227447643876076,,0.03567216172814369
,,705,,,,,,,,,,,,,,,,3.101286347373389e-05,,0.006038665771484375,,0.006853455677628517,,0.03878682479262352,,0.018475597724318504,,0.024237144738435745,,0.038817837834358215
,,706,,,,,,,,,,,,,,,,8.067040471360087e-05,,0.007232666015625,,0.011053415946662426,,0.03225106745958328,,0.01696053519845009,,0.022100970149040222,,0.032331738620996475
,,707,,,,,,,,,,,,,,,,9.702589886728674e-05,,0.009737014770507812,,0.012122218497097492,,0.053372710943222046,,0.021322723478078842,,0.028431447222828865,,0.053469736129045486
,,708,,,,,,,,,,,,,,,,9.540449536871165e-05,,0.0098876953125,,0.012020551599562168,,0.0499289408326149,,0.02111801877617836,,0.027498917654156685,,0.05002434551715851
,,709,,,,,,,,,,,,,,,,9.348004823550582e-05,,0.009307861328125,,0.01189867127686739,,0.04525574669241905,,0.019473006948828697,,0.026180392131209373,,0.04534922540187836
,,710,,,,,,,,,,,,,,,,0.00015644979430362582,,0.011394500732421875,,0.01539312768727541,,0.05021420493721962,,0.0201036985963583,,0.02757735550403595,,0.050370655953884125
,,711,,,,,,,,,,,,,,,,3.793614814640023e-05,,0.005275726318359375,,0.0075799329206347466,,0.024481510743498802,,0.015000132843852043,,0.019255662336945534,,0.02451944723725319
,,712,,,,,,,,,,,,,,,,6.835031672380865e-05,,0.0073184967041015625,,0.01017442811280489,,0.04060182720422745,,0.01885116659104824,,0.024797745048999786,,0.04067017883062363
,,713,,,,,,,,,,,,,,,,2.6115505534107797e-05,,0.0051116943359375,,0.006289102137088776,,0.025475164875388145,,0.015273833647370338,,0.0196425449103117,,0.025501281023025513
,,714,,,,,,,,,,,,,,,,3.0827068258076906e-05,,0.005741119384765625,,0.006832913961261511,,0.0267057903110981,,0.015445324592292309,,0.020111387595534325,,0.02673661708831787
,,715,,,,,,,,,,,,,,,,3.4940119803650305e-05,,0.0060520172119140625,,0.007274476811289787,,0.03562749922275543,,0.01779177039861679,,0.023229077458381653,,0.035662438720464706
,,716,,,,,,,,,,,,,,,,4.118146898690611e-05,,0.0065479278564453125,,0.007897512055933475,,0.04826187714934349,,0.020005859434604645,,0.02703593671321869,,0.04830306023359299
,,717,,,,,,,,,,,,,,,,2.201113420596812e-05,,0.0046901702880859375,,0.005773770622909069,,0.04408402740955353,,0.019602952525019646,,0.02583925426006317,,0.04410604014992714
,,718,,,,,,,,,,,,,,,,2.680478610272985e-05,,0.0037326812744140625,,0.00637155631557107,,0.028212618082761765,,0.015996960923075676,,0.020670978352427483,,0.028239423409104347
,,719,,,,,,,,,,,,,,,,4.213763168081641e-05,,0.0060863494873046875,,0.007988681085407734,,0.037160031497478485,,0.018148282542824745,,0.02372341975569725,,0.03720216825604439
,,720,,,,,,,,,,,,,,,,4.3558851757552475e-05,,0.006099700927734375,,0.008122274652123451,,0.03539307415485382,,0.016884820535779,,0.02315252646803856,,0.035436633974313736
,,721,,,,,,,,,,,,,,,,6.174981535878032e-05,,0.009326934814453125,,0.009670674800872803,,0.035292450338602066,,0.01760576106607914,,0.023119591176509857,,0.03535420075058937
,,722,,,,,,,,,,,,,,,,3.628334525274113e-05,,0.0062046051025390625,,0.007412998471409082,,0.030246056616306305,,0.01639302633702755,,0.021402953192591667,,0.030282339081168175
,,723,,,,,,,,,,,,,,,,6.702711107209325e-05,,0.008108139038085938,,0.010075456462800503,,0.03392104059457779,,0.01728379726409912,,0.022665949538350105,,0.033988066017627716
,,724,,,,,,,,,,,,,,,,3.352680505486205e-05,,0.0071258544921875,,0.0071258544921875,,0.025849292054772377,,0.01535754557698965,,0.019786259159445763,,0.025882819667458534
24,,3174,,,,,,,,,,,,,,,5.702698035747744e-05,,0.0070147705264389515,,0.008953656069934368,,0.03734424337744713,,0.017905360087752342,,0.023651476949453354,,0.03705373406410217,
24,,3174,0.004563064780086279,,0.06494025141000748,,0.06773245334625244,,0.07856425642967224,,0.025292783975601196,,0.0340932235121727,,0.08312977850437164,,,,,,,,,,,,,,,
,0.0005,3175,,,,,,,,,,,,,,,,,,,,,,,,,,,,
25,,3179,,0.0011643938487395644,,0.040640830993652344,,0.04199431836605072,,0.05551881715655327,,0.02170146442949772,,0.028997424989938736,,0.05668321251869202,,,,,,,,,,,,,,
25,,3189,,0.0012957765720784664,,0.041663169860839844,,0.04430112987756729,,0.08046088367700577,,0.024960746988654137,,0.03490854427218437,,0.08175665885210037,,,,,,,,,,,,,,
25,,3199,,0.0060224151238799095,,0.09470939636230469,,0.09550362825393677,,0.06673425436019897,,0.024403458461165428,,0.031791698187589645,,0.07275667041540146,,,,,,,,,,,,,,
25,,3209,,0.021581653505563736,,0.17993450164794922,,0.18079455196857452,,0.068938709795475,,0.02398734912276268,,0.032312531024217606,,0.09052036702632904,,,,,,,,,,,,,,
25,,3219,,0.01593291014432907,,0.15467548370361328,,0.15534073114395142,,0.11141463369131088,,0.030313707888126373,,0.0410781055688858,,0.12734754383563995,,,,,,,,,,,,,,
25,,3229,,0.03782356530427933,,0.23870563507080078,,0.239343523979187,,0.060290418565273285,,0.02343834936618805,,0.030217841267585754,,0.09811398386955261,,,,,,,,,,,,,,
25,,3239,,0.00045775435864925385,,0.024641036987304688,,0.026331596076488495,,0.07417349517345428,,0.023807868361473083,,0.033516883850097656,,0.07463125139474869,,,,,,,,,,,,,,
25,,3249,,0.00023871133453212678,,0.016837120056152344,,0.019015097990632057,,0.060405321419239044,,0.022174926474690437,,0.03024662472307682,,0.060644034296274185,,,,,,,,,,,,,,
25,,3259,,0.0037526292726397514,,0.06925201416015625,,0.07538957893848419,,0.14039814472198486,,0.031337011605501175,,0.04611264541745186,,0.1441507786512375,,,,,,,,,,,,,,
25,,3269,,0.03815906122326851,,0.2398853302001953,,0.2404012829065323,,0.07904097437858582,,0.02607080712914467,,0.03459915518760681,,0.11720003187656403,,,,,,,,,,,,,,
25,,3279,,0.023112215101718903,,0.1865530014038086,,0.18709363043308258,,0.08203557878732681,,0.026704158633947372,,0.03524848446249962,,0.10514779388904572,,,,,,,,,,,,,,
25,,3289,,0.0034456471912562847,,0.06704235076904297,,0.07223787158727646,,0.11256018280982971,,0.03131476417183876,,0.04128875210881233,,0.11600583046674728,,,,,,,,,,,,,,
25,,3299,,0.0271083265542984,,0.20213699340820312,,0.2026243954896927,,0.08245319873094559,,0.026335716247558594,,0.03533808887004852,,0.10956152528524399,,,,,,,,,,,,,,
,,725,,,,,,,,,,,,,,,,0.00011889294546563178,,0.00917816162109375,,0.013418944552540779,,0.03642595559358597,,0.017885535955429077,,0.023487931117415428,,0.03654484823346138
,,726,,,,,,,,,,,,,,,,2.4326340280822478e-05,,0.0041599273681640625,,0.006069851107895374,,0.03903103247284889,,0.018650569021701813,,0.024313325062394142,,0.03905535861849785
,,727,,,,,,,,,,,,,,,,5.530699127120897e-05,,0.0076694488525390625,,0.009152276441454887,,0.041152842342853546,,0.018203208222985268,,0.0249654408544302,,0.04120814800262451
,,728,,,,,,,,,,,,,,,,4.2639563616830856e-05,,0.0068569183349609375,,0.008036112412810326,,0.04423386603593826,,0.019411548972129822,,0.025883132591843605,,0.04427650570869446
,,729,,,,,,,,,,,,,,,,1.8313161490368657e-05,,0.0044040679931640625,,0.005266479216516018,,0.035122305154800415,,0.016820570454001427,,0.023063793778419495,,0.035140618681907654
,,730,,,,,,,,,,,,,,,,6.665012915618718e-05,,0.0089263916015625,,0.01004707533866167,,0.03282918781042099,,0.017246432602405548,,0.0222981795668602,,0.03289583697915077
,,731,,,,,,,,,,,,,,,,2.7685116947395727e-05,,0.005584716796875,,0.0064753200858831406,,0.0316118486225605,,0.016781723126769066,,0.021880855783820152,,0.03163953498005867
,,732,,,,,,,,,,,,,,,,7.19885720172897e-05,,0.0058841705322265625,,0.010441686026751995,,0.024766257032752037,,0.014824764803051949,,0.019367322325706482,,0.024838246405124664
,,733,,,,,,,,,,,,,,,,4.749940490000881e-05,,0.008012771606445312,,0.008481710217893124,,0.034400396049022675,,0.017224708572030067,,0.022825539112091064,,0.03444789722561836
,,734,,,,,,,,,,,,,,,,3.433185338508338e-05,,0.0064373016357421875,,0.007210857700556517,,0.03746844455599785,,0.018113046884536743,,0.023821670562028885,,0.037502776831388474
,,735,,,,,,,,,,,,,,,,7.71739287301898e-05,,0.0071468353271484375,,0.010811214335262775,,0.031128080561757088,,0.0166306272149086,,0.021712781861424446,,0.031205253675580025
,,736,,,,,,,,,,,,,,,,7.827974332030863e-05,,0.008531570434570312,,0.010888352990150452,,0.051746681332588196,,0.02100156806409359,,0.02799500897526741,,0.051824960857629776
,,737,,,,,,,,,,,,,,,,9.255013719666749e-05,,0.0097198486328125,,0.011839358136057854,,0.04679195582866669,,0.020401665940880775,,0.026621034368872643,,0.046884506940841675
,,738,,,,,,,,,,,,,,,,9.761965338839218e-05,,0.00959014892578125,,0.012159259058535099,,0.0439690425992012,,0.019013799726963043,,0.025805525481700897,,0.0440666638314724
,,739,,,,,,,,,,,,,,,,0.0001451694843126461,,0.011148452758789062,,0.014827803708612919,,0.04895462840795517,,0.01969520002603531,,0.02722928486764431,,0.04909979924559593
,,740,,,,,,,,,,,,,,,,3.578922405722551e-05,,0.0048980712890625,,0.00736232241615653,,0.0234089195728302,,0.014706197194755077,,0.018829122185707092,,0.023444708436727524
,,741,,,,,,,,,,,,,,,,6.814951484557241e-05,,0.00716400146484375,,0.010159443132579327,,0.03924998641014099,,0.018551895394921303,,0.024381428956985474,,0.03931813687086105
,,742,,,,,,,,,,,,,,,,2.601774576760363e-05,,0.0051898956298828125,,0.0062773157842457294,,0.024315379559993744,,0.01489924918860197,,0.019190212711691856,,0.024341396987438202
,,743,,,,,,,,,,,,,,,,2.9652725061168894e-05,,0.005481719970703125,,0.006701492704451084,,0.025951340794563293,,0.015165789052844048,,0.019825275987386703,,0.02598099410533905
,,744,,,,,,,,,,,,,,,,3.100551839452237e-05,,0.0060214996337890625,,0.006852663587778807,,0.03349268436431885,,0.017268123105168343,,0.02252238057553768,,0.033523689955472946
,,745,,,,,,,,,,,,,,,,3.6770037695532665e-05,,0.0058841705322265625,,0.00746254064142704,,0.04687584191560745,,0.019561978057026863,,0.026644885540008545,,0.04691261053085327
,,746,,,,,,,,,,,,,,,,2.037079684669152e-05,,0.0045452117919921875,,0.005554474424570799,,0.041920006275177,,0.01912551186978817,,0.025197068229317665,,0.04194037616252899
,,747,,,,,,,,,,,,,,,,2.4562161343055777e-05,,0.0037212371826171875,,0.006099196150898933,,0.02778654545545578,,0.015842672437429428,,0.020514292642474174,,0.02781110815703869
,,748,,,,,,,,,,,,,,,,3.781985287787393e-05,,0.0056819915771484375,,0.007568311411887407,,0.035476215183734894,,0.017759956419467926,,0.023179706186056137,,0.03551403433084488
,,749,,,,,,,,,,,,,,,,4.23568271799013e-05,,0.00554656982421875,,0.00800942163914442,,0.03349686041474342,,0.01641189306974411,,0.0225237850099802,,0.033539216965436935
,,750,,,,,,,,,,,,,,,,5.695207437383942e-05,,0.008989334106445312,,0.009287390857934952,,0.03397192806005478,,0.017170235514640808,,0.02268294245004654,,0.034028880298137665
,,751,,,,,,,,,,,,,,,,3.820202618953772e-05,,0.006084442138671875,,0.007606468163430691,,0.02901839278638363,,0.016118895262479782,,0.020964091643691063,,0.029056595638394356
,,752,,,,,,,,,,,,,,,,6.15192620898597e-05,,0.00763702392578125,,0.009652616456151009,,0.03298533707857132,,0.017013199627399445,,0.02235114574432373,,0.03304685652256012
,,753,,,,,,,,,,,,,,,,2.5340252250316553e-05,,0.006195068359375,,0.006195068359375,,0.02377673238515854,,0.01467893086373806,,0.018976472318172455,,0.023802071809768677
25,,3301,,,,,,,,,,,,,,,5.371598672354594e-05,,0.006786499172449112,,0.008693132549524307,,0.0359308123588562,,0.017540814355015755,,0.023198198527097702,,0.035616956651210785,
25,,3301,0.01344910729676485,,0.11764755100011826,,0.11935172975063324,,0.07213781028985977,,0.024365637451410294,,0.03270135819911957,,0.08559591323137283,,,,,,,,,,,,,,,
,0.0005,3302,,,,,,,,,,,,,,,,,,,,,,,,,,,,
26,,3309,,0.012267528101801872,,0.13602733612060547,,0.13630478084087372,,0.04103242978453636,,0.019233712926506996,,0.02492889016866684,,0.053299956023693085,,,,,,,,,,,,,,
26,,3319,,0.017478469759225845,,0.16234111785888672,,0.16270139813423157,,0.0414787195622921,,0.019467487931251526,,0.025064095854759216,,0.058957189321517944,,,,,,,,,,,,,,
26,,3329,,0.017996126785874367,,0.1645221710205078,,0.16509482264518738,,0.0460057333111763,,0.019833488389849663,,0.026396438479423523,,0.06400185823440552,,,,,,,,,,,,,,
26,,3339,,0.0018510110676288605,,0.05185413360595703,,0.05294863507151604,,0.03523015230894089,,0.01721709407866001,,0.023099178448319435,,0.03708116337656975,,,,,,,,,,,,,,
26,,3349,,0.021967947483062744,,0.1820392608642578,,0.18240195512771606,,0.048567336052656174,,0.020663771778345108,,0.02712136134505272,,0.07053528726100922,,,,,,,,,,,,,,
26,,3359,,0.016553845256567,,0.15757465362548828,,0.15834039449691772,,0.08623039722442627,,0.025057604536414146,,0.03613844886422157,,0.10278424620628357,,,,,,,,,,,,,,
26,,3369,,0.011179418303072453,,0.1291952133178711,,0.13012050092220306,,0.057936400175094604,,0.022524960339069366,,0.029622048139572144,,0.06911581754684448,,,,,,,,,,,,,,
26,,3379,,0.03909473121166229,,0.24318790435791016,,0.24333299696445465,,0.04328504577279091,,0.019805604591965675,,0.025604024529457092,,0.0823797732591629,,,,,,,,,,,,,,
26,,3389,,0.018507540225982666,,0.16692352294921875,,0.16742271184921265,,0.04693479463458061,,0.020533740520477295,,0.02666163630783558,,0.06544233858585358,,,,,,,,,,,,,,
26,,3399,,5.196097117732279e-05,,0.007807731628417969,,0.008870339021086693,,0.03419610485434532,,0.01756855845451355,,0.02275766246020794,,0.03424806520342827,,,,,,,,,,,,,,
26,,3409,,5.238238736637868e-05,,0.0068492889404296875,,0.008907689712941647,,0.031840696930885315,,0.016658660024404526,,0.021959912031888962,,0.03189307823777199,,,,,,,,,,,,,,
26,,3419,,0.001139137428253889,,0.03965950012207031,,0.04153788834810257,,0.03220584616065025,,0.01699155941605568,,0.02208547107875347,,0.03334498405456543,,,,,,,,,,,,,,
,,754,,,,,,,,,,,,,,,,0.00010912513243965805,,0.008710861206054688,,0.01285589300096035,,0.03528570383787155,,0.01755966804921627,,0.023117385804653168,,0.035394828766584396
,,755,,,,,,,,,,,,,,,,2.4484030291205272e-05,,0.004482269287109375,,0.006089480593800545,,0.0377211719751358,,0.018405556678771973,,0.02390187419950962,,0.037745654582977295
,,756,,,,,,,,,,,,,,,,4.972733950125985e-05,,0.00736236572265625,,0.008678334765136242,,0.04030332341790199,,0.017936894670128822,,0.024706412106752396,,0.04035305231809616
,,757,,,,,,,,,,,,,,,,3.796377859544009e-05,,0.00635528564453125,,0.0075827124528586864,,0.04243798181414604,,0.019038686528801918,,0.02535226009786129,,0.04247594624757767
,,758,,,,,,,,,,,,,,,,1.563386649650056e-05,,0.004100799560546875,,0.0048660109750926495,,0.0342167429625988,,0.016482707113027573,,0.022764528170228004,,0.034232378005981445
,,759,,,,,,,,,,,,,,,,6.275807390920818e-05,,0.008544921875,,0.009749321267008781,,0.031973764300346375,,0.017047837376594543,,0.022005753591656685,,0.032036520540714264
,,760,,,,,,,,,,,,,,,,2.4691937142051756e-05,,0.0054187774658203125,,0.006115274969488382,,0.030504772439599037,,0.016496941447257996,,0.021494297310709953,,0.030529463663697243
,,761,,,,,,,,,,,,,,,,6.663300155196339e-05,,0.0061855316162109375,,0.01004576776176691,,0.023833932355046272,,0.014503508806228638,,0.018999284133315086,,0.02390056475996971
,,762,,,,,,,,,,,,,,,,4.6759771066717803e-05,,0.00771331787109375,,0.008415412157773972,,0.03363772854208946,,0.016975630074739456,,0.022571098059415817,,0.033684488385915756
,,763,,,,,,,,,,,,,,,,3.7711892218794674e-05,,0.0067539215087890625,,0.007557497825473547,,0.03605122119188309,,0.017713218927383423,,0.02336680330336094,,0.03608893230557442
,,764,,,,,,,,,,,,,,,,8.579147834097967e-05,,0.007747650146484375,,0.011398866772651672,,0.030117729678750038,,0.016280531883239746,,0.021357502788305283,,0.030203521251678467
,,765,,,,,,,,,,,,,,,,7.603115227539092e-05,,0.008371353149414062,,0.01073083933442831,,0.04943682998418808,,0.02048909105360508,,0.02736305631697178,,0.04951285943388939
,,766,,,,,,,,,,,,,,,,8.754569716984406e-05,,0.009435653686523438,,0.011514837853610516,,0.04592960327863693,,0.02014419063925743,,0.026374591514468193,,0.04601714760065079
,,767,,,,,,,,,,,,,,,,9.79829128482379e-05,,0.009656906127929688,,0.01218188926577568,,0.04224279895424843,,0.018621597439050674,,0.02529389038681984,,0.042340781539678574
,,768,,,,,,,,,,,,,,,,0.0001413616701029241,,0.011060714721679688,,0.014632053673267365,,0.04667622968554497,,0.019209817051887512,,0.026588095352053642,,0.0468175895512104
,,769,,,,,,,,,,,,,,,,2.9938877560198307e-05,,0.0046539306640625,,0.006733756512403488,,0.02250928245484829,,0.014372823759913445,,0.01846376061439514,,0.02253922075033188
,,770,,,,,,,,,,,,,,,,6.89002699800767e-05,,0.0072917938232421875,,0.010215253569185734,,0.03767285868525505,,0.01816871389746666,,0.023886563256382942,,0.037741757929325104
,,771,,,,,,,,,,,,,,,,2.579427746240981e-05,,0.00510406494140625,,0.006250304169952869,,0.023187560960650444,,0.014513776637613773,,0.018739880993962288,,0.023213354870676994
,,772,,,,,,,,,,,,,,,,3.1166189728537574e-05,,0.0057315826416015625,,0.006870389450341463,,0.02509111352264881,,0.014919151552021503,,0.01949392259120941,,0.025122279301285744
,,773,,,,,,,,,,,,,,,,2.5540231945342384e-05,,0.0054473876953125,,0.006219477392733097,,0.03249090909957886,,0.016866806894540787,,0.022182997316122055,,0.03251644968986511
,,774,,,,,,,,,,,,,,,,4.013633952126838e-05,,0.005939483642578125,,0.007796659134328365,,0.04471064358949661,,0.01911849156022072,,0.02602224610745907,,0.04475077986717224
,,775,,,,,,,,,,,,,,,,2.0567382307490334e-05,,0.0045909881591796875,,0.0055812266655266285,,0.040384214371442795,,0.018711300566792488,,0.024731198325753212,,0.0404047816991806
,,776,,,,,,,,,,,,,,,,2.132464578608051e-05,,0.003261566162109375,,0.005683033727109432,,0.026447750627994537,,0.015377781353890896,,0.020013991743326187,,0.026469076052308083
,,777,,,,,,,,,,,,,,,,3.7005069316364825e-05,,0.005706787109375,,0.007486341055482626,,0.034568771719932556,,0.017508001998066902,,0.02288133092224598,,0.03460577502846718
,,778,,,,,,,,,,,,,,,,3.770098919630982e-05,,0.0057048797607421875,,0.007556403987109661,,0.03258488327264786,,0.01614750549197197,,0.02221505530178547,,0.03262258321046829
,,779,,,,,,,,,,,,,,,,5.5752421758370474e-05,,0.008869171142578125,,0.009189050644636154,,0.03286566212773323,,0.016825634986162186,,0.022310560569167137,,0.03292141482234001
,,780,,,,,,,,,,,,,,,,3.49435031239409e-05,,0.0061130523681640625,,0.007274824660271406,,0.02779528684914112,,0.015742579475045204,,0.020517520606517792,,0.027830230072140694
,,781,,,,,,,,,,,,,,,,5.3659485274693e-05,,0.0073909759521484375,,0.009014938026666641,,0.03219621255993843,,0.016746776178479195,,0.022082168608903885,,0.032249871641397476
,,782,,,,,,,,,,,,,,,,2.7767291612690315e-05,,0.0064849853515625,,0.0064849853515625,,0.022781245410442352,,0.014385305345058441,,0.018574967980384827,,0.022809011861681938
26,,3428,,,,,,,,,,,,,,,5.155919279786758e-05,,0.006702812854200602,,0.008501209318637848,,0.03469235450029373,,0.01719905436038971,,0.02279537357389927,,0.034383807331323624,
26,,3428,0.014081201516091824,,0.12108712643384933,,0.12228154391050339,,0.04761667177081108,,0.0202399343252182,,0.026670247316360474,,0.06168954446911812,,,,,,,,,,,,,,,
,0.0005,3429,,,,,,,,,,,,,,,,,,,,,,,,,,,,
27,,3429,,0.00010844487405847758,,0.010951995849609375,,0.012815714813768864,,0.03285299614071846,,0.01714826002717018,,0.022306261584162712,,0.032961439341306686,,,,,,,,,,,,,,
27,,3439,,0.0002056795929092914,,0.017055511474609375,,0.01765042170882225,,0.02945738285779953,,0.016443422064185143,,0.021122068166732788,,0.02966306172311306,,,,,,,,,,,,,,
27,,3449,,7.428060052916408e-05,,0.009034156799316406,,0.010605906136333942,,0.03702748939394951,,0.018617603927850723,,0.02368107996881008,,0.03710177168250084,,,,,,,,,,,,,,
27,,3459,,0.0011554746888577938,,0.033545494079589844,,0.041832830756902695,,0.0380740761756897,,0.018118051812052727,,0.024013418704271317,,0.03922954946756363,,,,,,,,,,,,,,
27,,3469,,0.00044353006524033844,,0.019928932189941406,,0.025917593389749527,,0.05143403634428978,,0.021078884601593018,,0.027910305187106133,,0.05187756568193436,,,,,,,,,,,,,,
27,,3479,,0.0014951187185943127,,0.04631805419921875,,0.0475844070315361,,0.04320693388581276,,0.019626006484031677,,0.025580912828445435,,0.04470205307006836,,,,,,,,,,,,,,
27,,3489,,0.0003763667191378772,,0.022589683532714844,,0.02387736178934574,,0.03622109815478325,,0.017847929149866104,,0.023421796038746834,,0.036597464233636856,,,,,,,,,,,,,,
27,,3499,,0.00017127358296420425,,0.013833999633789062,,0.016106894239783287,,0.040901146829128265,,0.0189723689109087,,0.02488897740840912,,0.04107242077589035,,,,,,,,,,,,,,
27,,3509,,8.735017763683572e-05,,0.010193824768066406,,0.011504001915454865,,0.03937206789851189,,0.019062362611293793,,0.02441931515932083,,0.03945941850543022,,,,,,,,,,,,,,
27,,3519,,0.0025959298945963383,,0.06220054626464844,,0.06270337849855423,,0.047598835080862045,,0.020162740722298622,,0.02684958092868328,,0.050194766372442245,,,,,,,,,,,,,,
27,,3529,,0.00040911679388955235,,0.023395538330078125,,0.024894630536437035,,0.046042852103710175,,0.0198824442923069,,0.026407083496451378,,0.04645196720957756,,,,,,,,,,,,,,
27,,3539,,0.002607436850667,,0.06153583526611328,,0.0628412663936615,,0.039484959095716476,,0.018723908811807632,,0.02445429563522339,,0.042092397809028625,,,,,,,,,,,,,,
27,,3549,,0.000440288451500237,,0.02400684356689453,,0.025823330506682396,,0.0358288399875164,,0.017957568168640137,,0.02329462394118309,,0.03626912832260132,,,,,,,,,,,,,,
,,783,,,,,,,,,,,,,,,,0.00011076834925916046,,0.008731842041015625,,0.012952325865626335,,0.03315259516239166,,0.017021646723151207,,0.022407740354537964,,0.03326336294412613
,,784,,,,,,,,,,,,,,,,2.0890578525722958e-05,,0.00395965576171875,,0.00562489777803421,,0.035609085112810135,,0.01794453151524067,,0.02322307601571083,,0.03562997654080391
,,785,,,,,,,,,,,,,,,,4.556200292427093e-05,,0.0070552825927734375,,0.008306937292218208,,0.03915088623762131,,0.017546940594911575,,0.024350624531507492,,0.0391964465379715
,,786,,,,,,,,,,,,,,,,3.677753556985408e-05,,0.0063304901123046875,,0.007463301066309214,,0.040366534143686295,,0.018554281443357468,,0.024725783616304398,,0.04040331020951271
,,787,,,,,,,,,,,,,,,,1.5183451978373341e-05,,0.0040569305419921875,,0.004795403685420752,,0.03306243196129799,,0.0160805806517601,,0.022377250716090202,,0.03307761624455452
,,788,,,,,,,,,,,,,,,,5.529468035092577e-05,,0.007909774780273438,,0.009151262231171131,,0.03048720769584179,,0.016682837158441544,,0.021488111466169357,,0.03054250217974186
,,789,,,,,,,,,,,,,,,,2.546186078689061e-05,,0.0056056976318359375,,0.00620988430455327,,0.028667692095041275,,0.015938611701130867,,0.020837023854255676,,0.028693154454231262
,,790,,,,,,,,,,,,,,,,6.113717245170847e-05,,0.0060272216796875,,0.009622584097087383,,0.022632047533988953,,0.01415947824716568,,0.01851404458284378,,0.02269318513572216
,,791,,,,,,,,,,,,,,,,4.451195854926482e-05,,0.0073833465576171875,,0.00821065902709961,,0.03202993422746658,,0.0165591761469841,,0.02202507108449936,,0.032074447721242905
,,792,,,,,,,,,,,,,,,,3.5903976822737604e-05,,0.0067348480224609375,,0.007374114822596312,,0.03402281925082207,,0.01722991093993187,,0.022699926048517227,,0.03405872359871864
,,793,,,,,,,,,,,,,,,,7.832550909370184e-05,,0.0074443817138671875,,0.010891576297581196,,0.028818901628255844,,0.01587066799402237,,0.020891904830932617,,0.028897227719426155
,,794,,,,,,,,,,,,,,,,7.048610859783366e-05,,0.008138656616210938,,0.010332128033041954,,0.047229744493961334,,0.019930347800254822,,0.026745280250906944,,0.04730023071169853
,,795,,,,,,,,,,,,,,,,9.203047375194728e-05,,0.009504318237304688,,0.011806084774434566,,0.04307309165596962,,0.01939277909696102,,0.025541262701153755,,0.04316512122750282
,,796,,,,,,,,,,,,,,,,0.00010360042506363243,,0.009733200073242188,,0.012526191771030426,,0.03962837904691696,,0.018110956996679306,,0.024498669430613518,,0.03973197937011719
,,797,,,,,,,,,,,,,,,,0.00013485632371157408,,0.010950088500976562,,0.014291414991021156,,0.04530908912420273,,0.018937531858682632,,0.026195818558335304,,0.04544394463300705
,,798,,,,,,,,,,,,,,,,2.4799008315312676e-05,,0.00455474853515625,,0.006128508131951094,,0.021204499527812004,,0.013942047022283077,,0.017920633777976036,,0.021229298785328865
,,799,,,,,,,,,,,,,,,,5.987282929709181e-05,,0.006908416748046875,,0.009522557258605957,,0.0354602113366127,,0.017614271491765976,,0.023174485191702843,,0.03552008420228958
,,800,,,,,,,,,,,,,,,,2.5797979105846025e-05,,0.0051326751708984375,,0.006250748876482248,,0.022171838209033012,,0.014172627590596676,,0.0183248370885849,,0.02219763584434986
,,801,,,,,,,,,,,,,,,,2.976253927045036e-05,,0.005615234375,,0.006713893264532089,,0.023677390068769455,,0.014478607103228569,,0.01893678493797779,,0.023707153275609016
,,802,,,,,,,,,,,,,,,,2.543713344493881e-05,,0.0054416656494140625,,0.00620688870549202,,0.030698876827955246,,0.01633015088737011,,0.021562570706009865,,0.030724313110113144
,,803,,,,,,,,,,,,,,,,4.009853728348389e-05,,0.0058536529541015625,,0.007792998105287552,,0.04294127970933914,,0.018809858709573746,,0.025502149015665054,,0.042981378734111786
,,804,,,,,,,,,,,,,,,,2.2594400434172712e-05,,0.0051479339599609375,,0.005849778186529875,,0.03834529593586922,,0.018166309222579002,,0.024098796769976616,,0.03836788982152939
,,805,,,,,,,,,,,,,,,,1.9324714230606332e-05,,0.0032291412353515625,,0.005409985780715942,,0.025097472593188286,,0.014900239184498787,,0.01949639618396759,,0.025116797536611557
,,806,,,,,,,,,,,,,,,,3.4548600524431095e-05,,0.0055484771728515625,,0.007233593612909317,,0.03293454274535179,,0.01709538698196411,,0.02233392931520939,,0.03296909108757973
,,807,,,,,,,,,,,,,,,,3.1180272344499826e-05,,0.005374908447265625,,0.006871937774121761,,0.030625710263848305,,0.015745360404253006,,0.02153686061501503,,0.03065689094364643
,,808,,,,,,,,,,,,,,,,5.011202301830053e-05,,0.008344650268554688,,0.008711844682693481,,0.030967433005571365,,0.016309205442667007,,0.021656684577465057,,0.031017545610666275
,,809,,,,,,,,,,,,,,,,3.0246610549511388e-05,,0.0058536529541015625,,0.006768264342099428,,0.02610349841415882,,0.01520757470279932,,0.01988331228494644,,0.026133745908737183
,,810,,,,,,,,,,,,,,,,4.863882713834755e-05,,0.0070095062255859375,,0.00858283694833517,,0.030178267508745193,,0.016173584386706352,,0.021378954872488976,,0.03022690676152706
,,811,,,,,,,,,,,,,,,,3.616090180003084e-05,,0.0074005126953125,,0.0074005126953125,,0.02181091718375683,,0.014168070629239082,,0.01817507855594158,,0.021847078576683998
27,,3555,,,,,,,,,,,,,,,4.89857375214342e-05,,0.006560194306075573,,0.008267650380730629,,0.03293771296739578,,0.01673516258597374,,0.022207997739315033,,0.03265058621764183,
27,,3555,0.0008966535096988082,,0.02837321162223816,,0.0305698923766613,,0.03988444805145264,,0.018687987700104713,,0.02449612505733967,,0.04078252986073494,,,,,,,,,,,,,,,
,0.0005,3556,,,,,,,,,,,,,,,,,,,,,,,,,,,,
28,,3559,,0.0004385668144095689,,0.0229339599609375,,0.025773052126169205,,0.03975042328238487,,0.01845688745379448,,0.024536363780498505,,0.0401889905333519,,,,,,,,,,,,,,
28,,3569,,0.00025967054534703493,,0.017500877380371094,,0.019831202924251556,,0.044125910848379135,,0.019565347582101822,,0.025851521641016006,,0.04438558220863342,,,,,,,,,,,,,,
28,,3579,,0.00024023103469517082,,0.01683521270751953,,0.01907533034682274,,0.035227011889219284,,0.01771056465804577,,0.02309815213084221,,0.0354672446846962,,,,,,,,,,,,,,
28,,3589,,0.0001541667152196169,,0.011808395385742188,,0.015279526822268963,,0.05912806838750839,,0.020174719393253326,,0.029925139620900154,,0.05928223580121994,,,,,,,,,,,,,,
28,,3599,,0.0007231943309307098,,0.031116485595703125,,0.03309505060315132,,0.043699540197849274,,0.019589543342590332,,0.025726327672600746,,0.044422734528779984,,,,,,,,,,,,,,
28,,3609,,0.006793229840695858,,0.10081672668457031,,0.10143332928419113,,0.06181316077709198,,0.02348513901233673,,0.03059707023203373,,0.06860639154911041,,,,,,,,,,,,,,
28,,3619,,0.0321788415312767,,0.22013092041015625,,0.22076013684272766,,0.0649503841996193,,0.02336793765425682,,0.03136390820145607,,0.097129225730896,,,,,,,,,,,,,,
28,,3629,,0.02866065688431263,,0.2059650421142578,,0.20834285020828247,,0.19910050928592682,,0.03818568214774132,,0.05491304397583008,,0.2277611643075943,,,,,,,,,,,,,,
28,,3639,,0.0020082604605704546,,0.051346778869628906,,0.055151429027318954,,0.09232611954212189,,0.028230801224708557,,0.037393976002931595,,0.09433437883853912,,,,,,,,,,,,,,
28,,3649,,0.023402847349643707,,0.1878376007080078,,0.18826676905155182,,0.07109816372394562,,0.025569872930645943,,0.03281470760703087,,0.09450101107358932,,,,,,,,,,,,,,
28,,3659,,0.027892976999282837,,0.20534992218017578,,0.20553596317768097,,0.04764503613114357,,0.020532280206680298,,0.026862604543566704,,0.07553800940513611,,,,,,,,,,,,,,
28,,3669,,0.028740160167217255,,0.20815372467041016,,0.20863333344459534,,0.0697462260723114,,0.02389647252857685,,0.032501220703125,,0.09848638623952866,,,,,,,,,,,,,,
28,,3679,,0.00249408558011055,,0.05803203582763672,,0.061461254954338074,,0.06575921922922134,,0.023290611803531647,,0.03155858814716339,,0.06825330853462219,,,,,,,,,,,,,,
,,812,,,,,,,,,,,,,,,,0.00011785372043959796,,0.008989334106445312,,0.013360166922211647,,0.03095492720603943,,0.016432741656899452,,0.021652305498719215,,0.03107278048992157
,,813,,,,,,,,,,,,,,,,1.8097103748004884e-05,,0.003570556640625,,0.00523532135412097,,0.03289845213294029,,0.017253462225198746,,0.022321689873933792,,0.03291654959321022
,,814,,,,,,,,,,,,,,,,4.3482359615154564e-05,,0.0070934295654296875,,0.008115135133266449,,0.0383940227329731,,0.017222978174686432,,0.024114098399877548,,0.038437504321336746
,,815,,,,,,,,,,,,,,,,3.3224008802790195e-05,,0.0061016082763671875,,0.007093583233654499,,0.03957127779722214,,0.018399521708488464,,0.02448101155459881,,0.03960450366139412
,,816,,,,,,,,,,,,,,,,1.5191291822702624e-05,,0.0039215087890625,,0.004796626511961222,,0.03164588287472725,,0.015647806227207184,,0.021892627701163292,,0.03166107460856438
,,817,,,,,,,,,,,,,,,,4.9560749175725505e-05,,0.007419586181640625,,0.008663788437843323,,0.029543627053499222,,0.01641327515244484,,0.02115296572446823,,0.02959318831562996
,,818,,,,,,,,,,,,,,,,2.441278593323659e-05,,0.0054988861083984375,,0.006080610677599907,,0.027167508378624916,,0.015501551330089569,,0.02028449811041355,,0.027191922068595886
,,819,,,,,,,,,,,,,,,,5.188217619433999e-05,,0.0057849884033203125,,0.008864383213222027,,0.02130289375782013,,0.013790509663522243,,0.017962167039513588,,0.02135477587580681
,,820,,,,,,,,,,,,,,,,4.6044566261116415e-05,,0.00727081298828125,,0.00835082121193409,,0.031129220500588417,,0.016318608075380325,,0.02171318233013153,,0.031175265088677406
,,821,,,,,,,,,,,,,,,,3.8929480069782585e-05,,0.0070896148681640625,,0.007678520400077105,,0.03243733197450638,,0.01676609180867672,,0.02216470241546631,,0.032476261258125305
,,822,,,,,,,,,,,,,,,,7.769966032356024e-05,,0.00771331787109375,,0.010847974568605423,,0.027873417362570763,,0.015619213692843914,,0.020546335726976395,,0.027951117604970932
,,823,,,,,,,,,,,,,,,,7.22368058632128e-05,,0.008745193481445312,,0.010459662415087223,,0.04535660892724991,,0.01953577622771263,,0.026209555566310883,,0.04542884603142738
,,824,,,,,,,,,,,,,,,,9.294728079112247e-05,,0.009777069091796875,,0.011864738538861275,,0.04142804443836212,,0.018948426470160484,,0.02504877932369709,,0.041520990431308746
,,825,,,,,,,,,,,,,,,,0.00010876024316530675,,0.01004791259765625,,0.012834365479648113,,0.03876826539635658,,0.01786167547106743,,0.02423134446144104,,0.03887702524662018
,,826,,,,,,,,,,,,,,,,0.00012776139192283154,,0.011074066162109375,,0.013910393230617046,,0.04389903321862221,,0.01861901767551899,,0.02578498050570488,,0.04402679577469826
,,827,,,,,,,,,,,,,,,,2.0817438780795783e-05,,0.0042591094970703125,,0.005615029484033585,,0.020111482590436935,,0.01352340541779995,,0.017452649772167206,,0.02013229951262474
,,828,,,,,,,,,,,,,,,,5.5682645324850455e-05,,0.0068569183349609375,,0.009183308109641075,,0.03364269435405731,,0.017185335978865623,,0.02257276326417923,,0.03369837626814842
,,829,,,,,,,,,,,,,,,,2.7060530555900186e-05,,0.0054225921630859375,,0.0064018783159554005,,0.02162759006023407,,0.013933775015175343,,0.018098531290888786,,0.021654650568962097
,,830,,,,,,,,,,,,,,,,2.7511889129527844e-05,,0.00537109375,,0.006455044727772474,,0.023153943940997124,,0.014253227040171623,,0.018726292997598648,,0.023181455209851265
,,831,,,,,,,,,,,,,,,,2.5126792024821043e-05,,0.005603790283203125,,0.00616891635581851,,0.02908785454928875,,0.015856117010116577,,0.02098916471004486,,0.029112981632351875
,,832,,,,,,,,,,,,,,,,4.338444341556169e-05,,0.0062408447265625,,0.008106008172035217,,0.04205877706408501,,0.01857396960258484,,0.02523874118924141,,0.042102161794900894
,,833,,,,,,,,,,,,,,,,2.7776124625233933e-05,,0.005817413330078125,,0.0064859772101044655,,0.03695539012551308,,0.01790827512741089,,0.023658007383346558,,0.03698316588997841
,,834,,,,,,,,,,,,,,,,2.121059878845699e-05,,0.003093719482421875,,0.005667818710207939,,0.024195602163672447,,0.01465862151235342,,0.019142894074320793,,0.02421681210398674
,,835,,,,,,,,,,,,,,,,3.291562097729184e-05,,0.0051116943359375,,0.0070605832152068615,,0.031783100217580795,,0.01681683585047722,,0.021940041333436966,,0.031816016882658005
,,836,,,,,,,,,,,,,,,,3.2670672226231545e-05,,0.005504608154296875,,0.007034264504909515,,0.029830873012542725,,0.015454528853297234,,0.021255547180771828,,0.029863543808460236
,,837,,,,,,,,,,,,,,,,5.5762240663170815e-05,,0.008899688720703125,,0.009189861826598644,,0.030026450753211975,,0.016025105491280556,,0.021325113251805305,,0.030082212761044502
,,838,,,,,,,,,,,,,,,,3.0523813620675355e-05,,0.0057506561279296875,,0.006799222435802221,,0.0253573227673769,,0.014958418905735016,,0.019597066566348076,,0.025387845933437347
,,839,,,,,,,,,,,,,,,,4.692116635851562e-05,,0.007076263427734375,,0.008429935202002525,,0.02845408394932747,,0.01566174067556858,,0.02075924724340439,,0.028501005843281746
,,840,,,,,,,,,,,,,,,,3.766732334042899e-05,,0.0075531005859375,,0.0075531005859375,,0.020434092730283737,,0.013742378912866116,,0.01759207434952259,,0.020471759140491486
28,,3682,,,,,,,,,,,,,,,4.8716665332904086e-05,,0.00661512603983283,,0.008238153532147408,,0.03168746456503868,,0.016386056318879128,,0.021778322756290436,,0.03139630705118179,
28,,3682,0.015254558995366096,,0.11507156491279602,,0.11699459701776505,,0.06531189382076263,,0.02258128859102726,,0.0304295402020216,,0.0805535763502121,,,,,,,,,,,,,,,
,0.0005,3683,,,,,,,,,,,,,,,,,,,,,,,,,,,,
29,,3689,,0.00403933459892869,,0.07697105407714844,,0.07821644842624664,,0.05124315991997719,,0.02081603743135929,,0.027858473360538483,,0.05528249591588974,,,,,,,,,,,,,,
29,,3699,,0.00048577081179246306,,0.025743484497070312,,0.027125420048832893,,0.03483689948916435,,0.017702439799904823,,0.022969895973801613,,0.03532266989350319,,,,,,,,,,,,,,
29,,3709,,0.0002058996760752052,,0.015949249267578125,,0.017659999430179596,,0.03264491260051727,,0.017047826200723648,,0.022235507145524025,,0.03285081312060356,,,,,,,,,,,,,,
29,,3719,,0.00020603626035153866,,0.011747360229492188,,0.017666306346654892,,0.04031316936016083,,0.018618568778038025,,0.024709435179829597,,0.04051920399069786,,,,,,,,,,,,,,
29,,3729,,0.0001960039953701198,,0.011442184448242188,,0.017228562384843826,,0.03760968893766403,,0.017412131652235985,,0.023866528645157814,,0.03780569136142731,,,,,,,,,,,,,,
29,,3739,,0.001122588524594903,,0.038537025451660156,,0.041232891380786896,,0.07252026349306107,,0.02430872619152069,,0.03314125910401344,,0.07364284992218018,,,,,,,,,,,,,,
29,,3749,,0.009741725400090218,,0.12025070190429688,,0.12146670371294022,,0.09004578739404678,,0.026513023301959038,,0.03692929446697235,,0.09978751093149185,,,,,,,,,,,,,,
29,,3759,,0.01822466030716896,,0.16539955139160156,,0.16613849997520447,,0.10759083181619644,,0.02912156842648983,,0.040367044508457184,,0.1258154958486557,,,,,,,,,,,,,,
29,,3769,,0.004033926874399185,,0.07712841033935547,,0.07816307246685028,,0.056250836700201035,,0.02195354923605919,,0.029187964275479317,,0.06028476357460022,,,,,,,,,,,,,,
29,,3779,,0.029572956264019012,,0.21144771575927734,,0.2116352766752243,,0.04451630637049675,,0.01932702772319317,,0.025965632870793343,,0.07408925890922546,,,,,,,,,,,,,,
29,,3789,,0.028257891535758972,,0.2063608169555664,,0.2068769633769989,,0.04438616335391998,,0.01936565339565277,,0.025927646085619926,,0.07264405488967896,,,,,,,,,,,,,,
29,,3799,,0.02334202453494072,,0.18762874603271484,,0.18802282214164734,,0.045063700526952744,,0.0197281576693058,,0.02612478844821453,,0.06840572506189346,,,,,,,,,,,,,,
29,,3809,,0.02691683918237686,,0.20100097358226776,,0.20190541446208954,,0.05248099938035011,,0.020324448123574257,,0.028192944824695587,,0.07939784228801727,,,,,,,,,,,,,,
,,841,,,,,,,,,,,,,,,,0.00012057134154019877,,0.009037017822265625,,0.013513301499187946,,0.030161336064338684,,0.016216246411204338,,0.021372953429818153,,0.030281906947493553
,,842,,,,,,,,,,,,,,,,1.804469502530992e-05,,0.0042724609375,,0.005227738991379738,,0.03235284984111786,,0.017007216811180115,,0.022135822102427483,,0.03237089514732361
,,843,,,,,,,,,,,,,,,,4.48231803602539e-05,,0.0068817138671875,,0.008239300921559334,,0.036949459463357925,,0.016925467178225517,,0.02365611121058464,,0.03699428215622902
,,844,,,,,,,,,,,,,,,,3.0446644814219326e-05,,0.005702972412109375,,0.006790615618228912,,0.037321787327528,,0.01783854141831398,,0.023775001987814903,,0.03735223412513733
,,845,,,,,,,,,,,,,,,,1.3326238331501372e-05,,0.003925323486328125,,0.004492547363042831,,0.030553407967090607,,0.015358714386820793,,0.02151142992079258,,0.030566733330488205
,,846,,,,,,,,,,,,,,,,4.657007957575843e-05,,0.0072460174560546875,,0.008398322388529778,,0.028653446584939957,,0.01620185188949108,,0.020831847563385963,,0.02870001643896103
,,847,,,,,,,,,,,,,,,,2.3654556571273133e-05,,0.00537109375,,0.005985438823699951,,0.026359254494309425,,0.015347256325185299,,0.019980480894446373,,0.02638290822505951
,,848,,,,,,,,,,,,,,,,4.407545566209592e-05,,0.0056610107421875,,0.008170279674232006,,0.02085288241505623,,0.013653662987053394,,0.017771432176232338,,0.02089695818722248
,,849,,,,,,,,,,,,,,,,4.297119448892772e-05,,0.0072956085205078125,,0.008067299611866474,,0.030516518279910088,,0.016185788437724113,,0.021498432382941246,,0.030559489503502846
,,850,,,,,,,,,,,,,,,,4.2077670514117926e-05,,0.0072307586669921875,,0.00798297394067049,,0.03181745857000351,,0.016612699255347252,,0.02195189706981182,,0.03185953572392464
,,851,,,,,,,,,,,,,,,,7.49750470276922e-05,,0.0074062347412109375,,0.010656085796654224,,0.02695205621421337,,0.015339000150561333,,0.020203901454806328,,0.027027031406760216
,,852,,,,,,,,,,,,,,,,6.778966780984774e-05,,0.0084991455078125,,0.010132565163075924,,0.04430219158530235,,0.01926375739276409,,0.025903113186359406,,0.044369980692863464
,,853,,,,,,,,,,,,,,,,8.091308700386435e-05,,0.009305953979492188,,0.011070013977587223,,0.04069305583834648,,0.01886933296918869,,0.02482558600604534,,0.040773969143629074
,,854,,,,,,,,,,,,,,,,9.943211625795811e-05,,0.009637832641601562,,0.01227161567658186,,0.03711041063070297,,0.017378050833940506,,0.02370757795870304,,0.03720984235405922
,,855,,,,,,,,,,,,,,,,0.00012286689889151603,,0.0110015869140625,,0.013641352765262127,,0.041330013424158096,,0.01811145804822445,,0.025019122287631035,,0.04145288094878197
,,856,,,,,,,,,,,,,,,,2.5357065169373527e-05,,0.00453948974609375,,0.006197107024490833,,0.01962902396917343,,0.013345255516469479,,0.01724204234778881,,0.019654380157589912
,,857,,,,,,,,,,,,,,,,5.601534940069541e-05,,0.006710052490234375,,0.009210704825818539,,0.03276573121547699,,0.016953222453594208,,0.022276615723967552,,0.03282174840569496
,,858,,,,,,,,,,,,,,,,2.4328928702743724e-05,,0.00518798828125,,0.006070160306990147,,0.020728306844830513,,0.01364707387983799,,0.01771826669573784,,0.02075263485312462
,,859,,,,,,,,,,,,,,,,2.8991133149247617e-05,,0.0053005218505859375,,0.006626306101679802,,0.022665532305836678,,0.014013078995049,,0.01852772757411003,,0.022694522514939308
,,860,,,,,,,,,,,,,,,,2.432456676615402e-05,,0.005458831787109375,,0.006069652270525694,,0.028532374650239944,,0.015631308779120445,,0.020787788555026054,,0.02855669893324375
,,861,,,,,,,,,,,,,,,,4.2631920223357156e-05,,0.006061553955078125,,0.008035397157073021,,0.039861489087343216,,0.018039317801594734,,0.024570617824792862,,0.039904121309518814
,,862,,,,,,,,,,,,,,,,2.6613000954966992e-05,,0.0058650970458984375,,0.006348731461912394,,0.03583449870347977,,0.017641935497522354,,0.02329646423459053,,0.03586111217737198
,,863,,,,,,,,,,,,,,,,2.05792148335604e-05,,0.003299713134765625,,0.005582824815064669,,0.023568743839859962,,0.014389255084097385,,0.01889328844845295,,0.023589322343468666
,,864,,,,,,,,,,,,,,,,3.512867260724306e-05,,0.005687713623046875,,0.0072940643876791,,0.03065159171819687,,0.016506370157003403,,0.021545957773923874,,0.030686721205711365
,,865,,,,,,,,,,,,,,,,3.388105324120261e-05,,0.005664825439453125,,0.007163379807025194,,0.029531007632613182,,0.0153507674112916,,0.0211484432220459,,0.029564889147877693
,,866,,,,,,,,,,,,,,,,5.431774479802698e-05,,0.0087890625,,0.009070057421922684,,0.029202846810221672,,0.01574922539293766,,0.0210306104272604,,0.029257165268063545
,,867,,,,,,,,,,,,,,,,2.93648372462485e-05,,0.0054302215576171875,,0.006668887101113796,,0.024370228871703148,,0.014716018922626972,,0.019211845472455025,,0.024399593472480774
,,868,,,,,,,,,,,,,,,,4.2629370000213385e-05,,0.0067653656005859375,,0.008035148493945599,,0.02727472223341465,,0.015388458967208862,,0.020324481651186943,,0.02731735073029995
,,869,,,,,,,,,,,,,,,,3.309747262392193e-05,,0.007080078125,,0.007080078125,,0.01973734423518181,,0.013491196557879448,,0.017289554700255394,,0.019770441576838493
29,,3809,,,,,,,,,,,,,,,4.6963119530119e-05,,0.006546495016664267,,0.00810300000011921,,0.030684782192111015,,0.016119705513119698,,0.021435733884572983,,0.030401015654206276,
29,,3809,0.010701184161007404,,0.0983532965183258,,0.10002776980400085,,0.051530420780181885,,0.02042851597070694,,0.027554094791412354,,0.06224004924297333,,,,,,,,,,,,,,,
,0.0005,3810,,,,,,,,,,,,,,,,,,,,,,,,,,,,
30,,3819,,0.00815421063452959,,0.11073875427246094,,0.11112822592258453,,0.048295650631189346,,0.019762378185987473,,0.027045395225286484,,0.05644986033439636,,,,,,,,,,,,,,
30,,3829,,0.014315672218799591,,0.146881103515625,,0.14724723994731903,,0.04200207069516182,,0.01917032152414322,,0.025221718475222588,,0.05631774291396141,,,,,,,,,,,,,,
30,,3839,,0.009085511788725853,,0.11502552032470703,,0.11730446666479111,,0.07924465835094452,,0.026678312569856644,,0.03464370220899582,,0.08833017200231552,,,,,,,,,,,,,,
30,,3849,,0.0030938105192035437,,0.06745719909667969,,0.06845028698444366,,0.04779496043920517,,0.019979719072580338,,0.026904838159680367,,0.05088876932859421,,,,,,,,,,,,,,
30,,3859,,0.012413050048053265,,0.13584327697753906,,0.13711275160312653,,0.05304304510354996,,0.021433895453810692,,0.028343508020043373,,0.0654560923576355,,,,,,,,,,,,,,
30,,3869,,0.013099653646349907,,0.14028072357177734,,0.14085355401039124,,0.05158829689025879,,0.021540001034736633,,0.027952127158641815,,0.06468795239925385,,,,,,,,,,,,,,
30,,3879,,0.008489252999424934,,0.1123208999633789,,0.11338953673839569,,0.06156211718916893,,0.020743846893310547,,0.03053487278521061,,0.07005137205123901,,,,,,,,,,,,,,
30,,3889,,0.007464051712304354,,0.1051483154296875,,0.10632258653640747,,0.05399166792631149,,0.021824873983860016,,0.028595829382538795,,0.06145571917295456,,,,,,,,,,,,,,
30,,3899,,0.00041503660031594336,,0.020905494689941406,,0.025070197880268097,,0.0664985254406929,,0.022870982065796852,,0.03173549845814705,,0.06691356003284454,,,,,,,,,,,,,,
30,,3909,,0.0004826677904929966,,0.02281475067138672,,0.02703617513179779,,0.0498078353703022,,0.020218759775161743,,0.027465544641017914,,0.05029050260782242,,,,,,,,,,,,,,
30,,3919,,0.0011153212981298566,,0.03816795349121094,,0.041099727153778076,,0.06533197313547134,,0.023865586146712303,,0.031455911695957184,,0.06644729524850845,,,,,,,,,,,,,,
30,,3929,,0.01106951478868723,,0.1288623809814453,,0.12948021292686462,,0.04735114797949791,,0.02006695047020912,,0.02677963301539421,,0.058420661836862564,,,,,,,,,,,,,,
,,870,,,,,,,,,,,,,,,,0.00012387748574838042,,0.00890350341796875,,0.013697341084480286,,0.029947325587272644,,0.01610630750656128,,0.021296994760632515,,0.030071202665567398
,,871,,,,,,,,,,,,,,,,1.4547547834808938e-05,,0.003665924072265625,,0.004693894647061825,,0.032130077481269836,,0.016939952969551086,,0.022059477865695953,,0.03214462473988533
,,872,,,,,,,,,,,,,,,,5.698965105693787e-05,,0.008306503295898438,,0.009290454909205437,,0.03546236455440521,,0.01667197421193123,,0.023175179958343506,,0.03551935404539108
,,873,,,,,,,,,,,,,,,,3.71199166693259e-05,,0.00597381591796875,,0.0074979523196816444,,0.036596089601516724,,0.017613952979445457,,0.023542722687125206,,0.0366332083940506
,,874,,,,,,,,,,,,,,,,2.1880536223761737e-05,,0.0051116943359375,,0.005756614729762077,,0.02870870754122734,,0.015080999583005905,,0.020851923152804375,,0.028730588033795357
,,875,,,,,,,,,,,,,,,,4.5444834540830925e-05,,0.006839752197265625,,0.0082962391898036,,0.027787908911705017,,0.015966126695275307,,0.020514801144599915,,0.027833353728055954
,,876,,,,,,,,,,,,,,,,3.1494386348640546e-05,,0.00608062744140625,,0.006906460504978895,,0.025235861539840698,,0.015099985525012016,,0.019550073891878128,,0.025267355144023895
,,877,,,,,,,,,,,,,,,,3.559637116268277e-05,,0.0058155059814453125,,0.007342464756220579,,0.02013205736875534,,0.013481433503329754,,0.01746157743036747,,0.020167654380202293
,,878,,,,,,,,,,,,,,,,5.768785922555253e-05,,0.00766754150390625,,0.009347204118967056,,0.030037451535463333,,0.016049960628151894,,0.021329019218683243,,0.030095139518380165
,,879,,,,,,,,,,,,,,,,4.437572351889685e-05,,0.007549285888671875,,0.008198092691600323,,0.03022562339901924,,0.01628812775015831,,0.021395722404122353,,0.03026999905705452
,,880,,,,,,,,,,,,,,,,7.671233470318839e-05,,0.008977890014648438,,0.010778842493891716,,0.02596694603562355,,0.015049217268824577,,0.019831234589219093,,0.026043659076094627
,,881,,,,,,,,,,,,,,,,9.00222294148989e-05,,0.009922027587890625,,0.01167650893330574,,0.04361876845359802,,0.01904652826488018,,0.025702541694045067,,0.043708790093660355
,,882,,,,,,,,,,,,,,,,8.49594798637554e-05,,0.009981155395507812,,0.011343461461365223,,0.03982924669981003,,0.018704872578382492,,0.024560680612921715,,0.03991420567035675
,,883,,,,,,,,,,,,,,,,9.842395957093686e-05,,0.0093536376953125,,0.012209267355501652,,0.036273736506700516,,0.017143217846751213,,0.023438801988959312,,0.03637215867638588
,,884,,,,,,,,,,,,,,,,0.0001375464489683509,,0.01123809814453125,,0.014433235861361027,,0.04094507172703743,,0.01799784228205681,,0.024902338162064552,,0.04108261689543724
,,885,,,,,,,,,,,,,,,,3.092365659540519e-05,,0.0055866241455078125,,0.00684358598664403,,0.019189821556210518,,0.013156603090465069,,0.017048055306077003,,0.01922074519097805
,,886,,,,,,,,,,,,,,,,6.602962093893439e-05,,0.00815582275390625,,0.01000020932406187,,0.031110256910324097,,0.01652403734624386,,0.02170656807720661,,0.031176285818219185
,,887,,,,,,,,,,,,,,,,3.809958434430882e-05,,0.006809234619140625,,0.007596256677061319,,0.02021285705268383,,0.013410172425210476,,0.01749657839536667,,0.02025095745921135
,,888,,,,,,,,,,,,,,,,3.569937325664796e-05,,0.0062103271484375,,0.007353081833571196,,0.02157026343047619,,0.013743596151471138,,0.018074529245495796,,0.02160596288740635
,,889,,,,,,,,,,,,,,,,2.7065920221502893e-05,,0.0059528350830078125,,0.00640250975266099,,0.02754986099898815,,0.01539528090506792,,0.020426739007234573,,0.027576927095651627
,,890,,,,,,,,,,,,,,,,4.755529880640097e-05,,0.00629425048828125,,0.008486699312925339,,0.03963329643011093,,0.017948010936379433,,0.02450018748641014,,0.039680853486061096
,,891,,,,,,,,,,,,,,,,3.487623325781897e-05,,0.0068340301513671875,,0.007267820183187723,,0.035345736891031265,,0.017479607835412025,,0.02313704416155815,,0.035380613058805466
,,892,,,,,,,,,,,,,,,,2.799434332700912e-05,,0.0039463043212890625,,0.006511399056762457,,0.02319358102977276,,0.014265863224864006,,0.018742313608527184,,0.02322157472372055
,,893,,,,,,,,,,,,,,,,4.5196567953098565e-05,,0.00643157958984375,,0.00827355682849884,,0.029676832258701324,,0.016262676566839218,,0.021200597286224365,,0.029722029343247414
,,894,,,,,,,,,,,,,,,,3.3190597605425864e-05,,0.0062503814697265625,,0.007090013008564711,,0.028402533382177353,,0.01502702385187149,,0.020740434527397156,,0.0284357238560915
,,895,,,,,,,,,,,,,,,,5.601635712082498e-05,,0.008604049682617188,,0.00921077560633421,,0.02853216789662838,,0.015640864148736,,0.020787715911865234,,0.02858818508684635
,,896,,,,,,,,,,,,,,,,2.606753696454689e-05,,0.0053539276123046875,,0.006283317226916552,,0.02364109642803669,,0.014503010548651218,,0.018922267481684685,,0.023667164146900177
,,897,,,,,,,,,,,,,,,,4.1514605982229114e-05,,0.006778717041015625,,0.007929389365017414,,0.026549069210886955,,0.015163232572376728,,0.020052291452884674,,0.026590583845973015
,,898,,,,,,,,,,,,,,,,5.082708230474964e-05,,0.0087738037109375,,0.0087738037109375,,0.019714556634426117,,0.013623938895761967,,0.017279567196965218,,0.01976538449525833
30,,3936,,,,,,,,,,,,,,,5.238264930085279e-05,,0.007100151851773262,,0.008597809821367264,,0.02986556477844715,,0.015909813344478607,,0.02114163525402546,,0.02961161360144615,
30,,3936,0.012200460769236088,,0.11333032697439194,,0.11491207778453827,,0.05385366827249527,,0.021056627854704857,,0.02832438237965107,,0.06604624539613724,,,,,,,,,,,,,,,
,0.0005,3937,,,,,,,,,,,,,,,,,,,,,,,,,,,,
31,,3939,,0.0026250951923429966,,0.061196327209472656,,0.06305193156003952,,0.05172669142484665,,0.021585796028375626,,0.027989597991108894,,0.05435178801417351,,,,,,,,,,,,,,
31,,3949,,0.0001374650455545634,,0.011770248413085938,,0.014429103583097458,,0.07793503254652023,,0.023722948506474495,,0.0343562513589859,,0.07807249575853348,,,,,,,,,,,,,,
31,,3959,,0.0007510239374823868,,0.030916213989257812,,0.033727359026670456,,0.09703440964221954,,0.026778802275657654,,0.03833559527993202,,0.09778543561697006,,,,,,,,,,,,,,
31,,3969,,0.00192790396977216,,0.053259849548339844,,0.05403563007712364,,0.061023928225040436,,0.023330364376306534,,0.03040110506117344,,0.06295183300971985,,,,,,,,,,,,,,
31,,3979,,0.005358673166483641,,0.08919811248779297,,0.09008672088384628,,0.049310822039842606,,0.020483076572418213,,0.027328168973326683,,0.054669495671987534,,,,,,,,,,,,,,
31,,3989,,0.00017230366938747466,,0.014493942260742188,,0.016156062483787537,,0.0404566191136837,,0.018906479701399803,,0.024753358215093613,,0.04062892124056816,,,,,,,,,,,,,,
31,,3999,,0.0004322653403505683,,0.02332592010498047,,0.02558603696525097,,0.040282756090164185,,0.01871764473617077,,0.024700112640857697,,0.04071502014994621,,,,,,,,,,,,,,
31,,4009,,0.0007174822967499495,,0.03208732604980469,,0.03296421095728874,,0.046867214143276215,,0.019817359745502472,,0.026642432436347008,,0.04758469760417938,,,,,,,,,,,,,,
31,,4019,,0.0010741825681179762,,0.039501190185546875,,0.04033463075757027,,0.03487288951873779,,0.01741643249988556,,0.022981761023402214,,0.03594707325100899,,,,,,,,,,,,,,
31,,4029,,0.0013337981654331088,,0.04413890838623047,,0.044946637004613876,,0.03411257266998291,,0.017480555921792984,,0.022729849442839622,,0.035446371883153915,,,,,,,,,,,,,,
31,,4039,,0.006833529565483332,,0.10114574432373047,,0.10173394531011581,,0.032524120062589645,,0.01755957119166851,,0.022194335237145424,,0.03935765102505684,,,,,,,,,,,,,,
31,,4049,,0.014008053578436375,,0.14542293548583984,,0.14565631747245789,,0.03576257452368736,,0.0175810344517231,,0.023273073136806488,,0.04977062717080116,,,,,,,,,,,,,,
31,,4059,,0.007981046102941036,,0.10715103149414062,,0.10994300991296768,,0.08678845316171646,,0.02561848983168602,,0.036255206912755966,,0.09476950019598007,,,,,,,,,,,,,,
,,899,,,,,,,,,,,,,,,,0.00010883362119784579,,0.008497238159179688,,0.012838712893426418,,0.029118668287992477,,0.015852024778723717,,0.021000277251005173,,0.029227502644062042
,,900,,,,,,,,,,,,,,,,1.575073110871017e-05,,0.003902435302734375,,0.004884153604507446,,0.030634112656116486,,0.016561035066843033,,0.02153981663286686,,0.030649863183498383
,,901,,,,,,,,,,,,,,,,5.247834269539453e-05,,0.008176803588867188,,0.008915150538086891,,0.036736249923706055,,0.016606442630290985,,0.023587767034769058,,0.03678872808814049
,,902,,,,,,,,,,,,,,,,3.785747685469687e-05,,0.006435394287109375,,0.007572077214717865,,0.03524869307875633,,0.017287513241171837,,0.023105259984731674,,0.0352865494787693
,,903,,,,,,,,,,,,,,,,2.1891793949180283e-05,,0.0051174163818359375,,0.005758108105510473,,0.030030326917767525,,0.014997019432485104,,0.021326489746570587,,0.030052218586206436
,,904,,,,,,,,,,,,,,,,4.464849189389497e-05,,0.0067844390869140625,,0.008223236538469791,,0.02719944715499878,,0.015784312039613724,,0.02029641903936863,,0.027244094759225845
,,905,,,,,,,,,,,,,,,,3.2046271371655166e-05,,0.0062694549560546875,,0.006966704502701759,,0.024799024686217308,,0.014923511072993279,,0.019380128011107445,,0.024831071496009827
,,906,,,,,,,,,,,,,,,,3.4377138945274055e-05,,0.005725860595703125,,0.00721560837700963,,0.019510645419359207,,0.013248823583126068,,0.01718997023999691,,0.019545022398233414
,,907,,,,,,,,,,,,,,,,5.546246393350884e-05,,0.007289886474609375,,0.009165145456790924,,0.028721528127789497,,0.01567859575152397,,0.0208565816283226,,0.028776990249753
,,908,,,,,,,,,,,,,,,,4.729654028778896e-05,,0.0077457427978515625,,0.008463566191494465,,0.02919141761958599,,0.015926294028759003,,0.021026497706770897,,0.029238713905215263
,,909,,,,,,,,,,,,,,,,8.327759860549122e-05,,0.009189605712890625,,0.01123061403632164,,0.025234950706362724,,0.01478873286396265,,0.019549719989299774,,0.02531822770833969
,,910,,,,,,,,,,,,,,,,8.665236236993223e-05,,0.009853363037109375,,0.011455870233476162,,0.04148247092962265,,0.01858455315232277,,0.02506522461771965,,0.04156912490725517
,,911,,,,,,,,,,,,,,,,8.55195103213191e-05,,0.010217666625976562,,0.011380797252058983,,0.03816276043653488,,0.018293261528015137,,0.024041373282670975,,0.03824827820062637
,,912,,,,,,,,,,,,,,,,8.83518805494532e-05,,0.008670806884765625,,0.011567664332687855,,0.0346587598323822,,0.016811169683933258,,0.022911090403795242,,0.03474711254239082
,,913,,,,,,,,,,,,,,,,0.00012455522664822638,,0.01038360595703125,,0.013734759762883186,,0.04027996212244034,,0.01776045933365822,,0.02469925582408905,,0.04040451720356941
,,914,,,,,,,,,,,,,,,,2.8652209948631935e-05,,0.0055751800537109375,,0.006587466225028038,,0.01847224123775959,,0.01293698139488697,,0.01672627404332161,,0.01850089430809021
,,915,,,,,,,,,,,,,,,,5.8778299717232585e-05,,0.007932662963867188,,0.009435110725462437,,0.03043900988996029,,0.016276979818940163,,0.021471120417118073,,0.03049778752028942
,,916,,,,,,,,,,,,,,,,3.713368278113194e-05,,0.0067501068115234375,,0.007499335799366236,,0.019678091630339622,,0.013199440203607082,,0.01726357825100422,,0.01971522532403469
,,917,,,,,,,,,,,,,,,,2.898083948821295e-05,,0.00580596923828125,,0.0066251265816390514,,0.020846614614129066,,0.013559937477111816,,0.017768757417798042,,0.02087559551000595
,,918,,,,,,,,,,,,,,,,2.2061416530050337e-05,,0.005352020263671875,,0.005780372768640518,,0.02726607769727707,,0.015218379907310009,,0.020321261137723923,,0.02728813886642456
,,919,,,,,,,,,,,,,,,,5.244011845206842e-05,,0.0065135955810546875,,0.008911924436688423,,0.03823188319802284,,0.01770973391830921,,0.02406313084065914,,0.03828432410955429
,,920,,,,,,,,,,,,,,,,3.475624544080347e-05,,0.0067615509033203125,,0.007255311589688063,,0.03486130014061928,,0.017302606254816055,,0.02297794260084629,,0.03489605709910393
,,921,,,,,,,,,,,,,,,,2.6681824238039553e-05,,0.003875732421875,,0.006356924772262573,,0.022137533873319626,,0.014003682881593704,,0.018310656771063805,,0.02216421626508236
,,922,,,,,,,,,,,,,,,,4.788108344655484e-05,,0.0065898895263671875,,0.008515714667737484,,0.029224323108792305,,0.01609795168042183,,0.021038342267274857,,0.029272204264998436
,,923,,,,,,,,,,,,,,,,3.3877993701025844e-05,,0.0064105987548828125,,0.007163052912801504,,0.02769644185900688,,0.014805932529270649,,0.020481005311012268,,0.027730319648981094
,,924,,,,,,,,,,,,,,,,5.2012350352015346e-05,,0.00835418701171875,,0.008875494822859764,,0.027451984584331512,,0.015328532084822655,,0.020390421152114868,,0.027503997087478638
,,925,,,,,,,,,,,,,,,,2.5767880288185552e-05,,0.0051250457763671875,,0.0062471069395542145,,0.0228580255061388,,0.014208966866135597,,0.018606243655085564,,0.022883793339133263
,,926,,,,,,,,,,,,,,,,4.168548184679821e-05,,0.006744384765625,,0.007945694960653782,,0.026079170405864716,,0.01494591124355793,,0.01987404190003872,,0.026120856404304504
,,927,,,,,,,,,,,,,,,,5.118124681757763e-05,,0.0088043212890625,,0.0088043212890625,,0.018545832484960556,,0.013158679008483887,,0.01675955392420292,,0.018597014248371124
31,,4063,,,,,,,,,,,,,,,5.0350456149317324e-05,,0.007009820081293583,,0.008450536988675594,,0.02910471148788929,,0.015656664967536926,,0.020869817584753036,,0.02883649431169033,
31,,4063,0.0027860524132847786,,0.05163275822997093,,0.05350868031382561,,0.04889123514294624,,0.02008284255862236,,0.026944810524582863,,0.05167797952890396,,,,,,,,,,,,,,,
,0.0005,4064,,,,,,,,,,,,,,,,,,,,,,,,,,,,
32,,4069,,0.02993340976536274,,0.21245288848876953,,0.21292179822921753,,0.054971106350421906,,0.021313613280653954,,0.02885402925312519,,0.0849045142531395,,,,,,,,,,,,,,
32,,4079,,0.0011981733841821551,,0.04046630859375,,0.0425972044467926,,0.05652808025479317,,0.02171650528907776,,0.029259806498885155,,0.05772625282406807,,,,,,,,,,,,,,
32,,4089,,0.00012574784341268241,,0.012132644653320312,,0.013800377026200294,,0.046488240361213684,,0.01854371838271618,,0.02653450146317482,,0.046613987535238266,,,,,,,,,,,,,,
32,,4099,,0.0007803082698956132,,0.03315162658691406,,0.034376051276922226,,0.041781745851039886,,0.018790677189826965,,0.025155479088425636,,0.042562052607536316,,,,,,,,,,,,,,
32,,4109,,0.00444374606013298,,0.08075141906738281,,0.08203542977571487,,0.047456294298172,,0.019361501559615135,,0.026809342205524445,,0.05190004035830498,,,,,,,,,,,,,,
32,,4119,,0.0038953253533691168,,0.07603263854980469,,0.0768096074461937,,0.033531613647937775,,0.017086895182728767,,0.02253546752035618,,0.037426937371492386,,,,,,,,,,,,,,
32,,4129,,0.0032420591451227665,,0.06536293029785156,,0.07007477432489395,,0.10410698503255844,,0.02556300163269043,,0.03970811888575554,,0.10734904557466507,,,,,,,,,,,,,,
32,,4139,,0.0005678164889104664,,0.027116775512695312,,0.02932678908109665,,0.12924014031887054,,0.032057784497737885,,0.044242341071367264,,0.1298079639673233,,,,,,,,,,,,,,
32,,4149,,0.01138107106089592,,0.1299591064453125,,0.13129127025604248,,0.13525712490081787,,0.031936388462781906,,0.045260511338710785,,0.1466381996870041,,,,,,,,,,,,,,
32,,4159,,0.0010018711909651756,,0.03260040283203125,,0.03895387798547745,,0.12454830855131149,,0.02894984744489193,,0.0434318445622921,,0.12555018067359924,,,,,,,,,,,,,,
32,,4169,,0.0009450334473513067,,0.03650379180908203,,0.037833135575056076,,0.04025271162390709,,0.019111845642328262,,0.0246908999979496,,0.04119774326682091,,,,,,,,,,,,,,
32,,4179,,0.00083960872143507,,0.03414726257324219,,0.035658109933137894,,0.0645485669374466,,0.02347407676279545,,0.03126674145460129,,0.06538817286491394,,,,,,,,,,,,,,
32,,4189,,0.0060910386964678764,,0.09570503234863281,,0.09604626893997192,,0.049426738172769547,,0.019897982478141785,,0.02736026979982853,,0.05551777780056,,,,,,,,,,,,,,
,,928,,,,,,,,,,,,,,,,0.0001492201117798686,,0.010553359985351562,,0.01503328513354063,,0.02848520316183567,,0.01564590074121952,,0.020770594477653503,,0.02863442339003086
,,929,,,,,,,,,,,,,,,,2.2029225874575786e-05,,0.0043354034423828125,,0.0057761697098612785,,0.03074154630303383,,0.016571983695030212,,0.02157755382359028,,0.030763575807213783
,,930,,,,,,,,,,,,,,,,6.564876821357757e-05,,0.00926971435546875,,0.009971312247216702,,0.03523712977766991,,0.016420969739556313,,0.02310146577656269,,0.0353027768433094
,,931,,,,,,,,,,,,,,,,5.084164149593562e-05,,0.006649017333984375,,0.00877504050731659,,0.03482281044125557,,0.017112577334046364,,0.02296525612473488,,0.03487365320324898
,,932,,,,,,,,,,,,,,,,4.672391514759511e-05,,0.0076694488525390625,,0.008412186987698078,,0.027028022333979607,,0.014607788994908333,,0.02023235894739628,,0.027074746787548065
,,933,,,,,,,,,,,,,,,,5.175904152565636e-05,,0.006298065185546875,,0.00885385274887085,,0.02661476656794548,,0.015583428554236889,,0.020077086985111237,,0.02666652575135231
,,934,,,,,,,,,,,,,,,,5.526432869373821e-05,,0.0075969696044921875,,0.009148743003606796,,0.024203350767493248,,0.014730017632246017,,0.019145958125591278,,0.02425861544907093
,,935,,,,,,,,,,,,,,,,3.80695637431927e-05,,0.0063190460205078125,,0.007593258284032345,,0.018898608162999153,,0.013077548705041409,,0.016918204724788666,,0.018936676904559135
,,936,,,,,,,,,,,,,,,,8.10446435934864e-05,,0.008304595947265625,,0.011079023592174053,,0.02789333276450634,,0.015437300316989422,,0.020553678274154663,,0.027974378317594528
,,937,,,,,,,,,,,,,,,,6.092745388741605e-05,,0.008441925048828125,,0.009606070816516876,,0.027841614559292793,,0.01553916186094284,,0.020534614101052284,,0.027902541682124138
,,938,,,,,,,,,,,,,,,,9.80161566985771e-05,,0.011165618896484375,,0.012183942832052708,,0.024872153997421265,,0.014604838564991951,,0.019408680498600006,,0.024970170110464096
,,939,,,,,,,,,,,,,,,,0.0001174544813693501,,0.01214599609375,,0.013337478041648865,,0.04087505117058754,,0.018303360790014267,,0.024881038814783096,,0.040992505848407745
,,940,,,,,,,,,,,,,,,,0.0001116607163567096,,0.011064529418945312,,0.01300438679754734,,0.036584313958883286,,0.017792198807001114,,0.02353893220424652,,0.03669597581028938
,,941,,,,,,,,,,,,,,,,9.785746078705415e-05,,0.008836746215820312,,0.012174057774245739,,0.034617189317941666,,0.016769377514719963,,0.022897349670529366,,0.03471504524350166
,,942,,,,,,,,,,,,,,,,0.00015263835666701198,,0.011728286743164062,,0.01520446129143238,,0.040602318942546844,,0.01779136247932911,,0.024797892197966576,,0.04075495898723602
,,943,,,,,,,,,,,,,,,,3.8558311644010246e-05,,0.0068378448486328125,,0.007641844917088747,,0.018015796318650246,,0.012816566973924637,,0.016518326476216316,,0.018054354935884476
,,944,,,,,,,,,,,,,,,,7.813220145180821e-05,,0.010120391845703125,,0.01087813638150692,,0.02989659458398819,,0.016032323241233826,,0.021278951317071915,,0.02997472696006298
,,945,,,,,,,,,,,,,,,,6.15354729234241e-05,,0.008565902709960938,,0.00965387187898159,,0.019109409302473068,,0.013017356395721436,,0.017012296244502068,,0.01917094551026821
,,946,,,,,,,,,,,,,,,,4.987369538866915e-05,,0.007320404052734375,,0.008691095747053623,,0.02021831087768078,,0.01328255981206894,,0.017498936504125595,,0.020268185064196587
,,947,,,,,,,,,,,,,,,,4.432128480402753e-05,,0.007366180419921875,,0.008193053305149078,,0.025943169370293617,,0.01483004167675972,,0.019822150468826294,,0.025987491011619568
,,948,,,,,,,,,,,,,,,,5.977453838568181e-05,,0.007846832275390625,,0.009514769539237022,,0.03688906133174896,,0.01751197874546051,,0.023636767640709877,,0.03694883733987808
,,949,,,,,,,,,,,,,,,,5.4955173254711553e-05,,0.008653640747070312,,0.009123124182224274,,0.03388883173465729,,0.01703442819416523,,0.02265518344938755,,0.0339437872171402
,,950,,,,,,,,,,,,,,,,4.896841346635483e-05,,0.006683349609375,,0.008611859753727913,,0.02190662920475006,,0.013969512656331062,,0.018214913085103035,,0.021955598145723343
,,951,,,,,,,,,,,,,,,,7.394673593807966e-05,,0.008594512939453125,,0.0105827571824193,,0.02853180281817913,,0.015828890725970268,,0.02078757807612419,,0.0286057498306036
,,952,,,,,,,,,,,,,,,,3.974619903601706e-05,,0.0068225860595703125,,0.007758661173284054,,0.02723770961165428,,0.014663493260741234,,0.02031068503856659,,0.02727745659649372
,,953,,,,,,,,,,,,,,,,6.104792555561289e-05,,0.0076904296875,,0.009615559130907059,,0.026646411046385765,,0.014995353296399117,,0.02008901722729206,,0.02670745924115181
,,954,,,,,,,,,,,,,,,,3.011155604326632e-05,,0.005748748779296875,,0.006753147579729557,,0.022010834887623787,,0.01398738194257021,,0.01825818419456482,,0.022040946409106255
,,955,,,,,,,,,,,,,,,,5.0248156185261905e-05,,0.0071849822998046875,,0.008723682723939419,,0.025839658454060555,,0.014770390465855598,,0.019782571122050285,,0.025889907032251358
,,956,,,,,,,,,,,,,,,,8.509532926836982e-05,,0.0113525390625,,0.0113525390625,,0.01723397523164749,,0.012639064341783524,,0.01615593582391739,,0.017319070175290108
32,,4190,,,,,,,,,,,,,,,6.759155075997114e-05,,0.008221639320254326,,0.00986004900187254,,0.028359320014715195,,0.01544206216931343,,0.02059682458639145,,0.02809176594018936,
32,,4190,0.0032836049795150757,,0.05525631830096245,,0.05772792547941208,,0.07847952842712402,,0.024091046303510666,,0.03274938836693764,,0.08176001906394958,,,,,,,,,,,,,,,
,0.0005,4191,,,,,,,,,,,,,,,,,,,,,,,,,,,,
33,,4199,,0.009149080142378807,,0.11701393127441406,,0.11771554499864578,,0.040601108223199844,,0.018945805728435516,,0.02479751966893673,,0.0497501865029335,,,,,,,,,,,,,,
33,,4209,,0.000731915351934731,,0.031188011169433594,,0.033291835337877274,,0.037635378539562225,,0.01800648309290409,,0.0238746739923954,,0.038367293775081635,,,,,,,,,,,,,,
33,,4219,,0.0006758515955880284,,0.030206680297851562,,0.0319930762052536,,0.034156039357185364,,0.017368968576192856,,0.022744327783584595,,0.03483189269900322,,,,,,,,,,,,,,
33,,4229,,0.004588018171489239,,0.08292865753173828,,0.08335801959037781,,0.037305157631635666,,0.01779535785317421,,0.02376970462501049,,0.04189317673444748,,,,,,,,,,,,,,
33,,4239,,0.004590321332216263,,0.08276081085205078,,0.08337968587875366,,0.042789019644260406,,0.019618749618530273,,0.025456896051764488,,0.04737934097647667,,,,,,,,,,,,,,
33,,4249,,0.0011159256100654602,,0.030355453491210938,,0.04111139848828316,,0.10661406815052032,,0.026412049308419228,,0.04018339887261391,,0.10772999376058578,,,,,,,,,,,,,,
33,,4259,,0.011928937397897243,,0.13341712951660156,,0.13441099226474762,,0.05618581175804138,,0.021610502153635025,,0.029171092435717583,,0.0681147500872612,,,,,,,,,,,,,,
33,,4269,,0.00035153713542968035,,0.0181427001953125,,0.023073744028806686,,0.09159272164106369,,0.026623141020536423,,0.03724515810608864,,0.09194426238536835,,,,,,,,,,,,,,
33,,4279,,0.000937345321290195,,0.036713600158691406,,0.037678126245737076,,0.044161077588796616,,0.018483562394976616,,0.025861822068691254,,0.04509842395782471,,,,,,,,,,,,,,
33,,4289,,0.004158100113272667,,0.0774240493774414,,0.07935882359743118,,0.05776334926486015,,0.021024415269494057,,0.029577776789665222,,0.06192144751548767,,,,,,,,,,,,,,
33,,4299,,0.017353976145386696,,0.16144657135009766,,0.16211889684200287,,0.04089654982089996,,0.01887885108590126,,0.024887580424547195,,0.05825052410364151,,,,,,,,,,,,,,
33,,4309,,0.00239819404669106,,0.059782981872558594,,0.06026822701096535,,0.031912799924612045,,0.01693267561495304,,0.02198476344347,,0.03431099280714989,,,,,,,,,,,,,,
,,957,,,,,,,,,,,,,,,,0.00013701572606805712,,0.00957489013671875,,0.014405373483896255,,0.027297189459204674,,0.015248303301632404,,0.02033284865319729,,0.027434205636382103
,,958,,,,,,,,,,,,,,,,1.527808854007162e-05,,0.003353118896484375,,0.004810319747775793,,0.0300571471452713,,0.016423305496573448,,0.021336011588573456,,0.030072424560785294
,,959,,,,,,,,,,,,,,,,5.569628410739824e-05,,0.008695602416992188,,0.009184414520859718,,0.03471926227211952,,0.01621503010392189,,0.02293107844889164,,0.034774959087371826
,,960,,,,,,,,,,,,,,,,4.151052053202875e-05,,0.0061168670654296875,,0.007928998209536076,,0.03305653855204582,,0.016616474837064743,,0.022375255823135376,,0.03309804946184158
,,961,,,,,,,,,,,,,,,,3.5988974559586495e-05,,0.006572723388671875,,0.007382841780781746,,0.026793042197823524,,0.014526324346661568,,0.020144207403063774,,0.026829030364751816
,,962,,,,,,,,,,,,,,,,4.265101597411558e-05,,0.00618743896484375,,0.008037189953029156,,0.02628946304321289,,0.015489061363041401,,0.01995401456952095,,0.02633211389183998
,,963,,,,,,,,,,,,,,,,4.495796383707784e-05,,0.0069122314453125,,0.008251682855188847,,0.02359742298722267,,0.014548447914421558,,0.018904779106378555,,0.02364238165318966
,,964,,,,,,,,,,,,,,,,3.592114444472827e-05,,0.006015777587890625,,0.007375884801149368,,0.018165478482842445,,0.012817583046853542,,0.016586806625127792,,0.018201399594545364
,,965,,,,,,,,,,,,,,,,6.870419019833207e-05,,0.0073947906494140625,,0.010200724005699158,,0.027033403515815735,,0.015210025012493134,,0.020234370604157448,,0.02710210718214512
,,966,,,,,,,,,,,,,,,,5.4436346545116976e-05,,0.00800323486328125,,0.009079947136342525,,0.026377907022833824,,0.01526731438934803,,0.019987549632787704,,0.0264323428273201
,,967,,,,,,,,,,,,,,,,9.483082976657897e-05,,0.010614395141601562,,0.011984339915215969,,0.02383444830775261,,0.014279568567872047,,0.018999487161636353,,0.023929279297590256
,,968,,,,,,,,,,,,,,,,0.00010007795935962349,,0.01067352294921875,,0.012311405502259731,,0.03940892219543457,,0.01788530871272087,,0.024430740624666214,,0.03950899839401245
,,969,,,,,,,,,,,,,,,,9.795672667678446e-05,,0.009983062744140625,,0.012180263176560402,,0.036090053617954254,,0.017650900408625603,,0.023379383608698845,,0.03618801012635231
,,970,,,,,,,,,,,,,,,,7.764814654365182e-05,,0.008630752563476562,,0.010844388045370579,,0.03486586734652519,,0.01679503358900547,,0.02297944575548172,,0.03494351729750633
,,971,,,,,,,,,,,,,,,,0.00014554041263181716,,0.01085662841796875,,0.014846748672425747,,0.039766523987054825,,0.01767270267009735,,0.024541333317756653,,0.039912063628435135
,,972,,,,,,,,,,,,,,,,3.224355532438494e-05,,0.006214141845703125,,0.006988113280385733,,0.0177109707146883,,0.012664036825299263,,0.01637798547744751,,0.017743214964866638
,,973,,,,,,,,,,,,,,,,7.033169094938785e-05,,0.00939178466796875,,0.010320831090211868,,0.0293175857514143,,0.015782129019498825,,0.021071890369057655,,0.02938791736960411
,,974,,,,,,,,,,,,,,,,5.315268208505586e-05,,0.008098602294921875,,0.00897226482629776,,0.018655939027667046,,0.012907312251627445,,0.016809232532978058,,0.0187090914696455
,,975,,,,,,,,,,,,,,,,3.943046976928599e-05,,0.0069522857666015625,,0.007727780379354954,,0.02017720602452755,,0.013252709992229939,,0.017481140792369843,,0.02021663635969162
,,976,,,,,,,,,,,,,,,,3.1863652111496776e-05,,0.006343841552734375,,0.006946843583136797,,0.0251510851085186,,0.014599564485251904,,0.019517209380865097,,0.025182949379086494
,,977,,,,,,,,,,,,,,,,4.951477603754029e-05,,0.0066928863525390625,,0.00865978468209505,,0.036160387098789215,,0.017204973846673965,,0.023402154445648193,,0.03620990365743637
,,978,,,,,,,,,,,,,,,,3.896936323144473e-05,,0.007198333740234375,,0.007682466879487038,,0.03305612504482269,,0.01668352447450161,,0.022375116124749184,,0.0330950953066349
,,979,,,,,,,,,,,,,,,,4.055850877193734e-05,,0.005558013916015625,,0.007837542332708836,,0.02104324661195278,,0.013674023561179638,,0.017852362245321274,,0.021083805710077286
,,980,,,,,,,,,,,,,,,,5.955472443019971e-05,,0.007503509521484375,,0.009497254155576229,,0.02779453620314598,,0.015584634616971016,,0.020517244935035706,,0.027854090556502342
,,981,,,,,,,,,,,,,,,,3.653675958048552e-05,,0.006610870361328125,,0.007438827771693468,,0.02595113217830658,,0.014346756041049957,,0.019825194031000137,,0.025987669825553894
,,982,,,,,,,,,,,,,,,,5.772085569333285e-05,,0.007823944091796875,,0.009349863044917583,,0.025783386081457138,,0.014769895933568478,,0.019761014729738235,,0.025841107591986656
,,983,,,,,,,,,,,,,,,,2.8689983082585968e-05,,0.005847930908203125,,0.006591814570128918,,0.021538734436035156,,0.013919772580265999,,0.01806131936609745,,0.02156742475926876
,,984,,,,,,,,,,,,,,,,4.5840068196412176e-05,,0.0071582794189453125,,0.008332244120538235,,0.02562837116420269,,0.01462553534656763,,0.019701527431607246,,0.025674210861325264
,,985,,,,,,,,,,,,,,,,6.839331763330847e-05,,0.0101776123046875,,0.0101776123046875,,0.017265932634472847,,0.012665174901485443,,0.016170905902981758,,0.01733432523906231
33,,4317,,,,,,,,,,,,,,,5.8352732594357803e-05,,0.007546725682914257,,0.009117950685322285,,0.0276437159627676,,0.015226433053612709,,0.020333942025899887,,0.027389254420995712,
33,,4317,0.004756155889481306,,0.06547639518976212,,0.06749918311834335,,0.04918496310710907,,0.01994386874139309,,0.02693319506943226,,0.053950145840644836,,,,,,,,,,,,,,,
,0.0005,4318,,,,,,,,,,,,,,,,,,,,,,,,,,,,
34,,4319,,0.0001058457710314542,,0.009176254272460938,,0.01266145333647728,,0.05384889617562294,,0.02089163288474083,,0.028557997196912766,,0.05395474284887314,,,,,,,,,,,,,,
34,,4329,,0.0026214024983346462,,0.06232643127441406,,0.06301068514585495,,0.04318414255976677,,0.02000385895371437,,0.02557416819036007,,0.045805543661117554,,,,,,,,,,,,,,
34,,4339,,0.0002151968947146088,,0.013609886169433594,,0.018054354935884476,,0.03916693851351738,,0.018450461328029633,,0.02435562014579773,,0.03938213363289833,,,,,,,,,,,,,,
34,,4349,,0.003163024317473173,,0.06835556030273438,,0.0692104771733284,,0.040291741490364075,,0.01811562478542328,,0.02470286376774311,,0.043454766273498535,,,,,,,,,,,,,,
34,,4359,,0.004355184733867645,,0.0805959701538086,,0.08121678978204727,,0.045868489891290665,,0.019327998161315918,,0.02635704167187214,,0.05022367462515831,,,,,,,,,,,,,,
34,,4369,,0.0003614843590185046,,0.020188331604003906,,0.023397810757160187,,0.03796439990401268,,0.018509864807128906,,0.023978807032108307,,0.03832588344812393,,,,,,,,,,,,,,
34,,4379,,0.0001578023802721873,,0.012112617492675781,,0.015458259731531143,,0.027662379667162895,,0.01590145379304886,,0.02046840824186802,,0.027820182964205742,,,,,,,,,,,,,,
34,,4389,,0.0014764178777113557,,0.04509544372558594,,0.047286950051784515,,0.056112177670001984,,0.020623568445444107,,0.02915196493268013,,0.057588595896959305,,,,,,,,,,,,,,
34,,4399,,7.575418567284942e-05,,0.008255958557128906,,0.01071039866656065,,0.03872431442141533,,0.01876673847436905,,0.024217601865530014,,0.03880006819963455,,,,,,,,,,,,,,
34,,4409,,0.0013980852672830224,,0.044010162353515625,,0.04601407051086426,,0.03093579411506653,,0.016765551641583443,,0.021645616739988327,,0.03233388066291809,,,,,,,,,,,,,,
34,,4419,,0.000299847568385303,,0.01830291748046875,,0.02131139487028122,,0.03850444778800011,,0.018089504912495613,,0.02414875663816929,,0.038804296404123306,,,,,,,,,,,,,,
34,,4429,,0.00355208246037364,,0.07245254516601562,,0.07334824651479721,,0.03350298851728439,,0.017020583152770996,,0.022525843232870102,,0.03705507144331932,,,,,,,,,,,,,,
34,,4439,,0.0006556736771017313,,0.030046463012695312,,0.031511906534433365,,0.027354367077350616,,0.015490022487938404,,0.02035413682460785,,0.028010040521621704,,,,,,,,,,,,,,
,,986,,,,,,,,,,,,,,,,0.00011449771409388632,,0.008901596069335938,,0.01316855475306511,,0.025730544701218605,,0.014816547743976116,,0.0197407528758049,,0.025845041498541832
,,987,,,,,,,,,,,,,,,,1.6260788470390253e-05,,0.004184722900390625,,0.0049626147374510765,,0.028976527974009514,,0.01608266867697239,,0.02094896323978901,,0.0289927888661623
,,988,,,,,,,,,,,,,,,,4.6289816964417696e-05,,0.007694244384765625,,0.008373020216822624,,0.03362221270799637,,0.01587776467204094,,0.02256588451564312,,0.033668503165245056
,,989,,,,,,,,,,,,,,,,4.053934389958158e-05,,0.00620269775390625,,0.007835696451365948,,0.0320502407848835,,0.016334010288119316,,0.022032050415873528,,0.03209077939391136
,,990,,,,,,,,,,,,,,,,2.4962646421045065e-05,,0.0054378509521484375,,0.006148716900497675,,0.02648743987083435,,0.014401167631149292,,0.02002900466322899,,0.026512403041124344
,,991,,,,,,,,,,,,,,,,3.866698170895688e-05,,0.006069183349609375,,0.007652605883777142,,0.02533269301056862,,0.015158738009631634,,0.019587546586990356,,0.025371359661221504
,,992,,,,,,,,,,,,,,,,3.516784272505902e-05,,0.0066013336181640625,,0.0072981431148946285,,0.023168738931417465,,0.01434303354471922,,0.018732275813817978,,0.023203907534480095
,,993,,,,,,,,,,,,,,,,2.9968989110784605e-05,,0.00542449951171875,,0.006737113930284977,,0.0178248081356287,,0.012651418335735798,,0.01643054001033306,,0.017854776233434677
,,994,,,,,,,,,,,,,,,,5.974942177999765e-05,,0.00751495361328125,,0.00951275322586298,,0.026272999122738838,,0.014970359392464161,,0.019947759807109833,,0.02633274905383587
,,995,,,,,,,,,,,,,,,,4.660898775910027e-05,,0.0075016021728515625,,0.008401828818023205,,0.02627122960984707,,0.015227120369672775,,0.01994708925485611,,0.026317838579416275
,,996,,,,,,,,,,,,,,,,8.63507084432058e-05,,0.009490966796875,,0.01143595576286316,,0.023130683228373528,,0.014062188565731049,,0.018716884776949883,,0.023217033594846725
,,997,,,,,,,,,,,,,,,,8.809275459498167e-05,,0.009845733642578125,,0.011550693772733212,,0.03778290003538132,,0.01756896637380123,,0.02392142079770565,,0.037870991975069046
,,998,,,,,,,,,,,,,,,,9.765481809154153e-05,,0.009794235229492188,,0.012161476537585258,,0.03436649590730667,,0.017198937013745308,,0.02281428873538971,,0.03446415066719055
,,999,,,,,,,,,,,,,,,,7.7082309871912e-05,,0.008504867553710938,,0.010804791934788227,,0.03304610773921013,,0.01643039472401142,,0.022371726110577583,,0.0331231914460659
,,1000,,,,,,,,,,,,,,,,0.00012474169488996267,,0.010372161865234375,,0.013745001517236233,,0.03743410110473633,,0.017164679244160652,,0.023810746148228645,,0.037558842450380325
,,1001,,,,,,,,,,,,,,,,2.344407039345242e-05,,0.0051593780517578125,,0.005958759691566229,,0.017056820914149284,,0.012399117462337017,,0.01607268676161766,,0.017080264165997505
,,1002,,,,,,,,,,,,,,,,5.4746094974689186e-05,,0.007829666137695312,,0.009105741046369076,,0.027883747592568398,,0.01545945554971695,,0.02055015042424202,,0.027938494458794594
,,1003,,,,,,,,,,,,,,,,4.019018160761334e-05,,0.0070629119873046875,,0.007801881525665522,,0.01813313737511635,,0.012667465955018997,,0.016572032123804092,,0.018173327669501305
,,1004,,,,,,,,,,,,,,,,3.14567587338388e-05,,0.0061092376708984375,,0.006902340333908796,,0.019437504932284355,,0.013025077991187572,,0.017157720401883125,,0.019468961283564568
,,1005,,,,,,,,,,,,,,,,2.1939991711406037e-05,,0.0051517486572265625,,0.005764458328485489,,0.02439192496240139,,0.014309295453131199,,0.019220393151044846,,0.02441386505961418
,,1006,,,,,,,,,,,,,,,,4.793838888872415e-05,,0.00598907470703125,,0.008520824834704399,,0.03376352787017822,,0.01665203832089901,,0.02261326089501381,,0.03381146490573883
,,1007,,,,,,,,,,,,,,,,3.267524516559206e-05,,0.0064220428466796875,,0.007034750655293465,,0.03198380768299103,,0.016381511464715004,,0.02200920879840851,,0.03201648220419884
,,1008,,,,,,,,,,,,,,,,2.8302289138082415e-05,,0.004119873046875,,0.00654710503295064,,0.02010992541909218,,0.013390041887760162,,0.017451975494623184,,0.020138228312134743
,,1009,,,,,,,,,,,,,,,,4.7250046918634325e-05,,0.0066375732421875,,0.008459419943392277,,0.02713117003440857,,0.015448547899723053,,0.020270923152565956,,0.02717841975390911
,,1010,,,,,,,,,,,,,,,,3.00227984553203e-05,,0.0059795379638671875,,0.006743178702890873,,0.025472281500697136,,0.01423414796590805,,0.019641434773802757,,0.02550230361521244
,,1011,,,,,,,,,,,,,,,,5.162063825991936e-05,,0.007938385009765625,,0.008842000737786293,,0.025110531598329544,,0.014615349471569061,,0.019501470029354095,,0.02516215294599533
,,1012,,,,,,,,,,,,,,,,2.4374565327889286e-05,,0.0054798126220703125,,0.006075870245695114,,0.02066481113433838,,0.01363910548388958,,0.01769110932946205,,0.020689185708761215
,,1013,,,,,,,,,,,,,,,,4.417369200382382e-05,,0.0068302154541015625,,0.008179392665624619,,0.02495822310447693,,0.014383824542164803,,0.01944223791360855,,0.02500239759683609
,,1014,,,,,,,,,,,,,,,,5.20720386703033e-05,,0.008880615234375,,0.008880615234375,,0.016878945752978325,,0.012505574151873589,,0.015988655388355255,,0.016931017860770226
34,,4444,,,,,,,,,,,,,,,5.01787981193047e-05,,0.006946139968931675,,0.00842079147696495,,0.026656176894903183,,0.014949551783502102,,0.019974764436483383,,0.02641141042113304,
34,,4444,0.001761973020620644,,0.04294716566801071,,0.04475271701812744,,0.03812869265675545,,0.018047334626317024,,0.023921672254800797,,0.039887938648462296,,,,,,,,,,,,,,,
,0.0005,4445,,,,,,,,,,,,,,,,,,,,,,,,,,,,
35,,4449,,0.0004333338001742959,,0.02446746826171875,,0.02561800926923752,,0.03881628438830376,,0.018612142652273178,,0.024246342480182648,,0.039249617606401443,,,,,,,,,,,,,,
35,,4459,,0.0012664839159697294,,0.0402069091796875,,0.043796516954898834,,0.06055443733930588,,0.02065698243677616,,0.030283942818641663,,0.061820920556783676,,,,,,,,,,,,,,
35,,4469,,0.01797889918088913,,0.16399574279785156,,0.16501441597938538,,0.0712875947356224,,0.022660501301288605,,0.03285840153694153,,0.08926649391651154,,,,,,,,,,,,,,
35,,4479,,0.01611514203250408,,0.1558208465576172,,0.15622803568840027,,0.03735673427581787,,0.018041709437966347,,0.02378612942993641,,0.0534718781709671,,,,,,,,,,,,,,
35,,4489,,0.016955900937318802,,0.15927505493164062,,0.16025035083293915,,0.044519368559122086,,0.01950899325311184,,0.025966521352529526,,0.06147526949644089,,,,,,,,,,,,,,
35,,4499,,0.0021283291280269623,,0.055525779724121094,,0.05677465721964836,,0.037539198994636536,,0.017801210284233093,,0.023844145238399506,,0.0396675281226635,,,,,,,,,,,,,,
35,,4509,,0.000668323365971446,,0.030478477478027344,,0.031817153096199036,,0.04004747048020363,,0.018959451466798782,,0.024627869948744774,,0.04071579501032829,,,,,,,,,,,,,,
35,,4519,,0.0010653812205418944,,0.03701019287109375,,0.040168024599552155,,0.0460636205971241,,0.01994253881275654,,0.02641303464770317,,0.04712900146842003,,,,,,,,,,,,,,
35,,4529,,0.0024920497089624405,,0.06075477600097656,,0.06143583357334137,,0.03830183297395706,,0.018344243988394737,,0.024085136130452156,,0.04079388082027435,,,,,,,,,,,,,,
35,,4539,,0.00010031730926129967,,0.010331153869628906,,0.012324205599725246,,0.03480970486998558,,0.017591159790754318,,0.022960929200053215,,0.03491002321243286,,,,,,,,,,,,,,
35,,4549,,0.0024885497987270355,,0.05999183654785156,,0.061393853276968,,0.03550797700881958,,0.017508745193481445,,0.023190081119537354,,0.037996526807546616,,,,,,,,,,,,,,
35,,4559,,0.0019125253893435001,,0.051601409912109375,,0.053819239139556885,,0.035692550241947174,,0.017325900495052338,,0.02325027994811535,,0.037605077028274536,,,,,,,,,,,,,,
35,,4569,,0.0003178552142344415,,0.02080059051513672,,0.021942410618066788,,0.03826700896024704,,0.017621159553527832,,0.024074185639619827,,0.038584865629673004,,,,,,,,,,,,,,
,,1015,,,,,,,,,,,,,,,,0.0001079973008017987,,0.008668899536132812,,0.012789292261004448,,0.024473972618579865,,0.014585361815989017,,0.01925269514322281,,0.024581970646977425
,,1016,,,,,,,,,,,,,,,,1.5091140085132793e-05,,0.00400543212890625,,0.004780788440257311,,0.02757795713841915,,0.015682121738791466,,0.020437154918909073,,0.02759304828941822
,,1017,,,,,,,,,,,,,,,,4.3180527427466586e-05,,0.0073699951171875,,0.008086920715868473,,0.03209380805492401,,0.015639839693903923,,0.022047020494937897,,0.03213698789477348
,,1018,,,,,,,,,,,,,,,,3.976102379965596e-05,,0.00650787353515625,,0.007760121952742338,,0.03171252831816673,,0.016236944124102592,,0.021915670484304428,,0.03175228834152222
,,1019,,,,,,,,,,,,,,,,2.1375199139583856e-05,,0.00499725341796875,,0.00568974856287241,,0.024166148155927658,,0.014007489196956158,,0.019131232053041458,,0.024187523871660233
,,1020,,,,,,,,,,,,,,,,3.8768324884586036e-05,,0.0063877105712890625,,0.00766261899843812,,0.024270812049508095,,0.014870586805045605,,0.01917262189090252,,0.024309581145644188
,,1021,,,,,,,,,,,,,,,,3.9274629671126604e-05,,0.007049560546875,,0.007712483871728182,,0.02273334190249443,,0.01420036144554615,,0.018555428832769394,,0.022772615775465965
,,1022,,,,,,,,,,,,,,,,2.7950398362008855e-05,,0.005126953125,,0.006506285630166531,,0.01713857613503933,,0.012425284832715988,,0.016111159697175026,,0.01716652698814869
,,1023,,,,,,,,,,,,,,,,5.844940460519865e-05,,0.0074367523193359375,,0.009408703073859215,,0.025216655805706978,,0.014712072908878326,,0.0195426344871521,,0.025275105610489845
,,1024,,,,,,,,,,,,,,,,4.236521999700926e-05,,0.0071697235107421875,,0.008010204881429672,,0.025200823321938515,,0.014900843612849712,,0.019536498934030533,,0.025243189185857773
,,1025,,,,,,,,,,,,,,,,8.258809975814074e-05,,0.009347915649414062,,0.011184022761881351,,0.0223322045058012,,0.013823787681758404,,0.018390988931059837,,0.022414792329072952
,,1026,,,,,,,,,,,,,,,,6.027215567883104e-05,,0.00841522216796875,,0.009554268792271614,,0.03614237532019615,,0.017133962363004684,,0.02339632622897625,,0.03620264679193497
,,1027,,,,,,,,,,,,,,,,9.228182170772925e-05,,0.009206771850585938,,0.011822200380265713,,0.034349825233221054,,0.017057543620467186,,0.022808760404586792,,0.03444210812449455
,,1028,,,,,,,,,,,,,,,,6.13405427429825e-05,,0.007898330688476562,,0.0096385907381773,,0.032276470214128494,,0.016198135912418365,,0.02210967428982258,,0.03233781084418297
,,1029,,,,,,,,,,,,,,,,0.00010060185013571754,,0.009771347045898438,,0.01234360970556736,,0.03530920296907425,,0.01672849990427494,,0.02312508225440979,,0.03540980443358421
,,1030,,,,,,,,,,,,,,,,2.227908044005744e-05,,0.0050201416015625,,0.005808825604617596,,0.01645595394074917,,0.012123539112508297,,0.015787046402692795,,0.01647823303937912
,,1031,,,,,,,,,,,,,,,,5.035485082771629e-05,,0.0073566436767578125,,0.008732913061976433,,0.027112295851111412,,0.015252454206347466,,0.020263876765966415,,0.027162650600075722
,,1032,,,,,,,,,,,,,,,,3.8131893234094605e-05,,0.006877899169921875,,0.007599474396556616,,0.01759788952767849,,0.012455975636839867,,0.01632561720907688,,0.017636021599173546
,,1033,,,,,,,,,,,,,,,,2.3627584596397355e-05,,0.0054779052734375,,0.0059820194728672504,,0.018538502976298332,,0.012701369822025299,,0.016756242141127586,,0.018562130630016327
,,1034,,,,,,,,,,,,,,,,2.0496896468102932e-05,,0.0049152374267578125,,0.005571654997766018,,0.023821964859962463,,0.014118252322077751,,0.018994512036442757,,0.0238424614071846
,,1035,,,,,,,,,,,,,,,,5.1483271818142384e-05,,0.0063381195068359375,,0.00883025024086237,,0.033372461795806885,,0.01662575826048851,,0.022481920197606087,,0.03342394530773163
,,1036,,,,,,,,,,,,,,,,3.287691652076319e-05,,0.0064525604248046875,,0.007056420668959618,,0.03078289143741131,,0.016139063984155655,,0.02159205824136734,,0.030815768986940384
,,1037,,,,,,,,,,,,,,,,2.6019843062385917e-05,,0.003963470458984375,,0.0062775686383247375,,0.019521590322256088,,0.01317881140857935,,0.01719479262828827,,0.019547609612345695
,,1038,,,,,,,,,,,,,,,,4.4777829316444695e-05,,0.006488800048828125,,0.008235128596425056,,0.026075242087244987,,0.015159059315919876,,0.019872542470693588,,0.0261200200766325
,,1039,,,,,,,,,,,,,,,,2.6016055926447734e-05,,0.00548553466796875,,0.006277109496295452,,0.02509896270930767,,0.014156468212604523,,0.019496969878673553,,0.02512497827410698
,,1040,,,,,,,,,,,,,,,,4.659105252358131e-05,,0.007415771484375,,0.008400202728807926,,0.023775039240717888,,0.014219051226973534,,0.018975794315338135,,0.023821629583835602
,,1041,,,,,,,,,,,,,,,,2.2047712263884023e-05,,0.0051593780517578125,,0.0057785725221037865,,0.02012106031179428,,0.013402680866420269,,0.01745680719614029,,0.020143108442425728
,,1042,,,,,,,,,,,,,,,,4.303267996874638e-05,,0.006809234619140625,,0.008073067292571068,,0.024184541776776314,,0.01412469707429409,,0.01913851872086525,,0.024227574467658997
,,1043,,,,,,,,,,,,,,,,4.718259151559323e-05,,0.008453369140625,,0.008453369140625,,0.01643601804971695,,0.012392190285027027,,0.015777479857206345,,0.01648320071399212
35,,4571,,,,,,,,,,,,,,,4.568644362734631e-05,,0.006690741516649723,,0.008057945407927036,,0.025724714621901512,,0.014698988758027554,,0.019621044397354126,,0.025490183383226395,
35,,4571,0.0033698780462145805,,0.05497097223997116,,0.05696520954370499,,0.04780363664031029,,0.019612370058894157,,0.02645995281636715,,0.0511714406311512,,,,,,,,,,,,,,,
,0.0005,4572,,,,,,,,,,,,,,,,,,,,,,,,,,,,
36,,4579,,0.006716358475387096,,0.10025215148925781,,0.10085941851139069,,0.04358001798391342,,0.019485019147396088,,0.025691121816635132,,0.05029637739062309,,,,,,,,,,,,,,
36,,4589,,0.0001818390446715057,,0.01392364501953125,,0.01659562438726425,,0.060319188982248306,,0.022402971982955933,,0.030225055292248726,,0.06050102785229683,,,,,,,,,,,,,,
36,,4599,,0.0014895063359290361,,0.043537139892578125,,0.04749678447842598,,0.04786171391606331,,0.01965252496302128,,0.026923619210720062,,0.04935121908783913,,,,,,,,,,,,,,
36,,4609,,0.0002340282080695033,,0.015692710876464844,,0.018828222528100014,,0.03441912308335304,,0.016875209286808968,,0.02283175103366375,,0.03465314954519272,,,,,,,,,,,,,,
36,,4619,,0.00011588094639591873,,0.011343002319335938,,0.013249412178993225,,0.031707003712654114,,0.0165568757802248,,0.021913759410381317,,0.03182288631796837,,,,,,,,,,,,,,
36,,4629,,0.00020059518283233047,,0.014557838439941406,,0.017429949715733528,,0.036924269050359726,,0.0178552083671093,,0.023648053407669067,,0.037124864757061005,,,,,,,,,,,,,,
36,,4639,,0.001402548048645258,,0.044899940490722656,,0.046086475253105164,,0.03122832253575325,,0.016837334260344505,,0.021747715771198273,,0.03263087198138237,,,,,,,,,,,,,,
36,,4649,,8.635719132144004e-05,,0.008754730224609375,,0.01143532246351242,,0.031243957579135895,,0.016557633876800537,,0.021753158420324326,,0.03133031353354454,,,,,,,,,,,,,,
36,,4659,,0.001752721844241023,,0.050314903259277344,,0.05152174457907677,,0.03003900684416294,,0.016036605462431908,,0.021329572424292564,,0.03179172798991203,,,,,,,,,,,,,,
36,,4669,,0.001692598802037537,,0.050332069396972656,,0.05063127353787422,,0.02631971798837185,,0.015269141644239426,,0.019965488463640213,,0.028012316673994064,,,,,,,,,,,,,,
36,,4679,,0.00015376578085124493,,0.013219833374023438,,0.015259522944688797,,0.027317071333527565,,0.015878234058618546,,0.02034025639295578,,0.02747083641588688,,,,,,,,,,,,,,
36,,4689,,9.505101479589939e-05,,0.009404182434082031,,0.011998538859188557,,0.0263481717556715,,0.015455234795808792,,0.019976280629634857,,0.026443222537636757,,,,,,,,,,,,,,
,,1044,,,,,,,,,,,,,,,,0.00010844864300452173,,0.0088348388671875,,0.0128159886226058,,0.023753253743052483,,0.014377550221979618,,0.018967097625136375,,0.023861702531576157
,,1045,,,,,,,,,,,,,,,,1.2978526683582459e-05,,0.00372314453125,,0.004433551337569952,,0.02658415213227272,,0.01539005246013403,,0.020065536722540855,,0.02659713104367256
,,1046,,,,,,,,,,,,,,,,3.891583037329838e-05,,0.0070247650146484375,,0.007677190005779266,,0.03162689507007599,,0.015484435483813286,,0.021886058151721954,,0.03166580945253372
,,1047,,,,,,,,,,,,,,,,3.725304122781381e-05,,0.0064678192138671875,,0.007511391770094633,,0.030761873349547386,,0.01596812717616558,,0.021584682166576385,,0.030799126252532005
,,1048,,,,,,,,,,,,,,,,1.7093505448428914e-05,,0.004405975341796875,,0.005088085308670998,,0.023748770356178284,,0.013860369101166725,,0.018965307623147964,,0.023765863850712776
,,1049,,,,,,,,,,,,,,,,3.815308082266711e-05,,0.006496429443359375,,0.007601580582559109,,0.023677244782447815,,0.014677264727652073,,0.018936729058623314,,0.023715397343039513
,,1050,,,,,,,,,,,,,,,,3.921891038771719e-05,,0.006992340087890625,,0.007707021664828062,,0.022402672097086906,,0.014086256735026836,,0.018419982865452766,,0.022441890090703964
,,1051,,,,,,,,,,,,,,,,3.050330633413978e-05,,0.0052700042724609375,,0.0067969150841236115,,0.01675705797970295,,0.012164714746177197,,0.015930823981761932,,0.016787560656666756
,,1052,,,,,,,,,,,,,,,,5.2979798056185246e-05,,0.0071773529052734375,,0.008957655169069767,,0.02435416914522648,,0.014502333477139473,,0.019205518066883087,,0.024407148361206055
,,1053,,,,,,,,,,,,,,,,4.599442036123946e-05,,0.0073261260986328125,,0.008346249349415302,,0.024601206183433533,,0.014679359272122383,,0.019302673637866974,,0.024647200480103493
,,1054,,,,,,,,,,,,,,,,8.077108213910833e-05,,0.009033203125,,0.011060314252972603,,0.02196711301803589,,0.013603808358311653,,0.01824004016816616,,0.02204788476228714
,,1055,,,,,,,,,,,,,,,,5.303076250129379e-05,,0.00772857666015625,,0.00896192155778408,,0.03545859828591347,,0.016885967925190926,,0.02317395620048046,,0.03551162779331207
,,1056,,,,,,,,,,,,,,,,9.205422975355759e-05,,0.009456634521484375,,0.011807581409811974,,0.032728757709264755,,0.016726704314351082,,0.02226404845714569,,0.03282081335783005
,,1057,,,,,,,,,,,,,,,,5.511673225555569e-05,,0.0075817108154296875,,0.009136535227298737,,0.031068291515111923,,0.015885189175605774,,0.02169192023575306,,0.031123409047722816
,,1058,,,,,,,,,,,,,,,,9.080533345695585e-05,,0.009260177612304688,,0.01172723900526762,,0.0349336639046669,,0.01652567647397518,,0.02300177700817585,,0.03502446785569191
,,1059,,,,,,,,,,,,,,,,2.0762176063726656e-05,,0.00472259521484375,,0.0056075737811625,,0.01602480188012123,,0.011983170174062252,,0.015578861348330975,,0.01604556478559971
,,1060,,,,,,,,,,,,,,,,4.6862955059623346e-05,,0.0068950653076171875,,0.008424688130617142,,0.025880351662635803,,0.014904598705470562,,0.019798142835497856,,0.025927213951945305
,,1061,,,,,,,,,,,,,,,,3.702954563777894e-05,,0.00673675537109375,,0.007488816976547241,,0.017229462042450905,,0.01234269980341196,,0.016153816133737564,,0.017266491428017616
,,1062,,,,,,,,,,,,,,,,1.9886178051820025e-05,,0.0050754547119140625,,0.005487998481839895,,0.018400296568870544,,0.012602400034666061,,0.016693662852048874,,0.018420182168483734
,,1063,,,,,,,,,,,,,,,,1.6995469195535406e-05,,0.0044689178466796875,,0.005073498468846083,,0.02266320027410984,,0.01375199481844902,,0.018526777625083923,,0.022680195048451424
,,1064,,,,,,,,,,,,,,,,4.570184682961553e-05,,0.0060520172119140625,,0.008319680579006672,,0.03196196258068085,,0.016340672969818115,,0.022001689299941063,,0.03200766444206238
,,1065,,,,,,,,,,,,,,,,3.344324795762077e-05,,0.0065555572509765625,,0.0071169473230838776,,0.03031890094280243,,0.015962515026330948,,0.021428709849715233,,0.03035234473645687
,,1066,,,,,,,,,,,,,,,,2.20215388253564e-05,,0.0037078857421875,,0.005775144323706627,,0.01907697692513466,,0.012938220053911209,,0.01699785515666008,,0.019098998978734016
,,1067,,,,,,,,,,,,,,,,3.846819163300097e-05,,0.0060577392578125,,0.007632918655872345,,0.025526562705636024,,0.014899448491632938,,0.01966235414147377,,0.025565030053257942
,,1068,,,,,,,,,,,,,,,,2.6182035071542487e-05,,0.0055027008056640625,,0.006297114305198193,,0.025152627378702164,,0.014071681536734104,,0.01951780542731285,,0.025178808718919754
,,1069,,,,,,,,,,,,,,,,4.351965617388487e-05,,0.0073986053466796875,,0.00811860989779234,,0.022729283198714256,,0.013866383582353592,,0.01855377107858658,,0.02277280203998089
,,1070,,,,,,,,,,,,,,,,2.030047107837163e-05,,0.0049037933349609375,,0.005544903688132763,,0.019496330991387367,,0.01316105481237173,,0.017183663323521614,,0.019516631960868835
,,1071,,,,,,,,,,,,,,,,3.6745193938259035e-05,,0.006374359130859375,,0.007460014894604683,,0.02363387495279312,,0.013861661776900291,,0.01891937665641308,,0.023670619353652
,,1072,,,,,,,,,,,,,,,,3.9360642404062673e-05,,0.007720947265625,,0.007720947265625,,0.0154540641233325,,0.011891014873981476,,0.015298913232982159,,0.015493424609303474
36,,4698,,,,,,,,,,,,,,,4.2885541915893555e-05,,0.0064780679531395435,,0.007784612476825714,,0.02504711225628853,,0.014470779336988926,,0.019362308084964752,,0.02480045147240162,
36,,4698,0.0010199552634730935,,0.03114723041653633,,0.033369921147823334,,0.03713668882846832,,0.01748640090227127,,0.023373324424028397,,0.03815324604511261,,,,,,,,,,,,,,,
,0.0005,4699,,,,,,,,,,,,,,,,,,,,,,,,,,,,
37,,4699,,0.000764263968449086,,0.03288745880126953,,0.034023117274045944,,0.025025418028235435,,0.014816750772297382,,0.019468393176794052,,0.02578968182206154,,,,,,,,,,,,,,
37,,4709,,0.0012483845930546522,,0.041939735412597656,,0.04348056763410568,,0.03062531165778637,,0.01652378775179386,,0.02153671719133854,,0.03187369555234909,,,,,,,,,,,,,,
37,,4719,,0.00018473842646926641,,0.01486968994140625,,0.016727467998862267,,0.019960882142186165,,0.013603215105831623,,0.017387183383107185,,0.02014562115073204,,,,,,,,,,,,,,
37,,4729,,0.00033921434078365564,,0.021154403686523438,,0.02266688644886017,,0.029248828068375587,,0.01577402837574482,,0.021047165617346764,,0.029588041827082634,,,,,,,,,,,,,,
37,,4739,,0.0005880543030798435,,0.029047012329101562,,0.02984245866537094,,0.019462699070572853,,0.013315606862306595,,0.017168834805488586,,0.02005075290799141,,,,,,,,,,,,,,
37,,4749,,0.0008756478782743216,,0.035782814025878906,,0.03641615808010101,,0.0285060815513134,,0.015723899006843567,,0.02077820710837841,,0.029381729662418365,,,,,,,,,,,,,,
37,,4759,,5.2215073083061725e-05,,0.0065326690673828125,,0.0088924216106534,,0.03155066445469856,,0.017016546800732613,,0.0218596700578928,,0.031602878123521805,,,,,,,,,,,,,,
37,,4769,,0.00012685191177297384,,0.012323379516601562,,0.013860453851521015,,0.03650996834039688,,0.018084760755300522,,0.02351500280201435,,0.036636821925640106,,,,,,,,,,,,,,
37,,4779,,0.0014596499968320131,,0.04577064514160156,,0.04701773077249527,,0.05063045024871826,,0.018153710290789604,,0.027691420167684555,,0.052090100944042206,,,,,,,,,,,,,,
37,,4789,,0.0011153665836900473,,0.03967094421386719,,0.04110122099518776,,0.027879269793629646,,0.015246396884322166,,0.020548494532704353,,0.028994636610150337,,,,,,,,,,,,,,
37,,4799,,0.0005598895368166268,,0.0272064208984375,,0.02911999076604843,,0.043220773339271545,,0.018576066941022873,,0.025585006922483444,,0.04378066211938858,,,,,,,,,,,,,,
37,,4809,,0.0002055843942798674,,0.0165557861328125,,0.017646068707108498,,0.027409711852669716,,0.015575363300740719,,0.020374717190861702,,0.027615295723080635,,,,,,,,,,,,,,
37,,4819,,0.002353294286876917,,0.05890083312988281,,0.059700191020965576,,0.061870697885751724,,0.022164979949593544,,0.030611302703619003,,0.0642239898443222,,,,,,,,,,,,,,
,,1073,,,,,,,,,,,,,,,,8.27570038381964e-05,,0.0077953338623046875,,0.01119548175483942,,0.02294146455824375,,0.014076224528253078,,0.018640169873833656,,0.023024221882224083
,,1074,,,,,,,,,,,,,,,,1.2871280887338798e-05,,0.003948211669921875,,0.0044151851907372475,,0.025786209851503372,,0.015120652504265308,,0.019762098789215088,,0.025799080729484558
,,1075,,,,,,,,,,,,,,,,3.450449003139511e-05,,0.0065402984619140625,,0.007228977046906948,,0.032314933836460114,,0.01535695232450962,,0.02212284691631794,,0.03234943747520447
,,1076,,,,,,,,,,,,,,,,3.167105751344934e-05,,0.005947113037109375,,0.006925809662789106,,0.029272766783833504,,0.015514279715716839,,0.02105577476322651,,0.029304437339305878
,,1077,,,,,,,,,,,,,,,,1.4130349882179871e-05,,0.0038909912109375,,0.004626093897968531,,0.023963240906596184,,0.013627895154058933,,0.019050749018788338,,0.02397737093269825
,,1078,,,,,,,,,,,,,,,,3.487200228846632e-05,,0.00634002685546875,,0.007267373614013195,,0.02284110337495804,,0.014440652914345264,,0.01859935373067856,,0.02287597581744194
,,1079,,,,,,,,,,,,,,,,3.3377869840478525e-05,,0.0065155029296875,,0.007109969388693571,,0.02154824696481228,,0.013757987879216671,,0.018065303564071655,,0.021581625565886497
,,1080,,,,,,,,,,,,,,,,3.2738822483224794e-05,,0.0054473876953125,,0.007041571661829948,,0.01613261178135872,,0.011879290454089642,,0.01563117839396,,0.01616535149514675
,,1081,,,,,,,,,,,,,,,,4.853234349866398e-05,,0.0069675445556640625,,0.008573431521654129,,0.023304196074604988,,0.014170993119478226,,0.018786953762173653,,0.02335272915661335
,,1082,,,,,,,,,,,,,,,,4.942109080730006e-05,,0.007495880126953125,,0.008651564829051495,,0.02366543561220169,,0.014354282990098,,0.018932005390524864,,0.023714857175946236
,,1083,,,,,,,,,,,,,,,,7.591345638502389e-05,,0.00830841064453125,,0.010722559876739979,,0.021125109866261482,,0.013343521393835545,,0.01788705587387085,,0.02120102383196354
,,1084,,,,,,,,,,,,,,,,4.396574149723165e-05,,0.0070781707763671875,,0.008160102181136608,,0.03382008895277977,,0.016447147354483604,,0.022632194682955742,,0.03386405482888222
,,1085,,,,,,,,,,,,,,,,0.00010656062659109011,,0.010480880737304688,,0.01270393468439579,,0.03067454881966114,,0.016228381544351578,,0.02155402861535549,,0.030781108886003494
,,1086,,,,,,,,,,,,,,,,5.7442775869276375e-05,,0.007568359375,,0.009327292442321777,,0.03010113351047039,,0.015679042786359787,,0.021351614966988564,,0.030158575624227524
,,1087,,,,,,,,,,,,,,,,7.594072667416185e-05,,0.0084686279296875,,0.01072450540959835,,0.034255482256412506,,0.016258185729384422,,0.022777415812015533,,0.03433142229914665
,,1088,,,,,,,,,,,,,,,,1.936587614181917e-05,,0.0043659210205078125,,0.0054157390259206295,,0.015375555492937565,,0.011742329224944115,,0.015260007232427597,,0.015394921414554119
,,1089,,,,,,,,,,,,,,,,4.272007936378941e-05,,0.0065021514892578125,,0.008043667301535606,,0.024864399805665016,,0.014602834358811378,,0.019405657425522804,,0.024907119572162628
,,1090,,,,,,,,,,,,,,,,3.159962216159329e-05,,0.0060787200927734375,,0.006917995400726795,,0.016500631347298622,,0.012041974812746048,,0.015808461233973503,,0.016532231122255325
,,1091,,,,,,,,,,,,,,,,1.6815993149066344e-05,,0.0045452117919921875,,0.005046603735536337,,0.017702830955386162,,0.012363563291728497,,0.016374221071600914,,0.01771964691579342
,,1092,,,,,,,,,,,,,,,,1.5764308045618236e-05,,0.0042896270751953125,,0.004886259324848652,,0.02192843332886696,,0.013510932214558125,,0.018223972991108894,,0.0219441968947649
,,1093,,,,,,,,,,,,,,,,4.3638123315759e-05,,0.0060596466064453125,,0.008129664696753025,,0.03081488236784935,,0.016120022162795067,,0.02160327509045601,,0.030858520418405533
,,1094,,,,,,,,,,,,,,,,2.8912781999679282e-05,,0.00608062744140625,,0.006617359817028046,,0.029124790802598,,0.015710821375250816,,0.02100248634815216,,0.029153702780604362
,,1095,,,,,,,,,,,,,,,,1.9321683794260025e-05,,0.00335693359375,,0.005409558303654194,,0.018422110006213188,,0.012688221409916878,,0.016703559085726738,,0.01844143122434616
,,1096,,,,,,,,,,,,,,,,3.109738463535905e-05,,0.0054073333740234375,,0.0068627940490841866,,0.02455528825521469,,0.014632213860750198,,0.019284654408693314,,0.024586385115981102
,,1097,,,,,,,,,,,,,,,,2.4598675736342557e-05,,0.00510406494140625,,0.006103720515966415,,0.02417922578752041,,0.013748756609857082,,0.01913641206920147,,0.024203823879361153
,,1098,,,,,,,,,,,,,,,,4.357819852884859e-05,,0.007556915283203125,,0.008124051615595818,,0.021546561270952225,,0.013480822555720806,,0.018064597621560097,,0.021590139716863632
,,1099,,,,,,,,,,,,,,,,1.8968494259752333e-05,,0.004718780517578125,,0.00535989785566926,,0.018864192068576813,,0.01286741066724062,,0.01690279133617878,,0.01888316124677658
,,1100,,,,,,,,,,,,,,,,3.3511489164084196e-05,,0.006114959716796875,,0.007124199997633696,,0.02289513312280178,,0.013631843030452728,,0.01862133853137493,,0.022928643971681595
,,1101,,,,,,,,,,,,,,,,3.7819656427018344e-05,,0.007568359375,,0.007568359375,,0.014242244884371758,,0.011290711350739002,,0.014686846174299717,,0.014280064962804317
37,,4825,,,,,,,,,,,,,,,3.944248237530701e-05,,0.006183810532093048,,0.00745462765917182,,0.02418847568333149,,0.014179862104356289,,0.0190249253064394,,0.02392776869237423,
37,,4825,0.0014212866080924869,,0.037085168063640594,,0.03897237032651901,,0.03421243280172348,,0.016696041449904442,,0.022381776943802834,,0.03563489392399788,,,,,,,,,,,,,,,
,0.0005,4826,,,,,,,,,,,,,,,,,,,,,,,,,,,,
38,,4829,,0.01143054198473692,,0.13060665130615234,,0.13157354295253754,,0.05116346478462219,,0.02105070650577545,,0.027836797758936882,,0.06259400397539139,,,,,,,,,,,,,,
38,,4839,,0.02125839702785015,,0.1788473129272461,,0.1794319450855255,,0.05474592372775078,,0.02178613282740116,,0.028794877231121063,,0.07600431889295578,,,,,,,,,,,,,,
38,,4849,,0.018488116562366486,,0.16709136962890625,,0.1673353612422943,,0.03215974569320679,,0.016932787373661995,,0.02206965908408165,,0.05064786225557327,,,,,,,,,,,,,,
38,,4859,,0.023873021826148033,,0.18990325927734375,,0.19014713168144226,,0.02776062674820423,,0.015638642013072968,,0.020504726096987724,,0.051633648574352264,,,,,,,,,,,,,,
38,,4869,,0.029203742742538452,,0.20973968505859375,,0.2103116363286972,,0.03631867468357086,,0.016767259687185287,,0.02345331944525242,,0.06552241742610931,,,,,,,,,,,,,,
38,,4879,,0.017238188534975052,,0.16114044189453125,,0.1615820825099945,,0.04194935783743858,,0.018934089690446854,,0.025205884128808975,,0.059187546372413635,,,,,,,,,,,,,,
38,,4889,,0.00015433391672559083,,0.013268470764160156,,0.01528751477599144,,0.04649133235216141,,0.018672075122594833,,0.026535386219620705,,0.046645667403936386,,,,,,,,,,,,,,
38,,4899,,0.00046386936446651816,,0.024274826049804688,,0.026507098227739334,,0.092524453997612,,0.026601795107126236,,0.03743411600589752,,0.09298831969499588,,,,,,,,,,,,,,
38,,4909,,0.018119044601917267,,0.16434574127197266,,0.1656559854745865,,0.050230707973241806,,0.02029038965702057,,0.02758188545703888,,0.06834974884986877,,,,,,,,,,,,,,
38,,4919,,0.033636465668678284,,0.2253713607788086,,0.22570589184761047,,0.04475143551826477,,0.019773581996560097,,0.026034114882349968,,0.07838790118694305,,,,,,,,,,,,,,
38,,4929,,0.016241062432527542,,0.156402587890625,,0.15683557093143463,,0.038267333060503006,,0.018274692818522453,,0.024074282497167587,,0.05450839549303055,,,,,,,,,,,,,,
38,,4939,,0.005829846020787954,,0.09306907653808594,,0.09396586567163467,,0.06877507269382477,,0.024157056584954262,,0.03227414935827255,,0.07460492104291916,,,,,,,,,,,,,,
38,,4949,,0.03865678608417511,,0.2417764663696289,,0.24196402728557587,,0.04213801026344299,,0.018831077963113785,,0.02526250295341015,,0.0807947963476181,,,,,,,,,,,,,,
,,1102,,,,,,,,,,,,,,,,0.00012152390991104767,,0.009668350219726562,,0.013566604815423489,,0.022304009646177292,,0.013737546280026436,,0.01837937720119953,,0.022425534203648567
,,1103,,,,,,,,,,,,,,,,1.736043304845225e-05,,0.0043468475341796875,,0.005127659998834133,,0.025995178148150444,,0.015082468278706074,,0.019842011854052544,,0.026012538000941277
,,1104,,,,,,,,,,,,,,,,5.1272330892970785e-05,,0.008195877075195312,,0.00881213042885065,,0.03157816827297211,,0.015177740715444088,,0.021869193762540817,,0.03162943944334984
,,1105,,,,,,,,,,,,,,,,4.520793299889192e-05,,0.0062160491943359375,,0.008274589665234089,,0.0298491008579731,,0.015597619116306305,,0.021262040361762047,,0.029894309118390083
,,1106,,,,,,,,,,,,,,,,3.487753929221071e-05,,0.0065937042236328125,,0.0072679524309933186,,0.02367095649242401,,0.013525150716304779,,0.018934212625026703,,0.02370583452284336
,,1107,,,,,,,,,,,,,,,,3.88601838494651e-05,,0.0056972503662109375,,0.007671710103750229,,0.0225272998213768,,0.014396613463759422,,0.01847115159034729,,0.022566160187125206
,,1108,,,,,,,,,,,,,,,,5.5374235671479255e-05,,0.0077724456787109375,,0.009157836437225342,,0.021306945011019707,,0.013570183888077736,,0.017963871359825134,,0.021362319588661194
,,1109,,,,,,,,,,,,,,,,3.282487887190655e-05,,0.0061283111572265625,,0.007050834130495787,,0.015881819650530815,,0.011831658892333508,,0.015509202145040035,,0.015914645045995712
,,1110,,,,,,,,,,,,,,,,8.002413233043626e-05,,0.008172988891601562,,0.011009064503014088,,0.02310306392610073,,0.014054672792553902,,0.0187057051807642,,0.02318308874964714
,,1111,,,,,,,,,,,,,,,,6.140637560747564e-05,,0.008243560791015625,,0.009643732570111752,,0.023189809173345566,,0.014181705191731453,,0.018740788102149963,,0.023251214995980263
,,1112,,,,,,,,,,,,,,,,8.210571832023561e-05,,0.010303497314453125,,0.01115131750702858,,0.02088475599884987,,0.013222639448940754,,0.017785005271434784,,0.02096686139702797
,,1113,,,,,,,,,,,,,,,,8.7130450992845e-05,,0.010873794555664062,,0.011487452313303947,,0.03324825316667557,,0.016334859654307365,,0.022440046072006226,,0.03333538398146629
,,1114,,,,,,,,,,,,,,,,0.00013740896247327328,,0.012115478515625,,0.014426048845052719,,0.03008248656988144,,0.016010241582989693,,0.021345002576708794,,0.030219895765185356
,,1115,,,,,,,,,,,,,,,,6.359055987559259e-05,,0.008136749267578125,,0.009813765063881874,,0.031564317643642426,,0.015806540846824646,,0.021864397451281548,,0.03162790834903717
,,1116,,,,,,,,,,,,,,,,0.0001225583255290985,,0.010927200317382812,,0.013624205254018307,,0.03437095135450363,,0.016141904518008232,,0.022815771400928497,,0.03449350968003273
,,1117,,,,,,,,,,,,,,,,3.059229493374005e-05,,0.0061359405517578125,,0.006806833203881979,,0.014888978563249111,,0.011512922123074532,,0.015016606077551842,,0.01491957064718008
,,1118,,,,,,,,,,,,,,,,7.447475218214095e-05,,0.009271621704101562,,0.010620463639497757,,0.024809984490275383,,0.014616033993661404,,0.019384413957595825,,0.024884458631277084
,,1119,,,,,,,,,,,,,,,,5.9634527133312076e-05,,0.008495330810546875,,0.00950359832495451,,0.016354434192180634,,0.01201329194009304,,0.015738273039460182,,0.016414068639278412
,,1120,,,,,,,,,,,,,,,,3.396260945009999e-05,,0.0063934326171875,,0.007171995937824249,,0.01729985699057579,,0.012203029356896877,,0.016186784952878952,,0.017333820462226868
,,1121,,,,,,,,,,,,,,,,3.822809594566934e-05,,0.006893157958984375,,0.007609042804688215,,0.021637873724102974,,0.013436106033623219,,0.01810283772647381,,0.02167610265314579
,,1122,,,,,,,,,,,,,,,,5.8774996432475746e-05,,0.007488250732421875,,0.00943487137556076,,0.030321530997753143,,0.016006413847208023,,0.02142963744699955,,0.030380306765437126
,,1123,,,,,,,,,,,,,,,,5.587995474343188e-05,,0.008691787719726562,,0.009199577383697033,,0.02866317145526409,,0.015681585296988487,,0.020835382863879204,,0.02871905080974102
,,1124,,,,,,,,,,,,,,,,3.662238668766804e-05,,0.0059032440185546875,,0.007447530049830675,,0.018260031938552856,,0.012601916678249836,,0.016629917547106743,,0.018296653404831886
,,1125,,,,,,,,,,,,,,,,6.008027048665099e-05,,0.00826263427734375,,0.009539059363305569,,0.024218179285526276,,0.014519338496029377,,0.01915181800723076,,0.02427825890481472
,,1126,,,,,,,,,,,,,,,,3.0893417715560645e-05,,0.006359100341796875,,0.006840253248810768,,0.024692926555871964,,0.013831252232193947,,0.01933862268924713,,0.024723820388317108
,,1127,,,,,,,,,,,,,,,,5.8810408518183976e-05,,0.0076770782470703125,,0.009437707252800465,,0.021410543471574783,,0.013347635976970196,,0.018007490783929825,,0.0214693546295166
,,1128,,,,,,,,,,,,,,,,2.2607391656492837e-05,,0.0050601959228515625,,0.005851454567164183,,0.01888956129550934,,0.012787314131855965,,0.01691415347158909,,0.018912168219685555
,,1129,,,,,,,,,,,,,,,,4.253340739523992e-05,,0.006954193115234375,,0.008026101626455784,,0.022442499175667763,,0.013538241386413574,,0.01843634806573391,,0.02248503267765045
,,1130,,,,,,,,,,,,,,,,6.375730299623683e-05,,0.00982666015625,,0.00982666015625,,0.014555449597537518,,0.011477051302790642,,0.014847459271550179,,0.014619207009673119
38,,4952,,,,,,,,,,,,,,,5.84032095503062e-05,,0.007758449763059616,,0.009130729362368584,,0.02400946244597435,,0.01408715546131134,,0.018949542194604874,,0.023782778531312943,
38,,4952,0.02011007070541382,,0.15916015207767487,,0.1601760983467102,,0.050816841423511505,,0.02033635787665844,,0.027252165600657463,,0.07092108577489853,,,,,,,,,,,,,,,
,0.0005,4953,,,,,,,,,,,,,,,,,,,,,,,,,,,,
39,,4959,,0.024603482335805893,,0.19104862213134766,,0.1930350512266159,,0.09053628146648407,,0.02652963623404503,,0.03702974319458008,,0.11513976752758026,,,,,,,,,,,,,,
39,,4969,,0.02823709324002266,,0.20620059967041016,,0.20679877698421478,,0.11812213063240051,,0.02941376529633999,,0.04229654744267464,,0.14635922014713287,,,,,,,,,,,,,,
39,,4979,,0.0014287761878222227,,0.036515235900878906,,0.04651658236980438,,0.2851752042770386,,0.052223023027181625,,0.06571964919567108,,0.28660398721694946,,,,,,,,,,,,,,
39,,4989,,0.004192262887954712,,0.07823753356933594,,0.07968252897262573,,0.11393390595912933,,0.03150958567857742,,0.04153994098305702,,0.11812616884708405,,,,,,,,,,,,,,
39,,4999,,0.0008405482512898743,,0.032283782958984375,,0.03567984700202942,,0.12290199846029282,,0.031401317566633224,,0.04314384236931801,,0.12374254316091537,,,,,,,,,,,,,,
39,,5009,,0.004284054972231388,,0.0785970687866211,,0.08055121451616287,,0.11769140511751175,,0.02950664609670639,,0.0422193668782711,,0.12197545915842056,,,,,,,,,,,,,,
39,,5019,,0.0026023793034255505,,0.06162261962890625,,0.06278196722269058,,0.050349488854408264,,0.018341783434152603,,0.027614472433924675,,0.0529518686234951,,,,,,,,,,,,,,
39,,5029,,0.0009012905065901577,,0.0350189208984375,,0.03694615140557289,,0.04857693612575531,,0.020259832963347435,,0.02712404355406761,,0.04947822540998459,,,,,,,,,,,,,,
39,,5039,,0.0001238768600160256,,0.010690689086914062,,0.013697929680347443,,0.0386095866560936,,0.018624303862452507,,0.024181704968214035,,0.03873346373438835,,,,,,,,,,,,,,
39,,5049,,0.0002742385840974748,,0.018373489379882812,,0.02037815935909748,,0.03606787696480751,,0.017391199246048927,,0.02337220497429371,,0.036342114210128784,,,,,,,,,,,,,,
39,,5059,,0.0002787357079796493,,0.015786170959472656,,0.020546529442071915,,0.04712654650211334,,0.019716300070285797,,0.026716044172644615,,0.04740528389811516,,,,,,,,,,,,,,
39,,5069,,0.0002968552289530635,,0.018029212951660156,,0.021203577518463135,,0.0450868234038353,,0.01925911195576191,,0.026131488382816315,,0.04538367688655853,,,,,,,,,,,,,,
39,,5079,,0.00038066651904955506,,0.01793721504509449,,0.024010181427001953,,0.04293407127261162,,0.018840063363313675,,0.025500012561678886,,0.04331473633646965,,,,,,,,,,,,,,
,,1131,,,,,,,,,,,,,,,,0.00011480977991595864,,0.0088958740234375,,0.013186465948820114,,0.022924039512872696,,0.01395675353705883,,0.01863308809697628,,0.023038849234580994
,,1132,,,,,,,,,,,,,,,,1.2529324521892704e-05,,0.0035495758056640625,,0.004356160294264555,,0.02594977244734764,,0.015079135075211525,,0.01982467621564865,,0.025962302461266518
,,1133,,,,,,,,,,,,,,,,5.030171450925991e-05,,0.008062362670898438,,0.008728318847715855,,0.0309959314763546,,0.01525371428579092,,0.021666642278432846,,0.03104623407125473
,,1134,,,,,,,,,,,,,,,,3.5693698009708896e-05,,0.005809783935546875,,0.007352500222623348,,0.031252771615982056,,0.016027793288230896,,0.021756229922175407,,0.03128846362233162
,,1135,,,,,,,,,,,,,,,,2.7115167540614493e-05,,0.00568389892578125,,0.006408346351236105,,0.023679591715335846,,0.013591555878520012,,0.018937667831778526,,0.0237067062407732
,,1136,,,,,,,,,,,,,,,,3.0156486900523305e-05,,0.005214691162109375,,0.00675818370655179,,0.022363387048244476,,0.014303965494036674,,0.018403828144073486,,0.022393543273210526
,,1137,,,,,,,,,,,,,,,,4.827641532756388e-05,,0.007289886474609375,,0.008550798520445824,,0.020831966772675514,,0.0134629150852561,,0.017762519419193268,,0.020880242809653282
,,1138,,,,,,,,,,,,,,,,2.8766724426532164e-05,,0.0057582855224609375,,0.006600610446184874,,0.015654683113098145,,0.011762307956814766,,0.015397898852825165,,0.015683449804782867
,,1139,,,,,,,,,,,,,,,,6.46354747004807e-05,,0.0073146820068359375,,0.009894073009490967,,0.023123448714613914,,0.014013374224305153,,0.018713952973484993,,0.023188084363937378
,,1140,,,,,,,,,,,,,,,,6.349787872750312e-05,,0.00836181640625,,0.00980660691857338,,0.02447023056447506,,0.014450463466346264,,0.019251225516200066,,0.024533728137612343
,,1141,,,,,,,,,,,,,,,,7.923263183329254e-05,,0.009813308715820312,,0.01095446478575468,,0.020730646327137947,,0.013179779052734375,,0.017719266936182976,,0.020809879526495934
,,1142,,,,,,,,,,,,,,,,9.316272917203605e-05,,0.010576248168945312,,0.011878431774675846,,0.03268221765756607,,0.016237905248999596,,0.02224821038544178,,0.032775379717350006
,,1143,,,,,,,,,,,,,,,,0.00012870166392531246,,0.01206207275390625,,0.013961495831608772,,0.03125797212123871,,0.016335705295205116,,0.02175804227590561,,0.03138667345046997
,,1144,,,,,,,,,,,,,,,,5.313143628882244e-05,,0.007320404052734375,,0.008970438502728939,,0.030222101137042046,,0.01567157357931137,,0.02139447070658207,,0.03027523308992386
,,1145,,,,,,,,,,,,,,,,0.0001297890703426674,,0.011272430419921875,,0.014020348899066448,,0.0337369367480278,,0.01603071205317974,,0.022604359313845634,,0.033866725862026215
,,1146,,,,,,,,,,,,,,,,2.47203279286623e-05,,0.00522613525390625,,0.006118802819401026,,0.014561965130269527,,0.01138475351035595,,0.014850784093141556,,0.014586685225367546
,,1147,,,,,,,,,,,,,,,,6.961241160752252e-05,,0.008958816528320312,,0.010267902165651321,,0.024694938212633133,,0.01453949324786663,,0.019339414313435555,,0.02476455084979534
,,1148,,,,,,,,,,,,,,,,4.377677396405488e-05,,0.007465362548828125,,0.008142558857798576,,0.01632319763302803,,0.01203428115695715,,0.01572323590517044,,0.016366973519325256
,,1149,,,,,,,,,,,,,,,,2.768631384242326e-05,,0.006008148193359375,,0.006475459784269333,,0.01724657416343689,,0.012187114916741848,,0.01616184040904045,,0.01727426052093506
,,1150,,,,,,,,,,,,,,,,3.0452929422608577e-05,,0.0062503814697265625,,0.006791337393224239,,0.021920669823884964,,0.013546946458518505,,0.018220752477645874,,0.02195112220942974
,,1151,,,,,,,,,,,,,,,,4.1657796828076243e-05,,0.0062007904052734375,,0.007943080738186836,,0.030199799686670303,,0.015930073335766792,,0.021386578679084778,,0.030241457745432854
,,1152,,,,,,,,,,,,,,,,4.821552283829078e-05,,0.007944107055664062,,0.008545403368771076,,0.02853892743587494,,0.015672411769628525,,0.02079017460346222,,0.02858714386820793
,,1153,,,,,,,,,,,,,,,,3.372587525518611e-05,,0.0051326751708984375,,0.007146945223212242,,0.0183703750371933,,0.012657041661441326,,0.01668008603155613,,0.018404100090265274
,,1154,,,,,,,,,,,,,,,,4.271233410690911e-05,,0.006862640380859375,,0.008042974397540092,,0.02410714328289032,,0.014451262541115284,,0.019107867032289505,,0.024149855598807335
,,1155,,,,,,,,,,,,,,,,2.9844541131751612e-05,,0.0062160491943359375,,0.006723139435052872,,0.024407047778367996,,0.013840737752616405,,0.019226349890232086,,0.024436892941594124
,,1156,,,,,,,,,,,,,,,,6.261452654143795e-05,,0.008258819580078125,,0.009738144464790821,,0.021542100235819817,,0.013423838652670383,,0.018062731251120567,,0.021604714915156364
,,1157,,,,,,,,,,,,,,,,2.217431756434962e-05,,0.00531768798828125,,0.0057951719500124454,,0.019123565405607224,,0.012886123731732368,,0.017018595710396767,,0.019145740196108818
,,1158,,,,,,,,,,,,,,,,3.496987483231351e-05,,0.0066585540771484375,,0.007277572527527809,,0.021820345893502235,,0.013400574214756489,,0.01817900687456131,,0.021855315193533897
,,1159,,,,,,,,,,,,,,,,3.691027086460963e-05,,0.007476806640625,,0.007476806640625,,0.015308079309761524,,0.011716882698237896,,0.015226488001644611,,0.015344989486038685
39,,5079,,,,,,,,,,,,,,,5.2500541642075405e-05,,0.0072682700119912624,,0.008582055568695068,,0.023987408727407455,,0.014107625000178814,,0.018941253423690796,,0.023777559399604797,
39,,5079,0.004806815180927515,,0.05708068981766701,,0.05998930335044861,,0.0773949846625328,,0.023925814777612686,,0.03233921900391579,,0.08218266814947128,,,,,,,,,,,,,,,
,0.0005,5080,,,,,,,,,,,,,,,,,,,,,,,,,,,,
40,,5089,,0.00032815011218190193,,0.01820850372314453,,0.02229268290102482,,0.08283260464668274,,0.025541266426444054,,0.03541930392384529,,0.08316075801849365,,,,,,,,,,,,,,
40,,5099,,0.00035222916631028056,,0.020491600036621094,,0.023097949102520943,,0.0729890912771225,,0.02400612272322178,,0.03324820473790169,,0.07334131747484207,,,,,,,,,,,,,,
40,,5109,,0.0001488512207288295,,0.011854171752929688,,0.015013246797025204,,0.0581030510365963,,0.022179273888468742,,0.029664620757102966,,0.05825190246105194,,,,,,,,,,,,,,
40,,5119,,0.0001827614614740014,,0.013920783996582031,,0.016638899222016335,,0.049434468150138855,,0.02064945362508297,,0.027362404391169548,,0.049617230892181396,,,,,,,,,,,,,,
40,,5129,,0.00020170860807411373,,0.01454925537109375,,0.017479827627539635,,0.03131168708205223,,0.016927216202020645,,0.021776726469397545,,0.03151339665055275,,,,,,,,,,,,,,
40,,5139,,0.00023282942129299045,,0.017034530639648438,,0.01877618581056595,,0.027864178642630577,,0.015532930381596088,,0.020542936399579048,,0.028097007423639297,,,,,,,,,,,,,,
40,,5149,,0.00020740233594551682,,0.014901161193847656,,0.01772468537092209,,0.03982856497168541,,0.01863710954785347,,0.024560468271374702,,0.04003596678376198,,,,,,,,,,,,,,
40,,5159,,0.00028214629855938256,,0.019524574279785156,,0.020670734345912933,,0.027164217084646225,,0.015834931284189224,,0.02028326876461506,,0.027446363121271133,,,,,,,,,,,,,,
40,,5169,,0.00011105940211564302,,0.010478019714355469,,0.012968715280294418,,0.03755350783467293,,0.017852377146482468,,0.023848693817853928,,0.037664566189050674,,,,,,,,,,,,,,
40,,5179,,0.00020821215002797544,,0.013666152954101562,,0.01775994338095188,,0.060450244694948196,,0.02074543572962284,,0.030257873237133026,,0.06065845862030983,,,,,,,,,,,,,,
40,,5189,,0.00012276082998141646,,0.010853767395019531,,0.013634308241307735,,0.03513063117861748,,0.01781930960714817,,0.023066533729434013,,0.03525339066982269,,,,,,,,,,,,,,
40,,5199,,3.352150088176131e-05,,0.0046634674072265625,,0.007127179764211178,,0.028194457292556763,,0.015879591926932335,,0.02066432125866413,,0.028227979317307472,,,,,,,,,,,,,,
,,1160,,,,,,,,,,,,,,,,8.907135634217411e-05,,0.00786590576171875,,0.011614717543125153,,0.022481292486190796,,0.013858567923307419,,0.018452277407050133,,0.02257036417722702
,,1161,,,,,,,,,,,,,,,,1.1444457413745113e-05,,0.0033550262451171875,,0.004163297824561596,,0.025354601442813873,,0.01486160233616829,,0.01959601417183876,,0.02536604553461075
,,1162,,,,,,,,,,,,,,,,3.873507375828922e-05,,0.00705718994140625,,0.007659349590539932,,0.02934618666768074,,0.014928529970347881,,0.021082160994410515,,0.029384922236204147
,,1163,,,,,,,,,,,,,,,,2.7123900508740917e-05,,0.0053234100341796875,,0.006409370340406895,,0.02964695729315281,,0.015695150941610336,,0.021189920604228973,,0.02967408113181591
,,1164,,,,,,,,,,,,,,,,1.924701064126566e-05,,0.0048580169677734375,,0.0053990865126252174,,0.022296475246548653,,0.013361738994717598,,0.018376266583800316,,0.022315721958875656
,,1165,,,,,,,,,,,,,,,,2.7971738745691255e-05,,0.0054111480712890625,,0.006508769933134317,,0.021910518407821655,,0.014181013219058514,,0.018216531723737717,,0.021938489750027657
,,1166,,,,,,,,,,,,,,,,3.895715417456813e-05,,0.0065288543701171875,,0.007681264076381922,,0.02063557133078575,,0.013364645652472973,,0.01767858862876892,,0.020674528554081917
,,1167,,,,,,,,,,,,,,,,2.911661795224063e-05,,0.0053806304931640625,,0.006640643812716007,,0.014944322407245636,,0.011556293815374374,,0.01504448801279068,,0.014973439276218414
,,1168,,,,,,,,,,,,,,,,5.513857468031347e-05,,0.006984710693359375,,0.009138339199125767,,0.022463081404566765,,0.013823205605149269,,0.01844480261206627,,0.0225182194262743
,,1169,,,,,,,,,,,,,,,,5.571886867983267e-05,,0.008167266845703125,,0.009186279028654099,,0.023291703313589096,,0.014127709902822971,,0.018781915307044983,,0.02334742248058319
,,1170,,,,,,,,,,,,,,,,7.159951201174408e-05,,0.009031295776367188,,0.010413434356451035,,0.02031746320426464,,0.013020427897572517,,0.0175417959690094,,0.02038906328380108
,,1171,,,,,,,,,,,,,,,,6.983545608818531e-05,,0.009136199951171875,,0.010284341871738434,,0.030599912628531456,,0.015685871243476868,,0.021527787670493126,,0.030669748783111572
,,1172,,,,,,,,,,,,,,,,0.00012296412023715675,,0.011774063110351562,,0.013646753504872322,,0.0299918781965971,,0.0159304179251194,,0.021312832832336426,,0.03011484257876873
,,1173,,,,,,,,,,,,,,,,5.4017258662497625e-05,,0.007595062255859375,,0.009044945240020752,,0.02977728098630905,,0.015571036376059055,,0.021236442029476166,,0.02983129769563675
,,1174,,,,,,,,,,,,,,,,9.768396557774395e-05,,0.009487152099609375,,0.01216328889131546,,0.03186602517962456,,0.015572397038340569,,0.021968647837638855,,0.031963709741830826
,,1175,,,,,,,,,,,,,,,,2.2537558834301308e-05,,0.0048828125,,0.005842412821948528,,0.014446946792304516,,0.011306189000606537,,0.014792017638683319,,0.01446948479861021
,,1176,,,,,,,,,,,,,,,,5.655657150782645e-05,,0.008062362670898438,,0.009255086071789265,,0.024341270327568054,,0.014469044283032417,,0.019200431182980537,,0.024397827684879303
,,1177,,,,,,,,,,,,,,,,3.524569910950959e-05,,0.0067291259765625,,0.0073062158189713955,,0.01566399820148945,,0.011775363236665726,,0.015402477234601974,,0.015699243173003197
,,1178,,,,,,,,,,,,,,,,2.24186442210339e-05,,0.00548553466796875,,0.005826974753290415,,0.01700935699045658,,0.012038497254252434,,0.016050301492214203,,0.017031775787472725
,,1179,,,,,,,,,,,,,,,,1.9963019440183416e-05,,0.0052356719970703125,,0.005498605314642191,,0.021121041849255562,,0.013213935308158398,,0.017885327339172363,,0.02114100567996502
,,1180,,,,,,,,,,,,,,,,3.519813253660686e-05,,0.0057621002197265625,,0.007301288656890392,,0.028856823220849037,,0.015561319887638092,,0.020905645564198494,,0.028892021626234055
,,1181,,,,,,,,,,,,,,,,3.5926605050917715e-05,,0.0068492889404296875,,0.007376470603048801,,0.02786824107170105,,0.01542587485164404,,0.02054443396627903,,0.027904167771339417
,,1182,,,,,,,,,,,,,,,,2.5499484763713554e-05,,0.0040607452392578125,,0.006214475724846125,,0.01807289570569992,,0.012601613998413086,,0.016544485464692116,,0.018098395317792892
,,1183,,,,,,,,,,,,,,,,3.710894088726491e-05,,0.0062999725341796875,,0.007496836129575968,,0.023229340091347694,,0.01409467775374651,,0.01875675655901432,,0.023266449570655823
,,1184,,,,,,,,,,,,,,,,2.245433279313147e-05,,0.005367279052734375,,0.00583161786198616,,0.023708343505859375,,0.013600258156657219,,0.018949158489704132,,0.023730797693133354
,,1185,,,,,,,,,,,,,,,,5.3368064982350916e-05,,0.007921218872070312,,0.008990404196083546,,0.020894166082143784,,0.013278685510158539,,0.017789015546441078,,0.02094753459095955
,,1186,,,,,,,,,,,,,,,,1.7556409147800878e-05,,0.0045719146728515625,,0.005156530998647213,,0.018635913729667664,,0.012727368623018265,,0.016800206154584885,,0.018653471022844315
,,1187,,,,,,,,,,,,,,,,2.5946526875486597e-05,,0.00580596923828125,,0.006268739700317383,,0.021678311750292778,,0.013354049995541573,,0.018119744956493378,,0.021704258397221565
,,1188,,,,,,,,,,,,,,,,3.2954976632026955e-05,,0.0070648193359375,,0.0070648193359375,,0.014866168610751629,,0.011488540098071098,,0.015005097724497318,,0.014899123460054398
40,,5206,,,,,,,,,,,,,,,4.346752757555805e-05,,0.006608819123357534,,0.0077938721515238285,,0.023193180561065674,,0.013881655409932137,,0.018633460626006126,,0.022985082119703293,
40,,5206,0.00039704141090624034,,0.0199231319129467,,0.02268119342625141,,0.04295112192630768,,0.01860332489013672,,0.02513248100876808,,0.043340399861335754,,,,,,,,,,,,,,,
,0.0005,5207,,,,,,,,,,,,,,,,,,,,,,,,,,,,
41,,5209,,0.0002681053592823446,,0.01857757568359375,,0.020150557160377502,,0.03470611944794655,,0.01665995828807354,,0.02292674407362938,,0.034974224865436554,,,,,,,,,,,,,,
41,,5219,,0.0003435439430177212,,0.017927169799804688,,0.02281324937939644,,0.054948922246694565,,0.020499268546700478,,0.02884821966290474,,0.055292464792728424,,,,,,,,,,,,,,
41,,5229,,8.362671360373497e-05,,0.007603645324707031,,0.011253179982304573,,0.03204372525215149,,0.016088850796222687,,0.0220298133790493,,0.03212735056877136,,,,,,,,,,,,,,
41,,5239,,4.369431553641334e-05,,0.006316184997558594,,0.008137480355799198,,0.034743066877126694,,0.01695653796195984,,0.02293894626200199,,0.034786760807037354,,,,,,,,,,,,,,
41,,5249,,0.00033231766428798437,,0.014592170715332031,,0.022435178980231285,,0.08058076351881027,,0.023863406851887703,,0.03493453562259674,,0.08091308176517487,,,,,,,,,,,,,,
41,,5259,,0.0001860415213741362,,0.013754844665527344,,0.016786836087703705,,0.07313898950815201,,0.023310335353016853,,0.033282335847616196,,0.0733250305056572,,,,,,,,,,,,,,
41,,5269,,0.0006499351002275944,,0.030518531799316406,,0.03137405961751938,,0.03366882726550102,,0.017735004425048828,,0.02258152887225151,,0.03431876376271248,,,,,,,,,,,,,,
41,,5279,,0.00043129047844558954,,0.022186279296875,,0.025558631867170334,,0.04758066684007645,,0.019246701151132584,,0.026844456791877747,,0.048011958599090576,,,,,,,,,,,,,,
41,,5289,,8.571091166231781e-05,,0.009207725524902344,,0.011393402703106403,,0.033500317484140396,,0.01694403775036335,,0.022524945437908173,,0.03358602896332741,,,,,,,,,,,,,,
41,,5299,,0.0008829344296827912,,0.03476905822753906,,0.03656769171357155,,0.03545152395963669,,0.017589395865797997,,0.023171642795205116,,0.036334458738565445,,,,,,,,,,,,,,
41,,5309,,0.0002986121107824147,,0.01783275604248047,,0.021266402676701546,,0.02794392593204975,,0.015524021349847317,,0.02057230845093727,,0.02824253775179386,,,,,,,,,,,,,,
41,,5319,,0.00030051020439714193,,0.020524978637695312,,0.0213331189006567,,0.03548351675271988,,0.017369233071804047,,0.02318209409713745,,0.035784028470516205,,,,,,,,,,,,,,
41,,5329,,0.00023802272335160524,,0.015567779541015625,,0.018987052142620087,,0.040315769612789154,,0.01830897107720375,,0.02471023239195347,,0.04055379331111908,,,,,,,,,,,,,,
,,1189,,,,,,,,,,,,,,,,7.371538958977908e-05,,0.0074138641357421875,,0.010566197335720062,,0.0217326320707798,,0.013608645647764206,,0.018142428249120712,,0.021806348115205765
,,1190,,,,,,,,,,,,,,,,1.3050639608991332e-05,,0.00377655029296875,,0.004445849452167749,,0.024865079671144485,,0.014713704586029053,,0.019405921921133995,,0.024878131225705147
,,1191,,,,,,,,,,,,,,,,3.5586170270107687e-05,,0.0068187713623046875,,0.007341406308114529,,0.028958430513739586,,0.014772159978747368,,0.020942414179444313,,0.028994016349315643
,,1192,,,,,,,,,,,,,,,,2.6155195882893167e-05,,0.005558013916015625,,0.006293876096606255,,0.02838829904794693,,0.015422222204506397,,0.020735235884785652,,0.02841445431113243
,,1193,,,,,,,,,,,,,,,,1.5305729903047904e-05,,0.00431060791015625,,0.0048146615736186504,,0.021713119000196457,,0.013178972527384758,,0.018134288489818573,,0.021728424355387688
,,1194,,,,,,,,,,,,,,,,2.535593739594333e-05,,0.0053005218505859375,,0.006196968257427216,,0.021475903689861298,,0.013990606181323528,,0.018034953624010086,,0.02150125987827778
,,1195,,,,,,,,,,,,,,,,3.4835655242204666e-05,,0.00620269775390625,,0.0072635761462152,,0.019795754924416542,,0.013102125376462936,,0.01731511391699314,,0.01983059011399746
,,1196,,,,,,,,,,,,,,,,3.0516412152792327e-05,,0.0054378509521484375,,0.006798400543630123,,0.014620974659919739,,0.011451373808085918,,0.01488084252923727,,0.014651491306722164
,,1197,,,,,,,,,,,,,,,,5.1061630074400455e-05,,0.0066280364990234375,,0.00879401620477438,,0.02203369326889515,,0.013698694296181202,,0.018267663195729256,,0.022084755823016167
,,1198,,,,,,,,,,,,,,,,5.563390004681423e-05,,0.00830841064453125,,0.009179296903312206,,0.022645365446805954,,0.014020957984030247,,0.018519487231969833,,0.022700998932123184
,,1199,,,,,,,,,,,,,,,,6.791447231080383e-05,,0.008714675903320312,,0.010141932405531406,,0.019159391522407532,,0.012673169374465942,,0.01703452877700329,,0.01922730542719364
,,1200,,,,,,,,,,,,,,,,6.616555765504017e-05,,0.008823394775390625,,0.010010468773543835,,0.030177205801010132,,0.015476557426154613,,0.02137858234345913,,0.030243370682001114
,,1201,,,,,,,,,,,,,,,,0.0001449239207431674,,0.012037277221679688,,0.014815249480307102,,0.028874581679701805,,0.01567353866994381,,0.020912079140543938,,0.02901950478553772
,,1202,,,,,,,,,,,,,,,,5.233569027041085e-05,,0.00714874267578125,,0.008902999572455883,,0.027623871341347694,,0.01506792102009058,,0.020454155281186104,,0.027676207944750786
,,1203,,,,,,,,,,,,,,,,9.498160216026008e-05,,0.008996963500976562,,0.011993872933089733,,0.03135525435209274,,0.01539842039346695,,0.021791867911815643,,0.03145023435354233
,,1204,,,,,,,,,,,,,,,,1.8778027879307047e-05,,0.004512786865234375,,0.005332903005182743,,0.014213497750461102,,0.011175074614584446,,0.014672016724944115,,0.014232276007533073
,,1205,,,,,,,,,,,,,,,,4.677924880525097e-05,,0.0073375701904296875,,0.008417170494794846,,0.023619573563337326,,0.014275562018156052,,0.01891365461051464,,0.023666352033615112
,,1206,,,,,,,,,,,,,,,,3.0573013646062464e-05,,0.0062656402587890625,,0.00680468650534749,,0.015260612592101097,,0.011578568257391453,,0.015202858485281467,,0.015291186049580574
,,1207,,,,,,,,,,,,,,,,1.960504232556559e-05,,0.0050868988037109375,,0.005449067801237106,,0.016455840319395065,,0.011857004836201668,,0.01578698679804802,,0.01647544465959072
,,1208,,,,,,,,,,,,,,,,2.0268475054763258e-05,,0.00518035888671875,,0.005540505982935429,,0.02080169878900051,,0.013106082566082478,,0.0177496075630188,,0.020821968093514442
,,1209,,,,,,,,,,,,,,,,3.799128899117932e-05,,0.0061969757080078125,,0.007585454266518354,,0.028111491352319717,,0.015352768823504448,,0.020633896812796593,,0.028149481862783432
,,1210,,,,,,,,,,,,,,,,3.06505971821025e-05,,0.0062656402587890625,,0.006813329178839922,,0.027683865278959274,,0.015261279419064522,,0.02047635428607464,,0.02771451510488987
,,1211,,,,,,,,,,,,,,,,2.123197009495925e-05,,0.0037994384765625,,0.0056706625036895275,,0.017563942819833755,,0.012414861470460892,,0.016309864819049835,,0.01758517511188984
,,1212,,,,,,,,,,,,,,,,3.566205850802362e-05,,0.0061550140380859375,,0.007349247578531504,,0.022796794772148132,,0.01396084576845169,,0.01858130469918251,,0.022832456976175308
,,1213,,,,,,,,,,,,,,,,2.2751282813260332e-05,,0.0053272247314453125,,0.005870061926543713,,0.022576723247766495,,0.013281526044011116,,0.01849139668047428,,0.02259947545826435
,,1214,,,,,,,,,,,,,,,,4.813174746232107e-05,,0.0076751708984375,,0.008537967689335346,,0.02076706662774086,,0.013212895020842552,,0.0177348293364048,,0.020815199241042137
,,1215,,,,,,,,,,,,,,,,1.8495507902116515e-05,,0.0047702789306640625,,0.005292653106153011,,0.017844941467046738,,0.012471768073737621,,0.016439812257885933,,0.0178634375333786
,,1216,,,,,,,,,,,,,,,,2.4140666937455535e-05,,0.0055103302001953125,,0.006046643014997244,,0.020854774862527847,,0.013116152957081795,,0.017772236838936806,,0.02087891474366188
,,1217,,,,,,,,,,,,,,,,3.858667332679033e-05,,0.0076446533203125,,0.0076446533203125,,0.013886063359677792,,0.011157015338540077,,0.01450203638523817,,0.01392464991658926
41,,5333,,,,,,,,,,,,,,,4.150827226112597e-05,,0.006418321281671524,,0.007581322453916073,,0.022531773895025253,,0.01367850974202156,,0.01836540922522545,,0.022312330082058907,
41,,5333,0.0004650521441362798,,0.020518885925412178,,0.023092219606041908,,0.04012160748243332,,0.018212055787444115,,0.024470066651701927,,0.04058929532766342,,,,,,,,,,,,,,,
,0.0005,5334,,,,,,,,,,,,,,,,,,,,,,,,,,,,
42,,5339,,0.00013477016182150692,,0.012041091918945312,,0.014288030564785004,,0.04805466905236244,,0.01988728903234005,,0.026977837085723877,,0.0481894388794899,,,,,,,,,,,,,,
42,,5349,,0.0015188779216259718,,0.04631519317626953,,0.04796191677451134,,0.0357368029654026,,0.01769830286502838,,0.02326468750834465,,0.03725568205118179,,,,,,,,,,,,,,
42,,5359,,7.078154885675758e-05,,0.009066581726074219,,0.010355303063988686,,0.02365550398826599,,0.014667942188680172,,0.018928028643131256,,0.023726286366581917,,,,,,,,,,,,,,
42,,5369,,0.00016726208559703082,,0.013739585876464844,,0.015919489786028862,,0.026593968272209167,,0.015533276833593845,,0.020069237798452377,,0.02676123008131981,,,,,,,,,,,,,,
42,,5379,,0.0007320037111639977,,0.03259754180908203,,0.03329652547836304,,0.027598848566412926,,0.015999771654605865,,0.020444894209504128,,0.02833085134625435,,,,,,,,,,,,,,
42,,5389,,0.00043120101327076554,,0.024503707885742188,,0.025555485859513283,,0.02936193160712719,,0.016042504459619522,,0.02108781971037388,,0.029793132096529007,,,,,,,,,,,,,,
42,,5399,,0.0003038182621821761,,0.019980430603027344,,0.02144930325448513,,0.034285157918930054,,0.017007237300276756,,0.02278728038072586,,0.034588977694511414,,,,,,,,,,,,,,
42,,5409,,5.3927054977975786e-05,,0.007161140441894531,,0.009037318639457226,,0.030663685873150826,,0.016260627657175064,,0.021550212055444717,,0.03071761317551136,,,,,,,,,,,,,,
42,,5419,,0.00013867102097719908,,0.0125732421875,,0.014491119422018528,,0.024107085540890694,,0.0144329983741045,,0.019107844680547714,,0.02424575574696064,,,,,,,,,,,,,,
42,,5429,,1.4650656339654233e-05,,0.003490447998046875,,0.0047120265662670135,,0.029488923028111458,,0.015944063663482666,,0.02113337256014347,,0.02950357459485531,,,,,,,,,,,,,,
42,,5439,,0.00020427403796929866,,0.01468658447265625,,0.017588745802640915,,0.030039845034480095,,0.01618538610637188,,0.021329866722226143,,0.030244119465351105,,,,,,,,,,,,,,
42,,5449,,8.404019172303379e-05,,0.008287429809570312,,0.011283090338110924,,0.03558935597538948,,0.016995025798678398,,0.023216644302010536,,0.03567339479923248,,,,,,,,,,,,,,
42,,5459,,0.00022440966858994216,,0.01641082763671875,,0.018435264006257057,,0.028325006365776062,,0.015797575935721397,,0.02071210741996765,,0.02854941599071026,,,,,,,,,,,,,,
,,1218,,,,,,,,,,,,,,,,6.362701242323965e-05,,0.0068302154541015625,,0.00981659535318613,,0.021493399515748024,,0.013583041727542877,,0.018042296171188354,,0.021557025611400604
,,1219,,,,,,,,,,,,,,,,1.248021908395458e-05,,0.0039520263671875,,0.004347596783190966,,0.024261649698019028,,0.014552329666912556,,0.019169002771377563,,0.024274129420518875
,,1220,,,,,,,,,,,,,,,,2.9295468266354874e-05,,0.00598907470703125,,0.0066609857603907585,,0.028040286153554916,,0.014502649195492268,,0.02060774900019169,,0.02806958183646202
,,1221,,,,,,,,,,,,,,,,2.5042396373464726e-05,,0.0054607391357421875,,0.0061585260555148125,,0.027046222239732742,,0.015116827562451363,,0.02023916319012642,,0.027071265503764153
,,1222,,,,,,,,,,,,,,,,1.0221193406323437e-05,,0.00336456298828125,,0.003934504929929972,,0.02141793817281723,,0.013032961636781693,,0.018010597676038742,,0.02142815850675106
,,1223,,,,,,,,,,,,,,,,2.459219285810832e-05,,0.0053081512451171875,,0.0061029172502458096,,0.02082417719066143,,0.013816212303936481,,0.01775919646024704,,0.020848769694566727
,,1224,,,,,,,,,,,,,,,,2.8741607820848003e-05,,0.005802154541015625,,0.00659771915525198,,0.019240960478782654,,0.012903298251330853,,0.017070753499865532,,0.019269702956080437
,,1225,,,,,,,,,,,,,,,,3.0179478926584125e-05,,0.0052700042724609375,,0.006760739255696535,,0.014088279567658901,,0.011216280050575733,,0.014607244171202183,,0.014118459075689316
,,1226,,,,,,,,,,,,,,,,4.400454054120928e-05,,0.006496429443359375,,0.008163723163306713,,0.020894870162010193,,0.013305003754794598,,0.017789311707019806,,0.020938875153660774
,,1227,,,,,,,,,,,,,,,,4.474577508517541e-05,,0.007434844970703125,,0.008232166059315205,,0.021537765860557556,,0.013716544024646282,,0.01806090958416462,,0.02158251218497753
,,1228,,,,,,,,,,,,,,,,6.084685810492374e-05,,0.0077915191650390625,,0.00959971733391285,,0.018631797283887863,,0.012446891516447067,,0.01679835468530655,,0.01869264431297779
,,1229,,,,,,,,,,,,,,,,4.5548233174486086e-05,,0.0070323944091796875,,0.008305652067065239,,0.029581930488348007,,0.01529661938548088,,0.021166671067476273,,0.0296274796128273
,,1230,,,,,,,,,,,,,,,,0.00013174863124731928,,0.011243820190429688,,0.014125803485512733,,0.02741747349500656,,0.015333612449467182,,0.020377598702907562,,0.027549222111701965
,,1231,,,,,,,,,,,,,,,,5.143533417140134e-05,,0.00713348388671875,,0.008826128207147121,,0.027088657021522522,,0.01485095452517271,,0.020255036652088165,,0.027140092104673386
,,1232,,,,,,,,,,,,,,,,7.856160664232448e-05,,0.008464813232421875,,0.01090799830853939,,0.031079042702913284,,0.015289105474948883,,0.02169567532837391,,0.0311576034873724
,,1233,,,,,,,,,,,,,,,,1.5243967936839908e-05,,0.0042209625244140625,,0.004804953001439571,,0.013856719247996807,,0.011008910834789276,,0.014486702159047127,,0.013871963135898113
,,1234,,,,,,,,,,,,,,,,4.2870567995123565e-05,,0.00675201416015625,,0.008057846687734127,,0.02273600362241268,,0.014024322852492332,,0.018556520342826843,,0.02277887426316738
,,1235,,,,,,,,,,,,,,,,2.373374081798829e-05,,0.0054531097412109375,,0.005995458923280239,,0.01500457152724266,,0.011456312611699104,,0.015074783936142921,,0.015028305351734161
,,1236,,,,,,,,,,,,,,,,1.4318515241029672e-05,,0.0043125152587890625,,0.004656790755689144,,0.016029514372348785,,0.011706413701176643,,0.015581147745251656,,0.016043832525610924
,,1237,,,,,,,,,,,,,,,,1.411216908309143e-05,,0.004299163818359375,,0.004623136017471552,,0.02054101787507534,,0.013025888241827488,,0.017638040706515312,,0.020555129274725914
,,1238,,,,,,,,,,,,,,,,3.895703048328869e-05,,0.0057392120361328125,,0.007681264076381922,,0.02731999009847641,,0.015101638622581959,,0.020341338589787483,,0.027358947321772575
,,1239,,,,,,,,,,,,,,,,2.4520473743905313e-05,,0.0054645538330078125,,0.006094016600400209,,0.026921818032860756,,0.015001240186393261,,0.020192567259073257,,0.026946337893605232
,,1240,,,,,,,,,,,,,,,,1.4925321011105552e-05,,0.0030269622802734375,,0.00475445669144392,,0.016925115138292313,,0.01220599003136158,,0.016010507941246033,,0.0169400405138731
,,1241,,,,,,,,,,,,,,,,2.8119104172219522e-05,,0.005321502685546875,,0.006525889039039612,,0.02236143872141838,,0.01384209468960762,,0.01840302161872387,,0.02238955721259117
,,1242,,,,,,,,,,,,,,,,2.2004982383805327e-05,,0.0048351287841796875,,0.005772989243268967,,0.021469783037900925,,0.012920609675347805,,0.018032383173704147,,0.02149178832769394
,,1243,,,,,,,,,,,,,,,,4.135010385653004e-05,,0.007305145263671875,,0.00791365746408701,,0.01975514367222786,,0.012880607508122921,,0.017297346144914627,,0.019796494394540787
,,1244,,,,,,,,,,,,,,,,1.7649075743975118e-05,,0.0044956207275390625,,0.005170138087123632,,0.01763675920665264,,0.012378389947116375,,0.01634363830089569,,0.017654407769441605
,,1245,,,,,,,,,,,,,,,,2.4805034627206624e-05,,0.0054111480712890625,,0.006129284389317036,,0.020214132964611053,,0.012874456122517586,,0.01749713160097599,,0.020238937810063362
,,1246,,,,,,,,,,,,,,,,2.5590505174477585e-05,,0.0062255859375,,0.0062255859375,,0.013018774800002575,,0.010827511548995972,,0.01404185313731432,,0.013044365681707859
42,,5460,,,,,,,,,,,,,,,3.580015982151963e-05,,0.0058662923984229565,,0.007022181525826454,,0.021868223324418068,,0.013466404750943184,,0.018092798069119453,,0.021636705845594406,
42,,5460,0.0003673169994726777,,0.018799692392349243,,0.021134816110134125,,0.030366623774170876,,0.01617361232638359,,0.021357372403144836,,0.030732054263353348,,,,,,,,,,,,,,,
,0.0005,5461,,,,,,,,,,,,,,,,,,,,,,,,,,,,
43,,5469,,0.0001040696952259168,,0.009992599487304688,,0.012554622255265713,,0.026736658066511154,,0.015478887595236301,,0.020123008638620377,,0.026840727776288986,,,,,,,,,,,,,,
43,,5479,,0.00019661890110000968,,0.014662742614746094,,0.017257489264011383,,0.04519848898053169,,0.019297966733574867,,0.026163823902606964,,0.045395106077194214,,,,,,,,,,,,,,
43,,5489,,0.00018371253099758178,,0.014843940734863281,,0.016679173335433006,,0.033916473388671875,,0.017169799655675888,,0.022664424031972885,,0.034100186079740524,,,,,,,,,,,,,,
43,,5499,,0.001479433849453926,,0.046761512756347656,,0.04733521491289139,,0.029510052874684334,,0.016324231401085854,,0.021140938624739647,,0.03098948672413826,,,,,,,,,,,,,,
43,,5509,,8.102308493107557e-05,,0.00887298583984375,,0.011077097617089748,,0.0265391543507576,,0.015536487102508545,,0.020048541948199272,,0.026620177552103996,,,,,,,,,,,,,,
43,,5519,,6.0907932493137196e-05,,0.008214950561523438,,0.009605497121810913,,0.02853892557322979,,0.01578006148338318,,0.02079017460346222,,0.028599834069609642,,,,,,,,,,,,,,
43,,5529,,0.0009440353605896235,,0.036843299865722656,,0.03781222179532051,,0.02439548633992672,,0.014395044185221195,,0.019221803173422813,,0.0253395214676857,,,,,,,,,,,,,,
43,,5539,,0.0006736153736710548,,0.027777671813964844,,0.03194122761487961,,0.04248778894543648,,0.018577389419078827,,0.02536713518202305,,0.04316140338778496,,,,,,,,,,,,,,
43,,5549,,0.0014175412943586707,,0.045238494873046875,,0.04633500054478645,,0.04104447364807129,,0.018415290862321854,,0.02493255026638508,,0.04246201366186142,,,,,,,,,,,,,,
43,,5559,,0.004030900541692972,,0.07767963409423828,,0.07813502103090286,,0.02885262668132782,,0.015971200540661812,,0.02090412564575672,,0.032883528620004654,,,,,,,,,,,,,,
43,,5569,,0.00040194473695009947,,0.02039337158203125,,0.024673286825418472,,0.027728794142603874,,0.015166928060352802,,0.02049296535551548,,0.02813073806464672,,,,,,,,,,,,,,
43,,5579,,9.865332685876638e-05,,0.01010894775390625,,0.012221669778227806,,0.02978881448507309,,0.015976833179593086,,0.021240560337901115,,0.029887467622756958,,,,,,,,,,,,,,
,,1247,,,,,,,,,,,,,,,,7.231155905174091e-05,,0.0074977874755859375,,0.010465089231729507,,0.02022198773920536,,0.013176660984754562,,0.017500529065728188,,0.020294299349188805
,,1248,,,,,,,,,,,,,,,,1.2946002243552357e-05,,0.003936767578125,,0.0044279745779931545,,0.0232035331428051,,0.014195280149579048,,0.01874633878469467,,0.023216478526592255
,,1249,,,,,,,,,,,,,,,,2.6614978196448646e-05,,0.005855560302734375,,0.006348953582346439,,0.028016947209835052,,0.01444004662334919,,0.020599165931344032,,0.028043562546372414
,,1250,,,,,,,,,,,,,,,,2.3955759388627484e-05,,0.0054111480712890625,,0.0060234228149056435,,0.026487436145544052,,0.014991714619100094,,0.02002900093793869,,0.02651139162480831
,,1251,,,,,,,,,,,,,,,,1.1549035662028473e-05,,0.0036163330078125,,0.004182272590696812,,0.02127555012702942,,0.012821354903280735,,0.0179506354033947,,0.02128709852695465
,,1252,,,,,,,,,,,,,,,,2.58765048783971e-05,,0.0054416656494140625,,0.00626026326790452,,0.02046847529709339,,0.013702032156288624,,0.017606865614652634,,0.020494351163506508
,,1253,,,,,,,,,,,,,,,,3.088229277636856e-05,,0.0059795379638671875,,0.00683901272714138,,0.01897023618221283,,0.012778306379914284,,0.016950232908129692,,0.01900111883878708
,,1254,,,,,,,,,,,,,,,,2.8314963856246322e-05,,0.00516510009765625,,0.006548585370182991,,0.01374028529971838,,0.011092359200119972,,0.014425708912312984,,0.013768600299954414
,,1255,,,,,,,,,,,,,,,,4.458732291823253e-05,,0.0063304901123046875,,0.00821761041879654,,0.020727232098579407,,0.013239218853414059,,0.017717812210321426,,0.020771820098161697
,,1256,,,,,,,,,,,,,,,,4.042664295411669e-05,,0.006992340087890625,,0.00782478041946888,,0.0215421374887228,,0.013586594723165035,,0.01806274615228176,,0.02158256433904171
,,1257,,,,,,,,,,,,,,,,6.547568045789376e-05,,0.008237838745117188,,0.009958170354366302,,0.018137255683541298,,0.012290365993976593,,0.016573913395404816,,0.018202731385827065
,,1258,,,,,,,,,,,,,,,,4.7204503061948344e-05,,0.0074520111083984375,,0.008455301634967327,,0.028462495654821396,,0.014968917705118656,,0.020762315019965172,,0.028509700670838356
,,1259,,,,,,,,,,,,,,,,0.0001290974032599479,,0.010850906372070312,,0.013982916250824928,,0.025885770097374916,,0.014936499297618866,,0.0198002140969038,,0.026014868170022964
,,1260,,,,,,,,,,,,,,,,4.7948436986189336e-05,,0.0067501068115234375,,0.008521707728505135,,0.02654150500893593,,0.014591341838240623,,0.020049430429935455,,0.02658945322036743
,,1261,,,,,,,,,,,,,,,,7.37342779757455e-05,,0.00821685791015625,,0.010567537508904934,,0.030481722205877304,,0.015111299231648445,,0.021486172452569008,,0.03055545687675476
,,1262,,,,,,,,,,,,,,,,1.6632364349788986e-05,,0.0044994354248046875,,0.005018990486860275,,0.0135498670861125,,0.010890369303524494,,0.014325403608381748,,0.013566499575972557
,,1263,,,,,,,,,,,,,,,,4.1857048927340657e-05,,0.0066070556640625,,0.007962007075548172,,0.022176312282681465,,0.013816270045936108,,0.018326690420508385,,0.022218169644474983
,,1264,,,,,,,,,,,,,,,,2.5853561965050176e-05,,0.005645751953125,,0.006257471162825823,,0.014705624431371689,,0.011341970413923264,,0.014923854731023312,,0.014731477946043015
,,1265,,,,,,,,,,,,,,,,1.3932512956671417e-05,,0.0041713714599609375,,0.004593608435243368,,0.01567579247057438,,0.011569105088710785,,0.015408274717628956,,0.015689725056290627
,,1266,,,,,,,,,,,,,,,,1.4624401046603452e-05,,0.0041141510009765625,,0.00470628822222352,,0.01956845447421074,,0.012792970053851604,,0.017215417698025703,,0.01958307810127735
,,1267,,,,,,,,,,,,,,,,4.378668018034659e-05,,0.0062007904052734375,,0.008143489249050617,,0.026994571089744568,,0.015088021755218506,,0.02021983079612255,,0.02703835815191269
,,1268,,,,,,,,,,,,,,,,2.7153000701218843e-05,,0.005664825439453125,,0.006412813439965248,,0.02652858942747116,,0.014880092814564705,,0.02004455402493477,,0.02655574306845665
,,1269,,,,,,,,,,,,,,,,1.4974296391301323e-05,,0.0030155181884765625,,0.004762249067425728,,0.016456512734293938,,0.01203376054763794,,0.015787312760949135,,0.016471486538648605
,,1270,,,,,,,,,,,,,,,,2.9003922463743947e-05,,0.005496978759765625,,0.006627770606428385,,0.021831732243299484,,0.013703619129955769,,0.018183747306466103,,0.02186073549091816
,,1271,,,,,,,,,,,,,,,,2.1718606149079278e-05,,0.004970550537109375,,0.005735285580158234,,0.021095339208841324,,0.01277342438697815,,0.017874442040920258,,0.021117057651281357
,,1272,,,,,,,,,,,,,,,,4.375030403025448e-05,,0.007587432861328125,,0.008140095509588718,,0.019384022802114487,,0.012713960371911526,,0.017134102061390877,,0.019427772611379623
,,1273,,,,,,,,,,,,,,,,1.7826641851570457e-05,,0.0045871734619140625,,0.005196068435907364,,0.017077485099434853,,0.012192225083708763,,0.016082413494586945,,0.017095312476158142
,,1274,,,,,,,,,,,,,,,,2.5303213988081552e-05,,0.0054645538330078125,,0.006190521642565727,,0.0198067594319582,,0.012695707380771637,,0.017319928854703903,,0.0198320634663105
,,1275,,,,,,,,,,,,,,,,2.7376696380088106e-05,,0.006439208984375,,0.006439208984375,,0.012227499857544899,,0.01050621084868908,,0.013608437962830067,,0.012254877015948296
43,,5587,,,,,,,,,,,,,,,3.6293833545641974e-05,,0.005922309122979641,,0.007081782910972834,,0.021352605894207954,,0.013288061134517193,,0.017877621576189995,,0.021113304421305656,
43,,5587,0.000590390176512301,,0.02339004911482334,,0.02560853399336338,,0.033696673810482025,,0.01661435328423977,,0.022307271137833595,,0.03428415581583977,,,,,,,,,,,,,,,
,0.0005,5588,,,,,,,,,,,,,,,,,,,,,,,,,,,,
44,,5589,,8.172783418558538e-05,,0.009363174438476562,,0.011128162033855915,,0.04381849616765976,,0.01903316006064415,,0.0257613193243742,,0.043900225311517715,,,,,,,,,,,,,,
44,,5599,,0.0011954519432038069,,0.041182518005371094,,0.04255038499832153,,0.03792974352836609,,0.017696818336844444,,0.023967860266566277,,0.039125196635723114,,,,,,,,,,,,,,
44,,5609,,0.0001400435430696234,,0.012709617614746094,,0.014563675038516521,,0.0309776458889246,,0.016781926155090332,,0.021660253405570984,,0.031117688864469528,,,,,,,,,,,,,,
44,,5619,,0.00018022542644757777,,0.012274742126464844,,0.016523053869605064,,0.04321920871734619,,0.018437374383211136,,0.025584546849131584,,0.04339943453669548,,,,,,,,,,,,,,
44,,5629,,0.00033240311313420534,,0.015196800231933594,,0.02243718132376671,,0.046993985772132874,,0.019553840160369873,,0.026678435504436493,,0.04732638970017433,,,,,,,,,,,,,,
44,,5639,,0.0005093658692203462,,0.02679729461669922,,0.027773836627602577,,0.03991011902689934,,0.017749369144439697,,0.024585602805018425,,0.04041948541998863,,,,,,,,,,,,,,
44,,5649,,8.948598406277597e-05,,0.010258674621582031,,0.011643272824585438,,0.03991544991731644,,0.018854722380638123,,0.024587243795394897,,0.04000493511557579,,,,,,,,,,,,,,
44,,5659,,9.16019780561328e-05,,0.009686470031738281,,0.011777996085584164,,0.03448917344212532,,0.017773035913705826,,0.02285497635602951,,0.0345807746052742,,,,,,,,,,,,,,
44,,5669,,4.9029229558072984e-05,,0.0065784454345703125,,0.008617945946753025,,0.030955268070101738,,0.016532501205801964,,0.021652426570653915,,0.031004296615719795,,,,,,,,,,,,,,
44,,5679,,0.0007942648371681571,,0.03309154510498047,,0.03468383103609085,,0.0491788275539875,,0.01884181797504425,,0.027291566133499146,,0.04997309297323227,,,,,,,,,,,,,,
44,,5689,,0.005238997749984264,,0.08555030822753906,,0.08907698839902878,,0.09954336285591125,,0.025877561420202255,,0.038828045129776,,0.1047823578119278,,,,,,,,,,,,,,
44,,5699,,0.0010363277979195118,,0.037827491760253906,,0.03961591795086861,,0.06809180229902267,,0.023149486631155014,,0.03211343660950661,,0.0691281333565712,,,,,,,,,,,,,,
44,,5709,,0.0027908040210604668,,0.0625762939453125,,0.06501396000385284,,0.1252266764640808,,0.03177214413881302,,0.043549954891204834,,0.12801748514175415,,,,,,,,,,,,,,
,,1276,,,,,,,,,,,,,,,,7.181793625932187e-05,,0.0077724456787109375,,0.010429308749735355,,0.019923733547329903,,0.013156468980014324,,0.01737099140882492,,0.0199955515563488
,,1277,,,,,,,,,,,,,,,,1.0507391380087938e-05,,0.0033416748046875,,0.003989195916801691,,0.02216467075049877,,0.01385197602212429,,0.01832188107073307,,0.022175177931785583
,,1278,,,,,,,,,,,,,,,,3.316461879876442e-05,,0.00678253173828125,,0.007087222766131163,,0.028126975521445274,,0.014438493177294731,,0.020639576017856598,,0.02816013991832733
,,1279,,,,,,,,,,,,,,,,3.1173694878816605e-05,,0.0059680938720703125,,0.0068712239153683186,,0.025898104533553123,,0.014822355471551418,,0.019804930314421654,,0.025929277762770653
,,1280,,,,,,,,,,,,,,,,1.9987990526715294e-05,,0.0048065185546875,,0.005502036772668362,,0.02164173498749733,,0.012649939395487309,,0.01810445263981819,,0.021661723032593727
,,1281,,,,,,,,,,,,,,,,2.5701376216602512e-05,,0.005146026611328125,,0.006239039823412895,,0.020025314763188362,,0.013568157330155373,,0.017415223643183708,,0.02005101554095745
,,1282,,,,,,,,,,,,,,,,3.5896406188840047e-05,,0.0064182281494140625,,0.007373340893536806,,0.018331900238990784,,0.012604029849171638,,0.016662612557411194,,0.018367797136306763
,,1283,,,,,,,,,,,,,,,,3.274949995102361e-05,,0.0057353973388671875,,0.007042743265628815,,0.013195782899856567,,0.010829337872564793,,0.014136988669633865,,0.01322853285819292
,,1284,,,,,,,,,,,,,,,,5.243073610472493e-05,,0.0071353912353515625,,0.008911117911338806,,0.021286828443408012,,0.013363773003220558,,0.017955387011170387,,0.021339260041713715
,,1285,,,,,,,,,,,,,,,,4.359434387879446e-05,,0.0072002410888671875,,0.008125582709908485,,0.02089041657745838,,0.013434645719826221,,0.01778741553425789,,0.020934011787176132
,,1286,,,,,,,,,,,,,,,,6.411650247173384e-05,,0.008600234985351562,,0.009854256175458431,,0.01804952882230282,,0.012247027829289436,,0.016533782705664635,,0.018113644793629646
,,1287,,,,,,,,,,,,,,,,7.246894529089332e-05,,0.009311676025390625,,0.010476472787559032,,0.028442084789276123,,0.01490127481520176,,0.020754875615239143,,0.028514552861452103
,,1288,,,,,,,,,,,,,,,,0.00014720656326971948,,0.011341094970703125,,0.014931481331586838,,0.02602432481944561,,0.014904743060469627,,0.0198531337082386,,0.026171531528234482
,,1289,,,,,,,,,,,,,,,,4.256670217728242e-05,,0.00672149658203125,,0.008029229938983917,,0.02650640346109867,,0.014650372788310051,,0.02003616653382778,,0.026548970490694046
,,1290,,,,,,,,,,,,,,,,9.346340812044218e-05,,0.008924484252929688,,0.011897637508809566,,0.029563700780272484,,0.014945877715945244,,0.021160148084163666,,0.029657164588570595
,,1291,,,,,,,,,,,,,,,,2.073374344035983e-05,,0.00499725341796875,,0.005603747442364693,,0.013230321928858757,,0.01072693057358265,,0.014155478216707706,,0.013251055963337421
,,1292,,,,,,,,,,,,,,,,4.5460183173418045e-05,,0.00722503662109375,,0.008297638967633247,,0.021939728409051895,,0.013709352351725101,,0.018228670582175255,,0.021985188126564026
,,1293,,,,,,,,,,,,,,,,3.544245919329114e-05,,0.006565093994140625,,0.007326570805162191,,0.014241968281567097,,0.011073566041886806,,0.014686702750623226,,0.014277410693466663
,,1294,,,,,,,,,,,,,,,,1.7838425264926627e-05,,0.00467681884765625,,0.005197768099606037,,0.015512075275182724,,0.011450116522610188,,0.015327602624893188,,0.015529913827776909
,,1295,,,,,,,,,,,,,,,,1.8314452972845174e-05,,0.00479888916015625,,0.005266670137643814,,0.018986230716109276,,0.01257962267845869,,0.016957378014922142,,0.019004544243216515
,,1296,,,,,,,,,,,,,,,,5.086273449705914e-05,,0.0069675445556640625,,0.008776879869401455,,0.026898453012108803,,0.015049324370920658,,0.020183801651000977,,0.026949316263198853
,,1297,,,,,,,,,,,,,,,,3.4282944398000836e-05,,0.0066051483154296875,,0.00720574613660574,,0.026574188843369484,,0.014992550946772099,,0.020061776041984558,,0.02660847268998623
,,1298,,,,,,,,,,,,,,,,1.9732782675419003e-05,,0.00383758544921875,,0.005466800648719072,,0.01618208736181259,,0.011842925101518631,,0.01565512828528881,,0.016201820224523544
,,1299,,,,,,,,,,,,,,,,3.8015808968339115e-05,,0.00653076171875,,0.007587899919599295,,0.021261844784021378,,0.013575335033237934,,0.01794484816491604,,0.02129986137151718
,,1300,,,,,,,,,,,,,,,,2.297122046002187e-05,,0.0053806304931640625,,0.005898358300328255,,0.020655354484915733,,0.012630963698029518,,0.017687058076262474,,0.0206783264875412
,,1301,,,,,,,,,,,,,,,,4.480909410631284e-05,,0.0071811676025390625,,0.008238010108470917,,0.019128261134028435,,0.012603922747075558,,0.017020689323544502,,0.019173070788383484
,,1302,,,,,,,,,,,,,,,,1.7441030649933964e-05,,0.0046024322509765625,,0.005139565095305443,,0.01651577092707157,,0.011975052766501904,,0.01581571251153946,,0.01653321273624897
,,1303,,,,,,,,,,,,,,,,3.0014944059075788e-05,,0.005859375,,0.006742304656654596,,0.019578808918595314,,0.012675421312451363,,0.017219971865415573,,0.01960882358253002
,,1304,,,,,,,,,,,,,,,,3.7819656427018344e-05,,0.007568359375,,0.007568359375,,0.011564052663743496,,0.010301719419658184,,0.013234099373221397,,0.011601872742176056
44,,5714,,,,,,,,,,,,,,,4.186642399872653e-05,,0.0064490423537790775,,0.007625025697052479,,0.021056782454252243,,0.013174802996218204,,0.017747079953551292,,0.020812110975384712,
44,,5714,0.0024065410252660513,,0.039503976702690125,,0.04214764013886452,,0.04878156632184982,,0.01933763176202774,,0.026554904878139496,,0.05123775452375412,,,,,,,,,,,,,,,
,0.0005,5715,,,,,,,,,,,,,,,,,,,,,,,,,,,,
45,,5719,,0.0010114714968949556,,0.036792755126953125,,0.03914166986942291,,0.06071314960718155,,0.023235058411955833,,0.03032359667122364,,0.061724621802568436,,,,,,,,,,,,,,
45,,5729,,0.0023784060031175613,,0.05721855163574219,,0.06001823768019676,,0.057110074907541275,,0.022023634985089302,,0.029410043731331825,,0.059488482773303986,,,,,,,,,,,,,,
45,,5739,,0.0020595709793269634,,0.0545654296875,,0.05584898218512535,,0.04483843967318535,,0.01992340013384819,,0.026059405878186226,,0.0468980111181736,,,,,,,,,,,,,,
45,,5749,,0.0020635772962123156,,0.05505561828613281,,0.05590569227933884,,0.03786300867795944,,0.017945939674973488,,0.023946765810251236,,0.03992658481001854,,,,,,,,,,,,,,
45,,5759,,0.00014257009024731815,,0.011160850524902344,,0.014693623408675194,,0.029527908191084862,,0.016324514523148537,,0.021147336810827255,,0.029670478776097298,,,,,,,,,,,,,,
45,,5769,,2.6245686967740767e-05,,0.005352020263671875,,0.006303987931460142,,0.02784029394388199,,0.01542559452354908,,0.020534126088023186,,0.027866540476679802,,,,,,,,,,,,,,
45,,5779,,0.000792820006608963,,0.028471946716308594,,0.034651871770620346,,0.08453450351953506,,0.02575727365911007,,0.035781316459178925,,0.08532732725143433,,,,,,,,,,,,,,
45,,5789,,0.0009464543545618653,,0.03444671630859375,,0.03785887360572815,,0.08276018500328064,,0.023663515225052834,,0.035403814166784286,,0.08370663970708847,,,,,,,,,,,,,,
45,,5799,,0.00025518820621073246,,0.01645946502685547,,0.019658440724015236,,0.04645801708102226,,0.02042887918651104,,0.02652587555348873,,0.0467132069170475,,,,,,,,,,,,,,
45,,5809,,0.012378781102597713,,0.13564491271972656,,0.13692350685596466,,0.0695447325706482,,0.021248800680041313,,0.0324542410671711,,0.08192351460456848,,,,,,,,,,,,,,
45,,5819,,0.01781882718205452,,0.16406822204589844,,0.16427795588970184,,0.0416547991335392,,0.01921047829091549,,0.025117237120866776,,0.05947362631559372,,,,,,,,,,,,,,
45,,5829,,0.0087560610845685,,0.11482620239257812,,0.11515786498785019,,0.03665466234087944,,0.018013129010796547,,0.02356155589222908,,0.045410722494125366,,,,,,,,,,,,,,
45,,5839,,0.00021072817617096007,,0.015375137329101562,,0.01786591112613678,,0.04914366826415062,,0.020758889615535736,,0.027281805872917175,,0.049354396760463715,,,,,,,,,,,,,,
,,1305,,,,,,,,,,,,,,,,7.911543070804328e-05,,0.007879257202148438,,0.010946371592581272,,0.019944818690419197,,0.013103509321808815,,0.017380183562636375,,0.020023934543132782
,,1306,,,,,,,,,,,,,,,,1.0224367542832624e-05,,0.00335693359375,,0.0039351037703454494,,0.021688848733901978,,0.013665230944752693,,0.01812414824962616,,0.021699072793126106
,,1307,,,,,,,,,,,,,,,,2.975663483084645e-05,,0.006137847900390625,,0.006713212467730045,,0.028588389977812767,,0.01437546219676733,,0.020808184519410133,,0.02861814573407173
,,1308,,,,,,,,,,,,,,,,2.481070623616688e-05,,0.0052051544189453125,,0.00612998241558671,,0.026416795328259468,,0.015012143179774284,,0.020002273842692375,,0.026441605761647224
,,1309,,,,,,,,,,,,,,,,1.4843111785012297e-05,,0.004070281982421875,,0.00474134786054492,,0.022107573226094246,,0.012792130000889301,,0.01829826459288597,,0.022122416645288467
,,1310,,,,,,,,,,,,,,,,2.3867156414780766e-05,,0.005092620849609375,,0.0060122874565422535,,0.01952451653778553,,0.01345372200012207,,0.017196081578731537,,0.019548384472727776
,,1311,,,,,,,,,,,,,,,,3.292872497695498e-05,,0.0062465667724609375,,0.0070619783364236355,,0.018726525828242302,,0.012706281617283821,,0.01684100367128849,,0.018759453669190407
,,1312,,,,,,,,,,,,,,,,3.386374010005966e-05,,0.0057315826416015625,,0.007161528803408146,,0.012999030761420727,,0.010735638439655304,,0.014031202532351017,,0.01303289458155632
,,1313,,,,,,,,,,,,,,,,5.0249007472302765e-05,,0.0070648193359375,,0.00872375164180994,,0.021166911348700523,,0.013309194706380367,,0.017904743552207947,,0.021217159926891327
,,1314,,,,,,,,,,,,,,,,4.3366377212805673e-05,,0.0072269439697265625,,0.00810429360717535,,0.021432198584079742,,0.013616756536066532,,0.018016593530774117,,0.021475564688444138
,,1315,,,,,,,,,,,,,,,,5.116890315548517e-05,,0.0076007843017578125,,0.00880324188619852,,0.01775463856756687,,0.012133828364312649,,0.016398165374994278,,0.017805807292461395
,,1316,,,,,,,,,,,,,,,,7.5492964242585e-05,,0.009374618530273438,,0.010692787356674671,,0.02783106453716755,,0.014829077757894993,,0.020530719310045242,,0.02790655754506588
,,1317,,,,,,,,,,,,,,,,0.00015142426127567887,,0.011419296264648438,,0.015143870376050472,,0.026195785030722618,,0.014985255897045135,,0.019918421283364296,,0.02634720876812935
,,1318,,,,,,,,,,,,,,,,4.113944305572659e-05,,0.0066375732421875,,0.007893477566540241,,0.025287622585892677,,0.014370759017765522,,0.019570110365748405,,0.02532876282930374
,,1319,,,,,,,,,,,,,,,,9.246701665688306e-05,,0.008693695068359375,,0.011834044009447098,,0.029285304248332977,,0.014837839640676975,,0.021060284227132797,,0.02937777154147625
,,1320,,,,,,,,,,,,,,,,2.0518436940619722e-05,,0.00482940673828125,,0.0055745611898601055,,0.013102787546813488,,0.01068731676787138,,0.014087086543440819,,0.013123306445777416
,,1321,,,,,,,,,,,,,,,,4.505423567024991e-05,,0.007068634033203125,,0.00826050341129303,,0.021931542083621025,,0.013532879762351513,,0.01822526752948761,,0.021976595744490623
,,1322,,,,,,,,,,,,,,,,2.777353256533388e-05,,0.0058155059814453125,,0.006485669873654842,,0.014137466438114643,,0.01100979931652546,,0.01463272050023079,,0.014165240339934826
,,1323,,,,,,,,,,,,,,,,1.619010799913667e-05,,0.004535675048828125,,0.004951788578182459,,0.01500286441296339,,0.011263553984463215,,0.0150739261880517,,0.015019054524600506
,,1324,,,,,,,,,,,,,,,,1.614976645214483e-05,,0.0046405792236328125,,0.004945657681673765,,0.01880580745637417,,0.012457514181733131,,0.016876613721251488,,0.018821956589818
,,1325,,,,,,,,,,,,,,,,4.658183752326295e-05,,0.0066680908203125,,0.008399395272135735,,0.025994624942541122,,0.014819391071796417,,0.01984179951250553,,0.02604120597243309
,,1326,,,,,,,,,,,,,,,,3.374038351466879e-05,,0.0064182281494140625,,0.0071484800428152084,,0.027854984626173973,,0.015262736938893795,,0.02053954266011715,,0.027888724580407143
,,1327,,,,,,,,,,,,,,,,1.888112456072122e-05,,0.003406524658203125,,0.005347525235265493,,0.016273753717541695,,0.011841795407235622,,0.01569940708577633,,0.01629263535141945
,,1328,,,,,,,,,,,,,,,,3.031095002370421e-05,,0.005859375,,0.006775469519197941,,0.021222610026597977,,0.01353975385427475,,0.01792828179895878,,0.021252920851111412
,,1329,,,,,,,,,,,,,,,,2.2611511667491868e-05,,0.005207061767578125,,0.005852004047483206,,0.020871015265583992,,0.012707767076790333,,0.0177791528403759,,0.020893625915050507
,,1330,,,,,,,,,,,,,,,,4.6996465243864805e-05,,0.0076084136962890625,,0.008436670526862144,,0.019042573869228363,,0.012502654455602169,,0.01698252558708191,,0.01908957026898861
,,1331,,,,,,,,,,,,,,,,1.4429633665713482e-05,,0.004119873046875,,0.004674845840781927,,0.01661304570734501,,0.011938381940126419,,0.015862220898270607,,0.0166274756193161
,,1332,,,,,,,,,,,,,,,,2.9373120923992246e-05,,0.0057926177978515625,,0.006669825408607721,,0.01979161612689495,,0.012799640186131,,0.01731330156326294,,0.019820990040898323
,,1333,,,,,,,,,,,,,,,,2.9223141609691083e-05,,0.00665283203125,,0.00665283203125,,0.01241791807115078,,0.010760578326880932,,0.013713985681533813,,0.012447141110897064
45,,5841,,,,,,,,,,,,,,,4.0070463001029566e-05,,0.006205851212143898,,0.007404488977044821,,0.021018557250499725,,0.013142581097781658,,0.017729295417666435,,0.020798800513148308,
45,,5841,0.005595457274466753,,0.06256061792373657,,0.0650758147239685,,0.0550234280526638,,0.020819954574108124,,0.02838042750954628,,0.06061889976263046,,,,,,,,,,,,,,,
,0.0005,5842,,,,,,,,,,,,,,,,,,,,,,,,,,,,
46,,5849,,0.0029840529896318913,,0.06659698486328125,,0.06722619384527206,,0.046486347913742065,,0.019541392102837563,,0.026533957570791245,,0.04947040230035782,,,,,,,,,,,,,,
46,,5859,,0.0012728669680655003,,0.04118537902832031,,0.0439068078994751,,0.04083341360092163,,0.01817062869668007,,0.02486835978925228,,0.04210628196597099,,,,,,,,,,,,,,
46,,5869,,0.00021299865329638124,,0.016645431518554688,,0.01796184852719307,,0.037974439561367035,,0.01801406964659691,,0.02398197539150715,,0.03818743675947189,,,,,,,,,,,,,,
46,,5879,,0.0005274844006635249,,0.025177001953125,,0.02826262079179287,,0.0312742181122303,,0.016570668667554855,,0.021763687953352928,,0.031801704317331314,,,,,,,,,,,,,,
46,,5889,,0.00014394201571121812,,0.013059616088867188,,0.014765530824661255,,0.028806453570723534,,0.01588924042880535,,0.02088739350438118,,0.028950395062565804,,,,,,,,,,,,,,
46,,5899,,0.00032133026979863644,,0.016554832458496094,,0.022060586139559746,,0.030709752812981606,,0.014985975809395313,,0.02156638912856579,,0.031031083315610886,,,,,,,,,,,,,,
46,,5909,,0.0006067141657695174,,0.021993637084960938,,0.030313793569803238,,0.029499106109142303,,0.016363846138119698,,0.021137023344635963,,0.030105819925665855,,,,,,,,,,,,,,
46,,5919,,0.00011128234473289922,,0.011620521545410156,,0.012983418069779873,,0.02776559628546238,,0.015661777928471565,,0.020506560802459717,,0.027876878157258034,,,,,,,,,,,,,,
46,,5929,,0.00010114596807397902,,0.008279800415039062,,0.012378172017633915,,0.03847349435091019,,0.01777113974094391,,0.02413904294371605,,0.038574639707803726,,,,,,,,,,,,,,
46,,5939,,7.809897215338424e-05,,0.007075309753417969,,0.010877854190766811,,0.023836852982640266,,0.014565430581569672,,0.019000446423888206,,0.02391495183110237,,,,,,,,,,,,,,
46,,5949,,0.00017364163068123162,,0.0136566162109375,,0.01621566154062748,,0.0338626429438591,,0.016994154080748558,,0.022646430879831314,,0.03403628617525101,,,,,,,,,,,,,,
46,,5959,,0.0001276824186788872,,0.010806083679199219,,0.01390815433114767,,0.04017480090260506,,0.01808350905776024,,0.024666989222168922,,0.04030248150229454,,,,,,,,,,,,,,
,,1334,,,,,,,,,,,,,,,,7.270432979566976e-05,,0.0074787139892578125,,0.010493487119674683,,0.020004654303193092,,0.013106334954500198,,0.01740623451769352,,0.020077358931303024
,,1335,,,,,,,,,,,,,,,,1.073055318556726e-05,,0.0034427642822265625,,0.004031335469335318,,0.02133162133395672,,0.013495294377207756,,0.01797427050769329,,0.021342352032661438
,,1336,,,,,,,,,,,,,,,,2.5981162252719514e-05,,0.005523681640625,,0.006272907368838787,,0.02895902656018734,,0.014338569715619087,,0.020942633971571922,,0.028985008597373962
,,1337,,,,,,,,,,,,,,,,2.154437970602885e-05,,0.0045528411865234375,,0.005712243728339672,,0.02552475407719612,,0.014820965938270092,,0.01966165378689766,,0.025546299293637276
,,1338,,,,,,,,,,,,,,,,1.4735327567905188e-05,,0.004032135009765625,,0.004724104888737202,,0.022557254880666733,,0.012693031691014767,,0.018483424559235573,,0.0225719902664423
,,1339,,,,,,,,,,,,,,,,2.3587052055518143e-05,,0.0049228668212890625,,0.0059769065119326115,,0.01913153938949108,,0.013216143473982811,,0.01702214404940605,,0.019155126065015793
,,1340,,,,,,,,,,,,,,,,2.872922777896747e-05,,0.005901336669921875,,0.006596316583454609,,0.018758898600935936,,0.012654505670070648,,0.016855552792549133,,0.018787628039717674
,,1341,,,,,,,,,,,,,,,,3.458701758063398e-05,,0.00562286376953125,,0.007237609941512346,,0.012814639136195183,,0.01068034116178751,,0.013931330293416977,,0.012849226593971252
,,1342,,,,,,,,,,,,,,,,4.662301580538042e-05,,0.0065517425537109375,,0.008403106592595577,,0.020442118868231773,,0.013165641576051712,,0.017595527693629265,,0.020488742738962173
,,1343,,,,,,,,,,,,,,,,4.2122141167055815e-05,,0.007167816162109375,,0.007987181656062603,,0.021240847185254097,,0.013507152907550335,,0.017935985699295998,,0.021282969042658806
,,1344,,,,,,,,,,,,,,,,5.163821333553642e-05,,0.00728607177734375,,0.008843517862260342,,0.01732010208070278,,0.011958734132349491,,0.016196254640817642,,0.01737174019217491
,,1345,,,,,,,,,,,,,,,,6.699247023789212e-05,,0.008586883544921875,,0.010072811506688595,,0.027101974934339523,,0.014622594229876995,,0.02026001550257206,,0.027168966829776764
,,1346,,,,,,,,,,,,,,,,0.00014186878979671746,,0.01094818115234375,,0.014658287167549133,,0.025922060012817383,,0.014966431073844433,,0.01981409080326557,,0.02606392838060856
,,1347,,,,,,,,,,,,,,,,3.773048229049891e-05,,0.006099700927734375,,0.007559359539300203,,0.024609310552477837,,0.014216815121471882,,0.01930585317313671,,0.02464704029262066
,,1348,,,,,,,,,,,,,,,,8.611502562416717e-05,,0.00814056396484375,,0.01142031978815794,,0.028759360313415527,,0.014737600460648537,,0.020870307460427284,,0.028845475986599922
,,1349,,,,,,,,,,,,,,,,1.8620117771206424e-05,,0.0046024322509765625,,0.00531043391674757,,0.013029578141868114,,0.010640239343047142,,0.01404767669737339,,0.013048198074102402
,,1350,,,,,,,,,,,,,,,,4.655184966395609e-05,,0.0069904327392578125,,0.008396673016250134,,0.02100193314254284,,0.013321678154170513,,0.017834827303886414,,0.02104848437011242
,,1351,,,,,,,,,,,,,,,,2.4834895157255232e-05,,0.005542755126953125,,0.00613296078518033,,0.013704541139304638,,0.010865638963878155,,0.014406933449208736,,0.013729375787079334
,,1352,,,,,,,,,,,,,,,,1.5364374121418223e-05,,0.0043201446533203125,,0.004823880270123482,,0.014874802902340889,,0.011197604238986969,,0.01500945258885622,,0.01489016693085432
,,1353,,,,,,,,,,,,,,,,1.427704410161823e-05,,0.0044536590576171875,,0.004650067538022995,,0.018877966329455376,,0.012438584119081497,,0.016908958554267883,,0.01889224350452423
,,1354,,,,,,,,,,,,,,,,4.026458918815479e-05,,0.006134033203125,,0.007809105329215527,,0.025355050340294838,,0.014610937796533108,,0.01959618739783764,,0.025395315140485764
,,1355,,,,,,,,,,,,,,,,2.9715505661442876e-05,,0.005809783935546875,,0.0067085810005664825,,0.026875553652644157,,0.014929044991731644,,0.020175205543637276,,0.02690526843070984
,,1356,,,,,,,,,,,,,,,,1.5116873328224756e-05,,0.0030994415283203125,,0.004784862045198679,,0.015796445310115814,,0.011632452718913555,,0.015467461198568344,,0.015811562538146973
,,1357,,,,,,,,,,,,,,,,2.502943971194327e-05,,0.005336761474609375,,0.006156949792057276,,0.021443769335746765,,0.013635559938848019,,0.01802145503461361,,0.02146879956126213
,,1358,,,,,,,,,,,,,,,,2.1513977117137983e-05,,0.0050411224365234375,,0.005708212498575449,,0.020515643060207367,,0.012654149904847145,,0.017627140507102013,,0.020537156611680984
,,1359,,,,,,,,,,,,,,,,4.4804735807701945e-05,,0.0074787139892578125,,0.008237610571086407,,0.01860508881509304,,0.012378589250147343,,0.01678631082177162,,0.018649892881512642
,,1360,,,,,,,,,,,,,,,,1.2610089470399544e-05,,0.00392913818359375,,0.0043701850809156895,,0.016409726813435555,,0.011843578889966011,,0.015764856711030006,,0.016422336921095848
,,1361,,,,,,,,,,,,,,,,2.6123738280148245e-05,,0.005584716796875,,0.006290092132985592,,0.01982031762599945,,0.012773987837135792,,0.01732585020363331,,0.019846441224217415
,,1362,,,,,,,,,,,,,,,,2.7247113393968903e-05,,0.0064239501953125,,0.0064239501953125,,0.011900849640369415,,0.010489461943507195,,0.013425436802208424,,0.011928096413612366
46,,5968,,,,,,,,,,,,,,,3.7117235478945076e-05,,0.005880330223590136,,0.007117230445146561,,0.020703153684735298,,0.013028034009039402,,0.01759665086865425,,0.020474381744861603,
46,,5968,0.0010270177153870463,,0.026493404060602188,,0.028854845091700554,,0.033975351601839066,,0.016814466565847397,,0.02254020981490612,,0.03500516340136528,,,,,,,,,,,,,,,
,0.0005,5969,,,,,,,,,,,,,,,,,,,,,,,,,,,,
47,,5969,,0.0001035898458212614,,0.009723663330078125,,0.012527051381766796,,0.03532792255282402,,0.01812492124736309,,0.02313121221959591,,0.03543151170015335,,,,,,,,,,,,,,
47,,5979,,6.679976650048047e-05,,0.007923126220703125,,0.01005696039646864,,0.03231119364500046,,0.017089959233999252,,0.02212156355381012,,0.03237799182534218,,,,,,,,,,,,,,
47,,5989,,0.0018082133028656244,,0.04997444152832031,,0.05233056843280792,,0.040576014667749405,,0.01861058734357357,,0.024789854884147644,,0.042384229600429535,,,,,,,,,,,,,,
47,,5999,,0.00282116886228323,,0.06366920471191406,,0.06536568701267242,,0.05770149827003479,,0.021349307149648666,,0.029561934992671013,,0.060522668063640594,,,,,,,,,,,,,,
47,,6009,,0.002881698776036501,,0.06373786926269531,,0.0660635307431221,,0.053220901638269424,,0.02157502993941307,,0.02839098684489727,,0.05610259994864464,,,,,,,,,,,,,,
47,,6019,,0.0008267404045909643,,0.033031463623046875,,0.0353853814303875,,0.04062916710972786,,0.01876780577003956,,0.02480608969926834,,0.04145590588450432,,,,,,,,,,,,,,
47,,6029,,0.0003908190119545907,,0.022324562072753906,,0.024327492341399193,,0.02833004668354988,,0.016209270805120468,,0.02071395330131054,,0.02872086502611637,,,,,,,,,,,,,,
47,,6039,,0.0020298247691243887,,0.05253028869628906,,0.05544726178050041,,0.04546704143285751,,0.01987893506884575,,0.026241440325975418,,0.047496866434812546,,,,,,,,,,,,,,
47,,6049,,0.0013692483771592379,,0.043572425842285156,,0.04554034024477005,,0.0550755113363266,,0.021765468642115593,,0.02888142690062523,,0.05644476041197777,,,,,,,,,,,,,,
47,,6059,,0.0007716492982581258,,0.031148910522460938,,0.034185927361249924,,0.03610950708389282,,0.017787227407097816,,0.023385684937238693,,0.036881156265735626,,,,,,,,,,,,,,
47,,6069,,0.0009800137486308813,,0.035980224609375,,0.03852604329586029,,0.055557962507009506,,0.020686987787485123,,0.02900763973593712,,0.05653797462582588,,,,,,,,,,,,,,
47,,6079,,0.00028650352032855153,,0.01654338836669922,,0.020830266177654266,,0.1921321451663971,,0.04055112972855568,,0.053943537175655365,,0.1924186497926712,,,,,,,,,,,,,,
47,,6089,,0.0020423526875674725,,0.0476837158203125,,0.055615924298763275,,0.1848817765712738,,0.039467114955186844,,0.05291592329740524,,0.18692412972450256,,,,,,,,,,,,,,
,,1363,,,,,,,,,,,,,,,,7.991299935383722e-05,,0.0076808929443359375,,0.0110014034435153,,0.019568081945180893,,0.012981574982404709,,0.01721525378525257,,0.01964799501001835
,,1364,,,,,,,,,,,,,,,,1.1738741704903077e-05,,0.0032501220703125,,0.004216494970023632,,0.0217762254178524,,0.013604189269244671,,0.018160618841648102,,0.021787963807582855
,,1365,,,,,,,,,,,,,,,,3.3707070542732254e-05,,0.0068569183349609375,,0.007144953589886427,,0.027615467086434364,,0.014209809713065624,,0.020451044663786888,,0.027649173513054848
,,1366,,,,,,,,,,,,,,,,2.89846102532465e-05,,0.0055294036865234375,,0.00662555918097496,,0.025441963225603104,,0.014782681129872799,,0.019629742950201035,,0.025470947846770287
,,1367,,,,,,,,,,,,,,,,2.3512224288424477e-05,,0.0049610137939453125,,0.0059674084186553955,,0.02106509357690811,,0.012484967708587646,,0.017861630767583847,,0.021088605746626854
,,1368,,,,,,,,,,,,,,,,2.7150175810675137e-05,,0.0050525665283203125,,0.006412480026483536,,0.019092153757810593,,0.013163870200514793,,0.01700461469590664,,0.019119303673505783
,,1369,,,,,,,,,,,,,,,,3.7550675187958404e-05,,0.006488800048828125,,0.007541335187852383,,0.018605008721351624,,0.012642407789826393,,0.016786275431513786,,0.01864255964756012
,,1370,,,,,,,,,,,,,,,,2.887551272579003e-05,,0.005352020263671875,,0.0066130743362009525,,0.012907789088785648,,0.010691114701330662,,0.01398187130689621,,0.012936664745211601
,,1371,,,,,,,,,,,,,,,,6.170004780869931e-05,,0.0073184967041015625,,0.009666799567639828,,0.020387107506394386,,0.013134530745446682,,0.017571834847331047,,0.020448807626962662
,,1372,,,,,,,,,,,,,,,,4.6647626732010394e-05,,0.007419586181640625,,0.00840530451387167,,0.0203885305672884,,0.01332138292491436,,0.017572447657585144,,0.02043517865240574
,,1373,,,,,,,,,,,,,,,,6.209930870682001e-05,,0.008771896362304688,,0.009698009118437767,,0.016706638038158417,,0.011778178624808788,,0.015906836837530136,,0.016768736764788628
,,1374,,,,,,,,,,,,,,,,8.462242840323597e-05,,0.010478973388671875,,0.011320923455059528,,0.027489053085446358,,0.0147172836586833,,0.020404186099767685,,0.02757367491722107
,,1375,,,,,,,,,,,,,,,,0.0001688473712420091,,0.011343002319335938,,0.015991389751434326,,0.026725124567747116,,0.01504360232502222,,0.02011866681277752,,0.026893971487879753
,,1376,,,,,,,,,,,,,,,,3.998011379735544e-05,,0.0059680938720703125,,0.007781419437378645,,0.024173129349946976,,0.014110185205936432,,0.019133998081088066,,0.02421310916543007
,,1377,,,,,,,,,,,,,,,,9.127835801336914e-05,,0.008741378784179688,,0.011757747270166874,,0.02886756882071495,,0.014752961695194244,,0.020909536629915237,,0.028958847746253014
,,1378,,,,,,,,,,,,,,,,2.2319511117530055e-05,,0.0052490234375,,0.005814089439809322,,0.013075115159153938,,0.010694164782762527,,0.014072204940021038,,0.013097434304654598
,,1379,,,,,,,,,,,,,,,,6.393218063749373e-05,,0.008575439453125,,0.009840087965130806,,0.020736142992973328,,0.013222393579781055,,0.017721613869071007,,0.020800074562430382
,,1380,,,,,,,,,,,,,,,,4.1453298763372004e-05,,0.0070667266845703125,,0.007923531346023083,,0.013606369495391846,,0.010793732479214668,,0.01435523945838213,,0.01364782266318798
,,1381,,,,,,,,,,,,,,,,2.2971245925873518e-05,,0.005222320556640625,,0.005898346193134785,,0.01476238388568163,,0.011136488988995552,,0.014952628873288631,,0.01478535495698452
,,1382,,,,,,,,,,,,,,,,2.1756259229732677e-05,,0.0053043365478515625,,0.005740238353610039,,0.019119124859571457,,0.012564209289848804,,0.01701662316918373,,0.019140880554914474
,,1383,,,,,,,,,,,,,,,,5.0603601266629994e-05,,0.006931304931640625,,0.008754483424127102,,0.024659274145960808,,0.014415167272090912,,0.019325442612171173,,0.024709878489375114
,,1384,,,,,,,,,,,,,,,,3.797070530708879e-05,,0.006916046142578125,,0.007583403028547764,,0.025896428152918816,,0.014698868617415428,,0.01980428770184517,,0.02593439817428589
,,1385,,,,,,,,,,,,,,,,2.4985296477098018e-05,,0.0046482086181640625,,0.006151499692350626,,0.015830131247639656,,0.011647708714008331,,0.015483944676816463,,0.01585511676967144
,,1386,,,,,,,,,,,,,,,,4.465482197701931e-05,,0.0073223114013671875,,0.008223820477724075,,0.02096031978726387,,0.013469741679728031,,0.017817147076129913,,0.021004974842071533
,,1387,,,,,,,,,,,,,,,,2.3920871171867475e-05,,0.00554656982421875,,0.006019055377691984,,0.020035559311509132,,0.012408682145178318,,0.01741967536509037,,0.020059479400515556
,,1388,,,,,,,,,,,,,,,,5.2201976359356195e-05,,0.0072803497314453125,,0.008891644887626171,,0.01825597882270813,,0.01223857793956995,,0.016628073528409004,,0.018308181315660477
,,1389,,,,,,,,,,,,,,,,1.4699807252327446e-05,,0.00377655029296875,,0.004718421027064323,,0.016247058287262917,,0.011766159906983376,,0.0156865231692791,,0.016261758282780647
,,1390,,,,,,,,,,,,,,,,3.006454608112108e-05,,0.0062274932861328125,,0.006747877225279808,,0.01969194784760475,,0.01273608673363924,,0.01726965419948101,,0.01972201280295849
,,1391,,,,,,,,,,,,,,,,4.66722012788523e-05,,0.0084075927734375,,0.0084075927734375,,0.012690904550254345,,0.01067984290421009,,0.013863911852240562,,0.012737576849758625
47,,6095,,,,,,,,,,,,,,,4.565245399135165e-05,,0.0066250949166715145,,0.007946728728711605,,0.020454086363315582,,0.01296162512153387,,0.017493141815066338,,0.02026553265750408,
47,,6095,0.001062717754393816,,0.032001301646232605,,0.03520187363028526,,0.06780655682086945,,0.02210233360528946,,0.030326301231980324,,0.06889171898365021,,,,,,,,,,,,,,,
,0.0005,6096,,,,,,,,,,,,,,,,,,,,,,,,,,,,
48,,6099,,0.00038772597326897085,,0.017615318298339844,,0.024231215938925743,,0.13194265961647034,,0.034351371228694916,,0.04470251500606537,,0.13233038783073425,,,,,,,,,,,,,,
48,,6109,,0.00048152540693990886,,0.024251937866210938,,0.02700607292354107,,0.06383821368217468,,0.023278145119547844,,0.031094223260879517,,0.06431973725557327,,,,,,,,,,,,,,
48,,6119,,0.0006136783631518483,,0.028774261474609375,,0.030486293137073517,,0.049453072249889374,,0.020492779091000557,,0.027367547154426575,,0.0500667504966259,,,,,,,,,,,,,,
48,,6129,,0.0001194928991026245,,0.011294364929199219,,0.013452141545712948,,0.041082628071308136,,0.01957266591489315,,0.024944132193922997,,0.0412021204829216,,,,,,,,,,,,,,
48,,6139,,0.00016511169087607414,,0.013086318969726562,,0.015813620761036873,,0.028445754200220108,,0.015921812504529953,,0.02075621299445629,,0.028610866516828537,,,,,,,,,,,,,,
48,,6149,,0.00041738434811122715,,0.024030685424804688,,0.025143330916762352,,0.02832074463367462,,0.015876471996307373,,0.020710552111268044,,0.028738129884004593,,,,,,,,,,,,,,
48,,6159,,0.00037499426980502903,,0.022423744201660156,,0.023831229656934738,,0.01914484240114689,,0.012650181539356709,,0.017028063535690308,,0.019519837573170662,,,,,,,,,,,,,,
48,,6169,,0.00017044419655576348,,0.0083465576171875,,0.01606830768287182,,0.01981012336909771,,0.013448119163513184,,0.017321394756436348,,0.019980568438768387,,,,,,,,,,,,,,
48,,6179,,0.00014262404874898493,,0.013390541076660156,,0.014695870690047741,,0.019698793068528175,,0.013342808000743389,,0.01727265492081642,,0.01984141767024994,,,,,,,,,,,,,,
48,,6189,,2.8390400984790176e-05,,0.00540924072265625,,0.006557907443493605,,0.021947797387838364,,0.013905156403779984,,0.01823202148079872,,0.021976187825202942,,,,,,,,,,,,,,
48,,6199,,8.110525232041255e-05,,0.008954048156738281,,0.011083974502980709,,0.0228362325578928,,0.014372541569173336,,0.018597370013594627,,0.022917337715625763,,,,,,,,,,,,,,
48,,6209,,0.0001296370173804462,,0.011683464050292969,,0.014011458493769169,,0.0266192015260458,,0.015023418702185154,,0.020078759640455246,,0.026748837903141975,,,,,,,,,,,,,,
48,,6219,,0.0005462401895783842,,0.027398109436035156,,0.02876405417919159,,0.024242274463176727,,0.014122240245342255,,0.019161347299814224,,0.024788513779640198,,,,,,,,,,,,,,
,,1392,,,,,,,,,,,,,,,,6.365215813275427e-05,,0.0068950653076171875,,0.009818531572818756,,0.01901969686150551,,0.012729043141007423,,0.016972314566373825,,0.019083349034190178
,,1393,,,,,,,,,,,,,,,,9.656621841713786e-06,,0.0029811859130859375,,0.003824286861345172,,0.02221333421766758,,0.013761075213551521,,0.01834198087453842,,0.022222990170121193
,,1394,,,,,,,,,,,,,,,,3.4284246794413775e-05,,0.006755828857421875,,0.00720586534589529,,0.027256734669208527,,0.014223551377654076,,0.02031777799129486,,0.02729101851582527
,,1395,,,,,,,,,,,,,,,,2.333177690161392e-05,,0.005023956298828125,,0.005944478325545788,,0.025041282176971436,,0.014611373655498028,,0.019474556669592857,,0.025064613670110703
,,1396,,,,,,,,,,,,,,,,2.0127088646404445e-05,,0.00458526611328125,,0.005521152168512344,,0.020413540303707123,,0.012365267612040043,,0.017583221197128296,,0.020433668047189713
,,1397,,,,,,,,,,,,,,,,2.3626187612535432e-05,,0.0051670074462890625,,0.005981861148029566,,0.019081968814134598,,0.013207969255745411,,0.01700007915496826,,0.019105594605207443
,,1398,,,,,,,,,,,,,,,,3.509356974973343e-05,,0.006381988525390625,,0.007290428504347801,,0.018439920619130135,,0.012544558383524418,,0.016711631789803505,,0.018475014716386795
,,1399,,,,,,,,,,,,,,,,3.5405781090958044e-05,,0.005672454833984375,,0.007322799880057573,,0.012882480397820473,,0.010710920207202435,,0.013968156650662422,,0.01291788648813963
,,1400,,,,,,,,,,,,,,,,5.5768468882888556e-05,,0.0068359375,,0.009190400131046772,,0.020193392410874367,,0.01308520045131445,,0.017488153651356697,,0.02024916000664234
,,1401,,,,,,,,,,,,,,,,4.774947228725068e-05,,0.007640838623046875,,0.008503986522555351,,0.020138118416070938,,0.013148429803550243,,0.017464201897382736,,0.020185867324471474
,,1402,,,,,,,,,,,,,,,,6.599798507522792e-05,,0.008714675903320312,,0.009997807443141937,,0.016777586191892624,,0.011666188947856426,,0.015940576791763306,,0.016843583434820175
,,1403,,,,,,,,,,,,,,,,6.47960405331105e-05,,0.009189605712890625,,0.009906318970024586,,0.02733875811100006,,0.01468186266720295,,0.020348329097032547,,0.02740355394780636
,,1404,,,,,,,,,,,,,,,,0.00016732161748223007,,0.011386871337890625,,0.015919016674160957,,0.02615794725716114,,0.014979115687310696,,0.019904032349586487,,0.026325268670916557
,,1405,,,,,,,,,,,,,,,,4.275298124412075e-05,,0.0064563751220703125,,0.008046763949096203,,0.024169914424419403,,0.01410377025604248,,0.019132724031805992,,0.0242126677185297
,,1406,,,,,,,,,,,,,,,,7.923382509034127e-05,,0.008121490478515625,,0.010954556986689568,,0.028658777475357056,,0.014651968143880367,,0.020833784714341164,,0.028738010674715042
,,1407,,,,,,,,,,,,,,,,2.1006911993026733e-05,,0.005062103271484375,,0.005640516988933086,,0.012826056219637394,,0.010572265833616257,,0.01393753569573164,,0.01284706313163042
,,1408,,,,,,,,,,,,,,,,5.705078729079105e-05,,0.007966995239257812,,0.009295431897044182,,0.020305383950471878,,0.013087354600429535,,0.017536580562591553,,0.020362434908747673
,,1409,,,,,,,,,,,,,,,,3.371208003954962e-05,,0.0064525604248046875,,0.00714549096301198,,0.013488039374351501,,0.010786263272166252,,0.014292682521045208,,0.013521751388907433
,,1410,,,,,,,,,,,,,,,,1.913501910166815e-05,,0.0049571990966796875,,0.005383344832807779,,0.0149148628115654,,0.011257616803050041,,0.01502965297549963,,0.014933997765183449
,,1411,,,,,,,,,,,,,,,,1.6735244571464136e-05,,0.0047321319580078125,,0.005034490022808313,,0.01956927217543125,,0.012712938711047173,,0.017215777188539505,,0.01958600804209709
,,1412,,,,,,,,,,,,,,,,4.2499414121266454e-05,,0.00630950927734375,,0.00802290253341198,,0.02461237646639347,,0.014443017542362213,,0.019307058304548264,,0.024654876440763474
,,1413,,,,,,,,,,,,,,,,3.708683652803302e-05,,0.006717681884765625,,0.007494613528251648,,0.025509929284453392,,0.014636524952948093,,0.019655948504805565,,0.02554701641201973
,,1414,,,,,,,,,,,,,,,,2.1968651708448306e-05,,0.0041637420654296875,,0.005768208298832178,,0.01548023708164692,,0.011538841761648655,,0.01531186792999506,,0.015502206049859524
,,1415,,,,,,,,,,,,,,,,3.5411896533332765e-05,,0.00644683837890625,,0.007323412224650383,,0.020668329671025276,,0.013377956114709377,,0.01769261062145233,,0.020703742280602455
,,1416,,,,,,,,,,,,,,,,2.490723090886604e-05,,0.0056400299072265625,,0.006141897290945053,,0.020250529050827026,,0.01249211747199297,,0.01751287467777729,,0.020275436341762543
,,1417,,,,,,,,,,,,,,,,4.2211268009850755e-05,,0.0067119598388671875,,0.007995632477104664,,0.0179901160299778,,0.012221725657582283,,0.016506552696228027,,0.01803232729434967
,,1418,,,,,,,,,,,,,,,,1.3124246834195219e-05,,0.0038127899169921875,,0.004458364564925432,,0.01692943274974823,,0.011936857365071774,,0.01601255312561989,,0.01694255694746971
,,1419,,,,,,,,,,,,,,,,2.6594994778861292e-05,,0.0060443878173828125,,0.006346590351313353,,0.019136173650622368,,0.012553802691400051,,0.017024202272295952,,0.019162768498063087
,,1420,,,,,,,,,,,,,,,,3.3670530683593825e-05,,0.00714111328125,,0.00714111328125,,0.011714939028024673,,0.01024402491748333,,0.013320156373083591,,0.011748609133064747
48,,6222,,,,,,,,,,,,,,,4.140270175412297e-05,,0.006318902131170034,,0.007550997659564018,,0.02029968425631523,,0.012919753789901733,,0.01742870919406414,,0.02008182927966118,
48,,6222,0.00045697559835389256,,0.02029346115887165,,0.023009881377220154,,0.03835644572973251,,0.017406566068530083,,0.023178620263934135,,0.03880496323108673,,,,,,,,,,,,,,,
,0.0005,6223,,,,,,,,,,,,,,,,,,,,,,,,,,,,
49,,6229,,0.00024082970048766583,,0.017210006713867188,,0.019096968695521355,,0.03128862753510475,,0.015821902081370354,,0.021768705919384956,,0.03152945637702942,,,,,,,,,,,,,,
49,,6239,,0.0001624709548195824,,0.013913154602050781,,0.01568620465695858,,0.024477558210492134,,0.014583427459001541,,0.019254107028245926,,0.024640029296278954,,,,,,,,,,,,,,
49,,6249,,9.64006467256695e-05,,0.011362075805664062,,0.01208337489515543,,0.02372354455292225,,0.014208447188138962,,0.018955232575535774,,0.023819945752620697,,,,,,,,,,,,,,
49,,6259,,7.954292232170701e-05,,0.009510040283203125,,0.010977261699736118,,0.023479953408241272,,0.014401276595890522,,0.018857667222619057,,0.02355949580669403,,,,,,,,,,,,,,
49,,6269,,0.0018371185287833214,,0.05205726623535156,,0.052748922258615494,,0.03451770916581154,,0.016292370855808258,,0.022864433005452156,,0.036354828625917435,,,,,,,,,,,,,,
49,,6279,,6.81113451719284e-05,,0.008456230163574219,,0.010157051496207714,,0.027706153690814972,,0.015379851683974266,,0.020484600216150284,,0.0277742650359869,,,,,,,,,,,,,,
49,,6289,,0.0069753918796777725,,0.10165882110595703,,0.10278340429067612,,0.04364052787423134,,0.01865767501294613,,0.02570895105600357,,0.05061592161655426,,,,,,,,,,,,,,
49,,6299,,0.0011760573834180832,,0.03988933563232422,,0.042202822864055634,,0.06581639498472214,,0.02183603309094906,,0.031572308391332626,,0.06699245423078537,,,,,,,,,,,,,,
49,,6309,,0.0005395114421844482,,0.026323318481445312,,0.028585417196154594,,0.04772944375872612,,0.017288917675614357,,0.026886390522122383,,0.04826895520091057,,,,,,,,,,,,,,
49,,6319,,0.014264444820582867,,0.14643192291259766,,0.14698174595832825,,0.042250726372003555,,0.018081767484545708,,0.025296268984675407,,0.056515172123909,,,,,,,,,,,,,,
49,,6329,,0.01049945317208767,,0.12071990966796875,,0.12610189616680145,,0.1494823396205902,,0.03249846026301384,,0.04758107289671898,,0.15998178720474243,,,,,,,,,,,,,,
49,,6339,,0.003648518119007349,,0.07286453247070312,,0.07433338463306427,,0.08570888638496399,,0.02498689666390419,,0.03602900356054306,,0.0893574059009552,,,,,,,,,,,,,,
49,,6349,,0.010163483209908009,,0.1225992813706398,,0.12406876683235168,,0.09813099354505539,,0.02606423944234848,,0.03855159878730774,,0.10829447954893112,,,,,,,,,,,,,,
,,1421,,,,,,,,,,,,,,,,4.212000567349605e-05,,0.005672454833984375,,0.00798701774328947,,0.018825765699148178,,0.01265629380941391,,0.01688556559383869,,0.018867885693907738
,,1422,,,,,,,,,,,,,,,,9.113104169955477e-06,,0.00333404541015625,,0.00371511559933424,,0.02126884087920189,,0.013494317419826984,,0.01794780045747757,,0.021277954801917076
,,1423,,,,,,,,,,,,,,,,2.2579164578928612e-05,,0.0053119659423828125,,0.005847817752510309,,0.02795899659395218,,0.01427468191832304,,0.020577849820256233,,0.027981575578451157
,,1424,,,,,,,,,,,,,,,,1.6458177924505435e-05,,0.004058837890625,,0.004992644768208265,,0.02443523518741131,,0.014477472752332687,,0.019237451255321503,,0.024451693519949913
,,1425,,,,,,,,,,,,,,,,1.0123501851921901e-05,,0.0034809112548828125,,0.003915667533874512,,0.02116778865456581,,0.012393425218760967,,0.017905112355947495,,0.02117791213095188
,,1426,,,,,,,,,,,,,,,,2.315247184014879e-05,,0.0051441192626953125,,0.0059215775690972805,,0.01847914606332779,,0.012970827519893646,,0.01672939583659172,,0.01850229874253273
,,1427,,,,,,,,,,,,,,,,2.623886030050926e-05,,0.0054931640625,,0.006303911563009024,,0.01786738820374012,,0.01226332038640976,,0.016450149938464165,,0.017893627285957336
,,1428,,,,,,,,,,,,,,,,2.8480943001341075e-05,,0.0045299530029296875,,0.006567736621946096,,0.012222076766192913,,0.010437743738293648,,0.013605416752398014,,0.012250557541847229
,,1429,,,,,,,,,,,,,,,,4.083690146217123e-05,,0.006275177001953125,,0.007864403538405895,,0.019587557762861252,,0.012965508736670017,,0.017223820090293884,,0.01962839439511299
,,1430,,,,,,,,,,,,,,,,3.760150138987228e-05,,0.0069103240966796875,,0.00754641043022275,,0.019966971129179,,0.013175677508115768,,0.017389832064509392,,0.020004572346806526
,,1431,,,,,,,,,,,,,,,,5.5808173783589154e-05,,0.0073108673095703125,,0.009193653240799904,,0.016918176785111427,,0.011639036238193512,,0.016007227823138237,,0.016973985359072685
,,1432,,,,,,,,,,,,,,,,3.7484878703253344e-05,,0.0068607330322265625,,0.007534699980169535,,0.027403462678194046,,0.01457830797880888,,0.02037239633500576,,0.02744094841182232
,,1433,,,,,,,,,,,,,,,,0.000167826161487028,,0.011423110961914062,,0.01594299077987671,,0.02740176022052765,,0.015151764266192913,,0.020371751859784126,,0.027569586411118507
,,1434,,,,,,,,,,,,,,,,3.7132122088223696e-05,,0.0063037872314453125,,0.007499180734157562,,0.024599799886345863,,0.014195717871189117,,0.0193021222949028,,0.024636931717395782
,,1435,,,,,,,,,,,,,,,,4.844163413508795e-05,,0.006439208984375,,0.00856543518602848,,0.02931584231555462,,0.014736007899045944,,0.021071262657642365,,0.02936428412795067
,,1436,,,,,,,,,,,,,,,,1.5424011508002877e-05,,0.0040760040283203125,,0.004833228886127472,,0.012830526567995548,,0.010595628060400486,,0.013939961791038513,,0.012845950201153755
,,1437,,,,,,,,,,,,,,,,3.6388661101227626e-05,,0.0059967041015625,,0.007423714734613895,,0.019412897527217865,,0.01286771148443222,,0.01714685745537281,,0.01944928616285324
,,1438,,,,,,,,,,,,,,,,1.8438862753100693e-05,,0.0048618316650390625,,0.005284530110657215,,0.013204951770603657,,0.010725566186010838,,0.014141900464892387,,0.013223391026258469
,,1439,,,,,,,,,,,,,,,,1.3355062947084662e-05,,0.0040111541748046875,,0.004497400484979153,,0.014197984710335732,,0.011037135496735573,,0.014664005488157272,,0.014211339876055717
,,1440,,,,,,,,,,,,,,,,9.757524821907282e-06,,0.0035953521728515625,,0.0038442269433289766,,0.01933172345161438,,0.012612301856279373,,0.01711096800863743,,0.0193414818495512
,,1441,,,,,,,,,,,,,,,,4.2355422920081764e-05,,0.0064945220947265625,,0.008009307086467743,,0.0242345929145813,,0.01426179613918066,,0.01915830746293068,,0.02427694760262966
,,1442,,,,,,,,,,,,,,,,3.028641003766097e-05,,0.005970001220703125,,0.006772719789296389,,0.024309799075126648,,0.014467908069491386,,0.019188012927770615,,0.024340085685253143
,,1443,,,,,,,,,,,,,,,,1.3961604963697027e-05,,0.003383636474609375,,0.004598392639309168,,0.015511994250118732,,0.011533997021615505,,0.015327566303312778,,0.015525955706834793
,,1444,,,,,,,,,,,,,,,,1.9423134290263988e-05,,0.004787445068359375,,0.0054237376898527145,,0.020139137282967567,,0.01318133994936943,,0.017464645206928253,,0.020158560946583748
,,1445,,,,,,,,,,,,,,,,2.112374932039529e-05,,0.004795074462890625,,0.005656191613525152,,0.020108474418520927,,0.012412779033184052,,0.017451342195272446,,0.020129598677158356
,,1446,,,,,,,,,,,,,,,,3.7727753806393594e-05,,0.0069446563720703125,,0.007559091784060001,,0.017564848065376282,,0.012086551636457443,,0.01631028763949871,,0.017602575942873955
,,1447,,,,,,,,,,,,,,,,1.2340489774942398e-05,,0.0040340423583984375,,0.004323225002735853,,0.01624155230820179,,0.011761922389268875,,0.015683863312005997,,0.016253892332315445
,,1448,,,,,,,,,,,,,,,,1.95534394151764e-05,,0.005115509033203125,,0.0054419031366705894,,0.018654868006706238,,0.01241493783891201,,0.016808748245239258,,0.018674422055482864
,,1449,,,,,,,,,,,,,,,,1.1966581951128319e-05,,0.0042572021484375,,0.0042572021484375,,0.010726891458034515,,0.009818995371460915,,0.012746069580316544,,0.01073885802179575
49,,6349,,,,,,,,,,,,,,,3.1823274184716865e-05,,0.005445217713713646,,0.006527932360768318,,0.02007122151553631,,0.012821228243410587,,0.017317932099103928,,0.019820500165224075,
49,,6349,0.004176754970103502,,0.05667756497859955,,0.0590541735291481,,0.05160076543688774,,0.01910693570971489,,0.026820924133062363,,0.055803366005420685,,,,,,,,,,,,,,,
,0.0005,6350,,,,,,,,,,,,,,,,,,,,,,,,,,,,
50,,6359,,0.002463654847815633,,0.05622577667236328,,0.061083581298589706,,0.06284286826848984,,0.0210943054407835,,0.030850861221551895,,0.06530652195215225,,,,,,,,,,,,,,
50,,6369,,0.00014144078886602074,,0.011813163757324219,,0.014635710045695305,,0.052555203437805176,,0.020738720893859863,,0.028212863951921463,,0.05269664525985718,,,,,,,,,,,,,,
50,,6379,,0.000737142632715404,,0.03242969512939453,,0.03341350331902504,,0.028607062995433807,,0.015701336786150932,,0.02081497386097908,,0.02934420481324196,,,,,,,,,,,,,,
50,,6389,,0.00023877102648839355,,0.013348579406738281,,0.019015958532691002,,0.042304590344429016,,0.019088132306933403,,0.025312386453151703,,0.04254336282610893,,,,,,,,,,,,,,
50,,6399,,0.0006012758822180331,,0.022296905517578125,,0.030176306143403053,,0.054137494415044785,,0.020315326750278473,,0.02863442339003086,,0.05473877117037773,,,,,,,,,,,,,,
50,,6409,,0.0015496761770918965,,0.043381690979003906,,0.048445925116539,,0.059880707412958145,,0.021528661251068115,,0.030114997178316116,,0.06143038347363472,,,,,,,,,,,,,,
50,,6419,,0.00042929829214699566,,0.022611618041992188,,0.02549915201961994,,0.0277919489890337,,0.014967681840062141,,0.02051628939807415,,0.02822124771773815,,,,,,,,,,,,,,
50,,6429,,0.0013099900679662824,,0.042641639709472656,,0.04454067721962929,,0.03738394007086754,,0.017252089455723763,,0.023794785141944885,,0.038693930953741074,,,,,,,,,,,,,,
50,,6439,,0.0030847585294395685,,0.06618595123291016,,0.06835135817527771,,0.0289374440908432,,0.015581078827381134,,0.020934827625751495,,0.032022204250097275,,,,,,,,,,,,,,
50,,6449,,0.001020726514980197,,0.03864574432373047,,0.03931797668337822,,0.03238112851977348,,0.016757173463702202,,0.02214549109339714,,0.03340185433626175,,,,,,,,,,,,,,
50,,6459,,0.00031300439150072634,,0.02052593231201172,,0.02177336812019348,,0.030023034662008286,,0.0161870326846838,,0.021323898807168007,,0.030336039140820503,,,,,,,,,,,,,,
50,,6469,,0.00018668091797735542,,0.014070510864257812,,0.01681347005069256,,0.07889968156814575,,0.022256651893258095,,0.034568216651678085,,0.07908636331558228,,,,,,,,,,,,,,
,,1450,,,,,,,,,,,,,,,,5.7995446695713326e-05,,0.006687164306640625,,0.009372107684612274,,0.018714092671871185,,0.012659267522394657,,0.0168354082852602,,0.01877208799123764
,,1451,,,,,,,,,,,,,,,,1.0951900549116544e-05,,0.0035381317138671875,,0.004072714131325483,,0.020902005955576897,,0.013280874118208885,,0.01779235154390335,,0.020912958309054375
,,1452,,,,,,,,,,,,,,,,2.3974382202140987e-05,,0.005664825439453125,,0.006025777664035559,,0.027897704392671585,,0.014217646792531013,,0.020555280148983,,0.027921678498387337
,,1453,,,,,,,,,,,,,,,,1.538614924356807e-05,,0.0040111541748046875,,0.004827294033020735,,0.02430395409464836,,0.014451571740210056,,0.019185706973075867,,0.02431933954358101
,,1454,,,,,,,,,,,,,,,,1.113023427024018e-05,,0.0036144256591796875,,0.004105737898498774,,0.020144358277320862,,0.012220632284879684,,0.01746690832078457,,0.020155487582087517
,,1455,,,,,,,,,,,,,,,,1.9958730263169855e-05,,0.004669189453125,,0.005498020444065332,,0.018370239064097404,,0.012899919413030148,,0.016680026426911354,,0.018390197306871414
,,1456,,,,,,,,,,,,,,,,2.9921588065917604e-05,,0.0058231353759765625,,0.006731804925948381,,0.018069174140691757,,0.012294260784983635,,0.01654278114438057,,0.018099095672369003
,,1457,,,,,,,,,,,,,,,,2.07294178835582e-05,,0.00408172607421875,,0.005603149998933077,,0.0119853550568223,,0.010333464480936527,,0.013473015278577805,,0.012006084434688091
,,1458,,,,,,,,,,,,,,,,4.1347131627844647e-05,,0.0062236785888671875,,0.007913376204669476,,0.019213087856769562,,0.01286265067756176,,0.01705838553607464,,0.01925443485379219
,,1459,,,,,,,,,,,,,,,,4.144790000282228e-05,,0.007228851318359375,,0.007923011668026447,,0.019205430522561073,,0.013029268942773342,,0.017054984346032143,,0.01924687810242176
,,1460,,,,,,,,,,,,,,,,6.0876547649968415e-05,,0.0075588226318359375,,0.009602060541510582,,0.01644291914999485,,0.011539794504642487,,0.015780791640281677,,0.016503795981407166
,,1461,,,,,,,,,,,,,,,,4.125054692849517e-05,,0.0073528289794921875,,0.007904084399342537,,0.02795388363301754,,0.014638778753578663,,0.020575974136590958,,0.02799513377249241
,,1462,,,,,,,,,,,,,,,,0.00016146994312293828,,0.01102447509765625,,0.015638140961527824,,0.027049792930483818,,0.015076989307999611,,0.020240502431988716,,0.0272112637758255
,,1463,,,,,,,,,,,,,,,,3.9941682189237326e-05,,0.0063762664794921875,,0.0077777160331606865,,0.02474428340792656,,0.014203179627656937,,0.019358720630407333,,0.024784225970506668
,,1464,,,,,,,,,,,,,,,,5.309732296154834e-05,,0.0068645477294921875,,0.008967604488134384,,0.030142271891236305,,0.014833159744739532,,0.02136620134115219,,0.030195368453860283
,,1465,,,,,,,,,,,,,,,,1.3270281669974793e-05,,0.0039424896240234375,,0.004483095370233059,,0.012417631223797798,,0.01038636639714241,,0.013713827356696129,,0.012430901639163494
,,1466,,,,,,,,,,,,,,,,4.0233055187854916e-05,,0.006351470947265625,,0.007806011475622654,,0.018997661769390106,,0.012707228772342205,,0.016962481662631035,,0.019037894904613495
,,1467,,,,,,,,,,,,,,,,1.9504168449202552e-05,,0.005008697509765625,,0.0054350425489246845,,0.012868870981037617,,0.010619045235216618,,0.01396077498793602,,0.012888374738395214
,,1468,,,,,,,,,,,,,,,,1.3394079360296018e-05,,0.004016876220703125,,0.004503960721194744,,0.01400324422866106,,0.010925698094069958,,0.014563091099262238,,0.01401663850992918
,,1469,,,,,,,,,,,,,,,,1.1226002243347466e-05,,0.0039196014404296875,,0.00412337202578783,,0.018367454409599304,,0.012286143377423286,,0.016678761690855026,,0.01837868057191372
,,1470,,,,,,,,,,,,,,,,4.291715595172718e-05,,0.0065364837646484375,,0.00806223601102829,,0.02452094294130802,,0.014297355897724628,,0.019271159544587135,,0.024563860148191452
,,1471,,,,,,,,,,,,,,,,2.9441949664033018e-05,,0.006053924560546875,,0.006677647121250629,,0.02413666620850563,,0.014393894001841545,,0.019119562581181526,,0.024166109040379524
,,1472,,,,,,,,,,,,,,,,1.4135406672721729e-05,,0.0033054351806640625,,0.0046269274316728115,,0.015411156229674816,,0.011528153903782368,,0.015277665108442307,,0.01542529184371233
,,1473,,,,,,,,,,,,,,,,2.3308719391934574e-05,,0.0051212310791015625,,0.005941527895629406,,0.019709480926394463,,0.013047896325588226,,0.017277341336011887,,0.01973279006779194
,,1474,,,,,,,,,,,,,,,,1.6167321518878452e-05,,0.0043582916259765625,,0.004948328714817762,,0.020407190546393394,,0.01251381915062666,,0.017580484971404076,,0.02042335830628872
,,1475,,,,,,,,,,,,,,,,3.825541352853179e-05,,0.0069522857666015625,,0.007611759938299656,,0.01754695549607277,,0.012044982053339481,,0.016301976516842842,,0.017585210502147675
,,1476,,,,,,,,,,,,,,,,1.1500585969770327e-05,,0.00353240966796875,,0.004173487890511751,,0.015741482377052307,,0.011666055768728256,,0.015440527349710464,,0.01575298234820366
,,1477,,,,,,,,,,,,,,,,2.0886114725726657e-05,,0.005279541015625,,0.005624302662909031,,0.018445495516061783,,0.012322346679866314,,0.016714155673980713,,0.01846638135612011
,,1478,,,,,,,,,,,,,,,,1.6842965123942122e-05,,0.0050506591796875,,0.0050506591796875,,0.010387512855231762,,0.009786121547222137,,0.012542822398245335,,0.010404355823993683
50,,6476,,,,,,,,,,,,,,,3.291820758022368e-05,,0.005537041462957859,,0.006635081488639116,,0.019875958561897278,,0.012746800668537617,,0.017222993075847626,,0.01962209865450859,
50,,6476,0.0010122162057086825,,0.03102446161210537,,0.03372281417250633,,0.041979964822530746,,0.018144408240914345,,0.024861913174390793,,0.042993467301130295,,,,,,,,,,,,,,,
,0.0005,6477,,,,,,,,,,,,,,,,,,,,,,,,,,,,
51,,6479,,0.0005380752263590693,,0.02068042755126953,,0.028547121211886406,,0.04072212427854538,,0.017729032784700394,,0.02483445219695568,,0.04126019775867462,,,,,,,,,,,,,,
51,,6489,,0.00011736455780919641,,0.011343002319335938,,0.013333098031580448,,0.03214859217405319,,0.017156075686216354,,0.02206583134829998,,0.032265957444906235,,,,,,,,,,,,,,
51,,6499,,0.0009295697091147304,,0.03582000732421875,,0.03752148151397705,,0.05762897804379463,,0.02014959044754505,,0.029543353244662285,,0.058558546006679535,,,,,,,,,,,,,,
51,,6509,,0.0002919604303315282,,0.01903247833251953,,0.02102908492088318,,0.028591442853212357,,0.016087858006358147,,0.020809292793273926,,0.028883403167128563,,,,,,,,,,,,,,
51,,6519,,0.0003131806442979723,,0.018566131591796875,,0.021778011694550514,,0.05152688920497894,,0.017633114010095596,,0.027935482561588287,,0.05184007063508034,,,,,,,,,,,,,,
51,,6529,,0.0007390369428321719,,0.03011608123779297,,0.03345666825771332,,0.05421134829521179,,0.02040514536201954,,0.0286539476364851,,0.05495038628578186,,,,,,,,,,,,,,
51,,6539,,0.0011865990236401558,,0.04115009307861328,,0.04239342361688614,,0.033196281641721725,,0.01624331809580326,,0.02242249809205532,,0.03438287973403931,,,,,,,,,,,,,,
51,,6549,,0.00043153620208613575,,0.021513938903808594,,0.025567522272467613,,0.04709700867533684,,0.01985161565244198,,0.026707669720053673,,0.047528546303510666,,,,,,,,,,,,,,
51,,6559,,0.009950285777449608,,0.12168598175048828,,0.1227615624666214,,0.07695763558149338,,0.025888584554195404,,0.03414013609290123,,0.08690792322158813,,,,,,,,,,,,,,
51,,6569,,0.008548365905880928,,0.11351966857910156,,0.11378377676010132,,0.0451708659529686,,0.020507432520389557,,0.026155833154916763,,0.053719229996204376,,,,,,,,,,,,,,
51,,6579,,0.00040894484845921397,,0.022876739501953125,,0.02488698624074459,,0.027905555441975594,,0.016019560396671295,,0.020558180287480354,,0.0283145010471344,,,,,,,,,,,,,,
51,,6589,,0.0002840161614585668,,0.010880470275878906,,0.02073976956307888,,0.026241173967719078,,0.015127019956707954,,0.019935674965381622,,0.026525190100073814,,,,,,,,,,,,,,
51,,6599,,0.0002634090487845242,,0.015315055847167969,,0.0199739970266819,,0.0353829562664032,,0.016945239156484604,,0.023149220272898674,,0.03564636409282684,,,,,,,,,,,,,,
,,1479,,,,,,,,,,,,,,,,6.6168955527246e-05,,0.0068607330322265625,,0.010010764002799988,,0.01790323294699192,,0.01237203273922205,,0.016466639935970306,,0.0179694015532732
,,1480,,,,,,,,,,,,,,,,1.1895150237251073e-05,,0.003757476806640625,,0.004244481213390827,,0.020890260115265846,,0.013203631155192852,,0.017787354066967964,,0.020902154967188835
,,1481,,,,,,,,,,,,,,,,2.2359370632329956e-05,,0.005481719970703125,,0.005819268058985472,,0.026196416467428207,,0.013962823897600174,,0.019918663427233696,,0.026218775659799576
,,1482,,,,,,,,,,,,,,,,1.9721312128240243e-05,,0.004718780517578125,,0.005465213675051928,,0.02359551377594471,,0.014192886650562286,,0.01890401728451252,,0.023615235462784767
,,1483,,,,,,,,,,,,,,,,1.1440240996307693e-05,,0.003620147705078125,,0.004162539262324572,,0.019244687631726265,,0.012070919387042522,,0.01707240752875805,,0.01925612799823284
,,1484,,,,,,,,,,,,,,,,2.1630914488923736e-05,,0.00484466552734375,,0.0057237036526203156,,0.01817622035741806,,0.012848377227783203,,0.016591709107160568,,0.01819785125553608
,,1485,,,,,,,,,,,,,,,,2.9864251700928435e-05,,0.0058135986328125,,0.006725348997861147,,0.018099704757332802,,0.012308421544730663,,0.01655675284564495,,0.018129568547010422
,,1486,,,,,,,,,,,,,,,,2.2733160221832804e-05,,0.004314422607421875,,0.005867708940058947,,0.011794943362474442,,0.010268958285450935,,0.013365563936531544,,0.011817676946520805
,,1487,,,,,,,,,,,,,,,,4.1619365219958127e-05,,0.0060787200927734375,,0.00793939083814621,,0.019393200054764748,,0.012820187024772167,,0.017138153314590454,,0.019434818997979164
,,1488,,,,,,,,,,,,,,,,4.564437040244229e-05,,0.007549285888671875,,0.008314426057040691,,0.018920306116342545,,0.012966794893145561,,0.016927914693951607,,0.01896595023572445
,,1489,,,,,,,,,,,,,,,,6.066035712137818e-05,,0.007694244384765625,,0.00958499126136303,,0.016446968540549278,,0.011489415541291237,,0.015782732516527176,,0.016507629305124283
,,1490,,,,,,,,,,,,,,,,3.9553240640088916e-05,,0.0072193145751953125,,0.00773978466168046,,0.02791881188750267,,0.014617268927395344,,0.020563064143061638,,0.02795836515724659
,,1491,,,,,,,,,,,,,,,,0.0001717655104584992,,0.0111541748046875,,0.01612900197505951,,0.026450559496879578,,0.014855124987661839,,0.020015055313706398,,0.02662232518196106
,,1492,,,,,,,,,,,,,,,,3.713517799042165e-05,,0.0061931610107421875,,0.007499483413994312,,0.02342389151453972,,0.013883133418858051,,0.01883513480424881,,0.023461027070879936
,,1493,,,,,,,,,,,,,,,,5.353860615286976e-05,,0.0067920684814453125,,0.009004794992506504,,0.029074816033244133,,0.014635222032666206,,0.020984463393688202,,0.02912835404276848
,,1494,,,,,,,,,,,,,,,,1.3047156244283542e-05,,0.003940582275390625,,0.004445259924978018,,0.01201428659260273,,0.01025026012212038,,0.01348926778882742,,0.012027333490550518
,,1495,,,,,,,,,,,,,,,,4.364474443718791e-05,,0.006649017333984375,,0.008130282163619995,,0.019119657576084137,,0.012801988050341606,,0.017016857862472534,,0.019163303077220917
,,1496,,,,,,,,,,,,,,,,2.1358802769100294e-05,,0.005191802978515625,,0.00568757439032197,,0.012560941278934479,,0.010504849255084991,,0.013792734593153,,0.01258230023086071
,,1497,,,,,,,,,,,,,,,,1.3957860574009828e-05,,0.0040435791015625,,0.004597772378474474,,0.013982158154249191,,0.010866133496165276,,0.014552123844623566,,0.013996115885674953
,,1498,,,,,,,,,,,,,,,,1.1010761227225885e-05,,0.003978729248046875,,0.004083643667399883,,0.018192695453763008,,0.012177694588899612,,0.016599226742982864,,0.018203705549240112
,,1499,,,,,,,,,,,,,,,,3.926167482859455e-05,,0.0062503814697265625,,0.007711248006671667,,0.02423209138214588,,0.014171086251735687,,0.019157320261001587,,0.024271352216601372
,,1500,,,,,,,,,,,,,,,,2.4743183530517854e-05,,0.0052547454833984375,,0.006121625192463398,,0.023852847516536713,,0.01428032387048006,,0.019006822258234024,,0.023877590894699097
,,1501,,,,,,,,,,,,,,,,1.3978881725051906e-05,,0.0033435821533203125,,0.0046012429520487785,,0.015261481516063213,,0.011458195745944977,,0.015203294344246387,,0.015275460667908192
,,1502,,,,,,,,,,,,,,,,2.2576616174774244e-05,,0.005107879638671875,,0.005847476888448,,0.019469060003757477,,0.012959946878254414,,0.017171641811728477,,0.019491637125611305
,,1503,,,,,,,,,,,,,,,,1.5917110431473702e-05,,0.004268646240234375,,0.004909881390631199,,0.02065139077603817,,0.012574843131005764,,0.017685361206531525,,0.02066730707883835
,,1504,,,,,,,,,,,,,,,,3.3673881262075156e-05,,0.0063838958740234375,,0.00714142108336091,,0.017686082050204277,,0.012108837254345417,,0.01636647991836071,,0.017719756811857224
,,1505,,,,,,,,,,,,,,,,1.209725178341614e-05,,0.003620147705078125,,0.004280396271497011,,0.015778494998812675,,0.011656470596790314,,0.015458669513463974,,0.01579059287905693
,,1506,,,,,,,,,,,,,,,,2.04263960768003e-05,,0.00527191162109375,,0.00556205864995718,,0.018506065011024475,,0.01230573933571577,,0.01674157753586769,,0.018526490777730942
,,1507,,,,,,,,,,,,,,,,1.4394545360119082e-05,,0.004669189453125,,0.004669189453125,,0.01049569807946682,,0.009684235788881779,,0.012607967481017113,,0.010510092601180077
51,,6603,,,,,,,,,,,,,,,3.353683860041201e-05,,0.005545993335545063,,0.006682113744318485,,0.01956084556877613,,0.012651452794671059,,0.017092516645789146,,0.019320284947752953,
51,,6603,0.00140715716406703,,0.03408452123403549,,0.03662589564919472,,0.04283546283841133,,0.01853543519973755,,0.02515299804508686,,0.044234223663806915,,,,,,,,,,,,,,,
,0.0005,6604,,,,,,,,,,,,,,,,,,,,,,,,,,,,
52,,6609,,0.00022237602388486266,,0.017484664916992188,,0.018353354185819626,,0.03045186959207058,,0.01610524207353592,,0.021475650370121002,,0.030674245208501816,,,,,,,,,,,,,,
52,,6619,,0.00014981720596551895,,0.011372566223144531,,0.015062741003930569,,0.023726800456643105,,0.014666439965367317,,0.018956530839204788,,0.023876618593931198,,,,,,,,,,,,,,
52,,6629,,6.636737089138478e-05,,0.0077686309814453125,,0.010027352720499039,,0.030860019847750664,,0.016180044040083885,,0.02161909081041813,,0.030926387757062912,,,,,,,,,,,,,,
52,,6639,,0.0005503498832695186,,0.019727706909179688,,0.028871046379208565,,0.035028841346502304,,0.01781655289232731,,0.02303308993577957,,0.03557918965816498,,,,,,,,,,,,,,
52,,6649,,0.0012043758761137724,,0.039551734924316406,,0.04270998015999794,,0.05017049238085747,,0.01862555928528309,,0.027565352618694305,,0.05137486755847931,,,,,,,,,,,,,,
52,,6659,,0.0010104611283168197,,0.03568840026855469,,0.03911956399679184,,0.048546548932790756,,0.019589640200138092,,0.027115553617477417,,0.04955701157450676,,,,,,,,,,,,,,
52,,6669,,0.0008835925837047398,,0.036004066467285156,,0.03658097982406616,,0.027339443564414978,,0.015504254959523678,,0.020348578691482544,,0.028223035857081413,,,,,,,,,,,,,,
52,,6679,,0.0006254505133256316,,0.029976844787597656,,0.030776506289839745,,0.025268826633691788,,0.014884843491017818,,0.019562840461730957,,0.025894276797771454,,,,,,,,,,,,,,
52,,6689,,0.0017428849823772907,,0.050993919372558594,,0.05137829855084419,,0.025134677067399025,,0.014814342372119427,,0.019510839134454727,,0.02687756158411503,,,,,,,,,,,,,,
52,,6699,,0.0032847316469997168,,0.0700540542602539,,0.07053478062152863,,0.03144903853535652,,0.0159846693277359,,0.021824434399604797,,0.03473376855254173,,,,,,,,,,,,,,
52,,6709,,0.00082476093666628,,0.03482627868652344,,0.035342585295438766,,0.01913842372596264,,0.012837683781981468,,0.017025206238031387,,0.019963184371590614,,,,,,,,,,,,,,
52,,6719,,0.00021928403293713927,,0.017487525939941406,,0.018224317580461502,,0.022084586322307587,,0.013575784862041473,,0.01828874833881855,,0.0223038699477911,,,,,,,,,,,,,,
52,,6729,,0.00040358660044148564,,0.022573471069335938,,0.024721497669816017,,0.02619798481464386,,0.015071247704327106,,0.019919265061616898,,0.026601571589708328,,,,,,,,,,,,,,
,,1508,,,,,,,,,,,,,,,,6.439464050345123e-05,,0.0065670013427734375,,0.009875624440610409,,0.01796230673789978,,0.012383611872792244,,0.016493787989020348,,0.018026702105998993
,,1509,,,,,,,,,,,,,,,,1.1658103176159784e-05,,0.00374603271484375,,0.00420196121558547,,0.020831560716032982,,0.013201989233493805,,0.01776234619319439,,0.02084321901202202
,,1510,,,,,,,,,,,,,,,,2.249418685096316e-05,,0.0054645538330078125,,0.005836803466081619,,0.025612197816371918,,0.013674416579306126,,0.019695304334163666,,0.02563469111919403
,,1511,,,,,,,,,,,,,,,,2.018136001424864e-05,,0.0048675537109375,,0.0055286162532866,,0.023065291345119476,,0.013970088213682175,,0.018690407276153564,,0.023085473105311394
,,1512,,,,,,,,,,,,,,,,1.0192891750193667e-05,,0.0031452178955078125,,0.003929052967578173,,0.01863912120461464,,0.011942007578909397,,0.016801653429865837,,0.01864931359887123
,,1513,,,,,,,,,,,,,,,,2.2397896827897057e-05,,0.005084991455078125,,0.005824292078614235,,0.017662879079580307,,0.012602152302861214,,0.016355736181139946,,0.01768527738749981
,,1514,,,,,,,,,,,,,,,,2.8119658963987604e-05,,0.00556182861328125,,0.00652596028521657,,0.017668548971414566,,0.012181929312646389,,0.01635836437344551,,0.017696669325232506
,,1515,,,,,,,,,,,,,,,,2.51945366471773e-05,,0.0045871734619140625,,0.006177202332764864,,0.01164322905242443,,0.010175066068768501,,0.013279328122735023,,0.011668423190712929
,,1516,,,,,,,,,,,,,,,,3.869552165269852e-05,,0.0059833526611328125,,0.0076554217375814915,,0.01903216913342476,,0.01266395766288042,,0.016977880150079727,,0.019070863723754883
,,1517,,,,,,,,,,,,,,,,4.296672705095261e-05,,0.0074710845947265625,,0.00806686282157898,,0.018132727593183517,,0.012688137590885162,,0.016571849584579468,,0.018175695091485977
,,1518,,,,,,,,,,,,,,,,5.234762284089811e-05,,0.007080078125,,0.008904049172997475,,0.016428109258413315,,0.011435536667704582,,0.015773683786392212,,0.0164804570376873
,,1519,,,,,,,,,,,,,,,,3.800968261202797e-05,,0.0071849822998046875,,0.007587249856442213,,0.027487529441714287,,0.01447902712970972,,0.02040361613035202,,0.027525538578629494
,,1520,,,,,,,,,,,,,,,,0.00016275866073556244,,0.010862350463867188,,0.015700416639447212,,0.024638088420033455,,0.014417808502912521,,0.019317148253321648,,0.024800846353173256
,,1521,,,,,,,,,,,,,,,,3.48654248227831e-05,,0.0059566497802734375,,0.007266690954566002,,0.023107709363102913,,0.013720523566007614,,0.018707584589719772,,0.023142574355006218
,,1522,,,,,,,,,,,,,,,,5.47425115655642e-05,,0.0066547393798828125,,0.009105478413403034,,0.029084092006087303,,0.014581049792468548,,0.020987804979085922,,0.0291388351470232
,,1523,,,,,,,,,,,,,,,,1.1288857422186993e-05,,0.003574371337890625,,0.004134885501116514,,0.011680175550282001,,0.0100619001314044,,0.013300376944243908,,0.011691464111208916
,,1524,,,,,,,,,,,,,,,,4.154125053901225e-05,,0.006374359130859375,,0.007931921631097794,,0.018981069326400757,,0.012731955386698246,,0.016955070197582245,,0.019022610038518906
,,1525,,,,,,,,,,,,,,,,1.9210661776014604e-05,,0.00489044189453125,,0.005393992643803358,,0.012266245670616627,,0.010355044156312943,,0.013629977591335773,,0.01228545606136322
,,1526,,,,,,,,,,,,,,,,1.0744381143013015e-05,,0.003589630126953125,,0.004033944569528103,,0.013805905357003212,,0.010819272138178349,,0.014460112899541855,,0.01381665002554655
,,1527,,,,,,,,,,,,,,,,1.1030388122890145e-05,,0.00377655029296875,,0.004087291192263365,,0.018059099093079567,,0.012128066271543503,,0.016538167372345924,,0.018070129677653313
,,1528,,,,,,,,,,,,,,,,4.073946183780208e-05,,0.0064563751220703125,,0.007855022326111794,,0.02403290383517742,,0.014065442606806755,,0.01907842420041561,,0.0240736436098814
,,1529,,,,,,,,,,,,,,,,2.4233133444795385e-05,,0.0053272247314453125,,0.006058217491954565,,0.02300811931490898,,0.014024618081748486,,0.018667228519916534,,0.023032352328300476
,,1530,,,,,,,,,,,,,,,,1.3858194506610744e-05,,0.003337860107421875,,0.004581335466355085,,0.014665422961115837,,0.011274656280875206,,0.014903443865478039,,0.014679281041026115
,,1531,,,,,,,,,,,,,,,,1.882970354927238e-05,,0.0046558380126953125,,0.005340246483683586,,0.019389085471630096,,0.012881480157375336,,0.017136337235569954,,0.019407914951443672
,,1532,,,,,,,,,,,,,,,,1.4320093214337248e-05,,0.0040874481201171875,,0.004657065961509943,,0.01984933577477932,,0.01234122272580862,,0.017338527366518974,,0.019863655790686607
,,1533,,,,,,,,,,,,,,,,3.436263796174899e-05,,0.0065097808837890625,,0.007214093580842018,,0.017152804881334305,,0.01189719419926405,,0.016117846593260765,,0.017187166959047318
,,1534,,,,,,,,,,,,,,,,1.143219560617581e-05,,0.00345611572265625,,0.004161063581705093,,0.015532592311501503,,0.011533515527844429,,0.01533773634582758,,0.015544024296104908
,,1535,,,,,,,,,,,,,,,,1.8395938241155818e-05,,0.0049285888671875,,0.005278377793729305,,0.018012741580605507,,0.012138616293668747,,0.016516925767064095,,0.018031137064099312
,,1536,,,,,,,,,,,,,,,,1.3287783986015711e-05,,0.004486083984375,,0.004486083984375,,0.010441840626299381,,0.009587670676410198,,0.012575577944517136,,0.010455128736793995
52,,6730,,,,,,,,,,,,,,,3.2023730454966426e-05,,0.005395304411649704,,0.006523516029119492,,0.019155068323016167,,0.012500224635004997,,0.016914796084165573,,0.018923625349998474,
52,,6730,0.0009462967864237726,,0.030491959303617477,,0.03238013759255409,,0.029436884447932243,,0.01561012677848339,,0.020952189341187477,,0.030376970767974854,,,,,,,,,,,,,,,
,0.0005,6731,,,,,,,,,,,,,,,,,,,,,,,,,,,,
53,,6739,,9.067165956366807e-05,,0.00931549072265625,,0.011717102490365505,,0.02111993543803692,,0.013468720950186253,,0.017884861677885056,,0.021210607141256332,,,,,,,,,,,,,,
53,,6749,,0.0005820820806547999,,0.028183937072753906,,0.029691362753510475,,0.023018693551421165,,0.013750252313911915,,0.018671521916985512,,0.023600775748491287,,,,,,,,,,,,,,
53,,6759,,5.3772033425047994e-05,,0.007445335388183594,,0.009023821912705898,,0.0382310226559639,,0.01674584485590458,,0.0240628644824028,,0.0382847934961319,,,,,,,,,,,,,,
53,,6769,,0.0004492339212447405,,0.0257568359375,,0.02608286589384079,,0.024127265438437462,,0.014680401422083378,,0.019115841016173363,,0.024576500058174133,,,,,,,,,,,,,,
53,,6779,,0.00018397870007902384,,0.014904975891113281,,0.016691749915480614,,0.023124463856220245,,0.014328746125102043,,0.01871436834335327,,0.023308442905545235,,,,,,,,,,,,,,
53,,6789,,0.002014442579820752,,0.051079750061035156,,0.05523473024368286,,0.07821382582187653,,0.022012731060385704,,0.03441764786839485,,0.08022826910018921,,,,,,,,,,,,,,
53,,6799,,0.00023322728520724922,,0.016701698303222656,,0.018794124945998192,,0.05489218607544899,,0.021810714155435562,,0.02883332222700119,,0.055125411599874496,,,,,,,,,,,,,,
53,,6809,,0.00031985557870939374,,0.021148681640625,,0.022007714956998825,,0.027625760063529015,,0.015624376013875008,,0.020454857498407364,,0.027945615351200104,,,,,,,,,,,,,,
53,,6819,,0.00015471158258151263,,0.013937950134277344,,0.015308218076825142,,0.02212578058242798,,0.013979228213429451,,0.01830579712986946,,0.022280491888523102,,,,,,,,,,,,,,
53,,6829,,0.0003609905543271452,,0.022283554077148438,,0.02338339015841484,,0.02523775026202202,,0.014684691093862057,,0.019550805911421776,,0.025598740205168724,,,,,,,,,,,,,,
53,,6839,,0.000348259141901508,,0.019301414489746094,,0.022965306416153908,,0.02349601872265339,,0.014231491833925247,,0.018864115700125694,,0.0238442774862051,,,,,,,,,,,,,,
53,,6849,,5.757502367487177e-05,,0.008482933044433594,,0.009338412433862686,,0.021824553608894348,,0.013781797140836716,,0.018180757761001587,,0.021882127970457077,,,,,,,,,,,,,,
,,1537,,,,,,,,,,,,,,,,3.872963134199381e-05,,0.00545501708984375,,0.007658833172172308,,0.017745528370141983,,0.012302358634769917,,0.016393955796957016,,0.017784258350729942
,,1538,,,,,,,,,,,,,,,,1.343045641988283e-05,,0.0041904449462890625,,0.0045100790448486805,,0.0205584317445755,,0.013082604855298996,,0.017645515501499176,,0.020571861416101456
,,1539,,,,,,,,,,,,,,,,2.0363786461530253e-05,,0.0052051544189453125,,0.005553525872528553,,0.02647966518998146,,0.013826074078679085,,0.020026056095957756,,0.026500029489398003
,,1540,,,,,,,,,,,,,,,,2.0287245206418447e-05,,0.004970550537109375,,0.005543089937418699,,0.02262849174439907,,0.01388521958142519,,0.018512586131691933,,0.022648779675364494
,,1541,,,,,,,,,,,,,,,,1.0093612218042836e-05,,0.0031490325927734375,,0.003909880295395851,,0.019041461870074272,,0.011844299733638763,,0.016982030123472214,,0.019051555544137955
,,1542,,,,,,,,,,,,,,,,2.1691506844945252e-05,,0.005069732666015625,,0.005731711629778147,,0.01730319857597351,,0.0124941011890769,,0.016188349574804306,,0.017324890941381454
,,1543,,,,,,,,,,,,,,,,2.5876281142700464e-05,,0.0053348541259765625,,0.006260226015001535,,0.017149200662970543,,0.012038965709507465,,0.016116149723529816,,0.01717507652938366
,,1544,,,,,,,,,,,,,,,,2.0690711608040147e-05,,0.0042171478271484375,,0.005597919691354036,,0.011293333023786545,,0.010051759891211987,,0.013078274205327034,,0.011314023286104202
,,1545,,,,,,,,,,,,,,,,3.662729432107881e-05,,0.00583648681640625,,0.007448024116456509,,0.018989037722349167,,0.01267100777477026,,0.016958633437752724,,0.019025664776563644
,,1546,,,,,,,,,,,,,,,,3.858475247398019e-05,,0.006999969482421875,,0.007644447963684797,,0.017688563093543053,,0.012534987181425095,,0.016367623582482338,,0.017727147787809372
,,1547,,,,,,,,,,,,,,,,4.7279841965064406e-05,,0.0066699981689453125,,0.008462080731987953,,0.015570865012705326,,0.011168615892529488,,0.015356624498963356,,0.015618144534528255
,,1548,,,,,,,,,,,,,,,,3.290425956947729e-05,,0.006542205810546875,,0.007059317547827959,,0.027032770216464996,,0.014302140101790428,,0.020234134048223495,,0.02706567384302616
,,1549,,,,,,,,,,,,,,,,0.00015722052194178104,,0.010402679443359375,,0.015431004576385021,,0.02330734208226204,,0.014054907485842705,,0.01878822222352028,,0.023464562371373177
,,1550,,,,,,,,,,,,,,,,3.060710150748491e-05,,0.00568389892578125,,0.006808468606323004,,0.023127825930714607,,0.013709154911339283,,0.01871572434902191,,0.02315843291580677
,,1551,,,,,,,,,,,,,,,,5.614211841020733e-05,,0.006725311279296875,,0.009221138432621956,,0.028395289555191994,,0.014353212900459766,,0.020737789571285248,,0.028451431542634964
,,1552,,,,,,,,,,,,,,,,1.0614623533911072e-05,,0.0034236907958984375,,0.004009509924799204,,0.011410361155867577,,0.009938377887010574,,0.013145862147212029,,0.01142097543925047
,,1553,,,,,,,,,,,,,,,,3.655014734249562e-05,,0.0059051513671875,,0.00744018517434597,,0.018458418548107147,,0.012468965724110603,,0.016720011830329895,,0.018494969233870506
,,1554,,,,,,,,,,,,,,,,1.7056525393854827e-05,,0.004589080810546875,,0.005082579795271158,,0.012074911966919899,,0.010241132229566574,,0.013523256406188011,,0.012091968208551407
,,1555,,,,,,,,,,,,,,,,1.0169391316594556e-05,,0.0033817291259765625,,0.003924516960978508,,0.013637116178870201,,0.010730801150202751,,0.014371448196470737,,0.013647285290062428
,,1556,,,,,,,,,,,,,,,,1.0017103704740293e-05,,0.0034694671630859375,,0.003895024536177516,,0.01785687729716301,,0.012039268389344215,,0.016445310786366463,,0.017866894602775574
,,1557,,,,,,,,,,,,,,,,3.943210685974918e-05,,0.006443023681640625,,0.00772795919328928,,0.02394070103764534,,0.014074515551328659,,0.019041789695620537,,0.02398013323545456
,,1558,,,,,,,,,,,,,,,,2.5140660000033677e-05,,0.005504608154296875,,0.006170600187033415,,0.02236967347562313,,0.013811650685966015,,0.01840641349554062,,0.0223948135972023
,,1559,,,,,,,,,,,,,,,,1.2887659067928325e-05,,0.0033588409423828125,,0.004418002441525459,,0.014518233016133308,,0.01121431216597557,,0.01482846587896347,,0.014531120657920837
,,1560,,,,,,,,,,,,,,,,1.851439810707234e-05,,0.0045680999755859375,,0.005295346491038799,,0.018942702561616898,,0.012791695073246956,,0.016937926411628723,,0.018961217254400253
,,1561,,,,,,,,,,,,,,,,1.4026252756593749e-05,,0.003997802734375,,0.004609038587659597,,0.019098429009318352,,0.012098390609025955,,0.017007404938340187,,0.01911245472729206
,,1562,,,,,,,,,,,,,,,,3.271767127444036e-05,,0.006427764892578125,,0.007039318792521954,,0.01648140884935856,,0.011633039452135563,,0.015799252316355705,,0.0165141262114048
,,1563,,,,,,,,,,,,,,,,1.2245118341525085e-05,,0.0036258697509765625,,0.004306484013795853,,0.015229540877044201,,0.011369404383003712,,0.01518737617880106,,0.015241785906255245
,,1564,,,,,,,,,,,,,,,,1.594849891262129e-05,,0.0044841766357421875,,0.004914730787277222,,0.017584694549441338,,0.011963196098804474,,0.01631949469447136,,0.017600642517209053
,,1565,,,,,,,,,,,,,,,,1.2928700016345829e-05,,0.004425048828125,,0.004425048828125,,0.009846276603639126,,0.009349371306598186,,0.012211681343615055,,0.009859205223619938
53,,6857,,,,,,,,,,,,,,,2.9420991268125363e-05,,0.005197686143219471,,0.006265820004045963,,0.01881403848528862,,0.012368456460535526,,0.016759544610977173,,0.018572384491562843,
53,,6857,0.0007039038464426994,,0.02476636692881584,,0.02680767886340618,,0.02912142500281334,,0.015453008934855461,,0.02077086828649044,,0.029822777956724167,,,,,,,,,,,,,,,
,0.0005,6858,,,,,,,,,,,,,,,,,,,,,,,,,,,,
54,,6859,,0.0006291636964306235,,0.02759838104248047,,0.03086828626692295,,0.03193514049053192,,0.01655503548681736,,0.021992452442646027,,0.032564304769039154,,,,,,,,,,,,,,
54,,6869,,0.00018818266107700765,,0.013241767883300781,,0.01688094437122345,,0.024261321872472763,,0.01390942744910717,,0.019168872386217117,,0.024449504911899567,,,,,,,,,,,,,,
54,,6879,,9.490916272625327e-05,,0.008637428283691406,,0.011989329941570759,,0.025035280734300613,,0.014613313600420952,,0.01947222650051117,,0.025130189955234528,,,,,,,,,,,,,,
54,,6889,,0.0012169412802904844,,0.04174232482910156,,0.042930394411087036,,0.025085365399718285,,0.01446907315403223,,0.019491689279675484,,0.026302305981516838,,,,,,,,,,,,,,
54,,6899,,0.0021731448359787464,,0.05644512176513672,,0.05737082660198212,,0.028149627149105072,,0.01572919823229313,,0.020647887140512466,,0.03032277151942253,,,,,,,,,,,,,,
54,,6909,,0.00013499829219654202,,0.01123046875,,0.014299305155873299,,0.030773621052503586,,0.016312265768647194,,0.021588807925581932,,0.030908619984984398,,,,,,,,,,,,,,
54,,6919,,0.003719011787325144,,0.07068443298339844,,0.07505194842815399,,0.02297968603670597,,0.013892964459955692,,0.018655693158507347,,0.026698697358369827,,,,,,,,,,,,,,
54,,6929,,0.002047536429017782,,0.05418205261230469,,0.05568617582321167,,0.017735986039042473,,0.012366519309580326,,0.016389548778533936,,0.019783522933721542,,,,,,,,,,,,,,
54,,6939,,4.93134866701439e-05,,0.006903648376464844,,0.008643421344459057,,0.020210575312376022,,0.013010133989155293,,0.017495593056082726,,0.020259888842701912,,,,,,,,,,,,,,
54,,6949,,0.0002508247271180153,,0.01775074005126953,,0.019488537684082985,,0.02323327586054802,,0.014258813112974167,,0.018758347257971764,,0.02348409965634346,,,,,,,,,,,,,,
54,,6959,,0.0012926001800224185,,0.04185771942138672,,0.04424699395895004,,0.0703897625207901,,0.021802451461553574,,0.03265080973505974,,0.07168236374855042,,,,,,,,,,,,,,
54,,6969,,0.0001607687445357442,,0.012665748596191406,,0.015604838728904724,,0.04057331755757332,,0.018935926258563995,,0.024789031594991684,,0.04073408618569374,,,,,,,,,,,,,,
54,,6979,,0.0017885166453197598,,0.050604820251464844,,0.05204661935567856,,0.03727677837014198,,0.017268331721425056,,0.023760661482810974,,0.039065293967723846,,,,,,,,,,,,,,
,,1566,,,,,,,,,,,,,,,,3.268329965067096e-05,,0.005283355712890625,,0.007035658694803715,,0.017107155174016953,,0.01212234701961279,,0.016096381470561028,,0.017139839008450508
,,1567,,,,,,,,,,,,,,,,1.5418454495375045e-05,,0.0046710968017578125,,0.004832349717617035,,0.020416870713233948,,0.012998188845813274,,0.017584657296538353,,0.02043228968977928
,,1568,,,,,,,,,,,,,,,,2.1295614715199918e-05,,0.005290985107421875,,0.005679155234247446,,0.02538098767399788,,0.013604653999209404,,0.019606200978159904,,0.025402283295989037
,,1569,,,,,,,,,,,,,,,,1.905908720800653e-05,,0.004726409912109375,,0.005372670479118824,,0.022295726463198662,,0.013801276683807373,,0.01837596297264099,,0.022314785048365593
,,1570,,,,,,,,,,,,,,,,1.0363979527028278e-05,,0.003345489501953125,,0.003961889538913965,,0.01794789358973503,,0.011693475767970085,,0.01648716814815998,,0.017958257347345352
,,1571,,,,,,,,,,,,,,,,2.026297624979634e-05,,0.00482940673828125,,0.005539759993553162,,0.017152585089206696,,0.01245846040546894,,0.01611773855984211,,0.01717284880578518
,,1572,,,,,,,,,,,,,,,,2.074348958558403e-05,,0.0046176910400390625,,0.005605063866823912,,0.017059218138456345,,0.011989008635282516,,0.016073813661932945,,0.01707996241748333
,,1573,,,,,,,,,,,,,,,,2.1363372070482e-05,,0.00424957275390625,,0.005688177887350321,,0.010969732888042927,,0.009894978255033493,,0.012889539822936058,,0.010991096496582031
,,1574,,,,,,,,,,,,,,,,3.6803499824600294e-05,,0.0060100555419921875,,0.007465925067663193,,0.018702339380979538,,0.012531844899058342,,0.016830123960971832,,0.018739143386483192
,,1575,,,,,,,,,,,,,,,,3.77204196411185e-05,,0.0068988800048828125,,0.007558352779597044,,0.017690954729914665,,0.012514104135334492,,0.016368728131055832,,0.01772867515683174
,,1576,,,,,,,,,,,,,,,,4.392581104184501e-05,,0.0063629150390625,,0.008156407624483109,,0.015204938128590584,,0.010981380939483643,,0.015175102278590202,,0.015248863957822323
,,1577,,,,,,,,,,,,,,,,3.7279427488101646e-05,,0.0067043304443359375,,0.007514037657529116,,0.025890357792377472,,0.014059086330235004,,0.019801968708634377,,0.02592763677239418
,,1578,,,,,,,,,,,,,,,,0.00017995030793827027,,0.010936737060546875,,0.016508813947439194,,0.02301597408950329,,0.01400430966168642,,0.01867041550576687,,0.02319592423737049
,,1579,,,,,,,,,,,,,,,,3.413306694710627e-05,,0.0059261322021484375,,0.007189956493675709,,0.022386152297258377,,0.013480370864272118,,0.018413187935948372,,0.022420285269618034
,,1580,,,,,,,,,,,,,,,,5.741320637753233e-05,,0.0067348480224609375,,0.009324947372078896,,0.02710638754069805,,0.014095167629420757,,0.02026166394352913,,0.027163799852132797
,,1581,,,,,,,,,,,,,,,,9.74314480117755e-06,,0.0032596588134765625,,0.0038413945585489273,,0.011178732849657536,,0.009862303733825684,,0.013011747039854527,,0.011188476346433163
,,1582,,,,,,,,,,,,,,,,3.4694890928221866e-05,,0.0057315826416015625,,0.0072488985024392605,,0.017620978876948357,,0.012246273458003998,,0.01633632369339466,,0.01765567436814308
,,1583,,,,,,,,,,,,,,,,1.6857946320669726e-05,,0.00452423095703125,,0.005052900407463312,,0.011649410240352154,,0.010078714229166508,,0.013282849453389645,,0.011666268110275269
,,1584,,,,,,,,,,,,,,,,8.95642278919695e-06,,0.0030956268310546875,,0.0036830343306064606,,0.013241469860076904,,0.0105770044028759,,0.014161440543830395,,0.013250426389276981
,,1585,,,,,,,,,,,,,,,,1.0590300917101558e-05,,0.0035953521728515625,,0.0040049199014902115,,0.017584113404154778,,0.011899526230990887,,0.01631922647356987,,0.017594704404473305
,,1586,,,,,,,,,,,,,,,,3.940091482945718e-05,,0.006328582763671875,,0.007724903989583254,,0.02351878583431244,,0.013926778919994831,,0.018873251974582672,,0.02355818636715412
,,1587,,,,,,,,,,,,,,,,2.3951502953423187e-05,,0.0053043365478515625,,0.0060229008086025715,,0.02222984842956066,,0.013759840279817581,,0.018348796293139458,,0.022253800183534622
,,1588,,,,,,,,,,,,,,,,1.0967151865770575e-05,,0.003223419189453125,,0.004075539298355579,,0.014155732467770576,,0.011051075533032417,,0.014642172493040562,,0.014166699722409248
,,1589,,,,,,,,,,,,,,,,1.642526149225887e-05,,0.0043087005615234375,,0.00498764356598258,,0.018792573362588882,,0.01275506429374218,,0.01687067374587059,,0.0188089981675148
,,1590,,,,,,,,,,,,,,,,1.229949248227058e-05,,0.003742218017578125,,0.0043160258792340755,,0.018638230860233307,,0.011970026418566704,,0.016801249235868454,,0.01865052990615368
,,1591,,,,,,,,,,,,,,,,3.4257602237630635e-05,,0.0067138671875,,0.007203057408332825,,0.016301119700074196,,0.011538508348166943,,0.01571260206401348,,0.01633537746965885
,,1592,,,,,,,,,,,,,,,,1.3467285498336423e-05,,0.00383758544921875,,0.004516272805631161,,0.015000833198428154,,0.011252964846789837,,0.015072907321155071,,0.015014300122857094
,,1593,,,,,,,,,,,,,,,,1.6395762941101566e-05,,0.0044879913330078125,,0.004983171820640564,,0.01702980138361454,,0.011798018589615822,,0.01605994440615177,,0.01704619638621807
,,1594,,,,,,,,,,,,,,,,1.4964526599214878e-05,,0.0047607421875,,0.0047607421875,,0.00965399481356144,,0.009395821951329708,,0.01209185179322958,,0.009668959304690361
54,,6984,,,,,,,,,,,,,,,2.9806018574163318e-05,,0.005167507566511631,,0.006246717646718025,,0.018363580107688904,,0.012235350906848907,,0.016560258343815804,,0.018130147829651833,
54,,6984,0.000833190861158073,,0.028077419847249985,,0.030232945457100868,,0.028116166591644287,,0.015146611258387566,,0.020360680297017097,,0.028948238119482994,,,,,,,,,,,,,,,
,0.0005,6985,,,,,,,,,,,,,,,,,,,,,,,,,,,,
55,,6989,,0.0015917744021862745,,0.04878997802734375,,0.0491006001830101,,0.03386979550123215,,0.016690891236066818,,0.022648824378848076,,0.03546157106757164,,,,,,,,,,,,,,
55,,6999,,0.0002009659947361797,,0.015743255615234375,,0.017444822937250137,,0.027033111080527306,,0.015493563376367092,,0.020234260708093643,,0.02723407745361328,,,,,,,,,,,,,,
55,,7009,,0.0002092931536026299,,0.015933990478515625,,0.017805200070142746,,0.026643037796020508,,0.015310395509004593,,0.020087745040655136,,0.026852330192923546,,,,,,,,,,,,,,
55,,7019,,6.813414802309126e-05,,0.0068511962890625,,0.010158729739487171,,0.02647290751338005,,0.015258450992405415,,0.020023509860038757,,0.02654104121029377,,,,,,,,,,,,,,
55,,7029,,0.0007390068494714797,,0.032113075256347656,,0.03345629945397377,,0.02292817085981369,,0.013989976607263088,,0.018634764477610588,,0.02366717718541622,,,,,,,,,,,,,,
55,,7039,,0.00357593921944499,,0.07304000854492188,,0.07359142601490021,,0.026569081470370293,,0.014300663955509663,,0.020059840753674507,,0.03014502115547657,,,,,,,,,,,,,,
55,,7049,,0.0017459364607930183,,0.05113792419433594,,0.05142169073224068,,0.02301982417702675,,0.01423355471342802,,0.018671970814466476,,0.024765759706497192,,,,,,,,,,,,,,
55,,7059,,0.0002183218894060701,,0.017296791076660156,,0.01818297989666462,,0.029961980879306793,,0.015589205548167229,,0.021302204579114914,,0.030180303379893303,,,,,,,,,,,,,,
55,,7069,,0.002023145090788603,,0.05345726013183594,,0.05535473674535751,,0.02916504070162773,,0.01569143496453762,,0.02101699821650982,,0.03118818625807762,,,,,,,,,,,,,,
55,,7079,,0.004580874927341938,,0.08146476745605469,,0.08329308778047562,,0.06019238010048866,,0.02024477906525135,,0.030193272978067398,,0.06477325409650803,,,,,,,,,,,,,,
55,,7089,,9.501292515778914e-05,,0.006728172302246094,,0.011997186578810215,,0.025535814464092255,,0.014823217876255512,,0.019665919244289398,,0.025630827993154526,,,,,,,,,,,,,,
55,,7099,,0.0009531197138130665,,0.03621101379394531,,0.03799477219581604,,0.0326848104596138,,0.01655469834804535,,0.022249091416597366,,0.03363792970776558,,,,,,,,,,,,,,
55,,7109,,0.00015983496268745512,,0.013295173645019531,,0.015559607185423374,,0.028488509356975555,,0.016019973903894424,,0.020771801471710205,,0.028648344799876213,,,,,,,,,,,,,,
,,1595,,,,,,,,,,,,,,,,2.7340593078406528e-05,,0.00482177734375,,0.006434913724660873,,0.016975509002804756,,0.012051488272845745,,0.016034327447414398,,0.017002848908305168
,,1596,,,,,,,,,,,,,,,,1.343984422419453e-05,,0.0043621063232421875,,0.004511653445661068,,0.020128119736909866,,0.012816673144698143,,0.017459865659475327,,0.020141558721661568
,,1597,,,,,,,,,,,,,,,,2.1493746316991746e-05,,0.0053272247314453125,,0.0057055093348026276,,0.025255387648940086,,0.013537473976612091,,0.019557630643248558,,0.025276880711317062
,,1598,,,,,,,,,,,,,,,,1.7865349946077913e-05,,0.00421905517578125,,0.0052017029374837875,,0.02140566147863865,,0.013537775725126266,,0.018005434423685074,,0.021423526108264923
,,1599,,,,,,,,,,,,,,,,1.0858794667001348e-05,,0.003429412841796875,,0.0040553659200668335,,0.017734788358211517,,0.011515548452734947,,0.016388997435569763,,0.017745647579431534
,,1600,,,,,,,,,,,,,,,,1.778442492650356e-05,,0.0044307708740234375,,0.005189909134060144,,0.016996867954730988,,0.012370453216135502,,0.016044411808252335,,0.017014652490615845
,,1601,,,,,,,,,,,,,,,,2.131551991624292e-05,,0.004772186279296875,,0.005681799259036779,,0.016322853043675423,,0.01173476967960596,,0.01572307199239731,,0.016344169154763222
,,1602,,,,,,,,,,,,,,,,2.532968755986076e-05,,0.004520416259765625,,0.006193752866238356,,0.010813255794346333,,0.009796671569347382,,0.012797277420759201,,0.010838585905730724
,,1603,,,,,,,,,,,,,,,,3.6144287150818855e-05,,0.005672454833984375,,0.007398758549243212,,0.01834816113114357,,0.012304260395467281,,0.016669999808073044,,0.018384305760264397
,,1604,,,,,,,,,,,,,,,,3.3789001463446766e-05,,0.0064487457275390625,,0.007153632584959269,,0.017981108278036118,,0.012531868182122707,,0.016502417623996735,,0.018014896661043167
,,1605,,,,,,,,,,,,,,,,4.48758655693382e-05,,0.0064754486083984375,,0.008244143798947334,,0.014769326895475388,,0.010815628804266453,,0.014956147409975529,,0.014814202673733234
,,1606,,,,,,,,,,,,,,,,4.143845217186026e-05,,0.0071086883544921875,,0.007922072894871235,,0.0254424586892128,,0.013906609266996384,,0.019629934802651405,,0.02548389695584774
,,1607,,,,,,,,,,,,,,,,0.00017956590454559773,,0.011026382446289062,,0.016491154208779335,,0.02200045809149742,,0.013751531951129436,,0.018253879621624947,,0.022180024534463882
,,1608,,,,,,,,,,,,,,,,3.477370773907751e-05,,0.0060138702392578125,,0.007257136516273022,,0.02260265313088894,,0.013518394902348518,,0.018502013757824898,,0.02263742685317993
,,1609,,,,,,,,,,,,,,,,6.0574981034733355e-05,,0.007030487060546875,,0.009578260593116283,,0.02717442624270916,,0.014029838144779205,,0.020287079736590385,,0.0272350013256073
,,1610,,,,,,,,,,,,,,,,9.205386049870867e-06,,0.0032825469970703125,,0.0037338812835514545,,0.011242356151342392,,0.009879020974040031,,0.013048720546066761,,0.011251561343669891
,,1611,,,,,,,,,,,,,,,,3.3722892112564296e-05,,0.0057468414306640625,,0.007146615069359541,,0.01721915230154991,,0.01207418367266655,,0.01614898443222046,,0.017252875491976738
,,1612,,,,,,,,,,,,,,,,2.0164146917522885e-05,,0.0050106048583984375,,0.005526228807866573,,0.011444657109677792,,0.009998511523008347,,0.013165601529181004,,0.011464821174740791
,,1613,,,,,,,,,,,,,,,,8.230010280385613e-06,,0.003047943115234375,,0.0035305223427712917,,0.013153730891644955,,0.010492401197552681,,0.014114443212747574,,0.013161960989236832
,,1614,,,,,,,,,,,,,,,,1.0588542863843031e-05,,0.003582000732421875,,0.004004581831395626,,0.017259610816836357,,0.011809715069830418,,0.01616794615983963,,0.017270199954509735
,,1615,,,,,,,,,,,,,,,,4.300759974285029e-05,,0.0067462921142578125,,0.008070732466876507,,0.022913798689842224,,0.013799445703625679,,0.018628928810358047,,0.022956807166337967
,,1616,,,,,,,,,,,,,,,,2.563111047493294e-05,,0.0054931640625,,0.0062305205501616,,0.02186214178800583,,0.01362976897507906,,0.018196409568190575,,0.021887773647904396
,,1617,,,,,,,,,,,,,,,,1.3290995411807671e-05,,0.0033092498779296875,,0.004486599937081337,,0.014013986103236675,,0.010907461866736412,,0.01456867903470993,,0.014027277007699013
,,1618,,,,,,,,,,,,,,,,1.895438617793843e-05,,0.00461578369140625,,0.005357894115149975,,0.018681885674595833,,0.012698883190751076,,0.016820915043354034,,0.018700839951634407
,,1619,,,,,,,,,,,,,,,,1.3047959328105208e-05,,0.0038852691650390625,,0.0044453940354287624,,0.018344230949878693,,0.011895005591213703,,0.016668211668729782,,0.018357278779149055
,,1620,,,,,,,,,,,,,,,,3.2278789149131626e-05,,0.0064907073974609375,,0.006991933099925518,,0.015988092869520187,,0.011394823901355267,,0.015561006031930447,,0.01602037250995636
,,1621,,,,,,,,,,,,,,,,1.1422959687479306e-05,,0.00348663330078125,,0.004159384872764349,,0.01443210057914257,,0.011049053631722927,,0.014784413389861584,,0.01444352325052023
,,1622,,,,,,,,,,,,,,,,1.511707523604855e-05,,0.004390716552734375,,0.00478491373360157,,0.016662538051605225,,0.01169647928327322,,0.01588582992553711,,0.016677655279636383
,,1623,,,,,,,,,,,,,,,,1.0795472917379811e-05,,0.0040435791015625,,0.0040435791015625,,0.009018206037580967,,0.00898824818432331,,0.011686906218528748,,0.00902900192886591
55,,7111,,,,,,,,,,,,,,,2.9959161111037247e-05,,0.005164523608982563,,0.006257579196244478,,0.018072769045829773,,0.012112615630030632,,0.01642785407602787,,0.01782895252108574,
55,,7111,0.0010846565710380673,,0.030922217294573784,,0.032772861421108246,,0.02857077866792679,,0.01543561089783907,,0.02065439522266388,,0.029657559469342232,,,,,,,,,,,,,,,
,0.0005,7112,,,,,,,,,,,,,,,,,,,,,,,,,,,,
56,,7119,,0.00011876913049491122,,0.010325431823730469,,0.013411241583526134,,0.026042960584163666,,0.015221904031932354,,0.019860241562128067,,0.02616173028945923,,,,,,,,,,,,,,
56,,7129,,0.00016329114441759884,,0.010179519653320312,,0.01572473905980587,,0.028401842340826988,,0.015346364118158817,,0.02074018307030201,,0.02856513299047947,,,,,,,,,,,,,,
56,,7139,,0.00014207448111847043,,0.012835502624511719,,0.014667931944131851,,0.038568709045648575,,0.01801895536482334,,0.024168899282813072,,0.038710784167051315,,,,,,,,,,,,,,
56,,7149,,0.0045072357170283794,,0.08019733428955078,,0.08262059837579727,,0.07901426404714584,,0.02317877858877182,,0.03459329903125763,,0.08352150022983551,,,,,,,,,,,,,,
56,,7159,,0.020527701824903488,,0.17280864715576172,,0.1763228178024292,,0.0575781911611557,,0.021872177720069885,,0.02953033149242401,,0.07810589671134949,,,,,,,,,,,,,,
56,,7169,,0.010573909617960453,,0.12596511840820312,,0.12654805183410645,,0.053827058523893356,,0.0210501067340374,,0.028552204370498657,,0.06440097093582153,,,,,,,,,,,,,,
56,,7179,,0.0005821262020617723,,0.0201416015625,,0.02969372272491455,,0.09727269411087036,,0.02441098913550377,,0.0383826307952404,,0.09785482287406921,,,,,,,,,,,,,,
56,,7189,,0.000240124121773988,,0.0172576904296875,,0.019069572910666466,,0.054430633783340454,,0.021031031385064125,,0.0287118349224329,,0.05467075854539871,,,,,,,,,,,,,,
56,,7199,,0.00026682496536523104,,0.0174560546875,,0.020100893452763557,,0.03277410566806793,,0.01709146425127983,,0.022279461845755577,,0.03304092958569527,,,,,,,,,,,,,,
56,,7209,,0.0004639828111976385,,0.025804519653320312,,0.026509711518883705,,0.02522880956530571,,0.014690257608890533,,0.019547339528799057,,0.025692792609333992,,,,,,,,,,,,,,
56,,7219,,9.163897630060092e-05,,0.010166168212890625,,0.011781114153563976,,0.018734628334641457,,0.012741331942379475,,0.016844647005200386,,0.01882626675069332,,,,,,,,,,,,,,
56,,7229,,0.0009624498197808862,,0.03766155242919922,,0.038178831338882446,,0.018460659310221672,,0.012781205587089062,,0.016721025109291077,,0.01942310854792595,,,,,,,,,,,,,,
,,1624,,,,,,,,,,,,,,,,2.4693905288586393e-05,,0.0048351287841796875,,0.006115551106631756,,0.01691957376897335,,0.011990861967206001,,0.016007887199521065,,0.016944266855716705
,,1625,,,,,,,,,,,,,,,,1.0039662811323069e-05,,0.003597259521484375,,0.003899389412254095,,0.020614363253116608,,0.012859642505645752,,0.017669502645730972,,0.020624402910470963
,,1626,,,,,,,,,,,,,,,,2.525818854337558e-05,,0.0057525634765625,,0.006185016129165888,,0.02446320652961731,,0.013395317830145359,,0.019248461350798607,,0.02448846399784088
,,1627,,,,,,,,,,,,,,,,2.372164453845471e-05,,0.0049457550048828125,,0.0059939296916127205,,0.02120494842529297,,0.013538786210119724,,0.017920823767781258,,0.021228669211268425
,,1628,,,,,,,,,,,,,,,,1.2836082532885484e-05,,0.00356292724609375,,0.004409156274050474,,0.01676050014793873,,0.011325573548674583,,0.015932459384202957,,0.01677333563566208
,,1629,,,,,,,,,,,,,,,,1.8397333406028338e-05,,0.00443267822265625,,0.005278570577502251,,0.01695171371102333,,0.012318015098571777,,0.01602308452129364,,0.016970111057162285
,,1630,,,,,,,,,,,,,,,,2.174872497562319e-05,,0.00482940673828125,,0.005739267449826002,,0.016660699620842934,,0.011758334934711456,,0.015884950757026672,,0.016682447865605354
,,1631,,,,,,,,,,,,,,,,2.245101859443821e-05,,0.0044040679931640625,,0.005831186193972826,,0.01069654244929552,,0.009730282239615917,,0.012728026136755943,,0.010718993842601776
,,1632,,,,,,,,,,,,,,,,4.047488255309872e-05,,0.005985260009765625,,0.007829464972019196,,0.018179932609200478,,0.01228204183280468,,0.01659340411424637,,0.018220407888293266
,,1633,,,,,,,,,,,,,,,,3.9556205592816696e-05,,0.007007598876953125,,0.0077400910668075085,,0.017770299687981606,,0.01250819955021143,,0.016405396163463593,,0.017809856683015823
,,1634,,,,,,,,,,,,,,,,4.226125020068139e-05,,0.0062160491943359375,,0.00800037756562233,,0.014552722685039043,,0.010779820382595062,,0.014846066944301128,,0.014594984240829945
,,1635,,,,,,,,,,,,,,,,4.02388941438403e-05,,0.0073299407958984375,,0.007806583773344755,,0.025367870926856995,,0.013838248327374458,,0.019601142033934593,,0.02540810965001583
,,1636,,,,,,,,,,,,,,,,0.00022603788238484412,,0.012239456176757812,,0.0185024943202734,,0.02138662151992321,,0.013591638766229153,,0.017997432500123978,,0.021612659096717834
,,1637,,,,,,,,,,,,,,,,3.469293733360246e-05,,0.0057811737060546875,,0.007248689886182547,,0.0223856121301651,,0.013447866775095463,,0.018412968143820763,,0.022420305758714676
,,1638,,,,,,,,,,,,,,,,6.181169010233134e-05,,0.0069122314453125,,0.0096755251288414,,0.027149904519319534,,0.013934706337749958,,0.020277924835681915,,0.027211716398596764
,,1639,,,,,,,,,,,,,,,,8.946742127591278e-06,,0.003265380859375,,0.0036810622550547123,,0.011134354397654533,,0.009812436066567898,,0.012985894456505775,,0.01114330068230629
,,1640,,,,,,,,,,,,,,,,4.062691732542589e-05,,0.006381988525390625,,0.007844160310924053,,0.017469409853219986,,0.012225596234202385,,0.01626591384410858,,0.017510036006569862
,,1641,,,,,,,,,,,,,,,,2.4652470528963022e-05,,0.0055027008056640625,,0.006110394839197397,,0.01138471532613039,,0.009935314767062664,,0.013131079263985157,,0.011409367434680462
,,1642,,,,,,,,,,,,,,,,9.175259037874639e-06,,0.0033054351806640625,,0.0037277499213814735,,0.012897754088044167,,0.010335754603147507,,0.01397643331438303,,0.012906929478049278
,,1643,,,,,,,,,,,,,,,,1.0364643458160572e-05,,0.003696441650390625,,0.003962021786719561,,0.01705460622906685,,0.01180958654731512,,0.016071636229753494,,0.01706496998667717
,,1644,,,,,,,,,,,,,,,,5.3874278819421306e-05,,0.00777435302734375,,0.009032961912453175,,0.02335699275135994,,0.013968939892947674,,0.01880822330713272,,0.023410867899656296
,,1645,,,,,,,,,,,,,,,,2.895356919907499e-05,,0.0059661865234375,,0.006622015498578548,,0.02186344750225544,,0.013648169115185738,,0.01819694973528385,,0.021892400458455086
,,1646,,,,,,,,,,,,,,,,1.503097519162111e-05,,0.003566741943359375,,0.004771257750689983,,0.013784345239400864,,0.010820860043168068,,0.014448820613324642,,0.013799375854432583
,,1647,,,,,,,,,,,,,,,,2.1144775018910877e-05,,0.00489044189453125,,0.005659015849232674,,0.018403364345431328,,0.012616336345672607,,0.016695057973265648,,0.018424509093165398
,,1648,,,,,,,,,,,,,,,,1.246084866579622e-05,,0.0038776397705078125,,0.0043442449532449245,,0.018537284806370735,,0.01190385315567255,,0.016755690798163414,,0.01854974590241909
,,1649,,,,,,,,,,,,,,,,3.074130290769972e-05,,0.006107330322265625,,0.006823370698839426,,0.01591951958835125,,0.011364712379872799,,0.015527602285146713,,0.015950260683894157
,,1650,,,,,,,,,,,,,,,,1.1453268598415889e-05,,0.0036525726318359375,,0.004164884332567453,,0.014433080330491066,,0.01099388487637043,,0.014784914441406727,,0.014444533735513687
,,1651,,,,,,,,,,,,,,,,1.529917244624812e-05,,0.00443267822265625,,0.004813652019947767,,0.016720058396458626,,0.011737263761460781,,0.015913225710392,,0.01673535816371441
,,1652,,,,,,,,,,,,,,,,1.4113705219642725e-05,,0.0046234130859375,,0.0046234130859375,,0.008356207050383091,,0.008733914233744144,,0.011249779723584652,,0.008370320312678814
56,,7238,,,,,,,,,,,,,,,3.302075856481679e-05,,0.005362819880247116,,0.006484978832304478,,0.01795797422528267,,0.012073379009962082,,0.01637394353747368,,0.017700713127851486,
56,,7238,0.001967602875083685,,0.035966672003269196,,0.03844846785068512,,0.038835130631923676,,0.017529580742120743,,0.02365882135927677,,0.04079399257898331,,,,,,,,,,,,,,,
,0.0005,7239,,,,,,,,,,,,,,,,,,,,,,,,,,,,
57,,7239,,0.00040097703458741307,,0.023194313049316406,,0.024644792079925537,,0.04171600565314293,,0.016166815534234047,,0.02513568103313446,,0.042116980999708176,,,,,,,,,,,,,,
57,,7249,,0.00042614858830347657,,0.01711559295654297,,0.025403499603271484,,0.02846692129969597,,0.01568954437971115,,0.020763933658599854,,0.02889307029545307,,,,,,,,,,,,,,
57,,7259,,0.00010865354852285236,,0.009613037109375,,0.012826389633119106,,0.021423177793622017,,0.013553221710026264,,0.018012799322605133,,0.021531831473112106,,,,,,,,,,,,,,
57,,7269,,4.7512185119558126e-05,,0.006955146789550781,,0.008483266457915306,,0.024026542901992798,,0.014533470384776592,,0.019075896590948105,,0.02407405525445938,,,,,,,,,,,,,,
57,,7279,,0.000531938741914928,,0.02702617645263672,,0.028382569551467896,,0.01929563097655773,,0.013078002259135246,,0.017094990238547325,,0.019827568903565407,,,,,,,,,,,,,,
57,,7289,,0.0006549850222654641,,0.030473709106445312,,0.031494978815317154,,0.02350751683115959,,0.013996769674122334,,0.01886873133480549,,0.024162501096725464,,,,,,,,,,,,,,
57,,7299,,0.0001626193115953356,,0.012828826904296875,,0.01569349691271782,,0.025277813896536827,,0.014586987905204296,,0.019566310569643974,,0.025440433993935585,,,,,,,,,,,,,,
57,,7309,,0.0008161255391314626,,0.034134864807128906,,0.03515827655792236,,0.027491256594657898,,0.015339098870754242,,0.020405003800988197,,0.02830738201737404,,,,,,,,,,,,,,
57,,7319,,0.0013056949246674776,,0.041434288024902344,,0.044470060616731644,,0.026343559846282005,,0.014900892972946167,,0.01997452601790428,,0.027649255469441414,,,,,,,,,,,,,,
57,,7329,,0.003828912042081356,,0.07546043395996094,,0.07615270465612411,,0.029759936034679413,,0.016600729897618294,,0.021230261772871017,,0.033588849008083344,,,,,,,,,,,,,,
57,,7339,,0.0009367101592943072,,0.03644847869873047,,0.03766503185033798,,0.02110624499619007,,0.01391368918120861,,0.017879068851470947,,0.022042954340577126,,,,,,,,,,,,,,
57,,7349,,0.00023536730441264808,,0.01677417755126953,,0.01887979544699192,,0.01778622344136238,,0.012264478951692581,,0.01641274243593216,,0.018021591007709503,,,,,,,,,,,,,,
57,,7359,,0.00036305535468272865,,0.02101612091064453,,0.02344767563045025,,0.03314564377069473,,0.016435684636235237,,0.022405391559004784,,0.033508699387311935,,,,,,,,,,,,,,
,,1653,,,,,,,,,,,,,,,,2.791814949887339e-05,,0.005290985107421875,,0.006502553820610046,,0.016133783385157585,,0.011751295998692513,,0.015631744638085365,,0.01616170071065426
,,1654,,,,,,,,,,,,,,,,1.1237920261919498e-05,,0.0037994384765625,,0.004125520586967468,,0.020021803677082062,,0.012776864692568779,,0.01741369627416134,,0.020033041015267372
,,1655,,,,,,,,,,,,,,,,1.8317074136575684e-05,,0.004894256591796875,,0.005267051514238119,,0.0242870282381773,,0.013398953713476658,,0.019179020076990128,,0.024305345490574837
,,1656,,,,,,,,,,,,,,,,1.7726326404954307e-05,,0.0042819976806640625,,0.005181428976356983,,0.021170049905776978,,0.013496341183781624,,0.0179060660302639,,0.02118777669966221
,,1657,,,,,,,,,,,,,,,,9.472471901972312e-06,,0.0031833648681640625,,0.003787658177316189,,0.016438229009509087,,0.011207160539925098,,0.015778541564941406,,0.016447700560092926
,,1658,,,,,,,,,,,,,,,,1.9500639609759673e-05,,0.0047607421875,,0.005434549879282713,,0.016811378300189972,,0.012212208472192287,,0.01595662347972393,,0.01683087833225727
,,1659,,,,,,,,,,,,,,,,1.739721847116016e-05,,0.0043487548828125,,0.005133091472089291,,0.016502415761351585,,0.01166666392236948,,0.015809316188097,,0.016519812867045403
,,1660,,,,,,,,,,,,,,,,2.0171282812952995e-05,,0.00395965576171875,,0.005527200177311897,,0.010392211377620697,,0.009598108008503914,,0.012545655481517315,,0.010412382893264294
,,1661,,,,,,,,,,,,,,,,3.530992762534879e-05,,0.005649566650390625,,0.007312864996492863,,0.017960885539650917,,0.012193167582154274,,0.016493136063218117,,0.01799619570374489
,,1662,,,,,,,,,,,,,,,,3.586682942113839e-05,,0.006671905517578125,,0.007370295003056526,,0.017353983595967293,,0.012403526343405247,,0.016212088987231255,,0.017389850690960884
,,1663,,,,,,,,,,,,,,,,4.3615418690023944e-05,,0.0060825347900390625,,0.008127556182444096,,0.014551139436662197,,0.010704021900892258,,0.014845261350274086,,0.01459475513547659
,,1664,,,,,,,,,,,,,,,,3.111095793428831e-05,,0.0064258575439453125,,0.006864269729703665,,0.026060210540890694,,0.014030683785676956,,0.019866814836859703,,0.0260913223028183
,,1665,,,,,,,,,,,,,,,,0.00020778492034878582,,0.011953353881835938,,0.017739731818437576,,0.020863810554146767,,0.013384832069277763,,0.017776086926460266,,0.021071596071124077
,,1666,,,,,,,,,,,,,,,,3.048529652005527e-05,,0.005390167236328125,,0.006794904358685017,,0.02214331552386284,,0.013333825394511223,,0.018313052132725716,,0.022173801437020302
,,1667,,,,,,,,,,,,,,,,5.121812500874512e-05,,0.0060482025146484375,,0.008807485923171043,,0.027367370203137398,,0.013954905793070793,,0.020358972251415253,,0.02741858921945095
,,1668,,,,,,,,,,,,,,,,8.748372238187585e-06,,0.003017425537109375,,0.003640012815594673,,0.01097817625850439,,0.009738756343722343,,0.012894497253000736,,0.010986924171447754
,,1669,,,,,,,,,,,,,,,,3.280855162302032e-05,,0.00553131103515625,,0.007049085572361946,,0.017256099730730057,,0.012142308987677097,,0.01616630144417286,,0.01728890836238861
,,1670,,,,,,,,,,,,,,,,1.661866008362267e-05,,0.0044345855712890625,,0.005016925744712353,,0.011138824746012688,,0.00983964093029499,,0.012988499365746975,,0.011155443266034126
,,1671,,,,,,,,,,,,,,,,6.462251349148573e-06,,0.0026035308837890625,,0.0031284657306969166,,0.012976408004760742,,0.010312541387975216,,0.014018983580172062,,0.012982870452105999
,,1672,,,,,,,,,,,,,,,,9.286612112191506e-06,,0.003330230712890625,,0.003750318894162774,,0.01676216721534729,,0.011755852028727531,,0.01593324914574623,,0.016771454364061356
,,1673,,,,,,,,,,,,,,,,4.946433182340115e-05,,0.007266998291015625,,0.008655372075736523,,0.023023296147584915,,0.013816001825034618,,0.018673386424779892,,0.023072760552167892
,,1674,,,,,,,,,,,,,,,,2.4096447305055335e-05,,0.005374908447265625,,0.00604111235588789,,0.02131120301783085,,0.013411144725978374,,0.017965665087103844,,0.02133530005812645
,,1675,,,,,,,,,,,,,,,,1.1530946721904911e-05,,0.003269195556640625,,0.004178993403911591,,0.013442014344036579,,0.01069116871803999,,0.014268278144299984,,0.013453545048832893
,,1676,,,,,,,,,,,,,,,,1.4670151358586736e-05,,0.0040416717529296875,,0.004713647998869419,,0.017875561490654945,,0.012388243339955807,,0.016453910619020462,,0.01789023168385029
,,1677,,,,,,,,,,,,,,,,1.0658874998625834e-05,,0.003597259521484375,,0.0040178666822612286,,0.018193066120147705,,0.011792364530265331,,0.016599392518401146,,0.018203724175691605
,,1678,,,,,,,,,,,,,,,,2.8140570066170767e-05,,0.0059719085693359375,,0.006528379395604134,,0.015621811151504517,,0.011291282251477242,,0.015381726436316967,,0.015649951994419098
,,1679,,,,,,,,,,,,,,,,1.3568729627877474e-05,,0.004047393798828125,,0.004533260129392147,,0.014060650952160358,,0.010926776565611362,,0.014592912048101425,,0.014074219390749931
,,1680,,,,,,,,,,,,,,,,1.3129713806847576e-05,,0.004085540771484375,,0.00445930752903223,,0.01655699498951435,,0.011636831797659397,,0.015835434198379517,,0.01657012477517128
,,1681,,,,,,,,,,,,,,,,1.2486762898333836e-05,,0.0043487548828125,,0.0043487548828125,,0.008372691459953785,,0.00873952079564333,,0.011260871775448322,,0.00838517863303423
57,,7365,,,,,,,,,,,,,,,2.9080094464006834e-05,,0.0049726697616279125,,0.006052711978554726,,0.017717352136969566,,0.011980369687080383,,0.016258345916867256,,0.01746397837996483,
57,,7365,0.0010801389580592513,,0.03085647150874138,,0.03291818127036095,,0.02583354152739048,,0.014736514538526535,,0.019678374752402306,,0.02691451646387577,,,,,,,,,,,,,,,
,0.0005,7366,,,,,,,,,,,,,,,,,,,,,,,,,,,,
58,,7369,,4.381324106361717e-05,,0.00597381591796875,,0.008145335130393505,,0.02463970147073269,,0.014550420455634594,,0.01931776851415634,,0.0246835146099329,,,,,,,,,,,,,,
58,,7379,,0.006338945589959621,,0.09750080108642578,,0.09798283874988556,,0.023622242733836174,,0.014154510572552681,,0.01891471818089485,,0.02996118739247322,,,,,,,,,,,,,,
58,,7389,,0.00017358438344672322,,0.01488494873046875,,0.016215037554502487,,0.02830391377210617,,0.01437913253903389,,0.020704399794340134,,0.028477497398853302,,,,,,,,,,,,,,
58,,7399,,0.0008194983238354325,,0.03431510925292969,,0.035231295973062515,,0.024487880989909172,,0.014851496554911137,,0.0192581620067358,,0.02530737966299057,,,,,,,,,,,,,,
58,,7409,,0.0014799453783780336,,0.045912742614746094,,0.04734396934509277,,0.02110067941248417,,0.01352724153548479,,0.01787670888006687,,0.022580625489354134,,,,,,,,,,,,,,
58,,7419,,0.0013180520618334413,,0.044066429138183594,,0.04468004032969475,,0.03072289377450943,,0.015699397772550583,,0.021571006625890732,,0.03204094618558884,,,,,,,,,,,,,,
58,,7429,,0.0002865517744794488,,0.016384124755859375,,0.020832350477576256,,0.026440300047397614,,0.014991768635809422,,0.02001117169857025,,0.026726851239800453,,,,,,,,,,,,,,
58,,7439,,0.0018595424480736256,,0.052486419677734375,,0.05306929722428322,,0.025363845750689507,,0.014485679566860199,,0.019599584862589836,,0.027223387733101845,,,,,,,,,,,,,,
58,,7449,,0.0018549130763858557,,0.05258464813232422,,0.05300472304224968,,0.023763343691825867,,0.014712060801684856,,0.01897112838923931,,0.025618257001042366,,,,,,,,,,,,,,
58,,7459,,0.00011341496428940445,,0.008745193481445312,,0.01310704555362463,,0.028426485136151314,,0.015205553732812405,,0.020749181509017944,,0.028539899736642838,,,,,,,,,,,,,,
58,,7469,,0.0008703795028850436,,0.024825096130371094,,0.0363086573779583,,0.02256050519645214,,0.013807798735797405,,0.018484756350517273,,0.02343088388442993,,,,,,,,,,,,,,
58,,7479,,0.009727047756314278,,0.1211233139038086,,0.12137547135353088,,0.038981784135103226,,0.01780864968895912,,0.024297986179590225,,0.04870883375406265,,,,,,,,,,,,,,
58,,7489,,0.001269969972781837,,0.03887367248535156,,0.04385682940483093,,0.03519479185342789,,0.01809852197766304,,0.02308758534491062,,0.036464761942625046,,,,,,,,,,,,,,
,,1682,,,,,,,,,,,,,,,,2.0779356418643147e-05,,0.0046405792236328125,,0.005609932355582714,,0.016230124980211258,,0.01175708044320345,,0.015678344294428825,,0.01625090464949608
,,1683,,,,,,,,,,,,,,,,9.481806046096608e-06,,0.003444671630859375,,0.003789513371884823,,0.019430166110396385,,0.012597964145243168,,0.017154481261968613,,0.01943964883685112
,,1684,,,,,,,,,,,,,,,,1.7287984519498423e-05,,0.0047779083251953125,,0.005116972606629133,,0.02424740605056286,,0.013303369283676147,,0.01916337199509144,,0.02426469326019287
,,1685,,,,,,,,,,,,,,,,1.4859361726848874e-05,,0.00391387939453125,,0.004743956029415131,,0.02089828997850418,,0.013422083109617233,,0.017790766432881355,,0.020913150161504745
,,1686,,,,,,,,,,,,,,,,1.0107136404258199e-05,,0.0031795501708984375,,0.003912484738975763,,0.016116442158818245,,0.011050505563616753,,0.015623340383172035,,0.016126548871397972
,,1687,,,,,,,,,,,,,,,,1.9969522327301092e-05,,0.0049114227294921875,,0.005499499849975109,,0.016490276902914047,,0.012046905234456062,,0.01580350287258625,,0.016510246321558952
,,1688,,,,,,,,,,,,,,,,1.9483435607980937e-05,,0.0047473907470703125,,0.005432147532701492,,0.01661287620663643,,0.011596824042499065,,0.01586214266717434,,0.016632359474897385
,,1689,,,,,,,,,,,,,,,,2.2079389964346774e-05,,0.0041217803955078125,,0.005782736465334892,,0.010083459317684174,,0.009449677541851997,,0.012357884086668491,,0.010105539113283157
,,1690,,,,,,,,,,,,,,,,3.686605123220943e-05,,0.0059032440185546875,,0.007472276221960783,,0.017432458698749542,,0.011999547481536865,,0.016248704865574837,,0.01746932417154312
,,1691,,,,,,,,,,,,,,,,3.8189547922229394e-05,,0.006908416748046875,,0.007605216931551695,,0.01709550991654396,,0.012284704484045506,,0.01609090156853199,,0.017133699730038643
,,1692,,,,,,,,,,,,,,,,4.130492379772477e-05,,0.0061092376708984375,,0.007909337058663368,,0.01460566371679306,,0.010616602376103401,,0.014873048290610313,,0.014646968804299831
,,1693,,,,,,,,,,,,,,,,3.463844404905103e-05,,0.006786346435546875,,0.007242964114993811,,0.025268763303756714,,0.013775254599750042,,0.019562816247344017,,0.025303401052951813
,,1694,,,,,,,,,,,,,,,,0.00020787441462744027,,0.0116119384765625,,0.017743537202477455,,0.020847134292125702,,0.013327574357390404,,0.01776898466050625,,0.021055009216070175
,,1695,,,,,,,,,,,,,,,,3.0403411074075848e-05,,0.005496978759765625,,0.006785787642002106,,0.021964361891150475,,0.013244302943348885,,0.018238894641399384,,0.02199476584792137
,,1696,,,,,,,,,,,,,,,,4.772331521962769e-05,,0.00592803955078125,,0.00850170012563467,,0.026430465281009674,,0.013773376122117043,,0.020007451996207237,,0.02647818811237812
,,1697,,,,,,,,,,,,,,,,8.564235940866638e-06,,0.0029392242431640625,,0.0036014984361827374,,0.010678556747734547,,0.009587953798472881,,0.01271731872111559,,0.01068712119013071
,,1698,,,,,,,,,,,,,,,,3.755767102120444e-05,,0.00551605224609375,,0.007542002946138382,,0.01701587252318859,,0.012016618624329567,,0.016053376719355583,,0.017053430899977684
,,1699,,,,,,,,,,,,,,,,1.699152562650852e-05,,0.0044918060302734375,,0.005072890315204859,,0.010844787582755089,,0.009736761450767517,,0.012815922498703003,,0.010861779563128948
,,1700,,,,,,,,,,,,,,,,6.4867954279179685e-06,,0.002658843994140625,,0.003134381491690874,,0.012873061001300812,,0.010317759588360786,,0.013963046483695507,,0.012879547663033009
,,1701,,,,,,,,,,,,,,,,1.0769095752038993e-05,,0.0036411285400390625,,0.004038577433675528,,0.016815561801195145,,0.01172545738518238,,0.01595860905945301,,0.016826331615447998
,,1702,,,,,,,,,,,,,,,,4.631295087165199e-05,,0.0069980621337890625,,0.008375120349228382,,0.02263675443828106,,0.013665048405528069,,0.018515966832637787,,0.022683067247271538
,,1703,,,,,,,,,,,,,,,,2.8515776648418978e-05,,0.0059261322021484375,,0.0065717678517103195,,0.020993944257497787,,0.013334987685084343,,0.017831437289714813,,0.021022459492087364
,,1704,,,,,,,,,,,,,,,,1.2548440281534567e-05,,0.0032806396484375,,0.004359469749033451,,0.013491920195519924,,0.010635958053171635,,0.014294737949967384,,0.013504468835890293
,,1705,,,,,,,,,,,,,,,,1.89084566954989e-05,,0.004650115966796875,,0.005351393483579159,,0.017318086698651314,,0.012226855382323265,,0.01619531214237213,,0.017336994409561157
,,1706,,,,,,,,,,,,,,,,1.1645101039903238e-05,,0.0037059783935546875,,0.004199630115181208,,0.018244637176394463,,0.011761277914047241,,0.01662290282547474,,0.018256282433867455
,,1707,,,,,,,,,,,,,,,,2.745330311881844e-05,,0.00574493408203125,,0.006448160856962204,,0.015203360468149185,,0.011165236122906208,,0.015174318104982376,,0.0152308139950037
,,1708,,,,,,,,,,,,,,,,1.3468803444993682e-05,,0.0038909912109375,,0.004516517743468285,,0.013885761611163616,,0.010782773606479168,,0.014501877129077911,,0.013899230398237705
,,1709,,,,,,,,,,,,,,,,1.422770947101526e-05,,0.0042552947998046875,,0.004642036743462086,,0.016742918640375137,,0.011606152169406414,,0.01592409983277321,,0.016757145524024963
,,1710,,,,,,,,,,,,,,,,1.4964526599214878e-05,,0.0047607421875,,0.0047607421875,,0.008286304771900177,,0.008722441270947456,,0.011202625930309296,,0.008301269263029099
58,,7492,,,,,,,,,,,,,,,2.9381990316323936e-05,,0.005005357321351767,,0.006101212464272976,,0.017476780340075493,,0.011871961876749992,,0.016149114817380905,,0.017228426411747932,
58,,7492,0.0013249428011476994,,0.03430890291929245,,0.03636517748236656,,0.028563018888235092,,0.015391800552606583,,0.020609794184565544,,0.029888199642300606,,,,,,,,,,,,,,,
,0.0005,7493,,,,,,,,,,,,,,,,,,,,,,,,,,,,
59,,7499,,0.002896515652537346,,0.06557083129882812,,0.06623473763465881,,0.03253558650612831,,0.016087152063846588,,0.022198254242539406,,0.03543210029602051,,,,,,,,,,,,,,
59,,7509,,0.0017410832224413753,,0.050621986389160156,,0.05134918913245201,,0.029187701642513275,,0.015587015077471733,,0.02102515660226345,,0.030928784981369972,,,,,,,,,,,,,,
59,,7519,,0.0013950294815003872,,0.04486560821533203,,0.04596628621220589,,0.03125140070915222,,0.016037043184041977,,0.021755751222372055,,0.03264642879366875,,,,,,,,,,,,,,
59,,7529,,0.0009056218550540507,,0.036355018615722656,,0.03703409433364868,,0.03140118718147278,,0.016498949378728867,,0.021807825192809105,,0.03230680897831917,,,,,,,,,,,,,,
59,,7539,,0.0017664742190390825,,0.051036834716796875,,0.05172625556588173,,0.03307008370757103,,0.016774291172623634,,0.022379837930202484,,0.034836556762456894,,,,,,,,,,,,,,
59,,7549,,0.008415590971708298,,0.11169052124023438,,0.11289511620998383,,0.07967276871204376,,0.02241259440779686,,0.03473715856671333,,0.08808836340904236,,,,,,,,,,,,,,
59,,7559,,0.0115472711622715,,0.13091564178466797,,0.13224515318870544,,0.09722694009542465,,0.026327118277549744,,0.038373611867427826,,0.10877421498298645,,,,,,,,,,,,,,
59,,7569,,0.0011464385315775871,,0.03912353515625,,0.04166858643293381,,0.0703163892030716,,0.024167753756046295,,0.03263380005955696,,0.07146282494068146,,,,,,,,,,,,,,
59,,7579,,0.0012833072105422616,,0.03881359100341797,,0.04408645257353783,,0.09548565000295639,,0.025996515527367592,,0.03802843019366264,,0.09676896035671234,,,,,,,,,,,,,,
59,,7589,,0.0004239465924911201,,0.02157306671142578,,0.025340411812067032,,0.08659453690052032,,0.02846783958375454,,0.0362146720290184,,0.08701848238706589,,,,,,,,,,,,,,
59,,7599,,0.0003454211982898414,,0.020355224609375,,0.02287427708506584,,0.06693779677152634,,0.023212242871522903,,0.031840138137340546,,0.06728322058916092,,,,,,,,,,,,,,
59,,7609,,0.004062678664922714,,0.07750606536865234,,0.07844093441963196,,0.06009112671017647,,0.022999579086899757,,0.03016785904765129,,0.06415380537509918,,,,,,,,,,,,,,
59,,7619,,0.00047996180364862084,,0.02554829977452755,,0.026959162205457687,,0.030445871874690056,,0.01681775599718094,,0.021473536267876625,,0.03092583455145359,,,,,,,,,,,,,,
,,1711,,,,,,,,,,,,,,,,2.5440947865718044e-05,,0.0049915313720703125,,0.006207338999956846,,0.01622912473976612,,0.01184536051005125,,0.015677861869335175,,0.016254566609859467
,,1712,,,,,,,,,,,,,,,,9.681410119810607e-06,,0.0034542083740234375,,0.0038291923701763153,,0.01999013125896454,,0.01262571383267641,,0.017399918287992477,,0.01999981328845024
,,1713,,,,,,,,,,,,,,,,1.9149641957483254e-05,,0.004894256591796875,,0.005385423079133034,,0.024993229657411575,,0.013361824676394463,,0.019455861300230026,,0.02501237951219082
,,1714,,,,,,,,,,,,,,,,1.2961117136001121e-05,,0.00372314453125,,0.00443057669326663,,0.021050013601779938,,0.013429145328700542,,0.01785523258149624,,0.021062973886728287
,,1715,,,,,,,,,,,,,,,,1.0232676686428022e-05,,0.0032176971435546875,,0.0039367047138512135,,0.016496147960424423,,0.011145474389195442,,0.01580631546676159,,0.016506381332874298
,,1716,,,,,,,,,,,,,,,,2.269386823172681e-05,,0.0051174163818359375,,0.005862649995833635,,0.01673690788447857,,0.012188510969281197,,0.01592124067246914,,0.0167596023529768
,,1717,,,,,,,,,,,,,,,,2.202562609454617e-05,,0.0049285888671875,,0.005775678437203169,,0.016415098682045937,,0.011523856781423092,,0.01576743833720684,,0.016437124460935593
,,1718,,,,,,,,,,,,,,,,2.1670342903234996e-05,,0.004119873046875,,0.005728908348828554,,0.010440556332468987,,0.009578884579241276,,0.01257480401545763,,0.01046222634613514
,,1719,,,,,,,,,,,,,,,,3.920913877664134e-05,,0.0062732696533203125,,0.007706075441092253,,0.017462607473134995,,0.012087429873645306,,0.016262751072645187,,0.017501816153526306
,,1720,,,,,,,,,,,,,,,,4.632950003724545e-05,,0.00746917724609375,,0.008376609534025192,,0.0169723778963089,,0.012144026346504688,,0.01603284850716591,,0.01701870746910572
,,1721,,,,,,,,,,,,,,,,4.378064477350563e-05,,0.0064105987548828125,,0.008142921142280102,,0.015081833116710186,,0.01074308343231678,,0.015113547444343567,,0.015125613659620285
,,1722,,,,,,,,,,,,,,,,3.959629248129204e-05,,0.0072498321533203125,,0.007744006346911192,,0.02609346993267536,,0.013958419673144817,,0.01987949013710022,,0.026133066043257713
,,1723,,,,,,,,,,,,,,,,0.00021461074356921017,,0.011415481567382812,,0.018028713762760162,,0.02204444631934166,,0.01368643157184124,,0.018272124230861664,,0.022259056568145752
,,1724,,,,,,,,,,,,,,,,3.0231494747567922e-05,,0.0052947998046875,,0.006766567472368479,,0.021983513608574867,,0.013326766900718212,,0.0182468481361866,,0.022013744339346886
,,1725,,,,,,,,,,,,,,,,4.329244984546676e-05,,0.0054073333740234375,,0.008097395300865173,,0.0266228336840868,,0.013891194947063923,,0.02008013240993023,,0.026666125282645226
,,1726,,,,,,,,,,,,,,,,8.436234566033818e-06,,0.0028896331787109375,,0.0035744791384786367,,0.010796980932354927,,0.009604277089238167,,0.012787643820047379,,0.010805416852235794
,,1727,,,,,,,,,,,,,,,,4.5488905016100034e-05,,0.00612640380859375,,0.00830024853348732,,0.01781466230750084,,0.012228426523506641,,0.016425862908363342,,0.017860151827335358
,,1728,,,,,,,,,,,,,,,,1.764863009157125e-05,,0.004520416259765625,,0.005170050542801619,,0.01084833312779665,,0.009743104688823223,,0.012818016111850739,,0.010865981690585613
,,1729,,,,,,,,,,,,,,,,6.768163984816056e-06,,0.002597808837890625,,0.0032016560435295105,,0.012661382555961609,,0.010237154550850391,,0.013847771100699902,,0.01266815047711134
,,1730,,,,,,,,,,,,,,,,1.0955655852740165e-05,,0.0037021636962890625,,0.004073414485901594,,0.017243381589651108,,0.011911066249012947,,0.01616033911705017,,0.017254337668418884
,,1731,,,,,,,,,,,,,,,,4.286991315893829e-05,,0.006664276123046875,,0.0080577926710248,,0.02231229655444622,,0.013615405187010765,,0.018382791429758072,,0.02235516719520092
,,1732,,,,,,,,,,,,,,,,2.330608549527824e-05,,0.0053386688232421875,,0.0059412093833088875,,0.02095123566687107,,0.01330080907791853,,0.017813291400671005,,0.02097454108297825
,,1733,,,,,,,,,,,,,,,,1.2872319530288223e-05,,0.003314971923828125,,0.004415370058268309,,0.01323879137635231,,0.010607976466417313,,0.014160010032355785,,0.013251664116978645
,,1734,,,,,,,,,,,,,,,,2.2319964045891538e-05,,0.0048503875732421875,,0.005814151838421822,,0.017325283959507942,,0.012186250649392605,,0.016198674216866493,,0.017347604036331177
,,1735,,,,,,,,,,,,,,,,1.091326521418523e-05,,0.0034923553466796875,,0.004065533168613911,,0.017660658806562424,,0.011635416187345982,,0.016354704275727272,,0.017671572044491768
,,1736,,,,,,,,,,,,,,,,2.56791572610382e-05,,0.00547027587890625,,0.00623631477355957,,0.015667801722884178,,0.01130897831171751,,0.015404350124299526,,0.015693480148911476
,,1737,,,,,,,,,,,,,,,,1.3189925994083751e-05,,0.0038433074951171875,,0.004469519946724176,,0.014081159606575966,,0.010868445970118046,,0.014603553339838982,,0.014094349928200245
,,1738,,,,,,,,,,,,,,,,1.2390843039611354e-05,,0.003849029541015625,,0.0043320185504853725,,0.01674133539199829,,0.011593791656196117,,0.01592334732413292,,0.016753725707530975
,,1739,,,,,,,,,,,,,,,,1.1041263860533945e-05,,0.00408935546875,,0.00408935546875,,0.00846007838845253,,0.008885596878826618,,0.011319481767714024,,0.008471119217574596
59,,7619,,,,,,,,,,,,,,,3.040444789803587e-05,,0.005018242634832859,,0.006193126086145639,,0.017671573907136917,,0.01192846056073904,,0.01623614877462387,,0.017423465847969055,
59,,7619,0.003550905268639326,,0.05458236485719681,,0.05708365514874458,,0.06665770709514618,,0.021859416738152504,,0.03007970005273819,,0.07018926739692688,,,,,,,,,,,,,,,
,0.0005,7620,,,,,,,,,,,,,,,,,,,,,,,,,,,,
60,,7629,,0.00010414501593913883,,0.010386466979980469,,0.012559578754007816,,0.027882281690835953,,0.01554847788065672,,0.020549604669213295,,0.027986425906419754,,,,,,,,,,,,,,
60,,7639,,0.00014260619354899973,,0.012965202331542969,,0.014693922363221645,,0.026175690814852715,,0.014930699951946735,,0.019910788163542747,,0.026318296790122986,,,,,,,,,,,,,,
60,,7649,,0.0018623040523380041,,0.05209064483642578,,0.05310869216918945,,0.023419776931405067,,0.014137327671051025,,0.01883349008858204,,0.025282081216573715,,,,,,,,,,,,,,
60,,7659,,0.00029633083613589406,,0.019865989685058594,,0.021185966208577156,,0.02581804245710373,,0.014705016277730465,,0.019774289801716805,,0.02611437253654003,,,,,,,,,,,,,,
60,,7669,,0.0014578888658434153,,0.03127002716064453,,0.04698912799358368,,0.049376148730516434,,0.018782058730721474,,0.027346264570951462,,0.050834037363529205,,,,,,,,,,,,,,
60,,7679,,0.0006869748467579484,,0.030740737915039062,,0.0322558730840683,,0.05518794059753418,,0.020108619704842567,,0.028910890221595764,,0.055874913930892944,,,,,,,,,,,,,,
60,,7689,,0.00023845778196118772,,0.01636791229248047,,0.01900489814579487,,0.0306945089250803,,0.01634342595934868,,0.021561039611697197,,0.030932966619729996,,,,,,,,,,,,,,
60,,7699,,0.0008234865381382406,,0.028047561645507812,,0.03531547635793686,,0.03897158429026604,,0.01774970069527626,,0.024294806644320488,,0.03979507088661194,,,,,,,,,,,,,,
60,,7709,,0.002821725094690919,,0.056522369384765625,,0.065373495221138,,0.085245780646801,,0.024654947221279144,,0.0359315350651741,,0.08806750923395157,,,,,,,,,,,,,,
60,,7719,,0.0002342576626688242,,0.01445770263671875,,0.0188361294567585,,0.0973123162984848,,0.02737126126885414,,0.03839045390486717,,0.09754657745361328,,,,,,,,,,,,,,
60,,7729,,0.0006370221963152289,,0.02642822265625,,0.031059768050909042,,0.0945250391960144,,0.02897624671459198,,0.03783665597438812,,0.09516206383705139,,,,,,,,,,,,,,
60,,7739,,0.00017952961206901819,,0.013336181640625,,0.01648990623652935,,0.05344805493950844,,0.021985244005918503,,0.02845151163637638,,0.053627584129571915,,,,,,,,,,,,,,
,,1740,,,,,,,,,,,,,,,,3.165443558827974e-05,,0.0052776336669921875,,0.006924012675881386,,0.01666691154241562,,0.011928552761673927,,0.0158879105001688,,0.01669856533408165
,,1741,,,,,,,,,,,,,,,,1.1301512131467462e-05,,0.0038547515869140625,,0.004137211013585329,,0.02038704603910446,,0.012783869169652462,,0.017571810632944107,,0.020398346707224846
,,1742,,,,,,,,,,,,,,,,2.298646722920239e-05,,0.0054168701171875,,0.005900309421122074,,0.024427924305200577,,0.013268912211060524,,0.01923457533121109,,0.024450911208987236
,,1743,,,,,,,,,,,,,,,,1.3703816875931807e-05,,0.003986358642578125,,0.0045557450503110886,,0.021715516224503517,,0.013532922603189945,,0.01813528500497341,,0.02172921970486641
,,1744,,,,,,,,,,,,,,,,1.5202398572000675e-05,,0.00412750244140625,,0.00479838578030467,,0.016298985108733177,,0.011148962192237377,,0.015711570158600807,,0.0163141880184412
,,1745,,,,,,,,,,,,,,,,2.139392017852515e-05,,0.0044956207275390625,,0.005692257080227137,,0.016887689009308815,,0.012200919911265373,,0.015992796048521996,,0.016909083351492882
,,1746,,,,,,,,,,,,,,,,2.6198018531431444e-05,,0.00553131103515625,,0.006299024913460016,,0.016418645158410072,,0.011509247124195099,,0.015769140794873238,,0.016444843262434006
,,1747,,,,,,,,,,,,,,,,2.1079396901768632e-05,,0.0043182373046875,,0.005650266073644161,,0.010178624652326107,,0.00948706828057766,,0.012416061945259571,,0.010199704207479954
,,1748,,,,,,,,,,,,,,,,4.289406570023857e-05,,0.006610870361328125,,0.008060057647526264,,0.017043206840753555,,0.011946295388042927,,0.01606626994907856,,0.017086101695895195
,,1749,,,,,,,,,,,,,,,,4.4077176426071674e-05,,0.0070819854736328125,,0.008170424029231071,,0.016787176951766014,,0.012028471566736698,,0.015945132821798325,,0.016831254586577415
,,1750,,,,,,,,,,,,,,,,4.22521261498332e-05,,0.006397247314453125,,0.007999520748853683,,0.015334958210587502,,0.010818608105182648,,0.01523984968662262,,0.015377210453152657
,,1751,,,,,,,,,,,,,,,,5.22680020367261e-05,,0.008136749267578125,,0.008897264488041401,,0.025898808613419533,,0.013971269130706787,,0.019805198535323143,,0.025951076298952103
,,1752,,,,,,,,,,,,,,,,0.00022457796148955822,,0.011499404907226562,,0.018442610278725624,,0.022722411900758743,,0.013969451189041138,,0.018550967797636986,,0.02294698916375637
,,1753,,,,,,,,,,,,,,,,2.6332596462452784e-05,,0.00507354736328125,,0.006315175909548998,,0.021770279854536057,,0.013271697796881199,,0.018158137798309326,,0.021796612069010735
,,1754,,,,,,,,,,,,,,,,5.6464807130396366e-05,,0.006587982177734375,,0.009247594512999058,,0.02669507823884487,,0.01395595632493496,,0.02010735496878624,,0.02675154246389866
,,1755,,,,,,,,,,,,,,,,9.218190825777128e-06,,0.0032100677490234375,,0.0037364682648330927,,0.01057483721524477,,0.009500994347035885,,0.012655410915613174,,0.010584055446088314
,,1756,,,,,,,,,,,,,,,,5.249635432846844e-05,,0.0067348480224609375,,0.008916707709431648,,0.017623335123062134,,0.012222595512866974,,0.01633741892874241,,0.01767583191394806
,,1757,,,,,,,,,,,,,,,,1.993374462472275e-05,,0.0049152374267578125,,0.005494570359587669,,0.010976739227771759,,0.009805507957935333,,0.012893651612102985,,0.010996673256158829
,,1758,,,,,,,,,,,,,,,,1.0468862456036732e-05,,0.0033550262451171875,,0.003981882706284523,,0.012316800653934479,,0.010155792348086834,,0.013658036477863789,,0.012327269650995731
,,1759,,,,,,,,,,,,,,,,1.3697017493541352e-05,,0.0041294097900390625,,0.004554611165076494,,0.017275579273700714,,0.01193944737315178,,0.016175424680113792,,0.01728927716612816
,,1760,,,,,,,,,,,,,,,,3.951794860768132e-05,,0.0065174102783203125,,0.007736377418041229,,0.022471923381090164,,0.01371785532683134,,0.01844843104481697,,0.022511441260576248
,,1761,,,,,,,,,,,,,,,,3.055458364542574e-05,,0.0061931610107421875,,0.006802650168538094,,0.020825348794460297,,0.013334648683667183,,0.017759691923856735,,0.02085590362548828
,,1762,,,,,,,,,,,,,,,,1.5515224731643684e-05,,0.003696441650390625,,0.004847493954002857,,0.013335920870304108,,0.010608598589897156,,0.014211857691407204,,0.013351435773074627
,,1763,,,,,,,,,,,,,,,,2.9958191589685157e-05,,0.00574493408203125,,0.006735926028341055,,0.017590560019016266,,0.012245845049619675,,0.016322216019034386,,0.017620518803596497
,,1764,,,,,,,,,,,,,,,,1.4357559848576784e-05,,0.0037708282470703125,,0.004663148894906044,,0.017283296212553978,,0.011545536108314991,,0.016179032623767853,,0.01729765348136425
,,1765,,,,,,,,,,,,,,,,2.946750828414224e-05,,0.005794525146484375,,0.006680518388748169,,0.015836257487535477,,0.01140504702925682,,0.015486941672861576,,0.01586572453379631
,,1766,,,,,,,,,,,,,,,,1.5542413166258484e-05,,0.004261016845703125,,0.004851749166846275,,0.014179081656038761,,0.01093496847897768,,0.014654243364930153,,0.014194624498486519
,,1767,,,,,,,,,,,,,,,,1.5444520613527857e-05,,0.0042781829833984375,,0.004836461506783962,,0.016736874356865883,,0.011661532334983349,,0.015921223908662796,,0.016752319410443306
,,1768,,,,,,,,,,,,,,,,1.392801550537115e-05,,0.0045928955078125,,0.0045928955078125,,0.009453138336539268,,0.009379937313497066,,0.011965406127274036,,0.009467066265642643
60,,7746,,,,,,,,,,,,,,,3.3788441214710474e-05,,0.0053892009891569614,,0.006595646031200886,,0.017686810344457626,,0.011949264444410801,,0.016241470351815224,,0.017471568658947945,
60,,7746,0.0005673908744938672,,0.022475076839327812,,0.025721518322825432,,0.05629633367061615,,0.019710654392838478,,0.027244560420513153,,0.056860167533159256,,,,,,,,,,,,,,,
,0.0005,7747,,,,,,,,,,,,,,,,,,,,,,,,,,,,
61,,7749,,2.344789209018927e-05,,0.004062652587890625,,0.005958593916147947,,0.030167551711201668,,0.016588080674409866,,0.021375160664319992,,0.030190998688340187,,,,,,,,,,,,,,
61,,7759,,0.00044742372119799256,,0.02478504180908203,,0.026032593101263046,,0.025441937148571014,,0.015044664032757282,,0.01962973363697529,,0.025889361277222633,,,,,,,,,,,,,,
61,,7769,,0.00019089948909822851,,0.013202667236328125,,0.017004938796162605,,0.027254339307546616,,0.01584536023437977,,0.02031688764691353,,0.027445238083600998,,,,,,,,,,,,,,
61,,7779,,0.0011464999988675117,,0.04074382781982422,,0.04167182371020317,,0.028154870495200157,,0.015810709446668625,,0.02064981497824192,,0.029301371425390244,,,,,,,,,,,,,,
61,,7789,,6.350412149913609e-05,,0.0067119598388671875,,0.009807857684791088,,0.02408050000667572,,0.014684482477605343,,0.019097309559583664,,0.0241440050303936,,,,,,,,,,,,,,
61,,7799,,0.0001632103812880814,,0.013372421264648438,,0.015722032636404037,,0.03499561920762062,,0.01666906103491783,,0.02302216738462448,,0.035158827900886536,,,,,,,,,,,,,,
61,,7809,,0.0013043079525232315,,0.04270172119140625,,0.04444415122270584,,0.03817615658044815,,0.01754102297127247,,0.024045588448643684,,0.03948046267032623,,,,,,,,,,,,,,
61,,7819,,0.0001239552366314456,,0.011218070983886719,,0.01370113343000412,,0.029365722090005875,,0.015886617824435234,,0.02108917571604252,,0.029489677399396896,,,,,,,,,,,,,,
61,,7829,,0.0003468370414339006,,0.017507553100585938,,0.02291962131857872,,0.04144462198019028,,0.017561515793204308,,0.02505379170179367,,0.04179145768284798,,,,,,,,,,,,,,
61,,7839,,0.00011974741937592626,,0.009646415710449219,,0.01346608716994524,,0.02156894840300083,,0.014056896790862083,,0.01807398349046707,,0.02168869599699974,,,,,,,,,,,,,,
61,,7849,,0.0014122130814939737,,0.044396400451660156,,0.046248383820056915,,0.02390172891318798,,0.01440205704420805,,0.01902628503739834,,0.02531394176185131,,,,,,,,,,,,,,
61,,7859,,0.002292071934789419,,0.05829620361328125,,0.05891897529363632,,0.022116996347904205,,0.013679894618690014,,0.018302161246538162,,0.024409068748354912,,,,,,,,,,,,,,
61,,7869,,0.00038303251494653523,,0.02326202392578125,,0.024086730554699898,,0.024447057396173477,,0.01411110907793045,,0.01924210973083973,,0.024830089882016182,,,,,,,,,,,,,,
,,1769,,,,,,,,,,,,,,,,2.627938738442026e-05,,0.0052509307861328125,,0.006308787502348423,,0.016099264845252037,,0.011666559614241123,,0.0156150097027421,,0.016125544905662537
,,1770,,,,,,,,,,,,,,,,1.0836156434379518e-05,,0.0036869049072265625,,0.0040511260740458965,,0.019876595586538315,,0.01268082857131958,,0.017350435256958008,,0.01988743245601654
,,1771,,,,,,,,,,,,,,,,1.827599771786481e-05,,0.0048370361328125,,0.00526114646345377,,0.024417132139205933,,0.013149045407772064,,0.019230328500270844,,0.024435408413410187
,,1772,,,,,,,,,,,,,,,,1.2319233064772561e-05,,0.0036334991455078125,,0.004319474101066589,,0.02122042141854763,,0.013494650833308697,,0.01792735792696476,,0.021232740953564644
,,1773,,,,,,,,,,,,,,,,1.3218452295404859e-05,,0.0036220550537109375,,0.004474342335015535,,0.016739245504140854,,0.011217178776860237,,0.01592235639691353,,0.016752464696764946
,,1774,,,,,,,,,,,,,,,,1.8454988094163127e-05,,0.004398345947265625,,0.005286840256303549,,0.01666042022407055,,0.012099740095436573,,0.015884820371866226,,0.01667887531220913
,,1775,,,,,,,,,,,,,,,,2.194296394009143e-05,,0.0048122406005859375,,0.00576483178883791,,0.0166840311139822,,0.01159941777586937,,0.01589607447385788,,0.01670597493648529
,,1776,,,,,,,,,,,,,,,,1.8701535736909136e-05,,0.004032135009765625,,0.005322037264704704,,0.009804349392652512,,0.00934941042214632,,0.012185651808977127,,0.009823051281273365
,,1777,,,,,,,,,,,,,,,,4.050199277116917e-05,,0.0062351226806640625,,0.007832102477550507,,0.016882536932826042,,0.011909387074410915,,0.0159903597086668,,0.01692303828895092
,,1778,,,,,,,,,,,,,,,,3.745395952137187e-05,,0.0067806243896484375,,0.007531594019383192,,0.016851434484124184,,0.012018531560897827,,0.015975620597600937,,0.01688888855278492
,,1779,,,,,,,,,,,,,,,,3.874845788232051e-05,,0.0060138702392578125,,0.0076606664806604385,,0.015038535930216312,,0.010730999521911144,,0.01509183831512928,,0.015077284537255764
,,1780,,,,,,,,,,,,,,,,3.7758487451355904e-05,,0.0068607330322265625,,0.007562148384749889,,0.024610809981822968,,0.013666358776390553,,0.019306443631649017,,0.024648567661643028
,,1781,,,,,,,,,,,,,,,,0.00021357338118832558,,0.01126861572265625,,0.017985107377171516,,0.022810230031609535,,0.013930605724453926,,0.01858677715063095,,0.023023802787065506
,,1782,,,,,,,,,,,,,,,,2.404091355856508e-05,,0.004848480224609375,,0.006034113001078367,,0.022200411185622215,,0.013337111100554466,,0.018336642533540726,,0.02222445234656334
,,1783,,,,,,,,,,,,,,,,4.049255221616477e-05,,0.0057353973388671875,,0.007831169292330742,,0.025463227182626724,,0.013620961457490921,,0.01963794231414795,,0.025503719225525856
,,1784,,,,,,,,,,,,,,,,9.572971976012923e-06,,0.0032787322998046875,,0.0038077060598880053,,0.010411417111754417,,0.009390934370458126,,0.012557241134345531,,0.01042099017649889
,,1785,,,,,,,,,,,,,,,,4.0007005736697465e-05,,0.006023406982421875,,0.007784050423651934,,0.01771543174982071,,0.012165099382400513,,0.01638004742562771,,0.01775543950498104
,,1786,,,,,,,,,,,,,,,,1.7795055100577883e-05,,0.0047130584716796875,,0.005191439762711525,,0.010765528306365013,,0.009641703218221664,,0.012769002467393875,,0.010783323086798191
,,1787,,,,,,,,,,,,,,,,1.1372323569958098e-05,,0.0034847259521484375,,0.004150134511291981,,0.012341322377324104,,0.010103732347488403,,0.013671623542904854,,0.012352694757282734
,,1788,,,,,,,,,,,,,,,,1.096194773708703e-05,,0.0037708282470703125,,0.0040745860897004604,,0.017304429784417152,,0.011923578567802906,,0.01618892326951027,,0.017315391451120377
,,1789,,,,,,,,,,,,,,,,3.672316233860329e-05,,0.006122589111328125,,0.007457798346877098,,0.02172195538878441,,0.013424066826701164,,0.0181379746645689,,0.021758679300546646
,,1790,,,,,,,,,,,,,,,,2.7542899260879494e-05,,0.005859375,,0.006458687130361795,,0.0208449549973011,,0.013305057771503925,,0.017768051475286484,,0.02087249793112278
,,1791,,,,,,,,,,,,,,,,1.486485325585818e-05,,0.0035247802734375,,0.004744814708828926,,0.013131686486303806,,0.010603771544992924,,0.014102613553404808,,0.013146551325917244
,,1792,,,,,,,,,,,,,,,,2.5784738681977615e-05,,0.0050258636474609375,,0.00624914700165391,,0.01786426641047001,,0.012396587990224361,,0.01644871197640896,,0.017890051007270813
,,1793,,,,,,,,,,,,,,,,1.5446175893885083e-05,,0.0036907196044921875,,0.004836708307266235,,0.017423396930098534,,0.011532810516655445,,0.016244474798440933,,0.017438843846321106
,,1794,,,,,,,,,,,,,,,,2.984037018904928e-05,,0.0059337615966796875,,0.00672264164313674,,0.015216236002743244,,0.011144721880555153,,0.015180740505456924,,0.015246076509356499
,,1795,,,,,,,,,,,,,,,,1.3617864169646055e-05,,0.004138946533203125,,0.004541444592177868,,0.014137248508632183,,0.010866587981581688,,0.01463260967284441,,0.01415086630731821
,,1796,,,,,,,,,,,,,,,,1.3305161701282486e-05,,0.0041828155517578125,,0.004489012062549591,,0.017019012942910194,,0.01177566684782505,,0.016054857522249222,,0.01703231781721115
,,1797,,,,,,,,,,,,,,,,2.2198315491550602e-05,,0.00579833984375,,0.00579833984375,,0.009197856299579144,,0.009225647896528244,,0.011802731081843376,,0.009220054373145103
61,,7873,,,,,,,,,,,,,,,2.994516398757696e-05,,0.005066324956715107,,0.006202966906130314,,0.01750774309039116,,0.011871940456330776,,0.01616177335381508,,0.017286721616983414,
61,,7873,0.0005282821366563439,,0.023031027987599373,,0.02518913522362709,,0.03038894757628441,,0.015914076939225197,,0.02129177190363407,,0.030919864773750305,,,,,,,,,,,,,,,
,0.0005,7874,,,,,,,,,,,,,,,,,,,,,,,,,,,,
62,,7879,,0.0011437407229095697,,0.04015159606933594,,0.04162025451660156,,0.02485014870762825,,0.014791721478104591,,0.0194000955671072,,0.025993889197707176,,,,,,,,,,,,,,
62,,7889,,0.00012464920291677117,,0.01044464111328125,,0.01374144945293665,,0.02571115829050541,,0.014775454998016357,,0.01973332092165947,,0.025835808366537094,,,,,,,,,,,,,,
62,,7899,,0.0033437893725931644,,0.07061290740966797,,0.07116462290287018,,0.024930782616138458,,0.014302208088338375,,0.019431544467806816,,0.028274571523070335,,,,,,,,,,,,,,
62,,7909,,0.0009879653807729483,,0.036884307861328125,,0.038682855665683746,,0.021644845604896545,,0.014031296595931053,,0.018105752766132355,,0.022632811218500137,,,,,,,,,,,,,,
62,,7919,,0.00042279408080503345,,0.022536277770996094,,0.025306809693574905,,0.022860201075673103,,0.013818429782986641,,0.01860712841153145,,0.02328299544751644,,,,,,,,,,,,,,
62,,7929,,0.0012531894026324153,,0.043117523193359375,,0.043565213680267334,,0.01924932934343815,,0.012926016934216022,,0.0170744638890028,,0.020502518862485886,,,,,,,,,,,,,,
62,,7939,,0.0006547534139826894,,0.029560089111328125,,0.03149087727069855,,0.02232154831290245,,0.013731442391872406,,0.01838660053908825,,0.022976301610469818,,,,,,,,,,,,,,
62,,7949,,0.00046382154687307775,,0.024112701416015625,,0.026505740359425545,,0.017630865797400475,,0.012440204620361328,,0.016340909525752068,,0.018094686791300774,,,,,,,,,,,,,,
62,,7959,,0.0003342195996083319,,0.021955490112304688,,0.022498833015561104,,0.026465902104973793,,0.01520555093884468,,0.0200208593159914,,0.02680012211203575,,,,,,,,,,,,,,
62,,7969,,0.004925413057208061,,0.08552265167236328,,0.08636998385190964,,0.020282387733459473,,0.013194837607443333,,0.017526650801301003,,0.025207800790667534,,,,,,,,,,,,,,
62,,7979,,0.0003185258246958256,,0.019445419311523438,,0.021962564438581467,,0.026045864447951317,,0.01413632556796074,,0.01986134983599186,,0.026364389806985855,,,,,,,,,,,,,,
62,,7989,,6.384601874742657e-05,,0.007918357849121094,,0.009832782670855522,,0.018845070153474808,,0.012837822549045086,,0.016894223168492317,,0.018908916041254997,,,,,,,,,,,,,,
62,,7999,,0.0010136633645743132,,0.037323951721191406,,0.03918003290891647,,0.022105278447270393,,0.013987589627504349,,0.018297312781214714,,0.023118941113352776,,,,,,,,,,,,,,
,,1798,,,,,,,,,,,,,,,,1.9259836335550062e-05,,0.004604339599609375,,0.005400910973548889,,0.015459755435585976,,0.011458609253168106,,0.015301733277738094,,0.015479015186429024
,,1799,,,,,,,,,,,,,,,,1.1708418242051266e-05,,0.0039577484130859375,,0.004211007617413998,,0.01934083178639412,,0.012525402009487152,,0.017115000635385513,,0.019352540373802185
,,1800,,,,,,,,,,,,,,,,1.6058875189628452e-05,,0.004390716552734375,,0.004931699950248003,,0.024732377380132675,,0.013146741315722466,,0.019354065880179405,,0.024748437106609344
,,1801,,,,,,,,,,,,,,,,1.0217143426416442e-05,,0.003208160400390625,,0.0039337207563221455,,0.020982777699828148,,0.013399548828601837,,0.01782669499516487,,0.02099299430847168
,,1802,,,,,,,,,,,,,,,,1.1111209460068494e-05,,0.0036220550537109375,,0.0041022347286343575,,0.016900615766644478,,0.011137385852634907,,0.01599891670048237,,0.01691172644495964
,,1803,,,,,,,,,,,,,,,,1.7526812371215783e-05,,0.0044651031494140625,,0.005152171943336725,,0.016002099961042404,,0.011838646605610847,,0.015567819587886333,,0.016019627451896667
,,1804,,,,,,,,,,,,,,,,1.8998905943590216e-05,,0.004589080810546875,,0.005364186130464077,,0.01625228114426136,,0.01147112064063549,,0.015689047053456306,,0.016271280124783516
,,1805,,,,,,,,,,,,,,,,2.0461799067561515e-05,,0.0039539337158203125,,0.0055668470449745655,,0.009695339016616344,,0.009323553182184696,,0.01211771834641695,,0.009715801104903221
,,1806,,,,,,,,,,,,,,,,3.3993674151133746e-05,,0.0055828094482421875,,0.0071752723306417465,,0.016622470691800117,,0.011789636686444283,,0.01586672104895115,,0.016656463965773582
,,1807,,,,,,,,,,,,,,,,3.847313564619981e-05,,0.006816864013671875,,0.0076334066689014435,,0.016811735928058624,,0.011955085210502148,,0.01595679111778736,,0.01685020886361599
,,1808,,,,,,,,,,,,,,,,4.094386167707853e-05,,0.0060024261474609375,,0.007874693721532822,,0.014338893815875053,,0.010478531941771507,,0.014736596494913101,,0.014379837550222874
,,1809,,,,,,,,,,,,,,,,3.150386692141183e-05,,0.0062046051025390625,,0.0069074612110853195,,0.02360197715461254,,0.013365913182497025,,0.018906602635979652,,0.023633481934666634
,,1810,,,,,,,,,,,,,,,,0.00020396674517542124,,0.01123809814453125,,0.01757596991956234,,0.022528311237692833,,0.013839013874530792,,0.018471557646989822,,0.02273227833211422
,,1811,,,,,,,,,,,,,,,,3.321525582578033e-05,,0.0056171417236328125,,0.0070926109328866005,,0.021478570997714996,,0.013056933879852295,,0.018036069348454475,,0.021511785686016083
,,1812,,,,,,,,,,,,,,,,3.168701732647605e-05,,0.0051021575927734375,,0.006927551236003637,,0.024700267240405083,,0.013468487188220024,,0.019341498613357544,,0.0247319545596838
,,1813,,,,,,,,,,,,,,,,7.265653039212339e-06,,0.0027618408203125,,0.003317234106361866,,0.010279485024511814,,0.009303690865635872,,0.01247742772102356,,0.01028675027191639
,,1814,,,,,,,,,,,,,,,,3.064348129555583e-05,,0.0052623748779296875,,0.006812525913119316,,0.017093298956751823,,0.011999119073152542,,0.01608986221253872,,0.01712394319474697
,,1815,,,,,,,,,,,,,,,,1.3688518265553284e-05,,0.0041294097900390625,,0.00455319881439209,,0.010523614473640919,,0.009524799883365631,,0.012624720111489296,,0.010537303052842617
,,1816,,,,,,,,,,,,,,,,8.856597560225055e-06,,0.0030345916748046875,,0.0036624630447477102,,0.012139803729951382,,0.010049532167613506,,0.013559545390307903,,0.012148660607635975
,,1817,,,,,,,,,,,,,,,,1.0718124030972831e-05,,0.003757476806640625,,0.004028999246656895,,0.01736028492450714,,0.011885304935276508,,0.01621503010392189,,0.017371002584695816
,,1818,,,,,,,,,,,,,,,,3.7950623664073646e-05,,0.005992889404296875,,0.0075813960283994675,,0.02102113887667656,,0.01324379164725542,,0.017842983826994896,,0.02105909027159214
,,1819,,,,,,,,,,,,,,,,2.412564936093986e-05,,0.00531005859375,,0.0060447631403803825,,0.02064020000398159,,0.01322511862963438,,0.017680572345852852,,0.02066432498395443
,,1820,,,,,,,,,,,,,,,,1.0266977369610686e-05,,0.0030498504638671875,,0.003943308722227812,,0.01309672649949789,,0.010535208508372307,,0.014083831571042538,,0.013106993399560452
,,1821,,,,,,,,,,,,,,,,1.9303606677567586e-05,,0.004306793212890625,,0.005407023709267378,,0.01748841442167759,,0.012271746061742306,,0.01627475582063198,,0.01750771887600422
,,1822,,,,,,,,,,,,,,,,1.3233822755864821e-05,,0.00373077392578125,,0.0044769467785954475,,0.017172792926430702,,0.011391296051442623,,0.016127225011587143,,0.017186027020215988
,,1823,,,,,,,,,,,,,,,,2.9126522349542938e-05,,0.0061798095703125,,0.006641763728111982,,0.015095958486199379,,0.011045824736356735,,0.015120625495910645,,0.015125084668397903
,,1824,,,,,,,,,,,,,,,,1.4158591511659324e-05,,0.004150390625,,0.004630747251212597,,0.013769061304628849,,0.010666434653103352,,0.01444080751389265,,0.013783220201730728
,,1825,,,,,,,,,,,,,,,,1.2039212379022501e-05,,0.00390625,,0.0042701102793216705,,0.01638130284845829,,0.011541573330760002,,0.015751194208860397,,0.01639334298670292
,,1826,,,,,,,,,,,,,,,,1.8191838535130955e-05,,0.0052490234375,,0.0052490234375,,0.009062035009264946,,0.009054731577634811,,0.011715265922248363,,0.00908022653311491
62,,8000,,,,,,,,,,,,,,,2.7476547984406352e-05,,0.004820759873837233,,0.005897825583815575,,0.01716064289212227,,0.011735815554857254,,0.016001414507627487,,0.016943486407399178,
62,,8000,0.0007003971841186285,,0.026371147483587265,,0.028096964582800865,,0.02156679332256317,,0.01346531417220831,,0.01798051781952381,,0.022266976535320282,,,,,,,,,,,,,,,
,0.0005,8001,,,,,,,,,,,,,,,,,,,,,,,,,,,,
63,,8009,,0.002414075192064047,,0.06027030944824219,,0.060465257614851,,0.01747983694076538,,0.012534938752651215,,0.016270771622657776,,0.019893912598490715,,,,,,,,,,,,,,
63,,8019,,0.0019441968761384487,,0.05271148681640625,,0.05426279082894325,,0.022326605394482613,,0.01343588624149561,,0.018388686701655388,,0.02427080273628235,,,,,,,,,,,,,,
63,,8029,,0.002232501283288002,,0.057659149169921875,,0.058147136121988297,,0.03938833996653557,,0.01483861729502678,,0.0244243573397398,,0.04162084311246872,,,,,,,,,,,,,,
63,,8039,,0.007104340009391308,,0.1033163070678711,,0.10373007506132126,,0.0243532694876194,,0.014460859820246696,,0.019205164164304733,,0.03145761042833328,,,,,,,,,,,,,,
63,,8049,,0.00020353414583951235,,0.015872955322265625,,0.017556684091687202,,0.024688657373189926,,0.014180324971675873,,0.01933695375919342,,0.02489219233393669,,,,,,,,,,,,,,
63,,8059,,0.0008248707745224237,,0.034488677978515625,,0.035344891250133514,,0.026726355776190758,,0.014930213801562786,,0.020119130611419678,,0.027551226317882538,,,,,,,,,,,,,,
63,,8069,,0.0006212592124938965,,0.026264190673828125,,0.030671939253807068,,0.03360498696565628,,0.016463540494441986,,0.022560106590390205,,0.03422624617815018,,,,,,,,,,,,,,
63,,8079,,0.0017853961326181889,,0.044556617736816406,,0.05199994146823883,,0.07187733054161072,,0.021615538746118546,,0.032994020730257034,,0.07366272807121277,,,,,,,,,,,,,,
63,,8089,,9.010886424221098e-05,,0.010886192321777344,,0.01168220303952694,,0.028400862589478493,,0.01594574935734272,,0.02073982171714306,,0.02849097177386284,,,,,,,,,,,,,,
63,,8099,,0.00013104768004268408,,0.012255668640136719,,0.014089345000684261,,0.03156353905797005,,0.016390308737754822,,0.021864131093025208,,0.03169458732008934,,,,,,,,,,,,,,
63,,8109,,0.000397423398680985,,0.02295970916748047,,0.024533895775675774,,0.02637404575943947,,0.015077195130288601,,0.019986087456345558,,0.02677146904170513,,,,,,,,,,,,,,
63,,8119,,0.0012268084101378918,,0.04274940490722656,,0.04310516268014908,,0.02291114442050457,,0.013800334185361862,,0.018627850338816643,,0.02413795329630375,,,,,,,,,,,,,,
,,1827,,,,,,,,,,,,,,,,2.102457256114576e-05,,0.00457000732421875,,0.005642916075885296,,0.014890908263623714,,0.011219200678169727,,0.01501757837831974,,0.014911932870745659
,,1828,,,,,,,,,,,,,,,,1.171209805761464e-05,,0.003856658935546875,,0.004211667459458113,,0.01927930675446987,,0.012475303374230862,,0.017087755724787712,,0.019291019067168236
,,1829,,,,,,,,,,,,,,,,1.8884042219724506e-05,,0.0049304962158203125,,0.005347957834601402,,0.02338046208024025,,0.01301804929971695,,0.01881767064332962,,0.023399345576763153
,,1830,,,,,,,,,,,,,,,,1.4889880731061567e-05,,0.0040988922119140625,,0.004748833831399679,,0.02116573601961136,,0.013429272919893265,,0.017904242500662804,,0.02118062600493431
,,1831,,,,,,,,,,,,,,,,8.175362381734885e-06,,0.002803802490234375,,0.003518780693411827,,0.015227827243506908,,0.010901465080678463,,0.015186523087322712,,0.015236002393066883
,,1832,,,,,,,,,,,,,,,,1.5383346180897206e-05,,0.0043468475341796875,,0.004826860036700964,,0.015516894869506359,,0.011618433520197868,,0.015329984948039055,,0.015532278455793858
,,1833,,,,,,,,,,,,,,,,1.948011777130887e-05,,0.004581451416015625,,0.005431694909930229,,0.0160940270870924,,0.011437238194048405,,0.015612473711371422,,0.016113506630063057
,,1834,,,,,,,,,,,,,,,,1.512057406216627e-05,,0.003520965576171875,,0.004785455297678709,,0.009592755697667599,,0.009246822446584702,,0.012053442187607288,,0.009607876650989056
,,1835,,,,,,,,,,,,,,,,3.49957263097167e-05,,0.0056819915771484375,,0.007280259393155575,,0.016657719388604164,,0.011723588220775127,,0.015883533284068108,,0.016692714765667915
,,1836,,,,,,,,,,,,,,,,3.762769483728334e-05,,0.0067615509033203125,,0.007549043744802475,,0.01634933054447174,,0.011861251667141914,,0.015735816210508347,,0.016386957839131355
,,1837,,,,,,,,,,,,,,,,3.6701738281408325e-05,,0.0058269500732421875,,0.007455606944859028,,0.014025294221937656,,0.01035765465348959,,0.014574556611478329,,0.014061995781958103
,,1838,,,,,,,,,,,,,,,,2.7828344173030928e-05,,0.006084442138671875,,0.006492014043033123,,0.023310761898756027,,0.013297177851200104,,0.018789594992995262,,0.023338589817285538
,,1839,,,,,,,,,,,,,,,,0.00019691258785314858,,0.010974884033203125,,0.017269345000386238,,0.021238209679722786,,0.013531078584492207,,0.01793486811220646,,0.021435122936964035
,,1840,,,,,,,,,,,,,,,,2.8206031856825575e-05,,0.005260467529296875,,0.006535946857184172,,0.02110731229186058,,0.012890557758510113,,0.017879517748951912,,0.021135518327355385
,,1841,,,,,,,,,,,,,,,,3.4262342524016276e-05,,0.0052947998046875,,0.007203558459877968,,0.024390926584601402,,0.013310052454471588,,0.019220000132918358,,0.024425188079476357
,,1842,,,,,,,,,,,,,,,,7.0136911745066755e-06,,0.0028228759765625,,0.0032592073548585176,,0.010136347264051437,,0.009312935173511505,,0.012390252202749252,,0.010143361054360867
,,1843,,,,,,,,,,,,,,,,2.9652746889041737e-05,,0.0052547454833984375,,0.006701473146677017,,0.016740527004003525,,0.011870034970343113,,0.015922963619232178,,0.01677018031477928
,,1844,,,,,,,,,,,,,,,,1.4406294212676585e-05,,0.0041980743408203125,,0.004671062342822552,,0.010204094462096691,,0.009390643797814846,,0.012431585229933262,,0.010218501091003418
,,1845,,,,,,,,,,,,,,,,7.597364401590312e-06,,0.002773284912109375,,0.0033920875284820795,,0.012184428982436657,,0.010040521621704102,,0.013584444299340248,,0.01219202671200037
,,1846,,,,,,,,,,,,,,,,1.1751655620173551e-05,,0.0038661956787109375,,0.004218782763928175,,0.017097963020205498,,0.011808983981609344,,0.016092052683234215,,0.017109714448451996
,,1847,,,,,,,,,,,,,,,,4.012726276414469e-05,,0.006290435791015625,,0.007795785553753376,,0.02033434808254242,,0.01301595289260149,,0.01754908263683319,,0.020374475046992302
,,1848,,,,,,,,,,,,,,,,2.3073645934346132e-05,,0.005077362060546875,,0.005911496002227068,,0.02032727375626564,,0.013109195977449417,,0.01754603162407875,,0.020350348204374313
,,1849,,,,,,,,,,,,,,,,9.967827281798236e-06,,0.00289154052734375,,0.0038854298181831837,,0.012950281612575054,,0.010453717783093452,,0.014004865661263466,,0.012960249558091164
,,1850,,,,,,,,,,,,,,,,1.663493094383739e-05,,0.004241943359375,,0.005019376054406166,,0.017170866951346397,,0.012167543172836304,,0.016126325353980064,,0.01718750223517418
,,1851,,,,,,,,,,,,,,,,1.335699107585242e-05,,0.0038242340087890625,,0.004497736692428589,,0.016836225986480713,,0.011293803341686726,,0.015968410298228264,,0.016849583014845848
,,1852,,,,,,,,,,,,,,,,2.974056224047672e-05,,0.005889892578125,,0.006711413152515888,,0.014860071241855621,,0.010905899107456207,,0.015002022497355938,,0.014889812096953392
,,1853,,,,,,,,,,,,,,,,1.2291985513002146e-05,,0.00389862060546875,,0.004314683843404055,,0.013342582620680332,,0.010469428263604641,,0.014215405099093914,,0.013354874216020107
,,1854,,,,,,,,,,,,,,,,1.2064982001902536e-05,,0.0038700103759765625,,0.004274677485227585,,0.016109062358736992,,0.011418486945331097,,0.015619762241840363,,0.01612112671136856
,,1855,,,,,,,,,,,,,,,,1.7771268176147714e-05,,0.00518798828125,,0.00518798828125,,0.00850586872547865,,0.008814049884676933,,0.011350074782967567,,0.008523640222847462
63,,8127,,,,,,,,,,,,,,,2.6705985874286853e-05,,0.0047694905661046505,,0.005816947668790817,,0.016767458990216255,,0.0116151487454772,,0.015818649902939796,,0.01654462330043316,
63,,8127,0.0015647482359781861,,0.03765200451016426,,0.03965539485216141,,0.026921052485704422,,0.01471962034702301,,0.019907698035240173,,0.028485167771577835,,,,,,,,,,,,,,,
,0.0005,8128,,,,,,,,,,,,,,,,,,,,,,,,,,,,
64,,8129,,4.241693386575207e-05,,0.0051403045654296875,,0.008012811653316021,,0.016822775825858116,,0.012278424575924873,,0.015962032601237297,,0.016865191981196404,,,,,,,,,,,,,,
64,,8139,,0.00012654434249270707,,0.009499549865722656,,0.013844209723174572,,0.031339146196842194,,0.015722598880529404,,0.021786270663142204,,0.031465690582990646,,,,,,,,,,,,,,
64,,8149,,0.00024237146135419607,,0.01785755157470703,,0.0191584974527359,,0.02611006796360016,,0.01473778486251831,,0.01988581009209156,,0.02635243907570839,,,,,,,,,,,,,,
64,,8159,,0.0018338297959417105,,0.05166053771972656,,0.05270255357027054,,0.02964376099407673,,0.015241571702063084,,0.021188780665397644,,0.031477589160203934,,,,,,,,,,,,,,
64,,8169,,0.0037240292876958847,,0.0736379623413086,,0.07510103285312653,,0.028878258541226387,,0.015413210727274418,,0.020913412794470787,,0.03260228782892227,,,,,,,,,,,,,,
64,,8179,,0.0024058190174400806,,0.05837249755859375,,0.060362886637449265,,0.11648072302341461,,0.03135090693831444,,0.04200165346264839,,0.1188865453004837,,,,,,,,,,,,,,
64,,8189,,0.0043791430070996284,,0.08113479614257812,,0.08144159615039825,,0.024568181484937668,,0.014690984040498734,,0.019289718940854073,,0.02894732356071472,,,,,,,,,,,,,,
64,,8199,,0.00017371018475387245,,0.012599945068359375,,0.016221417114138603,,0.040387675166130066,,0.018257305026054382,,0.024732254445552826,,0.040561385452747345,,,,,,,,,,,,,,
64,,8209,,0.000803285394795239,,0.03306293487548828,,0.03488246351480484,,0.03861689940094948,,0.018116971477866173,,0.02418399602174759,,0.03942018374800682,,,,,,,,,,,,,,
64,,8219,,0.0009960939642041922,,0.035582542419433594,,0.03883948177099228,,0.0636255219578743,,0.021458787843585014,,0.031042378395795822,,0.06462161242961884,,,,,,,,,,,,,,
64,,8229,,8.759919728618115e-05,,0.008868217468261719,,0.011518367566168308,,0.0344223752617836,,0.01687774807214737,,0.022832829505205154,,0.03450997546315193,,,,,,,,,,,,,,
64,,8239,,0.0002801510854624212,,0.015459060668945312,,0.020597120746970177,,0.03888074308633804,,0.017260447144508362,,0.024266470223665237,,0.039160892367362976,,,,,,,,,,,,,,
64,,8249,,6.560592009918764e-05,,0.008620262145996094,,0.009967693127691746,,0.025753548368811607,,0.014650247991085052,,0.019749581813812256,,0.02581915445625782,,,,,,,,,,,,,,
,,1856,,,,,,,,,,,,,,,,3.177506732754409e-05,,0.0052051544189453125,,0.006937202997505665,,0.014246690087020397,,0.010994888842105865,,0.014689137227833271,,0.014278464950621128
,,1857,,,,,,,,,,,,,,,,8.581423571740743e-06,,0.0031108856201171875,,0.00360510079190135,,0.01955176331102848,,0.012534924782812595,,0.017208077013492584,,0.019560344517230988
,,1858,,,,,,,,,,,,,,,,2.1634565200656652e-05,,0.00539398193359375,,0.005724181886762381,,0.022627584636211395,,0.01295805536210537,,0.018512213602662086,,0.022649219259619713
,,1859,,,,,,,,,,,,,,,,1.6072095604613423e-05,,0.0043048858642578125,,0.004933744203299284,,0.021187957376241684,,0.013433153741061687,,0.017913639545440674,,0.021204030141234398
,,1860,,,,,,,,,,,,,,,,8.500162039126735e-06,,0.0029010772705078125,,0.003588002175092697,,0.014456783421337605,,0.010784879326820374,,0.014797051437199116,,0.01446528360247612
,,1861,,,,,,,,,,,,,,,,1.4521606317430269e-05,,0.004058837890625,,0.004689713940024376,,0.015930015593767166,,0.011723291128873825,,0.015532717108726501,,0.01594453677535057
,,1862,,,,,,,,,,,,,,,,2.2888098101248033e-05,,0.0049152374267578125,,0.005887685809284449,,0.016365941613912582,,0.01150225754827261,,0.015743814408779144,,0.016388829797506332
,,1863,,,,,,,,,,,,,,,,1.6851025065989234e-05,,0.0036792755126953125,,0.005051866173744202,,0.009652755223214626,,0.009213847108185291,,0.012091077864170074,,0.009669606573879719
,,1864,,,,,,,,,,,,,,,,3.7878511648159474e-05,,0.006092071533203125,,0.007574194576591253,,0.016477735713124275,,0.011596078984439373,,0.015797488391399384,,0.016515614464879036
,,1865,,,,,,,,,,,,,,,,4.2193729314021766e-05,,0.0070858001708984375,,0.0079939691349864,,0.016009371727705002,,0.011731280013918877,,0.015571360476315022,,0.01605156622827053
,,1866,,,,,,,,,,,,,,,,3.42219318554271e-05,,0.0057659149169921875,,0.007199317216873169,,0.013821184635162354,,0.010298182256519794,,0.014468113891780376,,0.013855407014489174
,,1867,,,,,,,,,,,,,,,,3.6030680348630995e-05,,0.0069637298583984375,,0.007387091871351004,,0.023189682513475418,,0.013180152513086796,,0.018740741536021233,,0.02322571352124214
,,1868,,,,,,,,,,,,,,,,0.00023132015485316515,,0.011142730712890625,,0.018717406317591667,,0.021965904161334038,,0.013666452839970589,,0.018239544704556465,,0.02219722419977188
,,1869,,,,,,,,,,,,,,,,3.0257313483161852e-05,,0.005615234375,,0.006769453175365925,,0.0219675712287426,,0.013071111403405666,,0.01824023202061653,,0.021997828036546707
,,1870,,,,,,,,,,,,,,,,3.984820796176791e-05,,0.005706787109375,,0.007768623065203428,,0.024491777643561363,,0.013313369825482368,,0.019259696826338768,,0.02453162521123886
,,1871,,,,,,,,,,,,,,,,7.744347385596484e-06,,0.0029850006103515625,,0.0034247697331011295,,0.010064332745969296,,0.0092719541862607,,0.012346158735454082,,0.010072076693177223
,,1872,,,,,,,,,,,,,,,,3.2832977012731135e-05,,0.00539398193359375,,0.007051682099699974,,0.016796240583062172,,0.011886967346072197,,0.015949435532093048,,0.016829073429107666
,,1873,,,,,,,,,,,,,,,,1.6713907825760543e-05,,0.0044956207275390625,,0.005031274631619453,,0.009910850785672665,,0.009295224212110043,,0.012251652777194977,,0.009927564300596714
,,1874,,,,,,,,,,,,,,,,8.204266123357229e-06,,0.0030117034912109375,,0.003524982603266835,,0.01223473809659481,,0.010136506520211697,,0.013612458482384682,,0.012242942117154598
,,1875,,,,,,,,,,,,,,,,1.5098712538019754e-05,,0.004505157470703125,,0.004781981464475393,,0.016669152304530144,,0.011704630218446255,,0.015888981521129608,,0.01668425090610981
,,1876,,,,,,,,,,,,,,,,4.535025072982535e-05,,0.006839752197265625,,0.008287612348794937,,0.021036187186837196,,0.013254664838314056,,0.01784936711192131,,0.021081537008285522
,,1877,,,,,,,,,,,,,,,,2.810806836350821e-05,,0.00560760498046875,,0.006524613592773676,,0.02023334987461567,,0.013052682392299175,,0.017505448311567307,,0.020261457189917564
,,1878,,,,,,,,,,,,,,,,1.1368604646122549e-05,,0.003124237060546875,,0.004149457905441523,,0.01275916863232851,,0.010307926684617996,,0.01390114612877369,,0.012770537286996841
,,1879,,,,,,,,,,,,,,,,1.8688453565118834e-05,,0.0046024322509765625,,0.005320169497281313,,0.01724325492978096,,0.01212656032294035,,0.016160281375050545,,0.017261942848563194
,,1880,,,,,,,,,,,,,,,,1.3758553905063309e-05,,0.0037746429443359375,,0.004564836621284485,,0.016685985028743744,,0.011258785612881184,,0.015897000208497047,,0.016699744388461113
,,1881,,,,,,,,,,,,,,,,3.106704753008671e-05,,0.006237030029296875,,0.006859445013105869,,0.014944891445338726,,0.01097189076244831,,0.015044774860143661,,0.01497595850378275
,,1882,,,,,,,,,,,,,,,,1.4197399650583975e-05,,0.0040836334228515625,,0.004637099802494049,,0.01351102814078331,,0.010548369958996773,,0.014304857701063156,,0.013525225222110748
,,1883,,,,,,,,,,,,,,,,1.3132030289852992e-05,,0.0041351318359375,,0.004459699150174856,,0.016549060121178627,,0.011643591336905956,,0.015831639990210533,,0.016562191769480705
,,1884,,,,,,,,,,,,,,,,1.4868761354591697e-05,,0.0047454833984375,,0.0047454833984375,,0.008466677740216255,,0.008818225003778934,,0.011323897168040276,,0.008481546305119991
64,,8254,,,,,,,,,,,,,,,3.0247030736063607e-05,,0.005025092046707869,,0.006152474787086248,,0.016769399866461754,,0.011611162684857845,,0.015813816338777542,,0.01654866710305214,
64,,8254,0.0025170063599944115,,0.04284841567277908,,0.04527628794312477,,0.04132010415196419,,0.017750032246112823,,0.024355797097086906,,0.04383087903261185,,,,,,,,,,,,,,,
,0.0005,8255,,,,,,,,,,,,,,,,,,,,,,,,,,,,
65,,8259,,7.061213545966893e-05,,0.008889198303222656,,0.010339774191379547,,0.031803566962480545,,0.016289347782731056,,0.021947106346488,,0.03187417984008789,,,,,,,,,,,,,,
65,,8269,,0.0008852827595546842,,0.03605365753173828,,0.03661559894680977,,0.019131725654006004,,0.013132046908140182,,0.01702222414314747,,0.02001700922846794,,,,,,,,,,,,,,
65,,8279,,0.0008680233149789274,,0.03482627868652344,,0.036257367581129074,,0.02840944565832615,,0.01475961972028017,,0.020742956548929214,,0.029277468100190163,,,,,,,,,,,,,,
65,,8289,,0.0001929239515447989,,0.012278556823730469,,0.01709323190152645,,0.020559748634696007,,0.013204680755734444,,0.017646078020334244,,0.020752672106027603,,,,,,,,,,,,,,
65,,8299,,0.0020450507290661335,,0.05517292022705078,,0.055653396993875504,,0.02087549678981304,,0.01366540789604187,,0.017781062051653862,,0.022920547053217888,,,,,,,,,,,,,,
65,,8309,,0.0005431545432657003,,0.0160980224609375,,0.028682192787528038,,0.024086641147732735,,0.014286353252828121,,0.01909973844885826,,0.02462979592382908,,,,,,,,,,,,,,
65,,8319,,0.00011104233999503776,,0.008686065673828125,,0.012969986535608768,,0.03444630280137062,,0.016672972589731216,,0.02284076437354088,,0.03455734625458717,,,,,,,,,,,,,,
65,,8329,,8.611574594397098e-05,,0.007954597473144531,,0.011420834809541702,,0.03355276584625244,,0.016605615615844727,,0.022542571648955345,,0.033638883382081985,,,,,,,,,,,,,,
65,,8339,,0.00014116658712737262,,0.01203155517578125,,0.014621426351368427,,0.026523077860474586,,0.01542513445019722,,0.02004246972501278,,0.026664244011044502,,,,,,,,,,,,,,
65,,8349,,0.0018432458164170384,,0.05229949951171875,,0.052834492176771164,,0.032128773629665375,,0.015052555128932,,0.022059030830860138,,0.03397202119231224,,,,,,,,,,,,,,
65,,8359,,0.0014358500484377146,,0.04574871063232422,,0.04663390666246414,,0.022440865635871887,,0.014201859943568707,,0.018435677513480186,,0.023876715451478958,,,,,,,,,,,,,,
65,,8369,,0.0008187550702132285,,0.034340858459472656,,0.03521282598376274,,0.024743005633354187,,0.014962886460125446,,0.019358227029442787,,0.025561761111021042,,,,,,,,,,,,,,
65,,8379,,0.00038850310374982655,,0.02151203155517578,,0.024255817756056786,,0.022256573662161827,,0.014154813252389431,,0.018359819427132607,,0.022645076736807823,,,,,,,,,,,,,,
,,1885,,,,,,,,,,,,,,,,3.522128099575639e-05,,0.00543212890625,,0.007303677964955568,,0.014289533719420433,,0.01102711446583271,,0.014711210504174232,,0.014324755407869816
,,1886,,,,,,,,,,,,,,,,1.101018915505847e-05,,0.003520965576171875,,0.004083515610545874,,0.018958311527967453,,0.012331732548773289,,0.01694490760564804,,0.018969321623444557
,,1887,,,,,,,,,,,,,,,,1.987400173675269e-05,,0.005130767822265625,,0.005486330483108759,,0.02265944704413414,,0.012893347069621086,,0.018525244668126106,,0.022679321467876434
,,1888,,,,,,,,,,,,,,,,1.3583786312665325e-05,,0.0037746429443359375,,0.00453575374558568,,0.02054555155336857,,0.013297097757458687,,0.01763998530805111,,0.02055913582444191
,,1889,,,,,,,,,,,,,,,,8.887383955880068e-06,,0.002777099609375,,0.0036688107065856457,,0.014552884735167027,,0.010762914083898067,,0.014846151694655418,,0.014561772346496582
,,1890,,,,,,,,,,,,,,,,1.4621669834014028e-05,,0.003963470458984375,,0.004705858416855335,,0.016124160960316658,,0.011751797050237656,,0.01562708429992199,,0.01613878272473812
,,1891,,,,,,,,,,,,,,,,2.104587110807188e-05,,0.0046787261962890625,,0.005645759869366884,,0.015809476375579834,,0.011371585540473461,,0.01547384262084961,,0.015830522403120995
,,1892,,,,,,,,,,,,,,,,1.6153739125002176e-05,,0.0037975311279296875,,0.004946240223944187,,0.009426861070096493,,0.009077630005776882,,0.011948762461543083,,0.009443014860153198
,,1893,,,,,,,,,,,,,,,,3.7758134567411616e-05,,0.0061054229736328125,,0.007562144659459591,,0.0167138259857893,,0.011663930490612984,,0.015910262241959572,,0.01675158366560936
,,1894,,,,,,,,,,,,,,,,3.8123351259855554e-05,,0.0068264007568359375,,0.007598603144288063,,0.015736091881990433,,0.011590445414185524,,0.015437888912856579,,0.015774214640259743
,,1895,,,,,,,,,,,,,,,,3.385541640454903e-05,,0.0057964324951171875,,0.007160663139075041,,0.013701329939067364,,0.010234705172479153,,0.014405246824026108,,0.013735185377299786
,,1896,,,,,,,,,,,,,,,,2.9319517125259154e-05,,0.0064258575439453125,,0.006663700565695763,,0.0232507586479187,,0.013150332495570183,,0.01876540295779705,,0.023280078545212746
,,1897,,,,,,,,,,,,,,,,0.00024368076992686838,,0.01187896728515625,,0.019210990518331528,,0.02060466818511486,,0.013390694744884968,,0.017665350809693336,,0.020848348736763
,,1898,,,,,,,,,,,,,,,,2.524615774746053e-05,,0.0051517486572265625,,0.0061835357919335365,,0.02158055454492569,,0.01298787072300911,,0.018078841269016266,,0.021605800837278366
,,1899,,,,,,,,,,,,,,,,3.6572433600667864e-05,,0.0052890777587890625,,0.0074424599297344685,,0.025670023635029793,,0.013470865786075592,,0.01971752755343914,,0.025706596672534943
,,1900,,,,,,,,,,,,,,,,8.395253644266631e-06,,0.003063201904296875,,0.0035657850094139576,,0.010055910795927048,,0.00922041479498148,,0.01234099268913269,,0.010064305737614632
,,1901,,,,,,,,,,,,,,,,3.089679012191482e-05,,0.0054378509521484375,,0.0068406299687922,,0.016466032713651657,,0.011729535646736622,,0.015791883692145348,,0.0164969302713871
,,1902,,,,,,,,,,,,,,,,1.7378339180140756e-05,,0.004573822021484375,,0.005130301229655743,,0.009850889444351196,,0.009214602410793304,,0.0122145377099514,,0.009868267923593521
,,1903,,,,,,,,,,,,,,,,8.277360393549316e-06,,0.0029125213623046875,,0.003540659788995981,,0.011955562978982925,,0.010037340223789215,,0.013456258922815323,,0.011963840574026108
,,1904,,,,,,,,,,,,,,,,9.55114774114918e-06,,0.0035610198974609375,,0.003803362138569355,,0.016774944961071014,,0.011655337177217007,,0.015939321368932724,,0.01678449660539627
,,1905,,,,,,,,,,,,,,,,4.061142317368649e-05,,0.0063076019287109375,,0.007842659018933773,,0.020586056634783745,,0.01307314820587635,,0.017657363787293434,,0.020626667886972427
,,1906,,,,,,,,,,,,,,,,2.494343789294362e-05,,0.0052433013916015625,,0.006146345287561417,,0.019972246140241623,,0.012953321449458599,,0.017392130568623543,,0.019997188821434975
,,1907,,,,,,,,,,,,,,,,1.2213204172439873e-05,,0.0032176971435546875,,0.004300837405025959,,0.012712407857179642,,0.0102234510704875,,0.013875647448003292,,0.012724621221423149
,,1908,,,,,,,,,,,,,,,,1.7784073861548677e-05,,0.0045032501220703125,,0.00518984766677022,,0.016713038086891174,,0.011949067935347557,,0.015909884124994278,,0.01673082262277603
,,1909,,,,,,,,,,,,,,,,1.3299011698109098e-05,,0.0038776397705078125,,0.0044879489578306675,,0.0163576602935791,,0.011137031018733978,,0.015739820897579193,,0.01637095957994461
,,1910,,,,,,,,,,,,,,,,2.8201113309478387e-05,,0.0058879852294921875,,0.0065353927202522755,,0.014499313198029995,,0.010908904485404491,,0.014818800613284111,,0.014527514576911926
,,1911,,,,,,,,,,,,,,,,1.2284626791370101e-05,,0.0036945343017578125,,0.004313432611525059,,0.013082914054393768,,0.010455494746565819,,0.01407640054821968,,0.013095199130475521
,,1912,,,,,,,,,,,,,,,,1.1154973435623106e-05,,0.0037937164306640625,,0.004110314417630434,,0.015952203422784805,,0.011433875188231468,,0.015543530695140362,,0.01596335880458355
,,1913,,,,,,,,,,,,,,,,1.5545574569841847e-05,,0.004852294921875,,0.004852294921875,,0.008183340542018414,,0.008740033023059368,,0.011132806539535522,,0.008198886178433895
65,,8381,,,,,,,,,,,,,,,2.9222670491435565e-05,,0.0048792860470712185,,0.005995097104460001,,0.016555575653910637,,0.011523059569299221,,0.015710074454545975,,0.01633177511394024,
65,,8381,0.000729833438526839,,0.027276884764432907,,0.02954421378672123,,0.02738436497747898,,0.015004990622401237,,0.02020752802491188,,0.028113653883337975,,,,,,,,,,,,,,,
,0.0005,8382,,,,,,,,,,,,,,,,,,,,,,,,,,,,
66,,8389,,0.0010128442663699389,,0.037156105041503906,,0.03916506841778755,,0.026478877291083336,,0.015057501383125782,,0.020025761798024178,,0.027491722255945206,,,,,,,,,,,,,,
66,,8399,,0.0005056016962043941,,0.026152610778808594,,0.02767322212457657,,0.022012796252965927,,0.0139161366969347,,0.018258994445204735,,0.022518398240208626,,,,,,,,,,,,,,
66,,8409,,0.0003993226564489305,,0.02374267578125,,0.0245915949344635,,0.021450495347380638,,0.01338456105440855,,0.018024280667304993,,0.021849818527698517,,,,,,,,,,,,,,
66,,8419,,0.0003495358978398144,,0.021345138549804688,,0.023005761206150055,,0.02431551180779934,,0.014366635121405125,,0.019190264865756035,,0.024665048345923424,,,,,,,,,,,,,,
66,,8429,,0.0008836144697852433,,0.035584449768066406,,0.03658358380198479,,0.04071183502674103,,0.014962884597480297,,0.024831313639879227,,0.041595447808504105,,,,,,,,,,,,,,
66,,8439,,0.0008162794401869178,,0.03476905822753906,,0.03516001999378204,,0.016102949157357216,,0.011905715800821781,,0.015616797842085361,,0.016919229179620743,,,,,,,,,,,,,,
66,,8449,,2.7136853532283567e-05,,0.005005836486816406,,0.006409875582903624,,0.017643103376030922,,0.012253363616764545,,0.016346579417586327,,0.017670240253210068,,,,,,,,,,,,,,
66,,8459,,0.0016974288737401366,,0.04912281036376953,,0.05070265009999275,,0.0256224125623703,,0.014117121696472168,,0.019699228927493095,,0.02731984108686447,,,,,,,,,,,,,,
66,,8469,,0.0014516166411340237,,0.04520225524902344,,0.04688875749707222,,0.020385701209306717,,0.013231927528977394,,0.017571229487657547,,0.021837318316102028,,,,,,,,,,,,,,
66,,8479,,0.0007606135914102197,,0.031540870666503906,,0.03394114598631859,,0.020275980234146118,,0.01265175174921751,,0.017523879185318947,,0.02103659324347973,,,,,,,,,,,,,,
66,,8489,,2.5122242732322775e-05,,0.0054187774658203125,,0.006168293301016092,,0.01923389732837677,,0.01319143921136856,,0.017067618668079376,,0.019259018823504448,,,,,,,,,,,,,,
66,,8499,,4.227481986163184e-05,,0.0072231292724609375,,0.00800115056335926,,0.025860503315925598,,0.014289234764873981,,0.019790545105934143,,0.025902777910232544,,,,,,,,,,,,,,
,,1914,,,,,,,,,,,,,,,,3.540460602380335e-05,,0.005519866943359375,,0.007322688587009907,,0.014405847527086735,,0.011018194258213043,,0.014770956709980965,,0.014441251754760742
,,1915,,,,,,,,,,,,,,,,1.2819431503885426e-05,,0.0038776397705078125,,0.004406287334859371,,0.018734250217676163,,0.012233640067279339,,0.016844479367136955,,0.01874706894159317
,,1916,,,,,,,,,,,,,,,,1.8214333977084607e-05,,0.0048274993896484375,,0.005252246744930744,,0.023566998541355133,,0.012937331572175026,,0.01889258623123169,,0.023585213348269463
,,1917,,,,,,,,,,,,,,,,1.1396423360565677e-05,,0.00353240966796875,,0.004154561087489128,,0.02060338295996189,,0.013276321813464165,,0.017664792016148567,,0.020614778622984886
,,1918,,,,,,,,,,,,,,,,8.528223588655237e-06,,0.0029354095458984375,,0.0035939104855060577,,0.015458770096302032,,0.010892920196056366,,0.015301249921321869,,0.015467298217117786
,,1919,,,,,,,,,,,,,,,,1.55601192091126e-05,,0.004276275634765625,,0.004854507744312286,,0.01588611863553524,,0.0116750318557024,,0.01551129948347807,,0.015901679173111916
,,1920,,,,,,,,,,,,,,,,2.097181095450651e-05,,0.004650115966796875,,0.005635814741253853,,0.015486795455217361,,0.011235917918384075,,0.01531511265784502,,0.015507766976952553
,,1921,,,,,,,,,,,,,,,,1.67489743034821e-05,,0.0036296844482421875,,0.005036558955907822,,0.009225727058947086,,0.009013164788484573,,0.011820605024695396,,0.009242475964128971
,,1922,,,,,,,,,,,,,,,,3.4250984754180536e-05,,0.0058040618896484375,,0.0072023808024823666,,0.01672910898923874,,0.01161277573555708,,0.01591753028333187,,0.016763359308242798
,,1923,,,,,,,,,,,,,,,,3.5986573493573815e-05,,0.0067157745361328125,,0.007382603362202644,,0.01567937806248665,,0.01160338707268238,,0.015410040505230427,,0.01571536436676979
,,1924,,,,,,,,,,,,,,,,3.4737709938781336e-05,,0.00579833984375,,0.007253371644765139,,0.013245970942080021,,0.010103040374815464,,0.014163846150040627,,0.013280708342790604
,,1925,,,,,,,,,,,,,,,,2.754361048573628e-05,,0.00621795654296875,,0.006458749994635582,,0.022721126675605774,,0.013069646432995796,,0.018550442531704903,,0.022748669609427452
,,1926,,,,,,,,,,,,,,,,0.0002310250129085034,,0.011789321899414062,,0.01870548725128174,,0.020235328003764153,,0.013167159631848335,,0.017506306990981102,,0.020466353744268417
,,1927,,,,,,,,,,,,,,,,2.1502492018043995e-05,,0.00479888916015625,,0.005706680007278919,,0.021521776914596558,,0.012963608838617802,,0.018054204061627388,,0.02154327929019928
,,1928,,,,,,,,,,,,,,,,3.519788879202679e-05,,0.0052242279052734375,,0.007301249075680971,,0.02439217083156109,,0.01320965401828289,,0.019220495596528053,,0.024427369236946106
,,1929,,,,,,,,,,,,,,,,6.815780579927377e-06,,0.00276947021484375,,0.0032128901220858097,,0.009855100885033607,,0.009128358215093613,,0.012217148207128048,,0.009861916303634644
,,1930,,,,,,,,,,,,,,,,3.2392974389949813e-05,,0.0055789947509765625,,0.007004301529377699,,0.016336265951395035,,0.01172686368227005,,0.015729527920484543,,0.01636865921318531
,,1931,,,,,,,,,,,,,,,,1.6653191778459586e-05,,0.0045032501220703125,,0.005022126715630293,,0.009610030800104141,,0.00913360808044672,,0.01206428837031126,,0.00962668377906084
,,1932,,,,,,,,,,,,,,,,8.807243830233347e-06,,0.00296783447265625,,0.003652233397588134,,0.011439107358455658,,0.009822099469602108,,0.013162408955395222,,0.011447914876043797
,,1933,,,,,,,,,,,,,,,,1.0448464308865368e-05,,0.0036487579345703125,,0.003977992106229067,,0.01643441431224346,,0.01144934818148613,,0.015776710584759712,,0.016444861888885498
,,1934,,,,,,,,,,,,,,,,3.8489200960611925e-05,,0.0062808990478515625,,0.007635017391294241,,0.0204774122685194,,0.013022192753851414,,0.017610710114240646,,0.02051590196788311
,,1935,,,,,,,,,,,,,,,,2.206507997470908e-05,,0.004974365234375,,0.005780856125056744,,0.019357264041900635,,0.012697759084403515,,0.017122268676757812,,0.019379328936338425
,,1936,,,,,,,,,,,,,,,,1.205463740916457e-05,,0.0031299591064453125,,0.004272832069545984,,0.012317138724029064,,0.010086311027407646,,0.01365822646766901,,0.012329193763434887
,,1937,,,,,,,,,,,,,,,,2.0448944269446656e-05,,0.0046672821044921875,,0.005565126892179251,,0.01663517765700817,,0.011925910599529743,,0.015872778370976448,,0.01665562577545643
,,1938,,,,,,,,,,,,,,,,1.2408314432832412e-05,,0.003795623779296875,,0.004335067234933376,,0.01650705747306347,,0.011209005489945412,,0.015811534598469734,,0.016519466415047646
,,1939,,,,,,,,,,,,,,,,2.726041384448763e-05,,0.0057201385498046875,,0.0064254701137542725,,0.014290071092545986,,0.01078607514500618,,0.014711488038301468,,0.014317331835627556
,,1940,,,,,,,,,,,,,,,,1.1387046470190398e-05,,0.003662109375,,0.004152837209403515,,0.012790748849511147,,0.010344035923480988,,0.013918336480855942,,0.01280213613063097
,,1941,,,,,,,,,,,,,,,,1.1705900760716759e-05,,0.0039463043212890625,,0.0042105792090296745,,0.01599455624818802,,0.011475960724055767,,0.0155641483142972,,0.016006262972950935
,,1942,,,,,,,,,,,,,,,,1.6137688362505287e-05,,0.00494384765625,,0.00494384765625,,0.008374583907425404,,0.008773203007876873,,0.011262143030762672,,0.00839072186499834
66,,8508,,,,,,,,,,,,,,,2.8189953809487633e-05,,0.004830593708902597,,0.005906929261982441,,0.016390541568398476,,0.011445900425314903,,0.015629200264811516,,0.016176503151655197,
66,,8508,0.0006210225401446223,,0.023778550326824188,,0.025830086320638657,,0.02279796078801155,,0.013815250247716904,,0.018504111096262932,,0.023420169949531555,,,,,,,,,,,,,,,
,0.0005,8509,,,,,,,,,,,,,,,,,,,,,,,,,,,,
67,,8509,,0.0003923008334822953,,0.023111343383789062,,0.024375658482313156,,0.020126663148403168,,0.013622308149933815,,0.017459237948060036,,0.020518964156508446,,,,,,,,,,,,,,
67,,8519,,5.747170507675037e-05,,0.008348464965820312,,0.009329634718596935,,0.02461603470146656,,0.014557063579559326,,0.01930849626660347,,0.02467350661754608,,,,,,,,,,,,,,
67,,8529,,0.0007695091189816594,,0.03330707550048828,,0.03413926810026169,,0.020027903839945793,,0.013035931624472141,,0.017416344955563545,,0.02079741284251213,,,,,,,,,,,,,,
67,,8539,,8.987267210613936e-05,,0.010133743286132812,,0.011666965670883656,,0.015193668194115162,,0.011726532131433487,,0.0151694780215621,,0.015283540822565556,,,,,,,,,,,,,,
67,,8549,,0.002406130079180002,,0.059848785400390625,,0.060367003083229065,,0.027457714080810547,,0.01550962496548891,,0.02039254829287529,,0.029863843694329262,,,,,,,,,,,,,,
67,,8559,,0.0004263692535459995,,0.023087501525878906,,0.025410328060388565,,0.02379813976585865,,0.013908760622143745,,0.018985005095601082,,0.024224508553743362,,,,,,,,,,,,,,
67,,8569,,0.00030183992930687964,,0.019765853881835938,,0.021380407735705376,,0.024395547807216644,,0.014225326478481293,,0.019221823662519455,,0.02469738759100437,,,,,,,,,,,,,,
67,,8579,,0.002478990936651826,,0.05892753601074219,,0.061273761093616486,,0.04031629115343094,,0.01787528023123741,,0.024710388854146004,,0.04279528185725212,,,,,,,,,,,,,,
67,,8589,,0.0003252408350817859,,0.019858360290527344,,0.02219344675540924,,0.029708806425333023,,0.015271390788257122,,0.021212005987763405,,0.03003404662013054,,,,,,,,,,,,,,
67,,8599,,0.00032410258427262306,,0.021022796630859375,,0.022153832018375397,,0.0377124585211277,,0.017184074968099594,,0.023899110034108162,,0.038036562502384186,,,,,,,,,,,,,,
67,,8609,,0.00019502670329529792,,0.01644611358642578,,0.017185619100928307,,0.029293669387698174,,0.015465631149709225,,0.021063288673758507,,0.02948869578540325,,,,,,,,,,,,,,
67,,8619,,0.0008165494073182344,,0.034438133239746094,,0.03516535833477974,,0.020215272903442383,,0.013360999524593353,,0.017497623339295387,,0.021031823009252548,,,,,,,,,,,,,,
67,,8629,,0.0004627197340596467,,0.025691986083984375,,0.026473967358469963,,0.017949841916561127,,0.012398692779242992,,0.01648806221783161,,0.01841256208717823,,,,,,,,,,,,,,
,,1943,,,,,,,,,,,,,,,,3.0460421839961782e-05,,0.005084991455078125,,0.006792179774492979,,0.014481965452432632,,0.010998142883181572,,0.014809932559728622,,0.014512426219880581
,,1944,,,,,,,,,,,,,,,,9.416891771252267e-06,,0.0030975341796875,,0.0037765195593237877,,0.01858999952673912,,0.012265460565686226,,0.016779499128460884,,0.018599417060613632
,,1945,,,,,,,,,,,,,,,,1.3913869224779774e-05,,0.004085540771484375,,0.004590531345456839,,0.024437708780169487,,0.012928783893585205,,0.01923842914402485,,0.024451622739434242
,,1946,,,,,,,,,,,,,,,,8.764989615883678e-06,,0.0029296875,,0.003643473144620657,,0.019937405362725258,,0.0131596764549613,,0.017376955598592758,,0.01994617097079754
,,1947,,,,,,,,,,,,,,,,7.684497177251615e-06,,0.002948760986328125,,0.003411525394767523,,0.01640627533197403,,0.010945189744234085,,0.015763195231556892,,0.016413960605859756
,,1948,,,,,,,,,,,,,,,,1.4960605767555535e-05,,0.0042018890380859375,,0.0047600786201655865,,0.015557443723082542,,0.011600823141634464,,0.01535000279545784,,0.015572404488921165
,,1949,,,,,,,,,,,,,,,,2.094510091410484e-05,,0.0046844482421875,,0.00563221937045455,,0.014941143803298473,,0.01108122430741787,,0.015042891725897789,,0.014962089248001575
,,1950,,,,,,,,,,,,,,,,1.7156649846583605e-05,,0.0037097930908203125,,0.005097466055303812,,0.00869401078671217,,0.00872706063091755,,0.011474914848804474,,0.008711167611181736
,,1951,,,,,,,,,,,,,,,,3.052006650250405e-05,,0.0055027008056640625,,0.006798798684030771,,0.01681613363325596,,0.011646464467048645,,0.0159588810056448,,0.016846653074026108
,,1952,,,,,,,,,,,,,,,,3.3322365197818726e-05,,0.0065326690673828125,,0.007104062475264072,,0.015558072365820408,,0.011554745957255363,,0.015350313857197762,,0.01559139508754015
,,1953,,,,,,,,,,,,,,,,3.257844946347177e-05,,0.0057086944580078125,,0.007024313323199749,,0.01317271776497364,,0.010040541179478168,,0.014124627225100994,,0.013205296359956264
,,1954,,,,,,,,,,,,,,,,2.5929533876478672e-05,,0.00588226318359375,,0.006266636308282614,,0.022676018998026848,,0.012964623048901558,,0.01853201910853386,,0.022701948881149292
,,1955,,,,,,,,,,,,,,,,0.00023072308977134526,,0.011762619018554688,,0.018693288788199425,,0.019657263532280922,,0.012977372854948044,,0.01725444570183754,,0.01988798752427101
,,1956,,,,,,,,,,,,,,,,2.3503285774495453e-05,,0.0050640106201171875,,0.005966271739453077,,0.02157294750213623,,0.012947263196110725,,0.018075650557875633,,0.021596450358629227
,,1957,,,,,,,,,,,,,,,,3.700956585817039e-05,,0.005084991455078125,,0.007486799731850624,,0.024266554042696953,,0.013208224438130856,,0.019170938059687614,,0.024303562939167023
,,1958,,,,,,,,,,,,,,,,5.901651547901565e-06,,0.002460479736328125,,0.002989700762555003,,0.009912836365401745,,0.009152896702289581,,0.012252883985638618,,0.009918738156557083
,,1959,,,,,,,,,,,,,,,,3.011348599102348e-05,,0.0053253173828125,,0.00675334595143795,,0.016030212864279747,,0.011571120470762253,,0.015581491403281689,,0.016060326248407364
,,1960,,,,,,,,,,,,,,,,1.4902672774042003e-05,,0.0042285919189453125,,0.004750849679112434,,0.0095767080783844,,0.00912876520305872,,0.012043354101479053,,0.009591611102223396
,,1961,,,,,,,,,,,,,,,,8.111395800369792e-06,,0.0028362274169921875,,0.0035049866419285536,,0.01133742555975914,,0.009739425964653492,,0.013103777542710304,,0.01134553737938404
,,1962,,,,,,,,,,,,,,,,1.0344534530304372e-05,,0.0038299560546875,,0.0039581782184541225,,0.016701849177479744,,0.01153868343681097,,0.015904555097222328,,0.016712194308638573
,,1963,,,,,,,,,,,,,,,,3.880578151438385e-05,,0.006439208984375,,0.007666345685720444,,0.020438333973288536,,0.013010488823056221,,0.017593897879123688,,0.020477140322327614
,,1964,,,,,,,,,,,,,,,,2.054214564850554e-05,,0.0048046112060546875,,0.005577789153903723,,0.01973147504031658,,0.012816968373954296,,0.017286978662014008,,0.0197520162910223
,,1965,,,,,,,,,,,,,,,,9.188051990349777e-06,,0.002689361572265625,,0.0037303604185581207,,0.012200401164591312,,0.010021744295954704,,0.013593349605798721,,0.012209589593112469
,,1966,,,,,,,,,,,,,,,,1.4831805856374558e-05,,0.0039348602294921875,,0.004739539697766304,,0.016363490372896194,,0.011909866705536842,,0.015742626041173935,,0.01637832261621952
,,1967,,,,,,,,,,,,,,,,1.1015816198778339e-05,,0.0035648345947265625,,0.0040845805779099464,,0.01629590429365635,,0.011048874817788601,,0.01571008376777172,,0.0163069199770689
,,1968,,,,,,,,,,,,,,,,2.524571755202487e-05,,0.0055694580078125,,0.006183481775224209,,0.013691185042262077,,0.010633029043674469,,0.014399915002286434,,0.013716430403292179
,,1969,,,,,,,,,,,,,,,,1.3477452739607543e-05,,0.003795623779296875,,0.004517973866313696,,0.012729030102491379,,0.01032760925590992,,0.013884716667234898,,0.01274250727146864
,,1970,,,,,,,,,,,,,,,,9.02480496733915e-06,,0.0034465789794921875,,0.0036970891524106264,,0.01527723204344511,,0.011152075603604317,,0.015211133286356926,,0.015286256559193134
,,1971,,,,,,,,,,,,,,,,1.1206661838514265e-05,,0.004119873046875,,0.004119873046875,,0.00771252391859889,,0.00833197683095932,,0.010807805694639683,,0.007723730523139238
67,,8635,,,,,,,,,,,,,,,2.6659397917683236e-05,,0.004612291231751442,,0.005678697023540735,,0.0162850059568882,,0.011382709257304668,,0.015571997500956059,,0.016052547842264175,
67,,8635,0.0009398290421813726,,0.030932562425732613,,0.032777439802885056,,0.027769610285758972,,0.014913968741893768,,0.020169444382190704,,0.028703777119517326,,,,,,,,,,,,,,,
,0.0005,8636,,,,,,,,,,,,,,,,,,,,,,,,,,,,
68,,8639,,4.742970486404374e-05,,0.006939888000488281,,0.008478469215333462,,0.020900320261716843,,0.013173307292163372,,0.017791632562875748,,0.02094775065779686,,,,,,,,,,,,,,
68,,8649,,0.0012187971733510494,,0.04238700866699219,,0.042964521795511246,,0.018125372007489204,,0.012456359341740608,,0.016568487510085106,,0.01934416964650154,,,,,,,,,,,,,,
68,,8659,,0.00017003080574795604,,0.013673782348632812,,0.016048965975642204,,0.021565454080700874,,0.013418663293123245,,0.018072515726089478,,0.021735485643148422,,,,,,,,,,,,,,
68,,8669,,0.0001172899137600325,,0.011661529541015625,,0.013329125009477139,,0.02187112346291542,,0.013609517365694046,,0.018200144171714783,,0.021988414227962494,,,,,,,,,,,,,,
68,,8679,,0.0001545157138025388,,0.011842727661132812,,0.015295452438294888,,0.026781374588608742,,0.015017975121736526,,0.020139828324317932,,0.026935890316963196,,,,,,,,,,,,,,
68,,8689,,0.0005785491084679961,,0.029030799865722656,,0.029599478468298912,,0.019903281703591347,,0.012849437072873116,,0.01736207865178585,,0.020481830462813377,,,,,,,,,,,,,,
68,,8699,,0.0004900622880086303,,0.025629043579101562,,0.027244970202445984,,0.019349949434399605,,0.012827487662434578,,0.017119035124778748,,0.01984001137316227,,,,,,,,,,,,,,
68,,8709,,0.000342271028785035,,0.011788368225097656,,0.022768450900912285,,0.02195260487496853,,0.014115137979388237,,0.018234016373753548,,0.022294875234365463,,,,,,,,,,,,,,
68,,8719,,0.0006258608773350716,,0.029402732849121094,,0.030787190422415733,,0.019959265366196632,,0.013334216549992561,,0.017386481165885925,,0.02058512717485428,,,,,,,,,,,,,,
68,,8729,,0.00010284745803801343,,0.008954048156738281,,0.012480117380619049,,0.02231486514210701,,0.013713427819311619,,0.018383849412202835,,0.022417712956666946,,,,,,,,,,,,,,
68,,8739,,0.004892246797680855,,0.08556079864501953,,0.08607888966798782,,0.04280979186296463,,0.016606565564870834,,0.025463081896305084,,0.047702036798000336,,,,,,,,,,,,,,
68,,8749,,0.006706178188323975,,0.09925174713134766,,0.10077933222055435,,0.029063234105706215,,0.015714719891548157,,0.02098027803003788,,0.03576941043138504,,,,,,,,,,,,,,
68,,8759,,0.0006064929766580462,,0.026821136474609375,,0.030308539047837257,,0.04485069215297699,,0.01988649182021618,,0.026062970981001854,,0.04545718431472778,,,,,,,,,,,,,,
,,1972,,,,,,,,,,,,,,,,2.4394294086960144e-05,,0.0045642852783203125,,0.006078346166759729,,0.014399568550288677,,0.010996190831065178,,0.014767738990485668,,0.01442396268248558
,,1973,,,,,,,,,,,,,,,,1.0160182682739105e-05,,0.0034008026123046875,,0.003922729287296534,,0.018492110073566437,,0.012224455364048481,,0.016735266894102097,,0.01850227080285549
,,1974,,,,,,,,,,,,,,,,1.4805621503910515e-05,,0.0041675567626953125,,0.004735350143164396,,0.024341300129890442,,0.012869946658611298,,0.019200440496206284,,0.02435610629618168
,,1975,,,,,,,,,,,,,,,,8.042199624469504e-06,,0.0026988983154296875,,0.0034900165628641844,,0.019907595589756966,,0.013085441663861275,,0.017363956198096275,,0.019915638491511345
,,1976,,,,,,,,,,,,,,,,7.77093919168692e-06,,0.002948760986328125,,0.0034306496381759644,,0.015962034463882446,,0.010821829549968243,,0.015548314899206161,,0.015969805419445038
,,1977,,,,,,,,,,,,,,,,1.3214708815212362e-05,,0.0038661956787109375,,0.004473711363971233,,0.01518337707966566,,0.011456025764346123,,0.015164341777563095,,0.01519659161567688
,,1978,,,,,,,,,,,,,,,,2.0565064914990216e-05,,0.0045528411865234375,,0.005580908618867397,,0.015265398658812046,,0.011073792353272438,,0.015205244533717632,,0.015285964123904705
,,1979,,,,,,,,,,,,,,,,1.5818657630006783e-05,,0.0035400390625,,0.004894671496003866,,0.00853463914245367,,0.008645720779895782,,0.011369256302714348,,0.008550457656383514
,,1980,,,,,,,,,,,,,,,,3.086730794166215e-05,,0.0056705474853515625,,0.0068373531103134155,,0.016674917191267014,,0.011612283065915108,,0.015891730785369873,,0.01670578494668007
,,1981,,,,,,,,,,,,,,,,3.132094570901245e-05,,0.0063419342041015625,,0.00688740611076355,,0.01503891870379448,,0.011356077156960964,,0.0150920320302248,,0.015070240013301373
,,1982,,,,,,,,,,,,,,,,3.4164935641456395e-05,,0.0058135986328125,,0.00719332555308938,,0.013049839995801449,,0.010005315765738487,,0.014058597385883331,,0.013084004633128643
,,1983,,,,,,,,,,,,,,,,2.707293606363237e-05,,0.0059661865234375,,0.006403321400284767,,0.021647732704877853,,0.012714491225779057,,0.018106959760189056,,0.021674806252121925
,,1984,,,,,,,,,,,,,,,,0.00021821896370965987,,0.011310577392578125,,0.018179653212428093,,0.019445473328232765,,0.012918821536004543,,0.01716124452650547,,0.019663691520690918
,,1985,,,,,,,,,,,,,,,,2.6747260562842712e-05,,0.005279541015625,,0.006364707835018635,,0.021664462983608246,,0.012885423377156258,,0.01811395399272442,,0.021691210567951202
,,1986,,,,,,,,,,,,,,,,3.3060514397220686e-05,,0.004863739013671875,,0.007076122332364321,,0.024447927251458168,,0.013308560475707054,,0.01924244873225689,,0.02448098734021187
,,1987,,,,,,,,,,,,,,,,5.736369985243073e-06,,0.0025043487548828125,,0.0029475295450538397,,0.009681775234639645,,0.009048867039382458,,0.012109237723052502,,0.009687511250376701
,,1988,,,,,,,,,,,,,,,,3.052946340176277e-05,,0.0052890777587890625,,0.0067998431622982025,,0.015730926766991615,,0.011440467089414597,,0.015435350127518177,,0.01576145552098751
,,1989,,,,,,,,,,,,,,,,1.3742546798312105e-05,,0.004024505615234375,,0.0045621865428984165,,0.009413613937795162,,0.009057752788066864,,0.011940360069274902,,0.009427356533706188
,,1990,,,,,,,,,,,,,,,,8.410092050326057e-06,,0.00287628173828125,,0.00356893427670002,,0.011393744498491287,,0.009719902649521828,,0.013136283494532108,,0.011402154341340065
,,1991,,,,,,,,,,,,,,,,1.1992990039288998e-05,,0.0041065216064453125,,0.004261879250407219,,0.016270987689495087,,0.011461966671049595,,0.01569806970655918,,0.016282981261610985
,,1992,,,,,,,,,,,,,,,,3.803500294452533e-05,,0.00601959228515625,,0.007589828688651323,,0.020155496895313263,,0.012905106879770756,,0.017471736297011375,,0.02019353210926056
,,1993,,,,,,,,,,,,,,,,1.994313242903445e-05,,0.0044574737548828125,,0.005495863035321236,,0.019674034789204597,,0.012804190628230572,,0.017261799424886703,,0.019693978130817413
,,1994,,,,,,,,,,,,,,,,8.306353265652433e-06,,0.00251007080078125,,0.0035468561109155416,,0.012139922007918358,,0.010019675828516483,,0.013559615239501,,0.012148228473961353
,,1995,,,,,,,,,,,,,,,,1.5662473742850125e-05,,0.00411224365234375,,0.004870458506047726,,0.016119418665766716,,0.011812088079750538,,0.01562478020787239,,0.0161350816488266
,,1996,,,,,,,,,,,,,,,,1.1191419616807252e-05,,0.0036029815673828125,,0.004117014352232218,,0.015539580956101418,,0.01084510050714016,,0.01534118503332138,,0.015550772659480572
,,1997,,,,,,,,,,,,,,,,2.5181272576446645e-05,,0.0057659149169921875,,0.006175586022436619,,0.01345188170671463,,0.010515649802982807,,0.014273514039814472,,0.013477062806487083
,,1998,,,,,,,,,,,,,,,,1.228512337547727e-05,,0.0039005279541015625,,0.004313500132411718,,0.012384469620883465,,0.010210184380412102,,0.013695506379008293,,0.012396754696965218
,,1999,,,,,,,,,,,,,,,,1.006709317152854e-05,,0.0036716461181640625,,0.0039047335740178823,,0.015146813355386257,,0.011062410660088062,,0.01514606922864914,,0.015156880021095276
,,2000,,,,,,,,,,,,,,,,9.227567716152407e-06,,0.0037384033203125,,0.0037384033203125,,0.0075884731486439705,,0.008155842311680317,,0.010720537044107914,,0.007597700692713261
68,,8762,,,,,,,,,,,,,,,2.5900842956616543e-05,,0.004561563953757286,,0.005623814649879932,,0.01607489585876465,,0.011303014121949673,,0.015468628145754337,,0.01584424078464508,
68,,8762,0.0013014439027756453,,0.03500961884856224,,0.037026651203632355,,0.02742938883602619,,0.014644932001829147,,0.01990039274096489,,0.028761694207787514,,,,,,,,,,,,,,,
,0.0005,8763,,,,,,,,,,,,,,,,,,,,,,,,,,,,
69,,8769,,0.020244423300027847,,0.17250633239746094,,0.1751021295785904,,0.15956450998783112,,0.03619999438524246,,0.04915950074791908,,0.17980892956256866,,,,,,,,,,,,,,
69,,8779,,0.05546117573976517,,0.28931331634521484,,0.28982284665107727,,0.06310226768255234,,0.023921659216284752,,0.030914468690752983,,0.1185634434223175,,,,,,,,,,,,,,
69,,8789,,0.037547431886196136,,0.2381439208984375,,0.2384662926197052,,0.03601614013314247,,0.017230764031410217,,0.023355435580015182,,0.0735635757446289,,,,,,,,,,,,,,
69,,8799,,0.0438261516392231,,0.2574424743652344,,0.25763508677482605,,0.03418819233775139,,0.016870465129613876,,0.022755026817321777,,0.07801434397697449,,,,,,,,,,,,,,
69,,8809,,0.045568786561489105,,0.2625856399536133,,0.2627054750919342,,0.02481800690293312,,0.014864913187921047,,0.019387541338801384,,0.07038679718971252,,,,,,,,,,,,,,
69,,8819,,0.013283558189868927,,0.14093399047851562,,0.14183878898620605,,0.03807995095849037,,0.018169963732361794,,0.0240152720361948,,0.0513635091483593,,,,,,,,,,,,,,
69,,8829,,0.029127605259418488,,0.2098407745361328,,0.21003523468971252,,0.031666651368141174,,0.01668669283390045,,0.021899810060858727,,0.06079425662755966,,,,,,,,,,,,,,
69,,8839,,0.04898583143949509,,0.2722320556640625,,0.27237939834594727,,0.017199218273162842,,0.012574894353747368,,0.01613963395357132,,0.06618504971265793,,,,,,,,,,,,,,
69,,8849,,0.020760176703333855,,0.17693233489990234,,0.17732056975364685,,0.025036076083779335,,0.014883873052895069,,0.019472530111670494,,0.04579625278711319,,,,,,,,,,,,,,
69,,8859,,0.020230568945407867,,0.17468929290771484,,0.1750410944223404,,0.049440715461969376,,0.01845201477408409,,0.02736414223909378,,0.06967128813266754,,,,,,,,,,,,,,
69,,8869,,0.007575660012662411,,0.10455131530761719,,0.10711570829153061,,0.0771569088101387,,0.022629709914326668,,0.034184303134679794,,0.08473256975412369,,,,,,,,,,,,,,
69,,8879,,5.3952837333781645e-05,,0.007388114929199219,,0.009038257412612438,,0.03298908844590187,,0.01692243479192257,,0.022352412343025208,,0.033043041825294495,,,,,,,,,,,,,,
69,,8889,,8.303619688376784e-05,,0.00966796837747097,,0.011215063743293285,,0.023530401289463043,,0.01469176635146141,,0.018877914175391197,,0.02361343801021576,,,,,,,,,,,,,,
,,2001,,,,,,,,,,,,,,,,7.251908391481265e-05,,0.008060455322265625,,0.010480097495019436,,0.014922094531357288,,0.01123146340250969,,0.015033290721476078,,0.014994613826274872
,,2002,,,,,,,,,,,,,,,,2.0177316400804557e-05,,0.004322052001953125,,0.005528053268790245,,0.019258935004472733,,0.012482518330216408,,0.01707872748374939,,0.01927911303937435
,,2003,,,,,,,,,,,,,,,,3.194619057467207e-05,,0.006481170654296875,,0.006955832242965698,,0.024168578907847404,,0.012885956093668938,,0.01913219876587391,,0.024200525134801865
,,2004,,,,,,,,,,,,,,,,2.1865653252461925e-05,,0.0047168731689453125,,0.005754675250500441,,0.020319711416959763,,0.013181987218558788,,0.017542768269777298,,0.020341577008366585
,,2005,,,,,,,,,,,,,,,,2.6644049285096116e-05,,0.00540924072265625,,0.006352418102324009,,0.015811434015631676,,0.010840694420039654,,0.015474792569875717,,0.015838077291846275
,,2006,,,,,,,,,,,,,,,,1.6164376575034112e-05,,0.0039920806884765625,,0.004947875626385212,,0.014822493307292461,,0.011298353783786297,,0.014983043074607849,,0.014838657341897488
,,2007,,,,,,,,,,,,,,,,5.415278792497702e-05,,0.0080718994140625,,0.00905628688633442,,0.01540716178715229,,0.011196005158126354,,0.015275688841938972,,0.015461314469575882
,,2008,,,,,,,,,,,,,,,,3.254746843595058e-05,,0.0064411163330078125,,0.007020993623882532,,0.008723844774067402,,0.008804372511804104,,0.011494587175548077,,0.008756392635405064
,,2009,,,,,,,,,,,,,,,,7.405060023302212e-05,,0.008586883544921875,,0.010590190067887306,,0.016951821744441986,,0.011623671278357506,,0.01602313667535782,,0.017025873064994812
,,2010,,,,,,,,,,,,,,,,5.500220140675083e-05,,0.007137298583984375,,0.009127013385295868,,0.015178149566054344,,0.011350412853062153,,0.015161732211709023,,0.015233151614665985
,,2011,,,,,,,,,,,,,,,,5.5790173064451665e-05,,0.00826263427734375,,0.009192176163196564,,0.013633263297379017,,0.01018069963902235,,0.0143694207072258,,0.013689053244888783
,,2012,,,,,,,,,,,,,,,,9.496371785644442e-05,,0.011610031127929688,,0.01199269387871027,,0.0224770475178957,,0.0130604337900877,,0.018450532108545303,,0.02257201075553894
,,2013,,,,,,,,,,,,,,,,0.00031140760984271765,,0.013959884643554688,,0.02171720191836357,,0.020160580053925514,,0.012922617606818676,,0.01747395098209381,,0.02047198824584484
,,2014,,,,,,,,,,,,,,,,3.0524839530698955e-05,,0.0056476593017578125,,0.006799295078963041,,0.020512200891971588,,0.012629511766135693,,0.017625659704208374,,0.020542725920677185
,,2015,,,,,,,,,,,,,,,,0.0001071279839379713,,0.01079559326171875,,0.012737728655338287,,0.02401849627494812,,0.013237920589745045,,0.019072704017162323,,0.02412562444806099
,,2016,,,,,,,,,,,,,,,,2.5128581910394132e-05,,0.005596160888671875,,0.0061691380105912685,,0.009984997101128101,,0.009194599464535713,,0.012297399342060089,,0.010010126046836376
,,2017,,,,,,,,,,,,,,,,8.614185207989067e-05,,0.009670257568359375,,0.011422100476920605,,0.015734583139419556,,0.011421765200793743,,0.015437145717442036,,0.01582072488963604
,,2018,,,,,,,,,,,,,,,,4.697641998063773e-05,,0.007944107055664062,,0.00843488983809948,,0.009472121484577656,,0.009136596694588661,,0.011977411806583405,,0.009519098326563835
,,2019,,,,,,,,,,,,,,,,3.2803203794173896e-05,,0.006534576416015625,,0.007048503495752811,,0.011593278497457504,,0.009807707741856575,,0.013250811025500298,,0.01162608154118061
,,2020,,,,,,,,,,,,,,,,2.9636355975526385e-05,,0.00582122802734375,,0.0066996291279792786,,0.016631795093417168,,0.01160835474729538,,0.015871169045567513,,0.01666143164038658
,,2021,,,,,,,,,,,,,,,,7.08720472175628e-05,,0.008518218994140625,,0.010360428132116795,,0.01989831030368805,,0.012817533686757088,,0.017359908670186996,,0.019969182088971138
,,2022,,,,,,,,,,,,,,,,5.230585520621389e-05,,0.008274078369140625,,0.008900492452085018,,0.019992901012301445,,0.012929621152579784,,0.01740112155675888,,0.020045205950737
,,2023,,,,,,,,,,,,,,,,3.7847974454052746e-05,,0.0066051483154296875,,0.007571129593998194,,0.012352189049124718,,0.010103834792971611,,0.013677645474672318,,0.012390037067234516
,,2024,,,,,,,,,,,,,,,,5.63898756809067e-05,,0.008899688720703125,,0.009241455234587193,,0.01618744246661663,,0.011816986836493015,,0.015657717362046242,,0.01624383218586445
,,2025,,,,,,,,,,,,,,,,3.731983815669082e-05,,0.006694793701171875,,0.007518113125115633,,0.0161142535507679,,0.011045477353036404,,0.015622279606759548,,0.01615157350897789
,,2026,,,,,,,,,,,,,,,,4.5140615839045495e-05,,0.0069446563720703125,,0.008268407545983791,,0.013907957822084427,,0.010648213326931,,0.014513462781906128,,0.013953098095953465
,,2027,,,,,,,,,,,,,,,,3.003389974765014e-05,,0.0050201416015625,,0.00674442807212472,,0.012795820832252502,,0.010367059148848057,,0.013921096920967102,,0.012825855053961277
,,2028,,,,,,,,,,,,,,,,3.025772821274586e-05,,0.0057468414306640625,,0.0067695328034460545,,0.015516097657382488,,0.011260153725743294,,0.015329590998589993,,0.01554635539650917
,,2029,,,,,,,,,,,,,,,,3.7819656427018344e-05,,0.007568359375,,0.007568359375,,0.008230660110712051,,0.00867488794028759,,0.011164947412908077,,0.008268480189144611
69,,8889,,,,,,,,,,,,,,,5.654988854075782e-05,,0.0073497178964316845,,0.008687887340784073,,0.0162693802267313,,0.011383782140910625,,0.015569942072033882,,0.016082821413874626,
69,,8889,0.02242404781281948,,0.16079498827457428,,0.16189679503440857,,0.04658681899309158,,0.01892733946442604,,0.02541259676218033,,0.06898852437734604,,,,,,,,,,,,,,,
,0.0005,8890,,,,,,,,,,,,,,,,,,,,,,,,,,,,
70,,8899,,0.0003959423047490418,,0.02347278594970703,,0.02448861673474312,,0.017745111137628555,,0.012641288340091705,,0.016393767669796944,,0.01814105361700058,,,,,,,,,,,,,,
70,,8909,,2.023176239163149e-05,,0.0045642852783203125,,0.0055340989492833614,,0.015287731774151325,,0.011648260056972504,,0.015216362662613392,,0.015307963825762272,,,,,,,,,,,,,,
70,,8919,,0.0013972623273730278,,0.044891357421875,,0.046003226190805435,,0.03162567317485809,,0.015315402299165726,,0.021885639056563377,,0.033022936433553696,,,,,,,,,,,,,,
70,,8929,,0.0007825763896107674,,0.033379554748535156,,0.03442756086587906,,0.01813444308936596,,0.012594112195074558,,0.016572631895542145,,0.0189170204102993,,,,,,,,,,,,,,
70,,8939,,0.000320359249599278,,0.020853042602539062,,0.02202713117003441,,0.017813945189118385,,0.0126475365832448,,0.01642552763223648,,0.018134305253624916,,,,,,,,,,,,,,
70,,8949,,0.00017920768004842103,,0.012989997863769531,,0.016473939642310143,,0.023525435477495193,,0.01380398403853178,,0.01887592487037182,,0.023704642429947853,,,,,,,,,,,,,,
70,,8959,,0.000602148356847465,,0.028814315795898438,,0.030198821797966957,,0.019845861941576004,,0.013102954253554344,,0.0173370111733675,,0.02044801041483879,,,,,,,,,,,,,,
70,,8969,,0.00100836087949574,,0.03753852844238281,,0.03907882049679756,,0.04154690355062485,,0.017390739172697067,,0.025084691122174263,,0.04255526512861252,,,,,,,,,,,,,,
70,,8979,,0.0021556983701884747,,0.05460166931152344,,0.05713852867484093,,0.0355752632021904,,0.01715642772614956,,0.023212045431137085,,0.03773096203804016,,,,,,,,,,,,,,
70,,8989,,0.0029315990395843983,,0.06511116027832031,,0.06663378328084946,,0.03441048040986061,,0.01630393974483013,,0.022828884422779083,,0.03734207898378372,,,,,,,,,,,,,,
70,,8999,,0.0006920071900822222,,0.02910900115966797,,0.03237287327647209,,0.052596621215343475,,0.019789572805166245,,0.028223970904946327,,0.05328862741589546,,,,,,,,,,,,,,
70,,9009,,0.00030062050791457295,,0.01977062225341797,,0.02133847586810589,,0.019898615777492523,,0.013065888546407223,,0.017360040917992592,,0.020199235528707504,,,,,,,,,,,,,,
,,2030,,,,,,,,,,,,,,,,5.5955268180696294e-05,,0.006450653076171875,,0.009205790236592293,,0.014632981270551682,,0.011081421747803688,,0.014886951074004173,,0.014688936993479729
,,2031,,,,,,,,,,,,,,,,1.2144235370215029e-05,,0.0031490325927734375,,0.0042886934243142605,,0.018284941092133522,,0.012094597332179546,,0.01664125733077526,,0.018297085538506508
,,2032,,,,,,,,,,,,,,,,2.0673309336416423e-05,,0.00510406494140625,,0.0055955564603209496,,0.025008361786603928,,0.01295675802975893,,0.019461752846837044,,0.025029035285115242
,,2033,,,,,,,,,,,,,,,,1.601573603693396e-05,,0.0041675567626953125,,0.00492508290335536,,0.020164242014288902,,0.013089432381093502,,0.01747552864253521,,0.02018025703728199
,,2034,,,,,,,,,,,,,,,,1.767479261616245e-05,,0.0045013427734375,,0.005173894111067057,,0.016616765409708023,,0.010934090241789818,,0.015863990411162376,,0.016634440049529076
,,2035,,,,,,,,,,,,,,,,1.3001646038901526e-05,,0.0033931732177734375,,0.004437498282641172,,0.01464854832738638,,0.011255323886871338,,0.01489486824721098,,0.014661549590528011
,,2036,,,,,,,,,,,,,,,,3.8704994949512184e-05,,0.0066204071044921875,,0.007656364236027002,,0.014876688830554485,,0.011069347150623798,,0.015010408125817776,,0.01491539366543293
,,2037,,,,,,,,,,,,,,,,2.120303724950645e-05,,0.0050811767578125,,0.005666796583682299,,0.008519466035068035,,0.008652479387819767,,0.011359144933521748,,0.008540669456124306
,,2038,,,,,,,,,,,,,,,,5.507004971150309e-05,,0.007137298583984375,,0.009132656268775463,,0.0164257250726223,,0.01153436116874218,,0.015772538259625435,,0.01648079603910446
,,2039,,,,,,,,,,,,,,,,4.264796734787524e-05,,0.0066204071044921875,,0.008036890998482704,,0.014543721452355385,,0.011115305125713348,,0.014841478317975998,,0.014586369507014751
,,2040,,,,,,,,,,,,,,,,4.2981471779057756e-05,,0.0069561004638671875,,0.008068270049989223,,0.013415921479463577,,0.010058891028165817,,0.014254421927034855,,0.013458902947604656
,,2041,,,,,,,,,,,,,,,,6.522125477204099e-05,,0.009450912475585938,,0.009938769042491913,,0.02222646400332451,,0.012936296872794628,,0.018347399309277534,,0.02229168452322483
,,2042,,,,,,,,,,,,,,,,0.0002643008774612099,,0.01241302490234375,,0.020007334649562836,,0.01953311078250408,,0.01285516656935215,,0.01719987578690052,,0.01979741081595421
,,2043,,,,,,,,,,,,,,,,2.297678656759672e-05,,0.0045833587646484375,,0.00589907867833972,,0.019736172631382942,,0.01241796463727951,,0.017289036884903908,,0.019759150221943855
,,2044,,,,,,,,,,,,,,,,7.398788875434548e-05,,0.008419036865234375,,0.010585710406303406,,0.023511940613389015,,0.013023349456489086,,0.018870508298277855,,0.023585928604006767
,,2045,,,,,,,,,,,,,,,,1.6431549738626927e-05,,0.00434112548828125,,0.0049886032938957214,,0.00971987284719944,,0.009061228483915329,,0.012133038602769375,,0.009736304171383381
,,2046,,,,,,,,,,,,,,,,6.0154176026117057e-05,,0.00806427001953125,,0.009544896893203259,,0.015834765508770943,,0.011469095945358276,,0.015486211515963078,,0.015894919633865356
,,2047,,,,,,,,,,,,,,,,3.054654735024087e-05,,0.0062313079833984375,,0.006801730487495661,,0.00940204132348299,,0.009028298780322075,,0.011933020316064358,,0.009432587772607803
,,2048,,,,,,,,,,,,,,,,2.2081112547311932e-05,,0.00531005859375,,0.005782939959317446,,0.010962043888866901,,0.009628736414015293,,0.012885020114481449,,0.01098412461578846
,,2049,,,,,,,,,,,,,,,,1.927917401189916e-05,,0.00476837158203125,,0.005403604358434677,,0.015689272433519363,,0.011333315633237362,,0.01541490200906992,,0.015708550810813904
,,2050,,,,,,,,,,,,,,,,5.6214252253994346e-05,,0.0069751739501953125,,0.009227062575519085,,0.01957245171070099,,0.012799723073840141,,0.017217177897691727,,0.01962866634130478
,,2051,,,,,,,,,,,,,,,,4.0108105167746544e-05,,0.0073032379150390625,,0.007793905213475227,,0.019560623914003372,,0.012786486186087132,,0.017211975529789925,,0.019600732252001762
,,2052,,,,,,,,,,,,,,,,2.401745950919576e-05,,0.0048503875732421875,,0.006031187251210213,,0.012272654101252556,,0.010038826614618301,,0.013633540831506252,,0.012296671979129314
,,2053,,,,,,,,,,,,,,,,3.970921898144297e-05,,0.0072784423828125,,0.0077550532296299934,,0.01610739715397358,,0.011765223927795887,,0.015618952922523022,,0.016147106885910034
,,2054,,,,,,,,,,,,,,,,2.489415965101216e-05,,0.005115509033203125,,0.006140273995697498,,0.015817193314433098,,0.01105804555118084,,0.015477612614631653,,0.01584208756685257
,,2055,,,,,,,,,,,,,,,,3.1865980417933315e-05,,0.0055103302001953125,,0.006947071757167578,,0.014037087559700012,,0.010565356351435184,,0.014580683782696724,,0.014068953692913055
,,2056,,,,,,,,,,,,,,,,1.5749199519632384e-05,,0.003871917724609375,,0.00488390913233161,,0.012482762336730957,,0.010257645510137081,,0.013749745674431324,,0.01249851193279028
,,2057,,,,,,,,,,,,,,,,1.6062540453276597e-05,,0.004039764404296875,,0.004932272247970104,,0.015178147703409195,,0.011191573925316334,,0.015161726623773575,,0.015194210223853588
,,2058,,,,,,,,,,,,,,,,2.855678030755371e-05,,0.0065765380859375,,0.0065765380859375,,0.008066430687904358,,0.008439476601779461,,0.011052995920181274,,0.008094987832009792
70,,9016,,,,,,,,,,,,,,,4.135973358643241e-05,,0.005992160178720951,,0.00731281703338027,,0.01599252223968506,,0.011275138705968857,,0.015433047898113728,,0.01579434610903263,
70,,9016,0.0005372760351747274,,0.022326380014419556,,0.024541718885302544,,0.025608474388718605,,0.014376363717019558,,0.0193761195987463,,0.026148533448576927,,,,,,,,,,,,,,,
,0.0005,9017,,,,,,,,,,,,,,,,,,,,,,,,,,,,
71,,9019,,9.907765343086794e-05,,0.008708953857421875,,0.012249672785401344,,0.019998367875814438,,0.01330361608415842,,0.0174034982919693,,0.02009744569659233,,,,,,,,,,,,,,
71,,9029,,0.0006718981894664466,,0.024858474731445312,,0.0318991094827652,,0.032884035259485245,,0.015989920124411583,,0.022316794842481613,,0.033555932343006134,,,,,,,,,,,,,,
71,,9039,,7.85575684858486e-05,,0.008469581604003906,,0.010907369665801525,,0.02188708819448948,,0.013580363243818283,,0.018206782639026642,,0.021965645253658295,,,,,,,,,,,,,,
71,,9049,,0.0014394557802006602,,0.04608345031738281,,0.04669119045138359,,0.02388509176671505,,0.014626587741076946,,0.019019661471247673,,0.025324547663331032,,,,,,,,,,,,,,
71,,9059,,0.00012210066779516637,,0.012849807739257812,,0.013597259297966957,,0.015977893024683,,0.012300390750169754,,0.015556040219962597,,0.016099993139505386,,,,,,,,,,,,,,
71,,9069,,0.0007814439013600349,,0.03308391571044922,,0.03440301865339279,,0.02787972241640091,,0.015240956097841263,,0.020548664033412933,,0.02866116538643837,,,,,,,,,,,,,,
71,,9079,,6.148714601295069e-05,,0.006600379943847656,,0.009651525877416134,,0.019007664173841476,,0.01326524093747139,,0.01696694642305374,,0.01906915195286274,,,,,,,,,,,,,,
71,,9089,,0.0016643088310956955,,0.04320812225341797,,0.050205860286951065,,0.02541801705956459,,0.014173479750752449,,0.019620511680841446,,0.027082325890660286,,,,,,,,,,,,,,
71,,9099,,0.00030728953424841166,,0.020389556884765625,,0.021572763100266457,,0.021478747949004173,,0.013342393562197685,,0.018036149442195892,,0.02178603783249855,,,,,,,,,,,,,,
71,,9109,,0.0006185595411807299,,0.029527664184570312,,0.03060954064130783,,0.025821739807724953,,0.014238981530070305,,0.019775712862610817,,0.026440300047397614,,,,,,,,,,,,,,
71,,9119,,3.819089397438802e-05,,0.0062198638916015625,,0.007604202721267939,,0.023350462317466736,,0.013897456228733063,,0.018805595114827156,,0.023388653993606567,,,,,,,,,,,,,,
71,,9129,,0.005528499372303486,,0.08847999572753906,,0.09150519967079163,,0.055800557136535645,,0.019508596509695053,,0.029070906341075897,,0.061329055577516556,,,,,,,,,,,,,,
71,,9139,,0.0005786572000943124,,0.027045249938964844,,0.02960391528904438,,0.1608031541109085,,0.031088704243302345,,0.049349941313266754,,0.1613818109035492,,,,,,,,,,,,,,
,,2059,,,,,,,,,,,,,,,,3.508319423417561e-05,,0.00545501708984375,,0.007289382629096508,,0.014241593889892101,,0.010959489271044731,,0.014686509035527706,,0.014276676811277866
,,2060,,,,,,,,,,,,,,,,1.1360728422005195e-05,,0.0034580230712890625,,0.004148030187934637,,0.018624356016516685,,0.012093725614249706,,0.016795001924037933,,0.018635716289281845
,,2061,,,,,,,,,,,,,,,,1.8480068320059218e-05,,0.0048084259033203125,,0.005290430970489979,,0.024018321186304092,,0.012936938554048538,,0.019072631374001503,,0.024036800488829613
,,2062,,,,,,,,,,,,,,,,1.0043903785117436e-05,,0.0032711029052734375,,0.003900228999555111,,0.019531333819031715,,0.012945538386702538,,0.017199082300066948,,0.01954137720167637
,,2063,,,,,,,,,,,,,,,,1.063920535671059e-05,,0.0034694671630859375,,0.004014160018414259,,0.01569611206650734,,0.010741641744971275,,0.015418254770338535,,0.015706751495599747
,,2064,,,,,,,,,,,,,,,,1.2651125871343538e-05,,0.0036106109619140625,,0.004377281758934259,,0.01417665183544159,,0.011142605915665627,,0.014652987010776997,,0.014189302921295166
,,2065,,,,,,,,,,,,,,,,2.535842577344738e-05,,0.0050106048583984375,,0.0061972737312316895,,0.015083272941410542,,0.011068299412727356,,0.015114267356693745,,0.015108630992472172
,,2066,,,,,,,,,,,,,,,,1.4435976481763646e-05,,0.003841400146484375,,0.004675885196775198,,0.008795849978923798,,0.008797423914074898,,0.011541929095983505,,0.008810286410152912
,,2067,,,,,,,,,,,,,,,,4.257449836586602e-05,,0.0062999725341796875,,0.008029982447624207,,0.016387810930609703,,0.011554723605513573,,0.015754323452711105,,0.016430385410785675
,,2068,,,,,,,,,,,,,,,,3.9934817323228344e-05,,0.006267547607421875,,0.007777029182761908,,0.01493022684007883,,0.011263348162174225,,0.015037394128739834,,0.014970161952078342
,,2069,,,,,,,,,,,,,,,,3.1402723834617063e-05,,0.005695343017578125,,0.006896407343447208,,0.012981363572180271,,0.009864064864814281,,0.014021662063896656,,0.013012765906751156
,,2070,,,,,,,,,,,,,,,,4.083746171090752e-05,,0.0073719024658203125,,0.007864450104534626,,0.021949144080281258,,0.012810181826353073,,0.01823258027434349,,0.021989980712532997
,,2071,,,,,,,,,,,,,,,,0.00023495654750149697,,0.011562347412109375,,0.018863987177610397,,0.01852460764348507,,0.012589037418365479,,0.016749966889619827,,0.01875956356525421
,,2072,,,,,,,,,,,,,,,,2.7440120902610943e-05,,0.0051784515380859375,,0.006446596700698137,,0.01973279006779194,,0.012466901913285255,,0.01728755235671997,,0.01976023055613041
,,2073,,,,,,,,,,,,,,,,4.606872607837431e-05,,0.0063419342041015625,,0.00835301075130701,,0.023291708901524544,,0.012999960221350193,,0.01878192275762558,,0.023337777704000473
,,2074,,,,,,,,,,,,,,,,9.703692740004044e-06,,0.0033245086669921875,,0.0038336056750267744,,0.009725653566420078,,0.009036208502948284,,0.012136646546423435,,0.009735357016324997
,,2075,,,,,,,,,,,,,,,,4.77365538245067e-05,,0.006931304931640625,,0.008502863347530365,,0.016120338812470436,,0.0115773044526577,,0.015625229105353355,,0.016168074682354927
,,2076,,,,,,,,,,,,,,,,1.9766655896091834e-05,,0.0049228668212890625,,0.005471486132591963,,0.009370430372655392,,0.008968011476099491,,0.011912943795323372,,0.00939019676297903
,,2077,,,,,,,,,,,,,,,,1.1730384358088486e-05,,0.00371551513671875,,0.004214969463646412,,0.010932297445833683,,0.00960760097950697,,0.012867525219917297,,0.010944027453660965
,,2078,,,,,,,,,,,,,,,,2.0031384337926283e-05,,0.004901885986328125,,0.005508000031113625,,0.015578832477331161,,0.011243021115660667,,0.01536055188626051,,0.015598864294588566
,,2079,,,,,,,,,,,,,,,,4.530162186711095e-05,,0.006351470947265625,,0.008283179253339767,,0.019245684146881104,,0.012715688906610012,,0.017072850838303566,,0.01929098553955555
,,2080,,,,,,,,,,,,,,,,3.093924169661477e-05,,0.00635528564453125,,0.006845318712294102,,0.01938408985733986,,0.012774109840393066,,0.017134128138422966,,0.019415028393268585
,,2081,,,,,,,,,,,,,,,,1.545978921058122e-05,,0.003467559814453125,,0.00483883498236537,,0.012409169226884842,,0.010087278671562672,,0.013709158636629581,,0.012424629181623459
,,2082,,,,,,,,,,,,,,,,2.6360052288509905e-05,,0.0056781768798828125,,0.0063184769824147224,,0.016026489436626434,,0.011737488210201263,,0.015579677186906338,,0.01605284959077835
,,2083,,,,,,,,,,,,,,,,1.592984153830912e-05,,0.0041141510009765625,,0.004911857657134533,,0.01593426614999771,,0.011037938296794891,,0.015534786507487297,,0.015950195491313934
,,2084,,,,,,,,,,,,,,,,2.8042388294124976e-05,,0.005176544189453125,,0.006516976747661829,,0.013230626471340656,,0.010367779061198235,,0.014155641198158264,,0.013258668594062328
,,2085,,,,,,,,,,,,,,,,1.4796696632402018e-05,,0.00408935546875,,0.004733927082270384,,0.012669161893427372,,0.010281548835337162,,0.01385202631354332,,0.012683958746492863
,,2086,,,,,,,,,,,,,,,,9.651538675825577e-06,,0.0029430389404296875,,0.003823297331109643,,0.015465773642063141,,0.01130329817533493,,0.015304711647331715,,0.015475424937903881
,,2087,,,,,,,,,,,,,,,,1.9156106645823456e-05,,0.0053863525390625,,0.0053863525390625,,0.008162934333086014,,0.008401612751185894,,0.011118916794657707,,0.00818209070712328
71,,9143,,,,,,,,,,,,,,,3.196842226316221e-05,,0.005130208563059568,,0.006350230425596237,,0.01582500711083412,,0.011236315593123436,,0.01535935327410698,,0.015625404193997383,
71,,9143,0.0009283756953664124,,0.029664386063814163,,0.03227524086833,,0.03777102380990982,,0.016357053071260452,,0.02270962856709957,,0.038757193833589554,,,,,,,,,,,,,,,
,0.0005,9144,,,,,,,,,,,,,,,,,,,,,,,,,,,,
72,,9149,,0.000503070536069572,,0.02113628387451172,,0.027602557092905045,,0.21778544783592224,,0.04294362664222717,,0.05743197351694107,,0.21828851103782654,,,,,,,,,,,,,,
72,,9159,,0.002336034784093499,,0.055815696716308594,,0.059480372816324234,,0.14153413474559784,,0.03508472442626953,,0.04629882052540779,,0.14387017488479614,,,,,,,,,,,,,,
72,,9169,,0.0004818765737581998,,0.02640533447265625,,0.02701621875166893,,0.0613475926220417,,0.022195179015398026,,0.030481627210974693,,0.061829470098018646,,,,,,,,,,,,,,
72,,9179,,4.556422572932206e-05,,0.007030487060546875,,0.008308776654303074,,0.03653385490179062,,0.018204612657427788,,0.023522693663835526,,0.03657941892743111,,,,,,,,,,,,,,
72,,9189,,0.0004446162492968142,,0.021137237548828125,,0.025948453694581985,,0.0578811913728714,,0.02188006043434143,,0.029607927426695824,,0.05832580849528313,,,,,,,,,,,,,,
72,,9199,,0.00020085833966732025,,0.014278411865234375,,0.017442744225263596,,0.06146476790308952,,0.023454036563634872,,0.03051072172820568,,0.061665624380111694,,,,,,,,,,,,,,
72,,9209,,0.0008854017360135913,,0.03427410125732422,,0.03661755844950676,,0.048750780522823334,,0.020709192380309105,,0.02717253565788269,,0.04963618144392967,,,,,,,,,,,,,,
72,,9219,,0.000886100810021162,,0.03487968444824219,,0.036632928997278214,,0.048579536378383636,,0.019331205636262894,,0.027124764397740364,,0.049465637654066086,,,,,,,,,,,,,,
72,,9229,,0.00011415555491112173,,0.011407852172851562,,0.013147679157555103,,0.03293614834547043,,0.01625880040228367,,0.022334473207592964,,0.0330503024160862,,,,,,,,,,,,,,
72,,9239,,0.00027650073752738535,,0.019990921020507812,,0.02046315371990204,,0.02224057912826538,,0.01377661433070898,,0.01835322566330433,,0.02251707948744297,,,,,,,,,,,,,,
72,,9249,,0.0003833497758023441,,0.022916793823242188,,0.024096494540572166,,0.022509099915623665,,0.01356622576713562,,0.018463684245944023,,0.02289244905114174,,,,,,,,,,,,,,
72,,9259,,0.00028137079789303243,,0.019430160522460938,,0.020645353943109512,,0.023068567737936974,,0.013696602545678616,,0.018691740930080414,,0.023349938914179802,,,,,,,,,,,,,,
72,,9269,,0.0017333223950117826,,0.049950599670410156,,0.05123582109808922,,0.0399678610265255,,0.018521016463637352,,0.024603387340903282,,0.04170118272304535,,,,,,,,,,,,,,
,,2088,,,,,,,,,,,,,,,,5.955284723313525e-05,,0.0073299407958984375,,0.009497135877609253,,0.014552510343492031,,0.011096509173512459,,0.014845961704850197,,0.014612062834203243
,,2089,,,,,,,,,,,,,,,,1.7404861864633858e-05,,0.0039825439453125,,0.005134225357323885,,0.018271340057253838,,0.012089808471500874,,0.016635067760944366,,0.01828874461352825
,,2090,,,,,,,,,,,,,,,,3.23749118251726e-05,,0.006511688232421875,,0.007002337835729122,,0.023249147459864616,,0.012758043594658375,,0.01876474730670452,,0.0232815220952034
,,2091,,,,,,,,,,,,,,,,2.2234335119719617e-05,,0.005107879638671875,,0.005802975967526436,,0.019409937784075737,,0.012883197516202927,,0.0171455480158329,,0.019432172179222107
,,2092,,,,,,,,,,,,,,,,2.474595748935826e-05,,0.0052623748779296875,,0.006121967453509569,,0.014942309819161892,,0.010654042474925518,,0.015043476596474648,,0.014967055991292
,,2093,,,,,,,,,,,,,,,,1.4697488950332627e-05,,0.003570556640625,,0.004718038719147444,,0.014828192070126534,,0.011390787549316883,,0.014985920861363411,,0.01484288927167654
,,2094,,,,,,,,,,,,,,,,4.467881080927327e-05,,0.0071010589599609375,,0.00822602491825819,,0.015175886452198029,,0.01121545024216175,,0.015160598792135715,,0.015220565721392632
,,2095,,,,,,,,,,,,,,,,2.5871449906844646e-05,,0.0055999755859375,,0.006259647198021412,,0.008919487707316875,,0.0088093476369977,,0.011622762307524681,,0.008945358917117119
,,2096,,,,,,,,,,,,,,,,6.74233742756769e-05,,0.008213043212890625,,0.010105213150382042,,0.016526801511645317,,0.011604717001318932,,0.01582099311053753,,0.01659422554075718
,,2097,,,,,,,,,,,,,,,,6.533764099003747e-05,,0.0077495574951171875,,0.009947655722498894,,0.015029934234917164,,0.011411855928599834,,0.015087520703673363,,0.015095272101461887
,,2098,,,,,,,,,,,,,,,,5.1775881729554385e-05,,0.007671356201171875,,0.008855308406054974,,0.013478273525834084,,0.010052548721432686,,0.01428750716149807,,0.013530049473047256
,,2099,,,,,,,,,,,,,,,,8.516208617947996e-05,,0.011007308959960938,,0.01135692372918129,,0.021972235292196274,,0.012972189113497734,,0.018242165446281433,,0.022057397291064262
,,2100,,,,,,,,,,,,,,,,0.00027408701134845614,,0.0123291015625,,0.02037435956299305,,0.01930062659084797,,0.012675326317548752,,0.01709720678627491,,0.019574712961912155
,,2101,,,,,,,,,,,,,,,,3.449250652920455e-05,,0.00525665283203125,,0.007227686699479818,,0.019997302442789078,,0.012559578754007816,,0.01740303449332714,,0.020031794905662537
,,2102,,,,,,,,,,,,,,,,7.436338637489825e-05,,0.009124755859375,,0.010612539947032928,,0.023138754069805145,,0.012984324246644974,,0.018720148131251335,,0.023213118314743042
,,2103,,,,,,,,,,,,,,,,2.373912138864398e-05,,0.0055789947509765625,,0.005996138788759708,,0.009707995690405369,,0.009019983001053333,,0.012125624343752861,,0.009731735102832317
,,2104,,,,,,,,,,,,,,,,7.069684215821326e-05,,0.008831024169921875,,0.010347590781748295,,0.015528990887105465,,0.011386300437152386,,0.015335961245000362,,0.015599687583744526
,,2105,,,,,,,,,,,,,,,,4.2039668187499046e-05,,0.0075702667236328125,,0.007979367859661579,,0.009582451544702053,,0.00905674695968628,,0.01204696111381054,,0.009624491445720196
,,2106,,,,,,,,,,,,,,,,2.578040584921837e-05,,0.0056934356689453125,,0.006248625461012125,,0.011146576143801212,,0.00973263755440712,,0.012993019074201584,,0.011172356083989143
,,2107,,,,,,,,,,,,,,,,3.467017086222768e-05,,0.0061321258544921875,,0.007246296387165785,,0.01631479524075985,,0.011433000676333904,,0.01571919023990631,,0.016349464654922485
,,2108,,,,,,,,,,,,,,,,6.964254134800285e-05,,0.008337020874023438,,0.010270155966281891,,0.019327322021126747,,0.012727771885693073,,0.01710902340710163,,0.019396964460611343
,,2109,,,,,,,,,,,,,,,,6.015363032929599e-05,,0.008880615234375,,0.009544875472784042,,0.020620450377464294,,0.013217953965067863,,0.017672110348939896,,0.020680604502558708
,,2110,,,,,,,,,,,,,,,,3.4211083402624354e-05,,0.00629425048828125,,0.007198171224445105,,0.012414566241204739,,0.010129225440323353,,0.013712137937545776,,0.012448777444660664
,,2111,,,,,,,,,,,,,,,,4.764241020893678e-05,,0.008052825927734375,,0.00849447026848793,,0.015822643414139748,,0.011640307493507862,,0.015480280853807926,,0.015870286151766777
,,2112,,,,,,,,,,,,,,,,3.0256280297180638e-05,,0.0060672760009765625,,0.006769347935914993,,0.016037292778491974,,0.01107768528163433,,0.015584929846227169,,0.01606754958629608
,,2113,,,,,,,,,,,,,,,,4.144836202613078e-05,,0.0066471099853515625,,0.00792304240167141,,0.013317235745489597,,0.010350151918828487,,0.01420190092176199,,0.01335868425667286
,,2114,,,,,,,,,,,,,,,,2.3769072868162766e-05,,0.00435638427734375,,0.005999935325235128,,0.013121052645146847,,0.01040634699165821,,0.014096904546022415,,0.013144821859896183
,,2115,,,,,,,,,,,,,,,,2.341919025639072e-05,,0.005420684814453125,,0.005955596454441547,,0.015665793791413307,,0.011434606276452541,,0.015403361059725285,,0.015689212828874588
,,2116,,,,,,,,,,,,,,,,3.858667332679033e-05,,0.0076446533203125,,0.0076446533203125,,0.008573418483138084,,0.008542006835341454,,0.011395053938031197,,0.008612005040049553
72,,9270,,,,,,,,,,,,,,,5.071980558568612e-05,,0.00692036934196949,,0.008254976011812687,,0.01594565622508526,,0.011300912126898766,,0.015422875992953777,,0.015773572027683258,
72,,9270,0.001071537146344781,,0.031862206757068634,,0.03462319076061249,,0.057822465896606445,,0.020641086623072624,,0.02797061763703823,,0.05887680873274803,,,,,,,,,,,,,,,
,0.0005,9271,,,,,,,,,,,,,,,,,,,,,,,,,,,,
73,,9279,,0.0001973780890693888,,0.01636028289794922,,0.017290757969021797,,0.016419630497694016,,0.01210201345384121,,0.015769612044095993,,0.016617009416222572,,,,,,,,,,,,,,
73,,9289,,7.26064172340557e-05,,0.008246421813964844,,0.01048686821013689,,0.027602707967162132,,0.015469036065042019,,0.02044632099568844,,0.027675313875079155,,,,,,,,,,,,,,
73,,9299,,6.124287756392732e-05,,0.008145332336425781,,0.009630940854549408,,0.022188065573573112,,0.013831477612257004,,0.018331540748476982,,0.022249309346079826,,,,,,,,,,,,,,
73,,9309,,0.00022939190967008471,,0.017024993896484375,,0.01863859035074711,,0.023899750784039497,,0.014186893589794636,,0.019025493413209915,,0.024129142984747887,,,,,,,,,,,,,,
73,,9319,,0.00033219775650650263,,0.02121448516845703,,0.022430622950196266,,0.01715138554573059,,0.012165357358753681,,0.016117176041007042,,0.017483582720160484,,,,,,,,,,,,,,
73,,9329,,0.00041463610250502825,,0.02363872528076172,,0.02505902387201786,,0.021561462432146072,,0.01361803524196148,,0.018070843070745468,,0.02197609841823578,,,,,,,,,,,,,,
73,,9339,,0.002524041570723057,,0.06156635284423828,,0.0618276409804821,,0.01804848201572895,,0.012659343890845776,,0.01653330586850643,,0.020572524517774582,,,,,,,,,,,,,,
73,,9349,,0.00043825816828757524,,0.025203704833984375,,0.025764262303709984,,0.017705127596855164,,0.012275914661586285,,0.016375282779335976,,0.018143385648727417,,,,,,,,,,,,,,
73,,9359,,0.0005356296896934509,,0.02728271484375,,0.028480807319283485,,0.01975707709789276,,0.012693313881754875,,0.01729818992316723,,0.020292706787586212,,,,,,,,,,,,,,
73,,9369,,0.0011711330153048038,,0.041675567626953125,,0.04211598262190819,,0.017756612971425056,,0.012452686205506325,,0.016399076208472252,,0.018927745521068573,,,,,,,,,,,,,,
73,,9379,,0.000211756065255031,,0.01726245880126953,,0.017908457666635513,,0.018072132021188736,,0.012330908328294754,,0.01654413528740406,,0.018283888697624207,,,,,,,,,,,,,,
73,,9389,,0.0014553776709362864,,0.04652690887451172,,0.046949949115514755,,0.01611647568643093,,0.011989335529506207,,0.015623358078300953,,0.01757185347378254,,,,,,,,,,,,,,
,,2117,,,,,,,,,,,,,,,,3.859959542751312e-05,,0.0056171417236328125,,0.0076459418050944805,,0.014347873628139496,,0.011061662808060646,,0.014741209335625172,,0.014386473223567009
,,2118,,,,,,,,,,,,,,,,1.1875185009557754e-05,,0.00356292724609375,,0.00424090726301074,,0.0178828202188015,,0.011852006427943707,,0.01645725406706333,,0.017894694581627846
,,2119,,,,,,,,,,,,,,,,2.135692921001464e-05,,0.0052490234375,,0.005687333643436432,,0.02375960536301136,,0.012747635133564472,,0.018969634547829628,,0.023780962452292442
,,2120,,,,,,,,,,,,,,,,1.2617620086530223e-05,,0.0035190582275390625,,0.004371480084955692,,0.01925102435052395,,0.012843784876167774,,0.01707521639764309,,0.01926364190876484
,,2121,,,,,,,,,,,,,,,,1.518318458693102e-05,,0.0040264129638671875,,0.004795355256646872,,0.015637913718819618,,0.010810958221554756,,0.01538965106010437,,0.015653096139431
,,2122,,,,,,,,,,,,,,,,1.3329911780601833e-05,,0.00347137451171875,,0.0044931694865226746,,0.014491836540400982,,0.011238758452236652,,0.014814980328083038,,0.014505166560411453
,,2123,,,,,,,,,,,,,,,,3.226629632990807e-05,,0.00582122802734375,,0.006990594789385796,,0.014728722162544727,,0.011076514609158039,,0.014935573562979698,,0.014760988764464855
,,2124,,,,,,,,,,,,,,,,1.718043495202437e-05,,0.0043792724609375,,0.005101024638861418,,0.008578750304877758,,0.008616193197667599,,0.011398598551750183,,0.00859593041241169
,,2125,,,,,,,,,,,,,,,,4.765095218317583e-05,,0.0067291259765625,,0.008495227433741093,,0.01623028889298439,,0.011547647416591644,,0.015678422525525093,,0.016277939081192017
,,2126,,,,,,,,,,,,,,,,5.142709778738208e-05,,0.007122039794921875,,0.00882541574537754,,0.014688059687614441,,0.011306531727313995,,0.014914941973984241,,0.014739486388862133
,,2127,,,,,,,,,,,,,,,,4.098335193702951e-05,,0.006595611572265625,,0.007878490723669529,,0.012954622507095337,,0.009926249273121357,,0.014007211662828922,,0.012995606288313866
,,2128,,,,,,,,,,,,,,,,4.7261917643481866e-05,,0.00823211669921875,,0.00846045184880495,,0.021603189408779144,,0.012769092805683613,,0.018088320270180702,,0.02165045216679573
,,2129,,,,,,,,,,,,,,,,0.00023578850959893316,,0.011495590209960938,,0.018897362053394318,,0.019120141863822937,,0.012665461748838425,,0.017017077654600143,,0.019355930387973785
,,2130,,,,,,,,,,,,,,,,2.600033622002229e-05,,0.004852294921875,,0.006275208201259375,,0.020711248740553856,,0.01271818671375513,,0.0177109744399786,,0.02073724940419197
,,2131,,,,,,,,,,,,,,,,4.4633761717705056e-05,,0.0065975189208984375,,0.00822188425809145,,0.023319732397794724,,0.012986324727535248,,0.018793217837810516,,0.023364366963505745
,,2132,,,,,,,,,,,,,,,,1.2944959962624125e-05,,0.0039386749267578125,,0.004427813459187746,,0.009515161626040936,,0.008930561132729053,,0.012004591524600983,,0.00952810700982809
,,2133,,,,,,,,,,,,,,,,4.543478644336574e-05,,0.0067462921142578125,,0.008295335806906223,,0.015411282889544964,,0.011360620148479939,,0.015277725644409657,,0.01545671746134758
,,2134,,,,,,,,,,,,,,,,2.690129986149259e-05,,0.0057373046875,,0.006383013445883989,,0.009486396797001362,,0.009021365083754063,,0.011986431665718555,,0.00951329804956913
,,2135,,,,,,,,,,,,,,,,1.305840032728156e-05,,0.004077911376953125,,0.004447171464562416,,0.011153328232467175,,0.00971272960305214,,0.012996953912079334,,0.011166386306285858
,,2136,,,,,,,,,,,,,,,,2.373127790633589e-05,,0.00524139404296875,,0.005995136220008135,,0.015690745785832405,,0.011242447420954704,,0.015415625646710396,,0.015714477747678757
,,2137,,,,,,,,,,,,,,,,4.979464574716985e-05,,0.0068950653076171875,,0.0086842505261302,,0.01926293410360813,,0.012719852849841118,,0.01708049513399601,,0.019312728196382523
,,2138,,,,,,,,,,,,,,,,3.4477336157578975e-05,,0.0066356658935546875,,0.00722613837569952,,0.020368540659546852,,0.013065224513411522,,0.01756383292376995,,0.020403018221259117
,,2139,,,,,,,,,,,,,,,,2.023752313107252e-05,,0.0042514801025390625,,0.005536273121833801,,0.012167314998805523,,0.010051215998828411,,0.013574903830885887,,0.012187552638351917
,,2140,,,,,,,,,,,,,,,,3.40111946570687e-05,,0.0065402984619140625,,0.0071771214716136456,,0.015443649142980576,,0.011495525017380714,,0.015293758362531662,,0.015477660112082958
,,2141,,,,,,,,,,,,,,,,1.8497743440093473e-05,,0.004528045654296875,,0.005292963702231646,,0.01581227034330368,,0.01090355683118105,,0.015475205145776272,,0.015830768272280693
,,2142,,,,,,,,,,,,,,,,3.038329305127263e-05,,0.005535125732421875,,0.006783539894968271,,0.013017955236136913,,0.010240338742733002,,0.014041411690413952,,0.013048338703811169
,,2143,,,,,,,,,,,,,,,,1.5159695976763032e-05,,0.0038394927978515625,,0.004791663493961096,,0.012655465863645077,,0.010253182612359524,,0.013844538480043411,,0.012670625932514668
,,2144,,,,,,,,,,,,,,,,1.2109769158996642e-05,,0.003536224365234375,,0.004282605368643999,,0.015542402863502502,,0.011334802024066448,,0.015342582948505878,,0.015554512850940228
,,2145,,,,,,,,,,,,,,,,2.5590505174477585e-05,,0.0062255859375,,0.0062255859375,,0.008035019971430302,,0.008327769115567207,,0.011031458154320717,,0.008060610853135586
73,,9397,,,,,,,,,,,,,,,3.541674595908262e-05,,0.005530734546482563,,0.0067726606503129005,,0.015780894085764885,,0.011219180189073086,,0.015334018506109715,,0.015582302585244179,
73,,9397,0.0007445476949214935,,0.027638979256153107,,0.029350437223911285,,0.021999722346663475,,0.013555471785366535,,0.018106995150446892,,0.02274082414805889,,,,,,,,,,,,,,,
,0.0005,9398,,,,,,,,,,,,,,,,,,,,,,,,,,,,
74,,9399,,0.0004915243480354548,,0.026561737060546875,,0.027284137904644012,,0.02081497386097908,,0.013492602854967117,,0.01775526814162731,,0.02130649797618389,,,,,,,,,,,,,,
74,,9409,,0.000242861540755257,,0.018482208251953125,,0.019176607951521873,,0.015601820312440395,,0.011499647982418537,,0.015371874906122684,,0.01584468223154545,,,,,,,,,,,,,,
74,,9419,,0.0003072192776016891,,0.020605087280273438,,0.021569546312093735,,0.015610475093126297,,0.011735821142792702,,0.015376143157482147,,0.015917694196105003,,,,,,,,,,,,,,
74,,9429,,0.00025610209559090436,,0.01845836639404297,,0.019694222137331963,,0.015761014074087143,,0.011392157524824142,,0.015450104139745235,,0.016017116606235504,,,,,,,,,,,,,,
74,,9439,,0.00018937347340397537,,0.015473365783691406,,0.01693773828446865,,0.01787499524652958,,0.012430735863745213,,0.01645365171134472,,0.01806436851620674,,,,,,,,,,,,,,
74,,9449,,0.00020604410383384675,,0.01660442352294922,,0.017665378749370575,,0.015509416349232197,,0.011799250729382038,,0.01532629132270813,,0.01571546122431755,,,,,,,,,,,,,,
74,,9459,,0.0017097907839342952,,0.04908561706542969,,0.05088839307427406,,0.018552910536527634,,0.012606416828930378,,0.01676275208592415,,0.02026270143687725,,,,,,,,,,,,,,
74,,9469,,0.0034691879991441965,,0.07191944122314453,,0.07248399406671524,,0.0259112361818552,,0.014646562747657299,,0.01980995014309883,,0.029380423948168755,,,,,,,,,,,,,,
74,,9479,,0.00012817082460969687,,0.012699127197265625,,0.013932982459664345,,0.027343932539224625,,0.015159374102950096,,0.020350253209471703,,0.027472103014588356,,,,,,,,,,,,,,
74,,9489,,7.656720845261589e-05,,0.009259223937988281,,0.010769467800855637,,0.015620945021510124,,0.011935921385884285,,0.015381298027932644,,0.01569751277565956,,,,,,,,,,,,,,
74,,9499,,0.00011206092312932014,,0.011441230773925781,,0.01302635669708252,,0.017684292048215866,,0.012305909767746925,,0.016365649178624153,,0.0177963525056839,,,,,,,,,,,,,,
74,,9509,,0.00024997274158522487,,0.018410682678222656,,0.019459884613752365,,0.022733893245458603,,0.013504089787602425,,0.0185556560754776,,0.022983865812420845,,,,,,,,,,,,,,
74,,9519,,0.0005441706161946058,,0.027883529663085938,,0.028707468882203102,,0.015697386115789413,,0.011418797075748444,,0.015418889932334423,,0.01624155603349209,,,,,,,,,,,,,,
,,2146,,,,,,,,,,,,,,,,2.8993477826588787e-05,,0.0047149658203125,,0.006626619957387447,,0.013854173012077808,,0.010873614810407162,,0.014485370367765427,,0.013883166946470737
,,2147,,,,,,,,,,,,,,,,8.791519576334395e-06,,0.0031490325927734375,,0.003648976795375347,,0.01749810390174389,,0.01169827114790678,,0.01627926714718342,,0.01750689558684826
,,2148,,,,,,,,,,,,,,,,1.5096498827915639e-05,,0.004375457763671875,,0.004781646654009819,,0.023419763892889023,,0.012677882798016071,,0.018833477050065994,,0.02343486063182354
,,2149,,,,,,,,,,,,,,,,9.651019354350865e-06,,0.0032291412353515625,,0.0038231906946748495,,0.019513115286827087,,0.012889295816421509,,0.01719105802476406,,0.019522765651345253
,,2150,,,,,,,,,,,,,,,,9.74736121861497e-06,,0.0032806396484375,,0.003842231584712863,,0.01520558912307024,,0.010635335929691792,,0.015175430104136467,,0.015215336345136166
,,2151,,,,,,,,,,,,,,,,1.1572635230550077e-05,,0.00342559814453125,,0.004186536185443401,,0.014225078746676445,,0.011126847937703133,,0.014677993021905422,,0.014236651360988617
,,2152,,,,,,,,,,,,,,,,2.416626739432104e-05,,0.005146026611328125,,0.006049840245395899,,0.014079057611525059,,0.01080339215695858,,0.014602464623749256,,0.014103223569691181
,,2153,,,,,,,,,,,,,,,,1.2776495168509427e-05,,0.003368377685546875,,0.004398913122713566,,0.008177938871085644,,0.008415533229708672,,0.011129132471978664,,0.008190715685486794
,,2154,,,,,,,,,,,,,,,,3.711953468155116e-05,,0.0061054229736328125,,0.007497919257730246,,0.01642155833542347,,0.01153380237519741,,0.01577053964138031,,0.016458677127957344
,,2155,,,,,,,,,,,,,,,,3.676100823213346e-05,,0.006351470947265625,,0.007461606524884701,,0.014896921813488007,,0.011315071024000645,,0.015020610764622688,,0.014933682978153229
,,2156,,,,,,,,,,,,,,,,3.236916018067859e-05,,0.0058841705322265625,,0.007001720834523439,,0.012788799591362476,,0.00979247409850359,,0.013917273841798306,,0.012821168638765812
,,2157,,,,,,,,,,,,,,,,3.6170065868645906e-05,,0.0071697235107421875,,0.007401379756629467,,0.021817199885845184,,0.012778018601238728,,0.01817769557237625,,0.0218533705919981
,,2158,,,,,,,,,,,,,,,,0.00023077371588442475,,0.011363983154296875,,0.018695326521992683,,0.019120648503303528,,0.012611265294253826,,0.0170173030346632,,0.019351422786712646
,,2159,,,,,,,,,,,,,,,,2.3274282284546643e-05,,0.0047607421875,,0.005937144625931978,,0.020543726161122322,,0.012636406347155571,,0.017639201134443283,,0.020566999912261963
,,2160,,,,,,,,,,,,,,,,3.305071368231438e-05,,0.0051822662353515625,,0.007075067609548569,,0.02322142757475376,,0.012927396222949028,,0.01875356398522854,,0.023254478350281715
,,2161,,,,,,,,,,,,,,,,6.829243375250371e-06,,0.002788543701171875,,0.003216077107936144,,0.009427024982869625,,0.008847450837492943,,0.011948863975703716,,0.00943385437130928
,,2162,,,,,,,,,,,,,,,,3.358841058798134e-05,,0.0056285858154296875,,0.007132371887564659,,0.015076707117259502,,0.01123621966689825,,0.015110982581973076,,0.01511029526591301
,,2163,,,,,,,,,,,,,,,,1.741448613756802e-05,,0.004673004150390625,,0.005135631188750267,,0.009228051640093327,,0.008926967158913612,,0.011822090484201908,,0.009245466440916061
,,2164,,,,,,,,,,,,,,,,7.730570359854028e-06,,0.00292205810546875,,0.00342170475050807,,0.010908519849181175,,0.00958698894828558,,0.012853523716330528,,0.010916250757873058
,,2165,,,,,,,,,,,,,,,,1.5576946680084802e-05,,0.00441741943359375,,0.00485713267698884,,0.015141520649194717,,0.011060118675231934,,0.015143421478569508,,0.015157097950577736
,,2166,,,,,,,,,,,,,,,,4.8420832172269e-05,,0.00711822509765625,,0.008563613519072533,,0.01976671628654003,,0.012869000434875488,,0.017302412539720535,,0.01981513760983944
,,2167,,,,,,,,,,,,,,,,2.7097008569398895e-05,,0.0057277679443359375,,0.006406204774975777,,0.019360968843102455,,0.012748976238071918,,0.017123907804489136,,0.019388066604733467
,,2168,,,,,,,,,,,,,,,,1.4556353562511504e-05,,0.0033702850341796875,,0.00469531724229455,,0.011913033202290535,,0.009868977591395378,,0.013432304374873638,,0.011927589774131775
,,2169,,,,,,,,,,,,,,,,2.6549892936600372e-05,,0.0053577423095703125,,0.006341190543025732,,0.015162413008511066,,0.011381679214537144,,0.015153869055211544,,0.015188963152468204
,,2170,,,,,,,,,,,,,,,,1.2273752872715704e-05,,0.0036029815673828125,,0.0043114954605698586,,0.015433676540851593,,0.01075686514377594,,0.01528882049024105,,0.01544595044106245
,,2171,,,,,,,,,,,,,,,,2.6335890652262606e-05,,0.0052394866943359375,,0.006315579172223806,,0.013088717125356197,,0.010275662876665592,,0.014079523272812366,,0.013115053065121174
,,2172,,,,,,,,,,,,,,,,1.3694156223209575e-05,,0.0039386749267578125,,0.0045541576109826565,,0.01216329075396061,,0.010046953335404396,,0.01357265654951334,,0.012176984921097755
,,2173,,,,,,,,,,,,,,,,7.675057531741913e-06,,0.0027713775634765625,,0.0034094389993697405,,0.015061530284583569,,0.011129043996334076,,0.015103371813893318,,0.015069205313920975
,,2174,,,,,,,,,,,,,,,,1.7562826542416587e-05,,0.005157470703125,,0.005157470703125,,0.00784804206341505,,0.008372821845114231,,0.010902347043156624,,0.00786560494452715
74,,9524,,,,,,,,,,,,,,,2.8808948627556674e-05,,0.004825168289244175,,0.005953162908554077,,0.015555424615740776,,0.011110974475741386,,0.015216672793030739,,0.015351344831287861,
74,,9524,0.0004797540314029902,,0.0216333270072937,,0.02338028885424137,,0.01977548375725746,,0.012804863974452019,,0.017140064388513565,,0.020255979150533676,,,,,,,,,,,,,,,
,0.0005,9525,,,,,,,,,,,,,,,,,,,,,,,,,,,,
75,,9529,,0.00023975114163476974,,0.01720714569091797,,0.01905454695224762,,0.01709137111902237,,0.012106655165553093,,0.016088953241705894,,0.017331121489405632,,,,,,,,,,,,,,
75,,9539,,0.00028568418929353356,,0.019910812377929688,,0.020799748599529266,,0.01726505160331726,,0.012463195249438286,,0.016170494258403778,,0.017550736665725708,,,,,,,,,,,,,,
75,,9549,,0.00012085001799277961,,0.011841773986816406,,0.01352813933044672,,0.01911476068198681,,0.012445100583136082,,0.01701468415558338,,0.019235610961914062,,,,,,,,,,,,,,
75,,9559,,2.585819675005041e-05,,0.005467414855957031,,0.0062578278593719006,,0.018161684274673462,,0.012374496087431908,,0.016585074365139008,,0.018187543377280235,,,,,,,,,,,,,,
75,,9569,,0.0007091155275702477,,0.030597686767578125,,0.03277204558253288,,0.018734578043222427,,0.012964276596903801,,0.016844620928168297,,0.01944369450211525,,,,,,,,,,,,,,
75,,9579,,0.0009523476473987103,,0.037224769592285156,,0.037977561354637146,,0.03174324706196785,,0.015464785508811474,,0.021926283836364746,,0.03269559517502785,,,,,,,,,,,,,,
75,,9589,,0.00018479893333278596,,0.014763832092285156,,0.016729889437556267,,0.02575947344303131,,0.014920885674655437,,0.01975184865295887,,0.025944272056221962,,,,,,,,,,,,,,
75,,9599,,0.0001081483787856996,,0.011698722839355469,,0.012797484174370766,,0.02665271796286106,,0.014125699177384377,,0.02009139209985733,,0.02676086686551571,,,,,,,,,,,,,,
75,,9609,,0.00013688606850337237,,0.011868476867675781,,0.014397715218365192,,0.023796699941158295,,0.014379393309354782,,0.018984436988830566,,0.023933585733175278,,,,,,,,,,,,,,
75,,9619,,0.0017636005068197846,,0.04984569549560547,,0.05168234556913376,,0.03374413400888443,,0.016156485304236412,,0.02260676771402359,,0.03550773486495018,,,,,,,,,,,,,,
75,,9629,,0.005331339780241251,,0.08673763275146484,,0.08985684812068939,,0.058706656098365784,,0.02062520571053028,,0.029818305745720863,,0.0640379935503006,,,,,,,,,,,,,,
75,,9639,,0.00017798943736124784,,0.013245582580566406,,0.016417739912867546,,0.02817140519618988,,0.015338380821049213,,0.020655876025557518,,0.028349393978714943,,,,,,,,,,,,,,
75,,9649,,0.004816441796720028,,0.08382034301757812,,0.08540935069322586,,0.10359003394842148,,0.024079464375972748,,0.039609406143426895,,0.10840647667646408,,,,,,,,,,,,,,
,,2175,,,,,,,,,,,,,,,,3.481758903944865e-05,,0.0055084228515625,,0.007261728867888451,,0.0137742655351758,,0.010783658362925053,,0.0144435353577137,,0.0138090830296278
,,2176,,,,,,,,,,,,,,,,8.957385944086127e-06,,0.0031757354736328125,,0.0036832240875810385,,0.017649199813604355,,0.011686664074659348,,0.01634940505027771,,0.017658157274127007
,,2177,,,,,,,,,,,,,,,,1.0465211744303815e-05,,0.0036029815673828125,,0.00398118095472455,,0.023920198902487755,,0.012695187702775002,,0.019033636897802353,,0.023930663242936134
,,2178,,,,,,,,,,,,,,,,8.99809856491629e-06,,0.003093719482421875,,0.0036916022654622793,,0.01932222954928875,,0.01281692460179329,,0.017106767743825912,,0.019331227988004684
,,2179,,,,,,,,,,,,,,,,8.025323950278107e-06,,0.0029296875,,0.003486349480226636,,0.015536470338702202,,0.010603053495287895,,0.015339652076363564,,0.015544495545327663
,,2180,,,,,,,,,,,,,,,,1.4278790331445634e-05,,0.0041027069091796875,,0.004650355316698551,,0.01410637516528368,,0.01105519849807024,,0.01461662445217371,,0.014120654202997684
,,2181,,,,,,,,,,,,,,,,1.7903777916217223e-05,,0.0044956207275390625,,0.005207292269915342,,0.01367501076310873,,0.010664763860404491,,0.014391403645277023,,0.013692914508283138
,,2182,,,,,,,,,,,,,,,,8.456843715975992e-06,,0.0028095245361328125,,0.0035788407549262047,,0.008256935514509678,,0.008378042839467525,,0.011182757094502449,,0.008265391923487186
,,2183,,,,,,,,,,,,,,,,2.9762166377622634e-05,,0.0052738189697265625,,0.006713847629725933,,0.016616595908999443,,0.011591950431466103,,0.015863914042711258,,0.016646357253193855
,,2184,,,,,,,,,,,,,,,,3.225871114409529e-05,,0.0060520172119140625,,0.006989768240600824,,0.014902293682098389,,0.01131635345518589,,0.015023318119347095,,0.01493455283343792
,,2185,,,,,,,,,,,,,,,,2.679651151993312e-05,,0.005462646484375,,0.006370567250996828,,0.012618202716112137,,0.009711485356092453,,0.01382413785904646,,0.012644999660551548
,,2186,,,,,,,,,,,,,,,,2.7449274057289585e-05,,0.0062255859375,,0.006447669118642807,,0.021955890581011772,,0.012840485200285912,,0.018235379830002785,,0.02198334038257599
,,2187,,,,,,,,,,,,,,,,0.00022533997253049165,,0.0111541748046875,,0.01847388781607151,,0.01905765011906624,,0.01247116457670927,,0.016989238560199738,,0.0192829892039299
,,2188,,,,,,,,,,,,,,,,2.13459807127947e-05,,0.0046329498291015625,,0.005685887765139341,,0.02070600539445877,,0.012693430297076702,,0.017708729952573776,,0.020727351307868958
,,2189,,,,,,,,,,,,,,,,2.7297699489281513e-05,,0.004619598388671875,,0.006429900415241718,,0.023373084142804146,,0.012935643084347248,,0.018814699724316597,,0.023400381207466125
,,2190,,,,,,,,,,,,,,,,4.190733307041228e-06,,0.002185821533203125,,0.0025193295441567898,,0.009460845030844212,,0.008894472382962704,,0.011970279738307,,0.009465035982429981
,,2191,,,,,,,,,,,,,,,,2.860467975551728e-05,,0.00524139404296875,,0.006581996567547321,,0.015054363757371902,,0.011169357225298882,,0.015099777840077877,,0.015082968398928642
,,2192,,,,,,,,,,,,,,,,1.2899460671178531e-05,,0.003971099853515625,,0.004420021083205938,,0.00903100986033678,,0.008829383179545403,,0.011695194989442825,,0.00904390960931778
,,2193,,,,,,,,,,,,,,,,6.56202610116452e-06,,0.0023632049560546875,,0.003152495948597789,,0.01075651217252016,,0.009533129632472992,,0.012763655744493008,,0.010763074271380901
,,2194,,,,,,,,,,,,,,,,1.2328269804129377e-05,,0.0040035247802734375,,0.004321050364524126,,0.01492589246481657,,0.010935794562101364,,0.015035209245979786,,0.014938220381736755
,,2195,,,,,,,,,,,,,,,,4.482819349505007e-05,,0.0072803497314453125,,0.008239775896072388,,0.01921316795051098,,0.012694154866039753,,0.017058420926332474,,0.01925799623131752
,,2196,,,,,,,,,,,,,,,,2.335602584935259e-05,,0.005035400390625,,0.005947552155703306,,0.01969100721180439,,0.012768339365720749,,0.01726924255490303,,0.019714362919330597
,,2197,,,,,,,,,,,,,,,,1.2603031791513786e-05,,0.0032558441162109375,,0.00436893617734313,,0.011684628203511238,,0.00973140075802803,,0.01330291386693716,,0.011697230860590935
,,2198,,,,,,,,,,,,,,,,1.9062896171817556e-05,,0.004383087158203125,,0.005373206455260515,,0.015386328101158142,,0.011488651856780052,,0.01526535302400589,,0.015405391342937946
,,2199,,,,,,,,,,,,,,,,8.92942443897482e-06,,0.0030231475830078125,,0.0036774829495698214,,0.015184653922915459,,0.010686613619327545,,0.015164976939558983,,0.015193583443760872
,,2200,,,,,,,,,,,,,,,,2.56069797615055e-05,,0.005222320556640625,,0.006227563135325909,,0.013055763207376003,,0.010246832855045795,,0.01406178716570139,,0.013081369921565056
,,2201,,,,,,,,,,,,,,,,1.1141900358779822e-05,,0.0036468505859375,,0.004107895772904158,,0.012092575430870056,,0.010016115382313728,,0.013533145189285278,,0.012103717774152756
,,2202,,,,,,,,,,,,,,,,4.812579391000327e-06,,0.0022678375244140625,,0.0026997763197869062,,0.014943446032702923,,0.011057017371058464,,0.015044047497212887,,0.014948258176445961
,,2203,,,,,,,,,,,,,,,,1.1795647878898308e-05,,0.0042266845703125,,0.0042266845703125,,0.007349163293838501,,0.00816267542541027,,0.010550138540565968,,0.007360958959907293
75,,9651,,,,,,,,,,,,,,,2.5548582925694063e-05,,0.0044639077968895435,,0.005504623521119356,,0.015533128753304482,,0.011068999767303467,,0.01520021166652441,,0.015311331488192081,
75,,9651,0.002011786447837949,,0.0399036705493927,,0.041728030890226364,,0.027898984029889107,,0.014721761457622051,,0.020037835463881493,,0.029936036095023155,,,,,,,,,,,,,,,
,0.0005,9652,,,,,,,,,,,,,,,,,,,,,,,,,,,,
76,,9659,,0.008287581615149975,,0.10984039306640625,,0.11203552782535553,,0.06850176304578781,,0.022231055423617363,,0.032209962606430054,,0.07678934186697006,,,,,,,,,,,,,,
76,,9669,,0.0003827009932138026,,0.020107269287109375,,0.02407602034509182,,0.08782349526882172,,0.02527160383760929,,0.036470748484134674,,0.08820619434118271,,,,,,,,,,,,,,
76,,9679,,0.004751401022076607,,0.0842132568359375,,0.08483055979013443,,0.04025489464402199,,0.01788133755326271,,0.024691570550203323,,0.045006297528743744,,,,,,,,,,,,,,
76,,9689,,0.0006890094955451787,,0.015374183654785156,,0.032304976135492325,,0.03639885410666466,,0.016915086656808853,,0.023479191586375237,,0.03708786517381668,,,,,,,,,,,,,,
76,,9699,,3.4431464882800356e-05,,0.005595207214355469,,0.007220552768558264,,0.02729444019496441,,0.014769881963729858,,0.02033182606101036,,0.027328871190547943,,,,,,,,,,,,,,
76,,9709,,0.00021524954354390502,,0.016176223754882812,,0.018055694177746773,,0.043489642441272736,,0.01603798381984234,,0.025664467364549637,,0.04370489344000816,,,,,,,,,,,,,,
76,,9719,,0.000638634548522532,,0.030406951904296875,,0.03110090084373951,,0.017534732818603516,,0.012006325647234917,,0.016296295449137688,,0.01817336678504944,,,,,,,,,,,,,,
76,,9729,,0.0007377659785561264,,0.03265190124511719,,0.03342698886990547,,0.017797397449612617,,0.012442149221897125,,0.01641790010035038,,0.01853516325354576,,,,,,,,,,,,,,
76,,9739,,0.00016239407705143094,,0.008304595947265625,,0.015680447220802307,,0.015452058985829353,,0.011453784070909023,,0.015297926031053066,,0.01561445277184248,,,,,,,,,,,,,,
76,,9749,,5.965329546597786e-05,,0.007304191589355469,,0.009505772963166237,,0.019995978102087975,,0.012838398106396198,,0.017402460798621178,,0.020055631175637245,,,,,,,,,,,,,,
76,,9759,,0.0005740530323237181,,0.028127670288085938,,0.02948683500289917,,0.02365298941731453,,0.013990364968776703,,0.01892702467739582,,0.024227041751146317,,,,,,,,,,,,,,
76,,9769,,9.451865480514243e-05,,0.010244369506835938,,0.011963685043156147,,0.021925093606114388,,0.013794498518109322,,0.018222590908408165,,0.022019611671566963,,,,,,,,,,,,,,
,,2204,,,,,,,,,,,,,,,,3.053492400795221e-05,,0.005382537841796875,,0.006800491362810135,,0.013895648531615734,,0.01077457144856453,,0.014507037587463856,,0.013926183804869652
,,2205,,,,,,,,,,,,,,,,1.0370092240918893e-05,,0.00360870361328125,,0.003963049966841936,,0.01789804920554161,,0.011745489202439785,,0.016464263200759888,,0.01790841855108738
,,2206,,,,,,,,,,,,,,,,1.1861675375257619e-05,,0.003887176513671875,,0.0042384909465909,,0.02316039428114891,,0.012545843608677387,,0.018728893250226974,,0.023172255605459213
,,2207,,,,,,,,,,,,,,,,1.2942588000441901e-05,,0.0034885406494140625,,0.0044273994863033295,,0.018338080495595932,,0.01243533007800579,,0.016665417701005936,,0.01835102215409279
,,2208,,,,,,,,,,,,,,,,1.1465159332146868e-05,,0.0035190582275390625,,0.004167064093053341,,0.01499355398118496,,0.010564206168055534,,0.015069244429469109,,0.01500501949340105
,,2209,,,,,,,,,,,,,,,,1.534837247163523e-05,,0.004222869873046875,,0.004821373149752617,,0.014049003832042217,,0.011018646880984306,,0.014586870558559895,,0.01406435202807188
,,2210,,,,,,,,,,,,,,,,1.7593905795365572e-05,,0.0044918060302734375,,0.005162014160305262,,0.013594141229987144,,0.010601583868265152,,0.014348787255585194,,0.013611734844744205
,,2211,,,,,,,,,,,,,,,,9.990914804802742e-06,,0.0029811859130859375,,0.0038899402134120464,,0.008204054087400436,,0.008320239372551441,,0.011146888136863708,,0.008214045315980911
,,2212,,,,,,,,,,,,,,,,3.2037092751124874e-05,,0.0053577423095703125,,0.0069657270796597,,0.016770774498581886,,0.011618374846875668,,0.01593734323978424,,0.01680281199514866
,,2213,,,,,,,,,,,,,,,,3.237605415051803e-05,,0.005802154541015625,,0.0070024458691477776,,0.014631480909883976,,0.01114866603165865,,0.014886186458170414,,0.014663857407867908
,,2214,,,,,,,,,,,,,,,,2.6422883820487186e-05,,0.005290985107421875,,0.00632601510733366,,0.012505271472036839,,0.00964444037526846,,0.013762139715254307,,0.012531694024801254
,,2215,,,,,,,,,,,,,,,,2.5918161554727703e-05,,0.006053924560546875,,0.00626527052372694,,0.023050110787153244,,0.013076611794531345,,0.018684254959225655,,0.023076029494404793
,,2216,,,,,,,,,,,,,,,,0.00024981918977573514,,0.011415481567382812,,0.019451452419161797,,0.018657667562365532,,0.012473111040890217,,0.016810014843940735,,0.018907487392425537
,,2217,,,,,,,,,,,,,,,,1.665819581830874e-05,,0.00385284423828125,,0.005022889003157616,,0.02175796777009964,,0.012885435484349728,,0.018153000622987747,,0.021774625405669212
,,2218,,,,,,,,,,,,,,,,2.729750849539414e-05,,0.00446319580078125,,0.006429864559322596,,0.02435145154595375,,0.013032449409365654,,0.01920444890856743,,0.02437874861061573
,,2219,,,,,,,,,,,,,,,,5.1874822020181455e-06,,0.0025157928466796875,,0.0028029538225382566,,0.009309877641499043,,0.00884245615452528,,0.011874389834702015,,0.00931506510823965
,,2220,,,,,,,,,,,,,,,,3.109564568148926e-05,,0.005382537841796875,,0.0068625882267951965,,0.015133291482925415,,0.011103388853371143,,0.015139312483370304,,0.015164387412369251
,,2221,,,,,,,,,,,,,,,,1.696734943834599e-05,,0.0043964385986328125,,0.0050692749209702015,,0.008814167231321335,,0.008688499219715595,,0.011553935706615448,,0.008831134997308254
,,2222,,,,,,,,,,,,,,,,6.394619049387984e-06,,0.0024166107177734375,,0.0031120216008275747,,0.010751924477517605,,0.00957567896693945,,0.012760932557284832,,0.010758318938314915
,,2223,,,,,,,,,,,,,,,,1.4285032193583902e-05,,0.0044460296630859375,,0.0046513378620147705,,0.015256344340741634,,0.011045940220355988,,0.01520073413848877,,0.015270628966391087
,,2224,,,,,,,,,,,,,,,,5.040648829890415e-05,,0.007913589477539062,,0.008737437427043915,,0.01963261514902115,,0.012800021097064018,,0.01724362000823021,,0.019683022052049637
,,2225,,,,,,,,,,,,,,,,2.379169745836407e-05,,0.00501251220703125,,0.0060027725994586945,,0.019854996353387833,,0.012741629965603352,,0.01734100468456745,,0.01987878791987896
,,2226,,,,,,,,,,,,,,,,1.6066580428741872e-05,,0.003467559814453125,,0.004932873882353306,,0.011727730743587017,,0.009722831659018993,,0.013327427208423615,,0.011743796989321709
,,2227,,,,,,,,,,,,,,,,2.0724994101328775e-05,,0.004604339599609375,,0.005602563265711069,,0.015798170119524002,,0.01159806177020073,,0.015468304045498371,,0.015818895772099495
,,2228,,,,,,,,,,,,,,,,1.0258512702421285e-05,,0.003170013427734375,,0.003941680770367384,,0.015123555436730385,,0.010674191638827324,,0.015134437009692192,,0.015133813954889774
,,2229,,,,,,,,,,,,,,,,2.753360240603797e-05,,0.0053558349609375,,0.006457578390836716,,0.012618944980204105,,0.010118745267391205,,0.01382454577833414,,0.012646478600800037
,,2230,,,,,,,,,,,,,,,,1.1264686690992676e-05,,0.0037593841552734375,,0.004130480345338583,,0.012220693752169609,,0.009985002689063549,,0.013604648411273956,,0.012231958098709583
,,2231,,,,,,,,,,,,,,,,6.8690546868310776e-06,,0.0025463104248046875,,0.0032254343386739492,,0.014905168674886227,,0.010962892323732376,,0.015024768188595772,,0.01491203811019659
,,2232,,,,,,,,,,,,,,,,1.64378961926559e-05,,0.0049896240234375,,0.0049896240234375,,0.007303633727133274,,0.008257185108959675,,0.010517410933971405,,0.007320071570575237
76,,9778,,,,,,,,,,,,,,,2.7503547244123183e-05,,0.004601915366947651,,0.005727509967982769,,0.015570418909192085,,0.011049831286072731,,0.015209512785077095,,0.01534816063940525,
76,,9778,0.0017635730328038335,,0.0362745076417923,,0.038334380835294724,,0.029041336849331856,,0.015057289972901344,,0.020390400663018227,,0.03079831227660179,,,,,,,,,,,,,,,
,0.0005,9779,,,,,,,,,,,,,,,,,,,,,,,,,,,,
77,,9779,,0.0005992885562591255,,0.02638721466064453,,0.030126824975013733,,0.029121534898877144,,0.01461854763329029,,0.021001318469643593,,0.02972082421183586,,,,,,,,,,,,,,
77,,9789,,0.001349044730886817,,0.04413127899169922,,0.04520176351070404,,0.02431292086839676,,0.014109685085713863,,0.019189247861504555,,0.02566196583211422,,,,,,,,,,,,,,
77,,9799,,0.00020559606491588056,,0.0142059326171875,,0.01764654368162155,,0.018752645701169968,,0.012590781785547733,,0.016852743923664093,,0.01895824261009693,,,,,,,,,,,,,,
77,,9809,,0.0004593455814756453,,0.02495288848876953,,0.02637716569006443,,0.02713550627231598,,0.01485470961779356,,0.020272543653845787,,0.027594851329922676,,,,,,,,,,,,,,
77,,9819,,2.5414179617655464e-05,,0.004837989807128906,,0.00620372174307704,,0.035541925579309464,,0.01804163120687008,,0.023201169446110725,,0.03556733950972557,,,,,,,,,,,,,,
77,,9829,,3.9211259718285874e-05,,0.006571769714355469,,0.007707477547228336,,0.02910454571247101,,0.015495660714805126,,0.020995184779167175,,0.02914375625550747,,,,,,,,,,,,,,
77,,9839,,0.001535999123007059,,0.046799659729003906,,0.04823198541998863,,0.04548460245132446,,0.01895316317677498,,0.026246510446071625,,0.047020602971315384,,,,,,,,,,,,,,
77,,9849,,0.0016081985086202621,,0.03794384002685547,,0.0493512898683548,,0.032642316073179245,,0.01667134091258049,,0.02223462425172329,,0.03425051271915436,,,,,,,,,,,,,,
77,,9859,,0.0007502534426748753,,0.03235626220703125,,0.03370942920446396,,0.025534573942422867,,0.014887766912579536,,0.019665436819195747,,0.026284826919436455,,,,,,,,,,,,,,
77,,9869,,0.0002424400590825826,,0.018263816833496094,,0.019163385033607483,,0.015511971898376942,,0.01199144683778286,,0.015327553264796734,,0.01575441285967827,,,,,,,,,,,,,,
77,,9879,,0.0007917863549664617,,0.03403663635253906,,0.034629736095666885,,0.01906915381550789,,0.012700872495770454,,0.01699436828494072,,0.01986094005405903,,,,,,,,,,,,,,
77,,9889,,0.0006018809508532286,,0.029666900634765625,,0.030193660408258438,,0.0203947052359581,,0.013165364973247051,,0.017575109377503395,,0.020996585488319397,,,,,,,,,,,,,,
77,,9899,,0.0011155616957694292,,0.04009723663330078,,0.0411059595644474,,0.019250907003879547,,0.012976638041436672,,0.01707516796886921,,0.020366469398140907,,,,,,,,,,,,,,
,,2233,,,,,,,,,,,,,,,,1.802967381081544e-05,,0.0041599273681640625,,0.005225547589361668,,0.013495389372110367,,0.010678419843316078,,0.014296572655439377,,0.013513418845832348
,,2234,,,,,,,,,,,,,,,,1.1561911378521472e-05,,0.003765106201171875,,0.00418459577485919,,0.01804058440029621,,0.011798147112131119,,0.016529688611626625,,0.018052145838737488
,,2235,,,,,,,,,,,,,,,,1.3202530681155622e-05,,0.0040569305419921875,,0.004471641965210438,,0.023340819403529167,,0.01252749003469944,,0.018801705911755562,,0.023354021832346916
,,2236,,,,,,,,,,,,,,,,1.3272254363982938e-05,,0.003643035888671875,,0.004483462311327457,,0.01816900633275509,,0.01239843014627695,,0.016588415950536728,,0.01818227767944336
,,2237,,,,,,,,,,,,,,,,9.396328096045181e-06,,0.003086090087890625,,0.0037724096328020096,,0.01506181713193655,,0.010580618865787983,,0.01510351151227951,,0.015071213245391846
,,2238,,,,,,,,,,,,,,,,1.546264684293419e-05,,0.0041446685791015625,,0.004839289002120495,,0.013928685337305069,,0.010994803160429,,0.014524273574352264,,0.01394414808601141
,,2239,,,,,,,,,,,,,,,,1.9060655176872388e-05,,0.0044727325439453125,,0.00537287350744009,,0.013693193905055523,,0.010645066387951374,,0.014400970190763474,,0.013712254352867603
,,2240,,,,,,,,,,,,,,,,1.055119173543062e-05,,0.0032672882080078125,,0.003997514955699444,,0.008287700824439526,,0.008314182050526142,,0.011203569360077381,,0.008298251777887344
,,2241,,,,,,,,,,,,,,,,3.1215575290843844e-05,,0.0053043365478515625,,0.006875826511532068,,0.016724828630685806,,0.011565168388187885,,0.01591549441218376,,0.016756044700741768
,,2242,,,,,,,,,,,,,,,,3.356579691171646e-05,,0.005931854248046875,,0.007129966281354427,,0.01506290677934885,,0.011288889683783054,,0.015104061923921108,,0.015096472576260567
,,2243,,,,,,,,,,,,,,,,2.645580934768077e-05,,0.0051479339599609375,,0.006329926662147045,,0.012406355701386929,,0.009675253182649612,,0.01370760053396225,,0.01243281178176403
,,2244,,,,,,,,,,,,,,,,2.4821409169817343e-05,,0.0060100555419921875,,0.006131269037723541,,0.021793320775032043,,0.012760122306644917,,0.01816774345934391,,0.021818142384290695
,,2245,,,,,,,,,,,,,,,,0.0002562398440204561,,0.011362075805664062,,0.01969985105097294,,0.01856372505426407,,0.012453101575374603,,0.01676763966679573,,0.018819965422153473
,,2246,,,,,,,,,,,,,,,,1.5131113286770415e-05,,0.0040874481201171875,,0.004787106066942215,,0.021928949281573296,,0.012952370569109917,,0.018224185332655907,,0.0219440795481205
,,2247,,,,,,,,,,,,,,,,2.521831265767105e-05,,0.004299163818359375,,0.006180125288665295,,0.023314565420150757,,0.01282460056245327,,0.018791133537888527,,0.023339783772826195
,,2248,,,,,,,,,,,,,,,,5.510381470230641e-06,,0.002532958984375,,0.00288888206705451,,0.009320724755525589,,0.008841006085276604,,0.01188130583614111,,0.009326235391199589
,,2249,,,,,,,,,,,,,,,,3.5681990993907675e-05,,0.0056324005126953125,,0.007351270876824856,,0.01474807783961296,,0.01103269588202238,,0.014945383183658123,,0.014783759601414204
,,2250,,,,,,,,,,,,,,,,1.7516686057206243e-05,,0.0044345855712890625,,0.005150674842298031,,0.008754723705351353,,0.008675707504153252,,0.011514909565448761,,0.00877224002033472
,,2251,,,,,,,,,,,,,,,,7.324742000491824e-06,,0.0027332305908203125,,0.003330678679049015,,0.01037463266402483,,0.009389843791723251,,0.012535038404166698,,0.01038195751607418
,,2252,,,,,,,,,,,,,,,,1.1617167729127686e-05,,0.0037555694580078125,,0.004194567911326885,,0.015535335056483746,,0.011064461432397366,,0.015339089557528496,,0.015546952374279499
,,2253,,,,,,,,,,,,,,,,4.5550146751338616e-05,,0.00757598876953125,,0.008305853232741356,,0.01945139281451702,,0.012795963324606419,,0.017163848504424095,,0.019496943801641464
,,2254,,,,,,,,,,,,,,,,2.2317501134239137e-05,,0.0050258636474609375,,0.0058138263411819935,,0.019085630774497986,,0.012616829946637154,,0.01700170896947384,,0.01910794898867607
,,2255,,,,,,,,,,,,,,,,1.3482100257533602e-05,,0.003337860107421875,,0.0045187403447926044,,0.011797822080552578,,0.009772974997758865,,0.013367196545004845,,0.011811303906142712
,,2256,,,,,,,,,,,,,,,,2.015704012592323e-05,,0.004638671875,,0.0055252620950341225,,0.01537548378109932,,0.01143590547144413,,0.015259970910847187,,0.015395640395581722
,,2257,,,,,,,,,,,,,,,,9.005509127746336e-06,,0.0029163360595703125,,0.0036931196227669716,,0.015551688149571419,,0.01074800081551075,,0.01534715760499239,,0.01556069403886795
,,2258,,,,,,,,,,,,,,,,2.641640094225295e-05,,0.0051364898681640625,,0.006325212307274342,,0.012874760664999485,,0.010105703957378864,,0.013963972218334675,,0.012901176698505878
,,2259,,,,,,,,,,,,,,,,1.2753776900353841e-05,,0.00408935546875,,0.004395008087158203,,0.012318228371441364,,0.009998001158237457,,0.013658827170729637,,0.012330981902778149
,,2260,,,,,,,,,,,,,,,,7.5175321399001405e-06,,0.002811431884765625,,0.0033742545638233423,,0.014935992658138275,,0.010961474850773811,,0.015040296129882336,,0.014943510293960571
,,2261,,,,,,,,,,,,,,,,1.2662615517911036e-05,,0.0043792724609375,,0.0043792724609375,,0.007302945479750633,,0.008281020447611809,,0.01051691360771656,,0.007315608207136393
77,,9905,,,,,,,,,,,,,,,2.700866934901569e-05,,0.00454779714345932,,0.005649641156196594,,0.015461304225027561,,0.011019744910299778,,0.015163018368184566,,0.01524172443896532,
77,,9905,0.0009219710482284427,,0.02968050166964531,,0.03180950880050659,,0.030883975327014923,,0.01546567864716053,,0.021169455721974373,,0.03180046007037163,,,,,,,,,,,,,,,
,0.0005,9906,,,,,,,,,,,,,,,,,,,,,,,,,,,,
78,,9909,,0.0023174420930445194,,0.05883216857910156,,0.059242650866508484,,0.02477411739528179,,0.01356456708163023,,0.019370388239622116,,0.027091559022665024,,,,,,,,,,,,,,
78,,9919,,0.009930215775966644,,0.12178325653076172,,0.12263668328523636,,0.031919658184051514,,0.01586083509027958,,0.021987129002809525,,0.04184987396001816,,,,,,,,,,,,,,
78,,9929,,0.0034680082462728024,,0.07187557220458984,,0.07247475534677505,,0.02150268666446209,,0.013318061828613281,,0.018046194687485695,,0.02497069537639618,,,,,,,,,,,,,,
78,,9939,,6.253677565837279e-05,,0.0072727203369140625,,0.009731970727443695,,0.024186687543988228,,0.014554162509739399,,0.01913936622440815,,0.024249223992228508,,,,,,,,,,,,,,
78,,9949,,0.008187996223568916,,0.11072921752929688,,0.11136090755462646,,0.029789991676807404,,0.01564771495759487,,0.021240977570414543,,0.03797798603773117,,,,,,,,,,,,,,
78,,9959,,0.0013998381327837706,,0.04439067840576172,,0.04604281857609749,,0.03100612387061119,,0.01563374325633049,,0.021670205518603325,,0.03240596130490303,,,,,,,,,,,,,,
78,,9969,,0.00030606050859205425,,0.020758628845214844,,0.021530762314796448,,0.03217263147234917,,0.016103457659482956,,0.022074084728956223,,0.0324786901473999,,,,,,,,,,,,,,
78,,9979,,4.275227547623217e-05,,0.006400108337402344,,0.008045031689107418,,0.021492237225174904,,0.013859378173947334,,0.018041815608739853,,0.021534988656640053,,,,,,,,,,,,,,
78,,9989,,0.0005234992131590843,,0.026920318603515625,,0.028157060965895653,,0.022006753832101822,,0.01396997645497322,,0.018256492912769318,,0.02253025397658348,,,,,,,,,,,,,,
78,,9999,,0.001473011332564056,,0.045345306396484375,,0.047233521938323975,,0.03366106003522873,,0.014531103894114494,,0.022578921169042587,,0.03513406962156296,,,,,,,,,,,,,,
78,,10009,,0.001983350608497858,,0.05341625213623047,,0.05480799451470375,,0.033122893422842026,,0.016713114455342293,,0.02239770069718361,,0.035106245428323746,,,,,,,,,,,,,,
78,,10019,,0.0002651475078891963,,0.016782760620117188,,0.020038625225424767,,0.14312821626663208,,0.026637623086571693,,0.04655881226062775,,0.1433933675289154,,,,,,,,,,,,,,
78,,10029,,0.010402597486972809,,0.12445926666259766,,0.12551860511302948,,0.04170718044042587,,0.01891496032476425,,0.025133024901151657,,0.05210977792739868,,,,,,,,,,,,,,
,,2262,,,,,,,,,,,,,,,,2.9426762921502814e-05,,0.005138397216796875,,0.006675933953374624,,0.013401255942881107,,0.010556052438914776,,0.014246628619730473,,0.013430682942271233
,,2263,,,,,,,,,,,,,,,,1.1009339687007014e-05,,0.003276824951171875,,0.0040833656676113605,,0.01791161298751831,,0.011674909852445126,,0.016470497474074364,,0.017922623082995415
,,2264,,,,,,,,,,,,,,,,1.836245064623654e-05,,0.0048732757568359375,,0.00527357030659914,,0.022216124460101128,,0.012456084601581097,,0.018343130126595497,,0.022234486415982246
,,2265,,,,,,,,,,,,,,,,1.3804521586280316e-05,,0.00388336181640625,,0.004572452045977116,,0.019063031300902367,,0.012704302556812763,,0.016991641372442245,,0.019076835364103317
,,2266,,,,,,,,,,,,,,,,1.1602249287534505e-05,,0.0032749176025390625,,0.004191895946860313,,0.014316953718662262,,0.010524928569793701,,0.01472531072795391,,0.014328556135296822
,,2267,,,,,,,,,,,,,,,,1.4132686374068726e-05,,0.0036945343017578125,,0.004626499488949776,,0.013979319483041763,,0.010981056839227676,,0.014550648629665375,,0.013993452303111553
,,2268,,,,,,,,,,,,,,,,2.693340320547577e-05,,0.0056324005126953125,,0.006386821623891592,,0.013824839144945145,,0.010593689046800137,,0.01447002962231636,,0.013851772993803024
,,2269,,,,,,,,,,,,,,,,1.3674818546860479e-05,,0.0036029815673828125,,0.004550935234874487,,0.00832292903214693,,0.008288292214274406,,0.011227356269955635,,0.00833660364151001
,,2270,,,,,,,,,,,,,,,,3.872696470352821e-05,,0.00592041015625,,0.0076585556380450726,,0.016392450779676437,,0.011488731950521469,,0.015756554901599884,,0.016431177034974098
,,2271,,,,,,,,,,,,,,,,3.825094972853549e-05,,0.005947113037109375,,0.007611310575157404,,0.014940512366592884,,0.011292762123048306,,0.015042568556964397,,0.014978763647377491
,,2272,,,,,,,,,,,,,,,,3.0690407584188506e-05,,0.0057163238525390625,,0.006817744579166174,,0.012397651560604572,,0.009615154005587101,,0.013702791184186935,,0.01242834236472845
,,2273,,,,,,,,,,,,,,,,3.620497227529995e-05,,0.0070819854736328125,,0.007404949516057968,,0.02183425985276699,,0.012768319807946682,,0.018184803426265717,,0.021870464086532593
,,2274,,,,,,,,,,,,,,,,0.000267727707978338,,0.012147903442382812,,0.020136617124080658,,0.01843351125717163,,0.012405273504555225,,0.016708724200725555,,0.018701238557696342
,,2275,,,,,,,,,,,,,,,,1.6829173546284437e-05,,0.0039501190185546875,,0.005048604682087898,,0.020946433767676353,,0.01280298363417387,,0.0178112480789423,,0.020963262766599655
,,2276,,,,,,,,,,,,,,,,3.211916919099167e-05,,0.0054874420166015625,,0.006974650081247091,,0.02364565059542656,,0.01300303265452385,,0.018924091011285782,,0.023677770048379898
,,2277,,,,,,,,,,,,,,,,8.465834071103018e-06,,0.0029659271240234375,,0.0035807595122605562,,0.009380316361784935,,0.008909930475056171,,0.011919226497411728,,0.00938878208398819
,,2278,,,,,,,,,,,,,,,,5.225125642027706e-05,,0.0067348480224609375,,0.008895862847566605,,0.014804295264184475,,0.010970724746584892,,0.014973839744925499,,0.014856546185910702
,,2279,,,,,,,,,,,,,,,,2.297746505064424e-05,,0.0053844451904296875,,0.005899152718484402,,0.00863610114902258,,0.008626841008663177,,0.01143663190305233,,0.008659078739583492
,,2280,,,,,,,,,,,,,,,,9.607595529814716e-06,,0.0034885406494140625,,0.003814578987658024,,0.010572828352451324,,0.009357450529932976,,0.012654204852879047,,0.010582435876131058
,,2281,,,,,,,,,,,,,,,,1.4876356544846203e-05,,0.004215240478515625,,0.004746667109429836,,0.015600147657096386,,0.011057563126087189,,0.015371055342257023,,0.015615023672580719
,,2282,,,,,,,,,,,,,,,,4.283768794266507e-05,,0.007022857666015625,,0.008054783567786217,,0.01893702521920204,,0.01261837687343359,,0.01693539135158062,,0.018979862332344055
,,2283,,,,,,,,,,,,,,,,2.5840265152510256e-05,,0.00562286376953125,,0.006255870684981346,,0.01868637651205063,,0.01256007794290781,,0.0168229378759861,,0.01871221698820591
,,2284,,,,,,,,,,,,,,,,1.758651706040837e-05,,0.0036602020263671875,,0.0051609426736831665,,0.011643962003290653,,0.009729497134685516,,0.0132797472178936,,0.011661548167467117
,,2285,,,,,,,,,,,,,,,,2.8126734832767397e-05,,0.0058231353759765625,,0.006526783108711243,,0.0151210380718112,,0.01134306937456131,,0.015133175998926163,,0.015149164944887161
,,2286,,,,,,,,,,,,,,,,1.3968443454359658e-05,,0.0039539337158203125,,0.004599515814334154,,0.015324318781495094,,0.01070017646998167,,0.015234556049108505,,0.015338287688791752
,,2287,,,,,,,,,,,,,,,,3.096391446888447e-05,,0.005924224853515625,,0.006848034914582968,,0.013276430778205395,,0.010241573676466942,,0.01418012473732233,,0.013307394459843636
,,2288,,,,,,,,,,,,,,,,1.4735865079273935e-05,,0.004119873046875,,0.004724203608930111,,0.01197722926735878,,0.009863783605396748,,0.01346844807267189,,0.01199196558445692
,,2289,,,,,,,,,,,,,,,,1.2254022294655442e-05,,0.0033397674560546875,,0.00430805841460824,,0.015229589305818081,,0.01103933621197939,,0.015187399461865425,,0.015241843648254871
,,2290,,,,,,,,,,,,,,,,2.081855564028956e-05,,0.005615234375,,0.005615234375,,0.007764271926134825,,0.008509743958711624,,0.010844003409147263,,0.007785090710967779
78,,10032,,,,,,,,,,,,,,,3.187874972354621e-05,,0.005069715902209282,,0.006262436043471098,,0.015352414920926094,,0.010995117947459221,,0.015114961192011833,,0.015155010856688023,
78,,10032,0.0032646069303154945,,0.051570575684309006,,0.05342618376016617,,0.034763991832733154,,0.016243215650320053,,0.022382857277989388,,0.038046978414058685,,,,,,,,,,,,,,,
,0.0005,10033,,,,,,,,,,,,,,,,,,,,,,,,,,,,
79,,10039,,0.0028191092424094677,,0.06378841400146484,,0.06534197926521301,,0.03989311680197716,,0.018068667501211166,,0.02458036132156849,,0.04271222651004791,,,,,,,,,,,,,,
79,,10049,,0.002518193796277046,,0.06048297882080078,,0.06175601854920387,,0.052238620817661285,,0.020837215706706047,,0.02812775783240795,,0.05475681275129318,,,,,,,,,,,,,,
79,,10059,,0.00027692774892784655,,0.0181427001953125,,0.02047964185476303,,0.12118551880121231,,0.02859416976571083,,0.042841505259275436,,0.12146244943141937,,,,,,,,,,,,,,
79,,10069,,0.008221935480833054,,0.10957908630371094,,0.11158952862024307,,0.09011910110712051,,0.022769704461097717,,0.03694432973861694,,0.09834103286266327,,,,,,,,,,,,,,
79,,10079,,0.003181302221491933,,0.059599876403808594,,0.06941381096839905,,0.181939959526062,,0.037671707570552826,,0.05249324068427086,,0.18512126803398132,,,,,,,,,,,,,,
79,,10089,,0.0011246956419199705,,0.038166046142578125,,0.0412725992500782,,0.07240614295005798,,0.023040080443024635,,0.033115170896053314,,0.07353083789348602,,,,,,,,,,,,,,
79,,10099,,0.0003580496704671532,,0.019945144653320312,,0.02328409254550934,,0.04779934138059616,,0.019132310524582863,,0.026906071230769157,,0.04815739020705223,,,,,,,,,,,,,,
79,,10109,,0.00018917713896371424,,0.014760971069335938,,0.016927991062402725,,0.03900185972452164,,0.018189916387200356,,0.024304233491420746,,0.03919103741645813,,,,,,,,,,,,,,
79,,10119,,0.0010731314541772008,,0.038558006286621094,,0.04031629487872124,,0.04157349467277527,,0.018523473292589188,,0.02509271167218685,,0.0426466278731823,,,,,,,,,,,,,,
79,,10129,,0.0003403011942282319,,0.021927833557128906,,0.022701524198055267,,0.027664942666888237,,0.015109672211110592,,0.020469356328248978,,0.028005244210362434,,,,,,,,,,,,,,
79,,10139,,5.737385436077602e-05,,0.008211135864257812,,0.00932206679135561,,0.025102045387029648,,0.01426774077117443,,0.019498175010085106,,0.02515941858291626,,,,,,,,,,,,,,
79,,10149,,0.0001605173310963437,,0.010934829711914062,,0.015590918250381947,,0.04510233923792839,,0.01867086812853813,,0.026135990396142006,,0.045262858271598816,,,,,,,,,,,,,,
79,,10159,,0.02683602273464203,,0.20075784623622894,,0.20160385966300964,,0.036923304200172424,,0.016981031745672226,,0.023647736757993698,,0.06375932693481445,,,,,,,,,,,,,,
,,2291,,,,,,,,,,,,,,,,4.441835335455835e-05,,0.0057888031005859375,,0.008202037774026394,,0.013683021999895573,,0.01074792817234993,,0.014395617879927158,,0.013727440498769283
,,2292,,,,,,,,,,,,,,,,1.4486578947980888e-05,,0.003505706787109375,,0.004684050567448139,,0.018319563940167427,,0.01191231794655323,,0.016657007858157158,,0.018334049731492996
,,2293,,,,,,,,,,,,,,,,1.5793229977134615e-05,,0.0042266845703125,,0.004890745505690575,,0.023351889103651047,,0.012594600208103657,,0.01880616694688797,,0.023367682471871376
,,2294,,,,,,,,,,,,,,,,1.9952738512074575e-05,,0.004718780517578125,,0.0054972050711512566,,0.018917417153716087,,0.012624767608940601,,0.01692662201821804,,0.01893736980855465
,,2295,,,,,,,,,,,,,,,,1.5570823961752467e-05,,0.00424957275390625,,0.0048561920411884785,,0.014929747208952904,,0.01049745548516512,,0.01503714919090271,,0.0149453179910779
,,2296,,,,,,,,,,,,,,,,1.6420079191448167e-05,,0.004177093505859375,,0.004986858461052179,,0.0139978788793087,,0.011032424867153168,,0.014560304582118988,,0.014014299027621746
,,2297,,,,,,,,,,,,,,,,2.8543428925331682e-05,,0.005802154541015625,,0.006574935745447874,,0.014532267116010189,,0.01084852684289217,,0.014835632406175137,,0.014560810290277004
,,2298,,,,,,,,,,,,,,,,1.5337736840592697e-05,,0.0041294097900390625,,0.004819709807634354,,0.008361602202057838,,0.008342906832695007,,0.011253409087657928,,0.00837694015353918
,,2299,,,,,,,,,,,,,,,,4.8782152589410543e-05,,0.0071506500244140625,,0.0085954824462533,,0.01597025617957115,,0.011408407241106033,,0.015552322380244732,,0.01601903885602951
,,2300,,,,,,,,,,,,,,,,4.0348750189878047e-05,,0.0059661865234375,,0.007817240431904793,,0.014974422752857208,,0.011344893835484982,,0.015059629455208778,,0.01501477137207985
,,2301,,,,,,,,,,,,,,,,2.871421747840941e-05,,0.005313873291015625,,0.006594604346901178,,0.012935037724673748,,0.009788474068045616,,0.013996618799865246,,0.012963752262294292
,,2302,,,,,,,,,,,,,,,,4.437549796421081e-05,,0.007999420166015625,,0.008198046125471592,,0.02126317285001278,,0.012709779664874077,,0.017945408821105957,,0.021307548508048058
,,2303,,,,,,,,,,,,,,,,0.0003040354931727052,,0.012699127197265625,,0.021458620205521584,,0.01875538006424904,,0.01247621700167656,,0.016853969544172287,,0.01905941590666771
,,2304,,,,,,,,,,,,,,,,1.5893498130026273e-05,,0.0035419464111328125,,0.004906237591058016,,0.02069530449807644,,0.012678127735853195,,0.017704155296087265,,0.020711198449134827
,,2305,,,,,,,,,,,,,,,,4.728618296212517e-05,,0.00698089599609375,,0.008462642319500446,,0.02431456744670868,,0.013230610638856888,,0.01918989233672619,,0.024361854419112206
,,2306,,,,,,,,,,,,,,,,1.3402136573859025e-05,,0.004039764404296875,,0.0045053367502987385,,0.00938557181507349,,0.008918180130422115,,0.01192256435751915,,0.009398973546922207
,,2307,,,,,,,,,,,,,,,,5.7220564485760406e-05,,0.007648468017578125,,0.009309259243309498,,0.014629670418798923,,0.010965696536004543,,0.014885267242789268,,0.014686890877783298
,,2308,,,,,,,,,,,,,,,,2.6415033062221482e-05,,0.005828857421875,,0.006325067020952702,,0.009117783047258854,,0.008880848996341228,,0.011751245707273483,,0.009144198149442673
,,2309,,,,,,,,,,,,,,,,1.2047177733620629e-05,,0.00400543212890625,,0.004271513782441616,,0.010446619242429733,,0.009349408559501171,,0.012578451074659824,,0.010458666831254959
,,2310,,,,,,,,,,,,,,,,1.611704283277504e-05,,0.0046539306640625,,0.004940614569932222,,0.015861036255955696,,0.011278637684881687,,0.015499048866331577,,0.01587715372443199
,,2311,,,,,,,,,,,,,,,,4.751045344164595e-05,,0.00719451904296875,,0.008482713252305984,,0.019345613196492195,,0.012758935801684856,,0.01711711660027504,,0.01939312368631363
,,2312,,,,,,,,,,,,,,,,2.991892870340962e-05,,0.0060272216796875,,0.006731517147272825,,0.01892833784222603,,0.012565480545163155,,0.016931505873799324,,0.018958257511258125
,,2313,,,,,,,,,,,,,,,,2.4721737645450048e-05,,0.0044574737548828125,,0.0061189765110611916,,0.011786933988332748,,0.00982326827943325,,0.013361027464270592,,0.011811655946075916
,,2314,,,,,,,,,,,,,,,,3.330648542032577e-05,,0.00638580322265625,,0.007102376315742731,,0.015531870536506176,,0.011450571939349174,,0.015337380580604076,,0.01556517742574215
,,2315,,,,,,,,,,,,,,,,1.5172619896475226e-05,,0.0042896270751953125,,0.004793679807335138,,0.015505069866776466,,0.010809657163918018,,0.015324139036238194,,0.015520242042839527
,,2316,,,,,,,,,,,,,,,,2.7975413104286417e-05,,0.0054607391357421875,,0.006509190425276756,,0.012311174534261227,,0.009971646592020988,,0.01365491934120655,,0.012339149601757526
,,2317,,,,,,,,,,,,,,,,1.9081213395111263e-05,,0.00426483154296875,,0.005375816486775875,,0.012784087099134922,,0.010221106931567192,,0.013914711773395538,,0.012803168036043644
,,2318,,,,,,,,,,,,,,,,1.3140358532837126e-05,,0.0035305023193359375,,0.0044611250050365925,,0.015224410220980644,,0.011071646586060524,,0.015184814110398293,,0.015237550251185894
,,2319,,,,,,,,,,,,,,,,1.5060599253047258e-05,,0.0047760009765625,,0.0047760009765625,,0.007276651915162802,,0.008131362497806549,,0.01049796398729086,,0.007291712332516909
79,,10159,,,,,,,,,,,,,,,3.690205994644202e-05,,0.005498114507645369,,0.006758000701665878,,0.015529574826359749,,0.011069118045270443,,0.015201720409095287,,0.015316806733608246,
79,,10159,0.004470996558666229,,0.06215982884168625,,0.06470312923192978,,0.06220152974128723,,0.021330058574676514,,0.029617059975862503,,0.06667108833789825,,,,,,,,,,,,,,,
,0.0005,10160,,,,,,,,,,,,,,,,,,,,,,,,,,,,
80,,10169,,0.005464124493300915,,0.08953857421875,,0.09097111225128174,,0.03502398729324341,,0.01624646596610546,,0.023031501099467278,,0.0404881127178669,,,,,,,,,,,,,,
80,,10179,,0.022350074723362923,,0.18323898315429688,,0.183982253074646,,0.03132177144289017,,0.016527265310287476,,0.02178022637963295,,0.05367184430360794,,,,,,,,,,,,,,
80,,10189,,0.008154526352882385,,0.11075115203857422,,0.11113255470991135,,0.024905433878302574,,0.014517659321427345,,0.019421664997935295,,0.03305996209383011,,,,,,,,,,,,,,
80,,10199,,0.008978174068033695,,0.11298751831054688,,0.11660746484994888,,0.035929352045059204,,0.01648271083831787,,0.023327279835939407,,0.044907525181770325,,,,,,,,,,,,,,
80,,10209,,0.011272206902503967,,0.1303234100341797,,0.1306591033935547,,0.020679235458374023,,0.01331018004566431,,0.017697282135486603,,0.03195144236087799,,,,,,,,,,,,,,
80,,10219,,0.02074543945491314,,0.17673015594482422,,0.17725545167922974,,0.02191578969359398,,0.013851369731128216,,0.018218722194433212,,0.04266122728586197,,,,,,,,,,,,,,
80,,10229,,0.012164239771664143,,0.13558483123779297,,0.13573148846626282,,0.017719905823469162,,0.012242812663316727,,0.016382118687033653,,0.02988414466381073,,,,,,,,,,,,,,
80,,10239,,0.009397923946380615,,0.11867141723632812,,0.11930209398269653,,0.01925593614578247,,0.012778639793395996,,0.01707739755511284,,0.028653860092163086,,,,,,,,,,,,,,
80,,10249,,0.009985173121094704,,0.12204360961914062,,0.12297568470239639,,0.04155253618955612,,0.01732509583234787,,0.02508639544248581,,0.051537707448005676,,,,,,,,,,,,,,
80,,10259,,0.004439506679773331,,0.08178043365478516,,0.08199866861104965,,0.02054165117442608,,0.013467208482325077,,0.01763831079006195,,0.02498115785419941,,,,,,,,,,,,,,
80,,10269,,0.001779168494977057,,0.05088329315185547,,0.05190853402018547,,0.022691408172249794,,0.013681408949196339,,0.018538301810622215,,0.024470577016472816,,,,,,,,,,,,,,
80,,10279,,0.00018532041576690972,,0.011648178100585938,,0.016752438619732857,,0.02069701813161373,,0.013526485301554203,,0.017704889178276062,,0.020882338285446167,,,,,,,,,,,,,,
,,2320,,,,,,,,,,,,,,,,5.871402390766889e-05,,0.0066928863525390625,,0.009430007077753544,,0.01356582809239626,,0.010697871446609497,,0.01433383859694004,,0.013624542392790318
,,2321,,,,,,,,,,,,,,,,1.9849638192681596e-05,,0.00453948974609375,,0.005482976790517569,,0.018808500841259956,,0.012058756314218044,,0.016877824440598488,,0.01882835105061531
,,2322,,,,,,,,,,,,,,,,2.4080600269371644e-05,,0.0052700042724609375,,0.00603910069912672,,0.02386612258851528,,0.01266583614051342,,0.019012102857232094,,0.02389020286500454
,,2323,,,,,,,,,,,,,,,,2.370313450228423e-05,,0.00551605224609375,,0.005991591606289148,,0.019215814769268036,,0.012709478847682476,,0.01705959439277649,,0.01923951879143715
,,2324,,,,,,,,,,,,,,,,1.9967508706031367e-05,,0.0047702789306640625,,0.005499229766428471,,0.014972657896578312,,0.010506109334528446,,0.015058745630085468,,0.014992625452578068
,,2325,,,,,,,,,,,,,,,,1.5747276847832836e-05,,0.0040149688720703125,,0.004883626010268927,,0.01402160245925188,,0.011006727814674377,,0.014572637155652046,,0.014037350192666054
,,2326,,,,,,,,,,,,,,,,3.8877653423696756e-05,,0.0067882537841796875,,0.007673413027077913,,0.014940783381462097,,0.010931670665740967,,0.015042709186673164,,0.01497966144233942
,,2327,,,,,,,,,,,,,,,,2.4124647097778507e-05,,0.005504608154296875,,0.006044633220881224,,0.008313470520079136,,0.008411346934735775,,0.01122097484767437,,0.008337595500051975
,,2328,,,,,,,,,,,,,,,,6.049516741768457e-05,,0.00788116455078125,,0.009571935050189495,,0.015952568501234055,,0.01142452284693718,,0.015543708577752113,,0.016013063490390778
,,2329,,,,,,,,,,,,,,,,5.33985294168815e-05,,0.0067501068115234375,,0.0089929960668087,,0.01452977117151022,,0.011126874014735222,,0.014834356494247913,,0.014583169482648373
,,2330,,,,,,,,,,,,,,,,3.594595909817144e-05,,0.0062503814697265625,,0.0073784273117780685,,0.012705866247415543,,0.009700671769678593,,0.013872075825929642,,0.012741812504827976
,,2331,,,,,,,,,,,,,,,,6.10552669968456e-05,,0.009363174438476562,,0.009616119787096977,,0.02168338932096958,,0.0128360316157341,,0.0181218683719635,,0.021744444966316223
,,2332,,,,,,,,,,,,,,,,0.00034195755142718554,,0.013462066650390625,,0.022757569327950478,,0.019402818754315376,,0.012732562609016895,,0.017142403870821,,0.01974477618932724
,,2333,,,,,,,,,,,,,,,,1.8009952327702194e-05,,0.0037746429443359375,,0.005222684238106012,,0.020645922049880028,,0.012577834539115429,,0.017683016136288643,,0.020663931965827942
,,2334,,,,,,,,,,,,,,,,6.596055027330294e-05,,0.00864410400390625,,0.009994975291192532,,0.024351248517632484,,0.013284645974636078,,0.019204365089535713,,0.02441720850765705
,,2335,,,,,,,,,,,,,,,,2.0387476979522035e-05,,0.0051975250244140625,,0.005556763615459204,,0.009303177706897259,,0.008864647708833218,,0.011870117858052254,,0.009323565289378166
,,2336,,,,,,,,,,,,,,,,7.81741036917083e-05,,0.009237289428710938,,0.010881037451326847,,0.015113594010472298,,0.011091640219092369,,0.0151294507086277,,0.015191768296062946
,,2337,,,,,,,,,,,,,,,,3.5002514778170735e-05,,0.00691986083984375,,0.007280964870005846,,0.008965426124632359,,0.00884750671684742,,0.01165265217423439,,0.009000428952276707
,,2338,,,,,,,,,,,,,,,,1.727583003230393e-05,,0.004852294921875,,0.005115149077028036,,0.010373838245868683,,0.009292179718613625,,0.012534557841718197,,0.0103911142796278
,,2339,,,,,,,,,,,,,,,,3.0341871024575084e-05,,0.0056743621826171875,,0.006778902839869261,,0.015036217868328094,,0.011112157255411148,,0.015090673230588436,,0.015066559426486492
,,2340,,,,,,,,,,,,,,,,5.9054211305920035e-05,,0.007923126220703125,,0.009457270614802837,,0.018725518137216568,,0.012569092214107513,,0.01684054732322693,,0.018784571439027786
,,2341,,,,,,,,,,,,,,,,4.1475250327493995e-05,,0.007175445556640625,,0.007925648242235184,,0.01864960603415966,,0.012400420382618904,,0.016806380823254585,,0.018691081553697586
,,2342,,,,,,,,,,,,,,,,3.217979974579066e-05,,0.0055694580078125,,0.006981212645769119,,0.01196570135653019,,0.009875557385385036,,0.013461963273584843,,0.011997881345450878
,,2343,,,,,,,,,,,,,,,,4.642667045118287e-05,,0.0078582763671875,,0.00838538445532322,,0.015287435613572598,,0.011407827027142048,,0.015216213651001453,,0.015333862043917179
,,2344,,,,,,,,,,,,,,,,2.7775649868999608e-05,,0.005939483642578125,,0.006485909689217806,,0.015020973980426788,,0.010654725134372711,,0.015083018690347672,,0.01504874974489212
,,2345,,,,,,,,,,,,,,,,3.4711254556896165e-05,,0.006198883056640625,,0.007250594440847635,,0.012113998644053936,,0.009962807409465313,,0.013545126654207706,,0.01214870996773243
,,2346,,,,,,,,,,,,,,,,2.8742677386617288e-05,,0.004810333251953125,,0.006597877945750952,,0.012289085425436497,,0.010143830440938473,,0.013642662204802036,,0.01231782790273428
,,2347,,,,,,,,,,,,,,,,2.112876063620206e-05,,0.0046596527099609375,,0.005656888708472252,,0.015370289795100689,,0.011112977750599384,,0.015257393941283226,,0.01539141871035099
,,2348,,,,,,,,,,,,,,,,1.9592664102674462e-05,,0.0054473876953125,,0.0054473876953125,,0.007289201486855745,,0.007989230565726757,,0.010507014580070972,,0.0073087941855192184
80,,10286,,,,,,,,,,,,,,,4.753822577185929e-05,,0.006468234583735466,,0.00780849065631628,,0.015505863353610039,,0.011057953350245953,,0.01518308836966753,,0.015304640866816044,
80,,10286,0.012523227371275425,,0.1222466379404068,,0.12310612946748734,,0.026914427056908607,,0.01462223008275032,,0.019948765635490417,,0.0394289530813694,,,,,,,,,,,,,,,
,0.0005,10287,,,,,,,,,,,,,,,,,,,,,,,,,,,,
81,,10289,,0.0008381474181078374,,0.03501605987548828,,0.035629961639642715,,0.01620890200138092,,0.011859996244311333,,0.015668094158172607,,0.01704704947769642,,,,,,,,,,,,,,
81,,10299,,0.0008021238609217107,,0.03379058837890625,,0.03485339507460594,,0.01738639734685421,,0.012066394090652466,,0.01622721739113331,,0.01818852126598358,,,,,,,,,,,,,,
81,,10309,,0.00019003087072633207,,0.015569686889648438,,0.016964640468358994,,0.0190629530698061,,0.01290811225771904,,0.01699160784482956,,0.01925298385322094,,,,,,,,,,,,,,
81,,10319,,0.00029232987435534596,,0.019186973571777344,,0.0210432056337595,,0.022269250825047493,,0.013077156618237495,,0.018365051597356796,,0.022561579942703247,,,,,,,,,,,,,,
81,,10329,,5.81895983486902e-05,,0.006360054016113281,,0.00938743818551302,,0.02425573393702507,,0.014056194573640823,,0.01916666328907013,,0.024313922971487045,,,,,,,,,,,,,,
81,,10339,,0.0017892037285491824,,0.05060577392578125,,0.05205678939819336,,0.026899859309196472,,0.014048865996301174,,0.02018432877957821,,0.028689062222838402,,,,,,,,,,,,,,
81,,10349,,0.0029380405321717262,,0.06632614135742188,,0.06670762598514557,,0.02745950222015381,,0.015186689794063568,,0.020393211394548416,,0.03039754182100296,,,,,,,,,,,,,,
81,,10359,,5.3421168558998033e-05,,0.0076007843017578125,,0.008995069190859795,,0.018724855035543442,,0.012974180281162262,,0.016840249300003052,,0.018778275698423386,,,,,,,,,,,,,,
81,,10369,,0.0026289557572454214,,0.05672740936279297,,0.06310026347637177,,0.03261904790997505,,0.016050264239311218,,0.022226698696613312,,0.03524800390005112,,,,,,,,,,,,,,
81,,10379,,0.0008077853708527982,,0.03418445587158203,,0.034979306161403656,,0.018264932557940483,,0.012471006251871586,,0.01663214899599552,,0.019072717055678368,,,,,,,,,,,,,,
81,,10389,,0.00033801764948293567,,0.021636962890625,,0.02262665331363678,,0.021032381802797318,,0.013654659502208233,,0.017847754061222076,,0.021370399743318558,,,,,,,,,,,,,,
81,,10399,,8.049894677242264e-05,,0.0091094970703125,,0.011040073819458485,,0.02437817119061947,,0.01466223131865263,,0.01921497844159603,,0.024458670988678932,,,,,,,,,,,,,,
81,,10409,,5.198864528210834e-05,,0.007533073425292969,,0.008873657323420048,,0.019861215725541115,,0.013396005146205425,,0.01734371855854988,,0.0199132040143013,,,,,,,,,,,,,,
,,2349,,,,,,,,,,,,,,,,5.4345418902812526e-05,,0.006244659423828125,,0.009072395972907543,,0.013444396667182446,,0.010685909539461136,,0.014269540086388588,,0.013498742133378983
,,2350,,,,,,,,,,,,,,,,1.506518128735479e-05,,0.00392913818359375,,0.004776701796799898,,0.018542636185884476,,0.01193533930927515,,0.016758112236857414,,0.018557701259851456
,,2351,,,,,,,,,,,,,,,,2.0030804080306552e-05,,0.0048370361328125,,0.005507936701178551,,0.024000665172934532,,0.012669606134295464,,0.019065620377659798,,0.024020696058869362
,,2352,,,,,,,,,,,,,,,,1.9490595150273293e-05,,0.0048828125,,0.005433136131614447,,0.018932553008198738,,0.012637714855372906,,0.016933392733335495,,0.01895204372704029
,,2353,,,,,,,,,,,,,,,,1.5110325875866693e-05,,0.0042724609375,,0.00478384317830205,,0.015002730302512646,,0.010468068532645702,,0.015073860995471478,,0.015017841011285782
,,2354,,,,,,,,,,,,,,,,1.2664763744396623e-05,,0.00365447998046875,,0.004379631485790014,,0.013775032013654709,,0.010910876095294952,,0.014443940483033657,,0.013787697069346905
,,2355,,,,,,,,,,,,,,,,3.037004717043601e-05,,0.006076812744140625,,0.006782064214348793,,0.01515527255833149,,0.010876093059778214,,0.015150303021073341,,0.0151856429874897
,,2356,,,,,,,,,,,,,,,,1.905976932903286e-05,,0.00482177734375,,0.005372757092118263,,0.008026694878935814,,0.008272182196378708,,0.011025740765035152,,0.00804575439542532
,,2357,,,,,,,,,,,,,,,,4.999744487577118e-05,,0.0071773529052734375,,0.008701884187757969,,0.016002140939235687,,0.011407772079110146,,0.015567840076982975,,0.016052138060331345
,,2358,,,,,,,,,,,,,,,,5.17454682267271e-05,,0.0065288543701171875,,0.008852677419781685,,0.014696896076202393,,0.011198905296623707,,0.014919426292181015,,0.014748641289770603
,,2359,,,,,,,,,,,,,,,,3.02651351375971e-05,,0.0054721832275390625,,0.006770332343876362,,0.012428794987499714,,0.009608100168406963,,0.013719991780817509,,0.012459060177206993
,,2360,,,,,,,,,,,,,,,,5.25112591276411e-05,,0.00860595703125,,0.008917933329939842,,0.021391065791249275,,0.012627576477825642,,0.017999298870563507,,0.021443577483296394
,,2361,,,,,,,,,,,,,,,,0.00031564425444230437,,0.012525558471679688,,0.02186446450650692,,0.019043458625674248,,0.012653671205043793,,0.01698291301727295,,0.019359102472662926
,,2362,,,,,,,,,,,,,,,,2.7048721676692367e-05,,0.00449371337890625,,0.00640046177431941,,0.01993468403816223,,0.012430968694388866,,0.01737576723098755,,0.019961733371019363
,,2363,,,,,,,,,,,,,,,,5.086907185614109e-05,,0.0071163177490234375,,0.008777417242527008,,0.023663323372602463,,0.013131930492818356,,0.018931159749627113,,0.02371419221162796
,,2364,,,,,,,,,,,,,,,,1.4030693819222506e-05,,0.004207611083984375,,0.004609770607203245,,0.009244211949408054,,0.008843819610774517,,0.01183243840932846,,0.009258242323994637
,,2365,,,,,,,,,,,,,,,,6.894360558362678e-05,,0.008398056030273438,,0.010218469426035881,,0.014927376061677933,,0.011053204536437988,,0.015035954304039478,,0.014996320009231567
,,2366,,,,,,,,,,,,,,,,2.551080433477182e-05,,0.00567626953125,,0.006215859204530716,,0.008776835165917873,,0.008732535876333714,,0.011529440991580486,,0.00880234595388174
,,2367,,,,,,,,,,,,,,,,1.2345539289526641e-05,,0.0041027069091796875,,0.004324066452682018,,0.010018739849328995,,0.009141182526946068,,0.012318158522248268,,0.010031085461378098
,,2368,,,,,,,,,,,,,,,,2.561656219768338e-05,,0.005168914794921875,,0.0062287128530442715,,0.015071709640324116,,0.011045493185520172,,0.015108473598957062,,0.015097326599061489
,,2369,,,,,,,,,,,,,,,,5.587549458141439e-05,,0.0074367523193359375,,0.009199206717312336,,0.01865946315228939,,0.012554913759231567,,0.0168108232319355,,0.01871533878147602
,,2370,,,,,,,,,,,,,,,,3.490492235869169e-05,,0.00665283203125,,0.007270808797329664,,0.018343886360526085,,0.01231448259204626,,0.016668058931827545,,0.018378790467977524
,,2371,,,,,,,,,,,,,,,,2.1412226487882435e-05,,0.0041904449462890625,,0.005694679915904999,,0.011691302992403507,,0.009766476228833199,,0.013306712731719017,,0.011712715029716492
,,2372,,,,,,,,,,,,,,,,3.874590765917674e-05,,0.006969451904296875,,0.007660421077162027,,0.015259343199431896,,0.011370532214641571,,0.015202227979898453,,0.015298089012503624
,,2373,,,,,,,,,,,,,,,,2.232923543488141e-05,,0.00525665283203125,,0.005815345328301191,,0.01452510803937912,,0.010498751886188984,,0.014831973239779472,,0.0145474374294281
,,2374,,,,,,,,,,,,,,,,3.157832543365657e-05,,0.0059299468994140625,,0.006915643345564604,,0.012305345386266708,,0.010053949430584908,,0.013651685789227486,,0.012336923740804195
,,2375,,,,,,,,,,,,,,,,2.767831028904766e-05,,0.005035400390625,,0.006474533583968878,,0.012065057642757893,,0.010109406895935535,,0.013517740182578564,,0.01209273561835289
,,2376,,,,,,,,,,,,,,,,1.77918318513548e-05,,0.0044269561767578125,,0.005191002506762743,,0.015446579083800316,,0.01110240537673235,,0.015295205637812614,,0.01546437107026577
,,2377,,,,,,,,,,,,,,,,1.766689274518285e-05,,0.0051727294921875,,0.0051727294921875,,0.0070083411410450935,,0.007870812900364399,,0.010302606038749218,,0.007026007864624262
81,,10413,,,,,,,,,,,,,,,4.135787457926199e-05,,0.0058573405258357525,,0.007212754804641008,,0.015333381481468678,,0.010989715345203876,,0.01509737316519022,,0.015122838318347931,
81,,10413,0.0011642430908977985,,0.034561458975076675,,0.0364108569920063,,0.02429959736764431,,0.0140151372179389,,0.01898464933037758,,0.02547222562134266,,,,,,,,,,,,,,,
,0.0005,10414,,,,,,,,,,,,,,,,,,,,,,,,,,,,
82,,10419,,0.0069617172703146935,,0.0949258804321289,,0.10268169641494751,,0.05102614685893059,,0.019244490191340446,,0.027799414470791817,,0.057987865060567856,,,,,,,,,,,,,,
82,,10429,,0.0003061388269998133,,0.02010631561279297,,0.021535132080316544,,0.022409923374652863,,0.014131846837699413,,0.018422963097691536,,0.022716062143445015,,,,,,,,,,,,,,
82,,10439,,0.00040467962389811873,,0.020035743713378906,,0.024756237864494324,,0.024549366906285286,,0.014079684391617775,,0.019282324239611626,,0.024954047054052353,,,,,,,,,,,,,,
82,,10449,,0.001337626250460744,,0.04428672790527344,,0.045009464025497437,,0.02180856466293335,,0.013696827925741673,,0.018174096941947937,,0.023146191611886024,,,,,,,,,,,,,,
82,,10459,,0.00016821996541693807,,0.01468658447265625,,0.01596156507730484,,0.015471581369638443,,0.011439962312579155,,0.015307588502764702,,0.01563980057835579,,,,,,,,,,,,,,
82,,10469,,0.0014062619302421808,,0.04599285125732422,,0.04614926874637604,,0.018684472888708115,,0.012611516751348972,,0.01682208478450775,,0.020090734586119652,,,,,,,,,,,,,,
82,,10479,,0.0006145493825897574,,0.029226303100585938,,0.030507614836096764,,0.022200798615813255,,0.013591105118393898,,0.01833680272102356,,0.022815348580479622,,,,,,,,,,,,,,
82,,10489,,0.0008715663570910692,,0.03536701202392578,,0.03633173555135727,,0.0227662306278944,,0.013957316055893898,,0.018568847328424454,,0.0236377976834774,,,,,,,,,,,,,,
82,,10499,,0.0009167426032945514,,0.03554725646972656,,0.037262212485075,,0.029777253046631813,,0.016048142686486244,,0.021236436441540718,,0.03069399483501911,,,,,,,,,,,,,,
82,,10509,,0.0026448294520378113,,0.062338829040527344,,0.06329098343849182,,0.034378837794065475,,0.0158624779433012,,0.02281838469207287,,0.03702366724610329,,,,,,,,,,,,,,
82,,10519,,0.0005269545363262296,,0.02270221710205078,,0.028249777853488922,,0.02199867181479931,,0.013439706526696682,,0.018253138288855553,,0.02252562716603279,,,,,,,,,,,,,,
82,,10529,,0.0006616819882765412,,0.030347824096679688,,0.03165633603930473,,0.02337300032377243,,0.013578314334154129,,0.01881466805934906,,0.024034682661294937,,,,,,,,,,,,,,
82,,10539,,0.00208390224725008,,0.05572032928466797,,0.056180063635110855,,0.019662877544760704,,0.012855274602770805,,0.017256906256079674,,0.02174678072333336,,,,,,,,,,,,,,
,,2378,,,,,,,,,,,,,,,,3.220700455131009e-05,,0.005245208740234375,,0.006984176114201546,,0.013623888604342937,,0.010725715197622776,,0.014364478178322315,,0.01365609560161829
,,2379,,,,,,,,,,,,,,,,1.3226408555055968e-05,,0.0036296844482421875,,0.004475708119571209,,0.017780495807528496,,0.01167909987270832,,0.0164101030677557,,0.017793722450733185
,,2380,,,,,,,,,,,,,,,,1.677864565863274e-05,,0.0045490264892578125,,0.00504100089892745,,0.024187002331018448,,0.012608157470822334,,0.019139479845762253,,0.02420378103852272
,,2381,,,,,,,,,,,,,,,,1.3804352420265786e-05,,0.0041217803955078125,,0.0045724427327513695,,0.01820950396358967,,0.012385237962007523,,0.0166068933904171,,0.01822330802679062
,,2382,,,,,,,,,,,,,,,,1.3163617950340267e-05,,0.0040111541748046875,,0.004465057048946619,,0.01523550134152174,,0.010436522774398327,,0.015190346166491508,,0.015248664654791355
,,2383,,,,,,,,,,,,,,,,1.1456746506155469e-05,,0.00323486328125,,0.0041655306704342365,,0.013474817387759686,,0.010806146077811718,,0.014285678043961525,,0.013486274518072605
,,2384,,,,,,,,,,,,,,,,2.5312669095001183e-05,,0.0054225921630859375,,0.006191668566316366,,0.014288695529103279,,0.01067980658262968,,0.01471078023314476,,0.014314007945358753
,,2385,,,,,,,,,,,,,,,,1.4052578080736566e-05,,0.00395965576171875,,0.0046133557334542274,,0.008014852181077003,,0.008218441158533096,,0.011017603799700737,,0.008028904907405376
,,2386,,,,,,,,,,,,,,,,4.020471533294767e-05,,0.0063724517822265625,,0.007803294807672501,,0.01574561558663845,,0.0113445483148098,,0.015442556701600552,,0.0157858207821846
,,2387,,,,,,,,,,,,,,,,4.0079208702081814e-05,,0.0062351226806640625,,0.007791085634380579,,0.014748869463801384,,0.01118427887558937,,0.014945783652365208,,0.014788948930799961
,,2388,,,,,,,,,,,,,,,,2.7631671400740743e-05,,0.0053348541259765625,,0.006469076499342918,,0.012335811741650105,,0.009562460705637932,,0.013668571598827839,,0.012363443151116371
,,2389,,,,,,,,,,,,,,,,3.368937177583575e-05,,0.00701141357421875,,0.007143073249608278,,0.02123398520052433,,0.012595216743648052,,0.017933089286088943,,0.02126767486333847
,,2390,,,,,,,,,,,,,,,,0.0003265725972596556,,0.013118743896484375,,0.022239722311496735,,0.018601741641759872,,0.012495395727455616,,0.016784794628620148,,0.01892831362783909
,,2391,,,,,,,,,,,,,,,,1.7507740267319605e-05,,0.0038471221923828125,,0.005149380769580603,,0.020411666482686996,,0.012539451010525227,,0.01758241467177868,,0.020429173484444618
,,2392,,,,,,,,,,,,,,,,3.54329968104139e-05,,0.005767822265625,,0.007325629238039255,,0.023560376837849617,,0.013072192668914795,,0.018889935687184334,,0.023595809936523438
,,2393,,,,,,,,,,,,,,,,9.554011739965063e-06,,0.003292083740234375,,0.0038039323408156633,,0.009319786913692951,,0.008833901956677437,,0.01188071072101593,,0.009329341351985931
,,2394,,,,,,,,,,,,,,,,5.25867217220366e-05,,0.0069751739501953125,,0.008924335241317749,,0.014822467230260372,,0.011043940670788288,,0.01498302724212408,,0.014875054359436035
,,2395,,,,,,,,,,,,,,,,2.230311292805709e-05,,0.0052890777587890625,,0.005811953917145729,,0.008628013543784618,,0.00863723922520876,,0.011431277729570866,,0.00865031685680151
,,2396,,,,,,,,,,,,,,,,9.5600844360888e-06,,0.003520965576171875,,0.003805117914453149,,0.010245335288345814,,0.009221797809004784,,0.012456679716706276,,0.010254895314574242
,,2397,,,,,,,,,,,,,,,,1.851022898335941e-05,,0.004535675048828125,,0.005294750444591045,,0.014746580272912979,,0.010966390371322632,,0.014944625087082386,,0.014765090309083462
,,2398,,,,,,,,,,,,,,,,4.692543006967753e-05,,0.0070705413818359375,,0.008430317044258118,,0.01871316134929657,,0.012584781274199486,,0.016834989190101624,,0.018760086968541145
,,2399,,,,,,,,,,,,,,,,3.3502219594083726e-05,,0.0065288543701171875,,0.007123217452317476,,0.01807529851794243,,0.012220661155879498,,0.016545584425330162,,0.018108800053596497
,,2400,,,,,,,,,,,,,,,,1.7099868273362517e-05,,0.00373077392578125,,0.00508902920410037,,0.01154827605932951,,0.009672550484538078,,0.013225071132183075,,0.011565376073122025
,,2401,,,,,,,,,,,,,,,,2.835694613168016e-05,,0.0058746337890625,,0.006553432438522577,,0.015090116299688816,,0.011334056966006756,,0.01511769462376833,,0.015118473209440708
,,2402,,,,,,,,,,,,,,,,1.8522721802582964e-05,,0.00455474853515625,,0.0052965255454182625,,0.01477936189621687,,0.010517350398004055,,0.014961224049329758,,0.014797884970903397
,,2403,,,,,,,,,,,,,,,,2.9092992917867377e-05,,0.005611419677734375,,0.006637928541749716,,0.01228741742670536,,0.010022076778113842,,0.013641737401485443,,0.012316510081291199
,,2404,,,,,,,,,,,,,,,,2.798721834551543e-05,,0.005046844482421875,,0.006510600913316011,,0.01183677650988102,,0.009989301674067974,,0.013389243744313717,,0.01186476368457079
,,2405,,,,,,,,,,,,,,,,1.3951241271570325e-05,,0.0040874481201171875,,0.00459669902920723,,0.014666559174656868,,0.010880048386752605,,0.014904019422829151,,0.014680510386824608
,,2406,,,,,,,,,,,,,,,,1.3018009667575825e-05,,0.0044403076171875,,0.0044403076171875,,0.006789360661059618,,0.007739465683698654,,0.010140370577573776,,0.006802378688007593
82,,10540,,,,,,,,,,,,,,,3.522490442264825e-05,,0.0052812364883720875,,0.006501798052340746,,0.015184379182755947,,0.010923526249825954,,0.015024210326373577,,0.014965633861720562,
82,,10540,0.0011078149545937777,,0.03405534103512764,,0.036057937890291214,,0.025813547894358635,,0.014296181499958038,,0.019487181678414345,,0.026917017996311188,,,,,,,,,,,,,,,
,0.0005,10541,,,,,,,,,,,,,,,,,,,,,,,,,,,,
83,,10549,,2.2054580767871812e-05,,0.00481414794921875,,0.005779635161161423,,0.017052985727787018,,0.012064343318343163,,0.01607087440788746,,0.017075039446353912,,,,,,,,,,,,,,
83,,10559,,0.000538816093467176,,0.02734661102294922,,0.028566330671310425,,0.01629854366183281,,0.012267614714801311,,0.015711357817053795,,0.016837360337376595,,,,,,,,,,,,,,
83,,10569,,0.0008940503466874361,,0.03583812713623047,,0.036797646433115005,,0.02580256573855877,,0.014654246158897877,,0.0197683684527874,,0.026696616783738136,,,,,,,,,,,,,,
83,,10579,,4.856690065935254e-05,,0.006623268127441406,,0.008577389642596245,,0.023402979597449303,,0.013830715790390968,,0.01882673241198063,,0.02345154620707035,,,,,,,,,,,,,,
83,,10589,,0.0010451973648741841,,0.03946971893310547,,0.03978520631790161,,0.014924081973731518,,0.011335386894643307,,0.015034299343824387,,0.015969280153512955,,,,,,,,,,,,,,
83,,10599,,9.380663686897606e-05,,0.010725975036621094,,0.011921546421945095,,0.01677984744310379,,0.011645328253507614,,0.015941651538014412,,0.01687365397810936,,,,,,,,,,,,,,
83,,10609,,0.000518966990057379,,0.02696990966796875,,0.0280354842543602,,0.015226396732032299,,0.01154340524226427,,0.015185807831585407,,0.015745364129543304,,,,,,,,,,,,,,
83,,10619,,0.00019570451695472002,,0.016475677490234375,,0.017217496410012245,,0.017895419150590897,,0.012505076825618744,,0.01646304875612259,,0.018091123551130295,,,,,,,,,,,,,,
83,,10629,,0.0002508227189537138,,0.018810272216796875,,0.019491516053676605,,0.015392052941024303,,0.011698340997099876,,0.015268192626535892,,0.01564287580549717,,,,,,,,,,,,,,
83,,10639,,0.0002108477638103068,,0.01611328125,,0.017871402204036713,,0.01825687289237976,,0.012336010113358498,,0.016628485172986984,,0.018467720597982407,,,,,,,,,,,,,,
83,,10649,,4.413461283547804e-05,,0.0062885284423828125,,0.008174505084753036,,0.013835045509040356,,0.01089098583906889,,0.014475365169346333,,0.013879179954528809,,,,,,,,,,,,,,
83,,10659,,0.0005561223370023072,,0.028627395629882812,,0.029021648690104485,,0.014568699523806572,,0.011220308020710945,,0.014854216948151588,,0.015124822035431862,,,,,,,,,,,,,,
,,2407,,,,,,,,,,,,,,,,2.2804100808571093e-05,,0.0047283172607421875,,0.005876865237951279,,0.013503678143024445,,0.010651685297489166,,0.014300963841378689,,0.01352648250758648
,,2408,,,,,,,,,,,,,,,,8.940884072217159e-06,,0.0031909942626953125,,0.0036798485089093447,,0.01776931621134281,,0.011651926673948765,,0.01640494540333748,,0.01777825690805912
,,2409,,,,,,,,,,,,,,,,9.941551070369314e-06,,0.00347137451171875,,0.0038802954368293285,,0.02358975261449814,,0.012470521032810211,,0.018901707604527473,,0.023599693551659584
,,2410,,,,,,,,,,,,,,,,1.1119234841316938e-05,,0.0033016204833984375,,0.004103709943592548,,0.018271243199706078,,0.01239052414894104,,0.016635023057460785,,0.018282363191246986
,,2411,,,,,,,,,,,,,,,,9.843819498200901e-06,,0.0032558441162109375,,0.0038612009957432747,,0.014788049273192883,,0.010330458171665668,,0.014965619891881943,,0.014797893352806568
,,2412,,,,,,,,,,,,,,,,1.2871751096099615e-05,,0.00360107421875,,0.004415284376591444,,0.013369137421250343,,0.010760681703686714,,0.014229546301066875,,0.013382009230554104
,,2413,,,,,,,,,,,,,,,,1.9171109670423903e-05,,0.004608154296875,,0.005388437770307064,,0.013854137621819973,,0.010526315309107304,,0.014485356397926807,,0.013873308897018433
,,2414,,,,,,,,,,,,,,,,1.047095975081902e-05,,0.00319671630859375,,0.003982280846685171,,0.007775264326483011,,0.00810941495001316,,0.010851678438484669,,0.007785735186189413
,,2415,,,,,,,,,,,,,,,,3.159980769851245e-05,,0.0056476593017578125,,0.006918012164533138,,0.015641000121831894,,0.011268697679042816,,0.015391170047223568,,0.015672599896788597
,,2416,,,,,,,,,,,,,,,,2.826868512784131e-05,,0.00545501708984375,,0.006543223280459642,,0.014284126460552216,,0.011007875204086304,,0.014708426780998707,,0.01431239489465952
,,2417,,,,,,,,,,,,,,,,2.4228989786934108e-05,,0.00499725341796875,,0.006057691294699907,,0.011951225809752941,,0.009448732249438763,,0.01345382072031498,,0.011975455097854137
,,2418,,,,,,,,,,,,,,,,1.7696755094220862e-05,,0.0050411224365234375,,0.0051770685240626335,,0.0213826522231102,,0.012557349167764187,,0.01799575611948967,,0.021400349214673042
,,2419,,,,,,,,,,,,,,,,0.00031592027517035604,,0.012950897216796875,,0.021874016150832176,,0.017841732129454613,,0.012268602848052979,,0.016438331454992294,,0.018157651647925377
,,2420,,,,,,,,,,,,,,,,1.8551254470366985e-05,,0.004398345947265625,,0.00530060101300478,,0.01950984075665474,,0.012279375456273556,,0.017189612612128258,,0.01952839270234108
,,2421,,,,,,,,,,,,,,,,1.9736045942408964e-05,,0.004283905029296875,,0.005467263516038656,,0.02416830323636532,,0.013156779110431671,,0.019132088869810104,,0.02418803982436657
,,2422,,,,,,,,,,,,,,,,4.90930551677593e-06,,0.002445220947265625,,0.0027267802506685257,,0.009567840956151485,,0.008880267851054668,,0.012037775479257107,,0.009572749957442284
,,2423,,,,,,,,,,,,,,,,3.9267484680749476e-05,,0.0055294036865234375,,0.007711772806942463,,0.014494690112769604,,0.010919468477368355,,0.01481643971055746,,0.014533957466483116
,,2424,,,,,,,,,,,,,,,,1.3883600331610069e-05,,0.004199981689453125,,0.004585538990795612,,0.008372711017727852,,0.00847765151411295,,0.011260880157351494,,0.008386594243347645
,,2425,,,,,,,,,,,,,,,,6.454250979004428e-06,,0.00244903564453125,,0.0031265162397176027,,0.009986727498471737,,0.009091133251786232,,0.0122984629124403,,0.009993181563913822
,,2426,,,,,,,,,,,,,,,,1.1025808817066718e-05,,0.0036945343017578125,,0.004086425993591547,,0.014805866405367851,,0.01089474093168974,,0.014974634163081646,,0.014816892333328724
,,2427,,,,,,,,,,,,,,,,4.103740502614528e-05,,0.0069103240966796875,,0.00788368470966816,,0.01834564469754696,,0.012467916123569012,,0.016668854281306267,,0.018386682495474815
,,2428,,,,,,,,,,,,,,,,2.3901047825347632e-05,,0.0054454803466796875,,0.006016567349433899,,0.017958058044314384,,0.01217095647007227,,0.016491834074258804,,0.017981959506869316
,,2429,,,,,,,,,,,,,,,,1.1181311492691748e-05,,0.0031490325927734375,,0.004115147981792688,,0.011591109447181225,,0.009705372154712677,,0.013249572366476059,,0.011602290906012058
,,2430,,,,,,,,,,,,,,,,1.975999475689605e-05,,0.00479888916015625,,0.005470579024404287,,0.014697459526360035,,0.011196439154446125,,0.014919711276888847,,0.014717219397425652
,,2431,,,,,,,,,,,,,,,,1.1769345292123035e-05,,0.003681182861328125,,0.004221965093165636,,0.014354663901031017,,0.01040608435869217,,0.014744695276021957,,0.014366433024406433
,,2432,,,,,,,,,,,,,,,,2.4174056306947023e-05,,0.0049571990966796875,,0.0060508050955832005,,0.012095291167497635,,0.009900345467031002,,0.0135346669703722,,0.012119465507566929
,,2433,,,,,,,,,,,,,,,,1.8092621758114547e-05,,0.0044708251953125,,0.005234698764979839,,0.011562407948076725,,0.009815131314098835,,0.013233155943453312,,0.01158050075173378
,,2434,,,,,,,,,,,,,,,,9.04051739780698e-06,,0.0032062530517578125,,0.003700307570397854,,0.01435166597366333,,0.01084874663501978,,0.014743157662451267,,0.014360706321895123
,,2435,,,,,,,,,,,,,,,,6.334912995953346e-06,,0.0030975341796875,,0.0030975341796875,,0.00667690671980381,,0.007571022491902113,,0.010056042112410069,,0.006683241575956345
83,,10667,,,,,,,,,,,,,,,2.8318354452494532e-05,,0.0045316568575799465,,0.005612223409116268,,0.01495886780321598,,0.010830207727849483,,0.014908973127603531,,0.014736635610461235,
83,,10667,0.0004118870128877461,,0.020289652049541473,,0.021928047761321068,,0.01706475391983986,,0.011978734284639359,,0.01600782573223114,,0.01747523434460163,,,,,,,,,,,,,,,
,0.0005,10668,,,,,,,,,,,,,,,,,,,,,,,,,,,,
84,,10669,,0.00025484091020189226,,0.017981529235839844,,0.019646935164928436,,0.01703944057226181,,0.012173382565379143,,0.016064489260315895,,0.017294282093644142,,,,,,,,,,,,,,
84,,10679,,0.00017813954036682844,,0.014528274536132812,,0.016425346955657005,,0.020442713052034378,,0.013246739283204079,,0.01759578101336956,,0.02062085270881653,,,,,,,,,,,,,,
84,,10689,,0.0001683436130406335,,0.015153884887695312,,0.01596817933022976,,0.014189460314810276,,0.011166025884449482,,0.014659604988992214,,0.01435780432075262,,,,,,,,,,,,,,
84,,10699,,0.00027583108749240637,,0.019484519958496094,,0.02043912000954151,,0.014875644817948341,,0.011439302936196327,,0.015009880065917969,,0.015151475556194782,,,,,,,,,,,,,,
84,,10709,,7.649075996596366e-05,,0.009291648864746094,,0.010762892663478851,,0.016054240986704826,,0.011336110532283783,,0.015593159943819046,,0.016130732372403145,,,,,,,,,,,,,,
84,,10719,,0.001001616707071662,,0.03870964050292969,,0.03894859924912453,,0.01624532975256443,,0.011977479793131351,,0.015685688704252243,,0.017246946692466736,,,,,,,,,,,,,,
84,,10729,,0.0029698212165385485,,0.06646251678466797,,0.06706792116165161,,0.01741132140159607,,0.01213798951357603,,0.016238844022154808,,0.02038114331662655,,,,,,,,,,,,,,
84,,10739,,0.001351374899968505,,0.04344367980957031,,0.04524075239896774,,0.018932821229100227,,0.012588746845722198,,0.016933510079979897,,0.020284196361899376,,,,,,,,,,,,,,
84,,10749,,0.0001540548400953412,,0.014109611511230469,,0.015274143777787685,,0.018851840868592262,,0.01254165731370449,,0.016897253692150116,,0.019005896523594856,,,,,,,,,,,,,,
84,,10759,,0.0004710255889222026,,0.02502918243408203,,0.02670941688120365,,0.024275921285152435,,0.013631122186779976,,0.019174639135599136,,0.02474694699048996,,,,,,,,,,,,,,
84,,10769,,0.0012250272557139397,,0.04217529296875,,0.04307437315583229,,0.016201458871364594,,0.011551527306437492,,0.015664493665099144,,0.017426487058401108,,,,,,,,,,,,,,
84,,10779,,0.000785619078669697,,0.03312397003173828,,0.03449461981654167,,0.01953798718750477,,0.012535052374005318,,0.017202014103531837,,0.020323606207966805,,,,,,,,,,,,,,
84,,10789,,0.0004951962037011981,,0.022994041442871094,,0.02738669142127037,,0.033867403864860535,,0.015463488176465034,,0.022648019716143608,,0.03436259925365448,,,,,,,,,,,,,,
,,2436,,,,,,,,,,,,,,,,1.7964002836379223e-05,,0.004291534423828125,,0.005216056946665049,,0.012999030761420727,,0.010513249784708023,,0.01403119694441557,,0.013016995042562485
,,2437,,,,,,,,,,,,,,,,9.24693449633196e-06,,0.0033588409423828125,,0.0037422822788357735,,0.017077632248401642,,0.011434860527515411,,0.016082488000392914,,0.017086878418922424
,,2438,,,,,,,,,,,,,,,,8.454265298496466e-06,,0.0030975341796875,,0.0035782998893409967,,0.023982305079698563,,0.012452967464923859,,0.01905832625925541,,0.023990759626030922
,,2439,,,,,,,,,,,,,,,,9.291489732277114e-06,,0.002925872802734375,,0.003751280950382352,,0.018158242106437683,,0.012420756742358208,,0.016583498567342758,,0.018167532980442047
,,2440,,,,,,,,,,,,,,,,9.789204341359437e-06,,0.00318145751953125,,0.0038504565600305796,,0.015139088034629822,,0.010379706509411335,,0.015142209827899933,,0.015148877166211605
,,2441,,,,,,,,,,,,,,,,1.1871916285599582e-05,,0.0034618377685546875,,0.0042403340339660645,,0.01325268391519785,,0.010658285580575466,,0.014167435467243195,,0.013264555484056473
,,2442,,,,,,,,,,,,,,,,1.7793849110603333e-05,,0.0044078826904296875,,0.0051912604831159115,,0.013435308821499348,,0.010392220690846443,,0.014264723286032677,,0.013453102670609951
,,2443,,,,,,,,,,,,,,,,9.446804142498877e-06,,0.0031414031982421875,,0.0037825373001396656,,0.007558566052466631,,0.007984064519405365,,0.010699394159018993,,0.007568012923002243
,,2444,,,,,,,,,,,,,,,,2.9878425266360864e-05,,0.0055522918701171875,,0.006726948078721762,,0.015350177884101868,,0.011134155094623566,,0.015247409231960773,,0.015380056574940681
,,2445,,,,,,,,,,,,,,,,2.8597976779565215e-05,,0.0055389404296875,,0.006581227295100689,,0.014405799098312855,,0.011027979664504528,,0.014770934358239174,,0.014434397220611572
,,2446,,,,,,,,,,,,,,,,2.1969324734527618e-05,,0.004791259765625,,0.005768286529928446,,0.011599990539252758,,0.0093233035877347,,0.01325464341789484,,0.011621959507465363
,,2447,,,,,,,,,,,,,,,,2.2305004677036777e-05,,0.0055999755859375,,0.0058121816255152225,,0.021177999675273895,,0.012456877157092094,,0.01790943183004856,,0.021200304850935936
,,2448,,,,,,,,,,,,,,,,0.00030236999737098813,,0.012289047241210938,,0.02139975316822529,,0.01740497164428234,,0.012021617963910103,,0.01623588427901268,,0.0177073422819376
,,2449,,,,,,,,,,,,,,,,1.6752039300627075e-05,,0.004070281982421875,,0.005037001334130764,,0.0198020301759243,,0.012365010567009449,,0.01731785573065281,,0.019818782806396484
,,2450,,,,,,,,,,,,,,,,2.283409958181437e-05,,0.0043811798095703125,,0.005880716722458601,,0.02323278598487377,,0.012836797162890434,,0.018758146092295647,,0.023255620151758194
,,2451,,,,,,,,,,,,,,,,3.844805178232491e-06,,0.0021533966064453125,,0.0024131149984896183,,0.009323651902377605,,0.008776567876338959,,0.011883172206580639,,0.009327496401965618
,,2452,,,,,,,,,,,,,,,,3.931920218747109e-05,,0.0055389404296875,,0.007716882508248091,,0.01411797571927309,,0.010745925828814507,,0.01462263148277998,,0.014157295227050781
,,2453,,,,,,,,,,,,,,,,1.2729031368508004e-05,,0.0040187835693359375,,0.004390731453895569,,0.008110945113003254,,0.008351077325642109,,0.01108345203101635,,0.008123674429953098
,,2454,,,,,,,,,,,,,,,,5.859167686139699e-06,,0.002292633056640625,,0.0029788853134959936,,0.009721179492771626,,0.008968849666416645,,0.012133852578699589,,0.009727038443088531
,,2455,,,,,,,,,,,,,,,,1.0688865586416796e-05,,0.003692626953125,,0.004023498389869928,,0.014981122687458992,,0.010897538624703884,,0.015063002705574036,,0.014991811476647854
,,2456,,,,,,,,,,,,,,,,4.460514901438728e-05,,0.0071392059326171875,,0.008219278417527676,,0.01818094775080681,,0.012435762211680412,,0.01659386418759823,,0.018225552514195442
,,2457,,,,,,,,,,,,,,,,2.2099349735071883e-05,,0.0052280426025390625,,0.005785337649285793,,0.017961518839001656,,0.012155030854046345,,0.016493424773216248,,0.01798361726105213
,,2458,,,,,,,,,,,,,,,,1.1197600542800501e-05,,0.0031032562255859375,,0.004118145443499088,,0.011428838595747948,,0.009620766155421734,,0.013156501576304436,,0.01144003588706255
,,2459,,,,,,,,,,,,,,,,1.8875391106121242e-05,,0.0046901702880859375,,0.005346716847270727,,0.014688054099678993,,0.011178558692336082,,0.014914936386048794,,0.014706929214298725
,,2460,,,,,,,,,,,,,,,,1.060308022715617e-05,,0.0032749176025390625,,0.004007339011877775,,0.014297276735305786,,0.010367972776293755,,0.014715191908180714,,0.014307879842817783
,,2461,,,,,,,,,,,,,,,,2.2708614778821357e-05,,0.005039215087890625,,0.005864538252353668,,0.011932133696973324,,0.009813078679144382,,0.013443068601191044,,0.011954842135310173
,,2462,,,,,,,,,,,,,,,,2.0879971998510882e-05,,0.0048351287841796875,,0.005623456556349993,,0.011695703491568565,,0.009824490174651146,,0.013309218920767307,,0.011716583743691444
,,2463,,,,,,,,,,,,,,,,8.685583452461287e-06,,0.003021240234375,,0.0036269566044211388,,0.014040505513548851,,0.010727032087743282,,0.014582455158233643,,0.014049191027879715
,,2464,,,,,,,,,,,,,,,,7.172199730121065e-06,,0.0032958984375,,0.0032958984375,,0.006423729006201029,,0.007463456597179174,,0.009863543324172497,,0.006430901121348143
84,,10794,,,,,,,,,,,,,,,2.7433161449152976e-05,,0.004427693784236908,,0.0055141509510576725,,0.014786112122237682,,0.010744796134531498,,0.014817827381193638,,0.014560621231794357,
84,,10794,0.001352533116005361,,0.03252771869301796,,0.03416987508535385,,0.020687878131866455,,0.01301161665469408,,0.01751088909804821,,0.022049063816666603,,,,,,,,,,,,,,,
,0.0005,10795,,,,,,,,,,,,,,,,,,,,,,,,,,,,
85,,10799,,9.726946154842153e-05,,0.009951591491699219,,0.012137691490352154,,0.04128040373325348,,0.01754015125334263,,0.025004109367728233,,0.04137767478823662,,,,,,,,,,,,,,
85,,10809,,0.009644584730267525,,0.12037372589111328,,0.12085849046707153,,0.02402253821492195,,0.014721143990755081,,0.01907430589199066,,0.033667124807834625,,,,,,,,,,,,,,
85,,10819,,0.0021403199061751366,,0.05642986297607422,,0.05693437531590462,,0.02683344855904579,,0.01517908088862896,,0.020159397274255753,,0.028973769396543503,,,,,,,,,,,,,,
85,,10829,,0.0002493175561539829,,0.015913009643554688,,0.019432857632637024,,0.020836111158132553,,0.013346687890589237,,0.01776428334414959,,0.021085428074002266,,,,,,,,,,,,,,
85,,10839,,0.0003375639789737761,,0.02131938934326172,,0.022609712556004524,,0.023256655782461166,,0.014206881634891033,,0.01876778155565262,,0.023594219237565994,,,,,,,,,,,,,,
85,,10849,,0.0015160995535552502,,0.04666709899902344,,0.04791828617453575,,0.02425411529839039,,0.014167498797178268,,0.019166024401783943,,0.025770215317606926,,,,,,,,,,,,,,
85,,10859,,0.0029203640297055244,,0.06613349914550781,,0.06650412827730179,,0.026951337233185768,,0.014775313436985016,,0.02020363137125969,,0.029871702194213867,,,,,,,,,,,,,,
85,,10869,,0.0002698104945011437,,0.0152435302734375,,0.020213739946484566,,0.04565151035785675,,0.01887308619916439,,0.02629462070763111,,0.04592132195830345,,,,,,,,,,,,,,
85,,10879,,0.004018691368401051,,0.07680797576904297,,0.07801535725593567,,0.028081296011805534,,0.01600721850991249,,0.02062281221151352,,0.03209998831152916,,,,,,,,,,,,,,
85,,10889,,0.0005793229211121798,,0.028120994567871094,,0.029620936140418053,,0.028067544102668762,,0.01526595838367939,,0.020617764443159103,,0.028646867722272873,,,,,,,,,,,,,,
85,,10899,,0.004547146614640951,,0.08214282989501953,,0.08298642188310623,,0.02382347546517849,,0.014293722808361053,,0.018995115533471107,,0.028370622545480728,,,,,,,,,,,,,,
85,,10909,,6.351392949000001e-05,,0.0069561004638671875,,0.009805032052099705,,0.020121265202760696,,0.013312702998518944,,0.017456894740462303,,0.020184779539704323,,,,,,,,,,,,,,
85,,10919,,0.000571160635445267,,0.0135650634765625,,0.029413243755698204,,0.030044926330447197,,0.015954770147800446,,0.021331673488020897,,0.030616087839007378,,,,,,,,,,,,,,
,,2465,,,,,,,,,,,,,,,,1.6177440556930378e-05,,0.003551483154296875,,0.004949895665049553,,0.012830212712287903,,0.010404972359538078,,0.013939791359007359,,0.012846389785408974
,,2466,,,,,,,,,,,,,,,,8.573658305977006e-06,,0.003265380859375,,0.0036034737713634968,,0.017939701676368713,,0.011700041592121124,,0.016483407467603683,,0.017948275431990623
,,2467,,,,,,,,,,,,,,,,8.923633686208632e-06,,0.0031490325927734375,,0.0036762875970453024,,0.025074094533920288,,0.01255208719521761,,0.019487306475639343,,0.025083018466830254
,,2468,,,,,,,,,,,,,,,,1.364932904834859e-05,,0.0037822723388671875,,0.004546693526208401,,0.018284650519490242,,0.012383063323795795,,0.016641123220324516,,0.018298299983143806
,,2469,,,,,,,,,,,,,,,,1.4044147974345833e-05,,0.003520965576171875,,0.004611967597156763,,0.016490500420331955,,0.01051785983145237,,0.01580360159277916,,0.016504544764757156
,,2470,,,,,,,,,,,,,,,,1.1325379091431387e-05,,0.003265380859375,,0.004141580779105425,,0.013191331177949905,,0.010613905265927315,,0.014134603552520275,,0.013202656991779804
,,2471,,,,,,,,,,,,,,,,1.6826046703499742e-05,,0.0044193267822265625,,0.005048131570219994,,0.012949042022228241,,0.010257833637297153,,0.014004197902977467,,0.012965868227183819
,,2472,,,,,,,,,,,,,,,,1.1081154298153706e-05,,0.0030689239501953125,,0.004096683114767075,,0.007340783253312111,,0.007906211540102959,,0.01054412592202425,,0.007351864594966173
,,2473,,,,,,,,,,,,,,,,3.0316323318402283e-05,,0.0055904388427734375,,0.006776073016226292,,0.015876753255724907,,0.011273222975432873,,0.01550673134624958,,0.01590706966817379
,,2474,,,,,,,,,,,,,,,,3.178331098752096e-05,,0.005615234375,,0.006938043981790543,,0.013825532980263233,,0.010836347937583923,,0.014470390975475311,,0.013857316225767136
,,2475,,,,,,,,,,,,,,,,2.435023634461686e-05,,0.0051174163818359375,,0.006072813645005226,,0.011436427012085915,,0.00927686970680952,,0.013160866685211658,,0.011460777372121811
,,2476,,,,,,,,,,,,,,,,2.192782449128572e-05,,0.0052738189697265625,,0.0057628219947218895,,0.021272139623761177,,0.012491347268223763,,0.017949197441339493,,0.021294066682457924
,,2477,,,,,,,,,,,,,,,,0.000324717431794852,,0.012971878051757812,,0.022176457569003105,,0.017261231318116188,,0.012016616761684418,,0.016168706119060516,,0.01758594810962677
,,2478,,,,,,,,,,,,,,,,1.7477412256994285e-05,,0.0044612884521484375,,0.005144919268786907,,0.019935792312026024,,0.012462025508284569,,0.0173762496560812,,0.019953269511461258
,,2479,,,,,,,,,,,,,,,,2.337364639970474e-05,,0.0047092437744140625,,0.005949824582785368,,0.023473789915442467,,0.012843120843172073,,0.01885518804192543,,0.023497164249420166
,,2480,,,,,,,,,,,,,,,,4.470787644095253e-06,,0.002147674560546875,,0.002602138090878725,,0.009169885888695717,,0.008736635558307171,,0.01178477518260479,,0.009174356237053871
,,2481,,,,,,,,,,,,,,,,4.203621938358992e-05,,0.0057659149169921875,,0.007979031652212143,,0.014091637916862965,,0.010790298692882061,,0.014608987607061863,,0.014133674092590809
,,2482,,,,,,,,,,,,,,,,1.197274377773283e-05,,0.00388336181640625,,0.004258289001882076,,0.008014305494725704,,0.008283842355012894,,0.011017225682735443,,0.00802627857774496
,,2483,,,,,,,,,,,,,,,,6.669606591458432e-06,,0.002574920654296875,,0.003178244922310114,,0.009632749482989311,,0.008933424949645996,,0.012078538537025452,,0.009639418683946133
,,2484,,,,,,,,,,,,,,,,1.4469378584180959e-05,,0.004093170166015625,,0.0046812850050628185,,0.015112563967704773,,0.010968637652695179,,0.015128937549889088,,0.015127032995223999
,,2485,,,,,,,,,,,,,,,,4.9717775254976004e-05,,0.0075225830078125,,0.008677506819367409,,0.017781764268875122,,0.01220319140702486,,0.01641068607568741,,0.017831481993198395
,,2486,,,,,,,,,,,,,,,,1.9077204342465848e-05,,0.00470733642578125,,0.005375237204134464,,0.017702413722872734,,0.012059374712407589,,0.016374031081795692,,0.017721490934491158
,,2487,,,,,,,,,,,,,,,,1.1000907761626877e-05,,0.0029582977294921875,,0.004081815015524626,,0.011419400572776794,,0.00954876933246851,,0.013151069171726704,,0.011430401355028152
,,2488,,,,,,,,,,,,,,,,2.151110311388038e-05,,0.0047740936279296875,,0.005707829724997282,,0.014517427422106266,,0.011075894348323345,,0.014828051440417767,,0.01453893817961216
,,2489,,,,,,,,,,,,,,,,1.1245218047406524e-05,,0.0031871795654296875,,0.0041268994100391865,,0.014287994243204594,,0.010407392866909504,,0.014710413292050362,,0.014299239031970501
,,2490,,,,,,,,,,,,,,,,2.9691536838072352e-05,,0.0059146881103515625,,0.00670586246997118,,0.011975973844528198,,0.009861110709607601,,0.013467740267515182,,0.012005665339529514
,,2491,,,,,,,,,,,,,,,,2.138100899173878e-05,,0.0048313140869140625,,0.005690533667802811,,0.011745385825634003,,0.00981450080871582,,0.0133374547585845,,0.011766767129302025
,,2492,,,,,,,,,,,,,,,,1.1315621122776065e-05,,0.0033416748046875,,0.004139809403568506,,0.013729868456721306,,0.010599764995276928,,0.014420237392187119,,0.013741184026002884
,,2493,,,,,,,,,,,,,,,,6.714897608617321e-06,,0.0031890869140625,,0.0031890869140625,,0.006382119841873646,,0.0075406660325825214,,0.009831550531089306,,0.006388834677636623
85,,10921,,,,,,,,,,,,,,,2.950917223643046e-05,,0.0045462376438081264,,0.0057279570028185844,,0.014832395128905773,,0.010729276575148106,,0.014829248189926147,,0.014606251381337643,
85,,10921,0.0019807417411357164,,0.042874641716480255,,0.045010775327682495,,0.030751969665288925,,0.015464589931070805,,0.02122669480741024,,0.032731007784605026,,,,,,,,,,,,,,,
,0.0005,10922,,,,,,,,,,,,,,,,,,,,,,,,,,,,
86,,10929,,0.0014501208206638694,,0.045379638671875,,0.04686511307954788,,0.056724321097135544,,0.018595341593027115,,0.029310550540685654,,0.05817444249987602,,,,,,,,,,,,,,
86,,10939,,0.002392607042565942,,0.058929443359375,,0.06019570305943489,,0.034772489219903946,,0.01668592356145382,,0.022948654368519783,,0.03716509789228439,,,,,,,,,,,,,,
86,,10949,,0.0002654714626260102,,0.017800331115722656,,0.020053274929523468,,0.04588808864355087,,0.018510039895772934,,0.02636265940964222,,0.046153560280799866,,,,,,,,,,,,,,
86,,10959,,0.0034915495198220015,,0.07205581665039062,,0.07271940261125565,,0.048415977507829666,,0.01907406933605671,,0.027079062536358833,,0.051907528191804886,,,,,,,,,,,,,,
86,,10969,,0.0020950825419276953,,0.05490875244140625,,0.05632801726460457,,0.06051725894212723,,0.021749582141637802,,0.030274633318185806,,0.06261233985424042,,,,,,,,,,,,,,
86,,10979,,0.00020822486840188503,,0.013835906982421875,,0.017758594825863838,,0.03426343947649002,,0.0168246291577816,,0.022780055180191994,,0.03447166457772255,,,,,,,,,,,,,,
86,,10989,,0.000350260641425848,,0.021097183227539062,,0.02303154580295086,,0.024506831541657448,,0.01462243590503931,,0.019265618175268173,,0.024857092648744583,,,,,,,,,,,,,,
86,,10999,,8.564900781493634e-05,,0.009006500244140625,,0.011387861333787441,,0.026472507044672966,,0.015149181708693504,,0.020023353397846222,,0.026558155193924904,,,,,,,,,,,,,,
86,,11009,,9.734522609505802e-05,,0.010796546936035156,,0.012144146487116814,,0.02145255357027054,,0.013529587537050247,,0.018025152385234833,,0.021549899131059647,,,,,,,,,,,,,,
86,,11019,,0.003077273489907384,,0.06767559051513672,,0.0682695135474205,,0.017109444364905357,,0.01215947512537241,,0.016097458079457283,,0.020186718553304672,,,,,,,,,,,,,,
86,,11029,,6.205665704328567e-05,,0.008165359497070312,,0.009694491513073444,,0.017817238345742226,,0.012674333527684212,,0.016427049413323402,,0.017879294231534004,,,,,,,,,,,,,,
86,,11039,,4.534703475655988e-05,,0.0066375732421875,,0.008288498967885971,,0.020552298054099083,,0.013398991897702217,,0.017642883583903313,,0.02059764601290226,,,,,,,,,,,,,,
,,2494,,,,,,,,,,,,,,,,1.53691853483906e-05,,0.0035724639892578125,,0.004824676550924778,,0.012879347428679466,,0.010369723662734032,,0.0139664551243186,,0.012894717045128345
,,2495,,,,,,,,,,,,,,,,6.474167093983851e-06,,0.0024662017822265625,,0.0031313577201217413,,0.018841516226530075,,0.011922759935259819,,0.016892632469534874,,0.018847990781068802
,,2496,,,,,,,,,,,,,,,,8.724784493097104e-06,,0.00298309326171875,,0.003635084256529808,,0.02432880364358425,,0.012450076639652252,,0.01919551007449627,,0.02433752827346325
,,2497,,,,,,,,,,,,,,,,1.2553120541269891e-05,,0.0036182403564453125,,0.004360280930995941,,0.01863996684551239,,0.012523192912340164,,0.01680203527212143,,0.018652519211173058
,,2498,,,,,,,,,,,,,,,,1.183859694720013e-05,,0.0034084320068359375,,0.0042343721725046635,,0.015765544027090073,,0.01047937199473381,,0.01545232068747282,,0.015777382999658585
,,2499,,,,,,,,,,,,,,,,1.0877860404434614e-05,,0.003261566162109375,,0.004058924037963152,,0.013456522487103939,,0.010766096413135529,,0.014275974594056606,,0.013467400334775448
,,2500,,,,,,,,,,,,,,,,2.0307368686189875e-05,,0.0050182342529296875,,0.005545816849917173,,0.013461083173751831,,0.010210546664893627,,0.014278404414653778,,0.013481390662491322
,,2501,,,,,,,,,,,,,,,,1.3749106074101292e-05,,0.003620147705078125,,0.004563277121633291,,0.0075750816613435745,,0.007946022786200047,,0.01071107480674982,,0.007588830776512623
,,2502,,,,,,,,,,,,,,,,3.183860098943114e-05,,0.005664825439453125,,0.006944098509848118,,0.015505737625062466,,0.01116909645497799,,0.01532447338104248,,0.01553757581859827
,,2503,,,,,,,,,,,,,,,,3.2764466595835984e-05,,0.0052433013916015625,,0.007044333964586258,,0.013814748264849186,,0.010842610150575638,,0.014464748091995716,,0.013847513124346733
,,2504,,,,,,,,,,,,,,,,2.8282436687732115e-05,,0.0054683685302734375,,0.006544817704707384,,0.011217785067856312,,0.009151946753263474,,0.013034455478191376,,0.011246067471802235
,,2505,,,,,,,,,,,,,,,,1.999230880755931e-05,,0.0052051544189453125,,0.005502626299858093,,0.020938832312822342,,0.012393392622470856,,0.017808018252253532,,0.020958824083209038
,,2506,,,,,,,,,,,,,,,,0.00031296140514314175,,0.012701034545898438,,0.021771352738142014,,0.017373645678162575,,0.01202738843858242,,0.016221273690462112,,0.01768660731613636
,,2507,,,,,,,,,,,,,,,,1.6556201444473118e-05,,0.00400543212890625,,0.005007487256079912,,0.019299620762467384,,0.012233112938702106,,0.017096752300858498,,0.0193161778151989
,,2508,,,,,,,,,,,,,,,,2.3776910893502645e-05,,0.0046215057373046875,,0.006000917870551348,,0.022652044892311096,,0.012719867751002312,,0.018522219732403755,,0.02267582155764103
,,2509,,,,,,,,,,,,,,,,5.261727892502677e-06,,0.002330780029296875,,0.0028229481540620327,,0.00900979433208704,,0.008702106773853302,,0.01168145053088665,,0.009015056304633617
,,2510,,,,,,,,,,,,,,,,4.377363802632317e-05,,0.0059661865234375,,0.008142276667058468,,0.0141630033031106,,0.010868397541344166,,0.014645935036242008,,0.014206777326762676
,,2511,,,,,,,,,,,,,,,,1.3977786693430971e-05,,0.0041656494140625,,0.004601050168275833,,0.008157382719218731,,0.00833609327673912,,0.01111513376235962,,0.008171360939741135
,,2512,,,,,,,,,,,,,,,,8.87789974512998e-06,,0.0030231475830078125,,0.0036668546963483095,,0.009544854052364826,,0.00891430489718914,,0.012023309245705605,,0.009553732350468636
,,2513,,,,,,,,,,,,,,,,1.6901900380617008e-05,,0.0043888092041015625,,0.005059499759227037,,0.014671854674816132,,0.01076496485620737,,0.014906710013747215,,0.014688756316900253
,,2514,,,,,,,,,,,,,,,,4.720573633676395e-05,,0.0073261260986328125,,0.008455481380224228,,0.01802247017621994,,0.012305008247494698,,0.016521383076906204,,0.0180696751922369
,,2515,,,,,,,,,,,,,,,,1.5519832231802866e-05,,0.0042896270751953125,,0.0048482357524335384,,0.01726536825299263,,0.01197455357760191,,0.016170643270015717,,0.017280887812376022
,,2516,,,,,,,,,,,,,,,,1.157558654085733e-05,,0.003040313720703125,,0.004187071230262518,,0.01141746062785387,,0.00953791942447424,,0.013149951584637165,,0.011429036036133766
,,2517,,,,,,,,,,,,,,,,2.6244266337016597e-05,,0.005367279052734375,,0.006304585840553045,,0.014285487122833729,,0.010957907885313034,,0.014709124341607094,,0.014311731792986393
,,2518,,,,,,,,,,,,,,,,1.3482176655088551e-05,,0.003932952880859375,,0.004518759902566671,,0.014415447600185871,,0.010425320826470852,,0.014775879681110382,,0.014428929425776005
,,2519,,,,,,,,,,,,,,,,2.5853936676867306e-05,,0.00545501708984375,,0.006257517728954554,,0.011502600274980068,,0.009679402224719524,,0.01319888886064291,,0.011528453789651394
,,2520,,,,,,,,,,,,,,,,2.105053499690257e-05,,0.0046901702880859375,,0.005646383389830589,,0.012094909325242043,,0.009933634661138058,,0.013534449972212315,,0.012115960009396076
,,2521,,,,,,,,,,,,,,,,1.4898691006237641e-05,,0.0037326812744140625,,0.004750230815261602,,0.013853508979082108,,0.010546957142651081,,0.01448502205312252,,0.013868407346308231
,,2522,,,,,,,,,,,,,,,,7.851952432247344e-06,,0.003448486328125,,0.003448486328125,,0.006226557306945324,,0.0073418510146439075,,0.009710988029837608,,0.006234409287571907
86,,11048,,,,,,,,,,,,,,,2.95705467578955e-05,,0.004586588591337204,,0.005790628492832184,,0.014753162860870361,,0.010704693384468555,,0.014797443524003029,,0.014524811878800392,
86,,11048,0.00201279204338789,,0.0439540334045887,,0.04624902456998825,,0.03371274843811989,,0.01619887724518776,,0.022110270336270332,,0.035719797015190125,,,,,,,,,,,,,,,
,0.0005,11049,,,,,,,,,,,,,,,,,,,,,,,,,,,,
87,,11049,,0.0009899318683892488,,0.03729534149169922,,0.0387214757502079,,0.020338958129286766,,0.01330902986228466,,0.01755107380449772,,0.021328890696167946,,,,,,,,,,,,,,
87,,11059,,0.00012498311116360128,,0.011990547180175781,,0.013756495900452137,,0.019967831671237946,,0.013042745180428028,,0.017390208318829536,,0.020092815160751343,,,,,,,,,,,,,,
87,,11069,,0.0002601885935291648,,0.018858909606933594,,0.019851697608828545,,0.019977880641818047,,0.012823632918298244,,0.01739458180963993,,0.02023806981742382,,,,,,,,,,,,,,
87,,11079,,0.000619112397544086,,0.02895641326904297,,0.030622592195868492,,0.020174114033579826,,0.013184739276766777,,0.017479807138442993,,0.02079322561621666,,,,,,,,,,,,,,
87,,11089,,1.1055285540351178e-05,,0.0032625198364257812,,0.004091207403689623,,0.015468652360141277,,0.011531425639986992,,0.015306132845580578,,0.015479708090424538,,,,,,,,,,,,,,
87,,11099,,0.00022510542476084083,,0.016907691955566406,,0.018463611602783203,,0.019588632509112358,,0.012538294307887554,,0.01722429320216179,,0.019813738763332367,,,,,,,,,,,,,,
87,,11109,,0.00017606963228899986,,0.014280319213867188,,0.01633058302104473,,0.01755189523100853,,0.012364707887172699,,0.016304269433021545,,0.017727965489029884,,,,,,,,,,,,,,
87,,11119,,0.001088938326574862,,0.03967475891113281,,0.04060985520482063,,0.021725667640566826,,0.013671939261257648,,0.01813952438533306,,0.02281460538506508,,,,,,,,,,,,,,
87,,11129,,0.00699758343398571,,0.1026010513305664,,0.10294965654611588,,0.018923770636320114,,0.01283528096973896,,0.01692946068942547,,0.025921354070305824,,,,,,,,,,,,,,
87,,11139,,0.00019828323274850845,,0.015786170959472656,,0.0173301063477993,,0.02631850354373455,,0.014866192825138569,,0.019965028390288353,,0.026516787707805634,,,,,,,,,,,,,,
87,,11149,,0.001171547221019864,,0.041217803955078125,,0.04212404042482376,,0.018170880153775215,,0.012260057963430882,,0.016589269042015076,,0.01934242807328701,,,,,,,,,,,,,,
87,,11159,,0.0014813400339335203,,0.04635047912597656,,0.04736543074250221,,0.01824280619621277,,0.011991115286946297,,0.01662207394838333,,0.019724145531654358,,,,,,,,,,,,,,
87,,11169,,4.143873957218602e-05,,0.0065555572509765625,,0.007921264506876469,,0.025038540363311768,,0.013624908402562141,,0.0194734875112772,,0.02507997862994671,,,,,,,,,,,,,,
,,2523,,,,,,,,,,,,,,,,1.5979507224983536e-05,,0.00400543212890625,,0.004919539671391249,,0.012726261280477047,,0.010287143290042877,,0.013883205130696297,,0.0127422409132123
,,2524,,,,,,,,,,,,,,,,6.582010882993927e-06,,0.0025501251220703125,,0.003157302038744092,,0.01836152747273445,,0.011799357831478119,,0.016676077619194984,,0.018368110060691833
,,2525,,,,,,,,,,,,,,,,6.816852419433417e-06,,0.0026645660400390625,,0.0032131392508745193,,0.02304249443113804,,0.012294569052755833,,0.018681172281503677,,0.023049311712384224
,,2526,,,,,,,,,,,,,,,,1.0407192348793615e-05,,0.003047943115234375,,0.003970145247876644,,0.01846703328192234,,0.012479064054787159,,0.016723914071917534,,0.018477439880371094
,,2527,,,,,,,,,,,,,,,,9.523808330413885e-06,,0.0030345916748046875,,0.0037979253102093935,,0.014661475084722042,,0.010355018079280853,,0.014901431277394295,,0.01467099878937006
,,2528,,,,,,,,,,,,,,,,1.2278005669941194e-05,,0.003635406494140625,,0.0043122414499521255,,0.013402248732745647,,0.01065318938344717,,0.01424715481698513,,0.013414526358246803
,,2529,,,,,,,,,,,,,,,,1.8233216906082816e-05,,0.00473785400390625,,0.0052549694664776325,,0.013840214349329472,,0.010231873951852322,,0.014478080905973911,,0.013858447782695293
,,2530,,,,,,,,,,,,,,,,1.5174411601037718e-05,,0.0037288665771484375,,0.004793965257704258,,0.007314721588045359,,0.007818452082574368,,0.01052539236843586,,0.007329896092414856
,,2531,,,,,,,,,,,,,,,,3.162102439091541e-05,,0.0056858062744140625,,0.006920342333614826,,0.01538360770791769,,0.01107902079820633,,0.015264003537595272,,0.01541522890329361
,,2532,,,,,,,,,,,,,,,,3.4611071896506473e-05,,0.00568389892578125,,0.007240130566060543,,0.013892420567572117,,0.010857820510864258,,0.014505351893603802,,0.013927031308412552
,,2533,,,,,,,,,,,,,,,,2.964342274935916e-05,,0.0054378509521484375,,0.006700435187667608,,0.011126229539513588,,0.009117232635617256,,0.012981154024600983,,0.011155872605741024
,,2534,,,,,,,,,,,,,,,,1.394106129737338e-05,,0.004047393798828125,,0.004594973288476467,,0.02093278244137764,,0.012290479615330696,,0.017805447801947594,,0.020946724340319633
,,2535,,,,,,,,,,,,,,,,0.0002815592451952398,,0.012395858764648438,,0.020650215446949005,,0.01766153797507286,,0.01216021366417408,,0.0163551177829504,,0.01794309727847576
,,2536,,,,,,,,,,,,,,,,2.0538491298793815e-05,,0.0047321319580078125,,0.00557728810235858,,0.019019125029444695,,0.01213318295776844,,0.01697205752134323,,0.019039664417505264
,,2537,,,,,,,,,,,,,,,,1.8008402548730373e-05,,0.0038585662841796875,,0.00522248912602663,,0.02280452847480774,,0.012737495824694633,,0.01858445629477501,,0.022822536528110504
,,2538,,,,,,,,,,,,,,,,4.1297457755717915e-06,,0.001987457275390625,,0.0025009289383888245,,0.008990145288407803,,0.00868738442659378,,0.011668705381453037,,0.008994274772703648
,,2539,,,,,,,,,,,,,,,,4.4353324483381584e-05,,0.005767822265625,,0.00819597952067852,,0.014160804450511932,,0.010813206434249878,,0.014644795097410679,,0.01420515775680542
,,2540,,,,,,,,,,,,,,,,1.265656464966014e-05,,0.0038928985595703125,,0.0043782121501863,,0.007994667626917362,,0.008224748075008392,,0.011003718711435795,,0.008007324300706387
,,2541,,,,,,,,,,,,,,,,6.636000762227923e-06,,0.00255584716796875,,0.003170231357216835,,0.009647680446505547,,0.008973939344286919,,0.012087899260222912,,0.009654316119849682
,,2542,,,,,,,,,,,,,,,,1.636078923183959e-05,,0.0041484832763671875,,0.004977842327207327,,0.014848831109702587,,0.010772819630801678,,0.014996346086263657,,0.014865191653370857
,,2543,,,,,,,,,,,,,,,,4.1481769585516304e-05,,0.0067996978759765625,,0.007926256395876408,,0.01789718307554722,,0.012306064367294312,,0.016463859006762505,,0.017938664183020592
,,2544,,,,,,,,,,,,,,,,1.4884440133755561e-05,,0.00406646728515625,,0.004747942090034485,,0.017156079411506653,,0.01197514496743679,,0.016119379550218582,,0.017170963808894157
,,2545,,,,,,,,,,,,,,,,9.507932190899737e-06,,0.0028514862060546875,,0.003794743912294507,,0.011251924559473991,,0.009457931853830814,,0.013054274953901768,,0.01126143243163824
,,2546,,,,,,,,,,,,,,,,2.1770843886770308e-05,,0.0047760009765625,,0.005742182489484549,,0.0139923095703125,,0.01085585542023182,,0.01455740537494421,,0.014014080166816711
,,2547,,,,,,,,,,,,,,,,1.2956922546436545e-05,,0.003765106201171875,,0.0044298539869487286,,0.01412341371178627,,0.010256387293338776,,0.014625445939600468,,0.01413637027144432
,,2548,,,,,,,,,,,,,,,,2.1419002223410644e-05,,0.0049839019775390625,,0.005695574451237917,,0.011504709720611572,,0.009620822966098785,,0.013200098648667336,,0.011526128277182579
,,2549,,,,,,,,,,,,,,,,1.829163375077769e-05,,0.0046863555908203125,,0.005263383965939283,,0.011624101549386978,,0.009740655310451984,,0.013268415816128254,,0.011642392724752426
,,2550,,,,,,,,,,,,,,,,1.3618504453916103e-05,,0.0034389495849609375,,0.004541569855064154,,0.014204041101038456,,0.01055892277508974,,0.014667130075395107,,0.014217659831047058
,,2551,,,,,,,,,,,,,,,,8.061777407419868e-06,,0.0034942626953125,,0.0034942626953125,,0.005839408375322819,,0.007161434274166822,,0.009404243901371956,,0.005847470369189978
87,,11175,,,,,,,,,,,,,,,2.7164191124029458e-05,,0.0043876818381249905,,0.005551167763769627,,0.014604873023927212,,0.010646512731909752,,0.01472416240721941,,0.01436698529869318,
87,,11175,0.0010353571269661188,,0.03181205689907074,,0.03322431817650795,,0.019437966868281364,,0.012742798775434494,,0.017068225890398026,,0.0204712375998497,,,,,,,,,,,,,,,
,0.0005,11176,,,,,,,,,,,,,,,,,,,,,,,,,,,,
88,,11179,,4.3744483264163136e-05,,0.006321907043457031,,0.008139551617205143,,0.013834553770720959,,0.01094763446599245,,0.014475109055638313,,0.013878297992050648,,,,,,,,,,,,,,
88,,11189,,0.00031996198231354356,,0.017866134643554688,,0.02201385609805584,,0.01552662905305624,,0.011650989763438702,,0.015334793366491795,,0.01584659144282341,,,,,,,,,,,,,,
88,,11199,,7.77855166234076e-05,,0.010009765625,,0.010854938067495823,,0.014714516699314117,,0.011057975701987743,,0.014928365126252174,,0.014792302623391151,,,,,,,,,,,,,,
88,,11209,,0.00017208611825481057,,0.014383316040039062,,0.016142746433615685,,0.017610039561986923,,0.012371423654258251,,0.016331251710653305,,0.017782125622034073,,,,,,,,,,,,,,
88,,11219,,0.0007540520746260881,,0.03262042999267578,,0.0337938591837883,,0.0160545464605093,,0.011428255587816238,,0.015593308955430984,,0.01680859923362732,,,,,,,,,,,,,,
88,,11229,,0.00016076114843599498,,0.012758255004882812,,0.015603452920913696,,0.021369054913520813,,0.01297446247190237,,0.01799003779888153,,0.02152981609106064,,,,,,,,,,,,,,
88,,11239,,4.923167216475122e-05,,0.007195472717285156,,0.008635967038571835,,0.01347509864717722,,0.010602664202451706,,0.014285820536315441,,0.013524330221116543,,,,,,,,,,,,,,
88,,11249,,0.0007174889324232936,,0.03214263916015625,,0.03296370059251785,,0.01521060150116682,,0.011310068890452385,,0.015177927911281586,,0.01592808961868286,,,,,,,,,,,,,,
88,,11259,,0.001371519174426794,,0.043766021728515625,,0.04557596147060394,,0.026957256719470024,,0.014531027525663376,,0.020205851644277573,,0.028328776359558105,,,,,,,,,,,,,,
88,,11269,,4.771524982061237e-05,,0.007006645202636719,,0.008500649593770504,,0.023253701627254486,,0.01395407784730196,,0.01876658760011196,,0.023301417008042336,,,,,,,,,,,,,,
88,,11279,,0.003403817303478718,,0.07078933715820312,,0.0717988982796669,,0.033408958464860916,,0.016294190660119057,,0.02249421924352646,,0.03681277483701706,,,,,,,,,,,,,,
88,,11289,,0.004248988348990679,,0.07999420166015625,,0.08022084087133408,,0.022186236456036568,,0.01372010912746191,,0.018330790102481842,,0.02643522433936596,,,,,,,,,,,,,,
88,,11299,,0.003337923437356949,,0.0705709457397461,,0.0711030513048172,,0.03230205178260803,,0.01568935252726078,,0.02211843430995941,,0.03563997521996498,,,,,,,,,,,,,,
,,2552,,,,,,,,,,,,,,,,1.5027350855234545e-05,,0.003978729248046875,,0.0047706966288387775,,0.012662484310567379,,0.010256005451083183,,0.013848373666405678,,0.0126775112003088
,,2553,,,,,,,,,,,,,,,,8.726128726266325e-06,,0.003154754638671875,,0.0036353564355522394,,0.01754286326467991,,0.011557824909687042,,0.016300078481435776,,0.017551589757204056
,,2554,,,,,,,,,,,,,,,,6.796723937441129e-06,,0.00272369384765625,,0.0032084030099213123,,0.02229413017630577,,0.012124362401664257,,0.018375298008322716,,0.022300926968455315
,,2555,,,,,,,,,,,,,,,,1.134786543843802e-05,,0.0028171539306640625,,0.00414568604901433,,0.01886623725295067,,0.01258001197129488,,0.01690370962023735,,0.018877584487199783
,,2556,,,,,,,,,,,,,,,,8.694196367287077e-06,,0.002803802490234375,,0.003628737758845091,,0.014095828868448734,,0.0102459117770195,,0.014611153863370419,,0.01410452276468277
,,2557,,,,,,,,,,,,,,,,1.1133018233522307e-05,,0.0033283233642578125,,0.0041062552481889725,,0.013169713318347931,,0.01058030966669321,,0.014123018831014633,,0.013180846348404884
,,2558,,,,,,,,,,,,,,,,1.585543213877827e-05,,0.0042247772216796875,,0.004900379106402397,,0.012699377723038197,,0.010085341520607471,,0.013868539594113827,,0.012715233489871025
,,2559,,,,,,,,,,,,,,,,1.4113575161900371e-05,,0.003589630126953125,,0.004623375367373228,,0.0073094554245471954,,0.0077975159510970116,,0.01052160281687975,,0.007323569152504206
,,2560,,,,,,,,,,,,,,,,3.024457510036882e-05,,0.00557708740234375,,0.0067680468782782555,,0.015420172363519669,,0.011050601489841938,,0.015282128937542439,,0.015450417064130306
,,2561,,,,,,,,,,,,,,,,2.7270054488326423e-05,,0.0052127838134765625,,0.006426583975553513,,0.013643679209053516,,0.010747958905994892,,0.01437490712851286,,0.013670949265360832
,,2562,,,,,,,,,,,,,,,,2.7267300538369454e-05,,0.0053844451904296875,,0.006426289677619934,,0.01128051895648241,,0.009160046465694904,,0.013070851564407349,,0.011307786218822002
,,2563,,,,,,,,,,,,,,,,1.397916093992535e-05,,0.0043315887451171875,,0.0046012746170163155,,0.020398538559675217,,0.012159688398241997,,0.017576763406395912,,0.020412517711520195
,,2564,,,,,,,,,,,,,,,,0.0003150110424030572,,0.012773513793945312,,0.021842515096068382,,0.01719820313155651,,0.012024977244436741,,0.016139160841703415,,0.01751321367919445
,,2565,,,,,,,,,,,,,,,,2.167843558709137e-05,,0.0050144195556640625,,0.0057299877516925335,,0.01939140446484089,,0.012241005897521973,,0.01713736169040203,,0.019413083791732788
,,2566,,,,,,,,,,,,,,,,1.7633727111387998e-05,,0.0038394927978515625,,0.005167880095541477,,0.02260124683380127,,0.012675674632191658,,0.018501441925764084,,0.02261888049542904
,,2567,,,,,,,,,,,,,,,,3.56430155079579e-06,,0.00183868408203125,,0.0023234104737639427,,0.008918472565710545,,0.008629614487290382,,0.011622099205851555,,0.008922036737203598
,,2568,,,,,,,,,,,,,,,,3.68573164450936e-05,,0.0051727294921875,,0.007471390068531036,,0.014256307855248451,,0.010809284634888172,,0.014694099314510822,,0.014293164946138859
,,2569,,,,,,,,,,,,,,,,1.1552155228855554e-05,,0.003734588623046875,,0.004182822071015835,,0.00779041787609458,,0.008130775764584541,,0.010862247087061405,,0.00780197000131011
,,2570,,,,,,,,,,,,,,,,5.684727966581704e-06,,0.0022125244140625,,0.002934213960543275,,0.009404878132045269,,0.008870348334312439,,0.011934816837310791,,0.009410562925040722
,,2571,,,,,,,,,,,,,,,,1.2918881111545488e-05,,0.0040283203125,,0.004423351492732763,,0.014781697653234005,,0.010755861178040504,,0.01496240682899952,,0.014794616959989071
,,2572,,,,,,,,,,,,,,,,4.2906056478386745e-05,,0.0069522857666015625,,0.008061200380325317,,0.01801609992980957,,0.012330581434071064,,0.016518468037247658,,0.018059005960822105
,,2573,,,,,,,,,,,,,,,,1.2495394912548363e-05,,0.0035877227783203125,,0.004350257106125355,,0.017234336584806442,,0.011961451731622219,,0.01615610346198082,,0.017246831208467484
,,2574,,,,,,,,,,,,,,,,7.44506678529433e-06,,0.002628326416015625,,0.0033579478040337563,,0.011366534978151321,,0.009463988244533539,,0.013120590709149837,,0.011373979970812798
,,2575,,,,,,,,,,,,,,,,1.9526534742908552e-05,,0.004512786865234375,,0.005438163876533508,,0.014128166250884533,,0.010885563679039478,,0.014627906493842602,,0.014147692359983921
,,2576,,,,,,,,,,,,,,,,1.0543848475208506e-05,,0.0032978057861328125,,0.003996124491095543,,0.014274844899773598,,0.010299086570739746,,0.014703643508255482,,0.01428538840264082
,,2577,,,,,,,,,,,,,,,,2.174033215851523e-05,,0.00499725341796875,,0.005738146603107452,,0.011284361593425274,,0.009494353085756302,,0.013073076494038105,,0.011306102387607098
,,2578,,,,,,,,,,,,,,,,1.5621639249729924e-05,,0.0045032501220703125,,0.004864135291427374,,0.011379851028323174,,0.009573210962116718,,0.013128274120390415,,0.011395473033189774
,,2579,,,,,,,,,,,,,,,,8.62670913193142e-06,,0.002796173095703125,,0.003614642657339573,,0.013622814789414406,,0.010512562468647957,,0.014363911934196949,,0.013631441630423069
,,2580,,,,,,,,,,,,,,,,7.105948498065118e-06,,0.0032806396484375,,0.0032806396484375,,0.005780474748462439,,0.007073997054249048,,0.009356663562357426,,0.005787580739706755
88,,11302,,,,,,,,,,,,,,,2.6849771529668942e-05,,0.0042462837882339954,,0.0053741284646093845,,0.014426852576434612,,0.010591580532491207,,0.014633660204708576,,0.014192224480211735,
88,,11302,0.0014583562733605504,,0.03493401035666466,,0.03651702404022217,,0.019422562792897224,,0.012597190216183662,,0.016972508281469345,,0.020889844745397568,,,,,,,,,,,,,,,
,0.0005,11303,,,,,,,,,,,,,,,,,,,,,,,,,,,,
89,,11309,,0.00010189975728280842,,0.009569168090820312,,0.012422612868249416,,0.02512981928884983,,0.013911210000514984,,0.019508948549628258,,0.02523171901702881,,,,,,,,,,,,,,
89,,11319,,0.007175404578447342,,0.1034088134765625,,0.10424686968326569,,0.03440059721469879,,0.01657453365623951,,0.022825606167316437,,0.04157600179314613,,,,,,,,,,,,,,
89,,11329,,0.01081676036119461,,0.12673187255859375,,0.12799504399299622,,0.06334986537694931,,0.021312113851308823,,0.030975060537457466,,0.07416662573814392,,,,,,,,,,,,,,
89,,11339,,0.0026230926159769297,,0.06161212921142578,,0.06302768737077713,,0.044314466416835785,,0.019229548051953316,,0.025906702503561974,,0.04693755879998207,,,,,,,,,,,,,,
89,,11349,,0.002835976891219616,,0.06435203552246094,,0.06553835421800613,,0.038260187953710556,,0.018117643892765045,,0.024072039872407913,,0.04109616577625275,,,,,,,,,,,,,,
89,,11359,,0.0011244926135987043,,0.040436744689941406,,0.04126782715320587,,0.03157024830579758,,0.015817394480109215,,0.0218664538115263,,0.0326947420835495,,,,,,,,,,,,,,
89,,11369,,0.0006354367360472679,,0.02948474884033203,,0.031021742150187492,,0.05660499632358551,,0.02145465277135372,,0.02927970699965954,,0.05724043399095535,,,,,,,,,,,,,,
89,,11379,,0.0013719960115849972,,0.04489421844482422,,0.04558324068784714,,0.028420021757483482,,0.015538351610302925,,0.020746827125549316,,0.029792018234729767,,,,,,,,,,,,,,
89,,11389,,0.0006472325185313821,,0.028455734252929688,,0.03130842000246048,,0.03235853090882301,,0.015316469594836235,,0.022137759253382683,,0.033005762845277786,,,,,,,,,,,,,,
89,,11399,,0.0002681372279766947,,0.018192291259765625,,0.020151041448116302,,0.02417861483991146,,0.014571232721209526,,0.01913616992533207,,0.024446751922369003,,,,,,,,,,,,,,
89,,11409,,4.821637412533164e-05,,0.007178306579589844,,0.008545208722352982,,0.019072843715548515,,0.01317191869020462,,0.01699601486325264,,0.019121060147881508,,,,,,,,,,,,,,
89,,11419,,0.00018838723190128803,,0.015070915222167969,,0.01689196564257145,,0.016976438462734222,,0.011957250535488129,,0.016034765169024467,,0.01716482639312744,,,,,,,,,,,,,,
89,,11429,,0.0007256133249029517,,0.0320892333984375,,0.03315108269453049,,0.016932092607021332,,0.012279512360692024,,0.01601380668580532,,0.017657706514000893,,,,,,,,,,,,,,
,,2581,,,,,,,,,,,,,,,,3.1292303901864216e-05,,0.0051136016845703125,,0.0068842824548482895,,0.013059703633189201,,0.010304764844477177,,0.01406390406191349,,0.013090996071696281
,,2582,,,,,,,,,,,,,,,,8.068131137406453e-06,,0.0029544830322265625,,0.0034956159070134163,,0.01669071987271309,,0.011342094279825687,,0.015899259597063065,,0.016698788851499557
,,2583,,,,,,,,,,,,,,,,8.28290831123013e-06,,0.003170013427734375,,0.003541847225278616,,0.02180233597755432,,0.0121537446975708,,0.01817149855196476,,0.02181061916053295
,,2584,,,,,,,,,,,,,,,,1.6467201930936426e-05,,0.0039806365966796875,,0.004994023125618696,,0.018716128543019295,,0.012518245726823807,,0.016836324706673622,,0.018732596188783646
,,2585,,,,,,,,,,,,,,,,9.626872270018794e-06,,0.002902984619140625,,0.00381841859780252,,0.013148270547389984,,0.010062049143016338,,0.014111515134572983,,0.013157897628843784
,,2586,,,,,,,,,,,,,,,,1.2635682651307434e-05,,0.0035152435302734375,,0.004374614451080561,,0.013104116544127464,,0.010537384077906609,,0.014087799936532974,,0.013116751797497272
,,2587,,,,,,,,,,,,,,,,1.6922484064707533e-05,,0.004421234130859375,,0.005062567535787821,,0.013319564051926136,,0.01026830729097128,,0.014203142374753952,,0.0133364861831069
,,2588,,,,,,,,,,,,,,,,1.215465454151854e-05,,0.003269195556640625,,0.004290529061108828,,0.007319044321775436,,0.007777614984661341,,0.010528501123189926,,0.007331199012696743
,,2589,,,,,,,,,,,,,,,,3.200137143721804e-05,,0.0057811737060546875,,0.006961831822991371,,0.01536018680781126,,0.011054174974560738,,0.015252379700541496,,0.015392187982797623
,,2590,,,,,,,,,,,,,,,,2.8850998205598444e-05,,0.005344390869140625,,0.006610252894461155,,0.013380466029047966,,0.010659715160727501,,0.014235573820769787,,0.013409317471086979
,,2591,,,,,,,,,,,,,,,,2.135431714123115e-05,,0.0049266815185546875,,0.005686972755938768,,0.011472385376691818,,0.009163327515125275,,0.013181540183722973,,0.011493739672005177
,,2592,,,,,,,,,,,,,,,,2.2319029085338116e-05,,0.00548553466796875,,0.005813999101519585,,0.021383382380008698,,0.012492705136537552,,0.017996065318584442,,0.021405700594186783
,,2593,,,,,,,,,,,,,,,,0.00030044608865864575,,0.012441635131835938,,0.02133159153163433,,0.017432063817977905,,0.012048929929733276,,0.016248513013124466,,0.017732510343194008
,,2594,,,,,,,,,,,,,,,,1.6482386854477227e-05,,0.004314422607421875,,0.0049963099882006645,,0.01847483031451702,,0.012002039700746536,,0.016727440059185028,,0.018491312861442566
,,2595,,,,,,,,,,,,,,,,2.6922280085273087e-05,,0.004604339599609375,,0.006385525222867727,,0.023863475769758224,,0.012948623858392239,,0.01901104860007763,,0.02389039844274521
,,2596,,,,,,,,,,,,,,,,3.223739213353838e-06,,0.0019245147705078125,,0.002209635218605399,,0.009163939394056797,,0.008761136792600155,,0.011780953966081142,,0.009167162701487541
,,2597,,,,,,,,,,,,,,,,4.440688280737959e-05,,0.0055866241455078125,,0.008200934156775475,,0.014318873174488544,,0.010894705541431904,,0.014726301655173302,,0.01436328049749136
,,2598,,,,,,,,,,,,,,,,1.4082392226555385e-05,,0.004131317138671875,,0.00461824843659997,,0.00788958091288805,,0.008185619488358498,,0.010931162163615227,,0.00790366344153881
,,2599,,,,,,,,,,,,,,,,5.773777047579642e-06,,0.002323150634765625,,0.0029571065679192543,,0.009576702490448952,,0.008934102021157742,,0.012043350376188755,,0.009582476690411568
,,2600,,,,,,,,,,,,,,,,1.2765078281518072e-05,,0.0040340423583984375,,0.004396944772452116,,0.014409294351935387,,0.010654511861503124,,0.014772726222872734,,0.014422059059143066
,,2601,,,,,,,,,,,,,,,,4.8554375098319724e-05,,0.0074176788330078125,,0.008575404062867165,,0.018059633672237396,,0.012228713370859623,,0.016538409516215324,,0.0181081872433424
,,2602,,,,,,,,,,,,,,,,1.494142270530574e-05,,0.0040798187255859375,,0.0047570206224918365,,0.017394449561834335,,0.011978192254900932,,0.016230979934334755,,0.017409391701221466
,,2603,,,,,,,,,,,,,,,,9.994108950195368e-06,,0.0030670166015625,,0.003890557447448373,,0.01138368435204029,,0.009439692832529545,,0.013130486011505127,,0.01139367837458849
,,2604,,,,,,,,,,,,,,,,2.4148219381459057e-05,,0.0048084259033203125,,0.006047576665878296,,0.01424116175621748,,0.01095591764897108,,0.014686287380754948,,0.014265310019254684
,,2605,,,,,,,,,,,,,,,,1.0016451597039122e-05,,0.00319671630859375,,0.0038949011359363794,,0.014702955260872841,,0.010372544638812542,,0.014922498725354671,,0.01471297163516283
,,2606,,,,,,,,,,,,,,,,2.4052402295637876e-05,,0.005260467529296875,,0.006035559810698032,,0.011446787975728512,,0.009549652226269245,,0.01316683180630207,,0.011470840312540531
,,2607,,,,,,,,,,,,,,,,1.6383426554966718e-05,,0.0047283172607421875,,0.004981296602636576,,0.011701053939759731,,0.009667091071605682,,0.013312260620296001,,0.011717437766492367
,,2608,,,,,,,,,,,,,,,,1.152389268099796e-05,,0.003330230712890625,,0.004177739843726158,,0.014291522093117237,,0.010808577761054039,,0.014712231233716011,,0.014303046278655529
,,2609,,,,,,,,,,,,,,,,5.5495788728876505e-06,,0.002899169921875,,0.002899169921875,,0.005776967387646437,,0.007130170240998268,,0.009353823959827423,,0.00578251713886857
89,,11429,,,,,,,,,,,,,,,2.8600406949408352e-05,,0.004496934823691845,,0.00566590903326869,,0.014500567689538002,,0.010618860833346844,,0.014673002995550632,,0.014265259727835655,
89,,11429,0.0036979871802031994,,0.0551147535443306,,0.05704949051141739,,0.03175118565559387,,0.015668971464037895,,0.02148626558482647,,0.035440437495708466,,,,,,,,,,,,,,,
,0.0005,11430,,,,,,,,,,,,,,,,,,,,,,,,,,,,
90,,11439,,0.0012704252731055021,,0.043304443359375,,0.04386557266116142,,0.019593367353081703,,0.013140689581632614,,0.01722637377679348,,0.020863791927695274,,,,,,,,,,,,,,
90,,11449,,0.0008070889161899686,,0.03466510772705078,,0.03496053069829941,,0.01221920270472765,,0.01040163915604353,,0.01360381580889225,,0.013026291504502296,,,,,,,,,,,,,,
90,,11459,,0.0013961016666144133,,0.04578399658203125,,0.04598258435726166,,0.014759866520762444,,0.011487564072012901,,0.014951354824006557,,0.016155967488884926,,,,,,,,,,,,,,
90,,11469,,0.00031876296270638704,,0.020995140075683594,,0.021972719579935074,,0.02144424244761467,,0.013705513440072536,,0.018021654337644577,,0.02176300622522831,,,,,,,,,,,,,,
90,,11479,,4.2571427911752835e-05,,0.006522178649902344,,0.00803045742213726,,0.01774698495864868,,0.01234197337180376,,0.01639462634921074,,0.017789555713534355,,,,,,,,,,,,,,
90,,11489,,0.00047558313235640526,,0.025379180908203125,,0.026838792487978935,,0.015768665820360184,,0.01151641458272934,,0.015453854575753212,,0.016244249418377876,,,,,,,,,,,,,,
90,,11499,,0.0004915908211842179,,0.026746749877929688,,0.027286352589726448,,0.015533782541751862,,0.011556021869182587,,0.01533832773566246,,0.016025373712182045,,,,,,,,,,,,,,
90,,11509,,1.9778024579863995e-05,,0.0044078826904296875,,0.0054722679778933525,,0.017810914665460587,,0.012216581963002682,,0.016424132511019707,,0.01783069223165512,,,,,,,,,,,,,,
90,,11519,,5.961128044873476e-05,,0.0075473785400390625,,0.009502134285867214,,0.01894744299352169,,0.01264546625316143,,0.016940047964453697,,0.019007055088877678,,,,,,,,,,,,,,
90,,11529,,0.000618132296949625,,0.02994060516357422,,0.030597003176808357,,0.01625581458210945,,0.011958579532802105,,0.015690749511122704,,0.01687394641339779,,,,,,,,,,,,,,
90,,11539,,0.00026072742184624076,,0.01755237579345703,,0.019873080775141716,,0.02428462542593479,,0.014202575199306011,,0.01917807012796402,,0.024545352905988693,,,,,,,,,,,,,,
90,,11549,,0.000670461799018085,,0.031103134155273438,,0.03186508268117905,,0.022967230528593063,,0.01356409303843975,,0.018650637939572334,,0.023637691512703896,,,,,,,,,,,,,,
,,2610,,,,,,,,,,,,,,,,2.6274141418980435e-05,,0.005039215087890625,,0.006308212876319885,,0.012357141822576523,,0.010068284347653389,,0.013680382631719112,,0.012383416295051575
,,2611,,,,,,,,,,,,,,,,6.8334156821947545e-06,,0.0024013519287109375,,0.0032170498743653297,,0.016310492530465126,,0.01121088583022356,,0.015717118978500366,,0.016317326575517654
,,2612,,,,,,,,,,,,,,,,6.4516684687987436e-06,,0.002895355224609375,,0.003125892486423254,,0.02235625870525837,,0.012166423723101616,,0.018400888890028,,0.022362710908055305
,,2613,,,,,,,,,,,,,,,,1.6997986676869914e-05,,0.003818511962890625,,0.005073863081634045,,0.018224971368908882,,0.012359214946627617,,0.016613943502306938,,0.018241969868540764
,,2614,,,,,,,,,,,,,,,,1.039990547724301e-05,,0.0029430389404296875,,0.003968763165175915,,0.013702833093702793,,0.010062629356980324,,0.014406036585569382,,0.013713233172893524
,,2615,,,,,,,,,,,,,,,,1.4025554264662787e-05,,0.003849029541015625,,0.004608924966305494,,0.01311511266976595,,0.010478307493031025,,0.01409370917826891,,0.013129138387739658
,,2616,,,,,,,,,,,,,,,,1.4615154213970527e-05,,0.003978729248046875,,0.004704794846475124,,0.01311841793358326,,0.010226632468402386,,0.014095485210418701,,0.0131330331787467
,,2617,,,,,,,,,,,,,,,,1.2258929928066209e-05,,0.0031681060791015625,,0.004308896139264107,,0.007015381474047899,,0.007572750095278025,,0.010307775810360909,,0.007027640473097563
,,2618,,,,,,,,,,,,,,,,2.8964353987248614e-05,,0.0054836273193359375,,0.006623248104006052,,0.015316874720156193,,0.011080075986683369,,0.015230858698487282,,0.015345838852226734
,,2619,,,,,,,,,,,,,,,,2.7774571208283305e-05,,0.005496978759765625,,0.006485793273895979,,0.012961415573954582,,0.0104388277977705,,0.014010882936418056,,0.01298919040709734
,,2620,,,,,,,,,,,,,,,,2.124736420228146e-05,,0.00487518310546875,,0.00567271513864398,,0.011753665283322334,,0.009220893494784832,,0.013342157006263733,,0.011774912476539612
,,2621,,,,,,,,,,,,,,,,1.4548264516633935e-05,,0.0044536590576171875,,0.0046939970925450325,,0.02104380913078785,,0.012377367354929447,,0.017852602526545525,,0.021058358252048492
,,2622,,,,,,,,,,,,,,,,0.00030886122840456665,,0.012376785278320312,,0.021628238260746002,,0.017919480800628662,,0.012218103744089603,,0.016474107280373573,,0.01822834275662899
,,2623,,,,,,,,,,,,,,,,1.7104714061133564e-05,,0.0044956207275390625,,0.005089741200208664,,0.018456103280186653,,0.011939904652535915,,0.01671895757317543,,0.01847320795059204
,,2624,,,,,,,,,,,,,,,,1.965246701729484e-05,,0.0038051605224609375,,0.0054556760005652905,,0.023652227595448494,,0.012898033484816551,,0.018926719203591347,,0.02367188036441803
,,2625,,,,,,,,,,,,,,,,3.3194357911270345e-06,,0.0018749237060546875,,0.002242166083306074,,0.009219671599566936,,0.008763269521296024,,0.011816725134849548,,0.009222990833222866
,,2626,,,,,,,,,,,,,,,,3.746604488696903e-05,,0.0051631927490234375,,0.007532838266342878,,0.014415130019187927,,0.010916278697550297,,0.014775720424950123,,0.014452596195042133
,,2627,,,,,,,,,,,,,,,,1.0714391464716755e-05,,0.003665924072265625,,0.0040283058770000935,,0.007637072820216417,,0.008068986237049103,,0.010754810646176338,,0.007647787220776081
,,2628,,,,,,,,,,,,,,,,5.351669187803054e-06,,0.0018482208251953125,,0.002846955321729183,,0.00961086992174387,,0.008933262899518013,,0.012064811773598194,,0.00961622130125761
,,2629,,,,,,,,,,,,,,,,1.3212467820267193e-05,,0.003986358642578125,,0.004473304841667414,,0.013855288736522198,,0.010522222146391869,,0.01448595616966486,,0.013868501409888268
,,2630,,,,,,,,,,,,,,,,4.312174132792279e-05,,0.0070476531982421875,,0.008081436157226562,,0.017969846725463867,,0.012238570488989353,,0.01649724878370762,,0.018012968823313713
,,2631,,,,,,,,,,,,,,,,1.2837015674449503e-05,,0.003543853759765625,,0.004409314598888159,,0.017531685531139374,,0.011959048919379711,,0.016294879838824272,,0.017544522881507874
,,2632,,,,,,,,,,,,,,,,9.71065674093552e-06,,0.0031280517578125,,0.0038349833339452744,,0.011280705220997334,,0.009425418451428413,,0.013070961460471153,,0.011290416121482849
,,2633,,,,,,,,,,,,,,,,2.009881427511573e-05,,0.0043163299560546875,,0.0055172680877149105,,0.014180892147123814,,0.010902381502091885,,0.014655175618827343,,0.01420099101960659
,,2634,,,,,,,,,,,,,,,,8.353074008482508e-06,,0.0027980804443359375,,0.0035568242892622948,,0.014590839855372906,,0.010295016691088676,,0.014865496195852757,,0.014599192887544632
,,2635,,,,,,,,,,,,,,,,2.1484727767528966e-05,,0.0050678253173828125,,0.0057043107226490974,,0.011216781102120876,,0.009465374052524567,,0.013033876195549965,,0.01123826578259468
,,2636,,,,,,,,,,,,,,,,1.6599482478341088e-05,,0.0047512054443359375,,0.005014041904360056,,0.01121511124074459,,0.009492963552474976,,0.013032902963459492,,0.011231711134314537
,,2637,,,,,,,,,,,,,,,,8.607822564954404e-06,,0.003021240234375,,0.0036106547340750694,,0.01394988689571619,,0.010678159072995186,,0.014535319060087204,,0.013958495110273361
,,2638,,,,,,,,,,,,,,,,4.236220320308348e-06,,0.002532958984375,,0.002532958984375,,0.005621711723506451,,0.007051245309412479,,0.009227277711033821,,0.005625947844237089
90,,11556,,,,,,,,,,,,,,,2.6930367312161252e-05,,0.004252794198691845,,0.0054092383943498135,,0.014388645999133587,,0.010555045679211617,,0.01461009494960308,,0.014150372706353664,
90,,11556,0.000655122974421829,,0.026081012561917305,,0.027699226513504982,,0.018050694838166237,,0.012267802841961384,,0.016419941559433937,,0.01870671659708023,,,,,,,,,,,,,,,
,0.0005,11557,,,,,,,,,,,,,,,,,,,,,,,,,,,,
91,,11559,,0.0031379915308207273,,0.06877708435058594,,0.0689394623041153,,0.016996201127767563,,0.012053188867866993,,0.016044095158576965,,0.02013419196009636,,,,,,,,,,,,,,
91,,11569,,0.0024883425794541836,,0.06105232238769531,,0.061389513313770294,,0.01694997400045395,,0.01170908659696579,,0.01602226123213768,,0.01943831704556942,,,,,,,,,,,,,,
91,,11579,,0.001288113882765174,,0.043524742126464844,,0.04416683688759804,,0.01675523817539215,,0.012238465249538422,,0.01592995598912239,,0.01804335229098797,,,,,,,,,,,,,,
91,,11589,,0.00021880041458643973,,0.016065597534179688,,0.018203094601631165,,0.036115724593400955,,0.017271284013986588,,0.023387696593999863,,0.03633452579379082,,,,,,,,,,,,,,
91,,11599,,0.0038319346494972706,,0.07567882537841797,,0.07618007808923721,,0.024166619405150414,,0.0144210709258914,,0.01913142018020153,,0.027998553588986397,,,,,,,,,,,,,,
91,,11609,,0.0002937150129582733,,0.02009105682373047,,0.021091239526867867,,0.019408147782087326,,0.013021835125982761,,0.017144756391644478,,0.019701862707734108,,,,,,,,,,,,,,
91,,11619,,0.0003775972290895879,,0.022849082946777344,,0.023913409560918808,,0.021342197433114052,,0.013436856679618359,,0.017978724092245102,,0.0217197947204113,,,,,,,,,,,,,,
91,,11629,,0.0005686424556188285,,0.02887248992919922,,0.029345782473683357,,0.014324778690934181,,0.01132617611438036,,0.014729341492056847,,0.014893420971930027,,,,,,,,,,,,,,
91,,11639,,0.0017899369122460485,,0.050628662109375,,0.05206498131155968,,0.023704390972852707,,0.014048590324819088,,0.018947584554553032,,0.025494327768683434,,,,,,,,,,,,,,
91,,11649,,0.002649675589054823,,0.06254291534423828,,0.06334631890058517,,0.027535870671272278,,0.014843475073575974,,0.020421553403139114,,0.030185546725988388,,,,,,,,,,,,,,
91,,11659,,4.7585137508576736e-05,,0.00704193115234375,,0.008488175459206104,,0.02943412773311138,,0.01574951969087124,,0.02111373096704483,,0.029481712728738785,,,,,,,,,,,,,,
91,,11669,,0.0037377821281552315,,0.07188892364501953,,0.07524134963750839,,0.036539871245622635,,0.01754085160791874,,0.023524627089500427,,0.04027765244245529,,,,,,,,,,,,,,
91,,11679,,0.0025038509629666805,,0.06049919128417969,,0.06157967448234558,,0.038826048374176025,,0.016960259526968002,,0.024249395355582237,,0.041329897940158844,,,,,,,,,,,,,,
,,2639,,,,,,,,,,,,,,,,2.8298894903855398e-05,,0.005035400390625,,0.00654672272503376,,0.012133695185184479,,0.010009733960032463,,0.013556133024394512,,0.012161994352936745
,,2640,,,,,,,,,,,,,,,,6.825039235991426e-06,,0.002635955810546875,,0.00321508152410388,,0.01688881404697895,,0.011385280638933182,,0.015993332490324974,,0.016895638778805733
,,2641,,,,,,,,,,,,,,,,7.464107511623297e-06,,0.0030498504638671875,,0.003362230956554413,,0.021804317831993103,,0.01208819355815649,,0.01817232370376587,,0.02181178145110607
,,2642,,,,,,,,,,,,,,,,1.3584960470325314e-05,,0.003459930419921875,,0.004535962361842394,,0.01823815517127514,,0.012353585101664066,,0.016619956120848656,,0.01825173944234848
,,2643,,,,,,,,,,,,,,,,9.154384315479547e-06,,0.00279998779296875,,0.003723535453900695,,0.013084365986287594,,0.00988911371678114,,0.01407717540860176,,0.01309351995587349
,,2644,,,,,,,,,,,,,,,,1.165993217000505e-05,,0.0033245086669921875,,0.004202310927212238,,0.013062714599072933,,0.010456512682139874,,0.01406552828848362,,0.013074374757707119
,,2645,,,,,,,,,,,,,,,,1.7809792552725412e-05,,0.004367828369140625,,0.005193589720875025,,0.012822795659303665,,0.010108503513038158,,0.01393576618283987,,0.012840605340898037
,,2646,,,,,,,,,,,,,,,,9.582145139575005e-06,,0.0029430389404296875,,0.0038095249328762293,,0.007272594142705202,,0.007741120643913746,,0.010495036840438843,,0.0072821760550141335
,,2647,,,,,,,,,,,,,,,,3.190986535628326e-05,,0.0059413909912109375,,0.006951875053346157,,0.01493497658520937,,0.010930348187685013,,0.015039785765111446,,0.01496688649058342
,,2648,,,,,,,,,,,,,,,,3.42577368428465e-05,,0.0058650970458984375,,0.00720307556912303,,0.012887001037597656,,0.010401202365756035,,0.013970606960356236,,0.012921258807182312
,,2649,,,,,,,,,,,,,,,,2.2514566808240488e-05,,0.0050640106201171875,,0.0058394307270646095,,0.011338445357978344,,0.009145726449787617,,0.013104368932545185,,0.011360960081219673
,,2650,,,,,,,,,,,,,,,,2.1974468836560845e-05,,0.00530242919921875,,0.005768937524408102,,0.020352162420749664,,0.012270214967429638,,0.017556769773364067,,0.020374136045575142
,,2651,,,,,,,,,,,,,,,,0.00030497321859002113,,0.012220382690429688,,0.02149166911840439,,0.016609011217951775,,0.011808238923549652,,0.015860294923186302,,0.01691398397088051
,,2652,,,,,,,,,,,,,,,,1.0610829122015275e-05,,0.003192901611328125,,0.004008802119642496,,0.018397023901343346,,0.011945145204663277,,0.016692178323864937,,0.018407635390758514
,,2653,,,,,,,,,,,,,,,,1.8683986127143726e-05,,0.003826141357421875,,0.005319543182849884,,0.02290034480392933,,0.012737603858113289,,0.018623461946845055,,0.022919028997421265
,,2654,,,,,,,,,,,,,,,,4.331419859227026e-06,,0.0022335052490234375,,0.002561256056651473,,0.008848306722939014,,0.008558141067624092,,0.011576291173696518,,0.008852638304233551
,,2655,,,,,,,,,,,,,,,,3.8097768992884085e-05,,0.00543975830078125,,0.007596072740852833,,0.014470129273831844,,0.010875612497329712,,0.014803881756961346,,0.01450822688639164
,,2656,,,,,,,,,,,,,,,,1.253236405318603e-05,,0.0038604736328125,,0.004356678109616041,,0.007683480158448219,,0.008103614673018456,,0.010787436738610268,,0.0076960125006735325
,,2657,,,,,,,,,,,,,,,,5.506711659108987e-06,,0.002109527587890625,,0.002887904644012451,,0.00950221624225378,,0.008893938735127449,,0.011996420100331306,,0.009507723152637482
,,2658,,,,,,,,,,,,,,,,1.5200588677544147e-05,,0.00394439697265625,,0.004798094742000103,,0.013795563019812107,,0.01044396311044693,,0.01445470005273819,,0.013810764066874981
,,2659,,,,,,,,,,,,,,,,4.397178418003023e-05,,0.007213592529296875,,0.008160702884197235,,0.01760351099073887,,0.012156276032328606,,0.016328226774930954,,0.017647482454776764
,,2660,,,,,,,,,,,,,,,,1.3574281183537096e-05,,0.0037975311279296875,,0.0045341686345636845,,0.01822775974869728,,0.012165416032075882,,0.016615213826298714,,0.018241334706544876
,,2661,,,,,,,,,,,,,,,,1.0054318408947438e-05,,0.0032062530517578125,,0.0039022432174533606,,0.01109750010073185,,0.009271271526813507,,0.01296438742429018,,0.011107554659247398
,,2662,,,,,,,,,,,,,,,,1.9518185581546277e-05,,0.0043849945068359375,,0.005436994135379791,,0.01408514752984047,,0.01087777316570282,,0.014605619944632053,,0.014104665257036686
,,2663,,,,,,,,,,,,,,,,1.0062063665827736e-05,,0.0030918121337890625,,0.003903749631717801,,0.014432927593588829,,0.01023657526820898,,0.014784833416342735,,0.014442989602684975
,,2664,,,,,,,,,,,,,,,,2.2637897927779704e-05,,0.005245208740234375,,0.005855415016412735,,0.011270387098193169,,0.009478135965764523,,0.013064982369542122,,0.011293024756014347
,,2665,,,,,,,,,,,,,,,,1.8146965885534883e-05,,0.004863739013671875,,0.005242515355348587,,0.011233165860176086,,0.009490616619586945,,0.013043386861681938,,0.011251312680542469
,,2666,,,,,,,,,,,,,,,,7.852866474422626e-06,,0.0028705596923828125,,0.0034487100783735514,,0.013420788571238518,,0.010488342493772507,,0.014257007278501987,,0.013428641483187675
,,2667,,,,,,,,,,,,,,,,6.087738256610464e-06,,0.0030364990234375,,0.0030364990234375,,0.0058239237405359745,,0.007163134403526783,,0.009391764178872108,,0.005830011330544949
91,,11683,,,,,,,,,,,,,,,2.743296317930799e-05,,0.00432603619992733,,0.005483958870172501,,0.014191120862960815,,0.010496195405721664,,0.014514454640448093,,0.013965449295938015,
91,,11683,0.0021282455418258905,,0.0433330163359642,,0.045194484293460846,,0.02485431544482708,,0.014048445969820023,,0.019088884815573692,,0.026991330087184906,,,,,,,,,,,,,,,
,0.0005,11684,,,,,,,,,,,,,,,,,,,,,,,,,,,,
92,,11689,,0.0012861869763582945,,0.04205894470214844,,0.044137753546237946,,0.045031748712062836,,0.018439749255776405,,0.026115519925951958,,0.0463179349899292,,,,,,,,,,,,,,
92,,11699,,2.35161351156421e-05,,0.004795074462890625,,0.00596853019669652,,0.02427089214324951,,0.013939167372882366,,0.01917264796793461,,0.024294408038258553,,,,,,,,,,,,,,
92,,11709,,0.00038859169580973685,,0.023316383361816406,,0.024260669946670532,,0.021794775500893593,,0.01401315163820982,,0.01816835254430771,,0.022183367982506752,,,,,,,,,,,,,,
92,,11719,,0.00011575208918657154,,0.009322166442871094,,0.013240541331470013,,0.019969835877418518,,0.012933330610394478,,0.017391080036759377,,0.020085588097572327,,,,,,,,,,,,,,
92,,11729,,0.000441192154539749,,0.024519920349121094,,0.025849217548966408,,0.017191680148243904,,0.011995695531368256,,0.01613609679043293,,0.017632871866226196,,,,,,,,,,,,,,
92,,11739,,0.0005310672568157315,,0.027805328369140625,,0.02835984155535698,,0.013660973869264126,,0.010671280324459076,,0.014384016394615173,,0.014192041009664536,,,,,,,,,,,,,,
92,,11749,,0.0019368871580809355,,0.05396080017089844,,0.05416220426559448,,0.014598233625292778,,0.01126059703528881,,0.014869263395667076,,0.016535120084881783,,,,,,,,,,,,,,
92,,11759,,0.00241856649518013,,0.06030559539794922,,0.060521744191646576,,0.013714169152081013,,0.010972271673381329,,0.014411990530788898,,0.016132734715938568,,,,,,,,,,,,,,
92,,11769,,0.0003702900721691549,,0.020898818969726562,,0.023679666221141815,,0.03162136301398277,,0.014947636984288692,,0.021884135901927948,,0.03199165314435959,,,,,,,,,,,,,,
92,,11779,,0.00013030634727329016,,0.012346267700195312,,0.014047810807824135,,0.01765286922454834,,0.012652833946049213,,0.01635110005736351,,0.01778317615389824,,,,,,,,,,,,,,
92,,11789,,0.00010223998833680525,,0.008810043334960938,,0.012445079162716866,,0.025993824005126953,,0.014273819513618946,,0.019841494038701057,,0.02609606459736824,,,,,,,,,,,,,,
92,,11799,,0.00017375656170770526,,0.014272689819335938,,0.01622193679213524,,0.03270430490374565,,0.017043564468622208,,0.022255728021264076,,0.03287805989384651,,,,,,,,,,,,,,
92,,11809,,0.0012060862500220537,,0.04198741912841797,,0.04273825138807297,,0.02396123856306076,,0.014508428983390331,,0.019049955531954765,,0.025167325511574745,,,,,,,,,,,,,,
,,2668,,,,,,,,,,,,,,,,2.4408887838944793e-05,,0.0047740936279296875,,0.006080156192183495,,0.011893441900610924,,0.01001444086432457,,0.013421252369880676,,0.01191785093396902
,,2669,,,,,,,,,,,,,,,,6.387524535966804e-06,,0.0025577545166015625,,0.003110309597104788,,0.016740793362259865,,0.011381132528185844,,0.015923092141747475,,0.016747180372476578
,,2670,,,,,,,,,,,,,,,,7.33295792088029e-06,,0.0030879974365234375,,0.003332565538585186,,0.023104259744286537,,0.012153991498053074,,0.018706180155277252,,0.02311159297823906
,,2671,,,,,,,,,,,,,,,,1.5681212971685454e-05,,0.0034503936767578125,,0.004873365163803101,,0.01861950010061264,,0.012467839755117893,,0.01679280400276184,,0.018635181710124016
,,2672,,,,,,,,,,,,,,,,1.0774099791888148e-05,,0.0030155181884765625,,0.004039535764604807,,0.014254751615226269,,0.009984029456973076,,0.014693292789161205,,0.014265526086091995
,,2673,,,,,,,,,,,,,,,,1.142427481681807e-05,,0.0034084320068359375,,0.004159626085311174,,0.013336870819330215,,0.010590417310595512,,0.01421236339956522,,0.013348295353353024
,,2674,,,,,,,,,,,,,,,,1.4772122085560113e-05,,0.0040073394775390625,,0.004730000160634518,,0.012865421362221241,,0.010118259117007256,,0.013958905823528767,,0.012880193069577217
,,2675,,,,,,,,,,,,,,,,1.1031924259441439e-05,,0.0032978057861328125,,0.004087558016180992,,0.007131297141313553,,0.007733366917818785,,0.010392586700618267,,0.0071423291228711605
,,2676,,,,,,,,,,,,,,,,2.9894908948335797e-05,,0.005741119384765625,,0.006728797219693661,,0.014774961397051811,,0.010923328809440136,,0.014958998188376427,,0.014804855920374393
,,2677,,,,,,,,,,,,,,,,3.0194642022252083e-05,,0.00582122802734375,,0.006762432865798473,,0.012678008526563644,,0.010313156060874462,,0.013856860809028149,,0.012708202935755253
,,2678,,,,,,,,,,,,,,,,2.0439802028704435e-05,,0.004802703857421875,,0.005563884507864714,,0.011129708960652351,,0.009062401950359344,,0.012983186170458794,,0.011150148697197437
,,2679,,,,,,,,,,,,,,,,1.9445047655608505e-05,,0.004852294921875,,0.005426779389381409,,0.020057059824466705,,0.012127367779612541,,0.017429020255804062,,0.020076503977179527
,,2680,,,,,,,,,,,,,,,,0.00028655037749558687,,0.011617660522460938,,0.020832419395446777,,0.016413655132055283,,0.01175160612910986,,0.015766747295856476,,0.016700206324458122
,,2681,,,,,,,,,,,,,,,,1.2458122000680305e-05,,0.003429412841796875,,0.004343732725828886,,0.018387068063020706,,0.011976686306297779,,0.016687659546732903,,0.018399525433778763
,,2682,,,,,,,,,,,,,,,,1.289127794734668e-05,,0.003448486328125,,0.004418651107698679,,0.022561728954315186,,0.012639091350138187,,0.018485255539417267,,0.022574620321393013
,,2683,,,,,,,,,,,,,,,,3.007761279150145e-06,,0.0018463134765625,,0.0021343359258025885,,0.008916777558624744,,0.008569841273128986,,0.011620995588600636,,0.008919785730540752
,,2684,,,,,,,,,,,,,,,,3.372808714630082e-05,,0.005084991455078125,,0.007147195283323526,,0.014104451052844524,,0.01074322871863842,,0.014615630730986595,,0.014138178899884224
,,2685,,,,,,,,,,,,,,,,1.1135253771499265e-05,,0.0036563873291015625,,0.004106659442186356,,0.007604650221765041,,0.008067931048572063,,0.010731955990195274,,0.007615785580128431
,,2686,,,,,,,,,,,,,,,,6.370063601934817e-06,,0.0023250579833984375,,0.0031060492619872093,,0.009174793027341366,,0.00875941477715969,,0.011787926778197289,,0.009181163273751736
,,2687,,,,,,,,,,,,,,,,1.2428532500052825e-05,,0.0036830902099609375,,0.0043385871686041355,,0.013709678314626217,,0.010434047318994999,,0.014409633353352547,,0.01372210681438446
,,2688,,,,,,,,,,,,,,,,4.135735798627138e-05,,0.007030487060546875,,0.00791438203305006,,0.017160428687930107,,0.012029433622956276,,0.01612142100930214,,0.01720178686082363
,,2689,,,,,,,,,,,,,,,,1.2240101568750106e-05,,0.0036754608154296875,,0.004305578302592039,,0.017958248034119606,,0.012131641618907452,,0.016491923481225967,,0.017970487475395203
,,2690,,,,,,,,,,,,,,,,8.877976142684929e-06,,0.002994537353515625,,0.0036668747197836637,,0.010936173610389233,,0.009192238561809063,,0.01286980789154768,,0.010945051908493042
,,2691,,,,,,,,,,,,,,,,1.6212106856983155e-05,,0.0039424896240234375,,0.00495518185198307,,0.013886872678995132,,0.010845203883945942,,0.014502453617751598,,0.013903085142374039
,,2692,,,,,,,,,,,,,,,,8.622001587355044e-06,,0.0027980804443359375,,0.0036136237904429436,,0.014338068664073944,,0.010211488232016563,,0.014736167155206203,,0.014346690848469734
,,2693,,,,,,,,,,,,,,,,2.0098006643820554e-05,,0.004886627197265625,,0.005517139099538326,,0.01114990096539259,,0.009423079900443554,,0.012994958087801933,,0.011169998906552792
,,2694,,,,,,,,,,,,,,,,1.8064169125864282e-05,,0.004848480224609375,,0.005230571608990431,,0.011407099664211273,,0.009538712911307812,,0.01314398180693388,,0.011425163596868515
,,2695,,,,,,,,,,,,,,,,6.797697096772026e-06,,0.0027256011962890625,,0.0032086435239762068,,0.013149123638868332,,0.010401980951428413,,0.01411196868866682,,0.01315592136234045
,,2696,,,,,,,,,,,,,,,,5.20463891007239e-06,,0.0028076171875,,0.0028076171875,,0.005762764718383551,,0.0072289565578103065,,0.009342319332063198,,0.005767969414591789
92,,11810,,,,,,,,,,,,,,,2.5360954168718308e-05,,0.004165717400610447,,0.005265265237540007,,0.014156983233988285,,0.010470720008015633,,0.014491549693048,,0.013928462751209736,
92,,11810,0.0009618911426514387,,0.0288732647895813,,0.030832327902317047,,0.02111247554421425,,0.013270394876599312,,0.01769704557955265,,0.02207399159669876,,,,,,,,,,,,,,,
,0.0005,11811,,,,,,,,,,,,,,,,,,,,,,,,,,,,
93,,11819,,0.0001784428022801876,,0.015737533569335938,,0.01643962785601616,,0.019392168149352074,,0.012016692198812962,,0.01713770069181919,,0.01957061141729355,,,,,,,,,,,,,,
93,,11829,,0.0002796942135319114,,0.01895427703857422,,0.02057982049882412,,0.021376900374889374,,0.013397599570453167,,0.01799333654344082,,0.021656595170497894,,,,,,,,,,,,,,
93,,11839,,0.0003035853151232004,,0.0203094482421875,,0.02144201286137104,,0.024160051718354225,,0.013556261546909809,,0.019128819927573204,,0.024463636800646782,,,,,,,,,,,,,,
93,,11849,,0.0014350269921123981,,0.04569816589355469,,0.04661941155791283,,0.027159400284290314,,0.015016991645097733,,0.02028147131204605,,0.028594426810741425,,,,,,,,,,,,,,
93,,11859,,0.0034469463862478733,,0.0717763900756836,,0.07225263118743896,,0.02607955038547516,,0.01502887811511755,,0.019874190911650658,,0.029526496306061745,,,,,,,,,,,,,,
93,,11869,,0.0007133897743187845,,0.03174877166748047,,0.03286892548203468,,0.024204326793551445,,0.01356879435479641,,0.01914633996784687,,0.024917716160416603,,,,,,,,,,,,,,
93,,11879,,0.00010939013009192422,,0.011004447937011719,,0.0128733329474926,,0.039606548845767975,,0.016734367236495018,,0.024491913616657257,,0.03971593827009201,,,,,,,,,,,,,,
93,,11889,,0.0005917961243540049,,0.028908729553222656,,0.029939690604805946,,0.026668183505535126,,0.015268785879015923,,0.020097224041819572,,0.027259979397058487,,,,,,,,,,,,,,
93,,11899,,0.0003051627427339554,,0.01738452911376953,,0.021498577669262886,,0.0333188958466053,,0.016252826899290085,,0.022463874891400337,,0.033624060451984406,,,,,,,,,,,,,,
93,,11909,,0.0030565245542675257,,0.0671854019165039,,0.06803762167692184,,0.05195213109254837,,0.019499842077493668,,0.02805052138864994,,0.0550086572766304,,,,,,,,,,,,,,
93,,11919,,0.0007949370192363858,,0.032436370849609375,,0.03469901904463768,,0.03370598703622818,,0.017221791669726372,,0.022593986243009567,,0.03450092300772667,,,,,,,,,,,,,,
93,,11929,,0.0033458457328379154,,0.06720542907714844,,0.0711846873164177,,0.04398428276181221,,0.018943024799227715,,0.025810005143284798,,0.04733012989163399,,,,,,,,,,,,,,
,,2697,,,,,,,,,,,,,,,,1.8950970115838572e-05,,0.0041332244873046875,,0.005357413087040186,,0.01216687448322773,,0.010114517994225025,,0.013574653305113316,,0.012185825034976006
,,2698,,,,,,,,,,,,,,,,7.455287232005503e-06,,0.00299072265625,,0.003360243747010827,,0.017159532755613327,,0.01146339625120163,,0.016121001914143562,,0.0171669889241457
,,2699,,,,,,,,,,,,,,,,1.0137072422367055e-05,,0.00357818603515625,,0.003918271511793137,,0.023142412304878235,,0.012173543684184551,,0.018721627071499825,,0.02315254881978035
,,2700,,,,,,,,,,,,,,,,1.3818567822454497e-05,,0.0035343170166015625,,0.0045747715048491955,,0.018483290448784828,,0.012479164637625217,,0.016731273382902145,,0.018497109413146973
,,2701,,,,,,,,,,,,,,,,1.2212748515594285e-05,,0.0032672882080078125,,0.004300776403397322,,0.014401092194020748,,0.009984644129872322,,0.014768527820706367,,0.014413304626941681
,,2702,,,,,,,,,,,,,,,,1.0964930879708845e-05,,0.00325775146484375,,0.004075139295309782,,0.013439149595797062,,0.010600361973047256,,0.014266752637922764,,0.013450114987790585
,,2703,,,,,,,,,,,,,,,,2.0128531105001457e-05,,0.00484466552734375,,0.005521341692656279,,0.012658996507525444,,0.01010858453810215,,0.013846471905708313,,0.012679125182330608
,,2704,,,,,,,,,,,,,,,,1.2633803635253571e-05,,0.003459930419921875,,0.004374285228550434,,0.007212028838694096,,0.007759141735732555,,0.010451247915625572,,0.007224662695080042
,,2705,,,,,,,,,,,,,,,,3.3239080948987976e-05,,0.00595855712890625,,0.007095193490386009,,0.014624281786382198,,0.010872126556932926,,0.0148825254291296,,0.014657520689070225
,,2706,,,,,,,,,,,,,,,,3.555259172571823e-05,,0.0061740875244140625,,0.0073379287496209145,,0.01253968384116888,,0.010243210941553116,,0.013781057670712471,,0.012575236149132252
,,2707,,,,,,,,,,,,,,,,2.2617547074332833e-05,,0.00508880615234375,,0.005852775182574987,,0.010916349478065968,,0.009020905010402203,,0.012858138419687748,,0.010938966646790504
,,2708,,,,,,,,,,,,,,,,2.672126720426604e-05,,0.0057926177978515625,,0.00636159535497427,,0.020272670313715935,,0.012165606021881104,,0.017522446811199188,,0.020299391821026802
,,2709,,,,,,,,,,,,,,,,0.0002719711628742516,,0.011966705322265625,,0.02029556781053543,,0.01681344211101532,,0.011915150098502636,,0.015957601368427277,,0.01708541251718998
,,2710,,,,,,,,,,,,,,,,1.4731406736245845e-05,,0.003749847412109375,,0.004723445512354374,,0.018723538145422935,,0.012168253771960735,,0.016839656978845596,,0.018738269805908203
,,2711,,,,,,,,,,,,,,,,1.4569253835361451e-05,,0.0037136077880859375,,0.00469739967957139,,0.023070180788636208,,0.012729860842227936,,0.018692389130592346,,0.023084750398993492
,,2712,,,,,,,,,,,,,,,,6.159621989354491e-06,,0.00267791748046875,,0.0030543506145477295,,0.008744485676288605,,0.008543194271624088,,0.011508173309266567,,0.008750645443797112
,,2713,,,,,,,,,,,,,,,,3.5602635762188584e-05,,0.0055389404296875,,0.007343097124248743,,0.013903157785534859,,0.010664026252925396,,0.014510958455502987,,0.01393876038491726
,,2714,,,,,,,,,,,,,,,,1.5410278138006106e-05,,0.004367828369140625,,0.004831081721931696,,0.007548606023192406,,0.008049815893173218,,0.010692337527871132,,0.007564016152173281
,,2715,,,,,,,,,,,,,,,,7.269323759828694e-06,,0.0027446746826171875,,0.0033180718310177326,,0.00906526017934084,,0.008728371933102608,,0.011717352084815502,,0.009072529152035713
,,2716,,,,,,,,,,,,,,,,1.6265195881715044e-05,,0.0039997100830078125,,0.004963286221027374,,0.013366060331463814,,0.010336646810173988,,0.014227909967303276,,0.013382325880229473
,,2717,,,,,,,,,,,,,,,,4.167077713645995e-05,,0.0069332122802734375,,0.007944300770759583,,0.017361173406243324,,0.01207094918936491,,0.016215447336435318,,0.01740284450352192
,,2718,,,,,,,,,,,,,,,,1.3479322660714388e-05,,0.0040435791015625,,0.004518276546150446,,0.017465077340602875,,0.012011952698230743,,0.016263894736766815,,0.01747855730354786
,,2719,,,,,,,,,,,,,,,,9.455574399908073e-06,,0.002735137939453125,,0.003784271888434887,,0.010992833413183689,,0.009218665771186352,,0.012903103604912758,,0.01100228913128376
,,2720,,,,,,,,,,,,,,,,1.8702012312132865e-05,,0.0046367645263671875,,0.005322100128978491,,0.014014664106070995,,0.010895035229623318,,0.01456903014332056,,0.014033365994691849
,,2721,,,,,,,,,,,,,,,,1.1220496162422933e-05,,0.00333404541015625,,0.0041223447769880295,,0.014247707091271877,,0.01020880788564682,,0.01468966156244278,,0.014258927665650845
,,2722,,,,,,,,,,,,,,,,2.2121419533505104e-05,,0.0050201416015625,,0.005788216833025217,,0.011315829120576382,,0.009442104026675224,,0.013091293163597584,,0.011337950825691223
,,2723,,,,,,,,,,,,,,,,1.9824707123916596e-05,,0.0050067901611328125,,0.005479522980749607,,0.011407323181629181,,0.009615990333259106,,0.013144107535481453,,0.01142714824527502
,,2724,,,,,,,,,,,,,,,,8.777370567258913e-06,,0.00319671630859375,,0.0036460524424910545,,0.013031994923949242,,0.010366827249526978,,0.014048975892364979,,0.013040772639214993
,,2725,,,,,,,,,,,,,,,,7.782626198604703e-06,,0.0034332275390625,,0.0034332275390625,,0.005913705565035343,,0.007254328113049269,,0.009463878348469734,,0.005921488162130117
93,,11937,,,,,,,,,,,,,,,2.67603863903787e-05,,0.0044862194918096066,,0.005560543388128281,,0.01418051216751337,,0.010483827441930771,,0.014498863369226456,,0.013957271352410316,
93,,11937,0.0019182278774678707,,0.043670009821653366,,0.04566001147031784,,0.029455503448843956,,0.015224944800138474,,0.02082054130733013,,0.03138231486082077,,,,,,,,,,,,,,,
,0.0005,11938,,,,,,,,,,,,,,,,,,,,,,,,,,,,
94,,11939,,0.00288178026676178,,0.06398296356201172,,0.06606310606002808,,0.051719967275857925,,0.018890224397182465,,0.027987774461507797,,0.054601747542619705,,,,,,,,,,,,,,
94,,11949,,0.006538810674101114,,0.0988006591796875,,0.09951430559158325,,0.028259053826332092,,0.015239874832332134,,0.020687980577349663,,0.03479786589741707,,,,,,,,,,,,,,
94,,11959,,0.0025930716656148434,,0.060158729553222656,,0.06266742944717407,,0.05686507746577263,,0.018868371844291687,,0.029346898198127747,,0.05945814773440361,,,,,,,,,,,,,,
94,,11969,,0.0006580915069207549,,0.02432727813720703,,0.031569890677928925,,0.06455457210540771,,0.023608526214957237,,0.031268198043107986,,0.0652126669883728,,,,,,,,,,,,,,
94,,11979,,0.005691587924957275,,0.09062957763671875,,0.09284619987010956,,0.08269436657428741,,0.025592727586627007,,0.0353897325694561,,0.08838595449924469,,,,,,,,,,,,,,
94,,11989,,0.0046621509827673435,,0.0832061767578125,,0.08403061330318451,,0.04271349683403969,,0.019119875505566597,,0.025434425100684166,,0.047375649213790894,,,,,,,,,,,,,,
94,,11999,,0.0017974922666326165,,0.05095195770263672,,0.05217716842889786,,0.030703112483024597,,0.016039274632930756,,0.02156405709683895,,0.032500606030225754,,,,,,,,,,,,,,
94,,12009,,0.0003868179046548903,,0.02048778533935547,,0.024205109104514122,,0.03941169008612633,,0.01794186420738697,,0.024431593716144562,,0.03979850932955742,,,,,,,,,,,,,,
94,,12019,,0.0007112162420526147,,0.03149127960205078,,0.032819654792547226,,0.021530631929636,,0.013485204428434372,,0.018057920038700104,,0.022241847589612007,,,,,,,,,,,,,,
94,,12029,,0.0013645654544234276,,0.044289588928222656,,0.04546058550477028,,0.022550424560904503,,0.0142044797539711,,0.018480626866221428,,0.023914989084005356,,,,,,,,,,,,,,
94,,12039,,0.00017071596812456846,,0.013838768005371094,,0.01607854850590229,,0.02959722839295864,,0.015795642510056496,,0.021172145381569862,,0.029767943546175957,,,,,,,,,,,,,,
94,,12049,,0.0004647659370675683,,0.025180816650390625,,0.02653041109442711,,0.02047758549451828,,0.013566914014518261,,0.017610784620046616,,0.02094235084950924,,,,,,,,,,,,,,
94,,12059,,0.008951391093432903,,0.11257171630859375,,0.11643467098474503,,0.03163260594010353,,0.01562407799065113,,0.02188803441822529,,0.04058399796485901,,,,,,,,,,,,,,
,,2726,,,,,,,,,,,,,,,,2.0351428247522563e-05,,0.0040740966796875,,0.005551872309297323,,0.01242857426404953,,0.01018452923744917,,0.01371986698359251,,0.012448925524950027
,,2727,,,,,,,,,,,,,,,,7.781705789966509e-06,,0.0027942657470703125,,0.0034330198541283607,,0.01737888902425766,,0.011518917977809906,,0.016223717480897903,,0.017386671155691147
,,2728,,,,,,,,,,,,,,,,1.0789181033032946e-05,,0.0036945343017578125,,0.004042344633489847,,0.023767229169607162,,0.01218479871749878,,0.018972676247358322,,0.023778017610311508
,,2729,,,,,,,,,,,,,,,,1.1033404007321224e-05,,0.003772735595703125,,0.004087846260517836,,0.018564563244581223,,0.012425999157130718,,0.016768015921115875,,0.018575597554445267
,,2730,,,,,,,,,,,,,,,,1.1628069842117839e-05,,0.0033016204833984375,,0.0041965520940721035,,0.015136348083615303,,0.010069330222904682,,0.015140830539166927,,0.015147976577281952
,,2731,,,,,,,,,,,,,,,,8.808999155007768e-06,,0.0028972625732421875,,0.0036526040639728308,,0.013363619334995747,,0.010581274516880512,,0.014226607978343964,,0.013372428715229034
,,2732,,,,,,,,,,,,,,,,2.482018680893816e-05,,0.0052547454833984375,,0.006131150294095278,,0.012530626729130745,,0.010083814151585102,,0.013776084408164024,,0.012555446475744247
,,2733,,,,,,,,,,,,,,,,1.3953622328699566e-05,,0.0036792755126953125,,0.00459709158167243,,0.007180619984865189,,0.007762240711599588,,0.010428463108837605,,0.007194573525339365
,,2734,,,,,,,,,,,,,,,,3.543065395206213e-05,,0.0060787200927734375,,0.007325365208089352,,0.014272294007241726,,0.010746237821877003,,0.014702330343425274,,0.014307724311947823
,,2735,,,,,,,,,,,,,,,,3.705385825014673e-05,,0.0060367584228515625,,0.0074912747368216515,,0.01270606741309166,,0.010318277403712273,,0.013872185721993446,,0.012743121013045311
,,2736,,,,,,,,,,,,,,,,2.4081107767415233e-05,,0.0052947998046875,,0.0060391658917069435,,0.010976774618029594,,0.008969223126769066,,0.012893675826489925,,0.011000855825841427
,,2737,,,,,,,,,,,,,,,,3.516130163916387e-05,,0.006561279296875,,0.007297426927834749,,0.020247269421815872,,0.01221035048365593,,0.01751146838068962,,0.020282430574297905
,,2738,,,,,,,,,,,,,,,,0.0002976795076392591,,0.012363433837890625,,0.02123314142227173,,0.017009573057293892,,0.012053895741701126,,0.016050411388278008,,0.017307251691818237
,,2739,,,,,,,,,,,,,,,,1.397756568621844e-05,,0.0033321380615234375,,0.004601002670824528,,0.01981743425130844,,0.012446788139641285,,0.01732459105551243,,0.01983141154050827
,,2740,,,,,,,,,,,,,,,,2.41269008256495e-05,,0.0047512054443359375,,0.0060449340380728245,,0.02347983792424202,,0.012871362268924713,,0.018857620656490326,,0.023503964766860008
,,2741,,,,,,,,,,,,,,,,8.263939889729954e-06,,0.0030117034912109375,,0.003537814598530531,,0.008735762909054756,,0.008598742075264454,,0.011502433568239212,,0.00874402653425932
,,2742,,,,,,,,,,,,,,,,4.2244842916261405e-05,,0.0064792633056640625,,0.007998824119567871,,0.014131634496152401,,0.010727839544415474,,0.01462970394641161,,0.014173879288136959
,,2743,,,,,,,,,,,,,,,,1.62704563990701e-05,,0.0043392181396484375,,0.004964077845215797,,0.007872291840612888,,0.008225943893194199,,0.010919176042079926,,0.00788856204599142
,,2744,,,,,,,,,,,,,,,,9.774779755389318e-06,,0.0034046173095703125,,0.0038476097397506237,,0.009099196642637253,,0.008804327808320522,,0.011739262379705906,,0.009108971804380417
,,2745,,,,,,,,,,,,,,,,1.522227466921322e-05,,0.0036334991455078125,,0.004801493138074875,,0.013994620181620121,,0.010556033812463284,,0.014558607712388039,,0.014009842649102211
,,2746,,,,,,,,,,,,,,,,3.779248072532937e-05,,0.0065155029296875,,0.007565582636743784,,0.017572233453392982,,0.012200957164168358,,0.016313711181282997,,0.01761002652347088
,,2747,,,,,,,,,,,,,,,,1.3608420886157546e-05,,0.0040035247802734375,,0.004539877641946077,,0.0176546573638916,,0.012046027928590775,,0.016351928934454918,,0.017668265849351883
,,2748,,,,,,,,,,,,,,,,1.0548494174145162e-05,,0.003116607666015625,,0.003997001796960831,,0.011030294001102448,,0.009263841435313225,,0.012925073504447937,,0.011040842160582542
,,2749,,,,,,,,,,,,,,,,2.023224442382343e-05,,0.004680633544921875,,0.00553555553779006,,0.01367137860506773,,0.01077358890324831,,0.014389492571353912,,0.013691610656678677
,,2750,,,,,,,,,,,,,,,,1.1963490578636993e-05,,0.003612518310546875,,0.004256654996424913,,0.014512566849589348,,0.010276161134243011,,0.014825570397078991,,0.014524530619382858
,,2751,,,,,,,,,,,,,,,,2.6662635718821548e-05,,0.0053806304931640625,,0.006354628596454859,,0.012058459222316742,,0.009677913971245289,,0.01351404469460249,,0.012085122056305408
,,2752,,,,,,,,,,,,,,,,1.6981375665636733e-05,,0.00469207763671875,,0.0050713843666017056,,0.011626865714788437,,0.009701555594801903,,0.013269995339214802,,0.011643847450613976
,,2753,,,,,,,,,,,,,,,,1.1151489161420614e-05,,0.00365447998046875,,0.004109673667699099,,0.013130644336342812,,0.010417681187391281,,0.01410205289721489,,0.013141795992851257
,,2754,,,,,,,,,,,,,,,,5.036319180362625e-06,,0.0027618408203125,,0.0027618408203125,,0.005583840422332287,,0.0070979781448841095,,0.009196145460009575,,0.00558887654915452
94,,12064,,,,,,,,,,,,,,,2.908529495471157e-05,,0.004649115726351738,,0.005783118307590485,,0.014387495815753937,,0.01054523978382349,,0.014601212926208973,,0.0141502246260643,
94,,12064,0.002533756662160158,,0.05032625049352646,,0.0522528737783432,,0.03859974443912506,,0.017146147787570953,,0.02353450283408165,,0.04112590104341507,,,,,,,,,,,,,,,
,0.0005,12065,,,,,,,,,,,,,,,,,,,,,,,,,,,,
95,,12069,,0.0011010554153472185,,0.039852142333984375,,0.04083646088838577,,0.024802470579743385,,0.01482393592596054,,0.019381478428840637,,0.025903526693582535,,,,,,,,,,,,,,
95,,12079,,0.013183563016355038,,0.1406240463256836,,0.14130614697933197,,0.04962514340877533,,0.01840747334063053,,0.027415132150053978,,0.06280870735645294,,,,,,,,,,,,,,
95,,12089,,0.017720278352499008,,0.16358566284179688,,0.16382482647895813,,0.025596247985959053,,0.014586732722818851,,0.0196891650557518,,0.04331652820110321,,,,,,,,,,,,,,
95,,12099,,0.0125028807669878,,0.13439369201660156,,0.13760727643966675,,0.02459208108484745,,0.013648067601025105,,0.0192990992218256,,0.03709496185183525,,,,,,,,,,,,,,
95,,12109,,0.00019316270481795073,,0.015703201293945312,,0.01710459031164646,,0.014020075090229511,,0.010914955288171768,,0.014571844600141048,,0.014213237911462784,,,,,,,,,,,,,,
95,,12119,,0.004003044217824936,,0.0776987075805664,,0.07786216586828232,,0.014343793503940105,,0.010967494919896126,,0.014739112928509712,,0.018346838653087616,,,,,,,,,,,,,,
95,,12129,,4.542218448477797e-05,,0.007168769836425781,,0.008294149301946163,,0.022292640060186386,,0.01336907222867012,,0.018374692648649216,,0.022338062524795532,,,,,,,,,,,,,,
95,,12139,,0.001826516818255186,,0.04948234558105469,,0.052593689411878586,,0.024667218327522278,,0.014652763493359089,,0.019328556954860687,,0.02649373561143875,,,,,,,,,,,,,,
95,,12149,,0.0009082020842470229,,0.03577709197998047,,0.03708788752555847,,0.025146376341581345,,0.014134003780782223,,0.01951538398861885,,0.02605457790195942,,,,,,,,,,,,,,
95,,12159,,0.0007229488110169768,,0.03070545196533203,,0.03309180587530136,,0.03019227646291256,,0.01530468463897705,,0.02138391323387623,,0.03091522492468357,,,,,,,,,,,,,,
95,,12169,,0.005797212012112141,,0.09311103820800781,,0.09370286017656326,,0.02818784862756729,,0.014998180791735649,,0.02066190354526043,,0.03398505970835686,,,,,,,,,,,,,,
95,,12179,,0.0007971352897584438,,0.03404808044433594,,0.03474504500627518,,0.018428819254040718,,0.012754161842167377,,0.016706598922610283,,0.01922595500946045,,,,,,,,,,,,,,
95,,12189,,0.00029283162439242005,,0.018029212951660156,,0.02106000855565071,,0.04266892373561859,,0.016727587208151817,,0.0254211463034153,,0.04296175390481949,,,,,,,,,,,,,,
,,2755,,,,,,,,,,,,,,,,2.3772412532707676e-05,,0.004627227783203125,,0.006000323686748743,,0.011998686008155346,,0.010092114098370075,,0.013480503112077713,,0.012022458016872406
,,2756,,,,,,,,,,,,,,,,8.058980711211916e-06,,0.002838134765625,,0.0034936380106955767,,0.016810588538646698,,0.011379874311387539,,0.015956250950694084,,0.01681864820420742
,,2757,,,,,,,,,,,,,,,,1.0598477274470497e-05,,0.00380706787109375,,0.00400644913315773,,0.02422095648944378,,0.012222531251609325,,0.019152915105223656,,0.024231554940342903
,,2758,,,,,,,,,,,,,,,,1.3596580174635164e-05,,0.0039882659912109375,,0.004537864122539759,,0.01804964803159237,,0.012281520292162895,,0.01653383858501911,,0.018063245341181755
,,2759,,,,,,,,,,,,,,,,1.4176082913763821e-05,,0.003551483154296875,,0.0046335808001458645,,0.01569497399032116,,0.010115443728864193,,0.015417701564729214,,0.015709150582551956
,,2760,,,,,,,,,,,,,,,,7.352216925937682e-06,,0.0025806427001953125,,0.003336946712806821,,0.013292386196553707,,0.010538585484027863,,0.014188640750944614,,0.013299738056957722
,,2761,,,,,,,,,,,,,,,,2.4596116418251768e-05,,0.0052585601806640625,,0.006103413179516792,,0.012966496869921684,,0.010106612928211689,,0.014013631269335747,,0.012991093099117279
,,2762,,,,,,,,,,,,,,,,1.5711211744928733e-05,,0.0038852691650390625,,0.004878026898950338,,0.007169947028160095,,0.00776281813159585,,0.010420708917081356,,0.007185658439993858
,,2763,,,,,,,,,,,,,,,,3.494491465971805e-05,,0.0060977935791015625,,0.007274976931512356,,0.014414496719837189,,0.0107653783634305,,0.014775395393371582,,0.01444944180548191
,,2764,,,,,,,,,,,,,,,,3.09225324599538e-05,,0.005252838134765625,,0.006843469105660915,,0.013086927123367786,,0.01044145692139864,,0.014078556559979916,,0.013117849826812744
,,2765,,,,,,,,,,,,,,,,2.383878018008545e-05,,0.0052509307861328125,,0.006008701398968697,,0.011240712366998196,,0.009027045220136642,,0.013047769665718079,,0.011264551430940628
,,2766,,,,,,,,,,,,,,,,3.769524482777342e-05,,0.006725311279296875,,0.0075557781383395195,,0.021388525143265724,,0.01238970272243023,,0.0179982278496027,,0.02142621949315071
,,2767,,,,,,,,,,,,,,,,0.0003181204665452242,,0.01276397705078125,,0.02195001393556595,,0.017029110342264175,,0.012020845897495747,,0.016059620305895805,,0.01734723150730133
,,2768,,,,,,,,,,,,,,,,1.712769881123677e-05,,0.0037994384765625,,0.005093156825751066,,0.019017744809389114,,0.012115503661334515,,0.016971442848443985,,0.019034871831536293
,,2769,,,,,,,,,,,,,,,,2.5444267521379516e-05,,0.0049190521240234375,,0.006207779515534639,,0.02419261820614338,,0.012946659699082375,,0.01914171315729618,,0.024218061938881874
,,2770,,,,,,,,,,,,,,,,7.308028216357343e-06,,0.0028324127197265625,,0.003326910315081477,,0.0086623290553689,,0.00856858678162098,,0.011453988030552864,,0.008669637143611908
,,2771,,,,,,,,,,,,,,,,4.7399040340678766e-05,,0.00679779052734375,,0.008472723886370659,,0.01446403469890356,,0.010738624259829521,,0.014800762757658958,,0.01451143343001604
,,2772,,,,,,,,,,,,,,,,1.6623489500489086e-05,,0.0044708251953125,,0.005017636343836784,,0.007776833605021238,,0.008168898522853851,,0.010852772742509842,,0.007793457247316837
,,2773,,,,,,,,,,,,,,,,8.586705007473938e-06,,0.0031261444091796875,,0.003606206737458706,,0.009192174300551414,,0.008784149773418903,,0.01179908774793148,,0.00920076109468937
,,2774,,,,,,,,,,,,,,,,1.2806487575289793e-05,,0.0035877227783203125,,0.004404067527502775,,0.013795419596135616,,0.010482929646968842,,0.01445462554693222,,0.013808226212859154
,,2775,,,,,,,,,,,,,,,,3.700576053233817e-05,,0.0063915252685546875,,0.007486432325094938,,0.01763158291578293,,0.012191981077194214,,0.01634123921394348,,0.0176685880869627
,,2776,,,,,,,,,,,,,,,,1.472107760491781e-05,,0.0041179656982421875,,0.004721821751445532,,0.017742620781064034,,0.012097732163965702,,0.01639261469244957,,0.017757341265678406
,,2777,,,,,,,,,,,,,,,,1.152152799477335e-05,,0.0031948089599609375,,0.0041772834956645966,,0.010854207910597324,,0.009181996807456017,,0.012821489945054054,,0.010865729302167892
,,2778,,,,,,,,,,,,,,,,2.4345341444131918e-05,,0.0048427581787109375,,0.0060722194612026215,,0.013678797520697117,,0.010815205052495003,,0.014393394812941551,,0.01370314322412014
,,2779,,,,,,,,,,,,,,,,1.2718867765215691e-05,,0.00383758544921875,,0.004388977773487568,,0.014302641153335571,,0.010257340036332607,,0.0147179514169693,,0.014315360225737095
,,2780,,,,,,,,,,,,,,,,2.7204339858144522e-05,,0.005405426025390625,,0.006418864708393812,,0.011623182334005833,,0.009537376463413239,,0.013267889618873596,,0.01165038626641035
,,2781,,,,,,,,,,,,,,,,2.0062158000655472e-05,,0.0049343109130859375,,0.005512249656021595,,0.011542322114109993,,0.009569542482495308,,0.013221659697592258,,0.01156238466501236
,,2782,,,,,,,,,,,,,,,,8.708610039320774e-06,,0.0032482147216796875,,0.0036317319609224796,,0.013554246164858341,,0.010517830960452557,,0.014327717944979668,,0.01356295496225357
,,2783,,,,,,,,,,,,,,,,6.974368716328172e-06,,0.0032501220703125,,0.0032501220703125,,0.005629546474665403,,0.00705665722489357,,0.009233704768121243,,0.005636520683765411
95,,12191,,,,,,,,,,,,,,,3.042983553314116e-05,,0.0047125243581831455,,0.005886845290660858,,0.014439035207033157,,0.01052445825189352,,0.014621736481785774,,0.01420295238494873,
95,,12191,0.005383403971791267,,0.07097923010587692,,0.07223468273878098,,0.02419760636985302,,0.013799935579299927,,0.018887387588620186,,0.029576754197478294,,,,,,,,,,,,,,,
,0.0005,12192,,,,,,,,,,,,,,,,,,,,,,,,,,,,
96,,12199,,2.2630338207818568e-05,,0.004731178283691406,,0.005854697898030281,,0.025748854503035545,,0.014217771589756012,,0.0197477787733078,,0.0257714856415987,,,,,,,,,,,,,,
96,,12209,,0.0013787001371383667,,0.04519367218017578,,0.04569525644183159,,0.024250872433185577,,0.013905398547649384,,0.019164742901921272,,0.025629572570323944,,,,,,,,,,,,,,
96,,12219,,0.004157567396759987,,0.07896137237548828,,0.07935330271720886,,0.022937504574656487,,0.013930387794971466,,0.01863856054842472,,0.027095071971416473,,,,,,,,,,,,,,
96,,12229,,0.0011347720865160227,,0.040612220764160156,,0.041456300765275955,,0.01853184960782528,,0.012637078762054443,,0.016753237694501877,,0.019666621461510658,,,,,,,,,,,,,,
96,,12239,,0.0009188107214868069,,0.03706073760986328,,0.03730389103293419,,0.018348095938563347,,0.012775035575032234,,0.016669971868395805,,0.01926690712571144,,,,,,,,,,,,,,
96,,12249,,0.0015242618974298239,,0.0444488525390625,,0.04804779589176178,,0.023093776777386665,,0.013562224805355072,,0.018701940774917603,,0.024618038907647133,,,,,,,,,,,,,,
96,,12259,,0.00018468929920345545,,0.015347480773925781,,0.01672489196062088,,0.018984800204634666,,0.012973126955330372,,0.016956739127635956,,0.019169488921761513,,,,,,,,,,,,,,
96,,12269,,5.617265196633525e-05,,0.0077056884765625,,0.009222480468451977,,0.013639446347951889,,0.010916154831647873,,0.014372679404914379,,0.013695619069039822,,,,,,,,,,,,,,
96,,12279,,0.005950760096311569,,0.09456634521484375,,0.0949346125125885,,0.029753264039754868,,0.015217754058539867,,0.02122788317501545,,0.03570402413606644,,,,,,,,,,,,,,
96,,12289,,0.0018756326753646135,,0.05227851867675781,,0.05329766497015953,,0.020996803417801857,,0.013230320997536182,,0.017832648009061813,,0.0228724367916584,,,,,,,,,,,,,,
96,,12299,,4.3895895942114294e-05,,0.006131172180175781,,0.008152401074767113,,0.022554464638233185,,0.014164694584906101,,0.018482280895113945,,0.02259835973381996,,,,,,,,,,,,,,
96,,12309,,0.0014417740749195218,,0.045876502990722656,,0.04672938957810402,,0.03395545855164528,,0.013928269036114216,,0.02267744578421116,,0.035397231578826904,,,,,,,,,,,,,,
,,2784,,,,,,,,,,,,,,,,1.9932702343794517e-05,,0.0042572021484375,,0.00549443531781435,,0.011905484832823277,,0.009976310655474663,,0.01342804729938507,,0.011925417929887772
,,2785,,,,,,,,,,,,,,,,7.163566351664485e-06,,0.0025043487548828125,,0.003293844638392329,,0.01665457896888256,,0.01136553194373846,,0.015882035717368126,,0.016661742702126503
,,2786,,,,,,,,,,,,,,,,7.116814231267199e-06,,0.003143310546875,,0.003283069469034672,,0.023843279108405113,,0.012078521773219109,,0.01900300569832325,,0.023850396275520325
,,2787,,,,,,,,,,,,,,,,1.094795879907906e-05,,0.003490447998046875,,0.004071981646120548,,0.018061038106679916,,0.012300683185458183,,0.016539055854082108,,0.018071986734867096
,,2788,,,,,,,,,,,,,,,,1.435534159099916e-05,,0.003307342529296875,,0.004662795923650265,,0.015518384985625744,,0.010100522078573704,,0.015330720692873001,,0.015532740391790867
,,2789,,,,,,,,,,,,,,,,7.58287160351756e-06,,0.002643585205078125,,0.0033888856414705515,,0.012875677086412907,,0.010420234873890877,,0.01396446768194437,,0.012883259914815426
,,2790,,,,,,,,,,,,,,,,2.039808350673411e-05,,0.004901885986328125,,0.0055582113564014435,,0.012454560957849026,,0.009918405674397945,,0.013734204694628716,,0.012474958784878254
,,2791,,,,,,,,,,,,,,,,1.3411781765171327e-05,,0.003482818603515625,,0.004506964236497879,,0.007040129974484444,,0.007701707538217306,,0.010325942188501358,,0.007053541950881481
,,2792,,,,,,,,,,,,,,,,2.968283115478698e-05,,0.00555419921875,,0.0067049008794128895,,0.0142099279910326,,0.010674823075532913,,0.014670170843601227,,0.014239611104130745
,,2793,,,,,,,,,,,,,,,,2.7862406568601727e-05,,0.005138397216796875,,0.006496025249361992,,0.012790394015610218,,0.01038424577564001,,0.013918143697082996,,0.01281825639307499
,,2794,,,,,,,,,,,,,,,,2.4901793949538842e-05,,0.00533294677734375,,0.006141222082078457,,0.011058488860726357,,0.008988844230771065,,0.012941576540470123,,0.011083390563726425
,,2795,,,,,,,,,,,,,,,,2.7164271159563214e-05,,0.005611419677734375,,0.006414111237972975,,0.021073106676340103,,0.012348892167210579,,0.017865022644400597,,0.021100271493196487
,,2796,,,,,,,,,,,,,,,,0.0003080394526477903,,0.012308120727539062,,0.02159942500293255,,0.0172846969217062,,0.01202972698956728,,0.016179688274860382,,0.017592735588550568
,,2797,,,,,,,,,,,,,,,,2.041901279881131e-05,,0.0043392181396484375,,0.005561046302318573,,0.01948549412190914,,0.01214230339974165,,0.017178883776068687,,0.01950591243803501
,,2798,,,,,,,,,,,,,,,,1.6728174159652553e-05,,0.0036678314208984375,,0.005033437628298998,,0.022804303094744682,,0.01258872915059328,,0.018584365025162697,,0.022821031510829926
,,2799,,,,,,,,,,,,,,,,3.694301085488405e-06,,0.00188446044921875,,0.002365407533943653,,0.008763984777033329,,0.008597822859883308,,0.011521000415086746,,0.008767679333686829
,,2800,,,,,,,,,,,,,,,,3.757677040994167e-05,,0.00579071044921875,,0.00754396291449666,,0.01409609243273735,,0.010623321868479252,,0.014611298218369484,,0.014133669435977936
,,2801,,,,,,,,,,,,,,,,1.427356619387865e-05,,0.0040130615234375,,0.004649482201784849,,0.007729627192020416,,0.00811950396746397,,0.010819784365594387,,0.007743900641798973
,,2802,,,,,,,,,,,,,,,,6.64920389681356e-06,,0.002368927001953125,,0.003173378761857748,,0.009041454643011093,,0.008718939498066902,,0.011701955460011959,,0.009048104286193848
,,2803,,,,,,,,,,,,,,,,9.56504482019227e-06,,0.0032024383544921875,,0.003806116059422493,,0.0136663056910038,,0.010373832657933235,,0.014386821538209915,,0.0136758703738451
,,2804,,,,,,,,,,,,,,,,3.490667950245552e-05,,0.006275177001953125,,0.007271001115441322,,0.017742475494742393,,0.01210691500455141,,0.016392545774579048,,0.01777738146483898
,,2805,,,,,,,,,,,,,,,,1.3659133401233703e-05,,0.00391387939453125,,0.004548322409391403,,0.01767761819064617,,0.012039411813020706,,0.01636255905032158,,0.017691276967525482
,,2806,,,,,,,,,,,,,,,,6.985493200772908e-06,,0.0025501251220703125,,0.0032526508439332247,,0.010890170931816101,,0.00913839042186737,,0.012842710129916668,,0.010897156782448292
,,2807,,,,,,,,,,,,,,,,2.0311286789365113e-05,,0.0043697357177734375,,0.005546357482671738,,0.01334905531257391,,0.01066401693969965,,0.01421885285526514,,0.013369366526603699
,,2808,,,,,,,,,,,,,,,,1.1120710041723214e-05,,0.003345489501953125,,0.004103990271687508,,0.014538240619003773,,0.010340608656406403,,0.01483867783099413,,0.014549361541867256
,,2809,,,,,,,,,,,,,,,,2.4151779143721797e-05,,0.0051555633544921875,,0.006048005074262619,,0.01161266304552555,,0.009498341009020805,,0.013261886313557625,,0.011636815033853054
,,2810,,,,,,,,,,,,,,,,1.6912965293158777e-05,,0.004718780517578125,,0.005061170551925898,,0.011030294001102448,,0.009406366385519505,,0.012925068847835064,,0.011047206819057465
,,2811,,,,,,,,,,,,,,,,7.494823421438923e-06,,0.0029010772705078125,,0.0033691488206386566,,0.013574782758951187,,0.010531174018979073,,0.014338567852973938,,0.013582278043031693
,,2812,,,,,,,,,,,,,,,,6.714897608617321e-06,,0.0031890869140625,,0.0031890869140625,,0.005768754053860903,,0.007023286074399948,,0.009347173385322094,,0.00577546888962388
96,,12318,,,,,,,,,,,,,,,2.7159043384017423e-05,,0.004286973737180233,,0.005452373065054417,,0.0142753217369318,,0.010455324314534664,,0.014539927244186401,,0.014045202173292637,
96,,12318,0.001983724068850279,,0.04316983371973038,,0.04497988522052765,,0.022264335304498672,,0.013454128988087177,,0.018218984827399254,,0.02424446865916252,,,,,,,,,,,,,,,
,0.0005,12319,,,,,,,,,,,,,,,,,,,,,,,,,,,,
97,,12319,,0.0004436607123352587,,0.02520275115966797,,0.025922494009137154,,0.018625926226377487,,0.012746469117701054,,0.016795704141259193,,0.01906958781182766,,,,,,,,,,,,,,
97,,12329,,0.0002501294657122344,,0.01813030242919922,,0.019464161247015,,0.017151016741991043,,0.012131650000810623,,0.016117002815008163,,0.01740114577114582,,,,,,,,,,,,,,
97,,12339,,5.430301825981587e-05,,0.006476402282714844,,0.009069965220987797,,0.022335626184940338,,0.013317091390490532,,0.018392398953437805,,0.022389929741621017,,,,,,,,,,,,,,
97,,12349,,0.0030265154782682657,,0.06680965423583984,,0.06770199537277222,,0.020562149584293365,,0.013096023350954056,,0.017647109925746918,,0.023588664829730988,,,,,,,,,,,,,,
97,,12359,,0.0002801010268740356,,0.019960403442382812,,0.020598212257027626,,0.010503305122256279,,0.009667735546827316,,0.012612532824277878,,0.010783405974507332,,,,,,,,,,,,,,
97,,12369,,0.0007945441175252199,,0.023912429809570312,,0.03468712046742439,,0.015391119755804539,,0.011518135666847229,,0.015267726965248585,,0.016185663640499115,,,,,,,,,,,,,,
97,,12379,,0.00031868257792666554,,0.020951271057128906,,0.02196880616247654,,0.01678435131907463,,0.012027452699840069,,0.01594378985464573,,0.017103033140301704,,,,,,,,,,,,,,
97,,12389,,0.00018946769705507904,,0.013606071472167969,,0.016938811168074608,,0.0231180340051651,,0.014031448401510715,,0.018711764365434647,,0.023307502269744873,,,,,,,,,,,,,,
97,,12399,,6.253619358176365e-05,,0.008406639099121094,,0.00973369088023901,,0.016592612490057945,,0.01195991039276123,,0.015852464362978935,,0.016655148938298225,,,,,,,,,,,,,,
97,,12409,,0.0014971222262829542,,0.04683208465576172,,0.047618843615055084,,0.018239349126815796,,0.012732081115245819,,0.016620496287941933,,0.01973647065460682,,,,,,,,,,,,,,
97,,12419,,0.00010932783334283158,,0.011396408081054688,,0.01286887563765049,,0.01447325199842453,,0.011050865985453129,,0.014805475249886513,,0.014582579955458641,,,,,,,,,,,,,,
97,,12429,,0.0006720199016854167,,0.030854225158691406,,0.03190401941537857,,0.015975959599018097,,0.01144618820399046,,0.015555099584162235,,0.016647979617118835,,,,,,,,,,,,,,
97,,12439,,0.0002157205162802711,,0.011950492858886719,,0.018074505031108856,,0.016079850494861603,,0.01165170967578888,,0.015605595894157887,,0.016295570880174637,,,,,,,,,,,,,,
,,2813,,,,,,,,,,,,,,,,1.533950853627175e-05,,0.0038585662841796875,,0.004819993395358324,,0.01178679894655943,,0.009908562526106834,,0.013360944576561451,,0.01180213876068592
,,2814,,,,,,,,,,,,,,,,8.420362064498477e-06,,0.0032024383544921875,,0.003571106819435954,,0.016847357153892517,,0.01137505006045103,,0.015973692759871483,,0.01685577817261219
,,2815,,,,,,,,,,,,,,,,6.123799721535761e-06,,0.0027828216552734375,,0.0030454332008957863,,0.023462563753128052,,0.012160463258624077,,0.018850678578019142,,0.023468688130378723
,,2816,,,,,,,,,,,,,,,,9.272514944314025e-06,,0.00295257568359375,,0.003747462062165141,,0.018047688528895378,,0.012293661944568157,,0.016532940790057182,,0.01805696077644825
,,2817,,,,,,,,,,,,,,,,1.0512115295568947e-05,,0.003002166748046875,,0.00399010768160224,,0.014850872568786144,,0.010006685741245747,,0.014997375197708607,,0.01486138440668583
,,2818,,,,,,,,,,,,,,,,8.280578185804188e-06,,0.002826690673828125,,0.0035413706209510565,,0.012759548611938953,,0.010401652194559574,,0.01390135008841753,,0.01276782900094986
,,2819,,,,,,,,,,,,,,,,1.617416273802519e-05,,0.004283905029296875,,0.004949348978698254,,0.012267900630831718,,0.009834813885390759,,0.013630896806716919,,0.012284074909985065
,,2820,,,,,,,,,,,,,,,,1.072705981641775e-05,,0.0031490325927734375,,0.004030692856758833,,0.006969009526073933,,0.007651915308088064,,0.010273652151226997,,0.006979736499488354
,,2821,,,,,,,,,,,,,,,,2.8475786166382022e-05,,0.005649566650390625,,0.0065671540796756744,,0.01432611420750618,,0.010680947452783585,,0.014730026945471764,,0.014354590326547623
,,2822,,,,,,,,,,,,,,,,3.1588180718244985e-05,,0.0058460235595703125,,0.006916728802025318,,0.012967498041689396,,0.010459770448505878,,0.014014173299074173,,0.012999086640775204
,,2823,,,,,,,,,,,,,,,,2.536589090595953e-05,,0.005458831787109375,,0.006198191549628973,,0.010582313872873783,,0.008830214850604534,,0.01265987940132618,,0.01060767937451601
,,2824,,,,,,,,,,,,,,,,1.8527289284975268e-05,,0.004871368408203125,,0.005297168157994747,,0.02070775255560875,,0.01225193589925766,,0.017709476873278618,,0.02072628028690815
,,2825,,,,,,,,,,,,,,,,0.0002885732683353126,,0.011857986450195312,,0.02090582437813282,,0.017754849046468735,,0.01205762755125761,,0.01639826036989689,,0.01804342307150364
,,2826,,,,,,,,,,,,,,,,2.1681285943486728e-05,,0.004650115966796875,,0.0057303509674966335,,0.01893836446106434,,0.011972163803875446,,0.016935981810092926,,0.018960045650601387
,,2827,,,,,,,,,,,,,,,,1.545341183373239e-05,,0.003376007080078125,,0.004837848246097565,,0.021896569058299065,,0.012330364435911179,,0.01821073144674301,,0.021912021562457085
,,2828,,,,,,,,,,,,,,,,2.632756149978377e-06,,0.0017757415771484375,,0.0019968401174992323,,0.008770875632762909,,0.008556202985346317,,0.011525526642799377,,0.008773508481681347
,,2829,,,,,,,,,,,,,,,,3.526567161316052e-05,,0.0054187774658203125,,0.007308296859264374,,0.01385529711842537,,0.010576196014881134,,0.014485962688922882,,0.013890562579035759
,,2830,,,,,,,,,,,,,,,,1.2254356988705695e-05,,0.00366973876953125,,0.004308095667511225,,0.007523751817643642,,0.007990583777427673,,0.01067472156137228,,0.007536006160080433
,,2831,,,,,,,,,,,,,,,,5.6374874475295655e-06,,0.0020542144775390625,,0.0029220033902674913,,0.008936699479818344,,0.008677752688527107,,0.01163396891206503,,0.008942336775362492
,,2832,,,,,,,,,,,,,,,,9.931472959578969e-06,,0.003421783447265625,,0.0038783373311161995,,0.014113706536591053,,0.010511768981814384,,0.014620423316955566,,0.014123638160526752
,,2833,,,,,,,,,,,,,,,,3.350306360516697e-05,,0.0061244964599609375,,0.007123332004994154,,0.017521308735013008,,0.01205109991133213,,0.016290055587887764,,0.017554812133312225
,,2834,,,,,,,,,,,,,,,,1.3307429981068708e-05,,0.0036945343017578125,,0.004489375278353691,,0.017051350325345993,,0.011870075948536396,,0.016070103272795677,,0.0170646570622921
,,2835,,,,,,,,,,,,,,,,7.151178124331636e-06,,0.0025787353515625,,0.00329100270755589,,0.010675298981368542,,0.009088976308703423,,0.012715382501482964,,0.010682450607419014
,,2836,,,,,,,,,,,,,,,,1.6349915313185193e-05,,0.0037555694580078125,,0.00497619342058897,,0.013572238385677338,,0.010726410895586014,,0.014337223023176193,,0.013588588684797287
,,2837,,,,,,,,,,,,,,,,7.883209036663175e-06,,0.002758026123046875,,0.00345534086227417,,0.014215542934834957,,0.010199463926255703,,0.014673071913421154,,0.014223426580429077
,,2838,,,,,,,,,,,,,,,,1.909225102281198e-05,,0.00472259521484375,,0.005377327091991901,,0.011114086024463177,,0.009342962875962257,,0.012974071316421032,,0.011133178137242794
,,2839,,,,,,,,,,,,,,,,1.5962636098265648e-05,,0.004566192626953125,,0.0049169063568115234,,0.010852693580091,,0.009364986792206764,,0.012820594012737274,,0.010868656449019909
,,2840,,,,,,,,,,,,,,,,6.317077350104228e-06,,0.0027370452880859375,,0.0030931385699659586,,0.013534937053918839,,0.010448846966028214,,0.014317509718239307,,0.013541254214942455
,,2841,,,,,,,,,,,,,,,,5.845482064614771e-06,,0.0029754638671875,,0.0029754638671875,,0.005977615714073181,,0.0071606822311878204,,0.009514880366623402,,0.005983461160212755
97,,12445,,,,,,,,,,,,,,,2.490788756404072e-05,,0.0041037327609956264,,0.005178912077099085,,0.014103115536272526,,0.010400578379631042,,0.014453619718551636,,0.013882284983992577,
97,,12445,0.000930953654460609,,0.030430510640144348,,0.032063160091638565,,0.016584433615207672,,0.011803576722741127,,0.01577351987361908,,0.017527393996715546,,,,,,,,,,,,,,,
,0.0005,12446,,,,,,,,,,,,,,,,,,,,,,,,,,,,
98,,12449,,0.00018255534814670682,,0.014669418334960938,,0.016627533361315727,,0.018369978293776512,,0.012328039854764938,,0.016679905354976654,,0.01855253428220749,,,,,,,,,,,,,,
98,,12459,,0.0018730299780145288,,0.051102638244628906,,0.053260236978530884,,0.05945615842938423,,0.019697248935699463,,0.03000805899500847,,0.0613291896879673,,,,,,,,,,,,,,
98,,12469,,0.00025731633650138974,,0.01735973358154297,,0.01974315382540226,,0.02931673638522625,,0.015031819231808186,,0.021071583032608032,,0.02957405336201191,,,,,,,,,,,,,,
98,,12479,,0.0006655958713963628,,0.030071258544921875,,0.03174871951341629,,0.022696228697896004,,0.014177771285176277,,0.01854027435183525,,0.023361824452877045,,,,,,,,,,,,,,
98,,12489,,0.00013559742365032434,,0.010624885559082031,,0.014332604594528675,,0.03171774744987488,,0.015242931433022022,,0.021917471662163734,,0.03185334429144859,,,,,,,,,,,,,,
98,,12499,,0.002291731536388397,,0.05816078186035156,,0.058913830667734146,,0.0279549453407526,,0.01576683297753334,,0.020576363429427147,,0.030246676877141,,,,,,,,,,,,,,
98,,12509,,0.00019083477673120797,,0.014678955078125,,0.017002999782562256,,0.0214182548224926,,0.013244043104350567,,0.018010731786489487,,0.021609090268611908,,,,,,,,,,,,,,
98,,12519,,0.004642556421458721,,0.0829019546508789,,0.08385394513607025,,0.02678653970360756,,0.015033407136797905,,0.02014177106320858,,0.031429097056388855,,,,,,,,,,,,,,
98,,12529,,0.005556316114962101,,0.09105491638183594,,0.09173637628555298,,0.04145497828722,,0.017980165779590607,,0.02505691722035408,,0.04701129347085953,,,,,,,,,,,,,,
98,,12539,,0.008185184560716152,,0.11083602905273438,,0.11133996397256851,,0.04261289909482002,,0.01800984889268875,,0.02540445700287819,,0.05079808458685875,,,,,,,,,,,,,,
98,,12549,,0.0002472410269547254,,0.015058517456054688,,0.01935323141515255,,0.027401428669691086,,0.015268745832145214,,0.020371638238430023,,0.027648670598864555,,,,,,,,,,,,,,
98,,12559,,0.00011039510718546808,,0.011034011840820312,,0.012931077741086483,,0.03118979185819626,,0.016551202163100243,,0.021734293550252914,,0.03130018711090088,,,,,,,,,,,,,,
98,,12569,,0.006876850500702858,,0.10112571716308594,,0.10205712169408798,,0.03302023559808731,,0.015852268785238266,,0.02236296609044075,,0.03989708423614502,,,,,,,,,,,,,,
,,2842,,,,,,,,,,,,,,,,2.609051443869248e-05,,0.004856109619140625,,0.006286102347075939,,0.011579910293221474,,0.009881843812763691,,0.013243167661130428,,0.011606000363826752
,,2843,,,,,,,,,,,,,,,,7.500376341340598e-06,,0.0028629302978515625,,0.0033703751396387815,,0.016858544200658798,,0.011420398950576782,,0.015978991985321045,,0.01686604507267475
,,2844,,,,,,,,,,,,,,,,9.144591786025558e-06,,0.0033779144287109375,,0.00372152216732502,,0.02320398949086666,,0.012078574858605862,,0.018746517598628998,,0.023213133215904236
,,2845,,,,,,,,,,,,,,,,1.1767335308832116e-05,,0.0034275054931640625,,0.004221589304506779,,0.018057463690638542,,0.012289647944271564,,0.016537418588995934,,0.018069231882691383
,,2846,,,,,,,,,,,,,,,,1.1171120604558382e-05,,0.0033054351806640625,,0.004113273229449987,,0.014630881138145924,,0.009982394985854626,,0.014885883778333664,,0.014642052352428436
,,2847,,,,,,,,,,,,,,,,6.510528692160733e-06,,0.002567291259765625,,0.0031401144806295633,,0.01306677982211113,,0.010500888340175152,,0.014067715965211391,,0.013073290698230267
,,2848,,,,,,,,,,,,,,,,1.9850602257065475e-05,,0.0047245025634765625,,0.005483090877532959,,0.012156826443970203,,0.009821200743317604,,0.013569049537181854,,0.012176676653325558
,,2849,,,,,,,,,,,,,,,,1.2524418707471341e-05,,0.0033397674560546875,,0.004355298355221748,,0.006755462381988764,,0.00753315445035696,,0.010115022771060467,,0.006767986807972193
,,2850,,,,,,,,,,,,,,,,3.0191407859092578e-05,,0.005451202392578125,,0.006762092933058739,,0.014869362115859985,,0.01077219843864441,,0.015006709843873978,,0.01489955373108387
,,2851,,,,,,,,,,,,,,,,2.7221281925449148e-05,,0.0052928924560546875,,0.006420848425477743,,0.012953260913491249,,0.010423730127513409,,0.0140064787119627,,0.012980482541024685
,,2852,,,,,,,,,,,,,,,,2.512070204829797e-05,,0.0053997039794921875,,0.006168163847178221,,0.010721939615905285,,0.008887325413525105,,0.012743126600980759,,0.010747060179710388
,,2853,,,,,,,,,,,,,,,,2.9846816687495448e-05,,0.006038665771484375,,0.006723362486809492,,0.020452477037906647,,0.01219908520579338,,0.017599985003471375,,0.020482324063777924
,,2854,,,,,,,,,,,,,,,,0.0003312780463602394,,0.012470245361328125,,0.022399337962269783,,0.017353469505906105,,0.011954461224377155,,0.016211843118071556,,0.017684748396277428
,,2855,,,,,,,,,,,,,,,,1.4177208868204616e-05,,0.003818511962890625,,0.0046337503008544445,,0.018687283620238304,,0.012053288519382477,,0.01682334579527378,,0.0187014602124691
,,2856,,,,,,,,,,,,,,,,2.106528336298652e-05,,0.0041599273681640625,,0.0056483931839466095,,0.0223667211830616,,0.012452431954443455,,0.01840519905090332,,0.022387785837054253
,,2857,,,,,,,,,,,,,,,,5.610233074548887e-06,,0.0023860931396484375,,0.0029149530455470085,,0.008577351458370686,,0.008515102788805962,,0.011397667229175568,,0.00858296174556017
,,2858,,,,,,,,,,,,,,,,3.88233493140433e-05,,0.0057201385498046875,,0.007668051868677139,,0.013956274837255478,,0.010619046166539192,,0.014538654126226902,,0.013995097950100899
,,2859,,,,,,,,,,,,,,,,1.350565071334131e-05,,0.0039215087890625,,0.0045226868242025375,,0.00744984857738018,,0.007966583594679832,,0.01062216516584158,,0.007463354151695967
,,2860,,,,,,,,,,,,,,,,6.296176707110135e-06,,0.0024356842041015625,,0.0030879967380315065,,0.008946417830884457,,0.008644061163067818,,0.011640291661024094,,0.008952713571488857
,,2861,,,,,,,,,,,,,,,,1.0379022569395602e-05,,0.0035381317138671875,,0.003964757081121206,,0.013900933787226677,,0.010476944968104362,,0.014509796164929867,,0.013911312445998192
,,2862,,,,,,,,,,,,,,,,4.067258123541251e-05,,0.0067005157470703125,,0.007848601788282394,,0.017165781930088997,,0.011975781992077827,,0.0161239355802536,,0.017206454649567604
,,2863,,,,,,,,,,,,,,,,1.340132894256385e-05,,0.0038127899169921875,,0.0045051914639770985,,0.016939854249358177,,0.011793837882578373,,0.016017479822039604,,0.016953255981206894
,,2864,,,,,,,,,,,,,,,,9.330645298177842e-06,,0.002864837646484375,,0.0037591939326375723,,0.011048825457692146,,0.009201334789395332,,0.012935924343764782,,0.011058156378567219
,,2865,,,,,,,,,,,,,,,,2.2315261958283372e-05,,0.00472259521484375,,0.005813538562506437,,0.013670393265783787,,0.010742547921836376,,0.014388971030712128,,0.013692708685994148
,,2866,,,,,,,,,,,,,,,,9.225648682331666e-06,,0.003162384033203125,,0.003737982828170061,,0.014115103520452976,,0.01014413870871067,,0.014621143229305744,,0.014124329201877117
,,2867,,,,,,,,,,,,,,,,2.5820798327913508e-05,,0.005352020263671875,,0.006253506988286972,,0.011103265918791294,,0.009375108405947685,,0.01296775322407484,,0.011129086837172508
,,2868,,,,,,,,,,,,,,,,1.7261832908843644e-05,,0.0044651031494140625,,0.005113109014928341,,0.010914061218500137,,0.009417882189154625,,0.01285679079592228,,0.010931323282420635
,,2869,,,,,,,,,,,,,,,,7.352704415097833e-06,,0.0029315948486328125,,0.0033370687160640955,,0.013308234512805939,,0.010354527272284031,,0.014197096228599548,,0.013315587304532528
,,2870,,,,,,,,,,,,,,,,9.454914106754586e-06,,0.0037841796875,,0.0037841796875,,0.005615232512354851,,0.007142364047467709,,0.009221960790455341,,0.005624687299132347
98,,12572,,,,,,,,,,,,,,,2.8609323635464534e-05,,0.0043939207680523396,,0.005562559235841036,,0.014062672853469849,,0.01039538811892271,,0.014432385563850403,,0.01383582130074501,
98,,12572,0.003355667693540454,,0.06075253337621689,,0.062403641641139984,,0.032028697431087494,,0.0157926045358181,,0.021693702787160873,,0.03539544343948364,,,,,,,,,,,,,,,
,0.0005,12573,,,,,,,,,,,,,,,,,,,,,,,,,,,,
99,,12579,,0.007545368745923042,,0.10631370544433594,,0.10689979791641235,,0.04768543690443039,,0.019716976210474968,,0.026873989030718803,,0.05523080378770828,,,,,,,,,,,,,,
99,,12589,,0.014609682373702526,,0.148284912109375,,0.14875273406505585,,0.030209528282284737,,0.015313233248889446,,0.021390026435256004,,0.04481920972466469,,,,,,,,,,,,,,
99,,12599,,0.0002011117758229375,,0.014466285705566406,,0.01745143160223961,,0.031508855521678925,,0.01653236709535122,,0.021845180541276932,,0.03170996904373169,,,,,,,,,,,,,,
99,,12609,,3.213535455870442e-05,,0.005267143249511719,,0.006976970937103033,,0.01646377146244049,,0.011656400747597218,,0.015790792182087898,,0.016495907679200172,,,,,,,,,,,,,,
99,,12619,,0.00010089475836139172,,0.008374214172363281,,0.012362886220216751,,0.018417418003082275,,0.012501551769673824,,0.016701431944966316,,0.01851831190288067,,,,,,,,,,,,,,
99,,12629,,3.2222087611444294e-05,,0.0052318572998046875,,0.0069834510795772076,,0.013630392961204052,,0.010891484096646309,,0.014367911033332348,,0.013662614859640598,,,,,,,,,,,,,,
99,,12639,,0.0003827109467238188,,0.02302074432373047,,0.024074111133813858,,0.01386305969208479,,0.010967557318508625,,0.01449001394212246,,0.014245770871639252,,,,,,,,,,,,,,
99,,12649,,0.0003945201460737735,,0.024078369140625,,0.02444452978670597,,0.012683134526014328,,0.010598249733448029,,0.013859661296010017,,0.013077654875814915,,,,,,,,,,,,,,
99,,12659,,0.003611538093537092,,0.07351970672607422,,0.07395950704813004,,0.015808776021003723,,0.012009907513856888,,0.015473497100174427,,0.019420314580202103,,,,,,,,,,,,,,
99,,12669,,3.727763396454975e-05,,0.006214141845703125,,0.007514243014156818,,0.013143250718712807,,0.010851646773517132,,0.014108821749687195,,0.01318052876740694,,,,,,,,,,,,,,
99,,12679,,9.941978350980207e-05,,0.010746002197265625,,0.01227104663848877,,0.022416023537516594,,0.01351008377969265,,0.0184254739433527,,0.022515444085001945,,,,,,,,,,,,,,
99,,12689,,4.393742710817605e-05,,0.007300376892089844,,0.008158010430634022,,0.015016789548099041,,0.011814017780125141,,0.015080920420587063,,0.015060726553201675,,,,,,,,,,,,,,
99,,12699,,0.0010433518327772617,,0.0394999198615551,,0.039751384407281876,,0.016300879418849945,,0.011691507883369923,,0.01571248658001423,,0.01734423078596592,,,,,,,,,,,,,,
,,2871,,,,,,,,,,,,,,,,2.129688255081419e-05,,0.0045337677001953125,,0.005679342430084944,,0.011938327923417091,,0.0099659264087677,,0.013446556404232979,,0.011959624476730824
,,2872,,,,,,,,,,,,,,,,6.475820100604324e-06,,0.002407073974609375,,0.003131743287667632,,0.01753704622387886,,0.011669998057186604,,0.016297372058033943,,0.017543522641062737
,,2873,,,,,,,,,,,,,,,,8.420849553658627e-06,,0.0031414031982421875,,0.0035712209064513445,,0.02263435535132885,,0.0121083939447999,,0.018514981493353844,,0.022642776370048523
,,2874,,,,,,,,,,,,,,,,7.72898602008354e-06,,0.0027313232421875,,0.0034213729668408632,,0.018267329782247543,,0.012308654375374317,,0.016633236780762672,,0.018275057896971703
,,2875,,,,,,,,,,,,,,,,8.44223268359201e-06,,0.0029582977294921875,,0.0035757573787122965,,0.013756856322288513,,0.009933910332620144,,0.014434405602514744,,0.013765298761427402
,,2876,,,,,,,,,,,,,,,,8.222183168982156e-06,,0.0029697418212890625,,0.00352885271422565,,0.013146720826625824,,0.010471639223396778,,0.014110685326159,,0.013154943473637104
,,2877,,,,,,,,,,,,,,,,1.9498922483762726e-05,,0.0046710968017578125,,0.005434311926364899,,0.012145951390266418,,0.009892553091049194,,0.013562980107963085,,0.012165450491011143
,,2878,,,,,,,,,,,,,,,,1.3075343304080889e-05,,0.003322601318359375,,0.0044500697404146194,,0.006748270243406296,,0.007504068780690432,,0.010109638795256615,,0.00676134554669261
,,2879,,,,,,,,,,,,,,,,3.169904084643349e-05,,0.0053844451904296875,,0.006928878370672464,,0.014712217263877392,,0.01074233092367649,,0.014927204698324203,,0.014743916690349579
,,2880,,,,,,,,,,,,,,,,2.436166141706053e-05,,0.00519561767578125,,0.006074229720979929,,0.013083897531032562,,0.01046430692076683,,0.014076929539442062,,0.013108259066939354
,,2881,,,,,,,,,,,,,,,,2.350642898818478e-05,,0.005176544189453125,,0.0059666745364665985,,0.010785468854010105,,0.008920601569116116,,0.012780824676156044,,0.0108089754357934
,,2882,,,,,,,,,,,,,,,,2.8332087822491303e-05,,0.0058269500732421875,,0.00655053835362196,,0.02073008008301258,,0.012288258410990238,,0.017719024792313576,,0.020758412778377533
,,2883,,,,,,,,,,,,,,,,0.00032366736559197307,,0.01264190673828125,,0.022140568122267723,,0.017265021800994873,,0.012075160630047321,,0.016170483082532883,,0.017588689923286438
,,2884,,,,,,,,,,,,,,,,1.3596799362858292e-05,,0.003757476806640625,,0.004537912085652351,,0.018996426835656166,,0.012222962453961372,,0.016961924731731415,,0.019010024145245552
,,2885,,,,,,,,,,,,,,,,2.018365921685472e-05,,0.0041961669921875,,0.005528921727091074,,0.022540206089615822,,0.012491386383771896,,0.018476437777280807,,0.02256038971245289
,,2886,,,,,,,,,,,,,,,,4.825045380130177e-06,,0.002246856689453125,,0.002703282982110977,,0.008290449157357216,,0.008369531482458115,,0.011205424554646015,,0.008295274339616299
,,2887,,,,,,,,,,,,,,,,3.3941076253540814e-05,,0.005466461181640625,,0.007169694639742374,,0.013401647098362446,,0.010467194020748138,,0.014246837235987186,,0.013435588218271732
,,2888,,,,,,,,,,,,,,,,1.2763137419824488e-05,,0.0037994384765625,,0.004396610427647829,,0.00745723070576787,,0.007976900786161423,,0.010627427138388157,,0.007469994015991688
,,2889,,,,,,,,,,,,,,,,6.130215751909418e-06,,0.00235748291015625,,0.0030470238998532295,,0.008895489387214184,,0.008589381352066994,,0.011607114225625992,,0.008901619352400303
,,2890,,,,,,,,,,,,,,,,1.1654528861981817e-05,,0.003910064697265625,,0.004201317206025124,,0.01370981615036726,,0.01045496016740799,,0.014409702271223068,,0.013721470721065998
,,2891,,,,,,,,,,,,,,,,4.399504541652277e-05,,0.0069370269775390625,,0.00816287286579609,,0.01764366403222084,,0.01212331186980009,,0.01634683459997177,,0.017687659710645676
,,2892,,,,,,,,,,,,,,,,1.1967742466367781e-05,,0.0033740997314453125,,0.004257410764694214,,0.01727096177637577,,0.011926486156880856,,0.016173262149095535,,0.01728292927145958
,,2893,,,,,,,,,,,,,,,,7.812457624822855e-06,,0.0025005340576171875,,0.0034397952258586884,,0.010789494030177593,,0.009123225696384907,,0.012783207930624485,,0.010797306895256042
,,2894,,,,,,,,,,,,,,,,2.104341547237709e-05,,0.00457000732421875,,0.005645437631756067,,0.013581449165940285,,0.01074360590428114,,0.014342089183628559,,0.013602492399513721
,,2895,,,,,,,,,,,,,,,,9.053837857209146e-06,,0.0031490325927734375,,0.003703012131154537,,0.014412148855626583,,0.010170619934797287,,0.014774189330637455,,0.01442120224237442
,,2896,,,,,,,,,,,,,,,,2.523236435081344e-05,,0.005336761474609375,,0.006181848235428333,,0.011322670616209507,,0.009378569200634956,,0.013095253147184849,,0.011347902938723564
,,2897,,,,,,,,,,,,,,,,1.5872446965659037e-05,,0.00428009033203125,,0.004903006367385387,,0.011066065169870853,,0.009462525136768818,,0.012946010567247868,,0.011081937700510025
,,2898,,,,,,,,,,,,,,,,5.719994533137651e-06,,0.0025348663330078125,,0.0029433201998472214,,0.013215997256338596,,0.010254343040287495,,0.014147811569273472,,0.013221717439591885
,,2899,,,,,,,,,,,,,,,,9.378824870509561e-06,,0.0037689208984375,,0.0037689208984375,,0.005705964285880327,,0.0071166199631989,,0.009296166710555553,,0.005715343169867992
99,,12699,,,,,,,,,,,,,,,2.7366824724595062e-05,,0.004261271096765995,,0.005395418498665094,,0.014082081615924835,,0.010417438112199306,,0.014438753016293049,,0.013856175355613232,
99,,12699,0.0029190622735768557,,0.0463201105594635,,0.048112399876117706,,0.023423820734024048,,0.013612073846161366,,0.018420496955513954,,0.026338445022702217,,,,,,,,,,,,,,,
,0.0005,12700,,,,,,,,,,,,,,,,,,,,,,,,,,,,
100,,12709,,0.00028503459179773927,,0.020397186279296875,,0.020776798948645592,,0.01570453681051731,,0.011637161485850811,,0.015422393567860126,,0.015989571809768677,,,,,,,,,,,,,,
100,,12719,,0.0003785121953114867,,0.02352619171142578,,0.023944145068526268,,0.013539702631533146,,0.010681482031941414,,0.014320028945803642,,0.013918214477598667,,,,,,,,,,,,,,
100,,12729,,0.00012323017290327698,,0.011466026306152344,,0.013660740107297897,,0.018220791593194008,,0.01232372410595417,,0.016612039878964424,,0.01834402233362198,,,,,,,,,,,,,,
100,,12739,,0.0006555659929290414,,0.031228065490722656,,0.031510915607213974,,0.015225060284137726,,0.0114731565117836,,0.015185139141976833,,0.015880625694990158,,,,,,,,,,,,,,
100,,12749,,5.427512951428071e-05,,0.007508277893066406,,0.00906721968203783,,0.01765424758195877,,0.012466441839933395,,0.016351742669939995,,0.01770852319896221,,,,,,,,,,,,,,
100,,12759,,0.0004424670769367367,,0.02486419677734375,,0.025886692106723785,,0.018441863358020782,,0.012757211923599243,,0.016712510958313942,,0.018884330987930298,,,,,,,,,,,,,,
100,,12769,,0.00026396915200166404,,0.018739700317382812,,0.019996140152215958,,0.017125297337770462,,0.01215729396790266,,0.016104910522699356,,0.017389265820384026,,,,,,,,,,,,,,
100,,12779,,0.0016680306289345026,,0.049991607666015625,,0.050264354795217514,,0.019198819994926453,,0.013038136065006256,,0.017052050679922104,,0.02086685039103031,,,,,,,,,,,,,,
100,,12789,,0.0001855629961937666,,0.014225006103515625,,0.016762984916567802,,0.01978927105665207,,0.011912933550775051,,0.017312277108430862,,0.019974833354353905,,,,,,,,,,,,,,
100,,12799,,0.0016046118689700961,,0.048313140869140625,,0.04930005595088005,,0.019800366833806038,,0.012689515016973019,,0.01731712929904461,,0.02140497788786888,,,,,,,,,,,,,,
100,,12809,,0.000567118579056114,,0.014034271240234375,,0.029306946322321892,,0.021220123395323753,,0.013610468246042728,,0.01792723312973976,,0.021787241101264954,,,,,,,,,,,,,,
100,,12819,,0.0018415607046335936,,0.05250263214111328,,0.05281168222427368,,0.015540508553385735,,0.011424650438129902,,0.015341647900640965,,0.017382068559527397,,,,,,,,,,,,,,
,,2900,,,,,,,,,,,,,,,,1.661869464442134e-05,,0.004138946533203125,,0.005016940180212259,,0.011683735065162182,,0.009917215444147587,,0.013302403502166271,,0.01170035358518362
,,2901,,,,,,,,,,,,,,,,5.5132186389528215e-06,,0.002475738525390625,,0.002889607334509492,,0.017030246555805206,,0.011465059593319893,,0.016060158610343933,,0.01703575998544693
,,2902,,,,,,,,,,,,,,,,6.907489478180651e-06,,0.00278472900390625,,0.003234431380406022,,0.021953824907541275,,0.011941736564040184,,0.01823451556265354,,0.021960731595754623
,,2903,,,,,,,,,,,,,,,,7.824421118129976e-06,,0.002460479736328125,,0.003442429704591632,,0.017511624842882156,,0.012135752476751804,,0.016285555437207222,,0.017519449815154076
,,2904,,,,,,,,,,,,,,,,7.802992513461504e-06,,0.0026092529296875,,0.003437734441831708,,0.013396136462688446,,0.009957866743206978,,0.014243905432522297,,0.013403939083218575
,,2905,,,,,,,,,,,,,,,,9.74689464783296e-06,,0.0033321380615234375,,0.003842136822640896,,0.012907241471111774,,0.010377909056842327,,0.013981575146317482,,0.0129169886931777
,,2906,,,,,,,,,,,,,,,,1.7161584764835425e-05,,0.0043621063232421875,,0.005098219960927963,,0.011943675577640533,,0.009839543141424656,,0.013449571095407009,,0.011960837058722973
,,2907,,,,,,,,,,,,,,,,1.1256197467446327e-05,,0.003173828125,,0.0041289194487035275,,0.006740471348166466,,0.007522944826632738,,0.010103794746100903,,0.006751727312803268
,,2908,,,,,,,,,,,,,,,,2.9410844945232384e-05,,0.0052928924560546875,,0.006674091797322035,,0.014646402560174465,,0.010684982873499393,,0.014893774874508381,,0.014675813727080822
,,2909,,,,,,,,,,,,,,,,2.2960852220421657e-05,,0.0049686431884765625,,0.005897026043385267,,0.01263495348393917,,0.010324336588382721,,0.013833314180374146,,0.01265791431069374
,,2910,,,,,,,,,,,,,,,,2.1930747607257217e-05,,0.004932403564453125,,0.0057632336392998695,,0.010594574734568596,,0.008887909352779388,,0.012667212635278702,,0.010616505518555641
,,2911,,,,,,,,,,,,,,,,2.0737055820063688e-05,,0.0048122406005859375,,0.005604149773716927,,0.020686959847807884,,0.012233308516442776,,0.01770058646798134,,0.020707696676254272
,,2912,,,,,,,,,,,,,,,,0.00031123345252126455,,0.01224517822265625,,0.021711161360144615,,0.017245113849639893,,0.012030262500047684,,0.016161153092980385,,0.01755634695291519
,,2913,,,,,,,,,,,,,,,,1.497784978710115e-05,,0.004062652587890625,,0.004762801807373762,,0.018861034885048866,,0.012132073752582073,,0.016901375725865364,,0.018876012414693832
,,2914,,,,,,,,,,,,,,,,1.3635655705002137e-05,,0.0035152435302734375,,0.004544407594949007,,0.022541522979736328,,0.012426869943737984,,0.018476977944374084,,0.022555159404873848
,,2915,,,,,,,,,,,,,,,,4.0165755308407824e-06,,0.0021495819091796875,,0.00246642529964447,,0.00836277287453413,,0.008436452597379684,,0.011254196986556053,,0.008366789668798447
,,2916,,,,,,,,,,,,,,,,2.8484580980148166e-05,,0.0046939849853515625,,0.00656817527487874,,0.013389323838055134,,0.01048194244503975,,0.014240285381674767,,0.013417808338999748
,,2917,,,,,,,,,,,,,,,,1.0210093023488298e-05,,0.0034275054931640625,,0.003932362888008356,,0.0074318777769804,,0.00793901551514864,,0.010609345510601997,,0.00744208786636591
,,2918,,,,,,,,,,,,,,,,5.8806626839214005e-06,,0.0022182464599609375,,0.0029843465890735388,,0.008849005214869976,,0.008564518764615059,,0.011576744727790356,,0.008854885585606098
,,2919,,,,,,,,,,,,,,,,1.1748465112759732e-05,,0.0037670135498046875,,0.004218203015625477,,0.01366798859089613,,0.010401945561170578,,0.014387705363333225,,0.013679737225174904
,,2920,,,,,,,,,,,,,,,,4.421488119987771e-05,,0.007049560546875,,0.008183225058019161,,0.017442749813199043,,0.012013465166091919,,0.01625349558889866,,0.017486965283751488
,,2921,,,,,,,,,,,,,,,,1.0868468962144107e-05,,0.0033054351806640625,,0.004057177808135748,,0.017062997445464134,,0.011850796639919281,,0.016075588762760162,,0.017073865979909897
,,2922,,,,,,,,,,,,,,,,5.2317968766146805e-06,,0.0020999908447265625,,0.0028149106074124575,,0.010703799314796925,,0.00906286295503378,,0.012732344679534435,,0.010709031485021114
,,2923,,,,,,,,,,,,,,,,1.472022086090874e-05,,0.003902435302734375,,0.004721682984381914,,0.013723413459956646,,0.010834317654371262,,0.014416849240660667,,0.013738133944571018
,,2924,,,,,,,,,,,,,,,,8.746270395931788e-06,,0.00305938720703125,,0.0036395650822669268,,0.013906293548643589,,0.009979096241295338,,0.014512590132653713,,0.013915039598941803
,,2925,,,,,,,,,,,,,,,,2.1003757865400985e-05,,0.00495147705078125,,0.005640099290758371,,0.011053552851080894,,0.009266616776585579,,0.012938689440488815,,0.011074556969106197
,,2926,,,,,,,,,,,,,,,,1.639499532757327e-05,,0.0044097900390625,,0.004983040038496256,,0.010694020427763462,,0.00932018831372261,,0.012726523913443089,,0.010710415430366993
,,2927,,,,,,,,,,,,,,,,5.404379862739006e-06,,0.002468109130859375,,0.0028609619475901127,,0.013150101527571678,,0.010285763069987297,,0.014112495817244053,,0.013155505992472172
,,2928,,,,,,,,,,,,,,,,4.816196451429278e-06,,0.0027008056640625,,0.0027008056640625,,0.005713335704058409,,0.0071099442429840565,,0.009302171878516674,,0.005718152038753033
100,,12826,,,,,,,,,,,,,,,2.507538374629803e-05,,0.004018011968582869,,0.00510062463581562,,0.01388549618422985,,0.01035390142351389,,0.014339394867420197,,0.013663385063409805,
100,,12826,0.0009374512592330575,,0.03000737354159355,,0.031734269112348557,,0.017860548570752144,,0.012246533297002316,,0.016376953572034836,,0.018796289339661598,,,,,,,,,,,,,,,
,0.0005,12827,,,,,,,,,,,,,,,,,,,,,,,,,,,,
101,,12829,,4.4804484787164256e-05,,0.005417823791503906,,0.008237245492637157,,0.01487103570252657,,0.011466717347502708,,0.015007555484771729,,0.01491583976894617,,,,,,,,,,,,,,
101,,12839,,0.00011314369476167485,,0.011195182800292969,,0.013089988380670547,,0.01933256722986698,,0.01268494687974453,,0.017111342400312424,,0.019445711746811867,,,,,,,,,,,,,,
101,,12849,,0.0003439365536905825,,0.021310806274414062,,0.022822899743914604,,0.022814789786934853,,0.013755885884165764,,0.018588639795780182,,0.02315872721374035,,,,,,,,,,,,,,
101,,12859,,0.00040365190943703055,,0.023049354553222656,,0.024725953117012978,,0.020566094666719437,,0.013092883862555027,,0.01764879934489727,,0.020969746634364128,,,,,,,,,,,,,,
101,,12869,,0.0055115544237196445,,0.0900259017944336,,0.09136420488357544,,0.01948341727256775,,0.012629790231585503,,0.017177971079945564,,0.024994971230626106,,,,,,,,,,,,,,
101,,12879,,5.699917164747603e-05,,0.0068454742431640625,,0.009290406480431557,,0.02059723623096943,,0.012955292128026485,,0.017662161961197853,,0.020654235035181046,,,,,,,,,,,,,,
101,,12889,,0.001407453091815114,,0.04560565948486328,,0.04616861790418625,,0.01618986949324608,,0.011641554534435272,,0.015658890828490257,,0.017597323283553123,,,,,,,,,,,,,,
101,,12899,,0.000537833955604583,,0.026920318603515625,,0.028539858758449554,,0.01901761069893837,,0.012737225741147995,,0.016971386969089508,,0.01955544389784336,,,,,,,,,,,,,,
101,,12909,,0.0023353956639766693,,0.05612468719482422,,0.05947190895676613,,0.019957395270466805,,0.012681268155574799,,0.017385663464665413,,0.022292790934443474,,,,,,,,,,,,,,
101,,12919,,0.003021568525582552,,0.06719207763671875,,0.0676485225558281,,0.019248735159635544,,0.012604151852428913,,0.01707420125603676,,0.02227030321955681,,,,,,,,,,,,,,
101,,12929,,0.0008343320223502815,,0.03490161895751953,,0.03554754704236984,,0.019013872370123863,,0.01306376326829195,,0.016969718039035797,,0.019848205149173737,,,,,,,,,,,,,,
101,,12939,,6.131210830062628e-05,,0.008229255676269531,,0.009634749963879585,,0.01595594733953476,,0.011701719835400581,,0.015545354224741459,,0.016017260029911995,,,,,,,,,,,,,,
101,,12949,,0.0024549574591219425,,0.060660362243652344,,0.060975201427936554,,0.020741615444421768,,0.013027645647525787,,0.01772395521402359,,0.023196572437882423,,,,,,,,,,,,,,
,,2929,,,,,,,,,,,,,,,,1.510654874437023e-05,,0.004001617431640625,,0.004783247131854296,,0.011795314028859138,,0.009920556098222733,,0.013365771621465683,,0.011810421012341976
,,2930,,,,,,,,,,,,,,,,5.981005415378604e-06,,0.002613067626953125,,0.0030096969567239285,,0.016640078276395798,,0.011247352696955204,,0.01587512157857418,,0.01664605922996998
,,2931,,,,,,,,,,,,,,,,6.839565685368143e-06,,0.002849578857421875,,0.0032185015734285116,,0.023054860532283783,,0.01204758882522583,,0.01868618279695511,,0.02306170016527176
,,2932,,,,,,,,,,,,,,,,5.850335583090782e-06,,0.00229644775390625,,0.0029766568914055824,,0.017369411885738373,,0.012094090692698956,,0.01621929369866848,,0.017375262454152107
,,2933,,,,,,,,,,,,,,,,6.237059096747544e-06,,0.002307891845703125,,0.0030734625179320574,,0.014506424777209759,,0.010113947093486786,,0.014822438359260559,,0.014512661844491959
,,2934,,,,,,,,,,,,,,,,9.412896361027379e-06,,0.003265380859375,,0.0037757332902401686,,0.012577598914504051,,0.010289779864251614,,0.01380187924951315,,0.01258701179176569
,,2935,,,,,,,,,,,,,,,,1.7180143913719803e-05,,0.0043487548828125,,0.005100973416119814,,0.011947096325457096,,0.00984822865575552,,0.013451495207846165,,0.011964276432991028
,,2936,,,,,,,,,,,,,,,,1.0147834473173134e-05,,0.0031566619873046875,,0.003920369315892458,,0.006795790046453476,,0.007493407465517521,,0.010145172476768494,,0.006805937737226486
,,2937,,,,,,,,,,,,,,,,2.8030895919073373e-05,,0.005336761474609375,,0.0065156458877027035,,0.014375039376318455,,0.010646757669746876,,0.014755155891180038,,0.014403070323169231
,,2938,,,,,,,,,,,,,,,,2.499094625818543e-05,,0.005306243896484375,,0.006152187939733267,,0.01296315435320139,,0.010423925705254078,,0.014011825434863567,,0.012988145463168621
,,2939,,,,,,,,,,,,,,,,2.287674942635931e-05,,0.005146026611328125,,0.005886230152100325,,0.010346869938075542,,0.008769148960709572,,0.012518256902694702,,0.010369746945798397
,,2940,,,,,,,,,,,,,,,,1.7958698663278483e-05,,0.00460052490234375,,0.005215225741267204,,0.021152686327695847,,0.012312507256865501,,0.01789872534573078,,0.02117064595222473
,,2941,,,,,,,,,,,,,,,,0.0003283947007730603,,0.01265716552734375,,0.02230168506503105,,0.01658642664551735,,0.011824854649603367,,0.015849506482481956,,0.016914822161197662
,,2942,,,,,,,,,,,,,,,,1.582478580530733e-05,,0.004276275634765625,,0.004895622842013836,,0.018942365422844887,,0.012070195749402046,,0.016937777400016785,,0.018958190456032753
,,2943,,,,,,,,,,,,,,,,9.871276233752724e-06,,0.0028972625732421875,,0.0038665791507810354,,0.023114003241062164,,0.012494688853621483,,0.01871013455092907,,0.02312387526035309
,,2944,,,,,,,,,,,,,,,,3.0735313885088544e-06,,0.0018177032470703125,,0.0021575477439910173,,0.008356068283319473,,0.008399581536650658,,0.011249682866036892,,0.008359141647815704
,,2945,,,,,,,,,,,,,,,,3.0742747185286134e-05,,0.0048961639404296875,,0.006823547650128603,,0.013392172753810883,,0.010522952303290367,,0.014241799712181091,,0.01342291571199894
,,2946,,,,,,,,,,,,,,,,9.9326180134085e-06,,0.0033855438232421875,,0.0038785662036389112,,0.007303387392312288,,0.007875342853367329,,0.010517232120037079,,0.007313319947570562
,,2947,,,,,,,,,,,,,,,,6.61438707538764e-06,,0.0023822784423828125,,0.00316506321541965,,0.0090512465685606,,0.008640781044960022,,0.01170828752219677,,0.00905786082148552
,,2948,,,,,,,,,,,,,,,,1.1209736840100959e-05,,0.003749847412109375,,0.004120360594242811,,0.013650949113070965,,0.010365050286054611,,0.014378739520907402,,0.013662158511579037
,,2949,,,,,,,,,,,,,,,,4.0512331906938925e-05,,0.00682830810546875,,0.007833107374608517,,0.017020970582962036,,0.011923686601221561,,0.01605578511953354,,0.01706148311495781
,,2950,,,,,,,,,,,,,,,,1.05426652226015e-05,,0.0032024383544921875,,0.003995898645371199,,0.016607753932476044,,0.011656996794044971,,0.0158596932888031,,0.01661829650402069
,,2951,,,,,,,,,,,,,,,,5.767628863395657e-06,,0.0022106170654296875,,0.002955546136945486,,0.010843437165021896,,0.009101828560233116,,0.012815123423933983,,0.01084920484572649
,,2952,,,,,,,,,,,,,,,,1.579562376718968e-05,,0.00385284423828125,,0.004891114309430122,,0.013399525545537472,,0.010645948350429535,,0.014245707541704178,,0.01341532077640295
,,2953,,,,,,,,,,,,,,,,8.321259883814491e-06,,0.0029125213623046875,,0.0035500344820320606,,0.013601143844425678,,0.00987276155501604,,0.014352481812238693,,0.013609465211629868
,,2954,,,,,,,,,,,,,,,,1.940406218636781e-05,,0.00475311279296875,,0.005421064794063568,,0.011009295471012592,,0.009223422966897488,,0.012912762351334095,,0.011028699576854706
,,2955,,,,,,,,,,,,,,,,1.600719588168431e-05,,0.004566192626953125,,0.004923767875880003,,0.010528819635510445,,0.009226130321621895,,0.012627842836081982,,0.010544827207922935
,,2956,,,,,,,,,,,,,,,,5.953969321126351e-06,,0.0026340484619140625,,0.003002915531396866,,0.013077015988528728,,0.010244274511933327,,0.014073225669562817,,0.013082969933748245
,,2957,,,,,,,,,,,,,,,,3.7410163713502698e-06,,0.00238037109375,,0.00238037109375,,0.00583360530436039,,0.007149686571210623,,0.009399566799402237,,0.00583734642714262
101,,12953,,,,,,,,,,,,,,,2.5210625608451664e-05,,0.0040017361752688885,,0.005038502160459757,,0.013892912305891514,,0.01031784899532795,,0.014338206499814987,,0.013674305751919746,
101,,12953,0.0014253229601308703,,0.03848671540617943,,0.040172919631004333,,0.020115744322538376,,0.012846214696764946,,0.017347516492009163,,0.021541055291891098,,,,,,,,,,,,,,,
,0.0005,12954,,,,,,,,,,,,,,,,,,,,,,,,,,,,
102,,12959,,0.00024584546918049455,,0.017127037048339844,,0.019296919927001,,0.019569890573620796,,0.012675436213612556,,0.017216050997376442,,0.019815735518932343,,,,,,,,,,,,,,
102,,12969,,0.0017819759668782353,,0.050576210021972656,,0.05195064842700958,,0.031130438670516014,,0.014892044477164745,,0.021713605150580406,,0.03291241452097893,,,,,,,,,,,,,,
102,,12979,,0.0020586238242685795,,0.05449104309082031,,0.05583644658327103,,0.03071216680109501,,0.015316537581384182,,0.021567242220044136,,0.0327707901597023,,,,,,,,,,,,,,
102,,12989,,0.018189959228038788,,0.16570186614990234,,0.16597880423069,,0.024506453424692154,,0.0139785660430789,,0.019265469163656235,,0.04269641265273094,,,,,,,,,,,,,,
102,,12999,,0.00017566961469128728,,0.014664649963378906,,0.016311582177877426,,0.030228257179260254,,0.016475150361657143,,0.021396653726696968,,0.030403926968574524,,,,,,,,,,,,,,
102,,13009,,0.003929510712623596,,0.07692909240722656,,0.07714381814002991,,0.018916022032499313,,0.012681173160672188,,0.01692599430680275,,0.02284553274512291,,,,,,,,,,,,,,
102,,13019,,0.026642313227057457,,0.20067787170410156,,0.20087236166000366,,0.018697192892432213,,0.012953357771039009,,0.01682780496776104,,0.04533950611948967,,,,,,,,,,,,,,
102,,13029,,0.0006175747839733958,,0.02948474884033203,,0.030584199354052544,,0.040247850120067596,,0.01490449346601963,,0.024689409881830215,,0.040865425020456314,,,,,,,,,,,,,,
102,,13039,,0.00264926441013813,,0.060173988342285156,,0.06334199011325836,,0.029317263513803482,,0.01555510051548481,,0.021071767434477806,,0.03196652978658676,,,,,,,,,,,,,,
102,,13049,,0.001647000783123076,,0.04908466339111328,,0.049944229423999786,,0.021295133978128433,,0.012958196923136711,,0.01795888878405094,,0.022942135110497475,,,,,,,,,,,,,,
102,,13059,,0.0007472687866538763,,0.03282356262207031,,0.03364313393831253,,0.0173017680644989,,0.012444774620234966,,0.01618768647313118,,0.01804903708398342,,,,,,,,,,,,,,
102,,13069,,8.188447827706113e-05,,0.009001731872558594,,0.011138306930661201,,0.02293422818183899,,0.014082769863307476,,0.01863723434507847,,0.02301611192524433,,,,,,,,,,,,,,
102,,13079,,6.019065040163696e-05,,0.008269309997558594,,0.009546923451125622,,0.01661553606390953,,0.012157724238932133,,0.015863411128520966,,0.01667572744190693,,,,,,,,,,,,,,
,,2958,,,,,,,,,,,,,,,,1.3345399565878324e-05,,0.003833770751953125,,0.004495817702263594,,0.011865426786243916,,0.00987221673130989,,0.013405436649918556,,0.011878772638738155
,,2959,,,,,,,,,,,,,,,,7.5379193731350824e-06,,0.002803802490234375,,0.003378814086318016,,0.01686372421681881,,0.011269827373325825,,0.01598145067691803,,0.016871262341737747
,,2960,,,,,,,,,,,,,,,,8.745933882892132e-06,,0.003368377685546875,,0.003639501053839922,,0.023885661736130714,,0.012148217298090458,,0.01901988312602043,,0.023894406855106354
,,2961,,,,,,,,,,,,,,,,8.243216143455356e-06,,0.0027561187744140625,,0.003533377544954419,,0.017603863030672073,,0.012122825719416142,,0.016328388825058937,,0.01761210709810257
,,2962,,,,,,,,,,,,,,,,1.112120025936747e-05,,0.002719879150390625,,0.004104068037122488,,0.015101892873644829,,0.010123712942004204,,0.015123588033020496,,0.015113013796508312
,,2963,,,,,,,,,,,,,,,,1.0557894711382687e-05,,0.00347900390625,,0.003998792730271816,,0.012318425811827183,,0.010226733982563019,,0.013658936135470867,,0.012328983284533024
,,2964,,,,,,,,,,,,,,,,1.563834484841209e-05,,0.004146575927734375,,0.004866692703217268,,0.012030411511659622,,0.009806650690734386,,0.013498318381607533,,0.012046050280332565
,,2965,,,,,,,,,,,,,,,,1.2197537216707133e-05,,0.0036106109619140625,,0.004298082087188959,,0.006621918641030788,,0.0073493607342243195,,0.010014546103775501,,0.006634116172790527
,,2966,,,,,,,,,,,,,,,,2.8940865377080627e-05,,0.0057430267333984375,,0.006620567291975021,,0.014553245157003403,,0.010776584967970848,,0.01484633143991232,,0.014582186006009579
,,2967,,,,,,,,,,,,,,,,2.4621640477562323e-05,,0.00516510009765625,,0.00610656663775444,,0.012575041502714157,,0.010293499566614628,,0.013800474815070629,,0.012599662877619267
,,2968,,,,,,,,,,,,,,,,2.280812623212114e-05,,0.0052433013916015625,,0.0058773900382220745,,0.010525761172175407,,0.008820396848022938,,0.012626010924577713,,0.01054856926202774
,,2969,,,,,,,,,,,,,,,,1.3305618267622776e-05,,0.004055023193359375,,0.004489067476242781,,0.021243132650852203,,0.012371012009680271,,0.01793694868683815,,0.02125643752515316
,,2970,,,,,,,,,,,,,,,,0.0003333082131575793,,0.01248931884765625,,0.022467875853180885,,0.01609768159687519,,0.01165584847331047,,0.01561424508690834,,0.016430988907814026
,,2971,,,,,,,,,,,,,,,,1.294220783165656e-05,,0.0037479400634765625,,0.004427333828061819,,0.018970459699630737,,0.01211379375308752,,0.0169503316283226,,0.018983401358127594
,,2972,,,,,,,,,,,,,,,,8.91366016730899e-06,,0.00270843505859375,,0.0036742566153407097,,0.0231655091047287,,0.012488164007663727,,0.018730970099568367,,0.02317442186176777
,,2973,,,,,,,,,,,,,,,,2.6030384105979465e-06,,0.0017242431640625,,0.001985548995435238,,0.008195515722036362,,0.008301247842609882,,0.011141085997223854,,0.008198118768632412
,,2974,,,,,,,,,,,,,,,,3.299910167697817e-05,,0.00518798828125,,0.007069534622132778,,0.012838087975978851,,0.010320482775568962,,0.013944067992269993,,0.012871087528765202
,,2975,,,,,,,,,,,,,,,,9.341696568299085e-06,,0.0032901763916015625,,0.0037614190950989723,,0.007276847958564758,,0.00788599532097578,,0.01049810741096735,,0.007286189589649439
,,2976,,,,,,,,,,,,,,,,6.4966643549269065e-06,,0.00200653076171875,,0.003136776154860854,,0.00882141012698412,,0.008544125594198704,,0.011558681726455688,,0.008827907033264637
,,2977,,,,,,,,,,,,,,,,1.1526446542120539e-05,,0.0039234161376953125,,0.004178161267191172,,0.01352627482265234,,0.010366825386881828,,0.0143129238858819,,0.013537800870835781
,,2978,,,,,,,,,,,,,,,,3.930523234885186e-05,,0.0068225860595703125,,0.007715519051998854,,0.017130624502897263,,0.012018260546028614,,0.01610741764307022,,0.017169930040836334
,,2979,,,,,,,,,,,,,,,,1.1541710591700394e-05,,0.003475189208984375,,0.004180943127721548,,0.016577625647187233,,0.011686566285789013,,0.015845302492380142,,0.016589166596531868
,,2980,,,,,,,,,,,,,,,,5.78338404011447e-06,,0.0023021697998046875,,0.0029595806263387203,,0.01116566825658083,,0.009241137653589249,,0.01300414465367794,,0.011171451769769192
,,2981,,,,,,,,,,,,,,,,1.4349076991493348e-05,,0.0036029815673828125,,0.0046617756597697735,,0.013439169153571129,,0.010629301890730858,,0.01426676381379366,,0.01345351804047823
,,2982,,,,,,,,,,,,,,,,8.250603059423156e-06,,0.0027904510498046875,,0.0035349505487829447,,0.01375818531960249,,0.009919857606291771,,0.01443510316312313,,0.013766435906291008
,,2983,,,,,,,,,,,,,,,,1.638308822293766e-05,,0.00434112548828125,,0.004981223493814468,,0.011105043813586235,,0.00936749018728733,,0.012968790717422962,,0.011121426708996296
,,2984,,,,,,,,,,,,,,,,1.7772559658624232e-05,,0.0048694610595703125,,0.005188176408410072,,0.010609440505504608,,0.009237144142389297,,0.012676097452640533,,0.010627212934195995
,,2985,,,,,,,,,,,,,,,,7.3674887062225025e-06,,0.0030269622802734375,,0.003340416122227907,,0.01301032304763794,,0.01011600624769926,,0.014037292450666428,,0.013017690740525723
,,2986,,,,,,,,,,,,,,,,1.8264865957462462e-06,,0.0016632080078125,,0.0016632080078125,,0.0059887925162911415,,0.007242900785058737,,0.00952377449721098,,0.0059906188398599625
102,,13080,,,,,,,,,,,,,,,2.546403993619606e-05,,0.004033474251627922,,0.005080183036625385,,0.01392444409430027,,0.010310351848602295,,0.014347451739013195,,0.013709754683077335,
102,,13080,0.0047189099714159966,,0.06415180116891861,,0.06564861536026001,,0.023393327370285988,,0.013767044991254807,,0.018658246845006943,,0.02811337076127529,,,,,,,,,,,,,,,
,0.0005,13081,,,,,,,,,,,,,,,,,,,,,,,,,,,,
103,,13089,,0.0045781126245856285,,0.08311939239501953,,0.08326873183250427,,0.016133498400449753,,0.011909867636859417,,0.015631606802344322,,0.020711611956357956,,,,,,,,,,,,,,
103,,13099,,0.00028659089002758265,,0.019730567932128906,,0.020832842215895653,,0.020629195496439934,,0.013418092392385006,,0.01767585426568985,,0.020915785804390907,,,,,,,,,,,,,,
103,,13109,,4.512519808486104e-05,,0.007395744323730469,,0.008267003111541271,,0.014270389452576637,,0.011086889542639256,,0.014701351523399353,,0.014315514825284481,,,,,,,,,,,,,,
103,,13119,,0.0004067929112352431,,0.02430438995361328,,0.024821750819683075,,0.014471194706857204,,0.011424191296100616,,0.014804425649344921,,0.014877988025546074,,,,,,,,,,,,,,
103,,13129,,0.00013590697199106216,,0.013032913208007812,,0.01434770692139864,,0.01339762844145298,,0.010932981967926025,,0.014244697988033295,,0.013533535413444042,,,,,,,,,,,,,,
103,,13139,,4.750481093651615e-05,,0.006366729736328125,,0.008480802178382874,,0.020363571122288704,,0.012955904006958008,,0.017561687156558037,,0.02041107602417469,,,,,,,,,,,,,,
103,,13149,,3.5475830372888595e-05,,0.0067157745361328125,,0.007327927276492119,,0.01837129145860672,,0.012662078253924847,,0.016680506989359856,,0.018406767398118973,,,,,,,,,,,,,,
103,,13159,,6.798015238018706e-05,,0.008912086486816406,,0.010147997178137302,,0.015394625253975391,,0.011378688737750053,,0.015269466675817966,,0.015462605282664299,,,,,,,,,,,,,,
103,,13169,,0.005794825963675976,,0.09346771240234375,,0.09368102997541428,,0.014745296910405159,,0.010911799035966396,,0.01494397222995758,,0.02054012194275856,,,,,,,,,,,,,,
103,,13179,,0.0012986201327294111,,0.04411602020263672,,0.044347744435071945,,0.018142949789762497,,0.012592585757374763,,0.01657651551067829,,0.019441569223999977,,,,,,,,,,,,,,
103,,13189,,0.0008347602561116219,,0.031165122985839844,,0.035555869340896606,,0.04565470293164253,,0.018358316272497177,,0.02629554085433483,,0.04648946225643158,,,,,,,,,,,,,,
103,,13199,,0.004871333949267864,,0.08210468292236328,,0.08589472621679306,,0.02528231404721737,,0.014121770858764648,,0.019568052142858505,,0.03015364706516266,,,,,,,,,,,,,,
,,2987,,,,,,,,,,,,,,,,1.569716005178634e-05,,0.0041866302490234375,,0.004875830840319395,,0.011631918139755726,,0.009784210473299026,,0.013272872194647789,,0.01164761558175087
,,2988,,,,,,,,,,,,,,,,9.535792742099147e-06,,0.003238677978515625,,0.003800296224653721,,0.01621474139392376,,0.011044376529753208,,0.015670916065573692,,0.016224276274442673
,,2989,,,,,,,,,,,,,,,,1.0177910553466063e-05,,0.0034923553466796875,,0.003926148172467947,,0.02376679703593254,,0.012048715725541115,,0.018972503021359444,,0.02377697452902794
,,2990,,,,,,,,,,,,,,,,1.0532332453294657e-05,,0.00292205810546875,,0.003993920516222715,,0.017717156559228897,,0.012175200507044792,,0.01638084463775158,,0.017727689817547798
,,2991,,,,,,,,,,,,,,,,1.3031044545641635e-05,,0.0027904510498046875,,0.00444250600412488,,0.015231270343065262,,0.010158143006265163,,0.015188236720860004,,0.015244301408529282
,,2992,,,,,,,,,,,,,,,,1.0492512046766933e-05,,0.0034580230712890625,,0.003986389841884375,,0.012018144130706787,,0.01010323315858841,,0.013491432182490826,,0.012028636410832405
,,2993,,,,,,,,,,,,,,,,1.4245411875890568e-05,,0.003986358642578125,,0.004644904285669327,,0.012241078540682793,,0.009849583730101585,,0.013615990988910198,,0.012255324050784111
,,2994,,,,,,,,,,,,,,,,1.0580373782431707e-05,,0.003299713134765625,,0.004003040958195925,,0.006552717182785273,,0.0073521011509001255,,0.009962079115211964,,0.006563297472894192
,,2995,,,,,,,,,,,,,,,,2.8456197469495237e-05,,0.0058269500732421875,,0.006564895622432232,,0.014065508730709553,,0.0106597188860178,,0.014595436863601208,,0.014093965291976929
,,2996,,,,,,,,,,,,,,,,2.3409880668623373e-05,,0.005161285400390625,,0.005954399239271879,,0.012805664911866188,,0.010377509519457817,,0.013926449231803417,,0.012829074636101723
,,2997,,,,,,,,,,,,,,,,2.1504522010218352e-05,,0.005077362060546875,,0.005706950090825558,,0.010596240870654583,,0.008839631453156471,,0.01266820915043354,,0.010617745108902454
,,2998,,,,,,,,,,,,,,,,1.3168117220629938e-05,,0.00354766845703125,,0.004465816542506218,,0.020555783063173294,,0.01213274709880352,,0.017644379287958145,,0.020568951964378357
,,2999,,,,,,,,,,,,,,,,0.0003177255857735872,,0.012250900268554688,,0.021936386823654175,,0.016305459663271904,,0.011703594587743282,,0.01571468822658062,,0.016623185947537422
,,3000,,,,,,,,,,,,,,,,1.894500746857375e-05,,0.0045909881591796875,,0.005356554873287678,,0.018510108813643456,,0.011948533356189728,,0.016743401065468788,,0.018529053777456284
,,3001,,,,,,,,,,,,,,,,9.438534107175656e-06,,0.00275421142578125,,0.0037808557972311974,,0.021920258179306984,,0.012239237315952778,,0.018220575526356697,,0.021929696202278137
,,3002,,,,,,,,,,,,,,,,2.6509917461225996e-06,,0.0017108917236328125,,0.00200375122949481,,0.008324439637362957,,0.008313389495015144,,0.011228376068174839,,0.008327090181410313
,,3003,,,,,,,,,,,,,,,,3.224000465706922e-05,,0.0050907135009765625,,0.00698771933093667,,0.013163668103516102,,0.010457314550876617,,0.014119775965809822,,0.013195907697081566
,,3004,,,,,,,,,,,,,,,,7.575784366053995e-06,,0.0029773712158203125,,0.003387283533811569,,0.0071499343030154705,,0.007822980172932148,,0.01040615513920784,,0.00715751014649868
,,3005,,,,,,,,,,,,,,,,6.527700861624908e-06,,0.0020694732666015625,,0.003144259564578533,,0.008561826311051846,,0.00844795536249876,,0.011387346312403679,,0.008568353950977325
,,3006,,,,,,,,,,,,,,,,1.0916206520050764e-05,,0.00383758544921875,,0.004066052380949259,,0.01314192358404398,,0.010216636583209038,,0.01410810835659504,,0.013152839615941048
,,3007,,,,,,,,,,,,,,,,3.392733560758643e-05,,0.006259918212890625,,0.0071682860143482685,,0.0170734915882349,,0.01198219507932663,,0.01608053222298622,,0.017107419669628143
,,3008,,,,,,,,,,,,,,,,8.915074431570247e-06,,0.00304412841796875,,0.0036745257675647736,,0.016452046111226082,,0.011652721092104912,,0.01578516885638237,,0.0164609607309103
,,3009,,,,,,,,,,,,,,,,5.467528808367206e-06,,0.0023193359375,,0.0028776272665709257,,0.010970798321068287,,0.009188351221382618,,0.01289016380906105,,0.010976266115903854
,,3010,,,,,,,,,,,,,,,,1.4681118045700714e-05,,0.003612518310546875,,0.004715404007583857,,0.013214717619121075,,0.010541720315814018,,0.014147126115858555,,0.013229398988187313
,,3011,,,,,,,,,,,,,,,,8.111093848128803e-06,,0.0028858184814453125,,0.00350492843426764,,0.013622713275253773,,0.009847202338278294,,0.014363857917487621,,0.013630824163556099
,,3012,,,,,,,,,,,,,,,,1.7997554095927626e-05,,0.004489898681640625,,0.0052209035493433475,,0.011053137481212616,,0.009225954301655293,,0.01293844822794199,,0.01107113528996706
,,3013,,,,,,,,,,,,,,,,1.9672574126161635e-05,,0.005146026611328125,,0.00545845739543438,,0.010677280835807323,,0.009286191314458847,,0.012716562487185001,,0.010696953162550926
,,3014,,,,,,,,,,,,,,,,6.712674803566188e-06,,0.0029125213623046875,,0.003188516478985548,,0.01302688755095005,,0.010098319500684738,,0.014046222902834415,,0.013033600524067879
,,3015,,,,,,,,,,,,,,,,1.329528572568961e-06,,0.0014190673828125,,0.0014190673828125,,0.005929218605160713,,0.007156141567975283,,0.009476285427808762,,0.005930548068135977
103,,13207,,,,,,,,,,,,,,,2.4977860448416322e-05,,0.004021945409476757,,0.005084942560642958,,0.013770908117294312,,0.010253936983644962,,0.014274503104388714,,0.013558573089540005,
103,,13207,0.001348772901110351,,0.035486120730638504,,0.03712987154722214,,0.01828291267156601,,0.012260714545845985,,0.01649768278002739,,0.019632307812571526,,,,,,,,,,,,,,,
,0.0005,13208,,,,,,,,,,,,,,,,,,,,,,,,,,,,
104,,13209,,0.0038273674435913563,,0.07550716400146484,,0.07613452523946762,,0.019059380516409874,,0.013005523011088371,,0.01699001155793667,,0.022886747494339943,,,,,,,,,,,,,,
104,,13219,,0.00013302153092809021,,0.012150764465332031,,0.014194289222359657,,0.022776009514927864,,0.013896050862967968,,0.01857283152639866,,0.022909030318260193,,,,,,,,,,,,,,
104,,13229,,0.0057701487094163895,,0.09289360046386719,,0.09348344802856445,,0.022802887484431267,,0.014314895495772362,,0.018583787605166435,,0.028573036193847656,,,,,,,,,,,,,,
104,,13239,,6.798635149607435e-05,,0.007694244384765625,,0.01014761533588171,,0.021279193460941315,,0.013408280909061432,,0.017952170222997665,,0.021347180008888245,,,,,,,,,,,,,,
104,,13249,,0.0042726872488856316,,0.08014488220214844,,0.08044300228357315,,0.019129695370793343,,0.01220858283340931,,0.01702132262289524,,0.0234023816883564,,,,,,,,,,,,,,
104,,13259,,0.0020398900378495455,,0.05534553527832031,,0.05558190494775772,,0.018368275836110115,,0.01231087651103735,,0.01667913608253002,,0.02040816657245159,,,,,,,,,,,,,,
104,,13269,,0.0026444653049111366,,0.06202888488769531,,0.06328556686639786,,0.0192821454256773,,0.012906375341117382,,0.017089011147618294,,0.02192661166191101,,,,,,,,,,,,,,
104,,13279,,7.430423283949494e-05,,0.008749961853027344,,0.010608562268316746,,0.02022133208811283,,0.012564457952976227,,0.017500247806310654,,0.020295636728405952,,,,,,,,,,,,,,
104,,13289,,8.898160012904555e-05,,0.009439468383789062,,0.011609219945967197,,0.01734381727874279,,0.012074909172952175,,0.016207341104745865,,0.01743279956281185,,,,,,,,,,,,,,
104,,13299,,0.0003842058649752289,,0.021213531494140625,,0.024121196940541267,,0.0471762977540493,,0.018382761627435684,,0.026730135083198547,,0.04756050184369087,,,,,,,,,,,,,,
104,,13309,,0.004697303753346205,,0.08412742614746094,,0.08434450626373291,,0.023816987872123718,,0.013762658461928368,,0.018992530182003975,,0.02851429209113121,,,,,,,,,,,,,,
104,,13319,,0.000538440071977675,,0.027634620666503906,,0.028556430712342262,,0.01807030662894249,,0.012570568360388279,,0.016543297097086906,,0.01860874705016613,,,,,,,,,,,,,,
104,,13329,,0.0006125362706370652,,0.029747962951660156,,0.030459163710474968,,0.021303487941622734,,0.013657718896865845,,0.017962414771318436,,0.021916024386882782,,,,,,,,,,,,,,
,,3016,,,,,,,,,,,,,,,,1.1889685993082821e-05,,0.0035572052001953125,,0.004243531264364719,,0.011651063337922096,,0.009880930185317993,,0.013283791951835155,,0.011662952601909637
,,3017,,,,,,,,,,,,,,,,7.507096597691998e-06,,0.0027923583984375,,0.003371890401467681,,0.016728023067116737,,0.011205608956515789,,0.015917018055915833,,0.016735529527068138
,,3018,,,,,,,,,,,,,,,,9.615883755031973e-06,,0.0033111572265625,,0.0038162153214216232,,0.023135323077440262,,0.012132684700191021,,0.018718760460615158,,0.023144938051700592
,,3019,,,,,,,,,,,,,,,,1.184066877613077e-05,,0.00323486328125,,0.004234733060002327,,0.018056146800518036,,0.012285481207072735,,0.016536813229322433,,0.018067987635731697
,,3020,,,,,,,,,,,,,,,,8.776994945947081e-06,,0.0025615692138671875,,0.0036459765397012234,,0.014011254534125328,,0.009957510977983475,,0.014567255973815918,,0.014020031318068504
,,3021,,,,,,,,,,,,,,,,8.748755135457031e-06,,0.003040313720703125,,0.0036401008255779743,,0.012053252197802067,,0.010101535357534885,,0.013511124067008495,,0.012062001042068005
,,3022,,,,,,,,,,,,,,,,1.6954130842350423e-05,,0.004352569580078125,,0.005067290738224983,,0.012005259282886982,,0.009751702658832073,,0.013484197668731213,,0.012022213079035282
,,3023,,,,,,,,,,,,,,,,1.294932280870853e-05,,0.003620147705078125,,0.004428559448570013,,0.0064714387990534306,,0.007317209616303444,,0.009900106117129326,,0.006484387908130884
,,3024,,,,,,,,,,,,,,,,3.1704188586445525e-05,,0.005954742431640625,,0.006929431110620499,,0.014333284460008144,,0.01071352232247591,,0.014733712188899517,,0.014364988543093204
,,3025,,,,,,,,,,,,,,,,2.5972971343435347e-05,,0.0051136016845703125,,0.006271907594054937,,0.012865913100540638,,0.01036436390131712,,0.013959169387817383,,0.012891885824501514
,,3026,,,,,,,,,,,,,,,,2.363410203543026e-05,,0.00530242919921875,,0.0059828609228134155,,0.010477427393198013,,0.00877460092306137,,0.012596987187862396,,0.01050106156617403
,,3027,,,,,,,,,,,,,,,,1.8557806470198557e-05,,0.004467010498046875,,0.005301512312144041,,0.020570917055010796,,0.012172194197773933,,0.017650870606303215,,0.020589474588632584
,,3028,,,,,,,,,,,,,,,,0.00029863292002119124,,0.012159347534179688,,0.021267103031277657,,0.015781788155436516,,0.011555739678442478,,0.015460285358130932,,0.016080420464277267
,,3029,,,,,,,,,,,,,,,,2.046216104645282e-05,,0.0047435760498046875,,0.005566904786974192,,0.018824947997927666,,0.01208297535777092,,0.016885198652744293,,0.018845411017537117
,,3030,,,,,,,,,,,,,,,,1.1742576134565752e-05,,0.0032711029052734375,,0.004217181820422411,,0.02213343419134617,,0.012259066104888916,,0.018308963626623154,,0.02214517630636692
,,3031,,,,,,,,,,,,,,,,3.849260792776477e-06,,0.0020084381103515625,,0.002414489397779107,,0.008269284851849079,,0.008281268179416656,,0.011191114783287048,,0.008273134008049965
,,3032,,,,,,,,,,,,,,,,3.484111948637292e-05,,0.0056018829345703125,,0.007264155428856611,,0.013234240934252739,,0.010440926067531109,,0.014157573692500591,,0.013269081711769104
,,3033,,,,,,,,,,,,,,,,1.2525302736321464e-05,,0.0038394927978515625,,0.004355445504188538,,0.007056861184537411,,0.0077688866294920444,,0.01033820305019617,,0.007069386541843414
,,3034,,,,,,,,,,,,,,,,7.2184666350949556e-06,,0.002559661865234375,,0.003306433791294694,,0.008666482754051685,,0.008454765193164349,,0.011456730775535107,,0.00867370143532753
,,3035,,,,,,,,,,,,,,,,9.60268789640395e-06,,0.003444671630859375,,0.0038135831709951162,,0.013471422716975212,,0.01025670301169157,,0.014283874072134495,,0.013481025584042072
,,3036,,,,,,,,,,,,,,,,4.111593443667516e-05,,0.0069828033447265625,,0.007891248911619186,,0.01746518723666668,,0.012111885473132133,,0.016263946890830994,,0.017506303265690804
,,3037,,,,,,,,,,,,,,,,1.1395790352253243e-05,,0.0035495758056640625,,0.00415442418307066,,0.016345446929335594,,0.01162179745733738,,0.015733949840068817,,0.01635684259235859
,,3038,,,,,,,,,,,,,,,,7.738713065919e-06,,0.0026111602783203125,,0.003423520131036639,,0.010943353176116943,,0.00916286837309599,,0.01287403330206871,,0.010951091535389423
,,3039,,,,,,,,,,,,,,,,2.240568574052304e-05,,0.004405975341796875,,0.005825301166623831,,0.013122267089784145,,0.010465736500918865,,0.014097553677856922,,0.013144672848284245
,,3040,,,,,,,,,,,,,,,,1.2132613846915774e-05,,0.0035648345947265625,,0.0042866370640695095,,0.013590868562459946,,0.009838497266173363,,0.014347056858241558,,0.013603000901639462
,,3041,,,,,,,,,,,,,,,,1.59706651174929e-05,,0.00417327880859375,,0.00491813151165843,,0.01086056511849165,,0.009125071577727795,,0.012825239449739456,,0.010876535438001156
,,3042,,,,,,,,,,,,,,,,1.9677949239849113e-05,,0.005008697509765625,,0.00545923039317131,,0.010848773643374443,,0.009366890415549278,,0.01281827688217163,,0.010868451558053493
,,3043,,,,,,,,,,,,,,,,7.73243846197147e-06,,0.0030517578125,,0.003422164125367999,,0.012979126535356045,,0.010168958455324173,,0.014020451344549656,,0.012986859306693077
,,3044,,,,,,,,,,,,,,,,3.5050650240009418e-06,,0.0023040771484375,,0.0023040771484375,,0.00570564903318882,,0.007040935102850199,,0.00929590966552496,,0.005709154065698385
104,,13334,,,,,,,,,,,,,,,2.5800321964197792e-05,,0.004215901717543602,,0.00529094971716404,,0.01374814473092556,,0.010257761925458908,,0.014260774478316307,,0.01353061106055975,
104,,13334,0.0017413550522178411,,0.04217029735445976,,0.04367215558886528,,0.021355491131544113,,0.013261358253657818,,0.01785622164607048,,0.02309940941631794,,,,,,,,,,,,,,,
,0.0005,13335,,,,,,,,,,,,,,,,,,,,,,,,,,,,
105,,13339,,0.00016212901391554624,,0.01308441162109375,,0.015668701380491257,,0.02753339894115925,,0.014996006153523922,,0.020420635119080544,,0.02769552730023861,,,,,,,,,,,,,,
105,,13349,,0.004727812483906746,,0.08408832550048828,,0.08462107926607132,,0.023358497768640518,,0.014319239184260368,,0.01880882866680622,,0.028086310252547264,,,,,,,,,,,,,,
105,,13359,,0.002627798356115818,,0.061492919921875,,0.0630866065621376,,0.027943894267082214,,0.014840703457593918,,0.020572295412421227,,0.030571691691875458,,,,,,,,,,,,,,
105,,13369,,6.37255870969966e-05,,0.008471488952636719,,0.009824222885072231,,0.02898489683866501,,0.01531144231557846,,0.02095198445022106,,0.029048621654510498,,,,,,,,,,,,,,
105,,13379,,0.0001641474518692121,,0.012246131896972656,,0.015768002718687057,,0.0411626398563385,,0.017413627356290817,,0.02496841549873352,,0.04132678732275963,,,,,,,,,,,,,,
105,,13389,,0.006953408941626549,,0.09853744506835938,,0.10262127220630646,,0.046843271702528,,0.01947634667158127,,0.026635626330971718,,0.0537966787815094,,,,,,,,,,,,,,
105,,13399,,0.00022028369130566716,,0.014078140258789062,,0.01826537773013115,,0.03579080104827881,,0.017041096463799477,,0.023282257840037346,,0.03601108491420746,,,,,,,,,,,,,,
105,,13409,,0.002061325591057539,,0.054119110107421875,,0.055873651057481766,,0.03603740781545639,,0.01696803793311119,,0.023362329229712486,,0.03809873387217522,,,,,,,,,,,,,,
105,,13419,,0.0018155344296246767,,0.05004310607910156,,0.05243727192282677,,0.025454824790358543,,0.01465559471398592,,0.019634705036878586,,0.02727035991847515,,,,,,,,,,,,,,
105,,13429,,0.00040497322333976626,,0.021884918212890625,,0.024764036759734154,,0.03806876763701439,,0.017709705978631973,,0.024011749774217606,,0.038473740220069885,,,,,,,,,,,,,,
105,,13439,,0.004894314333796501,,0.08530807495117188,,0.08609656989574432,,0.023484399542212486,,0.014636985026299953,,0.01885945163667202,,0.028378713876008987,,,,,,,,,,,,,,
105,,13449,,0.005783319007605314,,0.09343528747558594,,0.09358887374401093,,0.028736300766468048,,0.015266350470483303,,0.020861942321062088,,0.03451962023973465,,,,,,,,,,,,,,
105,,13459,,0.0001703110319795087,,0.013711929321289062,,0.01606023870408535,,0.02499653771519661,,0.014982776716351509,,0.019457150250673294,,0.025166848674416542,,,,,,,,,,,,,,
,,3045,,,,,,,,,,,,,,,,7.2490433922212105e-06,,0.0027599334716796875,,0.0033134636469185352,,0.012065325863659382,,0.010133983567357063,,0.013517886400222778,,0.012072575278580189
,,3046,,,,,,,,,,,,,,,,1.1793570592999458e-05,,0.003662109375,,0.004226319491863251,,0.016157666221261024,,0.011085744947195053,,0.01564330980181694,,0.016169460490345955
,,3047,,,,,,,,,,,,,,,,1.130136752180988e-05,,0.003910064697265625,,0.004137179348617792,,0.022541143000125885,,0.01210231427103281,,0.0184768196195364,,0.02255244366824627
,,3048,,,,,,,,,,,,,,,,1.3920680430601351e-05,,0.0038509368896484375,,0.004591650329530239,,0.01805298961699009,,0.01228195708245039,,0.01653536967933178,,0.01806691102683544
,,3049,,,,,,,,,,,,,,,,1.1676618669298477e-05,,0.0029735565185546875,,0.004205322824418545,,0.013758460059762001,,0.01000204961746931,,0.014435245655477047,,0.01377013698220253
,,3050,,,,,,,,,,,,,,,,8.39376480143983e-06,,0.0029201507568359375,,0.0035654790699481964,,0.012202261947095394,,0.01013064943253994,,0.013594381511211395,,0.012210655957460403
,,3051,,,,,,,,,,,,,,,,1.6132940800162032e-05,,0.00424957275390625,,0.004943047184497118,,0.01203230768442154,,0.009743141010403633,,0.01349937729537487,,0.012048440985381603
,,3052,,,,,,,,,,,,,,,,1.4040826499694958e-05,,0.0037078857421875,,0.0046114372089505196,,0.006601143628358841,,0.007431832142174244,,0.009998825378715992,,0.006615184247493744
,,3053,,,,,,,,,,,,,,,,3.304299752926454e-05,,0.005908966064453125,,0.007074230350553989,,0.0139689389616251,,0.01063223835080862,,0.014545244164764881,,0.014001982286572456
,,3054,,,,,,,,,,,,,,,,2.149593274225481e-05,,0.0045032501220703125,,0.005705810617655516,,0.013382810167968273,,0.010470922105014324,,0.014236817136406898,,0.013404306024312973
,,3055,,,,,,,,,,,,,,,,2.221536124125123e-05,,0.00518035888671875,,0.0058005028404295444,,0.010440489277243614,,0.008693134412169456,,0.012574761174619198,,0.010462705045938492
,,3056,,,,,,,,,,,,,,,,1.6729278286220506e-05,,0.00469970703125,,0.005033561959862709,,0.019320782274007797,,0.011813485994935036,,0.017106128856539726,,0.01933751069009304
,,3057,,,,,,,,,,,,,,,,0.0003322851553093642,,0.011911392211914062,,0.02243337593972683,,0.01619107648730278,,0.01157227624207735,,0.015659475699067116,,0.016523361206054688
,,3058,,,,,,,,,,,,,,,,1.5522628018516116e-05,,0.004085540771484375,,0.004848652984946966,,0.01882181689143181,,0.011986112222075462,,0.016883792355656624,,0.0188373401761055
,,3059,,,,,,,,,,,,,,,,1.671348582021892e-05,,0.00389862060546875,,0.005031219683587551,,0.022129014134407043,,0.012315050698816776,,0.018307136371731758,,0.022145727649331093
,,3060,,,,,,,,,,,,,,,,4.381017333798809e-06,,0.0022220611572265625,,0.0025758841075003147,,0.00826097559183836,,0.008286835625767708,,0.01118549145758152,,0.008265356533229351
,,3061,,,,,,,,,,,,,,,,3.685315459733829e-05,,0.005504608154296875,,0.007470934186130762,,0.013880926184356213,,0.010581938549876213,,0.014499355107545853,,0.013917779549956322
,,3062,,,,,,,,,,,,,,,,1.580379466759041e-05,,0.004245758056640625,,0.004892363678663969,,0.007073691114783287,,0.007783309556543827,,0.010350525379180908,,0.007089494727551937
,,3063,,,,,,,,,,,,,,,,7.722037480561994e-06,,0.00263214111328125,,0.0034198244102299213,,0.008617489598691463,,0.008499709889292717,,0.011424302123486996,,0.0086252111941576
,,3064,,,,,,,,,,,,,,,,6.446972292906139e-06,,0.0027484893798828125,,0.003124760929495096,,0.014423488639295101,,0.01052356231957674,,0.014780002646148205,,0.01442993525415659
,,3065,,,,,,,,,,,,,,,,4.36249392805621e-05,,0.007167816162109375,,0.008128449320793152,,0.017153767868876457,,0.012065974995493889,,0.01611829176545143,,0.017197392880916595
,,3066,,,,,,,,,,,,,,,,1.4581793948309496e-05,,0.004138946533203125,,0.00469944067299366,,0.016194656491279602,,0.011573468334972858,,0.015661204233765602,,0.01620923914015293
,,3067,,,,,,,,,,,,,,,,9.108794984058477e-06,,0.002910614013671875,,0.0037142380606383085,,0.01086683664470911,,0.009151803329586983,,0.012828946113586426,,0.01087594497948885
,,3068,,,,,,,,,,,,,,,,2.3281558242160827e-05,,0.004642486572265625,,0.005938070826232433,,0.013200834393501282,,0.01049991324543953,,0.014139694161713123,,0.01322411559522152
,,3069,,,,,,,,,,,,,,,,1.5305431588785723e-05,,0.00412750244140625,,0.004814625717699528,,0.013447455130517483,,0.009814728982746601,,0.014271160587668419,,0.013462760485708714
,,3070,,,,,,,,,,,,,,,,1.7734650100464933e-05,,0.0045337677001953125,,0.005182636436074972,,0.010460447520017624,,0.00900879967957735,,0.012586774304509163,,0.010478181764483452
,,3071,,,,,,,,,,,,,,,,1.7369213310303167e-05,,0.0047283172607421875,,0.0051289820112288,,0.010923204943537712,,0.009340538643300533,,0.012862171977758408,,0.01094057410955429
,,3072,,,,,,,,,,,,,,,,9.843469342740718e-06,,0.003528594970703125,,0.00386113696731627,,0.012533923611044884,,0.010013838298618793,,0.013777894899249077,,0.012543766759335995
,,3073,,,,,,,,,,,,,,,,5.433369096863316e-06,,0.00286865234375,,0.00286865234375,,0.005803307052701712,,0.006992114242166281,,0.009375127032399178,,0.005808740388602018
105,,13461,,,,,,,,,,,,,,,2.7564430638449267e-05,,0.004327528178691864,,0.005433997604995966,,0.013704154640436172,,0.010254696011543274,,0.01424612570554018,,0.013492663390934467,
105,,13461,0.002453307854011655,,0.05069170892238617,,0.05237280949950218,,0.03195340186357498,,0.01576506532728672,,0.021781757473945618,,0.03440443053841591,,,,,,,,,,,,,,,
,0.0005,13462,,,,,,,,,,,,,,,,,,,,,,,,,,,,
106,,13469,,0.00033875455847010016,,0.020926475524902344,,0.02265063486993313,,0.02901342511177063,,0.015429017134010792,,0.020962296053767204,,0.029352178797125816,,,,,,,,,,,,,,
106,,13479,,0.0028033917769789696,,0.06454277038574219,,0.06515996903181076,,0.031732335686683655,,0.01619342342019081,,0.021922511979937553,,0.0345357283949852,,,,,,,,,,,,,,
106,,13489,,0.0001520277583040297,,0.01116943359375,,0.015173333697021008,,0.04093436896800995,,0.01760030724108219,,0.024899084120988846,,0.04108639806509018,,,,,,,,,,,,,,
106,,13499,,0.00435120053589344,,0.07939815521240234,,0.08117910474538803,,0.042934317141771317,,0.018722053617239,,0.025500087067484856,,0.047285519540309906,,,,,,,,,,,,,,
106,,13509,,0.0042220959439873695,,0.07983779907226562,,0.07996360212564468,,0.022002052515745163,,0.014062594622373581,,0.018254544585943222,,0.026224147528409958,,,,,,,,,,,,,,
106,,13519,,0.0012919018045067787,,0.04325294494628906,,0.04423338174819946,,0.023386452347040176,,0.014215053990483284,,0.018820080906152725,,0.02467835322022438,,,,,,,,,,,,,,
106,,13529,,0.001119535882025957,,0.03924083709716797,,0.041177500039339066,,0.024626879021525383,,0.014169321395456791,,0.019312744960188866,,0.025746414437890053,,,,,,,,,,,,,,
106,,13539,,0.003502332605421543,,0.07117938995361328,,0.07283113896846771,,0.020141802728176117,,0.01320705283433199,,0.017465801909565926,,0.023644134402275085,,,,,,,,,,,,,,
106,,13549,,0.0038390238769352436,,0.07571792602539062,,0.07624849677085876,,0.02277226746082306,,0.013979066163301468,,0.018571311607956886,,0.026611290872097015,,,,,,,,,,,,,,
106,,13559,,0.008135011419653893,,0.10270404815673828,,0.1109987273812294,,0.0379648320376873,,0.016889339312911034,,0.023978950455784798,,0.046099841594696045,,,,,,,,,,,,,,
106,,13569,,0.0013120642397552729,,0.043684959411621094,,0.044577643275260925,,0.015281622298061848,,0.01157144270837307,,0.015213320031762123,,0.01659368723630905,,,,,,,,,,,,,,
106,,13579,,0.0017827675910666585,,0.05174732208251953,,0.051962170749902725,,0.014299813657999039,,0.01116772461682558,,0.014716497622430325,,0.016082581132650375,,,,,,,,,,,,,,
,,3074,,,,,,,,,,,,,,,,1.7668751752353273e-05,,0.0041179656982421875,,0.00517300795763731,,0.012034725397825241,,0.010079555213451385,,0.01350073330104351,,0.012052394449710846
,,3075,,,,,,,,,,,,,,,,1.079088087863056e-05,,0.003650665283203125,,0.004042650572955608,,0.015986314043402672,,0.011044884100556374,,0.01556013897061348,,0.015997104346752167
,,3076,,,,,,,,,,,,,,,,1.2345222785370424e-05,,0.00390625,,0.004324022680521011,,0.022461464628577232,,0.012074999511241913,,0.018444139510393143,,0.022473810240626335
,,3077,,,,,,,,,,,,,,,,1.5698766219429672e-05,,0.00399017333984375,,0.004876084625720978,,0.017764592543244362,,0.012146968394517899,,0.01640276052057743,,0.01778029091656208
,,3078,,,,,,,,,,,,,,,,8.81669438967947e-06,,0.00284576416015625,,0.0036542012821882963,,0.013703594915568829,,0.010061915032565594,,0.014406436122953892,,0.013712411746382713
,,3079,,,,,,,,,,,,,,,,8.244742275564931e-06,,0.0029087066650390625,,0.0035336907021701336,,0.012392371892929077,,0.01014014333486557,,0.013699871487915516,,0.012400616891682148
,,3080,,,,,,,,,,,,,,,,1.9811133824987337e-05,,0.0047397613525390625,,0.005477631464600563,,0.011903028003871441,,0.009741367772221565,,0.013426660560071468,,0.011922839097678661
,,3081,,,,,,,,,,,,,,,,1.843084828578867e-05,,0.00418853759765625,,0.005283381789922714,,0.006530099082738161,,0.007395369000732899,,0.009944874793291092,,0.006548529956489801
,,3082,,,,,,,,,,,,,,,,3.427778574405238e-05,,0.0060253143310546875,,0.0072051966562867165,,0.013981296680867672,,0.010697247460484505,,0.014551674015820026,,0.014015574008226395
,,3083,,,,,,,,,,,,,,,,2.454412060615141e-05,,0.00482177734375,,0.006096946075558662,,0.013706558384001255,,0.010551302693784237,,0.014407997019588947,,0.013731102459132671
,,3084,,,,,,,,,,,,,,,,2.5337980332551524e-05,,0.005512237548828125,,0.006194767542183399,,0.010471820831298828,,0.008752788417041302,,0.012593613006174564,,0.010497158393263817
,,3085,,,,,,,,,,,,,,,,1.4139281120151281e-05,,0.0042667388916015625,,0.004627524875104427,,0.01991446129977703,,0.012014897540211678,,0.01736695133149624,,0.019928600639104843
,,3086,,,,,,,,,,,,,,,,0.00032724853372201324,,0.012163162231445312,,0.02226271666586399,,0.016441013664007187,,0.011729945428669453,,0.015779878944158554,,0.016768261790275574
,,3087,,,,,,,,,,,,,,,,8.719627658138052e-06,,0.0030117034912109375,,0.0036340232472866774,,0.01863779127597809,,0.011982210911810398,,0.016801053658127785,,0.01864651031792164
,,3088,,,,,,,,,,,,,,,,1.4972159988246858e-05,,0.0039157867431640625,,0.004761931020766497,,0.02233695052564144,,0.012476624920964241,,0.01839294470846653,,0.02235192246735096
,,3089,,,,,,,,,,,,,,,,5.309513653628528e-06,,0.0024356842041015625,,0.0028357496485114098,,0.008519620634615421,,0.00836534146219492,,0.011359244585037231,,0.008524930104613304
,,3090,,,,,,,,,,,,,,,,3.784631553571671e-05,,0.005626678466796875,,0.007570974063128233,,0.013908022083342075,,0.010594317689538002,,0.014513500966131687,,0.013945868238806725
,,3091,,,,,,,,,,,,,,,,1.747333590174094e-05,,0.0044155120849609375,,0.005144302733242512,,0.007031498476862907,,0.007745388895273209,,0.010319610126316547,,0.007048971951007843
,,3092,,,,,,,,,,,,,,,,8.804074241197668e-06,,0.0029087066650390625,,0.003651560051366687,,0.008883564732968807,,0.008564982563257217,,0.011599332094192505,,0.008892368525266647
,,3093,,,,,,,,,,,,,,,,8.495222573401406e-06,,0.003021240234375,,0.003586951643228531,,0.014124921523034573,,0.010472354479134083,,0.014626231044530869,,0.014133417047560215
,,3094,,,,,,,,,,,,,,,,3.709920929395594e-05,,0.006519317626953125,,0.007495890837162733,,0.017315704375505447,,0.012102587148547173,,0.016194194555282593,,0.01735280267894268
,,3095,,,,,,,,,,,,,,,,1.4514074791804887e-05,,0.0042400360107421875,,0.004688500426709652,,0.016124876216053963,,0.011548121459782124,,0.015627427026629448,,0.01613938994705677
,,3096,,,,,,,,,,,,,,,,8.073652679740917e-06,,0.002899169921875,,0.003496818710118532,,0.010551124811172485,,0.009054779075086117,,0.01264121476560831,,0.010559198446571827
,,3097,,,,,,,,,,,,,,,,2.369505091337487e-05,,0.00478363037109375,,0.005990566220134497,,0.013214083388447762,,0.010523675009608269,,0.01414678618311882,,0.013237778097391129
,,3098,,,,,,,,,,,,,,,,1.7506437870906666e-05,,0.0043849945068359375,,0.005149182863533497,,0.013233905658125877,,0.009737000800669193,,0.014157392084598541,,0.013251411728560925
,,3099,,,,,,,,,,,,,,,,1.826772313506808e-05,,0.0045986175537109375,,0.0052599431946873665,,0.01050715334713459,,0.009074280969798565,,0.012614844366908073,,0.010525421239435673
,,3100,,,,,,,,,,,,,,,,2.1042986190877855e-05,,0.005069732666015625,,0.005645380821079016,,0.010928494855761528,,0.009351245127618313,,0.012865287251770496,,0.010949538089334965
,,3101,,,,,,,,,,,,,,,,1.0977948477375321e-05,,0.003643035888671875,,0.004077552817761898,,0.01267518661916256,,0.010108215734362602,,0.013855318538844585,,0.012686164118349552
,,3102,,,,,,,,,,,,,,,,8.562126822653227e-06,,0.00360107421875,,0.00360107421875,,0.006171457003802061,,0.007189076393842697,,0.009667923673987389,,0.0061800191178917885
106,,13588,,,,,,,,,,,,,,,2.813235369103495e-05,,0.004446614533662796,,0.005553468130528927,,0.013726425357162952,,0.01027666311711073,,0.014258082956075668,,0.013526014052331448,
106,,13588,0.0023468476720154285,,0.05063987895846367,,0.05219792202115059,,0.02553645893931389,,0.014202729798853397,,0.019363338127732277,,0.02787608653306961,,,,,,,,,,,,,,,
,0.0005,13589,,,,,,,,,,,,,,,,,,,,,,,,,,,,
107,,13589,,6.243831012398005e-05,,0.008466720581054688,,0.009725566022098064,,0.016315508633852005,,0.011594587936997414,,0.01571953482925892,,0.016377946361899376,,,,,,,,,,,,,,
107,,13599,,0.0015915661351755261,,0.04879188537597656,,0.04909570887684822,,0.014619766734540462,,0.011150641366839409,,0.0148802250623703,,0.016211332753300667,,,,,,,,,,,,,,
107,,13609,,0.001972290687263012,,0.053490638732910156,,0.05465330928564072,,0.02111254446208477,,0.013100290670990944,,0.017881734296679497,,0.023084834218025208,,,,,,,,,,,,,,
107,,13619,,0.001317436690442264,,0.044075965881347656,,0.044668737798929214,,0.017768414691090584,,0.011662657372653484,,0.016404524445533752,,0.019085850566625595,,,,,,,,,,,,,,
107,,13629,,3.3633754355832934e-05,,0.006037712097167969,,0.0071373311802744865,,0.02002262882888317,,0.012955780141055584,,0.01741405390202999,,0.020056262612342834,,,,,,,,,,,,,,
107,,13639,,1.4802878467889968e-05,,0.004215240478515625,,0.004734363406896591,,0.015636254101991653,,0.011641361750662327,,0.015388834290206432,,0.015651056542992592,,,,,,,,,,,,,,
107,,13649,,0.0002777391637209803,,0.017876625061035156,,0.02050844021141529,,0.01912750117480755,,0.012364344671368599,,0.017020346596837044,,0.019405240193009377,,,,,,,,,,,,,,
107,,13659,,0.002124241553246975,,0.056293487548828125,,0.05672004818916321,,0.016425887122750282,,0.012051518075168133,,0.015772616490721703,,0.018550127744674683,,,,,,,,,,,,,,
107,,13669,,0.000113245754619129,,0.011546134948730469,,0.013097657822072506,,0.01818603277206421,,0.012561963871121407,,0.01659618504345417,,0.018299277871847153,,,,,,,,,,,,,,
107,,13679,,1.650238482397981e-05,,0.0040435791015625,,0.004999716300517321,,0.014369671232998371,,0.011142421513795853,,0.01475240383297205,,0.014386173337697983,,,,,,,,,,,,,,
107,,13689,,2.0157989638391882e-05,,0.0045337677001953125,,0.005524803884327412,,0.029386529698967934,,0.015178369358181953,,0.02109665237367153,,0.02940668724477291,,,,,,,,,,,,,,
107,,13699,,0.00023576401872560382,,0.017953872680664062,,0.018897388130426407,,0.013003945350646973,,0.010553629137575626,,0.014033853076398373,,0.013239709660410881,,,,,,,,,,,,,,
107,,13709,,0.0003724845009855926,,0.023240089416503906,,0.023751456290483475,,0.013157062232494354,,0.010570455342531204,,0.01411623228341341,,0.013529546558856964,,,,,,,,,,,,,,
,,3103,,,,,,,,,,,,,,,,1.4023459698364604e-05,,0.0038356781005859375,,0.004608624614775181,,0.011625110171735287,,0.009901938028633595,,0.013268990442156792,,0.011639134027063847
,,3104,,,,,,,,,,,,,,,,9.276322998630349e-06,,0.0033588409423828125,,0.003748242510482669,,0.016104482114315033,,0.01106159295886755,,0.015617542900145054,,0.016113758087158203
,,3105,,,,,,,,,,,,,,,,1.1170860489073675e-05,,0.0037059783935546875,,0.004113223869353533,,0.022253461182117462,,0.012110097333788872,,0.018358536064624786,,0.0222646314650774
,,3106,,,,,,,,,,,,,,,,1.4496205039904453e-05,,0.0036182403564453125,,0.004685612861067057,,0.017940448597073555,,0.012256605550646782,,0.016483748331665993,,0.01795494556427002
,,3107,,,,,,,,,,,,,,,,9.45689134823624e-06,,0.0026035308837890625,,0.003784544998779893,,0.013099199160933495,,0.00998049508780241,,0.014085158705711365,,0.01310865581035614
,,3108,,,,,,,,,,,,,,,,7.767654096824117e-06,,0.0027904510498046875,,0.003429924137890339,,0.012323761358857155,,0.01014222577214241,,0.01366189680993557,,0.012331528589129448
,,3109,,,,,,,,,,,,,,,,1.6655925719533116e-05,,0.004398345947265625,,0.005022535566240549,,0.011956031434237957,,0.00969700701534748,,0.013456524349749088,,0.01197268720716238
,,3110,,,,,,,,,,,,,,,,1.5255216567311436e-05,,0.0037937164306640625,,0.004806721583008766,,0.006545322015881538,,0.007355722598731518,,0.00995645672082901,,0.00656057707965374
,,3111,,,,,,,,,,,,,,,,2.9892244128859602e-05,,0.0057086944580078125,,0.006728492211550474,,0.014021811075508595,,0.01065167598426342,,0.01457274705171585,,0.014051703736186028
,,3112,,,,,,,,,,,,,,,,2.5723806174937636e-05,,0.0051479339599609375,,0.006241733208298683,,0.013249359093606472,,0.010432271286845207,,0.014165657572448254,,0.013275083154439926
,,3113,,,,,,,,,,,,,,,,2.310461968590971e-05,,0.0052642822265625,,0.005915472749620676,,0.010199587792158127,,0.008716466836631298,,0.012428839690983295,,0.010222692042589188
,,3114,,,,,,,,,,,,,,,,1.5095715752977412e-05,,0.0044116973876953125,,0.004781466908752918,,0.01931772008538246,,0.011802621185779572,,0.017104772850871086,,0.01933281496167183
,,3115,,,,,,,,,,,,,,,,0.00032147197634913027,,0.012071609497070312,,0.022065356373786926,,0.016019616276025772,,0.011622373946011066,,0.015576343983411789,,0.016341088339686394
,,3116,,,,,,,,,,,,,,,,1.4445276974583976e-05,,0.0037364959716796875,,0.004677351098507643,,0.018267342820763588,,0.01184912770986557,,0.01663324609398842,,0.018281787633895874
,,3117,,,,,,,,,,,,,,,,1.1676744179567322e-05,,0.0031070709228515625,,0.004205336328595877,,0.02181359753012657,,0.012310496531426907,,0.01817619428038597,,0.0218252744525671
,,3118,,,,,,,,,,,,,,,,4.201712727081031e-06,,0.0019683837890625,,0.0025226313155144453,,0.00852985493838787,,0.008381979539990425,,0.011366067454218864,,0.008534057065844536
,,3119,,,,,,,,,,,,,,,,3.6334222386358306e-05,,0.005359649658203125,,0.007418149616569281,,0.014194820076227188,,0.01064485777169466,,0.01466237474232912,,0.014231154695153236
,,3120,,,,,,,,,,,,,,,,1.4444272892433219e-05,,0.0040721893310546875,,0.004677201621234417,,0.0069047934375703335,,0.007679943460971117,,0.010226207785308361,,0.006919237785041332
,,3121,,,,,,,,,,,,,,,,8.00273846834898e-06,,0.0028533935546875,,0.003481420688331127,,0.009029749780893326,,0.008582407608628273,,0.011694380082190037,,0.009037752635776997
,,3122,,,,,,,,,,,,,,,,9.612617759557907e-06,,0.003314971923828125,,0.0038155745714902878,,0.013482624664902687,,0.010297914035618305,,0.014289814978837967,,0.013492236845195293
,,3123,,,,,,,,,,,,,,,,3.620453207986429e-05,,0.00644683837890625,,0.007404943462461233,,0.01713629812002182,,0.01201331801712513,,0.01611008495092392,,0.017172502353787422
,,3124,,,,,,,,,,,,,,,,1.2246821825101506e-05,,0.0037994384765625,,0.004306777846068144,,0.01610955223441124,,0.011591608636081219,,0.015620002523064613,,0.016121799126267433
,,3125,,,,,,,,,,,,,,,,5.061963747721165e-06,,0.00235748291015625,,0.0027688397094607353,,0.01046921219676733,,0.009015579707920551,,0.01259204838424921,,0.010474273934960365
,,3126,,,,,,,,,,,,,,,,2.0706824216176756e-05,,0.0043926239013671875,,0.005600108299404383,,0.013062598183751106,,0.010496039874851704,,0.01406546588987112,,0.013083305209875107
,,3127,,,,,,,,,,,,,,,,1.2968184819328599e-05,,0.00366973876953125,,0.004431798122823238,,0.013250770047307014,,0.009728686884045601,,0.014166411012411118,,0.01326373778283596
,,3128,,,,,,,,,,,,,,,,2.01713883143384e-05,,0.0048351287841796875,,0.00552722904831171,,0.01060323603451252,,0.009107221849262714,,0.012672391720116138,,0.010623407550156116
,,3129,,,,,,,,,,,,,,,,2.2027346858521923e-05,,0.0052814483642578125,,0.005775907542556524,,0.010809074155986309,,0.009322376921772957,,0.012794801034033298,,0.010831101797521114
,,3130,,,,,,,,,,,,,,,,9.17436136660399e-06,,0.0033016204833984375,,0.0037275857757776976,,0.013024561107158661,,0.01023869402706623,,0.014044972136616707,,0.013033735565841198
,,3131,,,,,,,,,,,,,,,,6.210711035237182e-06,,0.0030670166015625,,0.0030670166015625,,0.0058205751702189445,,0.007034758571535349,,0.009389068931341171,,0.005826785694807768
107,,13715,,,,,,,,,,,,,,,2.671809124876745e-05,,0.004252048209309578,,0.005356664769351482,,0.01358476560562849,,0.010235401801764965,,0.014187566936016083,,0.013376601040363312,
107,,13715,0.0007378452573902905,,0.026508430019021034,,0.028333181515336037,,0.018017854541540146,,0.012164497748017311,,0.016412178054451942,,0.018754206597805023,,,,,,,,,,,,,,,
,0.0005,13716,,,,,,,,,,,,,,,,,,,,,,,,,,,,
108,,13719,,0.0012574393767863512,,0.04314708709716797,,0.04363982751965523,,0.015297888778150082,,0.011404186487197876,,0.015221419744193554,,0.01655532792210579,,,,,,,,,,,,,,
108,,13729,,0.0013333148090168834,,0.04371166229248047,,0.04493800550699234,,0.01588750258088112,,0.011733322404325008,,0.015511979348957539,,0.017220817506313324,,,,,,,,,,,,,,
108,,13739,,5.8811012422665954e-05,,0.0077667236328125,,0.009439151734113693,,0.01663113385438919,,0.012353216297924519,,0.015870850533246994,,0.01668994501233101,,,,,,,,,,,,,,
108,,13749,,0.0004323506145738065,,0.02419567108154297,,0.02558823674917221,,0.019815348088741302,,0.012713758274912834,,0.017323682084679604,,0.020247697830200195,,,,,,,,,,,,,,
108,,13759,,0.00025413348339498043,,0.01802349090576172,,0.019616620615124702,,0.022956272587180138,,0.013629699125885963,,0.018646186217665672,,0.02321040630340576,,,,,,,,,,,,,,
108,,13769,,1.7599115381017327e-05,,0.004385948181152344,,0.005164715461432934,,0.01486137229949236,,0.01112409122288227,,0.015002679079771042,,0.014878971502184868,,,,,,,,,,,,,,
108,,13779,,0.0001249845081474632,,0.012738227844238281,,0.013758959248661995,,0.013441191986203194,,0.010494811460375786,,0.01426783949136734,,0.013566176407039165,,,,,,,,,,,,,,
108,,13789,,0.0002985714527312666,,0.01938152313232422,,0.02126413770020008,,0.01949193887412548,,0.013030526228249073,,0.017181729897856712,,0.019790509715676308,,,,,,,,,,,,,,
108,,13799,,0.0008760588243603706,,0.03518199920654297,,0.03642517328262329,,0.014050683006644249,,0.01095263846218586,,0.014587740413844585,,0.01492674183100462,,,,,,,,,,,,,,
108,,13809,,8.93083997652866e-05,,0.008150100708007812,,0.011627502739429474,,0.025208542123436928,,0.013929738663136959,,0.019539490342140198,,0.025297850370407104,,,,,,,,,,,,,,
108,,13819,,0.0015772867482155561,,0.04743194580078125,,0.048877328634262085,,0.02640441805124283,,0.014424185268580914,,0.01999758370220661,,0.027981704100966454,,,,,,,,,,,,,,
108,,13829,,0.0071682678535580635,,0.1038370132446289,,0.10419493913650513,,0.020267289131879807,,0.01343835424631834,,0.017520124092698097,,0.027435556054115295,,,,,,,,,,,,,,
108,,13839,,0.00043007926433347166,,0.023736953735351562,,0.025522466748952866,,0.016702622175216675,,0.011914301663637161,,0.015904923900961876,,0.017132701352238655,,,,,,,,,,,,,,
,,3132,,,,,,,,,,,,,,,,1.2522903489298187e-05,,0.003582000732421875,,0.004355047829449177,,0.011624202132225037,,0.009875036776065826,,0.013268468901515007,,0.011636724695563316
,,3133,,,,,,,,,,,,,,,,9.371226042276248e-06,,0.0032749176025390625,,0.003767341375350952,,0.016187049448490143,,0.011037850752472878,,0.01565752923488617,,0.016196420416235924
,,3134,,,,,,,,,,,,,,,,8.877204891177826e-06,,0.00344085693359375,,0.003666715929284692,,0.022888915613293648,,0.012100519612431526,,0.01861879788339138,,0.022897792980074883
,,3135,,,,,,,,,,,,,,,,1.4215633200365119e-05,,0.0034198760986328125,,0.004640061408281326,,0.018398147076368332,,0.01237722672522068,,0.016692692413926125,,0.018412362784147263
,,3136,,,,,,,,,,,,,,,,1.0040270353783853e-05,,0.002513885498046875,,0.003899553557857871,,0.013618484139442444,,0.00993137527257204,,0.014361625537276268,,0.013628524728119373
,,3137,,,,,,,,,,,,,,,,7.653687134734355e-06,,0.002742767333984375,,0.003404668066650629,,0.01220669411122799,,0.01010129600763321,,0.013596850447356701,,0.01221434772014618
,,3138,,,,,,,,,,,,,,,,1.4927383745089173e-05,,0.0039577484130859375,,0.004754781257361174,,0.011776423081755638,,0.00961389672011137,,0.013355065137147903,,0.011791350319981575
,,3139,,,,,,,,,,,,,,,,1.2478541975724511e-05,,0.00347900390625,,0.004347322508692741,,0.006385710556060076,,0.0072749038226902485,,0.00983431376516819,,0.006398188881576061
,,3140,,,,,,,,,,,,,,,,2.8030459361616522e-05,,0.0054492950439453125,,0.0065155900083482265,,0.014021821320056915,,0.01062966138124466,,0.014572748914361,,0.014049851335585117
,,3141,,,,,,,,,,,,,,,,2.524115188862197e-05,,0.005001068115234375,,0.006182921584695578,,0.013050682842731476,,0.01036138366907835,,0.014059045352041721,,0.013075923547148705
,,3142,,,,,,,,,,,,,,,,2.146717088180594e-05,,0.0050983428955078125,,0.0057019987143576145,,0.009862582199275494,,0.008535175584256649,,0.012221788056194782,,0.00988404918462038
,,3143,,,,,,,,,,,,,,,,1.9103179511148483e-05,,0.004669189453125,,0.005378847476094961,,0.018927371129393578,,0.01167909987270832,,0.016931070014834404,,0.01894647441804409
,,3144,,,,,,,,,,,,,,,,0.0003161186177749187,,0.011816024780273438,,0.021880852058529854,,0.016123466193675995,,0.011667300015687943,,0.01562674343585968,,0.016439585015177727
,,3145,,,,,,,,,,,,,,,,1.4856929738016333e-05,,0.003814697265625,,0.004743550904095173,,0.018445584923028946,,0.011883721686899662,,0.016714194789528847,,0.018460441380739212
,,3146,,,,,,,,,,,,,,,,9.905676051857881e-06,,0.0025234222412109375,,0.0038733098190277815,,0.02162311226129532,,0.012253761291503906,,0.01809665933251381,,0.02163301780819893
,,3147,,,,,,,,,,,,,,,,4.230582362652058e-06,,0.002071380615234375,,0.0025312809739261866,,0.008413718082010746,,0.008349229581654072,,0.011288424022495747,,0.008417949080467224
,,3148,,,,,,,,,,,,,,,,3.3376167266396806e-05,,0.0052204132080078125,,0.007109807804226875,,0.013352969661355019,,0.010440333746373653,,0.014220943674445152,,0.013386345468461514
,,3149,,,,,,,,,,,,,,,,1.2265362784091849e-05,,0.0038623809814453125,,0.0043100169859826565,,0.006741825956851244,,0.0075891995802521706,,0.010104808025062084,,0.00675409147515893
,,3150,,,,,,,,,,,,,,,,7.134642601158703e-06,,0.0024623870849609375,,0.003287184750661254,,0.008936703205108643,,0.008536162786185741,,0.011633972637355328,,0.008943838067352772
,,3151,,,,,,,,,,,,,,,,9.880271136353258e-06,,0.0032863616943359375,,0.003868324914947152,,0.013578238897025585,,0.010375963523983955,,0.014340394176542759,,0.01358811929821968
,,3152,,,,,,,,,,,,,,,,3.638087218860164e-05,,0.0063915252685546875,,0.00742295989766717,,0.017413048073649406,,0.012016259133815765,,0.016239652410149574,,0.017449429258704185
,,3153,,,,,,,,,,,,,,,,1.0457720236445311e-05,,0.0034732818603515625,,0.0039797695353627205,,0.016290728002786636,,0.011579708196222782,,0.01570759154856205,,0.01630118489265442
,,3154,,,,,,,,,,,,,,,,5.337788479664596e-06,,0.0022983551025390625,,0.0028432831168174744,,0.010307020507752895,,0.008924650028347969,,0.012494130060076714,,0.010312357917428017
,,3155,,,,,,,,,,,,,,,,1.765607885317877e-05,,0.003910064697265625,,0.005171142518520355,,0.012959158979356289,,0.010450176894664764,,0.01400966290384531,,0.01297681499272585
,,3156,,,,,,,,,,,,,,,,1.2495182090788148e-05,,0.0036468505859375,,0.004350213799625635,,0.01295444369316101,,0.00958637148141861,,0.014007116667926311,,0.012966939248144627
,,3157,,,,,,,,,,,,,,,,2.0993471480323933e-05,,0.0049228668212890625,,0.005638718605041504,,0.010885034687817097,,0.009189053438603878,,0.012839683331549168,,0.010906028561294079
,,3158,,,,,,,,,,,,,,,,1.7865320842247456e-05,,0.0048656463623046875,,0.005201677791774273,,0.010576126165688038,,0.009128587320446968,,0.012656179256737232,,0.010593991726636887
,,3159,,,,,,,,,,,,,,,,8.99648784979945e-06,,0.0033588409423828125,,0.0036912907380610704,,0.012574433349072933,,0.010077427141368389,,0.013800141401588917,,0.012583429925143719
,,3160,,,,,,,,,,,,,,,,5.148224772710819e-06,,0.0027923583984375,,0.0027923583984375,,0.005823441315442324,,0.0070905075408518314,,0.00939137488603592,,0.005828589666634798
108,,13842,,,,,,,,,,,,,,,2.56897255894728e-05,,0.0040854220278561115,,0.005221948027610779,,0.01354139018803835,,0.010184947401285172,,0.014155525714159012,,0.01333359070122242,
108,,13842,0.0009909316431730986,,0.030457008630037308,,0.03223181515932083,,0.017899107187986374,,0.012156891636550426,,0.016344686970114708,,0.018888484686613083,,,,,,,,,,,,,,,
,0.0005,13843,,,,,,,,,,,,,,,,,,,,,,,,,,,,
109,,13849,,8.716908632777631e-05,,0.009410858154296875,,0.01149063091725111,,0.013923653401434422,,0.011275405995547771,,0.014521648176014423,,0.014010822400450706,,,,,,,,,,,,,,
109,,13859,,0.0004972565802745521,,0.02615070343017578,,0.027442585676908493,,0.020422423258423805,,0.013051541522145271,,0.017587048932909966,,0.02091968059539795,,,,,,,,,,,,,,
109,,13869,,0.0010127893183380365,,0.03789329528808594,,0.039163555949926376,,0.016455017030239105,,0.011595497839152813,,0.01578659750521183,,0.017467806115746498,,,,,,,,,,,,,,
109,,13879,,0.00015480176080018282,,0.014141082763671875,,0.015311874449253082,,0.015740228816866875,,0.011478702537715435,,0.015439913608133793,,0.01589503139257431,,,,,,,,,,,,,,
109,,13889,,0.0002819083456415683,,0.01894664764404297,,0.020660918205976486,,0.017962194979190826,,0.012593496590852737,,0.01649373769760132,,0.018244102597236633,,,,,,,,,,,,,,
109,,13899,,0.0004479179624468088,,0.024619102478027344,,0.026044467464089394,,0.016219353303313255,,0.011877275072038174,,0.015673141926527023,,0.01666727103292942,,,,,,,,,,,,,,
109,,13909,,0.00048794460599310696,,0.02114105224609375,,0.02718326263129711,,0.03780391812324524,,0.01756761595606804,,0.023928072303533554,,0.03829186409711838,,,,,,,,,,,,,,
109,,13919,,0.0015450316714122891,,0.04796123504638672,,0.04837319627404213,,0.020096920430660248,,0.013191049918532372,,0.017446329817175865,,0.02164195291697979,,,,,,,,,,,,,,
109,,13929,,0.0017785551026463509,,0.0505828857421875,,0.0519016794860363,,0.02362630143761635,,0.013957186602056026,,0.01891634799540043,,0.025404855608940125,,,,,,,,,,,,,,
109,,13939,,0.0005606900667771697,,0.02797985076904297,,0.029142335057258606,,0.01737470179796219,,0.01214374229311943,,0.01622176356613636,,0.017935391515493393,,,,,,,,,,,,,,
109,,13949,,0.00012901774607598782,,0.009675025939941406,,0.013979488983750343,,0.014162689447402954,,0.011259674094617367,,0.014645771123468876,,0.014291707426309586,,,,,,,,,,,,,,
109,,13959,,0.00032097409712150693,,0.021566390991210938,,0.022047843784093857,,0.013598671182990074,,0.010911033488810062,,0.014351177960634232,,0.013919644989073277,,,,,,,,,,,,,,
109,,13969,,0.0008601611480116844,,0.0326792411506176,,0.036094799637794495,,0.017567235976457596,,0.012349413707852364,,0.016311390325427055,,0.018427398055791855,,,,,,,,,,,,,,
,,3161,,,,,,,,,,,,,,,,1.1491671102703549e-05,,0.0034961700439453125,,0.004171901382505894,,0.01154832262545824,,0.009783826768398285,,0.013225091621279716,,0.011559814214706421
,,3162,,,,,,,,,,,,,,,,9.084268640435766e-06,,0.003139495849609375,,0.003709204262122512,,0.016976414248347282,,0.011239349842071533,,0.01603475585579872,,0.016985498368740082
,,3163,,,,,,,,,,,,,,,,1.0735426258179359e-05,,0.0037174224853515625,,0.004032266791909933,,0.022703425958752632,,0.011908011510968208,,0.018543211743235588,,0.0227141622453928
,,3164,,,,,,,,,,,,,,,,1.3373139154282399e-05,,0.0033092498779296875,,0.004500460345298052,,0.017731348052620888,,0.01221741084009409,,0.01638740487396717,,0.017744721844792366
,,3165,,,,,,,,,,,,,,,,1.116869316319935e-05,,0.0024890899658203125,,0.0041128345765173435,,0.013823485933244228,,0.0099320774897933,,0.014469316229224205,,0.013834654353559017
,,3166,,,,,,,,,,,,,,,,7.168597676354693e-06,,0.0026607513427734375,,0.0032950108870863914,,0.012396580539643764,,0.01013435423374176,,0.013702199794352055,,0.01240374892950058
,,3167,,,,,,,,,,,,,,,,1.3249670701043215e-05,,0.0035610198974609375,,0.004479621071368456,,0.01167566329240799,,0.009561233222484589,,0.013297812081873417,,0.011688913218677044
,,3168,,,,,,,,,,,,,,,,1.0944288078462705e-05,,0.00324249267578125,,0.004071288276463747,,0.006344010587781668,,0.007239273749291897,,0.009802150540053844,,0.0063549550250172615
,,3169,,,,,,,,,,,,,,,,2.6270468879374675e-05,,0.0053424835205078125,,0.006307726260274649,,0.014020422473549843,,0.010603298433125019,,0.0145720224827528,,0.014046693220734596
,,3170,,,,,,,,,,,,,,,,2.217774817836471e-05,,0.0048828125,,0.005795568693429232,,0.012672130949795246,,0.010248403996229172,,0.013853652402758598,,0.012694308534264565
,,3171,,,,,,,,,,,,,,,,2.072627466986887e-05,,0.004970550537109375,,0.005602724384516478,,0.009920825250446796,,0.008553062565624714,,0.012257819063961506,,0.009941551834344864
,,3172,,,,,,,,,,,,,,,,1.2974081982974894e-05,,0.00412750244140625,,0.0044327834621071815,,0.01899835281074047,,0.011650674045085907,,0.016962790861725807,,0.019011326134204865
,,3173,,,,,,,,,,,,,,,,0.00030093081295490265,,0.011587142944335938,,0.021348750218749046,,0.016217822209000587,,0.011714460328221321,,0.01567240245640278,,0.01651875302195549
,,3174,,,,,,,,,,,,,,,,1.583596895216033e-05,,0.003963470458984375,,0.004897358361631632,,0.018428578972816467,,0.011901706457138062,,0.01670648716390133,,0.01844441518187523
,,3175,,,,,,,,,,,,,,,,1.1288054338365328e-05,,0.002933502197265625,,0.004134765826165676,,0.021548399701714516,,0.012204541824758053,,0.01806536875665188,,0.021559687331318855
,,3176,,,,,,,,,,,,,,,,3.9050673876772635e-06,,0.0020732879638671875,,0.002431952627375722,,0.008339110761880875,,0.008285267278552055,,0.011238262988626957,,0.008343015797436237
,,3177,,,,,,,,,,,,,,,,3.41354425472673e-05,,0.0052509307861328125,,0.007190199568867683,,0.013046244159340858,,0.010315130464732647,,0.014056655578315258,,0.01308037992566824
,,3178,,,,,,,,,,,,,,,,1.0678380022000056e-05,,0.0037078857421875,,0.004021530505269766,,0.006698255892843008,,0.007536638528108597,,0.010072103701531887,,0.006708934437483549
,,3179,,,,,,,,,,,,,,,,6.711801688652486e-06,,0.0023250579833984375,,0.0031882792245596647,,0.008819224312901497,,0.008501555770635605,,0.011557248421013355,,0.00882593635469675
,,3180,,,,,,,,,,,,,,,,1.0420673788757995e-05,,0.003520965576171875,,0.003972695209085941,,0.013102223165333271,,0.010207138955593109,,0.014086782932281494,,0.013112643733620644
,,3181,,,,,,,,,,,,,,,,3.567488238331862e-05,,0.00640869140625,,0.007350584026426077,,0.01677609048783779,,0.011862481944262981,,0.015939868986606598,,0.016811765730381012
,,3182,,,,,,,,,,,,,,,,9.160668014374096e-06,,0.00313568115234375,,0.0037247934378683567,,0.016785595566034317,,0.011667857877910137,,0.015944384038448334,,0.016794756054878235
,,3183,,,,,,,,,,,,,,,,4.84404790768167e-06,,0.0021514892578125,,0.0027085854671895504,,0.010256720706820488,,0.008846597746014595,,0.012463602237403393,,0.010261564515531063
,,3184,,,,,,,,,,,,,,,,1.5276642443495803e-05,,0.0034332275390625,,0.004810089711099863,,0.01321179699152708,,0.010496082715690136,,0.0141455614939332,,0.013227073475718498
,,3185,,,,,,,,,,,,,,,,1.0857742381631397e-05,,0.0034027099609375,,0.0040551722049713135,,0.01293905545026064,,0.009607193991541862,,0.013998791575431824,,0.012949912808835506
,,3186,,,,,,,,,,,,,,,,1.8411479686619714e-05,,0.0046367645263671875,,0.005280585493892431,,0.010422036983072758,,0.009032008238136768,,0.012563647702336311,,0.010440448299050331
,,3187,,,,,,,,,,,,,,,,1.7051565009751357e-05,,0.0048065185546875,,0.0050818584859371185,,0.010500052012503147,,0.00909940991550684,,0.012610578909516335,,0.010517103597521782
,,3188,,,,,,,,,,,,,,,,8.354452802450396e-06,,0.003192901611328125,,0.0035571311600506306,,0.012330684810876846,,0.010023788549005985,,0.013665730133652687,,0.012339039705693722
,,3189,,,,,,,,,,,,,,,,4.980827270628652e-06,,0.00274658203125,,0.00274658203125,,0.005872385576367378,,0.007106033153831959,,0.009430759586393833,,0.005877366289496422
109,,13969,,,,,,,,,,,,,,,2.4303099053213373e-05,,0.003975559026002884,,0.005070543847978115,,0.013474377803504467,,0.010142618790268898,,0.014118204824626446,,0.01326872780919075,
109,,13969,0.0005645183264277875,,0.02329377830028534,,0.025321435183286667,,0.018176855519413948,,0.012218769639730453,,0.016455724835395813,,0.018741216510534286,,,,,,,,,,,,,,,
,0.0005,13970,,,,,,,,,,,,,,,,,,,,,,,,,,,,
110,,13979,,0.0004946120316162705,,0.02661895751953125,,0.02736995741724968,,0.014572648331522942,,0.011479510925710201,,0.014856226742267609,,0.015067260712385178,,,,,,,,,,,,,,
110,,13989,,0.0016033033607527614,,0.04807853698730469,,0.04927888512611389,,0.030697839334607124,,0.014484761282801628,,0.02156221494078636,,0.03230114281177521,,,,,,,,,,,,,,
110,,13999,,0.00037233458715490997,,0.02309417724609375,,0.02374422177672386,,0.01811080053448677,,0.012312674894928932,,0.016561822965741158,,0.018483135849237442,,,,,,,,,,,,,,
110,,14009,,0.004357456229627132,,0.08107757568359375,,0.08123911917209625,,0.024569634348154068,,0.013859959319233894,,0.019290294498205185,,0.028927091509103775,,,,,,,,,,,,,,
110,,14019,,0.00663931155577302,,0.10000038146972656,,0.1002759262919426,,0.020416496321558952,,0.013154799118638039,,0.01758449897170067,,0.027055807411670685,,,,,,,,,,,,,,
110,,14029,,0.00031884433701634407,,0.020662307739257812,,0.021973928436636925,,0.012790469452738762,,0.01059228740632534,,0.013918185606598854,,0.013109313324093819,,,,,,,,,,,,,,
110,,14039,,0.003037966787815094,,0.06740474700927734,,0.06782936304807663,,0.024696875363588333,,0.014902320690453053,,0.019340170547366142,,0.027734842151403427,,,,,,,,,,,,,,
110,,14049,,0.0011852632742375135,,0.04186725616455078,,0.04236948490142822,,0.01540844514966011,,0.011517254635691643,,0.015276320278644562,,0.016593707725405693,,,,,,,,,,,,,,
110,,14059,,0.0008976134704425931,,0.032698631286621094,,0.03686928749084473,,0.02311122976243496,,0.013519170694053173,,0.018709009513258934,,0.024008844047784805,,,,,,,,,,,,,,
110,,14069,,2.8393924367264844e-05,,0.0051937103271484375,,0.006556604523211718,,0.027600232511758804,,0.013863347470760345,,0.020445404574275017,,0.02762862667441368,,,,,,,,,,,,,,
110,,14079,,0.00030960008734837174,,0.01974010467529297,,0.02165447548031807,,0.024394618347287178,,0.013992014341056347,,0.019221460446715355,,0.0247042179107666,,,,,,,,,,,,,,
110,,14089,,0.00033832952613011,,0.021193504333496094,,0.022634578868746758,,0.02532271295785904,,0.015065215528011322,,0.019583685323596,,0.0256610419601202,,,,,,,,,,,,,,
,,3190,,,,,,,,,,,,,,,,7.709763849561568e-06,,0.0030307769775390625,,0.003417129861190915,,0.011464536190032959,,0.009727849625051022,,0.013177028857171535,,0.011472245678305626
,,3191,,,,,,,,,,,,,,,,1.0092026059282944e-05,,0.0032787322998046875,,0.003909567836672068,,0.016743287444114685,,0.011091175489127636,,0.015924276784062386,,0.01675337925553322
,,3192,,,,,,,,,,,,,,,,8.240202078013681e-06,,0.0033283233642578125,,0.0035326939541846514,,0.021450763568282127,,0.011703972704708576,,0.018024392426013947,,0.021459003910422325
,,3193,,,,,,,,,,,,,,,,1.22430737974355e-05,,0.003498077392578125,,0.004306115675717592,,0.01740238070487976,,0.012118195183575153,,0.01623467728495598,,0.017414623871445656
,,3194,,,,,,,,,,,,,,,,9.706662240205333e-06,,0.0024509429931640625,,0.003834228031337261,,0.013141240924596786,,0.009833185002207756,,0.014107740484178066,,0.013150947168469429
,,3195,,,,,,,,,,,,,,,,8.469884051010013e-06,,0.002834320068359375,,0.0035816167946904898,,0.011897651478648186,,0.009952622465789318,,0.01342362817376852,,0.011906120926141739
,,3196,,,,,,,,,,,,,,,,1.3652010238729417e-05,,0.0036830902099609375,,0.004547122400254011,,0.01179661974310875,,0.009640736505389214,,0.013366513885557652,,0.011810272000730038
,,3197,,,,,,,,,,,,,,,,8.539022928744089e-06,,0.002948760986328125,,0.003596181282773614,,0.006252128630876541,,0.007216236554086208,,0.00973090622574091,,0.006260667461901903
,,3198,,,,,,,,,,,,,,,,2.3961885744938627e-05,,0.0050487518310546875,,0.006024200469255447,,0.01408452820032835,,0.01063334010541439,,0.014605299569666386,,0.014108490198850632
,,3199,,,,,,,,,,,,,,,,2.52547615673393e-05,,0.004917144775390625,,0.006184583064168692,,0.01256554201245308,,0.010269932448863983,,0.013795260339975357,,0.012590796686708927
,,3200,,,,,,,,,,,,,,,,1.8676722902455367e-05,,0.004486083984375,,0.0053185089491307735,,0.010151338763535023,,0.008604277856647968,,0.012399408034980297,,0.010170015506446362
,,3201,,,,,,,,,,,,,,,,1.4602670489693992e-05,,0.004375457763671875,,0.004702777601778507,,0.018369309604167938,,0.011539618484675884,,0.016679607331752777,,0.01838391274213791
,,3202,,,,,,,,,,,,,,,,0.0003384105220902711,,0.0120391845703125,,0.022639228031039238,,0.016506480053067207,,0.011709327809512615,,0.015811268240213394,,0.016844891011714935
,,3203,,,,,,,,,,,,,,,,1.7601098079467192e-05,,0.004425048828125,,0.005163093563169241,,0.018047643825411797,,0.011810488998889923,,0.01653292030096054,,0.01806524582207203
,,3204,,,,,,,,,,,,,,,,9.729279554449022e-06,,0.00312042236328125,,0.003838692558929324,,0.021204356104135513,,0.01209910400211811,,0.01792057417333126,,0.021214084699749947
,,3205,,,,,,,,,,,,,,,,2.484806145730545e-06,,0.0015888214111328125,,0.0019399301381781697,,0.00847905594855547,,0.008277960121631622,,0.011332170106470585,,0.008481540717184544
,,3206,,,,,,,,,,,,,,,,3.484026456135325e-05,,0.005214691162109375,,0.007264057174324989,,0.012804755941033363,,0.010252725332975388,,0.013925953768193722,,0.012839595787227154
,,3207,,,,,,,,,,,,,,,,9.62623926170636e-06,,0.00345611572265625,,0.003818273777142167,,0.006743661593645811,,0.0075611514039337635,,0.010106183588504791,,0.006753287743777037
,,3208,,,,,,,,,,,,,,,,6.525820936076343e-06,,0.002414703369140625,,0.0031438011210411787,,0.00884740985929966,,0.008448520675301552,,0.011575701646506786,,0.00885393563657999
,,3209,,,,,,,,,,,,,,,,1.22790343084489e-05,,0.003780364990234375,,0.004312396515160799,,0.013332785107195377,,0.010240958072245121,,0.014210185967385769,,0.013345064595341682
,,3210,,,,,,,,,,,,,,,,3.740342071978375e-05,,0.0064868927001953125,,0.00752656115218997,,0.01648007705807686,,0.011719370260834694,,0.01579861342906952,,0.016517480835318565
,,3211,,,,,,,,,,,,,,,,9.458808563067578e-06,,0.0032501220703125,,0.003784925676882267,,0.01643355004489422,,0.011558697558939457,,0.015776295214891434,,0.016443008556962013
,,3212,,,,,,,,,,,,,,,,4.632418040273478e-06,,0.002101898193359375,,0.002648762660101056,,0.010410898365080357,,0.008875178173184395,,0.012556931003928185,,0.010415530763566494
,,3213,,,,,,,,,,,,,,,,1.5828354662517086e-05,,0.0035552978515625,,0.004896181169897318,,0.013017294928431511,,0.010487573221325874,,0.014041055925190449,,0.013033123686909676
,,3214,,,,,,,,,,,,,,,,8.184900252672378e-06,,0.0029277801513671875,,0.0035208354238420725,,0.012553969398140907,,0.009504462592303753,,0.013788903132081032,,0.012562153860926628
,,3215,,,,,,,,,,,,,,,,1.994221929635387e-05,,0.00485992431640625,,0.005495733115822077,,0.010036781430244446,,0.00888910423964262,,0.012329249642789364,,0.010056723840534687
,,3216,,,,,,,,,,,,,,,,1.846935811045114e-05,,0.004886627197265625,,0.005288909655064344,,0.010068003088235855,,0.008984032087028027,,0.012348406948149204,,0.010086472146213055
,,3217,,,,,,,,,,,,,,,,8.686167348059826e-06,,0.0031871795654296875,,0.0036270490381866693,,0.012381121516227722,,0.010016189888119698,,0.013693653047084808,,0.01238980796188116
,,3218,,,,,,,,,,,,,,,,4.654332315112697e-06,,0.002655029296875,,0.002655029296875,,0.005708702374249697,,0.007053392473608255,,0.009298395365476608,,0.005713356658816338
110,,14096,,,,,,,,,,,,,,,2.5451849069213495e-05,,0.003964708186686039,,0.005055823363363743,,0.01327576208859682,,0.010085251182317734,,0.014022370800375938,,0.013072269037365913,
110,,14096,0.0016423502238467336,,0.0398590974509716,,0.04142020270228386,,0.021902360022068024,,0.013371638022363186,,0.018077369779348373,,0.023541636765003204,,,,,,,,,,,,,,,
,0.0005,14097,,,,,,,,,,,,,,,,,,,,,,,,,,,,
111,,14099,,7.859450852265581e-05,,0.008769989013671875,,0.010909219272434711,,0.020845022052526474,,0.012972203083336353,,0.017768077552318573,,0.020923616364598274,,,,,,,,,,,,,,
111,,14109,,0.00044492323650047183,,0.020725250244140625,,0.025958674028515816,,0.04388461261987686,,0.01757887378334999,,0.02578074112534523,,0.04432953521609306,,,,,,,,,,,,,,
111,,14119,,0.010222841054201126,,0.12380504608154297,,0.12443073838949203,,0.024915309622883797,,0.01461070217192173,,0.01942550763487816,,0.03513815253973007,,,,,,,,,,,,,,
111,,14129,,0.0003229490830563009,,0.02029132843017578,,0.022115558385849,,0.029769456014037132,,0.015829753130674362,,0.021233653649687767,,0.030092405155301094,,,,,,,,,,,,,,
111,,14139,,0.009021210484206676,,0.11661052703857422,,0.11688936501741409,,0.02592693455517292,,0.015574823133647442,,0.019815951585769653,,0.03494814410805702,,,,,,,,,,,,,,
111,,14149,,0.0010995902121067047,,0.04009437561035156,,0.04080831632018089,,0.026741215959191322,,0.015153731219470501,,0.02012472413480282,,0.027840806171298027,,,,,,,,,,,,,,
111,,14159,,0.0021550992969423532,,0.05674266815185547,,0.05713029205799103,,0.01358386967331171,,0.01100031565874815,,0.014343366026878357,,0.015738969668745995,,,,,,,,,,,,,,
111,,14169,,2.716982453421224e-05,,0.004528999328613281,,0.006415884010493755,,0.016568787395954132,,0.012059563770890236,,0.015841079875826836,,0.016595957800745964,,,,,,,,,,,,,,
111,,14179,,0.00028576451586559415,,0.018301963806152344,,0.020805200561881065,,0.019436629489064217,,0.012945039197802544,,0.017157332971692085,,0.01972239464521408,,,,,,,,,,,,,,
111,,14189,,0.0001320434093941003,,0.012475967407226562,,0.014141432009637356,,0.026590261608362198,,0.01390873920172453,,0.020067840814590454,,0.02672230452299118,,,,,,,,,,,,,,
111,,14199,,0.004917905665934086,,0.08531761169433594,,0.08630166947841644,,0.0338091216981411,,0.01610439643263817,,0.022628525272011757,,0.03872702643275261,,,,,,,,,,,,,,
111,,14209,,0.0023162513971328735,,0.05861377716064453,,0.05923013761639595,,0.025029879063367844,,0.014358369633555412,,0.019470123574137688,,0.027346130460500717,,,,,,,,,,,,,,
111,,14219,,9.156272426480427e-05,,0.009484291076660156,,0.011775383725762367,,0.019054317846894264,,0.013083277270197868,,0.01698775589466095,,0.01914587989449501,,,,,,,,,,,,,,
,,3219,,,,,,,,,,,,,,,,8.705523214302957e-06,,0.0031375885009765625,,0.003631106810644269,,0.011322170495986938,,0.00964563712477684,,0.01309495884925127,,0.01133087556809187
,,3220,,,,,,,,,,,,,,,,7.949312021082733e-06,,0.0027618408203125,,0.003469789633527398,,0.016510669142007828,,0.011096426285803318,,0.015813270583748817,,0.016518618911504745
,,3221,,,,,,,,,,,,,,,,1.00513234428945e-05,,0.003597259521484375,,0.003901657648384571,,0.02142799273133278,,0.01180704589933157,,0.01801482029259205,,0.02143804356455803
,,3222,,,,,,,,,,,,,,,,1.235151466971729e-05,,0.003330230712890625,,0.0043251533061265945,,0.017440728843212128,,0.0121006453409791,,0.016252553090453148,,0.017453080043196678
,,3223,,,,,,,,,,,,,,,,1.3939288692199625e-05,,0.0028533935546875,,0.004594719968736172,,0.012597888708114624,,0.009745670482516289,,0.013813002035021782,,0.012611827813088894
,,3224,,,,,,,,,,,,,,,,9.37118602450937e-06,,0.0029010772705078125,,0.0037673567421734333,,0.011674423702061176,,0.009882153943181038,,0.01329710241407156,,0.011683794669806957
,,3225,,,,,,,,,,,,,,,,1.3931942703493405e-05,,0.0037479400634765625,,0.004593513440340757,,0.011446550488471985,,0.009549987502396107,,0.013166691176593304,,0.011460482142865658
,,3226,,,,,,,,,,,,,,,,1.0339028449379839e-05,,0.0032196044921875,,0.003957119304686785,,0.006356774363666773,,0.007271447218954563,,0.009812005795538425,,0.006367113441228867
,,3227,,,,,,,,,,,,,,,,2.6187075491179712e-05,,0.0051746368408203125,,0.006297705695033073,,0.014424714259803295,,0.010721678845584393,,0.01478063128888607,,0.014450901187956333
,,3228,,,,,,,,,,,,,,,,2.5796161935431883e-05,,0.004878997802734375,,0.006250509060919285,,0.012685068883001804,,0.010229562409222126,,0.013860718347132206,,0.012710864655673504
,,3229,,,,,,,,,,,,,,,,1.7426242266083136e-05,,0.0044536590576171875,,0.005137384869158268,,0.01029263436794281,,0.008705959655344486,,0.012485401704907417,,0.01031006034463644
,,3230,,,,,,,,,,,,,,,,1.5875222743488848e-05,,0.0045986175537109375,,0.004903407301753759,,0.01909484528005123,,0.011768130585551262,,0.017005814239382744,,0.019110720604658127
,,3231,,,,,,,,,,,,,,,,0.00034609026624821126,,0.012294769287109375,,0.02289467677474022,,0.01578589156270027,,0.011546037159860134,,0.015462290495634079,,0.01613198220729828
,,3232,,,,,,,,,,,,,,,,1.3703107470064424e-05,,0.003818511962890625,,0.0045556239783763885,,0.018454359844326973,,0.011942044831812382,,0.016718167811632156,,0.018468063324689865
,,3233,,,,,,,,,,,,,,,,5.843343842570903e-06,,0.0024242401123046875,,0.002974891569465399,,0.021874764934182167,,0.012123016640543938,,0.018201662227511406,,0.021880608052015305
,,3234,,,,,,,,,,,,,,,,2.376002612436423e-06,,0.0016078948974609375,,0.0018969980301335454,,0.008492364548146725,,0.00830962136387825,,0.011341061443090439,,0.008494740352034569
,,3235,,,,,,,,,,,,,,,,3.0011548005859368e-05,,0.0051708221435546875,,0.006741905119270086,,0.013012782670557499,,0.010221319273114204,,0.014038625173270702,,0.013042794540524483
,,3236,,,,,,,,,,,,,,,,9.011337169795297e-06,,0.0033283233642578125,,0.003694309387356043,,0.006639747880399227,,0.007506543770432472,,0.010028018616139889,,0.0066487593576312065
,,3237,,,,,,,,,,,,,,,,5.705756848328747e-06,,0.0023059844970703125,,0.0029396195895969868,,0.008702421560883522,,0.008447934873402119,,0.011480460874736309,,0.008708127774298191
,,3238,,,,,,,,,,,,,,,,1.3253733413876034e-05,,0.0037822723388671875,,0.004480309784412384,,0.012970177456736565,,0.010129975154995918,,0.014015620574355125,,0.012983431108295918
,,3239,,,,,,,,,,,,,,,,4.1171442717313766e-05,,0.0067996978759765625,,0.007896550931036472,,0.016467276960611343,,0.011673608794808388,,0.015792474150657654,,0.016508448868989944
,,3240,,,,,,,,,,,,,,,,1.2141843399149366e-05,,0.0037288665771484375,,0.004288265947252512,,0.01615111157298088,,0.011444428004324436,,0.01564013957977295,,0.016163254156708717
,,3241,,,,,,,,,,,,,,,,4.805365733773215e-06,,0.0021190643310546875,,0.0026977488305419683,,0.010156761854887009,,0.008808632381260395,,0.012402722612023354,,0.010161567479372025
,,3242,,,,,,,,,,,,,,,,1.6610822058282793e-05,,0.0037899017333984375,,0.005015742499381304,,0.013021936640143394,,0.010500465519726276,,0.014043554663658142,,0.013038547709584236
,,3243,,,,,,,,,,,,,,,,9.546411092742346e-06,,0.00311279296875,,0.003802417078986764,,0.012857461348176003,,0.009568787179887295,,0.013954583555459976,,0.012867007404565811
,,3244,,,,,,,,,,,,,,,,1.8182716303272173e-05,,0.0044918060302734375,,0.005247689783573151,,0.010194658301770687,,0.008939089253544807,,0.012425838969647884,,0.01021284144371748
,,3245,,,,,,,,,,,,,,,,1.879141382232774e-05,,0.0048999786376953125,,0.005334821064025164,,0.010138359852135181,,0.009027717635035515,,0.012391478754580021,,0.010157151147723198
,,3246,,,,,,,,,,,,,,,,7.324000762309879e-06,,0.00295257568359375,,0.0033305343240499496,,0.01203947700560093,,0.00991062168031931,,0.01350339874625206,,0.012046800926327705
,,3247,,,,,,,,,,,,,,,,5.20463891007239e-06,,0.0028076171875,,0.0028076171875,,0.005768689792603254,,0.007069272454828024,,0.00934712402522564,,0.005773894488811493
111,,14223,,,,,,,,,,,,,,,2.5853991246549413e-05,,0.003969184122979641,,0.0050834654830396175,,0.013260625302791595,,0.010080278851091862,,0.014009082689881325,,0.013059807009994984,
111,,14223,0.0024550994858145714,,0.04782279580831528,,0.04958084970712662,,0.026469696313142776,,0.014442117884755135,,0.01967691071331501,,0.028921181336045265,,,,,,,,,,,,,,,
,0.0005,14224,,,,,,,,,,,,,,,,,,,,,,,,,,,,
112,,14229,,0.0004918783088214695,,0.026062965393066406,,0.027293745428323746,,0.016299191862344742,,0.011982391588389874,,0.015711670741438866,,0.016791069880127907,,,,,,,,,,,,,,
112,,14239,,0.0016412811819463968,,0.04941844940185547,,0.04985659942030907,,0.02211095578968525,,0.013839507475495338,,0.018299659714102745,,0.023752236738801003,,,,,,,,,,,,,,
112,,14249,,0.00028904853388667107,,0.019840240478515625,,0.02092376910150051,,0.014848836697638035,,0.011130754835903645,,0.01499634888023138,,0.015137884765863419,,,,,,,,,,,,,,
112,,14259,,0.0008234884589910507,,0.03479194641113281,,0.035316772758960724,,0.02323601394891739,,0.013685201294720173,,0.018759455531835556,,0.02405950240790844,,,,,,,,,,,,,,
112,,14269,,0.0017640014411881566,,0.048750877380371094,,0.0516868494451046,,0.04515931382775307,,0.01869151182472706,,0.026152487844228745,,0.04692331701517105,,,,,,,,,,,,,,
112,,14279,,0.004662632942199707,,0.08357906341552734,,0.08403320610523224,,0.02549806423485279,,0.014840679243206978,,0.019651377573609352,,0.030160697177052498,,,,,,,,,,,,,,
112,,14289,,0.0010068585397675633,,0.037776947021484375,,0.03905131295323372,,0.029111018404364586,,0.015434883534908295,,0.02099752426147461,,0.030117876827716827,,,,,,,,,,,,,,
112,,14299,,0.0035224445164203644,,0.07285881042480469,,0.07303939759731293,,0.018218988552689552,,0.012560310773551464,,0.016611216589808464,,0.021741433069109917,,,,,,,,,,,,,,
112,,14309,,0.0024039146956056356,,0.06000232696533203,,0.060338109731674194,,0.018164824694395065,,0.012621790170669556,,0.016586504876613617,,0.020568739622831345,,,,,,,,,,,,,,
112,,14319,,0.001662437804043293,,0.048598289489746094,,0.05017748475074768,,0.025294730439782143,,0.014054528437554836,,0.019572865217924118,,0.02695716917514801,,,,,,,,,,,,,,
112,,14329,,0.0003709042794071138,,0.022655487060546875,,0.02370082587003708,,0.01907467469573021,,0.012908399105072021,,0.016996826976537704,,0.01944557949900627,,,,,,,,,,,,,,
112,,14339,,0.0009797369129955769,,0.037840843200683594,,0.03852011635899544,,0.0195537731051445,,0.013558739796280861,,0.01720895804464817,,0.02053350955247879,,,,,,,,,,,,,,
112,,14349,,0.0001550452143419534,,0.013759613037109375,,0.015322944149374962,,0.014133933000266552,,0.011315464973449707,,0.014630893245339394,,0.014288978651165962,,,,,,,,,,,,,,
,,3248,,,,,,,,,,,,,,,,1.0780840057122987e-05,,0.003284454345703125,,0.004040778148919344,,0.011170241050422192,,0.009556983597576618,,0.013006802648305893,,0.01118102204054594
,,3249,,,,,,,,,,,,,,,,7.018009455350693e-06,,0.0026340484619140625,,0.0032602206338196993,,0.017102085053920746,,0.011261031962931156,,0.01609399914741516,,0.017109103500843048
,,3250,,,,,,,,,,,,,,,,1.1608026397880167e-05,,0.003902435302734375,,0.004192919936031103,,0.021495621651411057,,0.011778086423873901,,0.01804322935640812,,0.021507229655981064
,,3251,,,,,,,,,,,,,,,,1.5227489711833186e-05,,0.0039386749267578125,,0.004802347626537085,,0.017451917752623558,,0.012068532407283783,,0.016257766634225845,,0.01746714487671852
,,3252,,,,,,,,,,,,,,,,1.3089834283164237e-05,,0.0027217864990234375,,0.004452557303011417,,0.01272960752248764,,0.009789340198040009,,0.013885030522942543,,0.012742697261273861
,,3253,,,,,,,,,,,,,,,,9.088727892958559e-06,,0.003101348876953125,,0.0037101376801729202,,0.011836939491331577,,0.009884368628263474,,0.013389337807893753,,0.01184602826833725
,,3254,,,,,,,,,,,,,,,,1.4606426702812314e-05,,0.00384521484375,,0.004703396465629339,,0.011594458483159542,,0.009571214206516743,,0.013251484371721745,,0.011609065346419811
,,3255,,,,,,,,,,,,,,,,1.07353962448542e-05,,0.0033817291259765625,,0.0040322523564100266,,0.006291777361184359,,0.007229242939502001,,0.009761711582541466,,0.006302512716501951
,,3256,,,,,,,,,,,,,,,,2.7378742743167095e-05,,0.005382537841796875,,0.006439416669309139,,0.014363340102136135,,0.010671647265553474,,0.014749151654541492,,0.014390719123184681
,,3257,,,,,,,,,,,,,,,,3.191920404788107e-05,,0.005268096923828125,,0.006952877622097731,,0.012491092085838318,,0.01012710202485323,,0.013754334300756454,,0.012523011304438114
,,3258,,,,,,,,,,,,,,,,1.9157059796270914e-05,,0.00460052490234375,,0.005386466160416603,,0.01030611339956522,,0.008684789761900902,,0.012493575923144817,,0.01032527070492506
,,3259,,,,,,,,,,,,,,,,1.9519447960192338e-05,,0.005054473876953125,,0.0054371412843465805,,0.018994035199284554,,0.011702151037752628,,0.016960864886641502,,0.019013553857803345
,,3260,,,,,,,,,,,,,,,,0.00034538930049166083,,0.012350082397460938,,0.022871477529406548,,0.015852486714720726,,0.011596910655498505,,0.015494870953261852,,0.016197875142097473
,,3261,,,,,,,,,,,,,,,,1.6127642084029503e-05,,0.0042781829833984375,,0.004942243453115225,,0.01852254383265972,,0.011942877434194088,,0.016749028116464615,,0.018538670614361763
,,3262,,,,,,,,,,,,,,,,6.279355147853494e-06,,0.00241851806640625,,0.0030838800594210625,,0.021785633638501167,,0.01208309642970562,,0.018164539709687233,,0.021791912615299225
,,3263,,,,,,,,,,,,,,,,2.6685277134674834e-06,,0.00162506103515625,,0.0020103708375245333,,0.00852947123348713,,0.008371619507670403,,0.011365811340510845,,0.008532139472663403
,,3264,,,,,,,,,,,,,,,,2.9474136681528762e-05,,0.0049285888671875,,0.006681276485323906,,0.01311006210744381,,0.010275200940668583,,0.01409099716693163,,0.01313953660428524
,,3265,,,,,,,,,,,,,,,,9.84443977358751e-06,,0.0034351348876953125,,0.0038613141514360905,,0.006654581520706415,,0.00750382523983717,,0.010039214044809341,,0.006664426065981388
,,3266,,,,,,,,,,,,,,,,5.640718882204965e-06,,0.002323150634765625,,0.0029228348284959793,,0.008584286086261272,,0.008434979245066643,,0.011402270756661892,,0.008589927107095718
,,3267,,,,,,,,,,,,,,,,1.6616280845482834e-05,,0.003993988037109375,,0.005016540177166462,,0.012790866196155548,,0.010072348639369011,,0.013918397948145866,,0.012807482853531837
,,3268,,,,,,,,,,,,,,,,4.646906745620072e-05,,0.00736236572265625,,0.008389240130782127,,0.016132144257426262,,0.01160663552582264,,0.015630945563316345,,0.016178613528609276
,,3269,,,,,,,,,,,,,,,,1.3406695870799012e-05,,0.003894805908203125,,0.004506092518568039,,0.016308166086673737,,0.011518346145749092,,0.01571599580347538,,0.0163215734064579
,,3270,,,,,,,,,,,,,,,,5.691715159628075e-06,,0.0022106170654296875,,0.0029360235203057528,,0.010408472269773483,,0.008835901506245136,,0.012555466033518314,,0.010414163582026958
,,3271,,,,,,,,,,,,,,,,1.6780975784058683e-05,,0.0039310455322265625,,0.0050413645803928375,,0.01272653043270111,,0.010320725850760937,,0.013883351348340511,,0.012743311002850533
,,3272,,,,,,,,,,,,,,,,1.161091131507419e-05,,0.0035724639892578125,,0.004193450789898634,,0.01252092607319355,,0.0094709238037467,,0.013770746067166328,,0.012532536871731281
,,3273,,,,,,,,,,,,,,,,1.8371296391705982e-05,,0.004611968994140625,,0.005274820141494274,,0.009988722391426563,,0.00889985729008913,,0.012299694120883942,,0.010007093660533428
,,3274,,,,,,,,,,,,,,,,1.838922980823554e-05,,0.0048809051513671875,,0.005277437623590231,,0.009716716594994068,,0.00886707752943039,,0.012131069786846638,,0.00973510555922985
,,3275,,,,,,,,,,,,,,,,7.484518391720485e-06,,0.00295257568359375,,0.003366837278008461,,0.011852823197841644,,0.009769462049007416,,0.013398315757513046,,0.011860307306051254
,,3276,,,,,,,,,,,,,,,,4.287408046366181e-06,,0.0025482177734375,,0.0025482177734375,,0.0055842711590230465,,0.006989955902099609,,0.009196502156555653,,0.005588558502495289
112,,14350,,,,,,,,,,,,,,,2.705457700358238e-05,,0.004131673369556665,,0.00526592880487442,,0.013227012008428574,,0.010053974576294422,,0.013987826183438301,,0.013022778555750847,
112,,14350,0.0016765259206295013,,0.040525346994400024,,0.04207807406783104,,0.021602947264909744,,0.01327007357031107,,0.017934253439307213,,0.023275690153241158,,,,,,,,,,,,,,,
,0.0005,14351,,,,,,,,,,,,,,,,,,,,,,,,,,,,
113,,14359,,0.0004826265503652394,,0.026299476623535156,,0.027035055682063103,,0.017523888498544693,,0.011855196207761765,,0.01629125513136387,,0.018006514757871628,,,,,,,,,,,,,,
113,,14369,,7.742935849819332e-05,,0.009284019470214844,,0.01082918792963028,,0.021719463169574738,,0.013326108455657959,,0.01813693530857563,,0.02179689332842827,,,,,,,,,,,,,,
113,,14379,,0.001206656452268362,,0.04248523712158203,,0.042750995606184006,,0.014444014057517052,,0.011232148855924606,,0.01479051448404789,,0.0156506709754467,,,,,,,,,,,,,,
113,,14389,,0.0026714319828897715,,0.06275749206542969,,0.06360785663127899,,0.026149369776248932,,0.013867976143956184,,0.019900768995285034,,0.02882080152630806,,,,,,,,,,,,,,
113,,14399,,0.0028718558605760336,,0.06542015075683594,,0.06595216691493988,,0.01806247979402542,,0.012285028584301472,,0.016539717093110085,,0.0209343358874321,,,,,,,,,,,,,,
113,,14409,,2.710390617721714e-05,,0.005047798156738281,,0.006407055072486401,,0.016575902700424194,,0.011980855837464333,,0.015844475477933884,,0.016603006049990654,,,,,,,,,,,,,,
113,,14419,,0.0001221118145622313,,0.0101776123046875,,0.0135985491797328,,0.018046991899609566,,0.012382934801280499,,0.016532618552446365,,0.01816910319030285,,,,,,,,,,,,,,
113,,14429,,0.0031073354184627533,,0.06750011444091797,,0.0686006024479866,,0.0256009753793478,,0.0143421096727252,,0.019690990447998047,,0.028708310797810555,,,,,,,,,,,,,,
113,,14439,,0.007253445219248533,,0.10432720184326172,,0.10481254011392593,,0.028937146067619324,,0.015409472398459911,,0.02093472331762314,,0.036190591752529144,,,,,,,,,,,,,,
113,,14449,,0.026298049837350845,,0.1988840103149414,,0.19957385957241058,,0.03988811373710632,,0.017507709562778473,,0.024578817188739777,,0.06618615984916687,,,,,,,,,,,,,,
113,,14459,,0.00030636071460321546,,0.019486427307128906,,0.021540844812989235,,0.027602052316069603,,0.01548637356609106,,0.02044607698917389,,0.027908412739634514,,,,,,,,,,,,,,
113,,14469,,0.003058175090700388,,0.06606864929199219,,0.06805580109357834,,0.035894572734832764,,0.015343524515628815,,0.02331598661839962,,0.038952749222517014,,,,,,,,,,,,,,
,,3277,,,,,,,,,,,,,,,,1.5566318324999884e-05,,0.0039577484130859375,,0.004855481907725334,,0.011486981064081192,,0.009676462970674038,,0.013189922086894512,,0.011502547189593315
,,3278,,,,,,,,,,,,,,,,8.50129799800925e-06,,0.0030727386474609375,,0.0035882536321878433,,0.01762004755437374,,0.011370514519512653,,0.01633589342236519,,0.01762854866683483
,,3279,,,,,,,,,,,,,,,,9.495348422206007e-06,,0.00345611572265625,,0.003792223520576954,,0.021647317335009575,,0.011803963221609592,,0.01810678280889988,,0.021656813099980354
,,3280,,,,,,,,,,,,,,,,1.0086701877298765e-05,,0.0030517578125,,0.003908529412001371,,0.01755119487643242,,0.01205745805054903,,0.01630394160747528,,0.017561281099915504
,,3281,,,,,,,,,,,,,,,,1.0478697731741704e-05,,0.002490997314453125,,0.00398374954238534,,0.012453671544790268,,0.009685561060905457,,0.013733717612922192,,0.012464149855077267
,,3282,,,,,,,,,,,,,,,,1.0255910638079513e-05,,0.0034046173095703125,,0.003941182512789965,,0.011675924994051456,,0.009897006675601006,,0.013297958299517632,,0.011686180718243122
,,3283,,,,,,,,,,,,,,,,1.3537252016249113e-05,,0.00372314453125,,0.00452796695753932,,0.011664656922221184,,0.009557479992508888,,0.013291542418301105,,0.011678194627165794
,,3284,,,,,,,,,,,,,,,,9.282106475438923e-06,,0.0031528472900390625,,0.0037494145799428225,,0.006451200693845749,,0.0072277323342859745,,0.009884612634778023,,0.006460482720285654
,,3285,,,,,,,,,,,,,,,,2.5731424102559686e-05,,0.0052356719970703125,,0.006242674775421619,,0.014578549191355705,,0.010662363842129707,,0.014859235845506191,,0.014604280702769756
,,3286,,,,,,,,,,,,,,,,3.3193588024005294e-05,,0.00543212890625,,0.007090302184224129,,0.012268981896340847,,0.010029396042227745,,0.013631499372422695,,0.012302175164222717
,,3287,,,,,,,,,,,,,,,,2.0124021830270067e-05,,0.004779815673828125,,0.005520725157111883,,0.010250497609376907,,0.008612198755145073,,0.012459821999073029,,0.010270621627569199
,,3288,,,,,,,,,,,,,,,,1.6509642591699958e-05,,0.0045452117919921875,,0.005000405944883823,,0.018850505352020264,,0.01168318185955286,,0.016896657645702362,,0.018867015838623047
,,3289,,,,,,,,,,,,,,,,0.00033897117828018963,,0.011938095092773438,,0.022657962515950203,,0.015576587989926338,,0.011372460052371025,,0.015359444543719292,,0.015915559604763985
,,3290,,,,,,,,,,,,,,,,1.148340197687503e-05,,0.0037136077880859375,,0.00417036609724164,,0.019088787958025932,,0.011972570791840553,,0.01700310967862606,,0.01910027116537094
,,3291,,,,,,,,,,,,,,,,7.455032573489007e-06,,0.0026073455810546875,,0.003360187401995063,,0.02171768806874752,,0.012067748233675957,,0.018136192113161087,,0.021725142374634743
,,3292,,,,,,,,,,,,,,,,3.412394562474219e-06,,0.0018711090087890625,,0.002273374004289508,,0.008558725006878376,,0.008414902724325657,,0.011385282501578331,,0.008562137372791767
,,3293,,,,,,,,,,,,,,,,2.7840156690217555e-05,,0.0049495697021484375,,0.00649343291297555,,0.013301782310009003,,0.010314369574189186,,0.014193661510944366,,0.013329622335731983
,,3294,,,,,,,,,,,,,,,,9.780409527593292e-06,,0.00350189208984375,,0.0038487252313643694,,0.006745276041328907,,0.007560656871646643,,0.010107394307851791,,0.0067550563253462315
,,3295,,,,,,,,,,,,,,,,6.564249360963004e-06,,0.002349853515625,,0.0031530451960861683,,0.008738631382584572,,0.00848242174834013,,0.011504320427775383,,0.008745195344090462
,,3296,,,,,,,,,,,,,,,,1.8191793060395867e-05,,0.0043487548828125,,0.0052489954978227615,,0.012616057880222797,,0.009997280314564705,,0.013822962529957294,,0.012634249404072762
,,3297,,,,,,,,,,,,,,,,4.3574185838224366e-05,,0.006927490234375,,0.008123700506985188,,0.016296152025461197,,0.011631152592599392,,0.01571020483970642,,0.016339726746082306
,,3298,,,,,,,,,,,,,,,,1.0353333891544025e-05,,0.0032367706298828125,,0.003959850408136845,,0.016072837635874748,,0.011441648006439209,,0.015602191910147667,,0.016083190217614174
,,3299,,,,,,,,,,,,,,,,4.624015673471149e-06,,0.0019683837890625,,0.0026463554240763187,,0.01031664852052927,,0.008780286647379398,,0.01249996293336153,,0.010321272537112236
,,3300,,,,,,,,,,,,,,,,1.4489233763015363e-05,,0.0037288665771484375,,0.0046844761818647385,,0.01278210524469614,,0.010355032980442047,,0.01391363050788641,,0.012796594761312008
,,3301,,,,,,,,,,,,,,,,1.2798678653780371e-05,,0.0038051605224609375,,0.004402719438076019,,0.012697487138211727,,0.009469054639339447,,0.013867498375475407,,0.012710285373032093
,,3302,,,,,,,,,,,,,,,,1.805194369808305e-05,,0.0045337677001953125,,0.0052287825383245945,,0.010395187884569168,,0.008945787325501442,,0.012547451071441174,,0.01041323971003294
,,3303,,,,,,,,,,,,,,,,2.2639283997705206e-05,,0.00531768798828125,,0.005855569150298834,,0.009899398311972618,,0.008917885832488537,,0.012244576588273048,,0.009922037832438946
,,3304,,,,,,,,,,,,,,,,6.7873306761612184e-06,,0.0028438568115234375,,0.003206193447113037,,0.011690132319927216,,0.009679337963461876,,0.013306045904755592,,0.011696919798851013
,,3305,,,,,,,,,,,,,,,,3.367183126101736e-06,,0.00225830078125,,0.00225830078125,,0.005140556953847408,,0.006667551584541798,,0.008823572658002377,,0.0051439241506159306
113,,14477,,,,,,,,,,,,,,,2.6318213713238947e-05,,0.004061414860188961,,0.0051838913932442665,,0.013284821063280106,,0.010044422931969166,,0.014019502326846123,,0.013064712285995483,
113,,14477,0.003908518701791763,,0.05701826140284538,,0.05863037332892418,,0.023230640217661858,,0.013495715335011482,,0.01845463365316391,,0.02713422104716301,,,,,,,,,,,,,,,
,0.0005,14478,,,,,,,,,,,,,,,,,,,,,,,,,,,,
114,,14479,,0.0005739542539231479,,0.02820587158203125,,0.029482802376151085,,0.017452912405133247,,0.012056385166943073,,0.016258230432868004,,0.018026866018772125,,,,,,,,,,,,,,
114,,14489,,0.00048777778283692896,,0.026762008666992188,,0.027180036529898643,,0.018180500715970993,,0.01226012222468853,,0.016593659296631813,,0.0186682790517807,,,,,,,,,,,,,,
114,,14499,,0.00020779395708814263,,0.016251564025878906,,0.017741549760103226,,0.017003724351525307,,0.0118406405672431,,0.0160476453602314,,0.017211519181728363,,,,,,,,,,,,,,
114,,14509,,0.00011643602920230478,,0.012297630310058594,,0.013281172141432762,,0.014283443801105022,,0.010827931575477123,,0.014708071015775204,,0.014399879612028599,,,,,,,,,,,,,,
114,,14519,,9.246989066014066e-05,,0.009289741516113281,,0.011833441443741322,,0.018778471276164055,,0.01233456376940012,,0.016864342615008354,,0.018870940431952477,,,,,,,,,,,,,,
114,,14529,,0.00021453718363773078,,0.015316009521484375,,0.01802510768175125,,0.03375424072146416,,0.015645518898963928,,0.022610150277614594,,0.03396877646446228,,,,,,,,,,,,,,
114,,14539,,0.004442542791366577,,0.08170413970947266,,0.08202629536390305,,0.015849867835640907,,0.0118809062987566,,0.01549359131604433,,0.020292410627007484,,,,,,,,,,,,,,
114,,14549,,0.0007227599271573126,,0.022332191467285156,,0.03308483585715294,,0.04013615474104881,,0.01624375395476818,,0.02465512417256832,,0.0408589132130146,,,,,,,,,,,,,,
114,,14559,,0.008560231886804104,,0.1134347915649414,,0.1138632521033287,,0.02349710464477539,,0.014065842144191265,,0.018864555284380913,,0.03205733746290207,,,,,,,,,,,,,,
114,,14569,,0.0005717441090382636,,0.026813507080078125,,0.029427936300635338,,0.031374577432870865,,0.01541885919868946,,0.02179858088493347,,0.031946320086717606,,,,,,,,,,,,,,
114,,14579,,0.0002973083173856139,,0.019792556762695312,,0.02121918648481369,,0.026917695999145508,,0.014753306284546852,,0.020191015675663948,,0.027215003967285156,,,,,,,,,,,,,,
114,,14589,,0.00218803808093071,,0.05696678161621094,,0.05756450071930885,,0.025340093299746513,,0.014302018098533154,,0.019590405747294426,,0.027528131380677223,,,,,,,,,,,,,,
114,,14599,,4.475285822991282e-05,,0.00673675537109375,,0.008233638480305672,,0.027252543717622757,,0.01505078561604023,,0.020316218957304955,,0.02729729749262333,,,,,,,,,,,,,,
,,3306,,,,,,,,,,,,,,,,1.3455222870106809e-05,,0.00380706787109375,,0.004514262080192566,,0.011845866218209267,,0.009904859587550163,,0.013394380919635296,,0.011859321035444736
,,3307,,,,,,,,,,,,,,,,7.793750228302088e-06,,0.0028972625732421875,,0.003435680875554681,,0.017202382907271385,,0.011306731030344963,,0.016141122207045555,,0.017210176214575768
,,3308,,,,,,,,,,,,,,,,1.1276388249825686e-05,,0.003810882568359375,,0.004132611211389303,,0.021940533071756363,,0.011775259859859943,,0.01822900027036667,,0.021951809525489807
,,3309,,,,,,,,,,,,,,,,1.104725834011333e-05,,0.0034770965576171875,,0.004090405069291592,,0.01712493970990181,,0.011982067488133907,,0.016104742884635925,,0.0171359870582819
,,3310,,,,,,,,,,,,,,,,1.2057086678396445e-05,,0.00284576416015625,,0.004273285157978535,,0.012949615716934204,,0.009764197282493114,,0.014004495926201344,,0.012961672618985176
,,3311,,,,,,,,,,,,,,,,8.543887815903872e-06,,0.002948760986328125,,0.0035972250625491142,,0.011803258210420609,,0.009943556040525436,,0.013370273634791374,,0.011811802163720131
,,3312,,,,,,,,,,,,,,,,1.4480990103038494e-05,,0.003871917724609375,,0.004683143459260464,,0.01150067150592804,,0.009450106881558895,,0.013197780586779118,,0.011515152640640736
,,3313,,,,,,,,,,,,,,,,1.1049876775359735e-05,,0.0035953521728515625,,0.004090903326869011,,0.006615467835217714,,0.007290335837751627,,0.01000966690480709,,0.00662651751190424
,,3314,,,,,,,,,,,,,,,,3.209809437976219e-05,,0.0059185028076171875,,0.006972350645810366,,0.014400350861251354,,0.010622384026646614,,0.014768141321837902,,0.014432448893785477
,,3315,,,,,,,,,,,,,,,,3.3748572604963556e-05,,0.0056819915771484375,,0.0071493471041321754,,0.01247731875628233,,0.010100571438670158,,0.013746746815741062,,0.01251106709241867
,,3316,,,,,,,,,,,,,,,,1.988845906453207e-05,,0.0046901702880859375,,0.005488337948918343,,0.010083626955747604,,0.008517746813595295,,0.012357985600829124,,0.010103515349328518
,,3317,,,,,,,,,,,,,,,,1.6552234228583984e-05,,0.004650115966796875,,0.005006865132600069,,0.019088441506028175,,0.011691149324178696,,0.01700296439230442,,0.01910499297082424
,,3318,,,,,,,,,,,,,,,,0.00035548987216316164,,0.01232147216796875,,0.023203453049063683,,0.015438787639141083,,0.011372487060725689,,0.015291355550289154,,0.01579427719116211
,,3319,,,,,,,,,,,,,,,,1.8405084119876847e-05,,0.0043125152587890625,,0.005279692821204662,,0.01896210014820099,,0.011901076883077621,,0.016946595162153244,,0.01898050494492054
,,3320,,,,,,,,,,,,,,,,1.060449085343862e-05,,0.0030765533447265625,,0.004007615149021149,,0.02167658321559429,,0.012073422782123089,,0.018119018524885178,,0.021687187254428864
,,3321,,,,,,,,,,,,,,,,4.126500698475866e-06,,0.0019245147705078125,,0.0024999454617500305,,0.008328107185661793,,0.008248822763562202,,0.011230847798287868,,0.008332233875989914
,,3322,,,,,,,,,,,,,,,,2.9798953619319946e-05,,0.0053653717041015625,,0.006718003656715155,,0.013241353444755077,,0.010335292667150497,,0.014161383733153343,,0.013271152041852474
,,3323,,,,,,,,,,,,,,,,1.1513433491927572e-05,,0.00376129150390625,,0.004175816662609577,,0.006704546045511961,,0.007561246398836374,,0.01007683016359806,,0.006716059520840645
,,3324,,,,,,,,,,,,,,,,7.1513859438709915e-06,,0.0025730133056640625,,0.003291033674031496,,0.008595717139542103,,0.008436794392764568,,0.011409860104322433,,0.008602868765592575
,,3325,,,,,,,,,,,,,,,,1.527586573502049e-05,,0.003814697265625,,0.004809956531971693,,0.01265285536646843,,0.010049291886389256,,0.013843107968568802,,0.012668130919337273
,,3326,,,,,,,,,,,,,,,,4.4913838792126626e-05,,0.00702667236328125,,0.008247665129601955,,0.016293253749608994,,0.011632764711976051,,0.01570880599319935,,0.0163381677120924
,,3327,,,,,,,,,,,,,,,,1.4815528629696928e-05,,0.0042057037353515625,,0.004736941773444414,,0.016281677410006523,,0.011531100608408451,,0.015703225508332253,,0.016296492889523506
,,3328,,,,,,,,,,,,,,,,7.025078502920223e-06,,0.002506256103515625,,0.0032618583645671606,,0.01010734774172306,,0.008775575086474419,,0.0123725151643157,,0.010114372707903385
,,3329,,,,,,,,,,,,,,,,2.0254978153388947e-05,,0.0044307708740234375,,0.005538669880479574,,0.013080872595310211,,0.010503713972866535,,0.01407530065625906,,0.013101127929985523
,,3330,,,,,,,,,,,,,,,,1.866272941697389e-05,,0.00452423095703125,,0.005316516850143671,,0.012467128224670887,,0.009408039040863514,,0.013741129077970982,,0.012485790997743607
,,3331,,,,,,,,,,,,,,,,1.625766890356317e-05,,0.00421905517578125,,0.004962133709341288,,0.010380076244473457,,0.00895039364695549,,0.012538330629467964,,0.01039633434265852
,,3332,,,,,,,,,,,,,,,,2.2160618755151518e-05,,0.0052032470703125,,0.005793373566120863,,0.009906237944960594,,0.008917601779103279,,0.012248803861439228,,0.00992839876562357
,,3333,,,,,,,,,,,,,,,,8.88573777046986e-06,,0.003208160400390625,,0.003668477525934577,,0.011557033285498619,,0.009707851335406303,,0.013230080716311932,,0.011565919034183025
,,3334,,,,,,,,,,,,,,,,3.9846531763032544e-06,,0.0024566650390625,,0.0024566650390625,,0.005253523122519255,,0.006631697993725538,,0.008919996209442616,,0.005257507786154747
114,,14604,,,,,,,,,,,,,,,2.8367350751068443e-05,,0.0043013510294258595,,0.005448983050882816,,0.013275125063955784,,0.010047409683465958,,0.014013851061463356,,0.013060725294053555,
114,,14604,0.0016662266571074724,,0.038304369896650314,,0.040249280631542206,,0.022051416337490082,,0.013269980438053608,,0.01804111711680889,,0.02371501922607422,,,,,,,,,,,,,,,
,0.0005,14605,,,,,,,,,,,,,,,,,,,,,,,,,,,,
115,,14609,,7.551959424745291e-05,,0.009426116943359375,,0.010695316828787327,,0.016116414219141006,,0.011916149407625198,,0.01562332920730114,,0.016191933304071426,,,,,,,,,,,,,,
115,,14619,,0.001958234468474984,,0.054096221923828125,,0.054459597915410995,,0.015922339633107185,,0.011880897916853428,,0.015528973191976547,,0.017880573868751526,,,,,,,,,,,,,,
115,,14629,,0.0013163663679733872,,0.042738914489746094,,0.044649116694927216,,0.01768149621784687,,0.01218410488218069,,0.016364356502890587,,0.018997862935066223,,,,,,,,,,,,,,
115,,14639,,0.0017987621249631047,,0.05154609680175781,,0.05219549685716629,,0.017274128273129463,,0.012129539623856544,,0.016174742951989174,,0.019072890281677246,,,,,,,,,,,,,,
115,,14649,,0.0003163043293170631,,0.020971298217773438,,0.021888311952352524,,0.01813044771552086,,0.012509294785559177,,0.01657080464065075,,0.018446752801537514,,,,,,,,,,,,,,
115,,14659,,0.00014064530842006207,,0.013546943664550781,,0.014594982378184795,,0.041266605257987976,,0.01688748598098755,,0.02499992400407791,,0.04140724986791611,,,,,,,,,,,,,,
115,,14669,,0.0008177411509677768,,0.03331184387207031,,0.03519303724169731,,0.05536351725459099,,0.01927170157432556,,0.028956837952136993,,0.05618125945329666,,,,,,,,,,,,,,
115,,14679,,0.0056967539712786674,,0.0922861099243164,,0.09288778156042099,,0.02929859608411789,,0.01502634771168232,,0.021065058186650276,,0.03499535098671913,,,,,,,,,,,,,,
115,,14689,,8.35376704344526e-05,,0.00928497314453125,,0.011249609291553497,,0.02431868575513363,,0.014403692446649075,,0.019191520288586617,,0.024402223527431488,,,,,,,,,,,,,,
115,,14699,,0.002108451910316944,,0.055809974670410156,,0.05650760233402252,,0.027659084647893906,,0.015237282030284405,,0.02046719379723072,,0.029767535626888275,,,,,,,,,,,,,,
115,,14709,,0.0058794268406927586,,0.0941629409790039,,0.09436458349227905,,0.022006919607520103,,0.013353840447962284,,0.01825656183063984,,0.027886345982551575,,,,,,,,,,,,,,
115,,14719,,0.003697548294439912,,0.07459354400634766,,0.07483258098363876,,0.020885955542325974,,0.013358636759221554,,0.01778552122414112,,0.02458350360393524,,,,,,,,,,,,,,
115,,14729,,0.00011830123548861593,,0.011389732360839844,,0.013386274687945843,,0.012134882621467113,,0.010201838798820972,,0.013556797988712788,,0.012253183871507645,,,,,,,,,,,,,,
,,3335,,,,,,,,,,,,,,,,1.1776370229199529e-05,,0.0034542083740234375,,0.004223257303237915,,0.011975017376244068,,0.00995219498872757,,0.013467200100421906,,0.011986793950200081
,,3336,,,,,,,,,,,,,,,,8.506977792421822e-06,,0.0029163360595703125,,0.003589453874155879,,0.01734117604792118,,0.01138197910040617,,0.016206106171011925,,0.01734968274831772
,,3337,,,,,,,,,,,,,,,,9.946439604391344e-06,,0.0035991668701171875,,0.003881259122863412,,0.02114865370094776,,0.01179665420204401,,0.01789701357483864,,0.021158600226044655
,,3338,,,,,,,,,,,,,,,,9.615812814445235e-06,,0.0035648345947265625,,0.0038162190467119217,,0.01768188178539276,,0.012064186856150627,,0.016364531591534615,,0.01769149675965309
,,3339,,,,,,,,,,,,,,,,8.51178356242599e-06,,0.002719879150390625,,0.0035904874093830585,,0.012094808742403984,,0.009770691394805908,,0.013534393161535263,,0.012103320099413395
,,3340,,,,,,,,,,,,,,,,9.479825166636147e-06,,0.0032806396484375,,0.0037891294341534376,,0.0120589230209589,,0.010054401122033596,,0.013514300808310509,,0.012068402953445911
,,3341,,,,,,,,,,,,,,,,1.3486934221873526e-05,,0.003795623779296875,,0.004519558046013117,,0.01197857316583395,,0.009588528424501419,,0.013469208963215351,,0.011992059648036957
,,3342,,,,,,,,,,,,,,,,1.248227636096999e-05,,0.0037689208984375,,0.004347978625446558,,0.006467259488999844,,0.007304586004465818,,0.009896908886730671,,0.0064797415398061275
,,3343,,,,,,,,,,,,,,,,3.1507959647569805e-05,,0.005718231201171875,,0.006907947827130556,,0.013970855623483658,,0.010496286675333977,,0.014546246267855167,,0.014002363197505474
,,3344,,,,,,,,,,,,,,,,4.0019640437094495e-05,,0.006053924560546875,,0.0077853137627244,,0.01226099580526352,,0.010032618418335915,,0.013627058826386929,,0.012301015667617321
,,3345,,,,,,,,,,,,,,,,2.0169893105048686e-05,,0.004726409912109375,,0.005527015775442123,,0.010197511874139309,,0.008581407368183136,,0.012427576817572117,,0.010217681527137756
,,3346,,,,,,,,,,,,,,,,1.7704318452160805e-05,,0.00463104248046875,,0.005178178660571575,,0.01942129246890545,,0.011769081465899944,,0.01715056225657463,,0.01943899691104889
,,3347,,,,,,,,,,,,,,,,0.0003307282750029117,,0.011957168579101562,,0.022380782291293144,,0.015893103554844856,,0.011492997407913208,,0.015514715574681759,,0.016223831102252007
,,3348,,,,,,,,,,,,,,,,1.6793928807601333e-05,,0.0040454864501953125,,0.005043321289122105,,0.01831074431538582,,0.011812899261713028,,0.016652990132570267,,0.018327537924051285
,,3349,,,,,,,,,,,,,,,,8.875911589711905e-06,,0.0026950836181640625,,0.003666442120447755,,0.021412387490272522,,0.012004231102764606,,0.018008265644311905,,0.021421262994408607
,,3350,,,,,,,,,,,,,,,,3.725066108017927e-06,,0.001796722412109375,,0.00237525487318635,,0.008178532123565674,,0.008186616003513336,,0.011129533872008324,,0.008182257413864136
,,3351,,,,,,,,,,,,,,,,3.172656215610914e-05,,0.0053577423095703125,,0.0069318730384111404,,0.012479807250201702,,0.01008602138608694,,0.013748121447861195,,0.012511533685028553
,,3352,,,,,,,,,,,,,,,,1.2632755897357129e-05,,0.0038928985595703125,,0.0043740957044065,,0.0066991886124014854,,0.0075778537429869175,,0.010072804056107998,,0.006711821537464857
,,3353,,,,,,,,,,,,,,,,6.946675512153888e-06,,0.0026531219482421875,,0.0032435921020805836,,0.008546336553990841,,0.00838148407638073,,0.01137703936547041,,0.008553283289074898
,,3354,,,,,,,,,,,,,,,,1.894106753752567e-05,,0.004169464111328125,,0.0053560142405331135,,0.012975444085896015,,0.010155371390283108,,0.014018463902175426,,0.012994385324418545
,,3355,,,,,,,,,,,,,,,,4.299240390537307e-05,,0.0066699981689453125,,0.008069315925240517,,0.015982775017619133,,0.011508611962199211,,0.015558416955173016,,0.016025766730308533
,,3356,,,,,,,,,,,,,,,,1.547133615531493e-05,,0.0044040679931640625,,0.004840653855353594,,0.016186369583010674,,0.01159816887229681,,0.015657199546694756,,0.016201840713620186
,,3357,,,,,,,,,,,,,,,,5.761045031249523e-06,,0.0023021697998046875,,0.002953851828351617,,0.010016041807830334,,0.008724291808903217,,0.0123165063560009,,0.010021802969276905
,,3358,,,,,,,,,,,,,,,,2.1206466044532135e-05,,0.0046215057373046875,,0.005667266435921192,,0.012967146001756191,,0.010446248576045036,,0.014013978652656078,,0.012988352216780186
,,3359,,,,,,,,,,,,,,,,1.8110960809281096e-05,,0.0043735504150390625,,0.00523733627051115,,0.012429516762495041,,0.009485945105552673,,0.013720390386879444,,0.012447627261281013
,,3360,,,,,,,,,,,,,,,,1.8192002244177274e-05,,0.0045795440673828125,,0.005249020643532276,,0.010032474994659424,,0.008953663520514965,,0.012326604686677456,,0.010050667449831963
,,3361,,,,,,,,,,,,,,,,2.0263749320292845e-05,,0.004970550537109375,,0.005539891310036182,,0.009526415728032589,,0.008783048018813133,,0.012011688202619553,,0.009546679444611073
,,3362,,,,,,,,,,,,,,,,1.2382716704451013e-05,,0.0038299560546875,,0.0043305871076881886,,0.011936917901039124,,0.009833809919655323,,0.013445759192109108,,0.011949300765991211
,,3363,,,,,,,,,,,,,,,,3.0562180199922295e-06,,0.0021514892578125,,0.0021514892578125,,0.005439089145511389,,0.00668963510543108,,0.009076167829334736,,0.0054421452805399895
115,,14731,,,,,,,,,,,,,,,2.7674352168105543e-05,,0.0042957221157848835,,0.005428766366094351,,0.013185778632760048,,0.010050134733319283,,0.013966509141027927,,0.012978973798453808,
115,,14731,0.002666414948180318,,0.05236291140317917,,0.05375286936759949,,0.02566439099609852,,0.014237448573112488,,0.019439533352851868,,0.028327055275440216,,,,,,,,,,,,,,,
,0.0005,14732,,,,,,,,,,,,,,,,,,,,,,,,,,,,
116,,14739,,0.004642945248633623,,0.08302688598632812,,0.08385688066482544,,0.022758420556783676,,0.013381506316363811,,0.01856565847992897,,0.027401365339756012,,,,,,,,,,,,,,
116,,14749,,0.008171125315129757,,0.11072349548339844,,0.11124375462532043,,0.024481307715177536,,0.013751538470387459,,0.019255580380558968,,0.03265243396162987,,,,,,,,,,,,,,
116,,14759,,0.0066886236891150475,,0.09955406188964844,,0.10064864903688431,,0.032297395169734955,,0.015514284372329712,,0.022116845473647118,,0.03898601979017258,,,,,,,,,,,,,,
116,,14769,,0.003081490285694599,,0.0673685073852539,,0.06831663846969604,,0.035765454173088074,,0.016141144558787346,,0.023274008184671402,,0.0388469435274601,,,,,,,,,,,,,,
116,,14779,,0.00025305376038886607,,0.016839981079101562,,0.019577080383896828,,0.02914600260555744,,0.014130665920674801,,0.021010130643844604,,0.029399055987596512,,,,,,,,,,,,,,
116,,14789,,0.0005458375671878457,,0.02665233612060547,,0.028751909732818604,,0.025749322026968002,,0.014189310371875763,,0.019747963175177574,,0.02629515901207924,,,,,,,,,,,,,,
116,,14799,,0.0019564602989703417,,0.05164051055908203,,0.054434049874544144,,0.02586454711854458,,0.01419019978493452,,0.019792092964053154,,0.02782100811600685,,,,,,,,,,,,,,
116,,14809,,0.0007232282077893615,,0.03111553192138672,,0.03309497609734535,,0.02661275491118431,,0.014674064703285694,,0.020076323300600052,,0.027335982769727707,,,,,,,,,,,,,,
116,,14819,,0.0002723446232266724,,0.01802825927734375,,0.020311331376433372,,0.017569810152053833,,0.012313553132116795,,0.01631258800625801,,0.017842154949903488,,,,,,,,,,,,,,
116,,14829,,0.0004989028093405068,,0.024442672729492188,,0.027489114552736282,,0.022971564903855324,,0.01380227878689766,,0.018652400001883507,,0.02347046695649624,,,,,,,,,,,,,,
116,,14839,,0.0019028271781280637,,0.052032470703125,,0.05368291214108467,,0.03825490176677704,,0.0169666800647974,,0.02407037653028965,,0.040157727897167206,,,,,,,,,,,,,,
116,,14849,,9.331138426205143e-05,,0.01058197021484375,,0.011887301690876484,,0.0171042550355196,,0.012304936535656452,,0.01609501615166664,,0.017197566106915474,,,,,,,,,,,,,,
,,3364,,,,,,,,,,,,,,,,1.8696830011322163e-05,,0.0043582916259765625,,0.005321378353983164,,0.011847580783069134,,0.009883706457912922,,0.013395347632467747,,0.011866278015077114
,,3365,,,,,,,,,,,,,,,,8.463051017315593e-06,,0.00299072265625,,0.0035801539197564125,,0.017049938440322876,,0.011292420327663422,,0.01606944389641285,,0.01705840229988098
,,3366,,,,,,,,,,,,,,,,1.1761808309529442e-05,,0.00376129150390625,,0.004220613744109869,,0.020960848778486252,,0.011744106188416481,,0.017817368730902672,,0.020972611382603645
,,3367,,,,,,,,,,,,,,,,8.323694601131137e-06,,0.003246307373046875,,0.0035505632404237986,,0.01801128312945366,,0.01214103028178215,,0.01651625521481037,,0.018019607290625572
,,3368,,,,,,,,,,,,,,,,9.501970453129616e-06,,0.0029926300048828125,,0.0037935778964310884,,0.012378525920212269,,0.009824465028941631,,0.013692215085029602,,0.01238802820444107
,,3369,,,,,,,,,,,,,,,,9.642264558351599e-06,,0.003299713134765625,,0.0038214584346860647,,0.012108530849218369,,0.010026233270764351,,0.013542069122195244,,0.012118172831833363
,,3370,,,,,,,,,,,,,,,,1.603366581548471e-05,,0.0040435791015625,,0.0049278209917247295,,0.01185850240290165,,0.009590644389390945,,0.013401525095105171,,0.01187453605234623
,,3371,,,,,,,,,,,,,,,,1.4550981177308131e-05,,0.0038738250732421875,,0.004694443196058273,,0.006202612072229385,,0.007185603957623243,,0.00969229731708765,,0.006217163056135178
,,3372,,,,,,,,,,,,,,,,3.1408188078785315e-05,,0.005615234375,,0.006897010840475559,,0.014481518417596817,,0.01061666663736105,,0.014809703454375267,,0.01451292634010315
,,3373,,,,,,,,,,,,,,,,3.3439100661780685e-05,,0.005764007568359375,,0.0071164872497320175,,0.012150976806879044,,0.010000908747315407,,0.013565788976848125,,0.012184415943920612
,,3374,,,,,,,,,,,,,,,,2.0960544134140946e-05,,0.0050201416015625,,0.005634306464344263,,0.010188715532422066,,0.00861568283289671,,0.01242221612483263,,0.010209675878286362
,,3375,,,,,,,,,,,,,,,,1.9061120838159695e-05,,0.0050373077392578125,,0.005372949410229921,,0.02034633234143257,,0.012004928663372993,,0.017554255202412605,,0.020365392789244652
,,3376,,,,,,,,,,,,,,,,0.000369902525562793,,0.01288604736328125,,0.02366918884217739,,0.015577474609017372,,0.011317824944853783,,0.015359882265329361,,0.015947377309203148
,,3377,,,,,,,,,,,,,,,,1.2102716027584393e-05,,0.0034961700439453125,,0.004281365312635899,,0.0184550229460001,,0.01195908710360527,,0.016718469560146332,,0.018467126414179802
,,3378,,,,,,,,,,,,,,,,1.3808963558403775e-05,,0.00342559814453125,,0.004573203157633543,,0.02276272512972355,,0.012292452156543732,,0.018567414954304695,,0.022776534780859947
,,3379,,,,,,,,,,,,,,,,3.919869413948618e-06,,0.002094268798828125,,0.0024365615099668503,,0.00803014449775219,,0.00806682463735342,,0.011028108187019825,,0.008034064434468746
,,3380,,,,,,,,,,,,,,,,3.143922731396742e-05,,0.0054569244384765625,,0.006900404579937458,,0.012626873329281807,,0.010128413327038288,,0.013828890398144722,,0.012658312916755676
,,3381,,,,,,,,,,,,,,,,1.2167492968728766e-05,,0.003765106201171875,,0.0042927805334329605,,0.006816074717789888,,0.007666976656764746,,0.010160300880670547,,0.006828241981565952
,,3382,,,,,,,,,,,,,,,,6.2544427237298805e-06,,0.00254058837890625,,0.003077730303630233,,0.008389515802264214,,0.008296514861285686,,0.01127217523753643,,0.008395770564675331
,,3383,,,,,,,,,,,,,,,,1.808269189496059e-05,,0.0044097900390625,,0.005233241710811853,,0.012922460213303566,,0.010237028822302818,,0.013989816419780254,,0.0129405427724123
,,3384,,,,,,,,,,,,,,,,5.148952186573297e-05,,0.0075740814208984375,,0.008830777369439602,,0.016213232651352882,,0.011556921526789665,,0.015670182183384895,,0.016264721751213074
,,3385,,,,,,,,,,,,,,,,2.0142662833677605e-05,,0.0050506591796875,,0.005523302126675844,,0.016575636342167854,,0.01165345124900341,,0.015844350680708885,,0.016595778986811638
,,3386,,,,,,,,,,,,,,,,6.679486887151143e-06,,0.0023822784423828125,,0.003180611180141568,,0.009968466125428677,,0.008706147782504559,,0.012287217192351818,,0.009975145570933819
,,3387,,,,,,,,,,,,,,,,2.059676444332581e-05,,0.004638671875,,0.005585206672549248,,0.013069169595837593,,0.010494530200958252,,0.014069000259041786,,0.013089766725897789
,,3388,,,,,,,,,,,,,,,,1.9915023585781455e-05,,0.0047130584716796875,,0.0054919905960559845,,0.012702679261565208,,0.00954507477581501,,0.01387033425271511,,0.012722594663500786
,,3389,,,,,,,,,,,,,,,,2.2983935195952654e-05,,0.0051174163818359375,,0.0058999815955758095,,0.009952806867659092,,0.008948029950261116,,0.012277563102543354,,0.009975790977478027
,,3390,,,,,,,,,,,,,,,,2.125067294400651e-05,,0.00494384765625,,0.0056731668300926685,,0.00986540224403143,,0.008866275660693645,,0.012223533354699612,,0.009886653162539005
,,3391,,,,,,,,,,,,,,,,9.612979738449212e-06,,0.0032596588134765625,,0.0038156546652317047,,0.011988424696028233,,0.009853562340140343,,0.013474736362695694,,0.011998037807643414
,,3392,,,,,,,,,,,,,,,,5.375725322664948e-06,,0.0028533935546875,,0.0028533935546875,,0.005281927064061165,,0.0065719676204025745,,0.008944079279899597,,0.005287302657961845
116,,14858,,,,,,,,,,,,,,,2.9968505259603262e-05,,0.0044840495102107525,,0.005608981940895319,,0.013303528539836407,,0.010074205696582794,,0.01401736680418253,,0.013090722262859344,
116,,14858,0.003998443018645048,,0.06383050978183746,,0.06538873165845871,,0.02532072365283966,,0.014115097932517529,,0.019370324909687042,,0.029316337779164314,,,,,,,,,,,,,,,
,0.0005,14859,,,,,,,,,,,,,,,,,,,,,,,,,,,,
117,,14859,,0.0013059584889560938,,0.044200897216796875,,0.04447432607412338,,0.016833053901791573,,0.012329553253948689,,0.015966905280947685,,0.018139012157917023,,,,,,,,,,,,,,
117,,14869,,0.0018344023264944553,,0.051728248596191406,,0.052706945687532425,,0.02381891757249832,,0.014530655927956104,,0.01899329386651516,,0.02565331943333149,,,,,,,,,,,,,,
117,,14879,,0.0008386611007153988,,0.034386634826660156,,0.035637278109788895,,0.024919362738728523,,0.014380289241671562,,0.019427090883255005,,0.02575802430510521,,,,,,,,,,,,,,
117,,14889,,0.00014548047329299152,,0.012824058532714844,,0.014844036661088467,,0.019472787156701088,,0.012649206444621086,,0.01717328652739525,,0.019618267193436623,,,,,,,,,,,,,,
117,,14899,,0.00035959164961241186,,0.021488189697265625,,0.023337021470069885,,0.02368970215320587,,0.01342527661472559,,0.01894170418381691,,0.024049293249845505,,,,,,,,,,,,,,
117,,14909,,7.590409222757444e-05,,0.008728981018066406,,0.010721300728619099,,0.01756257936358452,,0.011569971218705177,,0.016309231519699097,,0.01763848401606083,,,,,,,,,,,,,,
117,,14919,,0.00021278890199027956,,0.013910293579101562,,0.01794990710914135,,0.017582116648554802,,0.012346173636615276,,0.016318298876285553,,0.017794905230402946,,,,,,,,,,,,,,
117,,14929,,7.696419925196096e-05,,0.009345054626464844,,0.010796857066452503,,0.026265857741236687,,0.014457185752689838,,0.0199450496584177,,0.02634282223880291,,,,,,,,,,,,,,
117,,14939,,0.00039762951200827956,,0.023599624633789062,,0.024540292099118233,,0.024657266214489937,,0.013185660354793072,,0.019324656575918198,,0.025054896250367165,,,,,,,,,,,,,,
117,,14949,,5.188135401112959e-05,,0.0073909759521484375,,0.008864350616931915,,0.023821881040930748,,0.013957083225250244,,0.01899448037147522,,0.023873763158917427,,,,,,,,,,,,,,
117,,14959,,9.356497321277857e-05,,0.009668350219726562,,0.011903638020157814,,0.02723493054509163,,0.0149833457544446,,0.020309654995799065,,0.0273284949362278,,,,,,,,,,,,,,
117,,14969,,0.0010255980305373669,,0.03899669647216797,,0.03941106051206589,,0.01569332741200924,,0.011744198389351368,,0.015416889451444149,,0.016718925908207893,,,,,,,,,,,,,,
117,,14979,,0.004176232498139143,,0.07882022857666016,,0.07953058183193207,,0.022007521241903305,,0.01399977970868349,,0.018256813287734985,,0.026183754205703735,,,,,,,,,,,,,,
,,3393,,,,,,,,,,,,,,,,2.6804300432559103e-05,,0.0050144195556640625,,0.0063715106807649136,,0.011582905426621437,,0.009739125147461891,,0.013244877569377422,,0.011609709821641445
,,3394,,,,,,,,,,,,,,,,7.578050826850813e-06,,0.002750396728515625,,0.0033878034446388483,,0.01705005019903183,,0.011264686472713947,,0.01606949418783188,,0.0170576274394989
,,3395,,,,,,,,,,,,,,,,1.1907113730558194e-05,,0.0038604736328125,,0.00424659950658679,,0.021567240357398987,,0.011690359562635422,,0.01807326078414917,,0.02157914824783802
,,3396,,,,,,,,,,,,,,,,8.394484211748932e-06,,0.00305938720703125,,0.0035656217951327562,,0.017641494050621986,,0.012075690552592278,,0.016345832496881485,,0.01764988899230957
,,3397,,,,,,,,,,,,,,,,9.763173693499994e-06,,0.0030651092529296875,,0.0038453396409749985,,0.013056410476565361,,0.009794799610972404,,0.01406213641166687,,0.013066173531115055
,,3398,,,,,,,,,,,,,,,,8.219280061894096e-06,,0.0029468536376953125,,0.003528217552229762,,0.011964311823248863,,0.010007592849433422,,0.013461180962622166,,0.011972530744969845
,,3399,,,,,,,,,,,,,,,,1.4618261957366485e-05,,0.003925323486328125,,0.004705289378762245,,0.011878356337547302,,0.009562079794704914,,0.013412742875516415,,0.011892974376678467
,,3400,,,,,,,,,,,,,,,,1.4338331311591901e-05,,0.0039730072021484375,,0.004660033155232668,,0.006352882832288742,,0.007276976481080055,,0.009809001348912716,,0.006367221008986235
,,3401,,,,,,,,,,,,,,,,3.045071935048327e-05,,0.0052585601806640625,,0.0067910803481936455,,0.014470367692410946,,0.010585175827145576,,0.01480400376021862,,0.014500818215310574
,,3402,,,,,,,,,,,,,,,,2.4545617634430528e-05,,0.004985809326171875,,0.006097117904573679,,0.012129778042435646,,0.009976143948733807,,0.013553944416344166,,0.012154323980212212
,,3403,,,,,,,,,,,,,,,,2.1134826965862885e-05,,0.0049762725830078125,,0.005657680798321962,,0.009991896338760853,,0.008527876809239388,,0.01230164710432291,,0.010013030841946602
,,3404,,,,,,,,,,,,,,,,2.08047258638544e-05,,0.00494384765625,,0.005613306071609259,,0.019865039736032486,,0.011880652979016304,,0.01734538935124874,,0.019885843619704247
,,3405,,,,,,,,,,,,,,,,0.0003866321931127459,,0.013408660888671875,,0.02419847622513771,,0.01550893671810627,,0.011266440153121948,,0.015326053835451603,,0.015895569697022438
,,3406,,,,,,,,,,,,,,,,1.12190427898895e-05,,0.0033245086669921875,,0.0041221012361347675,,0.018033282831311226,,0.011861159466207027,,0.01652633398771286,,0.018044501543045044
,,3407,,,,,,,,,,,,,,,,1.0289806596119888e-05,,0.003131866455078125,,0.003947723191231489,,0.02276037260890007,,0.012392924167215824,,0.01856645569205284,,0.022770661860704422
,,3408,,,,,,,,,,,,,,,,4.912394160783151e-06,,0.0022945404052734375,,0.002727639162912965,,0.007974637672305107,,0.008069089613854885,,0.010989929549396038,,0.007979550398886204
,,3409,,,,,,,,,,,,,,,,3.000969263666775e-05,,0.005161285400390625,,0.006741708610206842,,0.012923100031912327,,0.010219227522611618,,0.013990165665745735,,0.012953110039234161
,,3410,,,,,,,,,,,,,,,,1.212904135172721e-05,,0.0037784576416015625,,0.004285998642444611,,0.006562976166605949,,0.0074877613224089146,,0.00996987521648407,,0.006575105246156454
,,3411,,,,,,,,,,,,,,,,6.853961622255156e-06,,0.0026454925537109375,,0.0032218771521002054,,0.00848911888897419,,0.008351854048669338,,0.01133889053016901,,0.008495972491800785
,,3412,,,,,,,,,,,,,,,,1.3590834896604065e-05,,0.0039958953857421875,,0.004536927677690983,,0.012890084646642208,,0.010166949592530727,,0.01397227868437767,,0.012903675436973572
,,3413,,,,,,,,,,,,,,,,5.4315987654263154e-05,,0.007686614990234375,,0.009069954045116901,,0.0160256065428257,,0.011530316434800625,,0.015579251572489738,,0.016079923138022423
,,3414,,,,,,,,,,,,,,,,1.9272945792181417e-05,,0.004833221435546875,,0.005402742885053158,,0.016300417482852936,,0.011632456444203854,,0.015712261199951172,,0.01631969027221203
,,3415,,,,,,,,,,,,,,,,6.1555992942885496e-06,,0.002307891845703125,,0.003053331049159169,,0.009981948882341385,,0.008690757676959038,,0.012295525521039963,,0.009988104924559593
,,3416,,,,,,,,,,,,,,,,2.1907999325776473e-05,,0.00472259521484375,,0.005760233383625746,,0.01289429608732462,,0.010451977141201496,,0.013974557630717754,,0.012916204519569874
,,3417,,,,,,,,,,,,,,,,2.102862526953686e-05,,0.004817962646484375,,0.005643452517688274,,0.01321806013584137,,0.00965926330536604,,0.014148916117846966,,0.013239088468253613
,,3418,,,,,,,,,,,,,,,,2.2473130229627714e-05,,0.0050601959228515625,,0.00583406537771225,,0.010114188306033611,,0.008949006907641888,,0.012376701459288597,,0.010136661119759083
,,3419,,,,,,,,,,,,,,,,2.1821921109221876e-05,,0.005100250244140625,,0.0057489145547151566,,0.009833559393882751,,0.008866913616657257,,0.012203789316117764,,0.009855381213128567
,,3420,,,,,,,,,,,,,,,,1.0447582099004649e-05,,0.0034999847412109375,,0.003977845888584852,,0.011775072664022446,,0.00977947749197483,,0.013354300521314144,,0.011785520240664482
,,3421,,,,,,,,,,,,,,,,5.5495788728876505e-06,,0.002899169921875,,0.002899169921875,,0.005159910302609205,,0.006418744567781687,,0.008840168826282024,,0.005165460053831339
117,,14985,,,,,,,,,,,,,,,3.030447624041699e-05,,0.004440579097718,,0.005585955455899239,,0.013279338367283344,,0.010046543553471565,,0.01400582306087017,,0.013063914142549038,
117,,14985,0.0010164562845602632,,0.03172970935702324,,0.03351430222392082,,0.020868442952632904,,0.013020928017795086,,0.017662517726421356,,0.02188253588974476,,,,,,,,,,,,,,,
,0.0005,14986,,,,,,,,,,,,,,,,,,,,,,,,,,,,
118,,14989,,0.0023710597306489944,,0.0595245361328125,,0.0599241629242897,,0.01945548504590988,,0.012898583896458149,,0.0171656534075737,,0.021826544776558876,,,,,,,,,,,,,,
118,,14999,,4.0484388591721654e-05,,0.007159233093261719,,0.007830320857465267,,0.01292680948972702,,0.01070718839764595,,0.013992168009281158,,0.012967294082045555,,,,,,,,,,,,,,
118,,15009,,0.00013071266585029662,,0.010716438293457031,,0.014072064310312271,,0.0135702108964324,,0.010721348226070404,,0.014336155727505684,,0.013700923882424831,,,,,,,,,,,,,,
118,,15019,,0.0013469166588038206,,0.044890403747558594,,0.045164819806814194,,0.01235596090555191,,0.010317285545170307,,0.01367973256856203,,0.013702877797186375,,,,,,,,,,,,,,
118,,15029,,0.0008958239341154695,,0.035452842712402344,,0.036833927035331726,,0.016186058521270752,,0.01158314011991024,,0.015657048672437668,,0.017081882804632187,,,,,,,,,,,,,,
118,,15039,,0.0004800514143425971,,0.026092529296875,,0.026961829513311386,,0.016014091670513153,,0.011759302578866482,,0.015573655255138874,,0.01649414375424385,,,,,,,,,,,,,,
118,,15049,,0.00039783649845048785,,0.023927688598632812,,0.024545790627598763,,0.017016150057315826,,0.011964336968958378,,0.016053510829806328,,0.01741398684680462,,,,,,,,,,,,,,
118,,15059,,5.627380232908763e-05,,0.007534980773925781,,0.009233282878994942,,0.011501124128699303,,0.010096029378473759,,0.01319803949445486,,0.011557398363947868,,,,,,,,,,,,,,
118,,15069,,0.0001431328128091991,,0.012926101684570312,,0.01472336333245039,,0.01546645350754261,,0.011341247707605362,,0.01530505158007145,,0.015609586611390114,,,,,,,,,,,,,,
118,,15079,,0.00019513741426635534,,0.015601158142089844,,0.017192212864756584,,0.023509928956627846,,0.014067834243178368,,0.01886969991028309,,0.023705067113041878,,,,,,,,,,,,,,
118,,15089,,0.0009097846923395991,,0.034824371337890625,,0.03712133318185806,,0.024895023554563522,,0.01382715068757534,,0.01941760815680027,,0.025804808363318443,,,,,,,,,,,,,,
118,,15099,,0.00012611906277015805,,0.011099815368652344,,0.013819633051753044,,0.027829790487885475,,0.015541384927928448,,0.020530257374048233,,0.027955910190939903,,,,,,,,,,,,,,
118,,15109,,0.0005065950099378824,,0.026991844177246094,,0.02770135924220085,,0.016969824209809303,,0.01236402802169323,,0.016031641513109207,,0.017476418986916542,,,,,,,,,,,,,,
,,3422,,,,,,,,,,,,,,,,1.898871960293036e-05,,0.004451751708984375,,0.005362753290683031,,0.011668439023196697,,0.009737242013216019,,0.013293693773448467,,0.011687427759170532
,,3423,,,,,,,,,,,,,,,,8.615555998403579e-06,,0.003086090087890625,,0.0036122584715485573,,0.01684459298849106,,0.011178828775882721,,0.015972379595041275,,0.01685320772230625
,,3424,,,,,,,,,,,,,,,,1.0634656064212322e-05,,0.003673553466796875,,0.004013278987258673,,0.02233772911131382,,0.011862318962812424,,0.01839325949549675,,0.02234836295247078
,,3425,,,,,,,,,,,,,,,,9.301997124566697e-06,,0.00334930419921875,,0.003753413911908865,,0.017121363431215286,,0.0119539899751544,,0.01610306091606617,,0.017130665481090546
,,3426,,,,,,,,,,,,,,,,1.1384460776753258e-05,,0.0029544830322265625,,0.004152392037212849,,0.013489165343344212,,0.009854857809841633,,0.014293280430138111,,0.013500549830496311
,,3427,,,,,,,,,,,,,,,,1.0900985216721892e-05,,0.00362396240234375,,0.004063238389790058,,0.011891119182109833,,0.00995570607483387,,0.013419944792985916,,0.011902020312845707
,,3428,,,,,,,,,,,,,,,,1.341375354968477e-05,,0.003757476806640625,,0.004507274366915226,,0.011690114624798298,,0.009470445103943348,,0.01330604124814272,,0.011703528463840485
,,3429,,,,,,,,,,,,,,,,1.246946158062201e-05,,0.0036334991455078125,,0.00434575229883194,,0.006282913964241743,,0.0072511471807956696,,0.00975483376532793,,0.00629538344219327
,,3430,,,,,,,,,,,,,,,,2.6474859623704106e-05,,0.005031585693359375,,0.006332232151180506,,0.014325384050607681,,0.010563301853835583,,0.014729651622474194,,0.014351858757436275
,,3431,,,,,,,,,,,,,,,,2.1105273845023476e-05,,0.0048542022705078125,,0.005653692875057459,,0.011599855497479439,,0.009840511716902256,,0.013254569843411446,,0.011620961129665375
,,3432,,,,,,,,,,,,,,,,1.9560153305064887e-05,,0.0046710968017578125,,0.005442841909825802,,0.009927012026309967,,0.008458884432911873,,0.012261641211807728,,0.009946572594344616
,,3433,,,,,,,,,,,,,,,,1.5632740542059764e-05,,0.00441741943359375,,0.004865795373916626,,0.020121805369853973,,0.011913949623703957,,0.017457127571105957,,0.02013743855059147
,,3434,,,,,,,,,,,,,,,,0.00036552376695908606,,0.012609481811523438,,0.023528657853603363,,0.014984387904405594,,0.011119721457362175,,0.015064640901982784,,0.015349911525845528
,,3435,,,,,,,,,,,,,,,,1.1298906429146882e-05,,0.00330352783203125,,0.004136736039072275,,0.01782514713704586,,0.011761859059333801,,0.01643069088459015,,0.017836445942521095
,,3436,,,,,,,,,,,,,,,,6.901756023580674e-06,,0.0025577545166015625,,0.00323311286047101,,0.022199753671884537,,0.012222029268741608,,0.01833636872470379,,0.022206654772162437
,,3437,,,,,,,,,,,,,,,,3.3522696867294144e-06,,0.001720428466796875,,0.0022532432340085506,,0.008077208884060383,,0.008056926541030407,,0.011060379445552826,,0.008080560714006424
,,3438,,,,,,,,,,,,,,,,3.179478881065734e-05,,0.0051441192626953125,,0.006939300335943699,,0.012674537487328053,,0.010153412818908691,,0.013854967430233955,,0.01270633190870285
,,3439,,,,,,,,,,,,,,,,1.0375754754932132e-05,,0.0034332275390625,,0.0039641293697059155,,0.0064433240331709385,,0.00740401353687048,,0.00987857487052679,,0.0064536998979747295
,,3440,,,,,,,,,,,,,,,,5.166465598449577e-06,,0.0019474029541015625,,0.0027972788084298372,,0.008386977948248386,,0.008341153152287006,,0.011270470917224884,,0.008392143994569778
,,3441,,,,,,,,,,,,,,,,1.0165404091821983e-05,,0.0035266876220703125,,0.00392376072704792,,0.012929871678352356,,0.010094497352838516,,0.013993825763463974,,0.012940037064254284
,,3442,,,,,,,,,,,,,,,,4.766557685798034e-05,,0.0073680877685546875,,0.00849653035402298,,0.01632668636739254,,0.011617175303399563,,0.015724917873740196,,0.01637435145676136
,,3443,,,,,,,,,,,,,,,,1.2446756045392249e-05,,0.003841400146484375,,0.004341775551438332,,0.01619192212820053,,0.011572656221687794,,0.015659883618354797,,0.016204368323087692
,,3444,,,,,,,,,,,,,,,,3.882439159497153e-06,,0.0018024444580078125,,0.002424881560727954,,0.009850793518126011,,0.008634520694613457,,0.012214479967951775,,0.009854676201939583
,,3445,,,,,,,,,,,,,,,,2.2161981178214774e-05,,0.00478363037109375,,0.005793529096990824,,0.012658041901886463,,0.010372531600296497,,0.01384594477713108,,0.012680203653872013
,,3446,,,,,,,,,,,,,,,,1.5559435269096866e-05,,0.004161834716796875,,0.004854399710893631,,0.012979933992028236,,0.009571192786097527,,0.01402088813483715,,0.012995493598282337
,,3447,,,,,,,,,,,,,,,,2.1456788090290502e-05,,0.0047740936279296875,,0.005700600333511829,,0.01037488505244255,,0.008999199606478214,,0.012535194866359234,,0.010396341793239117
,,3448,,,,,,,,,,,,,,,,2.247824886580929e-05,,0.0052394866943359375,,0.0058347187004983425,,0.009729089215397835,,0.008792659267783165,,0.012138789519667625,,0.009751567617058754
,,3449,,,,,,,,,,,,,,,,1.0429064786876552e-05,,0.003543853759765625,,0.00397431431338191,,0.011895797215402126,,0.00984284095466137,,0.013422579504549503,,0.01190622616559267
,,3450,,,,,,,,,,,,,,,,3.551640475052409e-06,,0.0023193359375,,0.0023193359375,,0.00526558980345726,,0.00647383090108633,,0.008930235169827938,,0.005269141402095556
118,,15112,,,,,,,,,,,,,,,2.7718609999283217e-05,,0.0041796197183430195,,0.005283263977617025,,0.013208392076194286,,0.01000557467341423,,0.013966520316898823,,0.012995727360248566,
118,,15112,0.0006301591638475657,,0.026009218767285347,,0.02766449749469757,,0.016801832243800163,,0.011829866096377373,,0.015843333676457405,,0.01742931827902794,,,,,,,,,,,,,,,
,0.0005,15113,,,,,,,,,,,,,,,,,,,,,,,,,,,,
119,,15119,,0.00011190344230271876,,0.011912345886230469,,0.0130184730514884,,0.01767069101333618,,0.011706707999110222,,0.016359349712729454,,0.01778259500861168,,,,,,,,,,,,,,
119,,15129,,0.0001764646003721282,,0.009626388549804688,,0.01634744368493557,,0.016245491802692413,,0.011935431510210037,,0.01568577066063881,,0.016421956941485405,,,,,,,,,,,,,,
119,,15139,,0.00010271615610690787,,0.00991058349609375,,0.012472637929022312,,0.014652849175035954,,0.011159995570778847,,0.014897051267325878,,0.01475556567311287,,,,,,,,,,,,,,
119,,15149,,9.90041735349223e-05,,0.011201858520507812,,0.012245289981365204,,0.013514049351215363,,0.010825793258845806,,0.014306455850601196,,0.013613053597509861,,,,,,,,,,,,,,
119,,15159,,0.00010504105739528313,,0.009851455688476562,,0.012613499537110329,,0.010372795164585114,,0.009339326061308384,,0.01253393106162548,,0.01047783624380827,,,,,,,,,,,,,,
119,,15169,,0.0004075382021255791,,0.022184371948242188,,0.02484382875263691,,0.016779473051428795,,0.012131750583648682,,0.015941470861434937,,0.017187010496854782,,,,,,,,,,,,,,
119,,15179,,0.0002510249032638967,,0.017482757568359375,,0.019498035311698914,,0.0199955515563488,,0.013071008026599884,,0.017402278259396553,,0.02024657651782036,,,,,,,,,,,,,,
119,,15189,,0.005047447048127651,,0.08734703063964844,,0.0874330922961235,,0.015391349792480469,,0.011739728040993214,,0.015267842449247837,,0.020438797771930695,,,,,,,,,,,,,,
119,,15199,,0.0011688468512147665,,0.04170036315917969,,0.04207545891404152,,0.016057562083005905,,0.011582892388105392,,0.015594775788486004,,0.017226409167051315,,,,,,,,,,,,,,
119,,15209,,0.0002614796976558864,,0.018621444702148438,,0.019900133833289146,,0.01915929839015007,,0.012812333181500435,,0.017034489661455154,,0.01942077837884426,,,,,,,,,,,,,,
119,,15219,,0.000148105900734663,,0.013512611389160156,,0.01497729867696762,,0.020908094942569733,,0.012424900196492672,,0.017794938758015633,,0.021056201308965683,,,,,,,,,,,,,,
119,,15229,,0.0013842280022799969,,0.04523754119873047,,0.04578636214137077,,0.02844751812517643,,0.014761485159397125,,0.020756850019097328,,0.029831746593117714,,,,,,,,,,,,,,
119,,15239,,0.006310728378593922,,0.09756367653608322,,0.09776227176189423,,0.019162876531481743,,0.01291642151772976,,0.01703607849776745,,0.02547360584139824,,,,,,,,,,,,,,
,,3451,,,,,,,,,,,,,,,,1.9789844373008236e-05,,0.0045680999755859375,,0.005474697798490524,,0.011510249227285385,,0.009712548926472664,,0.0132032735273242,,0.01153003890067339
,,3452,,,,,,,,,,,,,,,,8.080368388618808e-06,,0.0030384063720703125,,0.0034982708748430014,,0.017327703535556793,,0.011274788528680801,,0.016199808567762375,,0.017335783690214157
,,3453,,,,,,,,,,,,,,,,1.0647678209352307e-05,,0.00366973876953125,,0.0040157511830329895,,0.0213339664041996,,0.011713250540196896,,0.017975253984332085,,0.021344613283872604
,,3454,,,,,,,,,,,,,,,,9.709896403364837e-06,,0.0033435821533203125,,0.0038348278030753136,,0.017252855002880096,,0.012025656178593636,,0.016164781525731087,,0.017262564972043037
,,3455,,,,,,,,,,,,,,,,9.989455065806396e-06,,0.0028896331787109375,,0.003889655927196145,,0.012394159100949764,,0.00961369089782238,,0.013700860552489758,,0.01240414846688509
,,3456,,,,,,,,,,,,,,,,8.915118996810634e-06,,0.0030155181884765625,,0.003674545558169484,,0.011711745522916317,,0.009858060628175735,,0.013318343088030815,,0.011720661073923111
,,3457,,,,,,,,,,,,,,,,1.6001125914044678e-05,,0.00400543212890625,,0.004922822117805481,,0.011405238881707191,,0.009421751834452152,,0.013142908923327923,,0.01142123993486166
,,3458,,,,,,,,,,,,,,,,1.1895817806362174e-05,,0.0036144256591796875,,0.004244594369083643,,0.006202307064086199,,0.007198547478765249,,0.009692058898508549,,0.006214202847331762
,,3459,,,,,,,,,,,,,,,,2.724933801800944e-05,,0.0051174163818359375,,0.006424174644052982,,0.013751399703323841,,0.010434558615088463,,0.01443154364824295,,0.013778649270534515
,,3460,,,,,,,,,,,,,,,,2.415484414086677e-05,,0.0050830841064453125,,0.006048394832760096,,0.011561939492821693,,0.009832085110247135,,0.013232890516519547,,0.01158609427511692
,,3461,,,,,,,,,,,,,,,,1.967960452020634e-05,,0.004680633544921875,,0.005459432955831289,,0.00981790293008089,,0.008403441868722439,,0.012194070033729076,,0.00983758270740509
,,3462,,,,,,,,,,,,,,,,1.4485423889709637e-05,,0.0042896270751953125,,0.004683848470449448,,0.01973375491797924,,0.011741118505597115,,0.017287978902459145,,0.01974824070930481
,,3463,,,,,,,,,,,,,,,,0.00037580792559310794,,0.01287841796875,,0.02385738119482994,,0.015440694987773895,,0.011226123198866844,,0.015292307361960411,,0.015816502273082733
,,3464,,,,,,,,,,,,,,,,1.1151711078127846e-05,,0.0034637451171875,,0.004109709057956934,,0.017867038026452065,,0.01175207830965519,,0.016449986025691032,,0.01787818968296051
,,3465,,,,,,,,,,,,,,,,1.0599430424917955e-05,,0.002956390380859375,,0.004006674513220787,,0.02234766073524952,,0.012263203971087933,,0.01839735172688961,,0.022358261048793793
,,3466,,,,,,,,,,,,,,,,3.8096175103419228e-06,,0.00188446044921875,,0.002402059966698289,,0.007925152778625488,,0.008007511496543884,,0.010955775156617165,,0.00792896281927824
,,3467,,,,,,,,,,,,,,,,3.3203170460183173e-05,,0.0054073333740234375,,0.007091362960636616,,0.01296200230717659,,0.010152719914913177,,0.014011204242706299,,0.012995205819606781
,,3468,,,,,,,,,,,,,,,,9.620745913707651e-06,,0.00330352783203125,,0.0038171836640685797,,0.006394723430275917,,0.007348870858550072,,0.009841249324381351,,0.006404343992471695
,,3469,,,,,,,,,,,,,,,,5.282685833662981e-06,,0.002048492431640625,,0.0028285509906709194,,0.008347020484507084,,0.008343450725078583,,0.011243592016398907,,0.008352302946150303
,,3470,,,,,,,,,,,,,,,,1.1987862308160402e-05,,0.0037021636962890625,,0.0042609842494130135,,0.013015380129218102,,0.010081060230731964,,0.014040022157132626,,0.013027368113398552
,,3471,,,,,,,,,,,,,,,,4.2452455090824515e-05,,0.0068721771240234375,,0.008018484339118004,,0.016429446637630463,,0.011678784154355526,,0.015774324536323547,,0.016471898183226585
,,3472,,,,,,,,,,,,,,,,9.859386409516446e-06,,0.00344085693359375,,0.0038642336148768663,,0.015931038185954094,,0.01145414263010025,,0.01553321536630392,,0.015940897166728973
,,3473,,,,,,,,,,,,,,,,4.6052368816162925e-06,,0.0020732879638671875,,0.0026409775018692017,,0.009768856689333916,,0.008608718402683735,,0.012163575738668442,,0.00977346207946539
,,3474,,,,,,,,,,,,,,,,2.289476469741203e-05,,0.0046787261962890625,,0.005888530984520912,,0.012392964214086533,,0.010274789296090603,,0.013700200244784355,,0.012415858916938305
,,3475,,,,,,,,,,,,,,,,1.3722950825467706e-05,,0.0037822723388671875,,0.004558941349387169,,0.012870067730545998,,0.00953564140945673,,0.013961424119770527,,0.012883790768682957
,,3476,,,,,,,,,,,,,,,,2.184818367823027e-05,,0.0049571990966796875,,0.005752363707870245,,0.01021877396851778,,0.00892067700624466,,0.012440528720617294,,0.010240621864795685
,,3477,,,,,,,,,,,,,,,,2.1552961698034778e-05,,0.0050792694091796875,,0.005713379941880703,,0.0098866056650877,,0.008837223052978516,,0.012236660346388817,,0.009908158332109451
,,3478,,,,,,,,,,,,,,,,9.063375728146639e-06,,0.0033283233642578125,,0.0037049606908112764,,0.011830978095531464,,0.00981155876070261,,0.013385963626205921,,0.011840041726827621
,,3479,,,,,,,,,,,,,,,,5.785686880699359e-06,,0.002960205078125,,0.002960205078125,,0.005249673500657082,,0.006517855916172266,,0.008916730992496014,,0.00525545934215188
119,,15239,,,,,,,,,,,,,,,2.8045664294040762e-05,,0.0041792807169258595,,0.005299798678606749,,0.013094679452478886,,0.00996767170727253,,0.013905269093811512,,0.012885350733995438,
119,,15239,0.0008110827766358852,,0.024508455768227577,,0.026554526761174202,,0.018041515722870827,,0.012094799429178238,,0.01634545996785164,,0.018855847418308258,,,,,,,,,,,,,,,
,0.0005,15240,,,,,,,,,,,,,,,,,,,,,,,,,,,,
120,,15249,,0.002140570664778352,,0.056443214416503906,,0.05693840980529785,,0.015324387699365616,,0.011452468112111092,,0.01523459330201149,,0.017464958131313324,,,,,,,,,,,,,,
120,,15259,,0.004910146817564964,,0.08556747436523438,,0.0862363874912262,,0.02467500790953636,,0.014597144909203053,,0.01933160610496998,,0.029585154727101326,,,,,,,,,,,,,,
120,,15269,,0.005764742381870747,,0.09296512603759766,,0.09344081580638885,,0.028451718389987946,,0.015227876603603363,,0.020758386701345444,,0.03421645984053612,,,,,,,,,,,,,,
120,,15279,,0.0015856059035286307,,0.04690837860107422,,0.049004606902599335,,0.03701285272836685,,0.017558066174387932,,0.023676395416259766,,0.03859845921397209,,,,,,,,,,,,,,
120,,15289,,0.0004584997659549117,,0.025493621826171875,,0.02635136991739273,,0.029868844896554947,,0.016017094254493713,,0.021269073709845543,,0.030327344313263893,,,,,,,,,,,,,,
120,,15299,,0.0013235167134553194,,0.043552398681640625,,0.0447724275290966,,0.022010542452335358,,0.01307872124016285,,0.01825805939733982,,0.023334059864282608,,,,,,,,,,,,,,
120,,15309,,0.00021242992079351097,,0.014156341552734375,,0.017938267439603806,,0.054854921996593475,,0.020182916894555092,,0.028823528438806534,,0.05506735295057297,,,,,,,,,,,,,,
120,,15319,,0.008773142471909523,,0.1148996353149414,,0.11527009308338165,,0.02692984975874424,,0.015126225538551807,,0.020195579156279564,,0.03570299223065376,,,,,,,,,,,,,,
120,,15329,,0.00576209370046854,,0.09312152862548828,,0.09341800957918167,,0.024659115821123123,,0.014705105684697628,,0.019325384870171547,,0.03042120859026909,,,,,,,,,,,,,,
120,,15339,,0.0004961190279573202,,0.025545120239257812,,0.02741294540464878,,0.02900048904120922,,0.015692267566919327,,0.020957624539732933,,0.029496608301997185,,,,,,,,,,,,,,
120,,15349,,0.00012712518218904734,,0.008826255798339844,,0.013876556418836117,,0.04135889187455177,,0.016740955412387848,,0.025027867406606674,,0.041486017405986786,,,,,,,,,,,,,,
120,,15359,,0.0016947210533544421,,0.05020904541015625,,0.050663068890571594,,0.023923398926854134,,0.014252465218305588,,0.01903490722179413,,0.025618119165301323,,,,,,,,,,,,,,
,,3480,,,,,,,,,,,,,,,,1.9793045794358477e-05,,0.0044994354248046875,,0.005475144367665052,,0.0116475410759449,,0.009780445136129856,,0.013281780295073986,,0.011667334474623203
,,3481,,,,,,,,,,,,,,,,9.397765097673982e-06,,0.0030918121337890625,,0.003772691125050187,,0.018409037962555885,,0.011549940332770348,,0.016697634011507034,,0.018418435007333755
,,3482,,,,,,,,,,,,,,,,1.2306831195019186e-05,,0.0039520263671875,,0.004317293409258127,,0.020318133756518364,,0.011643399484455585,,0.017542080953717232,,0.020330440253019333
,,3483,,,,,,,,,,,,,,,,9.582832717569545e-06,,0.00325775146484375,,0.003809666261076927,,0.016627993434667587,,0.01182893943041563,,0.015869352966547012,,0.01663757674396038
,,3484,,,,,,,,,,,,,,,,8.20392779132817e-06,,0.0030498504638671875,,0.003524933010339737,,0.012013611383736134,,0.009698837995529175,,0.013488885946571827,,0.012021815404295921
,,3485,,,,,,,,,,,,,,,,9.939556548488326e-06,,0.003170013427734375,,0.003879920346662402,,0.011624078266322613,,0.009824768640100956,,0.013268403708934784,,0.011634018272161484
,,3486,,,,,,,,,,,,,,,,1.513369170424994e-05,,0.0041751861572265625,,0.004787543788552284,,0.012025738134980202,,0.009613877162337303,,0.01349569670855999,,0.012040872126817703
,,3487,,,,,,,,,,,,,,,,1.6551213775528595e-05,,0.0043773651123046875,,0.005006740335375071,,0.006222874857485294,,0.007257465273141861,,0.00970811489969492,,0.006239425856620073
,,3488,,,,,,,,,,,,,,,,2.7935846446780488e-05,,0.0052890777587890625,,0.006504583638161421,,0.014249603264033794,,0.010542573407292366,,0.014690639451146126,,0.01427753921598196
,,3489,,,,,,,,,,,,,,,,4.125786290387623e-05,,0.0059642791748046875,,0.007904802449047565,,0.012183730490505695,,0.010056118480861187,,0.013584055006504059,,0.012224988080561161
,,3490,,,,,,,,,,,,,,,,1.908522426674608e-05,,0.004650115966796875,,0.005376358050853014,,0.00969424843788147,,0.008407466113567352,,0.012117038480937481,,0.009713334031403065
,,3491,,,,,,,,,,,,,,,,2.473231143085286e-05,,0.0053310394287109375,,0.006120265461504459,,0.020459843799471855,,0.01205783523619175,,0.017603155225515366,,0.020484576001763344
,,3492,,,,,,,,,,,,,,,,0.00035449652932584286,,0.01279449462890625,,0.02317105233669281,,0.015256142243742943,,0.011271205730736256,,0.015200638212263584,,0.01561063900589943
,,3493,,,,,,,,,,,,,,,,1.0015581210609525e-05,,0.0030879974365234375,,0.0038947255816310644,,0.017931241542100906,,0.011799690313637257,,0.01647951453924179,,0.01794125698506832
,,3494,,,,,,,,,,,,,,,,1.3543864042731002e-05,,0.00379180908203125,,0.004529085010290146,,0.022915560752153397,,0.012400936335325241,,0.0186296459287405,,0.022929104045033455
,,3495,,,,,,,,,,,,,,,,5.794261596747674e-06,,0.0024242401123046875,,0.0029623820446431637,,0.008028293959796429,,0.008010322228074074,,0.011026836931705475,,0.008034088648855686
,,3496,,,,,,,,,,,,,,,,4.0408420318271965e-05,,0.0057697296142578125,,0.007823014631867409,,0.012236219830811024,,0.01000442635267973,,0.01361328549683094,,0.01227662805467844
,,3497,,,,,,,,,,,,,,,,1.4327043572848197e-05,,0.0039691925048828125,,0.004658184479922056,,0.006299711763858795,,0.0073220813646912575,,0.0097678666934371,,0.006314038764685392
,,3498,,,,,,,,,,,,,,,,6.8352460402820725e-06,,0.002468109130859375,,0.0032174703665077686,,0.008615536615252495,,0.008440058678388596,,0.011423006653785706,,0.008622371591627598
,,3499,,,,,,,,,,,,,,,,2.1071715309517458e-05,,0.004302978515625,,0.005649209953844547,,0.01355642918497324,,0.010288200341165066,,0.014328871853649616,,0.01357750128954649
,,3500,,,,,,,,,,,,,,,,5.597687777481042e-05,,0.007976531982421875,,0.009207576513290405,,0.016155187040567398,,0.011547712609171867,,0.015642108395695686,,0.016211163252592087
,,3501,,,,,,,,,,,,,,,,1.4618396562582348e-05,,0.0042743682861328125,,0.004705323372036219,,0.016044897958636284,,0.01148779597133398,,0.015588624402880669,,0.01605951599776745
,,3502,,,,,,,,,,,,,,,,6.367923560901545e-06,,0.00252532958984375,,0.0031055384315550327,,0.010130289010703564,,0.008799480274319649,,0.012386550195515156,,0.010136657394468784
,,3503,,,,,,,,,,,,,,,,2.3352205971605144e-05,,0.0049915313720703125,,0.005947070196270943,,0.012615996412932873,,0.01033935509622097,,0.013822929933667183,,0.012639348395168781
,,3504,,,,,,,,,,,,,,,,1.7522528651170433e-05,,0.0045948028564453125,,0.005151539109647274,,0.012613390572369099,,0.009479799307882786,,0.013821503147482872,,0.012630913406610489
,,3505,,,,,,,,,,,,,,,,2.066828528768383e-05,,0.004871368408203125,,0.005594874732196331,,0.010578582994639874,,0.00907947774976492,,0.0126576516777277,,0.01059925090521574
,,3506,,,,,,,,,,,,,,,,2.1813339117215946e-05,,0.0049228668212890625,,0.005747808143496513,,0.009743941016495228,,0.008871270343661308,,0.012148053385317326,,0.009765754453837872
,,3507,,,,,,,,,,,,,,,,1.592742592038121e-05,,0.0042877197265625,,0.004911493510007858,,0.012169037945568562,,0.009917724877595901,,0.013575858436524868,,0.012184965424239635
,,3508,,,,,,,,,,,,,,,,8.781174074101727e-06,,0.0036468505859375,,0.0036468505859375,,0.00515010068193078,,0.006512324791401625,,0.008831758052110672,,0.0051588816568255424
120,,15366,,,,,,,,,,,,,,,3.049803854082711e-05,,0.0045623779296875,,0.005731987301260233,,0.013191490434110165,,0.010031476616859436,,0.013957822695374489,,0.012978704646229744,
120,,15366,0.003345341654494405,,0.05757799372076988,,0.05945272371172905,,0.02859119325876236,,0.014927399344742298,,0.02053982764482498,,0.03193250671029091,,,,,,,,,,,,,,,
,0.0005,15367,,,,,,,,,,,,,,,,,,,,,,,,,,,,
121,,15369,,0.0013982376549392939,,0.0435791015625,,0.04601877182722092,,0.02466709353029728,,0.014591308310627937,,0.01932850480079651,,0.02606533095240593,,,,,,,,,,,,,,
121,,15379,,0.0005731761339120567,,0.028577804565429688,,0.029463741928339005,,0.02349953167140484,,0.013820824213325977,,0.01886552944779396,,0.024072708562016487,,,,,,,,,,,,,,
121,,15389,,0.00011483349953778088,,0.011898994445800781,,0.013186777010560036,,0.033802859485149384,,0.013542765751481056,,0.022626429796218872,,0.03391769155859947,,,,,,,,,,,,,,
121,,15399,,0.00016109514399431646,,0.012866020202636719,,0.015618815086781979,,0.01796591654419899,,0.01255711354315281,,0.016495442017912865,,0.018127011135220528,,,,,,,,,,,,,,
121,,15409,,0.00016705304733477533,,0.0139007568359375,,0.015906957909464836,,0.020516302436590195,,0.012929604388773441,,0.017627425491809845,,0.020683355629444122,,,,,,,,,,,,,,
121,,15419,,3.561784978955984e-05,,0.006258964538574219,,0.007345216348767281,,0.015074425376951694,,0.011491071432828903,,0.015109834261238575,,0.015110042877495289,,,,,,,,,,,,,,
121,,15429,,0.000116506009362638,,0.011501312255859375,,0.013284831307828426,,0.01684017851948738,,0.01213180273771286,,0.01597028598189354,,0.016956685110926628,,,,,,,,,,,,,,
121,,15439,,0.00011543530854396522,,0.011211395263671875,,0.013220848515629768,,0.02082780934870243,,0.01290422398597002,,0.0177607461810112,,0.02094324491918087,,,,,,,,,,,,,,
121,,15449,,0.0008993659284897149,,0.03643608093261719,,0.036905284970998764,,0.02212146669626236,,0.013663249090313911,,0.018304014578461647,,0.023020831868052483,,,,,,,,,,,,,,
121,,15459,,0.001815649913623929,,0.051482200622558594,,0.05244038999080658,,0.019963495433330536,,0.012578560970723629,,0.017388319596648216,,0.021779146045446396,,,,,,,,,,,,,,
121,,15469,,0.0010711972136050463,,0.03914928436279297,,0.04028046876192093,,0.019221261143684387,,0.012902702204883099,,0.01706201583147049,,0.020292459055781364,,,,,,,,,,,,,,
121,,15479,,0.0005472756456583738,,0.028310775756835938,,0.028790630400180817,,0.016725048422813416,,0.012105239555239677,,0.015915604308247566,,0.01727232336997986,,,,,,,,,,,,,,
121,,15489,,0.00015113413974177092,,0.012854576110839844,,0.01512931939214468,,0.035469189286231995,,0.01682397536933422,,0.023177409544587135,,0.035620324313640594,,,,,,,,,,,,,,
,,3509,,,,,,,,,,,,,,,,1.919101669045631e-05,,0.0043048858642578125,,0.005391259212046862,,0.01198237482458353,,0.009873905219137669,,0.013471335172653198,,0.012001565657556057
,,3510,,,,,,,,,,,,,,,,8.541541319573298e-06,,0.00318145751953125,,0.003596715396270156,,0.01811772957444191,,0.011524896137416363,,0.016564995050430298,,0.018126271665096283
,,3511,,,,,,,,,,,,,,,,1.1589029782044236e-05,,0.0037403106689453125,,0.004189499653875828,,0.02047652378678322,,0.011693736538290977,,0.017610322684049606,,0.020488113164901733
,,3512,,,,,,,,,,,,,,,,1.383081416861387e-05,,0.004169464111328125,,0.004576822742819786,,0.01642276905477047,,0.011774859391152859,,0.01577112078666687,,0.01643659919500351
,,3513,,,,,,,,,,,,,,,,8.870396413840353e-06,,0.002971649169921875,,0.003665318712592125,,0.01227274164557457,,0.009721653535962105,,0.013633583672344685,,0.012281612493097782
,,3514,,,,,,,,,,,,,,,,8.976960089057684e-06,,0.0030612945556640625,,0.0036872674245387316,,0.011420603841543198,,0.00974442157894373,,0.013151758350431919,,0.011429580859839916
,,3515,,,,,,,,,,,,,,,,1.751966919982806e-05,,0.0045070648193359375,,0.005151098594069481,,0.012495017610490322,,0.009670043364167213,,0.013756504282355309,,0.012512537650763988
,,3516,,,,,,,,,,,,,,,,1.641679773456417e-05,,0.0044002532958984375,,0.0049863653257489204,,0.00613114470615983,,0.007171677891165018,,0.009636297821998596,,0.0061475615948438644
,,3517,,,,,,,,,,,,,,,,2.7741534722736105e-05,,0.00514984130859375,,0.006481924094259739,,0.013752183876931667,,0.010443910025060177,,0.014431956224143505,,0.013779925182461739
,,3518,,,,,,,,,,,,,,,,4.143226033193059e-05,,0.006072998046875,,0.007921487092971802,,0.012294185347855091,,0.01014329120516777,,0.013645492494106293,,0.012335618026554585
,,3519,,,,,,,,,,,,,,,,1.8530405213823542e-05,,0.00455474853515625,,0.005297629628330469,,0.009788117371499538,,0.008427442982792854,,0.01217555906623602,,0.009806647896766663
,,3520,,,,,,,,,,,,,,,,2.4873934307834134e-05,,0.0051898956298828125,,0.006137768272310495,,0.019982337951660156,,0.011904565617442131,,0.01739652268588543,,0.020007211714982986
,,3521,,,,,,,,,,,,,,,,0.0003420794091653079,,0.012342453002929688,,0.022761588916182518,,0.015479042194783688,,0.011372335255146027,,0.015311282128095627,,0.015821121633052826
,,3522,,,,,,,,,,,,,,,,1.121578043239424e-05,,0.003276824951171875,,0.00412148330360651,,0.017939148470759392,,0.011749516241252422,,0.016483154147863388,,0.01795036345720291
,,3523,,,,,,,,,,,,,,,,1.3297794794198126e-05,,0.0037250518798828125,,0.0044877673499286175,,0.022557586431503296,,0.012375528924167156,,0.018483562394976616,,0.022570883855223656
,,3524,,,,,,,,,,,,,,,,6.189941814227495e-06,,0.0025501251220703125,,0.0030618454329669476,,0.008039766922593117,,0.008038951084017754,,0.011034712195396423,,0.008045956492424011
,,3525,,,,,,,,,,,,,,,,4.312118835514411e-05,,0.0058917999267578125,,0.008081367239356041,,0.012185156345367432,,0.009978690184652805,,0.01358485035598278,,0.012228277511894703
,,3526,,,,,,,,,,,,,,,,1.3507873518392444e-05,,0.0039081573486328125,,0.004523057024925947,,0.006400399375706911,,0.007339644245803356,,0.009845616295933723,,0.006413907278329134
,,3527,,,,,,,,,,,,,,,,6.996139291004511e-06,,0.0024089813232421875,,0.003255119314417243,,0.008389290422201157,,0.00831659510731697,,0.011272024363279343,,0.008396286517381668
,,3528,,,,,,,,,,,,,,,,2.0871868400718085e-05,,0.0044536590576171875,,0.005622369237244129,,0.013572399504482746,,0.010272853076457977,,0.014337310567498207,,0.013593271374702454
,,3529,,,,,,,,,,,,,,,,5.49836695427075e-05,,0.007907867431640625,,0.00912550836801529,,0.01690664142370224,,0.011814926750957966,,0.016001766547560692,,0.01696162484586239
,,3530,,,,,,,,,,,,,,,,1.5181351955106948e-05,,0.00444793701171875,,0.004795060958713293,,0.015788299962878227,,0.011457020416855812,,0.015463472343981266,,0.01580348052084446
,,3531,,,,,,,,,,,,,,,,6.748956366209313e-06,,0.0025539398193359375,,0.0031971032731235027,,0.010231911204755306,,0.008819092996418476,,0.012448522262275219,,0.010238660499453545
,,3532,,,,,,,,,,,,,,,,2.3985814550542273e-05,,0.0049648284912109375,,0.006027214229106903,,0.012644760310649872,,0.010290957987308502,,0.013838679529726505,,0.012668746523559093
,,3533,,,,,,,,,,,,,,,,1.6028523532440886e-05,,0.0043048858642578125,,0.0049270386807620525,,0.012803328223526478,,0.009520715102553368,,0.013925177045166492,,0.01281935628503561
,,3534,,,,,,,,,,,,,,,,2.1117431970196776e-05,,0.004779815673828125,,0.0056553371250629425,,0.01037623267620802,,0.00905042514204979,,0.012536009773612022,,0.010397350415587425
,,3535,,,,,,,,,,,,,,,,1.9381866877665743e-05,,0.0048046112060546875,,0.005417990032583475,,0.00981695856899023,,0.00891281571239233,,0.012193480506539345,,0.009836340323090553
,,3536,,,,,,,,,,,,,,,,1.8036436813417822e-05,,0.004566192626953125,,0.00522656412795186,,0.012708992697298527,,0.010034515522420406,,0.013873778283596039,,0.01272702869027853
,,3537,,,,,,,,,,,,,,,,7.991528036654927e-06,,0.00347900390625,,0.00347900390625,,0.005476535297930241,,0.00675439927726984,,0.009107355028390884,,0.005484526976943016
121,,15493,,,,,,,,,,,,,,,3.02669304801384e-05,,0.0045733642764389515,,0.005753047298640013,,0.013214586302638054,,0.010036737658083439,,0.013973946683108807,,0.013010703027248383,
121,,15493,0.0006110837566666305,,0.02362007275223732,,0.02565622143447399,,0.01987500861287117,,0.012784278951585293,,0.017236346378922462,,0.020491033792495728,,,,,,,,,,,,,,,
,0.0005,15494,,,,,,,,,,,,,,,,,,,,,,,,,,,,
122,,15499,,3.145448863506317e-05,,0.00588226318359375,,0.006901465356349945,,0.014900939539074898,,0.011589583940804005,,0.015022637322545052,,0.014932394027709961,,,,,,,,,,,,,,
122,,15509,,0.00035882199881598353,,0.019556045532226562,,0.02331109717488289,,0.03258862346410751,,0.015689130872488022,,0.022216327488422394,,0.03294744715094566,,,,,,,,,,,,,,
122,,15519,,0.008071154356002808,,0.1054067611694336,,0.1105625107884407,,0.02003214694559574,,0.01336921937763691,,0.01741819456219673,,0.02810330130159855,,,,,,,,,,,,,,
122,,15529,,0.0007424540817737579,,0.03277778625488281,,0.03353210166096687,,0.019903751090168953,,0.013230987824499607,,0.017362285405397415,,0.02064620517194271,,,,,,,,,,,,,,
122,,15539,,9.637082985136658e-05,,0.010450363159179688,,0.012080654501914978,,0.022822659462690353,,0.013868503272533417,,0.01859184168279171,,0.022919030860066414,,,,,,,,,,,,,,
122,,15549,,0.0006086127832531929,,0.029270172119140625,,0.0303619597107172,,0.032644014805555344,,0.015475159510970116,,0.022235207259655,,0.03325262665748596,,,,,,,,,,,,,,
122,,15559,,0.0048561398871243,,0.08498859405517578,,0.08575955033302307,,0.042270638048648834,,0.0172954760491848,,0.025302225723862648,,0.04712677747011185,,,,,,,,,,,,,,
122,,15569,,0.015136951580643654,,0.15088844299316406,,0.1514095515012741,,0.06395187228918076,,0.020665911957621574,,0.03112189471721649,,0.07908882200717926,,,,,,,,,,,,,,
122,,15579,,0.0009308198932558298,,0.03506183624267578,,0.03754724934697151,,0.04705001413822174,,0.01925904117524624,,0.026694346219301224,,0.04798083379864693,,,,,,,,,,,,,,
122,,15589,,0.0012752909678965807,,0.04321575164794922,,0.04395060986280441,,0.03628150373697281,,0.017455171793699265,,0.023441312834620476,,0.03755679354071617,,,,,,,,,,,,,,
122,,15599,,0.003015743335708976,,0.06650829315185547,,0.06758222728967667,,0.039004135876894,,0.018333379179239273,,0.024304945021867752,,0.04201987758278847,,,,,,,,,,,,,,
122,,15609,,0.0036103427410125732,,0.0719289779663086,,0.07394680380821228,,0.06204656511545181,,0.022420039400458336,,0.030654778704047203,,0.06565690785646439,,,,,,,,,,,,,,
122,,15619,,4.8943504225462675e-05,,0.007353782653808594,,0.008610321208834648,,0.021597225219011307,,0.013627134263515472,,0.018085826188325882,,0.0216461680829525,,,,,,,,,,,,,,
,,3538,,,,,,,,,,,,,,,,1.6384354239562526e-05,,0.003978729248046875,,0.0049814628437161446,,0.011935990303754807,,0.00976450927555561,,0.013445236720144749,,0.011952375061810017
,,3539,,,,,,,,,,,,,,,,8.72668533702381e-06,,0.0030345916748046875,,0.003635488450527191,,0.01799863763153553,,0.011486445553600788,,0.016510460525751114,,0.018007364124059677
,,3540,,,,,,,,,,,,,,,,1.4032571016286965e-05,,0.0042476654052734375,,0.004610077012330294,,0.0203216765075922,,0.011734875850379467,,0.0175436120480299,,0.020335709676146507
,,3541,,,,,,,,,,,,,,,,1.055196116794832e-05,,0.0034275054931640625,,0.0039976537227630615,,0.01664138399064541,,0.011799704283475876,,0.015875741839408875,,0.016651935875415802
,,3542,,,,,,,,,,,,,,,,7.3379496825509705e-06,,0.0027713775634765625,,0.0033337005879729986,,0.011796368286013603,,0.009569533169269562,,0.013366364873945713,,0.011803706176578999
,,3543,,,,,,,,,,,,,,,,6.245005351956934e-06,,0.0025653839111328125,,0.0030754362232983112,,0.011575273238122463,,0.009846421889960766,,0.013240517117083073,,0.011581518687307835
,,3544,,,,,,,,,,,,,,,,2.2894269932294264e-05,,0.0050868988037109375,,0.005888466723263264,,0.013001126237213612,,0.009793650358915329,,0.014032335951924324,,0.013024020940065384
,,3545,,,,,,,,,,,,,,,,1.348241221421631e-05,,0.0039043426513671875,,0.004518801346421242,,0.0061242482624948025,,0.00717973941937089,,0.00963087659329176,,0.0061377305537462234
,,3546,,,,,,,,,,,,,,,,3.0740258807782084e-05,,0.0057201385498046875,,0.006823287345468998,,0.013879037462174892,,0.010538819245994091,,0.014498366042971611,,0.013909777626395226
,,3547,,,,,,,,,,,,,,,,3.535692667355761e-05,,0.0053844451904296875,,0.007317733019590378,,0.012365099973976612,,0.010152812115848064,,0.013684787787497044,,0.012400456704199314
,,3548,,,,,,,,,,,,,,,,1.8316583009436727e-05,,0.0045642852783203125,,0.005266976542770863,,0.009967788122594357,,0.008397771045565605,,0.012286797165870667,,0.00998610444366932
,,3549,,,,,,,,,,,,,,,,3.237420605728403e-05,,0.0062236785888671875,,0.007002261001616716,,0.01938706263899803,,0.011758137494325638,,0.017135445028543472,,0.019419437274336815
,,3550,,,,,,,,,,,,,,,,0.000373827206203714,,0.013103485107421875,,0.023794429376721382,,0.016253771260380745,,0.01150358747690916,,0.015689773485064507,,0.01662759855389595
,,3551,,,,,,,,,,,,,,,,8.654512384964619e-06,,0.00302886962890625,,0.0036204271018505096,,0.018860124051570892,,0.011948006227612495,,0.01690096966922283,,0.01886877790093422
,,3552,,,,,,,,,,,,,,,,1.4318143257696647e-05,,0.0039691925048828125,,0.0046567656099796295,,0.022112146019935608,,0.012287793681025505,,0.01830015704035759,,0.022126464173197746
,,3553,,,,,,,,,,,,,,,,7.848793757148087e-06,,0.0030612945556640625,,0.003447806928306818,,0.007920998148620129,,0.008062951266765594,,0.01095290295779705,,0.007928847335278988
,,3554,,,,,,,,,,,,,,,,4.81110873806756e-05,,0.006256103515625,,0.008536122739315033,,0.01259420532733202,,0.010227122344076633,,0.01381098572164774,,0.01264231652021408
,,3555,,,,,,,,,,,,,,,,1.4038105291547254e-05,,0.0038318634033203125,,0.004610979929566383,,0.006532309576869011,,0.007371219806373119,,0.009946554899215698,,0.006546347867697477
,,3556,,,,,,,,,,,,,,,,7.501942491217051e-06,,0.0026149749755859375,,0.0033707378897815943,,0.008662664331495762,,0.008421339094638824,,0.011454204097390175,,0.00867016613483429
,,3557,,,,,,,,,,,,,,,,1.783234802132938e-05,,0.0041942596435546875,,0.005196886137127876,,0.012803750112652779,,0.010070450603961945,,0.013925410807132721,,0.012821582145988941
,,3558,,,,,,,,,,,,,,,,6.590170960407704e-05,,0.008470535278320312,,0.009990538470447063,,0.017254702746868134,,0.011991351842880249,,0.01616564393043518,,0.017320604994893074
,,3559,,,,,,,,,,,,,,,,1.640919981582556e-05,,0.00469207763671875,,0.004985206760466099,,0.01562519371509552,,0.011397449299693108,,0.01538339164108038,,0.015641603618860245
,,3560,,,,,,,,,,,,,,,,7.867094609537162e-06,,0.002857208251953125,,0.0034518016036599874,,0.009868141263723373,,0.008688542991876602,,0.012225230224430561,,0.00987600814551115
,,3561,,,,,,,,,,,,,,,,3.1427312933374196e-05,,0.0056095123291015625,,0.0068991053849458694,,0.012721617706120014,,0.010307583957910538,,0.013880672864615917,,0.012753045186400414
,,3562,,,,,,,,,,,,,,,,1.7700425814837217e-05,,0.004669189453125,,0.005177622195333242,,0.01330061350017786,,0.009570242837071419,,0.014193027280271053,,0.013318314217031002
,,3563,,,,,,,,,,,,,,,,1.916001201607287e-05,,0.0047702789306640625,,0.005386852193623781,,0.010645082220435143,,0.009026842191815376,,0.012697373516857624,,0.010664242319762707
,,3564,,,,,,,,,,,,,,,,1.9638027879409492e-05,,0.0046253204345703125,,0.005453669931739569,,0.009780360385775566,,0.008916164748370647,,0.012170732021331787,,0.009799998253583908
,,3565,,,,,,,,,,,,,,,,2.0777057216037065e-05,,0.0047168731689453125,,0.005609595216810703,,0.012529193423688412,,0.009919283911585808,,0.013775289058685303,,0.012549970299005508
,,3566,,,,,,,,,,,,,,,,1.2399297702359036e-05,,0.00433349609375,,0.00433349609375,,0.005605429410934448,,0.006877498235553503,,0.009213908575475216,,0.005617828574031591
122,,15620,,,,,,,,,,,,,,,3.232021481380798e-05,,0.0046905516646802425,,0.005873123183846474,,0.013267884030938148,,0.010047717951238155,,0.01400443073362112,,0.013068406842648983,
122,,15620,0.00344649120233953,,0.05780718848109245,,0.059901051223278046,,0.03905641660094261,,0.016894781962037086,,0.02363418973982334,,0.04250938072800636,,,,,,,,,,,,,,,
,0.0005,15621,,,,,,,,,,,,,,,,,,,,,,,,,,,,
123,,15629,,5.554051313083619e-05,,0.007683753967285156,,0.00917370617389679,,0.025666380301117897,,0.01457642950117588,,0.019716130569577217,,0.025721920654177666,,,,,,,,,,,,,,
123,,15639,,0.0001114512633648701,,0.010684967041015625,,0.0129918921738863,,0.02590714767575264,,0.01458633691072464,,0.019808392971754074,,0.026018599048256874,,,,,,,,,,,,,,
123,,15649,,0.002559782238677144,,0.05865669250488281,,0.06226571649312973,,0.039264511317014694,,0.017029713839292526,,0.024385932832956314,,0.04182429239153862,,,,,,,,,,,,,,
123,,15659,,0.00018808015738613904,,0.015545845031738281,,0.016877660527825356,,0.022898003458976746,,0.014490539208054543,,0.01862250827252865,,0.02308608405292034,,,,,,,,,,,,,,
123,,15669,,0.009027879685163498,,0.1163167953491211,,0.11693146079778671,,0.023485751822590828,,0.014281281270086765,,0.018859993666410446,,0.032513633370399475,,,,,,,,,,,,,,
123,,15679,,2.794717511278577e-05,,0.005501747131347656,,0.006506378762423992,,0.02049647644162178,,0.013112811371684074,,0.017618905752897263,,0.02052442356944084,,,,,,,,,,,,,,
123,,15689,,0.0006454079994000494,,0.016048431396484375,,0.031266771256923676,,0.019828611984848976,,0.012870783917605877,,0.01732947863638401,,0.020474020391702652,,,,,,,,,,,,,,
123,,15699,,0.00010579265654087067,,0.012026786804199219,,0.01265732105821371,,0.01851988583803177,,0.01246754638850689,,0.01674783043563366,,0.01862567849457264,,,,,,,,,,,,,,
123,,15709,,0.0002068372123176232,,0.015254974365234375,,0.0176972895860672,,0.016852760687470436,,0.012287131510674953,,0.015976248309016228,,0.017059598118066788,,,,,,,,,,,,,,
123,,15719,,0.00015150877879932523,,0.013523101806640625,,0.015149706974625587,,0.011669380590319633,,0.010194193571805954,,0.013294229283928871,,0.011820889078080654,,,,,,,,,,,,,,
