[2025-12-08 16:28:11,159][curator][DEBUG] - Running on host: SKY-20190820VTG
[2025-12-08 16:28:11,159][curator][DEBUG] - Seed with <3407>
[2025-12-08 16:28:11,162][curator][DEBUG] - Instantiating datamodule <curator.data.AtomsDataModule> from dataset ../LiFePO4.traj
[2025-12-08 16:28:11,182][curator][DEBUG] - Instantiating task <curator.model.LitNNP>
[2025-12-08 16:28:11,194][curator.model.base][DEBUG] - Energy loss weight: 1 Forces loss weight: 100
[2025-12-08 16:28:11,194][curator][DEBUG] - Instantiating model <class 'curator.model.base.NeuralNetworkPotential'> with GNN representation <class 'curator.model.painn.Painn'>
[2025-12-08 16:28:11,194][curator][DEBUG] - Instantiating trainer <pytorch_lightning.Trainer>
[2025-12-08 16:28:11,565][curator.data.datamodule][DEBUG] - Using reference energies for elements: None.
[2025-12-08 16:28:13,922][curator.data.datamodule][DEBUG] - Forces will be scaled by forces_rms: 1.231.
[2025-12-08 16:28:13,922][curator.data.datamodule][DEBUG] - Atomwise model outputs will be normalized.
[2025-12-08 16:28:13,922][curator.data.datamodule][DEBUG] - Model output properties will be scaled by 1.231, shifted by -6.520.
[2025-12-08 16:28:13,922][curator.data.datamodule][DEBUG] - Using reference energies for elements: None.
[2025-12-08 16:28:13,923][curator.model.base][INFO] - NeuralNetworkPotential(
  (representation): Painn(
    (atom_embedding): Embedding(119, 128)
    (message_layers): ModuleList(
      (0-2): 3 x PainnMessage(
        (cutoff_fn): CosineCutoff()
        (radial_basis): SineBasis()
        (scalar_message_mlp): Sequential(
          (0): Linear(in_features=128, out_features=128, bias=True)
          (1): SiLU()
          (2): Linear(in_features=128, out_features=384, bias=True)
        )
        (filter_layer): Linear(in_features=20, out_features=384, bias=True)
      )
    )
    (update_layers): ModuleList(
      (0-2): 3 x PainnUpdate(
        (update_U): Linear(in_features=128, out_features=128, bias=True)
        (update_V): Linear(in_features=128, out_features=128, bias=True)
        (update_mlp): Sequential(
          (0): Linear(in_features=256, out_features=128, bias=True)
          (1): SiLU()
          (2): Linear(in_features=128, out_features=384, bias=True)
        )
      )
    )
    (readout): AtomwiseNN(
      (readout_mlp): Sequential(
        (0): Dense(
          (linear): Linear(in_features=128, out_features=128, bias=True)
          (activation): SiLU()
        )
        (1): Dense(
          (linear): Linear(in_features=128, out_features=1, bias=True)
          (activation): Identity()
        )
      )
    )
  )
  (input_modules): CallbackModuleList(
    (0): PairwiseDistance(compute_neighbor_list=True, compute_distance_from_R=False, compute_forces=True)
  )
  (output_modules): CallbackModuleList(
    (0): GradientOutput(grad_on_edge_diff=True, grad_on_positions=False, model_outputs=['forces'])
    (1): GlobalRescaleShift(scale_by=tensor([1.2307]), shift_by=tensor([-6.5200]), shift_by_E0=False, atomic_energies={}, scale_keys=['energy', 'forces'], shift_keys=['energy'], atomwise_normalization=True)
  )
)
[2025-12-08 16:28:13,927][curator.model.base][DEBUG] - Model parameters: 600,577
[2025-12-08 16:28:14,015][curator.model.base][INFO] - 

[2025-12-08 16:28:14,015][curator.model.base][DEBUG] - Validating
[2025-12-08 16:28:15,117][curator.model.base][INFO] - # epoch      batch      total_loss     energy_loss     forces_loss      energy_mae     energy_rmse      forces_mae     forces_rmse
[2025-12-08 16:28:15,118][curator.model.base][INFO] -       0          0             135            7.93             127            3.28            3.47           0.877            1.39
[2025-12-08 16:28:16,572][curator.model.base][INFO] -       0         10            95.6            12.2            83.3            4.26            4.31           0.697            1.12
[2025-12-08 16:28:17,501][curator.model.base][INFO] -       0         20             145            8.23             137            3.31            3.53           0.897            1.44
[2025-12-08 16:28:18,169][curator.model.base][INFO] - 

[2025-12-08 16:28:18,169][curator.model.base][DEBUG] - Epoch summary:
[2025-12-08 16:28:18,169][curator.model.base][INFO] - Validation  # epoch      total_loss     energy_loss     forces_loss      energy_mae     energy_rmse      forces_mae     forces_rmse
[2025-12-08 16:28:18,169][curator.model.base][INFO] -                   0             118              10             110            3.75            3.88           0.784            1.27
[2025-12-08 16:28:18,175][curator.model.base][INFO] - 

[2025-12-08 16:28:18,176][curator.model.base][DEBUG] - Start training model
[2025-12-08 16:28:18,176][curator.model.base][INFO] - LightningAdamW (
Parameter Group 0
    amsgrad: False
    betas: [0.9, 0.999]
    capturable: False
    decoupled_weight_decay: True
    differentiable: False
    eps: 1e-08
    foreach: None
    fused: None
    lr: 0.0005
    maximize: False
    weight_decay: 0.01
)
[2025-12-08 16:28:18,178][curator.model.base][INFO] - 

[2025-12-08 16:28:18,178][curator.model.base][DEBUG] - Training
[2025-12-08 16:28:18,178][curator.model.base][INFO] - # epoch      batch      total_loss     energy_loss     forces_loss      energy_mae     energy_rmse      forces_mae     forces_rmse
[2025-12-08 16:28:18,365][curator.model.base][INFO] -       0          0             119             9.1             110            3.59            3.71           0.828            1.29
[2025-12-08 16:28:20,883][curator.model.base][INFO] -       0         10            23.5            1.97            21.6             1.7            1.73           0.418           0.571
[2025-12-08 16:28:23,061][curator.model.base][INFO] -       0         20              16           0.105            15.9           0.362           0.399           0.362           0.491
[2025-12-08 16:28:25,352][curator.model.base][INFO] -       0         30             8.1           0.166            7.93           0.453           0.502           0.249           0.347
[2025-12-08 16:28:27,413][curator.model.base][INFO] -       0         40             6.3           0.391            5.91           0.756           0.769           0.224           0.299
[2025-12-08 16:28:29,589][curator.model.base][INFO] -       0         50            7.86          0.0278            7.84           0.168           0.205            0.24           0.344
[2025-12-08 16:28:31,506][curator.model.base][INFO] -       0         60            6.74          0.0793            6.66           0.218           0.347           0.226           0.318
[2025-12-08 16:28:33,532][curator.model.base][INFO] -       0         70            3.56          0.0732            3.49           0.315           0.333           0.165            0.23
[2025-12-08 16:28:35,592][curator.model.base][INFO] -       0         80            3.09           0.422            2.67           0.797           0.799           0.145           0.201
[2025-12-08 16:28:37,561][curator.model.base][INFO] -       0         90             2.4           0.509            1.89           0.874           0.878           0.126           0.169
[2025-12-08 16:28:39,417][curator.model.base][INFO] -       0        100            2.46           0.536            1.92           0.896           0.901           0.126           0.171
[2025-12-08 16:28:41,635][curator.model.base][INFO] -       0        110            1.84           0.352            1.49           0.728            0.73           0.111            0.15
[2025-12-08 16:28:43,766][curator.model.base][INFO] -       0        120            1.49           0.101            1.39           0.386           0.392            0.11           0.145
[2025-12-08 16:28:45,090][curator.model.base][INFO] - 

[2025-12-08 16:28:45,090][curator.model.base][DEBUG] - Validating
[2025-12-08 16:28:45,090][curator.model.base][INFO] - # epoch      batch      total_loss     energy_loss     forces_loss      energy_mae     energy_rmse      forces_mae     forces_rmse
[2025-12-08 16:28:45,185][curator.model.base][INFO] -       0          0            2.14         0.00765            2.14          0.0752           0.108           0.125            0.18
[2025-12-08 16:28:46,112][curator.model.base][INFO] -       0         10           0.932         0.00201            0.93          0.0453          0.0552          0.0899           0.119
[2025-12-08 16:28:47,140][curator.model.base][INFO] -       0         20            1.53         0.00502            1.53          0.0624          0.0872           0.111           0.152
[2025-12-08 16:28:47,897][curator.model.base][INFO] - 

[2025-12-08 16:28:47,898][curator.model.base][DEBUG] - Epoch summary:
[2025-12-08 16:28:47,898][curator.model.base][INFO] - Validation  # epoch      total_loss     energy_loss     forces_loss      energy_mae     energy_rmse      forces_mae     forces_rmse
[2025-12-08 16:28:47,898][curator.model.base][INFO] -                   0            1.47          0.0056            1.47          0.0639          0.0844           0.106           0.148
[2025-12-08 16:28:47,904][curator.model.base][INFO] - Train       # epoch      total_loss     energy_loss     forces_loss      energy_mae     energy_rmse      forces_mae     forces_rmse
[2025-12-08 16:28:47,904][curator.model.base][INFO] -                   0            10.6           0.835            9.74            0.84           0.869           0.227           0.325
[2025-12-08 16:28:48,004][curator.model.base][INFO] - 

[2025-12-08 16:28:48,004][curator.model.base][DEBUG] - Training
[2025-12-08 16:28:48,004][curator.model.base][INFO] - # epoch      batch      total_loss     energy_loss     forces_loss      energy_mae     energy_rmse      forces_mae     forces_rmse
[2025-12-08 16:28:48,214][curator.model.base][INFO] -       1          0            1.37           0.213            1.16           0.565           0.568          0.0973           0.132
[2025-12-08 16:28:50,248][curator.model.base][INFO] -       1         10            2.35           0.138            2.21           0.449           0.457           0.134           0.183
[2025-12-08 16:28:52,086][curator.model.base][INFO] -       1         20            2.24          0.0279            2.21           0.178           0.206           0.136           0.183
[2025-12-08 16:28:54,064][curator.model.base][INFO] -       1         30            1.66           0.035            1.63           0.218            0.23           0.117           0.157
[2025-12-08 16:28:56,013][curator.model.base][INFO] -       1         40            1.79          0.0831             1.7           0.344           0.355           0.113           0.161
[2025-12-08 16:28:58,147][curator.model.base][INFO] -       1         50            1.53          0.0481            1.48           0.264            0.27           0.113            0.15
[2025-12-08 16:29:00,108][curator.model.base][INFO] -       1         60            1.01         0.00265            1.01          0.0456          0.0634          0.0927           0.124
[2025-12-08 16:29:02,183][curator.model.base][INFO] -       1         70            1.68           0.338            1.34           0.713           0.715           0.102           0.143
[2025-12-08 16:29:04,081][curator.model.base][INFO] -       1         80            0.98           0.281           0.699           0.651           0.652          0.0768           0.103
[2025-12-08 16:29:06,048][curator.model.base][INFO] -       1         90             1.2           0.372           0.823            0.75           0.751          0.0813           0.112
[2025-12-08 16:29:08,007][curator.model.base][INFO] -       1        100           0.953           0.241           0.713           0.602           0.604          0.0782           0.104
[2025-12-08 16:29:09,825][curator.model.base][INFO] -       1        110           0.996           0.359           0.637           0.738           0.738          0.0736          0.0982
[2025-12-08 16:29:11,896][curator.model.base][INFO] -       1        120           0.897            0.23           0.667           0.587            0.59           0.074           0.101
[2025-12-08 16:29:13,140][curator.model.base][INFO] - 

[2025-12-08 16:29:13,140][curator.model.base][DEBUG] - Validating
[2025-12-08 16:29:13,140][curator.model.base][INFO] - # epoch      batch      total_loss     energy_loss     forces_loss      energy_mae     energy_rmse      forces_mae     forces_rmse
[2025-12-08 16:29:13,232][curator.model.base][INFO] -       1          0           0.937         0.00457           0.932          0.0725          0.0832           0.088           0.119
[2025-12-08 16:29:14,156][curator.model.base][INFO] -       1         10           0.472         0.00316           0.468          0.0633          0.0692          0.0632          0.0842
[2025-12-08 16:29:15,104][curator.model.base][INFO] -       1         20           0.754         0.00434            0.75          0.0695          0.0811          0.0772           0.107
[2025-12-08 16:29:15,778][curator.model.base][INFO] - 

[2025-12-08 16:29:15,778][curator.model.base][DEBUG] - Epoch summary:
[2025-12-08 16:29:15,778][curator.model.base][INFO] - Validation  # epoch      total_loss     energy_loss     forces_loss      energy_mae     energy_rmse      forces_mae     forces_rmse
[2025-12-08 16:29:15,778][curator.model.base][INFO] -                   1           0.658         0.00425            0.66          0.0674          0.0781          0.0728          0.0989
[2025-12-08 16:29:15,783][curator.model.base][INFO] - Train       # epoch      total_loss     energy_loss     forces_loss      energy_mae     energy_rmse      forces_mae     forces_rmse
[2025-12-08 16:29:15,783][curator.model.base][INFO] -                   1            1.53           0.164            1.36           0.442           0.449           0.102           0.139
[2025-12-08 16:29:15,868][curator.model.base][INFO] - 

[2025-12-08 16:29:15,868][curator.model.base][DEBUG] - Training
[2025-12-08 16:29:15,868][curator.model.base][INFO] - # epoch      batch      total_loss     energy_loss     forces_loss      energy_mae     energy_rmse      forces_mae     forces_rmse
[2025-12-08 16:29:16,053][curator.model.base][INFO] -       2          0            1.07           0.157           0.916           0.484           0.487          0.0837           0.118
[2025-12-08 16:29:17,976][curator.model.base][INFO] -       2         10           0.767          0.0903           0.677           0.365            0.37          0.0736           0.101
[2025-12-08 16:29:19,952][curator.model.base][INFO] -       2         20           0.662            0.03           0.632           0.209           0.213          0.0734          0.0979
[2025-12-08 16:29:21,977][curator.model.base][INFO] -       2         30           0.688           0.027           0.661             0.2           0.202          0.0725             0.1
[2025-12-08 16:29:24,012][curator.model.base][INFO] -       2         40            1.12          0.0389            1.08           0.241           0.243          0.0912           0.128
[2025-12-08 16:29:25,953][curator.model.base][INFO] -       2         50             0.8          0.0329           0.767           0.219           0.223          0.0811           0.108
[2025-12-08 16:29:27,972][curator.model.base][INFO] -       2         60           0.982           0.351            0.63           0.728            0.73          0.0689          0.0977
[2025-12-08 16:29:30,060][curator.model.base][INFO] -       2         70            0.62           0.116           0.504           0.417           0.418          0.0642          0.0874
[2025-12-08 16:29:32,010][curator.model.base][INFO] -       2         80           0.495           0.016           0.479           0.154           0.156          0.0643          0.0852
[2025-12-08 16:29:33,925][curator.model.base][INFO] -       2         90           0.805           0.119           0.686           0.422           0.424          0.0774           0.102
[2025-12-08 16:29:35,843][curator.model.base][INFO] -       2        100           0.578          0.0121           0.566           0.127           0.136          0.0695          0.0926
[2025-12-08 16:29:37,886][curator.model.base][INFO] -       2        110           0.778           0.238            0.54           0.598             0.6          0.0673          0.0905
[2025-12-08 16:29:40,100][curator.model.base][INFO] -       2        120           0.833           0.379           0.454           0.757           0.758          0.0622          0.0829
[2025-12-08 16:29:41,440][curator.model.base][INFO] - 

[2025-12-08 16:29:41,440][curator.model.base][DEBUG] - Validating
[2025-12-08 16:29:41,440][curator.model.base][INFO] - # epoch      batch      total_loss     energy_loss     forces_loss      energy_mae     energy_rmse      forces_mae     forces_rmse
[2025-12-08 16:29:41,545][curator.model.base][INFO] -       2          0           0.548         0.00137           0.547          0.0337          0.0455          0.0693           0.091
[2025-12-08 16:29:42,608][curator.model.base][INFO] -       2         10           0.314        0.000629           0.313          0.0274          0.0309          0.0516          0.0689
[2025-12-08 16:29:43,712][curator.model.base][INFO] -       2         20           0.507          0.0011           0.505          0.0301          0.0407          0.0636          0.0875
[2025-12-08 16:29:44,487][curator.model.base][INFO] - 

[2025-12-08 16:29:44,487][curator.model.base][DEBUG] - Epoch summary:
[2025-12-08 16:29:44,487][curator.model.base][INFO] - Validation  # epoch      total_loss     energy_loss     forces_loss      energy_mae     energy_rmse      forces_mae     forces_rmse
[2025-12-08 16:29:44,487][curator.model.base][INFO] -                   2           0.418         0.00109           0.422          0.0303          0.0384          0.0589           0.079
[2025-12-08 16:29:44,492][curator.model.base][INFO] - Train       # epoch      total_loss     energy_loss     forces_loss      energy_mae     energy_rmse      forces_mae     forces_rmse
[2025-12-08 16:29:44,493][curator.model.base][INFO] -                   2           0.859           0.185           0.674           0.485           0.488          0.0737             0.1
[2025-12-08 16:29:44,575][curator.model.base][INFO] - 

[2025-12-08 16:29:44,576][curator.model.base][DEBUG] - Training
[2025-12-08 16:29:44,576][curator.model.base][INFO] - # epoch      batch      total_loss     energy_loss     forces_loss      energy_mae     energy_rmse      forces_mae     forces_rmse
[2025-12-08 16:29:44,731][curator.model.base][INFO] -       3          0           0.609          0.0898           0.519           0.367           0.369          0.0661          0.0887
[2025-12-08 16:29:46,889][curator.model.base][INFO] -       3         10            1.67          0.0126            1.66           0.106           0.138           0.119           0.159
[2025-12-08 16:29:49,122][curator.model.base][INFO] -       3         20            1.58          0.0119            1.57           0.103           0.134           0.104           0.154
[2025-12-08 16:29:51,155][curator.model.base][INFO] -       3         30           0.553         0.00182           0.551          0.0447          0.0524          0.0684          0.0913
[2025-12-08 16:29:53,194][curator.model.base][INFO] -       3         40           0.892         0.00348           0.888          0.0574          0.0726          0.0871           0.116
[2025-12-08 16:29:55,264][curator.model.base][INFO] -       3         50           0.838           0.308           0.529           0.683           0.683           0.068          0.0895
[2025-12-08 16:29:57,392][curator.model.base][INFO] -       3         60           0.618           0.108           0.509           0.402           0.405          0.0681          0.0878
[2025-12-08 16:29:59,324][curator.model.base][INFO] -       3         70           0.746           0.113           0.633           0.412           0.414            0.07          0.0979
[2025-12-08 16:30:01,273][curator.model.base][INFO] -       3         80            1.55           0.818           0.731            1.11            1.11          0.0803           0.105
[2025-12-08 16:30:03,352][curator.model.base][INFO] -       3         90           0.867         0.00212           0.865          0.0408          0.0566          0.0863           0.114
[2025-12-08 16:30:05,499][curator.model.base][INFO] -       3        100           0.616          0.0613           0.555           0.303           0.305          0.0696          0.0917
[2025-12-08 16:30:07,645][curator.model.base][INFO] -       3        110           0.669          0.0395           0.629           0.243           0.245          0.0716          0.0976
[2025-12-08 16:30:09,814][curator.model.base][INFO] -       3        120           0.824           0.182           0.642           0.524           0.525          0.0718          0.0986
[2025-12-08 16:30:11,221][curator.model.base][INFO] - 

[2025-12-08 16:30:11,221][curator.model.base][DEBUG] - Validating
[2025-12-08 16:30:11,221][curator.model.base][INFO] - # epoch      batch      total_loss     energy_loss     forces_loss      energy_mae     energy_rmse      forces_mae     forces_rmse
[2025-12-08 16:30:11,320][curator.model.base][INFO] -       3          0           0.384        0.000579           0.384          0.0261          0.0296          0.0583          0.0762
[2025-12-08 16:30:12,379][curator.model.base][INFO] -       3         10           0.224        0.000342           0.224          0.0173          0.0228          0.0439          0.0582
[2025-12-08 16:30:13,380][curator.model.base][INFO] -       3         20           0.407        0.000576           0.406          0.0242          0.0295          0.0574          0.0784
[2025-12-08 16:30:14,051][curator.model.base][INFO] - 

[2025-12-08 16:30:14,052][curator.model.base][DEBUG] - Epoch summary:
[2025-12-08 16:30:14,052][curator.model.base][INFO] - Validation  # epoch      total_loss     energy_loss     forces_loss      energy_mae     energy_rmse      forces_mae     forces_rmse
[2025-12-08 16:30:14,052][curator.model.base][INFO] -                   3           0.312         0.00053           0.315          0.0218          0.0272          0.0509          0.0683
[2025-12-08 16:30:14,057][curator.model.base][INFO] - Train       # epoch      total_loss     energy_loss     forces_loss      energy_mae     energy_rmse      forces_mae     forces_rmse
[2025-12-08 16:30:14,057][curator.model.base][INFO] -                   3           0.809           0.126           0.683           0.353           0.359          0.0734          0.0993
[2025-12-08 16:30:14,131][curator.model.base][INFO] - 

[2025-12-08 16:30:14,131][curator.model.base][DEBUG] - Training
[2025-12-08 16:30:14,131][curator.model.base][INFO] - # epoch      batch      total_loss     energy_loss     forces_loss      energy_mae     energy_rmse      forces_mae     forces_rmse
[2025-12-08 16:30:14,300][curator.model.base][INFO] -       4          0           0.716           0.192           0.525           0.538           0.539          0.0663          0.0891
[2025-12-08 16:30:16,265][curator.model.base][INFO] -       4         10           0.838            0.24           0.599           0.601           0.602          0.0696          0.0952
[2025-12-08 16:30:18,064][curator.model.base][INFO] -       4         20           0.521           0.137           0.384           0.454           0.455          0.0564          0.0763
[2025-12-08 16:30:20,072][curator.model.base][INFO] -       4         30            1.32           0.151            1.17           0.467           0.477          0.0947           0.133
[2025-12-08 16:30:21,967][curator.model.base][INFO] -       4         40           0.753          0.0579           0.695           0.291           0.296          0.0712           0.103
[2025-12-08 16:30:23,837][curator.model.base][INFO] -       4         50            1.16           0.224           0.938           0.577           0.582          0.0838           0.119
[2025-12-08 16:30:25,747][curator.model.base][INFO] -       4         60           0.776           0.194           0.582           0.539           0.542          0.0698          0.0939
[2025-12-08 16:30:27,619][curator.model.base][INFO] -       4         70            0.47           0.154           0.316           0.481           0.482          0.0516          0.0692
[2025-12-08 16:30:29,625][curator.model.base][INFO] -       4         80           0.596            0.13           0.466            0.44           0.444          0.0634           0.084
[2025-12-08 16:30:31,650][curator.model.base][INFO] -       4         90           0.453          0.0841           0.369           0.356           0.357          0.0571          0.0747
[2025-12-08 16:30:33,595][curator.model.base][INFO] -       4        100           0.466           0.161           0.305           0.493           0.494          0.0525          0.0679
[2025-12-08 16:30:35,419][curator.model.base][INFO] -       4        110           0.427           0.173           0.254           0.511           0.512          0.0471           0.062
[2025-12-08 16:30:37,314][curator.model.base][INFO] -       4        120           0.542           0.228           0.314           0.587           0.588          0.0533          0.0689
[2025-12-08 16:30:38,482][curator.model.base][INFO] - 

[2025-12-08 16:30:38,482][curator.model.base][DEBUG] - Validating
[2025-12-08 16:30:38,482][curator.model.base][INFO] - # epoch      batch      total_loss     energy_loss     forces_loss      energy_mae     energy_rmse      forces_mae     forces_rmse
[2025-12-08 16:30:38,570][curator.model.base][INFO] -       4          0           0.284          0.0012           0.283          0.0326          0.0427          0.0507          0.0654
[2025-12-08 16:30:39,582][curator.model.base][INFO] -       4         10           0.175        0.000281           0.174          0.0181          0.0206          0.0386          0.0514
[2025-12-08 16:30:40,645][curator.model.base][INFO] -       4         20           0.315        0.000618           0.314          0.0221          0.0306          0.0512           0.069
[2025-12-08 16:30:41,358][curator.model.base][INFO] - 

[2025-12-08 16:30:41,359][curator.model.base][DEBUG] - Epoch summary:
[2025-12-08 16:30:41,359][curator.model.base][INFO] - Validation  # epoch      total_loss     energy_loss     forces_loss      energy_mae     energy_rmse      forces_mae     forces_rmse
[2025-12-08 16:30:41,359][curator.model.base][INFO] -                   4           0.241        0.000612           0.242          0.0244          0.0295          0.0451            0.06
[2025-12-08 16:30:41,364][curator.model.base][INFO] - Train       # epoch      total_loss     energy_loss     forces_loss      energy_mae     energy_rmse      forces_mae     forces_rmse
[2025-12-08 16:30:41,365][curator.model.base][INFO] -                   4           0.567           0.123           0.444           0.387           0.389          0.0597          0.0806
[2025-12-08 16:30:41,445][curator.model.base][INFO] - 

[2025-12-08 16:30:41,445][curator.model.base][DEBUG] - Training
[2025-12-08 16:30:41,445][curator.model.base][INFO] - # epoch      batch      total_loss     energy_loss     forces_loss      energy_mae     energy_rmse      forces_mae     forces_rmse
[2025-12-08 16:30:41,601][curator.model.base][INFO] -       5          0             0.5           0.192           0.308           0.539            0.54          0.0526          0.0683
[2025-12-08 16:30:43,667][curator.model.base][INFO] -       5         10           0.449          0.0835           0.366           0.354           0.356          0.0544          0.0744
[2025-12-08 16:30:45,756][curator.model.base][INFO] -       5         20           0.688         0.00141           0.686          0.0379          0.0463           0.076           0.102
[2025-12-08 16:30:47,744][curator.model.base][INFO] -       5         30           0.309            0.02           0.289           0.172           0.174          0.0512          0.0662
[2025-12-08 16:30:49,852][curator.model.base][INFO] -       5         40           0.759            0.35           0.409           0.728           0.728          0.0585          0.0787
[2025-12-08 16:30:51,840][curator.model.base][INFO] -       5         50           0.376          0.0387           0.337           0.241           0.242          0.0509          0.0715
[2025-12-08 16:30:53,858][curator.model.base][INFO] -       5         60           0.264         0.00157           0.263          0.0446          0.0488          0.0485          0.0631
[2025-12-08 16:30:56,055][curator.model.base][INFO] -       5         70            0.47         0.00131           0.469           0.035          0.0446          0.0635          0.0843
[2025-12-08 16:30:58,267][curator.model.base][INFO] -       5         80           0.442         0.00101           0.441          0.0321           0.039           0.058          0.0817
[2025-12-08 16:31:00,643][curator.model.base][INFO] -       5         90           0.435          0.0128           0.423           0.132           0.139          0.0586            0.08
[2025-12-08 16:31:02,972][curator.model.base][INFO] -       5        100           0.398         0.00256           0.395          0.0544          0.0622          0.0568          0.0774
[2025-12-08 16:31:05,135][curator.model.base][INFO] -       5        110           0.375           0.138           0.237           0.457           0.457          0.0452          0.0599
[2025-12-08 16:31:07,359][curator.model.base][INFO] -       5        120           0.378           0.112           0.265           0.412           0.412           0.049          0.0634
[2025-12-08 16:31:08,697][curator.model.base][INFO] - 

[2025-12-08 16:31:08,697][curator.model.base][DEBUG] - Validating
[2025-12-08 16:31:08,697][curator.model.base][INFO] - # epoch      batch      total_loss     energy_loss     forces_loss      energy_mae     energy_rmse      forces_mae     forces_rmse
[2025-12-08 16:31:08,810][curator.model.base][INFO] -       5          0           0.233        0.000973           0.232          0.0283          0.0384          0.0454          0.0593
[2025-12-08 16:31:09,870][curator.model.base][INFO] -       5         10           0.138        0.000165           0.138          0.0151          0.0158          0.0345          0.0457
[2025-12-08 16:31:10,916][curator.model.base][INFO] -       5         20            0.25        0.000329            0.25          0.0144          0.0223          0.0457          0.0615
[2025-12-08 16:31:11,703][curator.model.base][INFO] - 

[2025-12-08 16:31:11,703][curator.model.base][DEBUG] - Epoch summary:
[2025-12-08 16:31:11,703][curator.model.base][INFO] - Validation  # epoch      total_loss     energy_loss     forces_loss      energy_mae     energy_rmse      forces_mae     forces_rmse
[2025-12-08 16:31:11,703][curator.model.base][INFO] -                   5           0.194        0.000371           0.195          0.0188          0.0229          0.0407          0.0539
[2025-12-08 16:31:11,709][curator.model.base][INFO] - Train       # epoch      total_loss     energy_loss     forces_loss      energy_mae     energy_rmse      forces_mae     forces_rmse
[2025-12-08 16:31:11,709][curator.model.base][INFO] -                   5            0.43          0.0559           0.375           0.235           0.239          0.0558          0.0745
[2025-12-08 16:31:11,782][curator.model.base][INFO] - 

[2025-12-08 16:31:11,782][curator.model.base][DEBUG] - Training
[2025-12-08 16:31:11,782][curator.model.base][INFO] - # epoch      batch      total_loss     energy_loss     forces_loss      energy_mae     energy_rmse      forces_mae     forces_rmse
[2025-12-08 16:31:11,950][curator.model.base][INFO] -       6          0           0.218          0.0608           0.157           0.303           0.303          0.0374          0.0487
[2025-12-08 16:31:14,239][curator.model.base][INFO] -       6         10           0.243          0.0272           0.216           0.202           0.203           0.044          0.0572
[2025-12-08 16:31:16,450][curator.model.base][INFO] -       6         20           0.252          0.0434           0.208           0.254           0.256          0.0434          0.0562
[2025-12-08 16:31:18,518][curator.model.base][INFO] -       6         30           0.197          0.0481           0.148            0.27            0.27          0.0363          0.0474
[2025-12-08 16:31:20,603][curator.model.base][INFO] -       6         40            0.27          0.0677           0.203            0.32            0.32          0.0427          0.0554
[2025-12-08 16:31:22,639][curator.model.base][INFO] -       6         50            0.26           0.118           0.142           0.422           0.423          0.0356          0.0464
[2025-12-08 16:31:24,590][curator.model.base][INFO] -       6         60            0.26           0.095           0.165           0.379           0.379          0.0378            0.05
[2025-12-08 16:31:26,538][curator.model.base][INFO] -       6         70            0.29          0.0985           0.192           0.386           0.386          0.0408          0.0539
[2025-12-08 16:31:28,789][curator.model.base][INFO] -       6         80           0.207          0.0491           0.158           0.272           0.273          0.0373           0.049
[2025-12-08 16:31:30,957][curator.model.base][INFO] -       6         90           0.277          0.0669            0.21           0.318           0.318          0.0425          0.0564
[2025-12-08 16:31:33,077][curator.model.base][INFO] -       6        100           0.219          0.0737           0.145           0.334           0.334          0.0357          0.0469
[2025-12-08 16:31:35,304][curator.model.base][INFO] -       6        110           0.274          0.0988           0.175           0.386           0.387           0.039          0.0514
[2025-12-08 16:31:37,559][curator.model.base][INFO] -       6        120           0.235          0.0687           0.167           0.322           0.323          0.0387          0.0502
[2025-12-08 16:31:38,914][curator.model.base][INFO] - 

[2025-12-08 16:31:38,914][curator.model.base][DEBUG] - Validating
[2025-12-08 16:31:38,914][curator.model.base][INFO] - # epoch      batch      total_loss     energy_loss     forces_loss      energy_mae     energy_rmse      forces_mae     forces_rmse
[2025-12-08 16:31:39,017][curator.model.base][INFO] -       6          0           0.191        0.000557            0.19          0.0244          0.0291           0.041          0.0537
[2025-12-08 16:31:40,125][curator.model.base][INFO] -       6         10           0.115        0.000159           0.114          0.0115          0.0155          0.0317          0.0416
[2025-12-08 16:31:41,134][curator.model.base][INFO] -       6         20           0.202        0.000239           0.202          0.0162           0.019          0.0413          0.0553
[2025-12-08 16:31:41,903][curator.model.base][INFO] - 

[2025-12-08 16:31:41,903][curator.model.base][DEBUG] - Epoch summary:
[2025-12-08 16:31:41,903][curator.model.base][INFO] - Validation  # epoch      total_loss     energy_loss     forces_loss      energy_mae     energy_rmse      forces_mae     forces_rmse
[2025-12-08 16:31:41,904][curator.model.base][INFO] -                   6            0.16        0.000248           0.161          0.0149          0.0185          0.0372           0.049
[2025-12-08 16:31:41,913][curator.model.base][INFO] - Train       # epoch      total_loss     energy_loss     forces_loss      energy_mae     energy_rmse      forces_mae     forces_rmse
[2025-12-08 16:31:41,913][curator.model.base][INFO] -                   6           0.275          0.0884           0.187           0.361           0.361          0.0401          0.0528
[2025-12-08 16:31:41,994][curator.model.base][INFO] - 

[2025-12-08 16:31:41,994][curator.model.base][DEBUG] - Training
[2025-12-08 16:31:41,994][curator.model.base][INFO] - # epoch      batch      total_loss     energy_loss     forces_loss      energy_mae     energy_rmse      forces_mae     forces_rmse
[2025-12-08 16:31:42,157][curator.model.base][INFO] -       7          0           0.296            0.13           0.166           0.443           0.444           0.038          0.0501
[2025-12-08 16:31:44,260][curator.model.base][INFO] -       7         10           0.249          0.0638           0.185            0.31           0.311            0.04          0.0529
[2025-12-08 16:31:46,332][curator.model.base][INFO] -       7         20           0.155          0.0407           0.114           0.248           0.248          0.0323          0.0416
[2025-12-08 16:31:48,273][curator.model.base][INFO] -       7         30           0.163         0.00207           0.161          0.0547           0.056          0.0379          0.0493
[2025-12-08 16:31:50,223][curator.model.base][INFO] -       7         40           0.373           0.171           0.203           0.508           0.508          0.0426          0.0554
[2025-12-08 16:31:52,152][curator.model.base][INFO] -       7         50           0.795          0.0827           0.713           0.352           0.354          0.0729           0.104
[2025-12-08 16:31:53,931][curator.model.base][INFO] -       7         60           0.433          0.0239            0.41           0.187            0.19          0.0596          0.0788
[2025-12-08 16:31:55,875][curator.model.base][INFO] -       7         70           0.305          0.0105           0.294           0.122           0.126          0.0515          0.0667
[2025-12-08 16:31:58,003][curator.model.base][INFO] -       7         80           0.191          0.0453           0.145           0.261           0.262          0.0359          0.0469
[2025-12-08 16:31:59,809][curator.model.base][INFO] -       7         90           0.237          0.0261           0.211           0.198           0.199          0.0437          0.0566
[2025-12-08 16:32:01,669][curator.model.base][INFO] -       7        100           0.216          0.0403           0.175           0.246           0.247          0.0399          0.0515
[2025-12-08 16:32:03,638][curator.model.base][INFO] -       7        110           0.218          0.0482            0.17           0.269            0.27          0.0387          0.0507
[2025-12-08 16:32:05,601][curator.model.base][INFO] -       7        120           0.202           0.054           0.148           0.286           0.286          0.0361          0.0473
[2025-12-08 16:32:06,678][curator.model.base][INFO] - 

[2025-12-08 16:32:06,679][curator.model.base][DEBUG] - Validating
[2025-12-08 16:32:06,679][curator.model.base][INFO] - # epoch      batch      total_loss     energy_loss     forces_loss      energy_mae     energy_rmse      forces_mae     forces_rmse
[2025-12-08 16:32:06,778][curator.model.base][INFO] -       7          0           0.167        0.000594           0.166          0.0243            0.03          0.0379          0.0501
[2025-12-08 16:32:07,795][curator.model.base][INFO] -       7         10           0.101        0.000112           0.101         0.00986           0.013          0.0298          0.0392
[2025-12-08 16:32:08,805][curator.model.base][INFO] -       7         20           0.176        0.000199           0.176          0.0148          0.0174          0.0384          0.0516
[2025-12-08 16:32:09,594][curator.model.base][INFO] - 

[2025-12-08 16:32:09,594][curator.model.base][DEBUG] - Epoch summary:
[2025-12-08 16:32:09,594][curator.model.base][INFO] - Validation  # epoch      total_loss     energy_loss     forces_loss      energy_mae     energy_rmse      forces_mae     forces_rmse
[2025-12-08 16:32:09,594][curator.model.base][INFO] -                   7           0.141        0.000221           0.142          0.0141          0.0174           0.035           0.046
[2025-12-08 16:32:09,599][curator.model.base][INFO] - Train       # epoch      total_loss     energy_loss     forces_loss      energy_mae     energy_rmse      forces_mae     forces_rmse
[2025-12-08 16:32:09,599][curator.model.base][INFO] -                   7           0.348          0.0807           0.267           0.306           0.308          0.0462          0.0613
[2025-12-08 16:32:09,670][curator.model.base][INFO] - 

[2025-12-08 16:32:09,670][curator.model.base][DEBUG] - Training
[2025-12-08 16:32:09,670][curator.model.base][INFO] - # epoch      batch      total_loss     energy_loss     forces_loss      energy_mae     energy_rmse      forces_mae     forces_rmse
[2025-12-08 16:32:09,818][curator.model.base][INFO] -       8          0           0.276           0.127           0.149           0.438           0.439          0.0364          0.0475
[2025-12-08 16:32:11,989][curator.model.base][INFO] -       8         10           0.262           0.109           0.153           0.405           0.406           0.037          0.0482
[2025-12-08 16:32:14,028][curator.model.base][INFO] -       8         20           0.197          0.0646           0.133           0.312           0.313          0.0341          0.0448
[2025-12-08 16:32:16,092][curator.model.base][INFO] -       8         30           0.246          0.0916           0.155           0.372           0.373          0.0366          0.0484
[2025-12-08 16:32:18,309][curator.model.base][INFO] -       8         40            0.24          0.0931           0.147           0.375           0.375          0.0364          0.0472
[2025-12-08 16:32:20,269][curator.model.base][INFO] -       8         50           0.243           0.108           0.135           0.404           0.405          0.0347          0.0452
[2025-12-08 16:32:22,209][curator.model.base][INFO] -       8         60           0.191          0.0741           0.117           0.335           0.335          0.0327           0.042
[2025-12-08 16:32:24,162][curator.model.base][INFO] -       8         70           0.222          0.0913           0.131           0.371           0.372           0.034          0.0445
[2025-12-08 16:32:26,173][curator.model.base][INFO] -       8         80           0.233          0.0625           0.171           0.307           0.308          0.0373          0.0509
[2025-12-08 16:32:28,104][curator.model.base][INFO] -       8         90             0.3         0.00281           0.297          0.0545          0.0652          0.0507          0.0671
[2025-12-08 16:32:30,001][curator.model.base][INFO] -       8        100           0.372         0.00281           0.369          0.0589          0.0652           0.058          0.0748
[2025-12-08 16:32:31,907][curator.model.base][INFO] -       8        110           0.373         0.00452           0.369          0.0754          0.0827          0.0565          0.0747
[2025-12-08 16:32:33,824][curator.model.base][INFO] -       8        120           0.218          0.0179             0.2           0.164           0.165          0.0409          0.0551
[2025-12-08 16:32:35,050][curator.model.base][INFO] - 

[2025-12-08 16:32:35,051][curator.model.base][DEBUG] - Validating
[2025-12-08 16:32:35,051][curator.model.base][INFO] - # epoch      batch      total_loss     energy_loss     forces_loss      energy_mae     energy_rmse      forces_mae     forces_rmse
[2025-12-08 16:32:35,138][curator.model.base][INFO] -       8          0           0.144        0.000662           0.143          0.0227          0.0317          0.0351          0.0465
[2025-12-08 16:32:36,083][curator.model.base][INFO] -       8         10          0.0889        5.83e-05          0.0888         0.00821         0.00939          0.0281          0.0367
[2025-12-08 16:32:37,130][curator.model.base][INFO] -       8         20           0.153        0.000126           0.153         0.00964          0.0138          0.0357          0.0481
[2025-12-08 16:32:38,024][curator.model.base][INFO] - 

[2025-12-08 16:32:38,025][curator.model.base][DEBUG] - Epoch summary:
[2025-12-08 16:32:38,025][curator.model.base][INFO] - Validation  # epoch      total_loss     energy_loss     forces_loss      energy_mae     energy_rmse      forces_mae     forces_rmse
[2025-12-08 16:32:38,025][curator.model.base][INFO] -                   8           0.123        0.000204           0.124          0.0133          0.0166          0.0327           0.043
[2025-12-08 16:32:38,030][curator.model.base][INFO] - Train       # epoch      total_loss     energy_loss     forces_loss      energy_mae     energy_rmse      forces_mae     forces_rmse
[2025-12-08 16:32:38,030][curator.model.base][INFO] -                   8           0.237          0.0485           0.188            0.25           0.252          0.0398          0.0525
[2025-12-08 16:32:38,125][curator.model.base][INFO] - 

[2025-12-08 16:32:38,125][curator.model.base][DEBUG] - Training
[2025-12-08 16:32:38,125][curator.model.base][INFO] - # epoch      batch      total_loss     energy_loss     forces_loss      energy_mae     energy_rmse      forces_mae     forces_rmse
[2025-12-08 16:32:38,290][curator.model.base][INFO] -       9          0           0.225          0.0584           0.167           0.296           0.297          0.0385          0.0503
[2025-12-08 16:32:40,220][curator.model.base][INFO] -       9         10           0.222          0.0902           0.132           0.369            0.37          0.0339          0.0446
[2025-12-08 16:32:42,074][curator.model.base][INFO] -       9         20           0.201          0.0176           0.183            0.16           0.163          0.0408          0.0527
[2025-12-08 16:32:43,891][curator.model.base][INFO] -       9         30           0.256          0.0124           0.243           0.135           0.137          0.0461          0.0607
[2025-12-08 16:32:45,768][curator.model.base][INFO] -       9         40           0.188         0.00366           0.184          0.0723          0.0745          0.0396          0.0529
[2025-12-08 16:32:47,587][curator.model.base][INFO] -       9         50           0.248          0.0299           0.218           0.211           0.213          0.0451          0.0575
[2025-12-08 16:32:49,349][curator.model.base][INFO] -       9         60           0.351          0.0214            0.33           0.177            0.18          0.0501          0.0707
[2025-12-08 16:32:51,228][curator.model.base][INFO] -       9         70            0.13          0.0155           0.115           0.153           0.153          0.0324          0.0417
[2025-12-08 16:32:53,168][curator.model.base][INFO] -       9         80           0.154          0.0102           0.144           0.122           0.124          0.0357          0.0466
[2025-12-08 16:32:55,085][curator.model.base][INFO] -       9         90            0.17        0.000965           0.169          0.0336          0.0382           0.038          0.0506
[2025-12-08 16:32:57,004][curator.model.base][INFO] -       9        100           0.347         0.00814           0.339           0.104           0.111          0.0525          0.0716
[2025-12-08 16:32:58,959][curator.model.base][INFO] -       9        110           0.224         0.00107           0.223          0.0315          0.0402          0.0449          0.0582
[2025-12-08 16:33:00,751][curator.model.base][INFO] -       9        120           0.239          0.0028           0.236          0.0612          0.0652           0.047          0.0598
[2025-12-08 16:33:01,830][curator.model.base][INFO] - 

[2025-12-08 16:33:01,830][curator.model.base][DEBUG] - Validating
[2025-12-08 16:33:01,830][curator.model.base][INFO] - # epoch      batch      total_loss     energy_loss     forces_loss      energy_mae     energy_rmse      forces_mae     forces_rmse
[2025-12-08 16:33:01,913][curator.model.base][INFO] -       9          0           0.127        0.000575           0.127          0.0213          0.0295          0.0329          0.0438
[2025-12-08 16:33:02,853][curator.model.base][INFO] -       9         10          0.0805        4.75e-05          0.0804          0.0073         0.00848          0.0268          0.0349
[2025-12-08 16:33:03,921][curator.model.base][INFO] -       9         20           0.139        0.000104           0.138         0.00914          0.0125           0.034          0.0458
[2025-12-08 16:33:04,776][curator.model.base][INFO] - 

[2025-12-08 16:33:04,777][curator.model.base][DEBUG] - Epoch summary:
[2025-12-08 16:33:04,777][curator.model.base][INFO] - Validation  # epoch      total_loss     energy_loss     forces_loss      energy_mae     energy_rmse      forces_mae     forces_rmse
[2025-12-08 16:33:04,777][curator.model.base][INFO] -                   9            0.11        0.000177           0.111          0.0123          0.0154          0.0309          0.0406
[2025-12-08 16:33:04,782][curator.model.base][INFO] - Train       # epoch      total_loss     energy_loss     forces_loss      energy_mae     energy_rmse      forces_mae     forces_rmse
[2025-12-08 16:33:04,783][curator.model.base][INFO] -                   9           0.232          0.0191           0.213           0.138           0.141          0.0425          0.0563
[2025-12-08 16:33:04,856][curator.model.base][INFO] - 

[2025-12-08 16:33:04,856][curator.model.base][DEBUG] - Training
[2025-12-08 16:33:04,856][curator.model.base][INFO] - # epoch      batch      total_loss     energy_loss     forces_loss      energy_mae     energy_rmse      forces_mae     forces_rmse
[2025-12-08 16:33:05,066][curator.model.base][INFO] -      10          0           0.234         0.00601           0.228          0.0922          0.0954          0.0442          0.0588
[2025-12-08 16:33:07,193][curator.model.base][INFO] -      10         10           0.183        0.000541           0.182          0.0247          0.0286          0.0409          0.0525
[2025-12-08 16:33:09,421][curator.model.base][INFO] -      10         20           0.167         0.00187           0.166          0.0506          0.0533          0.0364          0.0501
[2025-12-08 16:33:11,543][curator.model.base][INFO] -      10         30            0.26         0.00109           0.259          0.0367          0.0407           0.047          0.0626
[2025-12-08 16:33:13,740][curator.model.base][INFO] -      10         40           0.189         0.00527           0.183          0.0872          0.0893          0.0388          0.0527
[2025-12-08 16:33:16,125][curator.model.base][INFO] -      10         50           0.223          0.0179           0.205           0.164           0.165          0.0419          0.0558
[2025-12-08 16:33:18,342][curator.model.base][INFO] -      10         60           0.247            0.03           0.217           0.212           0.213          0.0441          0.0573
[2025-12-08 16:33:20,621][curator.model.base][INFO] -      10         70           0.266          0.0255           0.241           0.196           0.197          0.0452          0.0604
[2025-12-08 16:33:22,768][curator.model.base][INFO] -      10         80           0.182          0.0192           0.163           0.169            0.17           0.038          0.0496
[2025-12-08 16:33:24,860][curator.model.base][INFO] -      10         90           0.243          0.0306           0.212           0.213           0.215          0.0434          0.0567
[2025-12-08 16:33:27,046][curator.model.base][INFO] -      10        100            0.18          0.0252           0.155           0.195           0.195          0.0372          0.0484
[2025-12-08 16:33:29,101][curator.model.base][INFO] -      10        110            0.21          0.0917           0.119           0.373           0.373          0.0328          0.0424
[2025-12-08 16:33:31,515][curator.model.base][INFO] -      10        120             0.2          0.0663           0.134           0.316           0.317          0.0335           0.045
[2025-12-08 16:33:32,811][curator.model.base][INFO] - 

[2025-12-08 16:33:32,811][curator.model.base][DEBUG] - Validating
[2025-12-08 16:33:32,811][curator.model.base][INFO] - # epoch      batch      total_loss     energy_loss     forces_loss      energy_mae     energy_rmse      forces_mae     forces_rmse
[2025-12-08 16:33:32,925][curator.model.base][INFO] -      10          0           0.111        0.000559            0.11          0.0206          0.0291          0.0308          0.0408
[2025-12-08 16:33:33,849][curator.model.base][INFO] -      10         10          0.0725        5.16e-05          0.0725         0.00717         0.00884          0.0256          0.0331
[2025-12-08 16:33:34,808][curator.model.base][INFO] -      10         20           0.124        8.98e-05           0.124         0.00879          0.0117          0.0321          0.0433
[2025-12-08 16:33:35,551][curator.model.base][INFO] - 

[2025-12-08 16:33:35,551][curator.model.base][DEBUG] - Epoch summary:
[2025-12-08 16:33:35,551][curator.model.base][INFO] - Validation  # epoch      total_loss     energy_loss     forces_loss      energy_mae     energy_rmse      forces_mae     forces_rmse
[2025-12-08 16:33:35,551][curator.model.base][INFO] -                  10           0.098        0.000163          0.0986          0.0118          0.0148          0.0292          0.0384
[2025-12-08 16:33:35,561][curator.model.base][INFO] - Train       # epoch      total_loss     energy_loss     forces_loss      energy_mae     energy_rmse      forces_mae     forces_rmse
[2025-12-08 16:33:35,561][curator.model.base][INFO] -                  10           0.211          0.0213            0.19           0.146           0.149          0.0401           0.053
[2025-12-08 16:33:35,638][curator.model.base][INFO] - 

[2025-12-08 16:33:35,638][curator.model.base][DEBUG] - Training
[2025-12-08 16:33:35,639][curator.model.base][INFO] - # epoch      batch      total_loss     energy_loss     forces_loss      energy_mae     energy_rmse      forces_mae     forces_rmse
[2025-12-08 16:33:35,795][curator.model.base][INFO] -      11          0           0.143          0.0236           0.119           0.188           0.189          0.0321          0.0425
[2025-12-08 16:33:37,840][curator.model.base][INFO] -      11         10           0.209          0.0528           0.156           0.282           0.283           0.036          0.0486
[2025-12-08 16:33:39,671][curator.model.base][INFO] -      11         20           0.167           0.058           0.109           0.295           0.296          0.0312          0.0407
[2025-12-08 16:33:41,845][curator.model.base][INFO] -      11         30           0.167         0.00142           0.166          0.0414          0.0464          0.0379          0.0501
[2025-12-08 16:33:44,022][curator.model.base][INFO] -      11         40           0.233        0.000991           0.232          0.0352          0.0387          0.0432          0.0593
[2025-12-08 16:33:45,892][curator.model.base][INFO] -      11         50           0.169         0.00441           0.165          0.0781          0.0817          0.0369          0.0499
[2025-12-08 16:33:48,199][curator.model.base][INFO] -      11         60           0.144        0.000695           0.144           0.024          0.0324          0.0362          0.0467
[2025-12-08 16:33:50,520][curator.model.base][INFO] -      11         70           0.142          0.0332           0.108           0.223           0.224          0.0299          0.0405
[2025-12-08 16:33:52,566][curator.model.base][INFO] -      11         80           0.151          0.0152           0.136           0.151           0.152          0.0351          0.0453
[2025-12-08 16:33:54,551][curator.model.base][INFO] -      11         90           0.184          0.0211           0.163           0.176           0.179          0.0381          0.0496
[2025-12-08 16:33:56,571][curator.model.base][INFO] -      11        100           0.178          0.0405           0.137           0.247           0.248          0.0339          0.0456
[2025-12-08 16:33:58,513][curator.model.base][INFO] -      11        110          0.0983         0.00257          0.0957          0.0604          0.0624          0.0293          0.0381
[2025-12-08 16:34:00,782][curator.model.base][INFO] -      11        120           0.155         0.00184           0.153          0.0471          0.0527          0.0359          0.0482
[2025-12-08 16:34:03,101][curator.model.base][INFO] - 

[2025-12-08 16:34:03,110][curator.model.base][DEBUG] - Validating
[2025-12-08 16:34:03,110][curator.model.base][INFO] - # epoch      batch      total_loss     energy_loss     forces_loss      energy_mae     energy_rmse      forces_mae     forces_rmse
[2025-12-08 16:34:03,396][curator.model.base][INFO] -      11          0          0.0978        0.000476          0.0973          0.0189          0.0268           0.029          0.0384
[2025-12-08 16:34:05,504][curator.model.base][INFO] -      11         10          0.0667        5.64e-05          0.0666         0.00678         0.00924          0.0245          0.0318
[2025-12-08 16:34:06,631][curator.model.base][INFO] -      11         20           0.111        6.52e-05           0.111         0.00827         0.00993          0.0306          0.0411
[2025-12-08 16:34:07,679][curator.model.base][INFO] - 

[2025-12-08 16:34:07,680][curator.model.base][DEBUG] - Epoch summary:
[2025-12-08 16:34:07,680][curator.model.base][INFO] - Validation  # epoch      total_loss     energy_loss     forces_loss      energy_mae     energy_rmse      forces_mae     forces_rmse
[2025-12-08 16:34:07,680][curator.model.base][INFO] -                  11          0.0884        0.000136          0.0889          0.0107          0.0135          0.0278          0.0365
[2025-12-08 16:34:07,688][curator.model.base][INFO] - Train       # epoch      total_loss     energy_loss     forces_loss      energy_mae     energy_rmse      forces_mae     forces_rmse
[2025-12-08 16:34:07,689][curator.model.base][INFO] -                  11           0.183          0.0235            0.16           0.153           0.156          0.0365          0.0487
[2025-12-08 16:34:07,798][curator.model.base][INFO] - 

[2025-12-08 16:34:07,798][curator.model.base][DEBUG] - Training
[2025-12-08 16:34:07,798][curator.model.base][INFO] - # epoch      batch      total_loss     energy_loss     forces_loss      energy_mae     energy_rmse      forces_mae     forces_rmse
[2025-12-08 16:34:08,136][curator.model.base][INFO] -      12          0            0.14         0.00973            0.13            0.12           0.121          0.0326          0.0444
[2025-12-08 16:34:10,837][curator.model.base][INFO] -      12         10           0.157          0.0285           0.129           0.206           0.208          0.0326          0.0442
[2025-12-08 16:34:13,331][curator.model.base][INFO] -      12         20           0.134          0.0548          0.0789           0.288           0.288          0.0264          0.0346
[2025-12-08 16:34:15,669][curator.model.base][INFO] -      12         30            0.18          0.0733           0.107           0.333           0.333            0.03          0.0403
[2025-12-08 16:34:17,976][curator.model.base][INFO] -      12         40           0.176          0.0393           0.137           0.243           0.244          0.0332          0.0456
[2025-12-08 16:34:20,225][curator.model.base][INFO] -      12         50           0.124           0.036          0.0885           0.233           0.233          0.0277          0.0366
[2025-12-08 16:34:22,501][curator.model.base][INFO] -      12         60           0.126          0.0458          0.0802           0.263           0.263          0.0269          0.0349
[2025-12-08 16:34:24,780][curator.model.base][INFO] -      12         70            0.13          0.0262           0.104           0.199           0.199          0.0302          0.0396
[2025-12-08 16:34:26,861][curator.model.base][INFO] -      12         80           0.136           0.056          0.0797           0.291           0.291          0.0265          0.0348
[2025-12-08 16:34:28,879][curator.model.base][INFO] -      12         90            0.13          0.0472          0.0832           0.267           0.267          0.0271          0.0355
[2025-12-08 16:34:30,802][curator.model.base][INFO] -      12        100           0.129            0.02           0.109           0.173           0.174          0.0307          0.0405
[2025-12-08 16:34:32,711][curator.model.base][INFO] -      12        110           0.138          0.0231           0.115           0.187           0.187          0.0318          0.0417
[2025-12-08 16:34:34,602][curator.model.base][INFO] -      12        120           0.144          0.0212           0.123           0.177           0.179          0.0324          0.0431
[2025-12-08 16:34:35,850][curator.model.base][INFO] - 

[2025-12-08 16:34:35,851][curator.model.base][DEBUG] - Validating
[2025-12-08 16:34:35,851][curator.model.base][INFO] - # epoch      batch      total_loss     energy_loss     forces_loss      energy_mae     energy_rmse      forces_mae     forces_rmse
[2025-12-08 16:34:35,953][curator.model.base][INFO] -      12          0          0.0868        0.000591          0.0862          0.0228          0.0299          0.0274          0.0361
[2025-12-08 16:34:36,911][curator.model.base][INFO] -      12         10          0.0605        0.000113          0.0604          0.0128          0.0131          0.0234          0.0303
[2025-12-08 16:34:37,860][curator.model.base][INFO] -      12         20           0.102        9.22e-05           0.102         0.00874          0.0118          0.0292          0.0392
[2025-12-08 16:34:38,572][curator.model.base][INFO] - 

[2025-12-08 16:34:38,573][curator.model.base][DEBUG] - Epoch summary:
[2025-12-08 16:34:38,573][curator.model.base][INFO] - Validation  # epoch      total_loss     energy_loss     forces_loss      energy_mae     energy_rmse      forces_mae     forces_rmse
[2025-12-08 16:34:38,573][curator.model.base][INFO] -                  12          0.0798        0.000217          0.0802          0.0149          0.0176          0.0264          0.0347
[2025-12-08 16:34:38,578][curator.model.base][INFO] - Train       # epoch      total_loss     energy_loss     forces_loss      energy_mae     energy_rmse      forces_mae     forces_rmse
[2025-12-08 16:34:38,578][curator.model.base][INFO] -                  12           0.139          0.0411          0.0981           0.244           0.244          0.0291          0.0384
[2025-12-08 16:34:38,653][curator.model.base][INFO] - 

[2025-12-08 16:34:38,653][curator.model.base][DEBUG] - Training
[2025-12-08 16:34:38,653][curator.model.base][INFO] - # epoch      batch      total_loss     energy_loss     forces_loss      energy_mae     energy_rmse      forces_mae     forces_rmse
[2025-12-08 16:34:38,803][curator.model.base][INFO] -      13          0            0.11          0.0372          0.0732           0.237           0.237          0.0254          0.0333
[2025-12-08 16:34:40,863][curator.model.base][INFO] -      13         10           0.151          0.0324           0.118            0.22           0.221          0.0318          0.0423
[2025-12-08 16:34:42,764][curator.model.base][INFO] -      13         20           0.123          0.0175           0.105           0.162           0.163          0.0303            0.04
[2025-12-08 16:34:44,712][curator.model.base][INFO] -      13         30           0.165         0.00377           0.161          0.0724          0.0756          0.0364          0.0494
[2025-12-08 16:34:46,630][curator.model.base][INFO] -      13         40           0.134        0.000849           0.133          0.0329          0.0359          0.0345          0.0449
[2025-12-08 16:34:48,546][curator.model.base][INFO] -      13         50           0.147         0.00222           0.144          0.0537           0.058          0.0351          0.0468
[2025-12-08 16:34:50,761][curator.model.base][INFO] -      13         60           0.238         0.00278           0.235          0.0592          0.0649          0.0438          0.0597
[2025-12-08 16:34:52,909][curator.model.base][INFO] -      13         70           0.172          0.0141           0.157           0.143           0.146          0.0372          0.0488
[2025-12-08 16:34:55,167][curator.model.base][INFO] -      13         80           0.133         0.00381           0.129          0.0727          0.0759          0.0327          0.0442
[2025-12-08 16:34:57,407][curator.model.base][INFO] -      13         90           0.121          0.0192           0.102            0.17           0.171          0.0296          0.0392
[2025-12-08 16:34:59,587][curator.model.base][INFO] -      13        100            0.16          0.0399            0.12           0.245           0.246          0.0319          0.0427
[2025-12-08 16:35:01,695][curator.model.base][INFO] -      13        110           0.187          0.0264            0.16           0.199             0.2          0.0364          0.0493
[2025-12-08 16:35:03,817][curator.model.base][INFO] -      13        120           0.125         0.00881           0.116           0.115           0.116          0.0317           0.042
[2025-12-08 16:35:05,106][curator.model.base][INFO] - 

[2025-12-08 16:35:05,106][curator.model.base][DEBUG] - Validating
[2025-12-08 16:35:05,107][curator.model.base][INFO] - # epoch      batch      total_loss     energy_loss     forces_loss      energy_mae     energy_rmse      forces_mae     forces_rmse
[2025-12-08 16:35:05,195][curator.model.base][INFO] -      13          0          0.0773        0.000378          0.0769          0.0173          0.0239          0.0258          0.0341
[2025-12-08 16:35:06,371][curator.model.base][INFO] -      13         10          0.0572        6.86e-05          0.0572         0.00967          0.0102          0.0229          0.0294
[2025-12-08 16:35:07,336][curator.model.base][INFO] -      13         20          0.0944         6.2e-05          0.0943         0.00768         0.00969           0.028          0.0378
[2025-12-08 16:35:08,082][curator.model.base][INFO] - 

[2025-12-08 16:35:08,083][curator.model.base][DEBUG] - Epoch summary:
[2025-12-08 16:35:08,083][curator.model.base][INFO] - Validation  # epoch      total_loss     energy_loss     forces_loss      energy_mae     energy_rmse      forces_mae     forces_rmse
[2025-12-08 16:35:08,083][curator.model.base][INFO] -                  13          0.0732        0.000135          0.0737          0.0111          0.0137          0.0254          0.0332
[2025-12-08 16:35:08,088][curator.model.base][INFO] - Train       # epoch      total_loss     energy_loss     forces_loss      energy_mae     energy_rmse      forces_mae     forces_rmse
[2025-12-08 16:35:08,089][curator.model.base][INFO] -                  13           0.151          0.0175           0.134           0.137            0.14          0.0335          0.0446
[2025-12-08 16:35:08,160][curator.model.base][INFO] - 

[2025-12-08 16:35:08,160][curator.model.base][DEBUG] - Training
[2025-12-08 16:35:08,160][curator.model.base][INFO] - # epoch      batch      total_loss     energy_loss     forces_loss      energy_mae     energy_rmse      forces_mae     forces_rmse
[2025-12-08 16:35:08,314][curator.model.base][INFO] -      14          0           0.159          0.0249           0.135           0.193           0.194          0.0338          0.0451
[2025-12-08 16:35:10,692][curator.model.base][INFO] -      14         10          0.0908         0.00504          0.0857          0.0853          0.0874          0.0279           0.036
[2025-12-08 16:35:12,770][curator.model.base][INFO] -      14         20           0.227          0.0047           0.222          0.0814          0.0844          0.0446           0.058
[2025-12-08 16:35:14,826][curator.model.base][INFO] -      14         30           0.147          0.0124           0.134           0.137           0.137          0.0357          0.0451
[2025-12-08 16:35:17,013][curator.model.base][INFO] -      14         40           0.119         0.00992           0.109           0.121           0.123          0.0311          0.0406
[2025-12-08 16:35:19,131][curator.model.base][INFO] -      14         50           0.162          0.0204           0.142           0.175           0.176          0.0342          0.0463
[2025-12-08 16:35:21,247][curator.model.base][INFO] -      14         60          0.0806           0.005          0.0756          0.0857           0.087          0.0264          0.0338
[2025-12-08 16:35:23,354][curator.model.base][INFO] -      14         70           0.139         0.00979           0.129           0.121           0.122          0.0341          0.0443
[2025-12-08 16:35:25,400][curator.model.base][INFO] -      14         80           0.135         0.00133           0.134          0.0416          0.0449           0.034           0.045
[2025-12-08 16:35:27,451][curator.model.base][INFO] -      14         90           0.151        0.000779            0.15          0.0272          0.0344          0.0365          0.0477
[2025-12-08 16:35:29,498][curator.model.base][INFO] -      14        100           0.127         0.00147           0.126          0.0434          0.0471          0.0328          0.0436
[2025-12-08 16:35:31,375][curator.model.base][INFO] -      14        110           0.172           0.018           0.154           0.163           0.165          0.0362          0.0483
[2025-12-08 16:35:33,352][curator.model.base][INFO] -      14        120           0.151          0.0376           0.114           0.238           0.239          0.0322          0.0415
[2025-12-08 16:35:34,619][curator.model.base][INFO] - 

[2025-12-08 16:35:34,619][curator.model.base][DEBUG] - Validating
[2025-12-08 16:35:34,619][curator.model.base][INFO] - # epoch      batch      total_loss     energy_loss     forces_loss      energy_mae     energy_rmse      forces_mae     forces_rmse
[2025-12-08 16:35:34,710][curator.model.base][INFO] -      14          0          0.0702        0.000247            0.07          0.0139          0.0194          0.0246          0.0326
[2025-12-08 16:35:35,671][curator.model.base][INFO] -      14         10          0.0527        4.71e-05          0.0527         0.00679         0.00844          0.0218          0.0282
[2025-12-08 16:35:36,648][curator.model.base][INFO] -      14         20          0.0889        6.59e-05          0.0889         0.00897         0.00999          0.0272          0.0367
[2025-12-08 16:35:37,282][curator.model.base][INFO] - 

[2025-12-08 16:35:37,282][curator.model.base][DEBUG] - Epoch summary:
[2025-12-08 16:35:37,283][curator.model.base][INFO] - Validation  # epoch      total_loss     energy_loss     forces_loss      energy_mae     energy_rmse      forces_mae     forces_rmse
[2025-12-08 16:35:37,283][curator.model.base][INFO] -                  14          0.0675        9.42e-05           0.068           0.009          0.0113          0.0244          0.0319
[2025-12-08 16:35:37,288][curator.model.base][INFO] - Train       # epoch      total_loss     energy_loss     forces_loss      energy_mae     energy_rmse      forces_mae     forces_rmse
[2025-12-08 16:35:37,288][curator.model.base][INFO] -                  14           0.141          0.0111            0.13           0.104           0.107          0.0332           0.044
[2025-12-08 16:35:37,357][curator.model.base][INFO] - 

[2025-12-08 16:35:37,357][curator.model.base][DEBUG] - Training
[2025-12-08 16:35:37,357][curator.model.base][INFO] - # epoch      batch      total_loss     energy_loss     forces_loss      energy_mae     energy_rmse      forces_mae     forces_rmse
[2025-12-08 16:35:37,519][curator.model.base][INFO] -      15          0          0.0844          0.0207          0.0637           0.177           0.177          0.0238          0.0311
[2025-12-08 16:35:39,511][curator.model.base][INFO] -      15         10           0.264          0.0782           0.186           0.342           0.344          0.0381           0.053
[2025-12-08 16:35:41,534][curator.model.base][INFO] -      15         20            0.16          0.0182           0.142           0.165           0.166          0.0359          0.0464
[2025-12-08 16:35:43,566][curator.model.base][INFO] -      15         30           0.132          0.0241           0.108            0.19           0.191          0.0303          0.0405
[2025-12-08 16:35:45,541][curator.model.base][INFO] -      15         40           0.106          0.0196          0.0869           0.172           0.172          0.0279          0.0363
[2025-12-08 16:35:47,574][curator.model.base][INFO] -      15         50           0.097          0.0384          0.0585           0.241           0.241          0.0226          0.0298
[2025-12-08 16:35:49,562][curator.model.base][INFO] -      15         60           0.114          0.0367          0.0774           0.235           0.236           0.026          0.0342
[2025-12-08 16:35:51,505][curator.model.base][INFO] -      15         70           0.112          0.0412          0.0707           0.249            0.25          0.0252          0.0327
[2025-12-08 16:35:53,328][curator.model.base][INFO] -      15         80           0.103          0.0224          0.0802           0.184           0.184          0.0267          0.0348
[2025-12-08 16:35:55,200][curator.model.base][INFO] -      15         90           0.103          0.0226            0.08           0.184           0.185          0.0261          0.0348
[2025-12-08 16:35:57,110][curator.model.base][INFO] -      15        100          0.0965          0.0256          0.0709           0.197           0.197          0.0251          0.0328
[2025-12-08 16:35:59,126][curator.model.base][INFO] -      15        110          0.0964           0.025          0.0714           0.194           0.195           0.025          0.0329
[2025-12-08 16:36:01,151][curator.model.base][INFO] -      15        120           0.115          0.0309          0.0842           0.216           0.216          0.0266          0.0357
[2025-12-08 16:36:02,391][curator.model.base][INFO] - 

[2025-12-08 16:36:02,391][curator.model.base][DEBUG] - Validating
[2025-12-08 16:36:02,392][curator.model.base][INFO] - # epoch      batch      total_loss     energy_loss     forces_loss      energy_mae     energy_rmse      forces_mae     forces_rmse
[2025-12-08 16:36:02,478][curator.model.base][INFO] -      15          0          0.0652        0.000194           0.065          0.0128          0.0171          0.0237          0.0314
[2025-12-08 16:36:03,466][curator.model.base][INFO] -      15         10          0.0495        4.44e-05          0.0494         0.00679          0.0082          0.0212          0.0274
[2025-12-08 16:36:04,366][curator.model.base][INFO] -      15         20          0.0812         6.3e-05          0.0811         0.00881         0.00977          0.0259          0.0351
[2025-12-08 16:36:05,066][curator.model.base][INFO] - 

[2025-12-08 16:36:05,066][curator.model.base][DEBUG] - Epoch summary:
[2025-12-08 16:36:05,066][curator.model.base][INFO] - Validation  # epoch      total_loss     energy_loss     forces_loss      energy_mae     energy_rmse      forces_mae     forces_rmse
[2025-12-08 16:36:05,067][curator.model.base][INFO] -                  15          0.0624        8.15e-05          0.0629         0.00841          0.0106          0.0234          0.0307
[2025-12-08 16:36:05,071][curator.model.base][INFO] - Train       # epoch      total_loss     energy_loss     forces_loss      energy_mae     energy_rmse      forces_mae     forces_rmse
[2025-12-08 16:36:05,072][curator.model.base][INFO] -                  15           0.123          0.0326          0.0899           0.214           0.215          0.0274          0.0362
[2025-12-08 16:36:05,148][curator.model.base][INFO] - 

[2025-12-08 16:36:05,148][curator.model.base][DEBUG] - Training
[2025-12-08 16:36:05,148][curator.model.base][INFO] - # epoch      batch      total_loss     energy_loss     forces_loss      energy_mae     energy_rmse      forces_mae     forces_rmse
[2025-12-08 16:36:05,297][curator.model.base][INFO] -      16          0          0.0911          0.0164          0.0747           0.157           0.158          0.0259          0.0336
[2025-12-08 16:36:07,259][curator.model.base][INFO] -      16         10          0.0963          0.0358          0.0606           0.232           0.233          0.0231          0.0303
[2025-12-08 16:36:09,266][curator.model.base][INFO] -      16         20          0.0845           0.032          0.0525            0.22            0.22          0.0218          0.0282
[2025-12-08 16:36:11,270][curator.model.base][INFO] -      16         30           0.105          0.0146            0.09           0.148           0.149           0.028          0.0369
[2025-12-08 16:36:13,296][curator.model.base][INFO] -      16         40          0.0924          0.0261          0.0663           0.198           0.199          0.0244          0.0317
[2025-12-08 16:36:15,155][curator.model.base][INFO] -      16         50          0.0861          0.0115          0.0746           0.131           0.132          0.0258          0.0336
[2025-12-08 16:36:17,130][curator.model.base][INFO] -      16         60          0.0749         0.00123          0.0737          0.0393          0.0431          0.0259          0.0334
[2025-12-08 16:36:19,099][curator.model.base][INFO] -      16         70          0.0831         0.00437          0.0787          0.0806          0.0814          0.0263          0.0345
[2025-12-08 16:36:20,969][curator.model.base][INFO] -      16         80           0.115          0.0123           0.102           0.135           0.136          0.0297          0.0394
[2025-12-08 16:36:22,858][curator.model.base][INFO] -      16         90           0.111         0.00469           0.106          0.0807          0.0843          0.0295          0.0401
[2025-12-08 16:36:24,852][curator.model.base][INFO] -      16        100          0.0857         0.00444          0.0812          0.0806           0.082          0.0265          0.0351
[2025-12-08 16:36:26,798][curator.model.base][INFO] -      16        110            0.11          0.0169          0.0936           0.159            0.16          0.0291          0.0377
[2025-12-08 16:36:28,772][curator.model.base][INFO] -      16        120           0.143          0.0185           0.124           0.166           0.167          0.0304          0.0434
[2025-12-08 16:36:30,047][curator.model.base][INFO] - 

[2025-12-08 16:36:30,047][curator.model.base][DEBUG] - Validating
[2025-12-08 16:36:30,048][curator.model.base][INFO] - # epoch      batch      total_loss     energy_loss     forces_loss      energy_mae     energy_rmse      forces_mae     forces_rmse
[2025-12-08 16:36:30,138][curator.model.base][INFO] -      16          0            0.06        0.000187          0.0598          0.0125          0.0168          0.0228          0.0301
[2025-12-08 16:36:31,194][curator.model.base][INFO] -      16         10          0.0469        6.83e-05          0.0468         0.00991          0.0102          0.0207          0.0266
[2025-12-08 16:36:32,247][curator.model.base][INFO] -      16         20          0.0755        6.27e-05          0.0754         0.00784         0.00975          0.0249          0.0338
[2025-12-08 16:36:33,012][curator.model.base][INFO] - 

[2025-12-08 16:36:33,013][curator.model.base][DEBUG] - Epoch summary:
[2025-12-08 16:36:33,013][curator.model.base][INFO] - Validation  # epoch      total_loss     energy_loss     forces_loss      energy_mae     energy_rmse      forces_mae     forces_rmse
[2025-12-08 16:36:33,013][curator.model.base][INFO] -                  16          0.0578        9.89e-05          0.0583         0.00972          0.0119          0.0225          0.0295
[2025-12-08 16:36:33,018][curator.model.base][INFO] - Train       # epoch      total_loss     energy_loss     forces_loss      energy_mae     energy_rmse      forces_mae     forces_rmse
[2025-12-08 16:36:33,018][curator.model.base][INFO] -                  16           0.111          0.0191          0.0915           0.155           0.156          0.0277          0.0369
[2025-12-08 16:36:33,087][curator.model.base][INFO] - 

[2025-12-08 16:36:33,087][curator.model.base][DEBUG] - Training
[2025-12-08 16:36:33,087][curator.model.base][INFO] - # epoch      batch      total_loss     energy_loss     forces_loss      energy_mae     energy_rmse      forces_mae     forces_rmse
[2025-12-08 16:36:33,257][curator.model.base][INFO] -      17          0           0.105          0.0119          0.0936           0.133           0.134          0.0278          0.0376
[2025-12-08 16:36:35,396][curator.model.base][INFO] -      17         10          0.0781          0.0216          0.0565            0.18           0.181          0.0224          0.0293
[2025-12-08 16:36:37,456][curator.model.base][INFO] -      17         20           0.168          0.0275            0.14           0.203           0.204          0.0332          0.0461
[2025-12-08 16:36:39,419][curator.model.base][INFO] -      17         30           0.127          0.0221           0.105           0.182           0.183            0.03          0.0399
[2025-12-08 16:36:41,516][curator.model.base][INFO] -      17         40          0.0885        0.000774          0.0878          0.0287          0.0342          0.0267          0.0365
[2025-12-08 16:36:43,637][curator.model.base][INFO] -      17         50          0.0752         0.00162          0.0736          0.0473          0.0495           0.025          0.0334
[2025-12-08 16:36:45,752][curator.model.base][INFO] -      17         60           0.101         0.00364          0.0973          0.0725          0.0742           0.029          0.0384
[2025-12-08 16:36:47,757][curator.model.base][INFO] -      17         70          0.0651        0.000209          0.0649          0.0153          0.0178           0.024          0.0313
[2025-12-08 16:36:49,579][curator.model.base][INFO] -      17         80           0.114         0.00271           0.111          0.0628          0.0641          0.0304           0.041
[2025-12-08 16:36:51,396][curator.model.base][INFO] -      17         90          0.0818           0.005          0.0768          0.0851           0.087           0.026          0.0341
[2025-12-08 16:36:53,350][curator.model.base][INFO] -      17        100           0.119        0.000583           0.119          0.0266          0.0297          0.0303          0.0424
[2025-12-08 16:36:55,236][curator.model.base][INFO] -      17        110          0.0977         0.00102          0.0967          0.0326          0.0392          0.0283          0.0383
[2025-12-08 16:36:57,150][curator.model.base][INFO] -      17        120          0.0858          0.0118           0.074           0.133           0.134          0.0258          0.0335
[2025-12-08 16:36:58,338][curator.model.base][INFO] - 

[2025-12-08 16:36:58,338][curator.model.base][DEBUG] - Validating
[2025-12-08 16:36:58,338][curator.model.base][INFO] - # epoch      batch      total_loss     energy_loss     forces_loss      energy_mae     energy_rmse      forces_mae     forces_rmse
[2025-12-08 16:36:58,424][curator.model.base][INFO] -      17          0          0.0552        0.000107          0.0551         0.00972          0.0127           0.022          0.0289
[2025-12-08 16:36:59,315][curator.model.base][INFO] -      17         10          0.0437        5.05e-05          0.0437         0.00672         0.00875          0.0199          0.0257
[2025-12-08 16:37:00,256][curator.model.base][INFO] -      17         20          0.0717        5.94e-05          0.0717         0.00842         0.00949          0.0241          0.0329
[2025-12-08 16:37:00,963][curator.model.base][INFO] - 

[2025-12-08 16:37:00,964][curator.model.base][DEBUG] - Epoch summary:
[2025-12-08 16:37:00,964][curator.model.base][INFO] - Validation  # epoch      total_loss     energy_loss     forces_loss      energy_mae     energy_rmse      forces_mae     forces_rmse
[2025-12-08 16:37:00,964][curator.model.base][INFO] -                  17          0.0538        6.73e-05          0.0544         0.00769          0.0097          0.0217          0.0285
[2025-12-08 16:37:00,969][curator.model.base][INFO] - Train       # epoch      total_loss     energy_loss     forces_loss      energy_mae     energy_rmse      forces_mae     forces_rmse
[2025-12-08 16:37:00,969][curator.model.base][INFO] -                  17           0.105         0.00724          0.0974          0.0793           0.082          0.0284           0.038
[2025-12-08 16:37:01,042][curator.model.base][INFO] - 

[2025-12-08 16:37:01,042][curator.model.base][DEBUG] - Training
[2025-12-08 16:37:01,042][curator.model.base][INFO] - # epoch      batch      total_loss     energy_loss     forces_loss      energy_mae     energy_rmse      forces_mae     forces_rmse
[2025-12-08 16:37:01,214][curator.model.base][INFO] -      18          0           0.148           0.028            0.12           0.204           0.206          0.0323          0.0426
[2025-12-08 16:37:03,230][curator.model.base][INFO] -      18         10          0.0761          0.0161          0.0599           0.156           0.156          0.0228          0.0301
[2025-12-08 16:37:05,182][curator.model.base][INFO] -      18         20          0.0791          0.0126          0.0665           0.138           0.138          0.0235          0.0317
[2025-12-08 16:37:07,147][curator.model.base][INFO] -      18         30          0.0723          0.0248          0.0475           0.193           0.194          0.0207          0.0268
[2025-12-08 16:37:09,204][curator.model.base][INFO] -      18         40          0.0908          0.0261          0.0647           0.198           0.199          0.0236          0.0313
[2025-12-08 16:37:11,257][curator.model.base][INFO] -      18         50           0.104          0.0329          0.0715           0.223           0.223          0.0249          0.0329
[2025-12-08 16:37:13,145][curator.model.base][INFO] -      18         60           0.108          0.0429          0.0654           0.255           0.255          0.0244          0.0315
[2025-12-08 16:37:15,144][curator.model.base][INFO] -      18         70          0.0991          0.0347          0.0644           0.229           0.229          0.0239          0.0312
[2025-12-08 16:37:17,092][curator.model.base][INFO] -      18         80          0.0612        0.000319          0.0609           0.019           0.022           0.023          0.0304
[2025-12-08 16:37:18,986][curator.model.base][INFO] -      18         90          0.0741         0.00238          0.0717           0.054            0.06          0.0248           0.033
[2025-12-08 16:37:20,962][curator.model.base][INFO] -      18        100           0.125         0.00197           0.123          0.0454          0.0546          0.0331          0.0431
[2025-12-08 16:37:22,967][curator.model.base][INFO] -      18        110          0.0841         0.00734          0.0768           0.104           0.105          0.0264          0.0341
[2025-12-08 16:37:24,807][curator.model.base][INFO] -      18        120          0.0841         0.00215           0.082          0.0549          0.0571          0.0269          0.0352
[2025-12-08 16:37:25,979][curator.model.base][INFO] - 

[2025-12-08 16:37:25,980][curator.model.base][DEBUG] - Validating
[2025-12-08 16:37:25,980][curator.model.base][INFO] - # epoch      batch      total_loss     energy_loss     forces_loss      energy_mae     energy_rmse      forces_mae     forces_rmse
[2025-12-08 16:37:26,068][curator.model.base][INFO] -      18          0          0.0516        0.000102          0.0515         0.00916          0.0125          0.0213          0.0279
[2025-12-08 16:37:27,123][curator.model.base][INFO] -      18         10          0.0416        5.54e-05          0.0416         0.00766         0.00916          0.0193          0.0251
[2025-12-08 16:37:28,219][curator.model.base][INFO] -      18         20          0.0672        5.24e-05          0.0671         0.00762         0.00891          0.0232          0.0319
[2025-12-08 16:37:29,016][curator.model.base][INFO] - 

[2025-12-08 16:37:29,017][curator.model.base][DEBUG] - Epoch summary:
[2025-12-08 16:37:29,017][curator.model.base][INFO] - Validation  # epoch      total_loss     energy_loss     forces_loss      energy_mae     energy_rmse      forces_mae     forces_rmse
[2025-12-08 16:37:29,017][curator.model.base][INFO] -                  18          0.0502        6.75e-05          0.0507         0.00771         0.00973           0.021          0.0275
[2025-12-08 16:37:29,022][curator.model.base][INFO] - Train       # epoch      total_loss     energy_loss     forces_loss      energy_mae     energy_rmse      forces_mae     forces_rmse
[2025-12-08 16:37:29,023][curator.model.base][INFO] -                  18          0.0942          0.0165          0.0777           0.137           0.138          0.0256           0.034
[2025-12-08 16:37:29,107][curator.model.base][INFO] - 

[2025-12-08 16:37:29,107][curator.model.base][DEBUG] - Training
[2025-12-08 16:37:29,107][curator.model.base][INFO] - # epoch      batch      total_loss     energy_loss     forces_loss      energy_mae     energy_rmse      forces_mae     forces_rmse
[2025-12-08 16:37:29,269][curator.model.base][INFO] -      19          0          0.0642          0.0097          0.0545           0.121           0.121          0.0222          0.0287
[2025-12-08 16:37:31,351][curator.model.base][INFO] -      19         10          0.0681         0.00113           0.067          0.0405          0.0414          0.0247          0.0318
[2025-12-08 16:37:33,439][curator.model.base][INFO] -      19         20          0.0455        0.000493           0.045          0.0267          0.0273          0.0202          0.0261
[2025-12-08 16:37:35,429][curator.model.base][INFO] -      19         30          0.0534         0.00342            0.05          0.0713          0.0719          0.0213          0.0275
[2025-12-08 16:37:37,389][curator.model.base][INFO] -      19         40           0.067         0.00195          0.0651          0.0534          0.0543          0.0228          0.0314
[2025-12-08 16:37:39,463][curator.model.base][INFO] -      19         50           0.108          0.0366          0.0711           0.235           0.235           0.025          0.0328
[2025-12-08 16:37:41,382][curator.model.base][INFO] -      19         60          0.0977        0.000618          0.0971          0.0263          0.0306          0.0268          0.0383
[2025-12-08 16:37:43,338][curator.model.base][INFO] -      19         70          0.0847        0.000977          0.0837          0.0337          0.0385          0.0265          0.0356
[2025-12-08 16:37:45,214][curator.model.base][INFO] -      19         80          0.0761         0.00185          0.0742          0.0507          0.0529          0.0251          0.0335
[2025-12-08 16:37:47,145][curator.model.base][INFO] -      19         90           0.075        0.000414          0.0745          0.0228           0.025          0.0247          0.0336
[2025-12-08 16:37:49,078][curator.model.base][INFO] -      19        100          0.0847        0.000891          0.0838          0.0289          0.0367          0.0267          0.0356
[2025-12-08 16:37:51,176][curator.model.base][INFO] -      19        110          0.0568         0.00113          0.0556          0.0402          0.0414          0.0215           0.029
[2025-12-08 16:37:53,486][curator.model.base][INFO] -      19        120          0.0869         0.00752          0.0794           0.106           0.107          0.0253          0.0347
[2025-12-08 16:37:54,854][curator.model.base][INFO] - 

[2025-12-08 16:37:54,854][curator.model.base][DEBUG] - Validating
[2025-12-08 16:37:54,854][curator.model.base][INFO] - # epoch      batch      total_loss     energy_loss     forces_loss      energy_mae     energy_rmse      forces_mae     forces_rmse
[2025-12-08 16:37:54,952][curator.model.base][INFO] -      19          0          0.0473        7.32e-05          0.0472         0.00791          0.0105          0.0205          0.0267
[2025-12-08 16:37:56,005][curator.model.base][INFO] -      19         10           0.039        5.74e-05          0.0389         0.00688         0.00932          0.0187          0.0243
[2025-12-08 16:37:57,092][curator.model.base][INFO] -      19         20          0.0619        5.99e-05          0.0618         0.00817         0.00952          0.0223          0.0306
[2025-12-08 16:37:57,826][curator.model.base][INFO] - 

[2025-12-08 16:37:57,826][curator.model.base][DEBUG] - Epoch summary:
[2025-12-08 16:37:57,826][curator.model.base][INFO] - Validation  # epoch      total_loss     energy_loss     forces_loss      energy_mae     energy_rmse      forces_mae     forces_rmse
[2025-12-08 16:37:57,827][curator.model.base][INFO] -                  19          0.0464        6.06e-05          0.0468         0.00715         0.00919          0.0202          0.0265
[2025-12-08 16:37:57,831][curator.model.base][INFO] - Train       # epoch      total_loss     energy_loss     forces_loss      energy_mae     energy_rmse      forces_mae     forces_rmse
[2025-12-08 16:37:57,832][curator.model.base][INFO] -                  19          0.0862          0.0057          0.0804          0.0692          0.0719          0.0254          0.0344
[2025-12-08 16:37:57,903][curator.model.base][INFO] - 

[2025-12-08 16:37:57,903][curator.model.base][DEBUG] - Training
[2025-12-08 16:37:57,903][curator.model.base][INFO] - # epoch      batch      total_loss     energy_loss     forces_loss      energy_mae     energy_rmse      forces_mae     forces_rmse
[2025-12-08 16:37:58,076][curator.model.base][INFO] -      20          0          0.0733         0.00184          0.0715          0.0513          0.0528          0.0254          0.0329
[2025-12-08 16:38:00,110][curator.model.base][INFO] -      20         10          0.0727         0.00588          0.0668          0.0923          0.0943          0.0241          0.0318
[2025-12-08 16:38:02,104][curator.model.base][INFO] -      20         20            0.12          0.0141           0.106           0.144           0.146          0.0292          0.0401
[2025-12-08 16:38:04,231][curator.model.base][INFO] -      20         30          0.0803          0.0231          0.0572           0.186           0.187          0.0224          0.0294
[2025-12-08 16:38:06,526][curator.model.base][INFO] -      20         40           0.108          0.0553          0.0526           0.289           0.289          0.0212          0.0282
[2025-12-08 16:38:08,634][curator.model.base][INFO] -      20         50          0.0553          0.0119          0.0434           0.134           0.134          0.0195          0.0256
[2025-12-08 16:38:10,866][curator.model.base][INFO] -      20         60          0.0571         0.00044          0.0567          0.0225          0.0258           0.022          0.0293
[2025-12-08 16:38:13,034][curator.model.base][INFO] -      20         70           0.143          0.0013           0.141          0.0394          0.0443          0.0326          0.0462
[2025-12-08 16:38:15,176][curator.model.base][INFO] -      20         80          0.0865         0.00159          0.0849          0.0435          0.0491          0.0271          0.0359
[2025-12-08 16:38:17,192][curator.model.base][INFO] -      20         90          0.0944          0.0176          0.0767           0.163           0.163          0.0258          0.0341
[2025-12-08 16:38:19,066][curator.model.base][INFO] -      20        100          0.0801         0.00164          0.0785          0.0466          0.0498          0.0262          0.0345
[2025-12-08 16:38:20,977][curator.model.base][INFO] -      20        110           0.131         0.00132           0.129          0.0426          0.0447          0.0339          0.0443
[2025-12-08 16:38:22,983][curator.model.base][INFO] -      20        120          0.0994         0.00139           0.098          0.0434          0.0458           0.029          0.0385
[2025-12-08 16:38:24,220][curator.model.base][INFO] - 

[2025-12-08 16:38:24,220][curator.model.base][DEBUG] - Validating
[2025-12-08 16:38:24,220][curator.model.base][INFO] - # epoch      batch      total_loss     energy_loss     forces_loss      energy_mae     energy_rmse      forces_mae     forces_rmse
[2025-12-08 16:38:24,316][curator.model.base][INFO] -      20          0          0.0446        6.37e-05          0.0445         0.00757         0.00982          0.0199           0.026
[2025-12-08 16:38:25,340][curator.model.base][INFO] -      20         10          0.0372        6.83e-05          0.0372         0.00773          0.0102          0.0182          0.0237
[2025-12-08 16:38:26,371][curator.model.base][INFO] -      20         20          0.0571        4.74e-05          0.0571         0.00705         0.00848          0.0214          0.0294
[2025-12-08 16:38:27,049][curator.model.base][INFO] - 

[2025-12-08 16:38:27,049][curator.model.base][DEBUG] - Epoch summary:
[2025-12-08 16:38:27,049][curator.model.base][INFO] - Validation  # epoch      total_loss     energy_loss     forces_loss      energy_mae     energy_rmse      forces_mae     forces_rmse
[2025-12-08 16:38:27,049][curator.model.base][INFO] -                  20          0.0436           6e-05          0.0439         0.00717         0.00918          0.0195          0.0256
[2025-12-08 16:38:27,054][curator.model.base][INFO] - Train       # epoch      total_loss     energy_loss     forces_loss      energy_mae     energy_rmse      forces_mae     forces_rmse
[2025-12-08 16:38:27,054][curator.model.base][INFO] -                  20          0.0953         0.00948          0.0858          0.0952          0.0974          0.0265          0.0356
[2025-12-08 16:38:27,128][curator.model.base][INFO] - 

[2025-12-08 16:38:27,128][curator.model.base][DEBUG] - Training
[2025-12-08 16:38:27,128][curator.model.base][INFO] - # epoch      batch      total_loss     energy_loss     forces_loss      energy_mae     energy_rmse      forces_mae     forces_rmse
[2025-12-08 16:38:27,309][curator.model.base][INFO] -      21          0           0.103        0.000236           0.103          0.0156          0.0189          0.0302          0.0394
[2025-12-08 16:38:29,593][curator.model.base][INFO] -      21         10           0.113        0.000302           0.113          0.0147          0.0214          0.0275          0.0414
[2025-12-08 16:38:31,834][curator.model.base][INFO] -      21         20          0.0803         0.00049          0.0798          0.0218          0.0272          0.0263          0.0348
[2025-12-08 16:38:34,080][curator.model.base][INFO] -      21         30          0.0572        0.000216           0.057          0.0165          0.0181          0.0225          0.0294
[2025-12-08 16:38:36,249][curator.model.base][INFO] -      21         40          0.0517         0.00553          0.0461          0.0911          0.0916          0.0204          0.0264
[2025-12-08 16:38:38,494][curator.model.base][INFO] -      21         50          0.0678         0.00454          0.0633          0.0817          0.0829          0.0226           0.031
[2025-12-08 16:38:40,756][curator.model.base][INFO] -      21         60          0.0893         0.00942          0.0799           0.117           0.119          0.0252          0.0348
[2025-12-08 16:38:42,983][curator.model.base][INFO] -      21         70           0.086          0.0333          0.0527           0.224           0.224          0.0209          0.0283
[2025-12-08 16:38:45,240][curator.model.base][INFO] -      21         80          0.0643          0.0151          0.0492           0.151           0.151          0.0209          0.0273
[2025-12-08 16:38:47,440][curator.model.base][INFO] -      21         90          0.0887         0.00827          0.0805           0.111           0.112          0.0259          0.0349
[2025-12-08 16:38:49,636][curator.model.base][INFO] -      21        100           0.137          0.0509          0.0862           0.277           0.278          0.0272          0.0361
[2025-12-08 16:38:51,784][curator.model.base][INFO] -      21        110          0.0672         0.00731          0.0599           0.104           0.105          0.0227          0.0301
[2025-12-08 16:38:53,995][curator.model.base][INFO] -      21        120           0.128          0.0101           0.118           0.123           0.124          0.0318          0.0423
[2025-12-08 16:38:55,286][curator.model.base][INFO] - 

[2025-12-08 16:38:55,286][curator.model.base][DEBUG] - Validating
[2025-12-08 16:38:55,287][curator.model.base][INFO] - # epoch      batch      total_loss     energy_loss     forces_loss      energy_mae     energy_rmse      forces_mae     forces_rmse
[2025-12-08 16:38:55,386][curator.model.base][INFO] -      21          0          0.0429        7.93e-05          0.0428         0.00806           0.011          0.0195          0.0255
[2025-12-08 16:38:56,458][curator.model.base][INFO] -      21         10          0.0358        7.55e-05          0.0357         0.00951          0.0107          0.0178          0.0233
[2025-12-08 16:38:57,459][curator.model.base][INFO] -      21         20          0.0549        3.54e-05          0.0549         0.00573         0.00732           0.021          0.0288
[2025-12-08 16:38:58,254][curator.model.base][INFO] - 

[2025-12-08 16:38:58,254][curator.model.base][DEBUG] - Epoch summary:
[2025-12-08 16:38:58,255][curator.model.base][INFO] - Validation  # epoch      total_loss     energy_loss     forces_loss      energy_mae     energy_rmse      forces_mae     forces_rmse
[2025-12-08 16:38:58,255][curator.model.base][INFO] -                  21          0.0417        6.96e-05           0.042         0.00802         0.00995          0.0191          0.0251
[2025-12-08 16:38:58,260][curator.model.base][INFO] - Train       # epoch      total_loss     energy_loss     forces_loss      energy_mae     energy_rmse      forces_mae     forces_rmse
[2025-12-08 16:38:58,260][curator.model.base][INFO] -                  21          0.0896          0.0113          0.0782           0.107           0.109          0.0254           0.034
[2025-12-08 16:38:58,336][curator.model.base][INFO] - 

[2025-12-08 16:38:58,336][curator.model.base][DEBUG] - Training
[2025-12-08 16:38:58,336][curator.model.base][INFO] - # epoch      batch      total_loss     energy_loss     forces_loss      energy_mae     energy_rmse      forces_mae     forces_rmse
[2025-12-08 16:38:58,515][curator.model.base][INFO] -      22          0          0.0772          0.0139          0.0633           0.145           0.145          0.0237           0.031
[2025-12-08 16:39:00,639][curator.model.base][INFO] -      22         10          0.0889         0.00289           0.086           0.063          0.0662          0.0258          0.0361
[2025-12-08 16:39:02,675][curator.model.base][INFO] -      22         20           0.155         0.00771           0.147           0.107           0.108          0.0347          0.0472
[2025-12-08 16:39:04,760][curator.model.base][INFO] -      22         30          0.0943         0.00182          0.0924          0.0502          0.0525          0.0284          0.0374
[2025-12-08 16:39:07,090][curator.model.base][INFO] -      22         40          0.0714        6.93e-05          0.0713         0.00859          0.0102          0.0248          0.0329
[2025-12-08 16:39:09,311][curator.model.base][INFO] -      22         50          0.0561         0.00147          0.0546          0.0452          0.0471          0.0224          0.0288
[2025-12-08 16:39:11,495][curator.model.base][INFO] -      22         60          0.0596        0.000107          0.0595         0.00955          0.0127          0.0226            0.03
[2025-12-08 16:39:13,650][curator.model.base][INFO] -      22         70          0.0656        0.000622           0.065          0.0287          0.0307          0.0232          0.0314
[2025-12-08 16:39:15,816][curator.model.base][INFO] -      22         80          0.0548         0.00088          0.0539          0.0359          0.0365          0.0221          0.0286
[2025-12-08 16:39:18,006][curator.model.base][INFO] -      22         90           0.063        9.75e-05          0.0629          0.0108          0.0121          0.0238          0.0309
[2025-12-08 16:39:20,162][curator.model.base][INFO] -      22        100           0.109         0.00276           0.106            0.06          0.0646          0.0308          0.0401
[2025-12-08 16:39:22,455][curator.model.base][INFO] -      22        110           0.073        0.000258          0.0728          0.0173          0.0198          0.0249          0.0332
[2025-12-08 16:39:24,744][curator.model.base][INFO] -      22        120          0.0645         0.00571          0.0588          0.0919           0.093          0.0229          0.0299
[2025-12-08 16:39:26,074][curator.model.base][INFO] - 

[2025-12-08 16:39:26,075][curator.model.base][DEBUG] - Validating
[2025-12-08 16:39:26,075][curator.model.base][INFO] - # epoch      batch      total_loss     energy_loss     forces_loss      energy_mae     energy_rmse      forces_mae     forces_rmse
[2025-12-08 16:39:26,184][curator.model.base][INFO] -      22          0          0.0411        6.67e-05           0.041         0.00723            0.01          0.0192          0.0249
[2025-12-08 16:39:27,182][curator.model.base][INFO] -      22         10          0.0344         6.6e-05          0.0344         0.00866            0.01          0.0174          0.0228
[2025-12-08 16:39:28,105][curator.model.base][INFO] -      22         20          0.0527        3.51e-05          0.0527         0.00592         0.00729          0.0206          0.0282
[2025-12-08 16:39:28,887][curator.model.base][INFO] - 

[2025-12-08 16:39:28,887][curator.model.base][DEBUG] - Epoch summary:
[2025-12-08 16:39:28,887][curator.model.base][INFO] - Validation  # epoch      total_loss     energy_loss     forces_loss      energy_mae     energy_rmse      forces_mae     forces_rmse
[2025-12-08 16:39:28,887][curator.model.base][INFO] -                  22          0.0398        6.14e-05          0.0402         0.00742         0.00935          0.0186          0.0245
[2025-12-08 16:39:28,892][curator.model.base][INFO] - Train       # epoch      total_loss     energy_loss     forces_loss      energy_mae     energy_rmse      forces_mae     forces_rmse
[2025-12-08 16:39:28,892][curator.model.base][INFO] -                  22          0.0776         0.00281          0.0748          0.0498          0.0523          0.0248          0.0332
[2025-12-08 16:39:28,963][curator.model.base][INFO] - 

[2025-12-08 16:39:28,963][curator.model.base][DEBUG] - Training
[2025-12-08 16:39:28,964][curator.model.base][INFO] - # epoch      batch      total_loss     energy_loss     forces_loss      energy_mae     energy_rmse      forces_mae     forces_rmse
[2025-12-08 16:39:29,123][curator.model.base][INFO] -      23          0          0.0544        0.000879          0.0535          0.0346          0.0365          0.0222          0.0285
[2025-12-08 16:39:31,386][curator.model.base][INFO] -      23         10          0.0482         0.00103          0.0471          0.0378          0.0395          0.0206          0.0267
[2025-12-08 16:39:33,574][curator.model.base][INFO] -      23         20          0.0751        0.000231          0.0749          0.0156          0.0187          0.0234          0.0337
[2025-12-08 16:39:35,793][curator.model.base][INFO] -      23         30          0.0819        0.000547          0.0813          0.0255          0.0288          0.0253          0.0351
[2025-12-08 16:39:37,984][curator.model.base][INFO] -      23         40          0.0666        0.000306          0.0663          0.0197          0.0215          0.0245          0.0317
[2025-12-08 16:39:40,171][curator.model.base][INFO] -      23         50          0.0563        0.000122          0.0562           0.012          0.0136           0.022          0.0292
[2025-12-08 16:39:42,419][curator.model.base][INFO] -      23         60          0.0533         0.00101          0.0523          0.0365          0.0392           0.021          0.0282
[2025-12-08 16:39:44,591][curator.model.base][INFO] -      23         70          0.0527         0.00222          0.0505          0.0567           0.058          0.0213          0.0277
[2025-12-08 16:39:46,782][curator.model.base][INFO] -      23         80          0.0439        0.000383          0.0435          0.0195          0.0241          0.0196          0.0257
[2025-12-08 16:39:49,008][curator.model.base][INFO] -      23         90          0.0602         0.00125          0.0589          0.0412          0.0434          0.0219          0.0299
[2025-12-08 16:39:51,266][curator.model.base][INFO] -      23        100          0.0414         0.00271          0.0387          0.0633          0.0641          0.0185          0.0242
[2025-12-08 16:39:53,560][curator.model.base][INFO] -      23        110          0.0441        0.000904          0.0432          0.0342           0.037          0.0194          0.0256
[2025-12-08 16:39:55,771][curator.model.base][INFO] -      23        120          0.0403         0.00154          0.0388          0.0478          0.0482          0.0185          0.0242
[2025-12-08 16:39:57,101][curator.model.base][INFO] - 

[2025-12-08 16:39:57,101][curator.model.base][DEBUG] - Validating
[2025-12-08 16:39:57,101][curator.model.base][INFO] - # epoch      batch      total_loss     energy_loss     forces_loss      energy_mae     energy_rmse      forces_mae     forces_rmse
[2025-12-08 16:39:57,188][curator.model.base][INFO] -      23          0          0.0383        5.62e-05          0.0382         0.00651         0.00922          0.0185          0.0241
[2025-12-08 16:39:58,202][curator.model.base][INFO] -      23         10          0.0325        6.56e-05          0.0324         0.00818         0.00996          0.0169          0.0222
[2025-12-08 16:39:59,213][curator.model.base][INFO] -      23         20          0.0492        3.73e-05          0.0492         0.00615         0.00752            0.02          0.0273
[2025-12-08 16:40:00,022][curator.model.base][INFO] - 

[2025-12-08 16:40:00,023][curator.model.base][DEBUG] - Epoch summary:
[2025-12-08 16:40:00,023][curator.model.base][INFO] - Validation  # epoch      total_loss     energy_loss     forces_loss      energy_mae     energy_rmse      forces_mae     forces_rmse
[2025-12-08 16:40:00,023][curator.model.base][INFO] -                  23          0.0375         5.5e-05          0.0378         0.00707         0.00887          0.0181          0.0238
[2025-12-08 16:40:00,032][curator.model.base][INFO] - Train       # epoch      total_loss     energy_loss     forces_loss      energy_mae     energy_rmse      forces_mae     forces_rmse
[2025-12-08 16:40:00,033][curator.model.base][INFO] -                  23          0.0556         0.00131          0.0543          0.0366          0.0387          0.0214          0.0284
[2025-12-08 16:40:00,107][curator.model.base][INFO] - 

[2025-12-08 16:40:00,108][curator.model.base][DEBUG] - Training
[2025-12-08 16:40:00,108][curator.model.base][INFO] - # epoch      batch      total_loss     energy_loss     forces_loss      energy_mae     energy_rmse      forces_mae     forces_rmse
[2025-12-08 16:40:00,306][curator.model.base][INFO] -      24          0          0.0357        0.000732           0.035          0.0312          0.0333          0.0179           0.023
[2025-12-08 16:40:02,528][curator.model.base][INFO] -      24         10          0.0554        0.000314          0.0551          0.0204          0.0218          0.0195          0.0289
[2025-12-08 16:40:04,896][curator.model.base][INFO] -      24         20          0.0329        5.18e-05          0.0329          0.0063         0.00886          0.0169          0.0223
[2025-12-08 16:40:07,019][curator.model.base][INFO] -      24         30          0.0517         0.00519          0.0465          0.0875          0.0887          0.0202          0.0265
[2025-12-08 16:40:09,206][curator.model.base][INFO] -      24         40          0.0439        0.000101          0.0438          0.0091          0.0123          0.0193          0.0257
[2025-12-08 16:40:11,386][curator.model.base][INFO] -      24         50          0.0414         0.00198          0.0394          0.0536          0.0548          0.0189          0.0244
[2025-12-08 16:40:13,730][curator.model.base][INFO] -      24         60          0.0502         0.00165          0.0485          0.0488            0.05            0.02          0.0271
[2025-12-08 16:40:15,935][curator.model.base][INFO] -      24         70          0.0476          0.0002          0.0474           0.016          0.0174          0.0208          0.0268
[2025-12-08 16:40:18,020][curator.model.base][INFO] -      24         80          0.0627         0.00668           0.056          0.0998           0.101          0.0218          0.0291
[2025-12-08 16:40:19,971][curator.model.base][INFO] -      24         90          0.0476        0.000865          0.0467          0.0348          0.0362          0.0206          0.0266
[2025-12-08 16:40:21,837][curator.model.base][INFO] -      24        100          0.0595         0.00335          0.0561          0.0697          0.0712           0.022          0.0291
[2025-12-08 16:40:23,618][curator.model.base][INFO] -      24        110           0.137        0.000427           0.137           0.024          0.0254          0.0289          0.0456
[2025-12-08 16:40:25,460][curator.model.base][INFO] -      24        120           0.104         0.00191           0.102          0.0501          0.0538          0.0285          0.0393
[2025-12-08 16:40:26,622][curator.model.base][INFO] - 

[2025-12-08 16:40:26,622][curator.model.base][DEBUG] - Validating
[2025-12-08 16:40:26,622][curator.model.base][INFO] - # epoch      batch      total_loss     energy_loss     forces_loss      energy_mae     energy_rmse      forces_mae     forces_rmse
[2025-12-08 16:40:26,715][curator.model.base][INFO] -      24          0          0.0349        5.33e-05          0.0349         0.00639         0.00899          0.0178           0.023
[2025-12-08 16:40:27,636][curator.model.base][INFO] -      24         10          0.0309        6.72e-05          0.0308         0.00848          0.0101          0.0165          0.0216
[2025-12-08 16:40:28,596][curator.model.base][INFO] -      24         20          0.0462        3.19e-05          0.0462         0.00559         0.00696          0.0194          0.0265
[2025-12-08 16:40:29,340][curator.model.base][INFO] - 

[2025-12-08 16:40:29,341][curator.model.base][DEBUG] - Epoch summary:
[2025-12-08 16:40:29,341][curator.model.base][INFO] - Validation  # epoch      total_loss     energy_loss     forces_loss      energy_mae     energy_rmse      forces_mae     forces_rmse
[2025-12-08 16:40:29,341][curator.model.base][INFO] -                  24          0.0351        5.31e-05          0.0355         0.00701         0.00872          0.0175          0.0231
[2025-12-08 16:40:29,345][curator.model.base][INFO] - Train       # epoch      total_loss     energy_loss     forces_loss      energy_mae     energy_rmse      forces_mae     forces_rmse
[2025-12-08 16:40:29,346][curator.model.base][INFO] -                  24          0.0578         0.00206          0.0557          0.0458          0.0479          0.0214          0.0286
[2025-12-08 16:40:29,417][curator.model.base][INFO] - 

[2025-12-08 16:40:29,417][curator.model.base][DEBUG] - Training
[2025-12-08 16:40:29,417][curator.model.base][INFO] - # epoch      batch      total_loss     energy_loss     forces_loss      energy_mae     energy_rmse      forces_mae     forces_rmse
[2025-12-08 16:40:29,562][curator.model.base][INFO] -      25          0          0.0576         0.00274          0.0548           0.063          0.0644          0.0221          0.0288
[2025-12-08 16:40:31,520][curator.model.base][INFO] -      25         10          0.0601         0.00387          0.0563          0.0755          0.0766          0.0227          0.0292
[2025-12-08 16:40:33,505][curator.model.base][INFO] -      25         20          0.0927         0.00686          0.0858           0.101           0.102          0.0281          0.0361
[2025-12-08 16:40:35,489][curator.model.base][INFO] -      25         30          0.0606        9.97e-05          0.0605         0.00927          0.0123          0.0229          0.0303
[2025-12-08 16:40:37,452][curator.model.base][INFO] -      25         40          0.0599         0.00122          0.0587          0.0417          0.0429          0.0217          0.0298
[2025-12-08 16:40:39,503][curator.model.base][INFO] -      25         50          0.0748         0.00465          0.0702          0.0817          0.0839          0.0251          0.0326
[2025-12-08 16:40:41,420][curator.model.base][INFO] -      25         60          0.0612        0.000338          0.0609          0.0202          0.0226          0.0231          0.0304
[2025-12-08 16:40:43,364][curator.model.base][INFO] -      25         70          0.0412           0.003          0.0382          0.0665          0.0674          0.0185          0.0241
[2025-12-08 16:40:45,346][curator.model.base][INFO] -      25         80          0.0404         0.00102          0.0394          0.0382          0.0394          0.0186          0.0244
[2025-12-08 16:40:47,169][curator.model.base][INFO] -      25         90          0.0422        0.000597          0.0416          0.0281          0.0301          0.0191          0.0251
[2025-12-08 16:40:48,994][curator.model.base][INFO] -      25        100          0.0504        0.000568          0.0498          0.0281          0.0293          0.0207          0.0275
[2025-12-08 16:40:50,925][curator.model.base][INFO] -      25        110          0.0348        0.000226          0.0345          0.0154          0.0185          0.0177          0.0229
[2025-12-08 16:40:52,878][curator.model.base][INFO] -      25        120          0.0893         0.00042          0.0889          0.0215          0.0252          0.0258          0.0367
[2025-12-08 16:40:54,074][curator.model.base][INFO] - 

[2025-12-08 16:40:54,074][curator.model.base][DEBUG] - Validating
[2025-12-08 16:40:54,074][curator.model.base][INFO] - # epoch      batch      total_loss     energy_loss     forces_loss      energy_mae     energy_rmse      forces_mae     forces_rmse
[2025-12-08 16:40:54,171][curator.model.base][INFO] -      25          0          0.0332        3.56e-05          0.0331         0.00524         0.00734          0.0173          0.0224
[2025-12-08 16:40:55,152][curator.model.base][INFO] -      25         10          0.0293        5.93e-05          0.0292         0.00711         0.00947           0.016           0.021
[2025-12-08 16:40:56,057][curator.model.base][INFO] -      25         20          0.0445        3.44e-05          0.0444         0.00581         0.00722          0.0192          0.0259
[2025-12-08 16:40:56,768][curator.model.base][INFO] - 

[2025-12-08 16:40:56,768][curator.model.base][DEBUG] - Epoch summary:
[2025-12-08 16:40:56,768][curator.model.base][INFO] - Validation  # epoch      total_loss     energy_loss     forces_loss      energy_mae     energy_rmse      forces_mae     forces_rmse
[2025-12-08 16:40:56,768][curator.model.base][INFO] -                  25          0.0337        4.53e-05          0.0341         0.00631           0.008          0.0171          0.0226
[2025-12-08 16:40:56,774][curator.model.base][INFO] - Train       # epoch      total_loss     energy_loss     forces_loss      energy_mae     energy_rmse      forces_mae     forces_rmse
[2025-12-08 16:40:56,774][curator.model.base][INFO] -                  25          0.0708         0.00557          0.0653          0.0652          0.0674          0.0231          0.0309
[2025-12-08 16:40:56,846][curator.model.base][INFO] - 

[2025-12-08 16:40:56,847][curator.model.base][DEBUG] - Training
[2025-12-08 16:40:56,847][curator.model.base][INFO] - # epoch      batch      total_loss     energy_loss     forces_loss      energy_mae     energy_rmse      forces_mae     forces_rmse
[2025-12-08 16:40:57,009][curator.model.base][INFO] -      26          0          0.0663        0.000192          0.0661          0.0135          0.0171          0.0233          0.0316
[2025-12-08 16:40:58,876][curator.model.base][INFO] -      26         10          0.0512         0.00213           0.049          0.0549          0.0568          0.0207          0.0272
[2025-12-08 16:41:00,662][curator.model.base][INFO] -      26         20          0.0518        0.000118          0.0517         0.00914          0.0134          0.0208           0.028
[2025-12-08 16:41:02,531][curator.model.base][INFO] -      26         30          0.0597          0.0034          0.0564            0.07          0.0717          0.0212          0.0292
[2025-12-08 16:41:04,462][curator.model.base][INFO] -      26         40          0.0658          0.0254          0.0404           0.196           0.196          0.0192          0.0247
[2025-12-08 16:41:06,368][curator.model.base][INFO] -      26         50          0.0949          0.0421          0.0528           0.252           0.252           0.021          0.0283
[2025-12-08 16:41:08,431][curator.model.base][INFO] -      26         60           0.173          0.0634            0.11            0.31            0.31          0.0302          0.0408
[2025-12-08 16:41:10,314][curator.model.base][INFO] -      26         70          0.0726          0.0216           0.051            0.18           0.181          0.0212          0.0278
[2025-12-08 16:41:12,384][curator.model.base][INFO] -      26         80          0.0825          0.0088          0.0737           0.114           0.115          0.0235          0.0334
[2025-12-08 16:41:14,427][curator.model.base][INFO] -      26         90          0.0598         0.00183          0.0579          0.0504          0.0527          0.0228          0.0296
[2025-12-08 16:41:16,387][curator.model.base][INFO] -      26        100          0.0518          0.0098           0.042           0.121           0.122          0.0198          0.0252
[2025-12-08 16:41:18,439][curator.model.base][INFO] -      26        110          0.0531         0.00742          0.0457           0.105           0.106          0.0202          0.0263
[2025-12-08 16:41:20,567][curator.model.base][INFO] -      26        120          0.0493         0.00149          0.0478          0.0465          0.0475          0.0204          0.0269
[2025-12-08 16:41:21,942][curator.model.base][INFO] - 

[2025-12-08 16:41:21,943][curator.model.base][DEBUG] - Validating
[2025-12-08 16:41:21,943][curator.model.base][INFO] - # epoch      batch      total_loss     energy_loss     forces_loss      energy_mae     energy_rmse      forces_mae     forces_rmse
[2025-12-08 16:41:22,035][curator.model.base][INFO] -      26          0          0.0323        2.88e-05          0.0323         0.00471          0.0066          0.0171          0.0221
[2025-12-08 16:41:22,972][curator.model.base][INFO] -      26         10          0.0282        5.76e-05          0.0282          0.0058         0.00934          0.0158          0.0207
[2025-12-08 16:41:23,903][curator.model.base][INFO] -      26         20          0.0426        4.48e-05          0.0426         0.00644         0.00824          0.0188          0.0254
[2025-12-08 16:41:24,597][curator.model.base][INFO] - 

[2025-12-08 16:41:24,597][curator.model.base][DEBUG] - Epoch summary:
[2025-12-08 16:41:24,597][curator.model.base][INFO] - Validation  # epoch      total_loss     energy_loss     forces_loss      energy_mae     energy_rmse      forces_mae     forces_rmse
[2025-12-08 16:41:24,597][curator.model.base][INFO] -                  26          0.0324        4.18e-05          0.0328         0.00602         0.00769          0.0168          0.0222
[2025-12-08 16:41:24,603][curator.model.base][INFO] - Train       # epoch      total_loss     energy_loss     forces_loss      energy_mae     energy_rmse      forces_mae     forces_rmse
[2025-12-08 16:41:24,603][curator.model.base][INFO] -                  26          0.0723          0.0122          0.0602           0.103           0.104          0.0223          0.0298
[2025-12-08 16:41:24,674][curator.model.base][INFO] - 

[2025-12-08 16:41:24,675][curator.model.base][DEBUG] - Training
[2025-12-08 16:41:24,675][curator.model.base][INFO] - # epoch      batch      total_loss     energy_loss     forces_loss      energy_mae     energy_rmse      forces_mae     forces_rmse
[2025-12-08 16:41:24,871][curator.model.base][INFO] -      27          0          0.0366        6.71e-05          0.0365         0.00819          0.0101          0.0184          0.0235
[2025-12-08 16:41:26,953][curator.model.base][INFO] -      27         10          0.0296         0.00012          0.0295          0.0119          0.0135          0.0162          0.0211
[2025-12-08 16:41:29,104][curator.model.base][INFO] -      27         20          0.0539         0.00115          0.0527          0.0407          0.0418          0.0212          0.0283
[2025-12-08 16:41:31,241][curator.model.base][INFO] -      27         30          0.0408        0.000808            0.04          0.0325           0.035          0.0188          0.0246
[2025-12-08 16:41:33,448][curator.model.base][INFO] -      27         40           0.046          0.0005          0.0455          0.0267          0.0275          0.0197          0.0262
[2025-12-08 16:41:35,649][curator.model.base][INFO] -      27         50           0.047        0.000839          0.0462          0.0342          0.0356          0.0198          0.0264
[2025-12-08 16:41:37,730][curator.model.base][INFO] -      27         60          0.0374         0.00324          0.0342          0.0695            0.07          0.0173          0.0228
[2025-12-08 16:41:39,723][curator.model.base][INFO] -      27         70          0.0448        9.31e-05          0.0447          0.0104          0.0119          0.0197           0.026
[2025-12-08 16:41:41,703][curator.model.base][INFO] -      27         80           0.074         0.00423          0.0698           0.079            0.08          0.0244          0.0325
[2025-12-08 16:41:43,783][curator.model.base][INFO] -      27         90          0.0438         0.00116          0.0427          0.0404           0.042          0.0198          0.0254
[2025-12-08 16:41:45,795][curator.model.base][INFO] -      27        100          0.0747        0.000476          0.0742          0.0231          0.0268          0.0239          0.0335
[2025-12-08 16:41:47,801][curator.model.base][INFO] -      27        110           0.086          0.0133          0.0727            0.14           0.142          0.0216          0.0332
[2025-12-08 16:41:49,762][curator.model.base][INFO] -      27        120          0.0509         0.00392           0.047          0.0757           0.077          0.0207          0.0267
[2025-12-08 16:41:51,018][curator.model.base][INFO] - 

[2025-12-08 16:41:51,019][curator.model.base][DEBUG] - Validating
[2025-12-08 16:41:51,019][curator.model.base][INFO] - # epoch      batch      total_loss     energy_loss     forces_loss      energy_mae     energy_rmse      forces_mae     forces_rmse
[2025-12-08 16:41:51,118][curator.model.base][INFO] -      27          0          0.0304         4.2e-05          0.0304          0.0057         0.00798          0.0166          0.0214
[2025-12-08 16:41:52,080][curator.model.base][INFO] -      27         10           0.027        6.57e-05          0.0269         0.00775         0.00997          0.0154          0.0202
[2025-12-08 16:41:53,084][curator.model.base][INFO] -      27         20           0.041        4.23e-05           0.041         0.00644           0.008          0.0184          0.0249
[2025-12-08 16:41:53,891][curator.model.base][INFO] - 

[2025-12-08 16:41:53,891][curator.model.base][DEBUG] - Epoch summary:
[2025-12-08 16:41:53,892][curator.model.base][INFO] - Validation  # epoch      total_loss     energy_loss     forces_loss      energy_mae     energy_rmse      forces_mae     forces_rmse
[2025-12-08 16:41:53,892][curator.model.base][INFO] -                  27          0.0312         4.7e-05          0.0315         0.00663         0.00822          0.0164          0.0217
[2025-12-08 16:41:53,902][curator.model.base][INFO] - Train       # epoch      total_loss     energy_loss     forces_loss      energy_mae     energy_rmse      forces_mae     forces_rmse
[2025-12-08 16:41:53,902][curator.model.base][INFO] -                  27          0.0537         0.00378          0.0499          0.0539          0.0558          0.0203          0.0272
[2025-12-08 16:41:53,976][curator.model.base][INFO] - 

[2025-12-08 16:41:53,976][curator.model.base][DEBUG] - Training
[2025-12-08 16:41:53,976][curator.model.base][INFO] - # epoch      batch      total_loss     energy_loss     forces_loss      energy_mae     energy_rmse      forces_mae     forces_rmse
[2025-12-08 16:41:54,166][curator.model.base][INFO] -      28          0          0.0636          0.0239          0.0397            0.19            0.19           0.019          0.0245
[2025-12-08 16:41:56,332][curator.model.base][INFO] -      28         10           0.115          0.0158          0.0992           0.154           0.155           0.027          0.0388
[2025-12-08 16:41:58,321][curator.model.base][INFO] -      28         20          0.0925         0.00253          0.0899          0.0607          0.0619           0.026          0.0369
[2025-12-08 16:42:00,358][curator.model.base][INFO] -      28         30           0.122         0.00138            0.12          0.0415          0.0458          0.0309          0.0427
[2025-12-08 16:42:02,315][curator.model.base][INFO] -      28         40          0.0368        0.000355          0.0364          0.0227          0.0232           0.018          0.0235
[2025-12-08 16:42:04,317][curator.model.base][INFO] -      28         50          0.0596         0.00374          0.0559          0.0737          0.0753          0.0219          0.0291
[2025-12-08 16:42:06,299][curator.model.base][INFO] -      28         60          0.0516        0.000904          0.0507          0.0342           0.037          0.0207          0.0277
[2025-12-08 16:42:08,466][curator.model.base][INFO] -      28         70          0.0366        0.000163          0.0364           0.014          0.0157           0.018          0.0235
[2025-12-08 16:42:10,473][curator.model.base][INFO] -      28         80          0.0427        0.000128          0.0426         0.00937          0.0139          0.0192          0.0254
[2025-12-08 16:42:12,697][curator.model.base][INFO] -      28         90           0.044        0.000272          0.0437          0.0175          0.0203          0.0193          0.0257
[2025-12-08 16:42:14,841][curator.model.base][INFO] -      28        100          0.0924            0.02          0.0724           0.173           0.174          0.0224          0.0331
[2025-12-08 16:42:17,199][curator.model.base][INFO] -      28        110           0.159         0.00482           0.154          0.0816          0.0854          0.0335          0.0483
[2025-12-08 16:42:19,347][curator.model.base][INFO] -      28        120           0.136         0.00511           0.131          0.0863           0.088          0.0336          0.0445
[2025-12-08 16:42:20,582][curator.model.base][INFO] - 

[2025-12-08 16:42:20,582][curator.model.base][DEBUG] - Validating
[2025-12-08 16:42:20,583][curator.model.base][INFO] - # epoch      batch      total_loss     energy_loss     forces_loss      energy_mae     energy_rmse      forces_mae     forces_rmse
[2025-12-08 16:42:20,682][curator.model.base][INFO] -      28          0          0.0297        4.62e-05          0.0296         0.00641         0.00837          0.0163          0.0212
[2025-12-08 16:42:21,694][curator.model.base][INFO] -      28         10          0.0261        5.92e-05          0.0261         0.00697         0.00947          0.0151          0.0199
[2025-12-08 16:42:22,778][curator.model.base][INFO] -      28         20          0.0392        3.92e-05          0.0392         0.00608         0.00771           0.018          0.0244
[2025-12-08 16:42:23,551][curator.model.base][INFO] - 

[2025-12-08 16:42:23,551][curator.model.base][DEBUG] - Epoch summary:
[2025-12-08 16:42:23,551][curator.model.base][INFO] - Validation  # epoch      total_loss     energy_loss     forces_loss      energy_mae     energy_rmse      forces_mae     forces_rmse
[2025-12-08 16:42:23,551][curator.model.base][INFO] -                  28          0.0301         4.4e-05          0.0304         0.00639         0.00793          0.0161          0.0213
[2025-12-08 16:42:23,556][curator.model.base][INFO] - Train       # epoch      total_loss     energy_loss     forces_loss      energy_mae     energy_rmse      forces_mae     forces_rmse
[2025-12-08 16:42:23,556][curator.model.base][INFO] -                  28          0.0841         0.00338          0.0807          0.0532          0.0562          0.0245          0.0335
[2025-12-08 16:42:23,627][curator.model.base][INFO] - 

[2025-12-08 16:42:23,628][curator.model.base][DEBUG] - Training
[2025-12-08 16:42:23,629][curator.model.base][INFO] - # epoch      batch      total_loss     energy_loss     forces_loss      energy_mae     energy_rmse      forces_mae     forces_rmse
[2025-12-08 16:42:23,784][curator.model.base][INFO] -      29          0           0.112          0.0193          0.0927           0.168           0.171          0.0274          0.0375
[2025-12-08 16:42:25,946][curator.model.base][INFO] -      29         10           0.133          0.0523          0.0804           0.281           0.281          0.0259          0.0349
