2025-12-12 15:11:07: Running on host: cad184d29a10
2025-12-12 15:11:07: Seed with <1234>
2025-12-12 15:11:08: Module repr_callback is not provided. To calculate mahalanobis, the provided dataset will be used to calculate precision matrix afterwards.
Calculating features from provided dataset <../../LiFePO4.traj>.
Calculating precision matrix from 2257 structures.
Processing batch 1/18
Processing batch 2/18
Processing batch 3/18
Processing batch 4/18
Processing batch 5/18
Processing batch 6/18
Processing batch 7/18
Processing batch 8/18
Processing batch 9/18
Processing batch 10/18
Processing batch 11/18
Processing batch 12/18
Processing batch 13/18
Processing batch 14/18
Processing batch 15/18
Processing batch 16/18
Processing batch 17/18
Processing batch 18/18
2025-12-12 15:11:22: Calcator assigned to atoms.
           step           epot           ekin           etot      maha_dist     is_outlier     is_warning
uncertainty backend state: <curator.simulate.uncertainty.auto.AutoUncertainty object at 0x7f73b0b0ef10>
uncertainty snapshot: {'maha_dist': 10.914968490600586, 'is_outlier': False, 'is_warning': False}
              1     -184.13094        0.84544     -183.28549       10.91497        0.00000        0.00000
              2     -183.87991        0.75136     -183.12855       10.86510        0.00000        0.00000
              3     -183.73685        0.67737     -183.05948       10.99407        0.00000        0.00000
              4     -183.76134        0.70859     -183.05275       11.16854        0.00000        0.00000
              5     -183.55849        0.60658     -182.95191       11.55888        0.00000        0.00000
              6     -183.39374        0.55123     -182.84250       12.05587        0.00000        0.00000
              7     -183.45721        0.63797     -182.81925       12.38039        0.00000        0.00000
              8     -183.42830        0.79094     -182.63736       12.96225        0.00000        0.00000
              9     -183.28146        0.88911     -182.39235       13.83417        0.00000        0.00000
             10     -183.21799        0.87104     -182.34695       14.76985        0.00000        0.00000
             11     -183.10150        0.83281     -182.26869       15.80055        0.00000        0.00000
             12     -182.92021        0.62310     -182.29712       16.45050        0.00000        0.00000
             13     -182.99106        0.67833     -182.31273       16.38076        0.00000        0.00000
             14     -183.14188        0.78527     -182.35660       15.89444        0.00000        0.00000
             15     -183.20976        0.79376     -182.41600       15.35765        0.00000        0.00000
             16     -183.26024        0.82339     -182.43684       15.08473        0.00000        0.00000
             17     -183.23308        0.77382     -182.45926       15.17243        0.00000        0.00000
             18     -183.24033        0.78629     -182.45404       15.23146        0.00000        0.00000
             19     -183.28159        0.90061     -182.38098       15.05343        0.00000        0.00000
             20     -183.33939        1.01249     -182.32690       15.02027        0.00000        0.00000
             21     -183.35506        1.01060     -182.34446       15.06804        0.00000        0.00000
             22     -183.29533        1.02568     -182.26965       15.26500        0.00000        0.00000
             23     -183.21509        0.99259     -182.22250       15.73145        0.00000        0.00000
             24     -183.05475        0.87266     -182.18209       16.34903        0.00000        0.00000
             25     -182.97968        0.90297     -182.07670       16.54088        0.00000        0.00000
             26     -183.09048        1.10349     -181.98700       16.16587        0.00000        0.00000
             27     -183.14322        1.06532     -182.07790       15.75545        0.00000        0.00000
             28     -183.19980        1.23250     -181.96730       15.53906        0.00000        0.00000
             29     -183.23375        1.14071     -182.09304       15.23950        0.00000        0.00000
             30     -183.22090        1.16107     -182.05983       15.03533        0.00000        0.00000
             31     -183.11357        1.19953     -181.91405       15.29299        0.00000        0.00000
             32     -183.02026        1.20457     -181.81569       15.80623        0.00000        0.00000
             33     -182.85965        1.09308     -181.76657       16.51326        0.00000        0.00000
             34     -182.90947        1.01141     -181.89806       16.76851        0.00000        0.00000
             35     -182.88055        1.11148     -181.76907       17.03073        0.00000        0.00000
             36     -182.76233        0.82086     -181.94147       17.34853        0.00000        0.00000
             37     -182.83644        0.96598     -181.87046       17.36832        0.00000        0.00000
             38     -183.07161        1.04066     -182.03094       16.97103        0.00000        0.00000
             39     -183.01244        1.02286     -181.98958       16.86571        0.00000        0.00000
             40     -183.01109        0.89298     -182.11811       16.65999        0.00000        0.00000
             41     -183.14738        0.98736     -182.16003       16.12551        0.00000        0.00000
             42     -183.23050        0.82931     -182.40119       15.51811        0.00000        0.00000
             43     -183.26485        0.86785     -182.39700       15.23223        0.00000        0.00000
             44     -183.15663        0.88238     -182.27425       15.34871        0.00000        0.00000
             45     -183.14331        0.89831     -182.24500       15.38160        0.00000        0.00000
             46     -183.25117        1.03667     -182.21450       15.41372        0.00000        0.00000
             47     -183.27188        0.97505     -182.29683       15.50975        0.00000        0.00000
             48     -183.03983        0.94890     -182.09093       15.66602        0.00000        0.00000
             49     -183.12653        1.09061     -182.03591       15.30971        0.00000        0.00000
             50     -183.23996        1.05125     -182.18871       14.79479        0.00000        0.00000
             51     -183.15672        0.93372     -182.22300       14.31941        0.00000        0.00000
             52     -183.17165        0.81366     -182.35798       14.22622        0.00000        0.00000
             53     -183.36954        1.11211     -182.25742       14.23065        0.00000        0.00000
             54     -183.27634        0.94300     -182.33334       14.81816        0.00000        0.00000
             55     -183.02353        0.83639     -182.18714       15.57743        0.00000        0.00000
             56     -183.07436        0.70283     -182.37152       15.69582        0.00000        0.00000
             57     -183.25395        0.90441     -182.34954       15.53787        0.00000        0.00000
             58     -183.32431        0.91047     -182.41384       15.45502        0.00000        0.00000
             59     -183.24155        0.84195     -182.39960       15.49008        0.00000        0.00000
             60     -183.24263        0.86531     -182.37732       15.27410        0.00000        0.00000
             61     -183.19933        0.73986     -182.45946       15.10471        0.00000        0.00000
             62     -183.28503        0.90910     -182.37594       14.69069        0.00000        0.00000
             63     -183.34242        0.91455     -182.42787       14.16743        0.00000        0.00000
             64     -183.38031        0.88225     -182.49806       13.93954        0.00000        0.00000
             65     -183.33783        0.79815     -182.53968       14.03821        0.00000        0.00000
             66     -183.41028        0.91046     -182.49982       13.99208        0.00000        0.00000
             67     -183.38722        0.77558     -182.61164       13.97319        0.00000        0.00000
             68     -183.31874        0.65185     -182.66689       13.92128        0.00000        0.00000
             69     -183.38863        0.80372     -182.58491       13.77567        0.00000        0.00000
             70     -183.51772        0.87904     -182.63868       13.13068        0.00000        0.00000
             71     -183.49147        0.78826     -182.70321       12.85982        0.00000        0.00000
             72     -183.38541        0.70343     -182.68197       13.13014        0.00000        0.00000
             73     -183.49702        0.95866     -182.53836       13.36605        0.00000        0.00000
             74     -183.40668        0.99530     -182.41138       13.64450        0.00000        0.00000
             75     -183.37164        1.04004     -182.33161       13.91109        0.00000        0.00000
             76     -183.37326        1.02617     -182.34709       14.05632        0.00000        0.00000
             77     -183.26379        0.88773     -182.37607       14.28012        0.00000        0.00000
             78     -183.23918        0.94995     -182.28923       14.31375        0.00000        0.00000
             79     -183.32901        1.03049     -182.29852       14.34531        0.00000        0.00000
             80     -183.33519        1.04064     -182.29455       14.78227        0.00000        0.00000
             81     -183.22621        0.84775     -182.37846       15.69395        0.00000        0.00000
             82     -183.07573        0.96092     -182.11480       16.77408        0.00000        0.00000
             83     -183.04695        0.99102     -182.05593       17.49727        0.00000        0.00000
             84     -183.02271        0.78906     -182.23365       17.73473        0.00000        0.00000
             85     -183.01860        0.89992     -182.11868       17.91021        0.00000        0.00000
             86     -182.92886        0.76624     -182.16263       18.51612        0.00000        0.00000
             87     -182.90065        0.64140     -182.25925       18.81732        0.00000        0.00000
             88     -183.03789        0.97496     -182.06292       18.56546        0.00000        0.00000
             89     -182.98720        0.79206     -182.19514       18.76362        0.00000        0.00000
             90     -182.97704        0.64173     -182.33531       18.89043        0.00000        0.00000
             91     -183.13763        0.84079     -182.29684       18.37799        0.00000        0.00000
             92     -183.14066        0.79557     -182.34508       17.92327        0.00000        0.00000
             93     -183.04863        0.87383     -182.17480       17.87592        0.00000        0.00000
             94     -183.11818        0.74994     -182.36824       17.82566        0.00000        0.00000
             95     -183.23203        0.87880     -182.35323       17.51835        0.00000        0.00000
             96     -183.20898        0.82809     -182.38089       17.04809        0.00000        0.00000
             97     -183.15524        0.81560     -182.33965       16.10140        0.00000        0.00000
             98     -183.25233        0.94066     -182.31167       14.87048        0.00000        0.00000
             99     -183.28990        0.97716     -182.31275       13.83541        0.00000        0.00000
            100     -183.27312        0.79853     -182.47459       12.97304        0.00000        0.00000
            101     -183.44716        0.91012     -182.53704       12.31084        0.00000        0.00000
            102     -183.51952        0.87772     -182.64179       12.17643        0.00000        0.00000
            103     -183.51636        0.86296     -182.65340       12.34464        0.00000        0.00000
            104     -183.50731        0.89607     -182.61124       12.59359        0.00000        0.00000
            105     -183.55357        1.02356     -182.53002       12.78306        0.00000        0.00000
            106     -183.56303        0.96670     -182.59634       13.10704        0.00000        0.00000
            107     -183.45805        0.99363     -182.46442       13.40129        0.00000        0.00000
            108     -183.34903        1.00620     -182.34283       13.95207        0.00000        0.00000
            109     -183.32082        1.01011     -182.31070       14.62927        0.00000        0.00000
            110     -183.15706        0.81697     -182.34009       15.42707        0.00000        0.00000
            111     -183.11479        0.78596     -182.32883       15.80975        0.00000        0.00000
            112     -183.11282        0.73031     -182.38251       16.03774        0.00000        0.00000
            113     -183.05843        0.68468     -182.37374       16.38202        0.00000        0.00000
            114     -183.14990        0.71960     -182.43030       16.65435        0.00000        0.00000
            115     -183.14195        0.73173     -182.41022       16.87091        0.00000        0.00000
            116     -183.23087        0.86800     -182.36286       16.78813        0.00000        0.00000
            117     -183.35231        0.88171     -182.47060       16.58866        0.00000        0.00000
            118     -183.32794        0.87472     -182.45322       16.47588        0.00000        0.00000
            119     -183.22571        0.77804     -182.44766       16.37254        0.00000        0.00000
            120     -183.26414        0.92883     -182.33531       16.10862        0.00000        0.00000
            121     -183.26730        0.88885     -182.37846       15.94637        0.00000        0.00000
            122     -183.19492        0.84473     -182.35019       15.72308        0.00000        0.00000
            123     -183.17560        0.85052     -182.32508       15.44525        0.00000        0.00000
            124     -183.25552        0.84885     -182.40667       15.27990        0.00000        0.00000
            125     -183.20160        0.97468     -182.22692       15.18530        0.00000        0.00000
            126     -183.13089        0.84856     -182.28233       15.10820        0.00000        0.00000
            127     -183.16747        1.01777     -182.14969       15.05795        0.00000        0.00000
            128     -183.15265        1.02808     -182.12457       15.11175        0.00000        0.00000
            129     -183.21378        1.04988     -182.16389       14.92486        0.00000        0.00000
            130     -183.22244        1.22126     -182.00119       15.22435        0.00000        0.00000
            131     -183.07375        1.03725     -182.03649       15.65604        0.00000        0.00000
            132     -182.93462        0.86831     -182.06631       15.92977        0.00000        0.00000
            133     -183.00537        0.99951     -182.00586       16.16391        0.00000        0.00000
            134     -183.08229        0.82344     -182.25885       16.27829        0.00000        0.00000
            135     -183.10725        0.83303     -182.27422       15.87903        0.00000        0.00000
            136     -183.25827        1.02055     -182.23772       14.71861        0.00000        0.00000
            137     -183.29945        1.12423     -182.17522       13.85632        0.00000        0.00000
            138     -183.14870        1.29937     -181.84933       13.98361        0.00000        0.00000
            139     -183.02333        1.22156     -181.80177       14.25539        0.00000        0.00000
            140     -183.11826        1.26398     -181.85427       14.25231        0.00000        0.00000
            141     -183.09717        1.22746     -181.86971       14.56495        0.00000        0.00000
            142     -183.11276        1.28306     -181.82971       14.98535        0.00000        0.00000
            143     -183.07050        1.23152     -181.83898       15.70232        0.00000        0.00000
            144     -182.96524        1.23962     -181.72562       16.64466        0.00000        0.00000
            145     -182.87311        1.05912     -181.81399       17.31122        0.00000        0.00000
            146     -182.79437        1.07852     -181.71585       17.75243        0.00000        0.00000
            147     -182.84373        1.11025     -181.73348       17.68442        0.00000        0.00000
            148     -182.96628        1.17176     -181.79452       17.15281        0.00000        0.00000
            149     -183.15224        1.26101     -181.89123       15.97957        0.00000        0.00000
            150     -183.19263        1.27975     -181.91288       15.21358        0.00000        0.00000
            151     -183.14584        1.33857     -181.80728       15.11323        0.00000        0.00000
            152     -183.08926        1.32993     -181.75933       15.53071        0.00000        0.00000
            153     -183.12219        1.17810     -181.94409       16.18186        0.00000        0.00000
            154     -183.01079        1.26200     -181.74878       17.13580        0.00000        0.00000
            155     -182.84235        1.03805     -181.80430       17.85690        0.00000        0.00000
            156     -182.95076        1.06074     -181.89002       17.49714        0.00000        0.00000
            157     -183.05969        1.00683     -182.05286       16.62354        0.00000        0.00000
            158     -183.05978        1.01743     -182.04235       16.47435        0.00000        0.00000
            159     -183.20078        0.99941     -182.20137       16.55659        0.00000        0.00000
            160     -183.13219        0.86478     -182.26741       16.62959        0.00000        0.00000
            161     -183.07695        0.76845     -182.30850       16.51989        0.00000        0.00000
            162     -183.30534        0.91392     -182.39142       15.79830        0.00000        0.00000
            163     -183.41843        1.15854     -182.25988       15.41250        0.00000        0.00000
            164     -183.30170        1.03685     -182.26485       15.67506        0.00000        0.00000
            165     -183.14200        0.96073     -182.18126       16.23594        0.00000        0.00000
            166     -183.12866        0.90729     -182.22137       16.56407        0.00000        0.00000
            167     -183.12267        0.98075     -182.14192       16.81566        0.00000        0.00000
            168     -183.10522        0.87774     -182.22748       16.69523        0.00000        0.00000
            169     -183.06570        0.96066     -182.10504       16.46696        0.00000        0.00000
            170     -183.16255        0.99864     -182.16391       16.06602        0.00000        0.00000
            171     -183.18179        0.97296     -182.20883       15.82050        0.00000        0.00000
            172     -183.04468        0.96122     -182.08346       15.80633        0.00000        0.00000
            173     -183.02948        0.89348     -182.13600       16.02328        0.00000        0.00000
            174     -183.15642        1.05642     -182.10000       16.03325        0.00000        0.00000
            175     -183.06728        0.89268     -182.17459       15.92397        0.00000        0.00000
            176     -182.95659        0.82825     -182.12834       15.69107        0.00000        0.00000
            177     -183.04265        0.99744     -182.04521       15.37213        0.00000        0.00000
            178     -183.15846        1.23056     -181.92790       15.33613        0.00000        0.00000
            179     -182.96388        1.08975     -181.87413       16.15239        0.00000        0.00000
            180     -182.83502        0.70145     -182.13357       16.84829        0.00000        0.00000
            181     -183.01097        0.81423     -182.19674       16.60420        0.00000        0.00000
            182     -183.09174        0.99917     -182.09257       16.29034        0.00000        0.00000
            183     -183.10509        0.99902     -182.10606       16.19785        0.00000        0.00000
            184     -183.13982        1.21800     -181.92181       15.89422        0.00000        0.00000
            185     -183.01939        1.08487     -181.93452       15.54025        0.00000        0.00000
            186     -183.00833        1.26475     -181.74358       14.87038        0.00000        0.00000
            187     -183.04210        1.33615     -181.70595       14.60047        0.00000        0.00000
            188     -183.06033        1.12844     -181.93189       14.77938        0.00000        0.00000
            189     -183.03734        1.02244     -182.01490       14.77377        0.00000        0.00000
            190     -183.08835        1.06034     -182.02800       14.52939        0.00000        0.00000
            191     -183.21834        1.12402     -182.09432       14.26555        0.00000        0.00000
            192     -183.10457        1.02224     -182.08233       14.36107        0.00000        0.00000
            193     -183.12274        1.00948     -182.11326       14.28900        0.00000        0.00000
            194     -183.21266        1.00072     -182.21194       14.23355        0.00000        0.00000
            195     -183.09793        0.93401     -182.16392       14.44806        0.00000        0.00000
            196     -183.05318        0.85956     -182.19362       14.40457        0.00000        0.00000
            197     -183.25247        1.15211     -182.10036       14.11791        0.00000        0.00000
            198     -183.21234        1.25655     -181.95579       14.34984        0.00000        0.00000
            199     -182.99127        0.99877     -181.99250       14.85249        0.00000        0.00000
            200     -183.13406        0.96845     -182.16562       14.54008        0.00000        0.00000
            201     -183.19780        1.02529     -182.17251       14.28261        0.00000        0.00000
            202     -183.24832        1.00210     -182.24622       14.19336        0.00000        0.00000
            203     -183.12421        0.81205     -182.31215       14.16170        0.00000        0.00000
            204     -183.14592        0.81014     -182.33578       14.16040        0.00000        0.00000
            205     -183.22021        0.94869     -182.27152       14.43009        0.00000        0.00000
            206     -183.26126        0.87516     -182.38610       14.72779        0.00000        0.00000
            207     -183.24147        0.89092     -182.35055       14.81677        0.00000        0.00000
            208     -183.23755        1.01521     -182.22234       14.90629        0.00000        0.00000
            209     -183.17375        0.99767     -182.17608       15.28502        0.00000        0.00000
            210     -183.01656        0.88472     -182.13183       15.94226        0.00000        0.00000
            211     -182.97348        0.93638     -182.03710       16.12443        0.00000        0.00000
            212     -182.99774        0.81163     -182.18611       16.22873        0.00000        0.00000
            213     -183.18806        0.96132     -182.22675       15.83164        0.00000        0.00000
            214     -183.20033        1.04354     -182.15680       15.57160        0.00000        0.00000
            215     -183.05977        0.78361     -182.27616       15.74675        0.00000        0.00000
            216     -183.24330        0.89105     -182.35225       15.44741        0.00000        0.00000
            217     -183.37881        0.90592     -182.47289       14.88006        0.00000        0.00000
            218     -183.14468        0.86464     -182.28005       14.90671        0.00000        0.00000
            219     -183.21989        0.98755     -182.23235       14.77558        0.00000        0.00000
            220     -183.36337        1.20903     -182.15435       14.90352        0.00000        0.00000
            221     -183.22389        0.95996     -182.26393       15.77781        0.00000        0.00000
            222     -183.02779        0.89379     -182.13400       16.23373        0.00000        0.00000
            223     -183.10675        0.84489     -182.26186       16.12996        0.00000        0.00000
            224     -183.23174        1.06373     -182.16800       16.07421        0.00000        0.00000
            225     -183.17029        1.14465     -182.02564       16.19954        0.00000        0.00000
            226     -183.09578        0.97833     -182.11745       16.36807        0.00000        0.00000
            227     -183.05898        0.82658     -182.23239       16.43298        0.00000        0.00000
            228     -183.00800        0.76565     -182.24234       16.40333        0.00000        0.00000
            229     -182.98016        0.70068     -182.27948       16.27615        0.00000        0.00000
            230     -183.09258        0.86003     -182.23254       15.65902        0.00000        0.00000
            231     -183.20244        1.13337     -182.06907       14.89858        0.00000        0.00000
            232     -183.19611        1.31844     -181.87767       14.72555        0.00000        0.00000
            233     -183.25684        1.19776     -182.05907       14.96023        0.00000        0.00000
            234     -183.23070        1.06055     -182.17014       15.35180        0.00000        0.00000
            235     -183.03012        0.91037     -182.11975       15.85556        0.00000        0.00000
            236     -183.04942        0.88932     -182.16011       16.26588        0.00000        0.00000
            237     -183.11099        0.92506     -182.18593       16.66747        0.00000        0.00000
            238     -183.04716        0.86376     -182.18341       16.99291        0.00000        0.00000
            239     -183.10255        1.06198     -182.04058       16.10263        0.00000        0.00000
            240     -183.30116        1.11885     -182.18231       14.64181        0.00000        0.00000
            241     -183.29630        1.19263     -182.10367       14.17008        0.00000        0.00000
            242     -183.19824        1.03030     -182.16794       14.26817        0.00000        0.00000
            243     -183.25844        0.91648     -182.34195       14.59698        0.00000        0.00000
            244     -183.31508        1.08835     -182.22673       15.02833        0.00000        0.00000
            245     -183.23645        1.02737     -182.20908       15.53601        0.00000        0.00000
            246     -183.18564        0.81918     -182.36646       15.86723        0.00000        0.00000
            247     -183.14729        0.68407     -182.46323       15.98339        0.00000        0.00000
            248     -183.11261        0.85680     -182.25581       15.63058        0.00000        0.00000
            249     -183.29533        1.12412     -182.17121       14.99129        0.00000        0.00000
            250     -183.30617        1.04128     -182.26489       14.83884        0.00000        0.00000
            251     -183.14490        0.94613     -182.19877       15.01703        0.00000        0.00000
            252     -183.05238        0.97142     -182.08096       14.89193        0.00000        0.00000
            253     -183.15300        1.05463     -182.09837       14.25082        0.00000        0.00000
            254     -183.26324        1.33718     -181.92607       14.04331        0.00000        0.00000
            255     -183.14677        1.27134     -181.87543       14.65685        0.00000        0.00000
            256     -182.99454        1.15931     -181.83523       15.55737        0.00000        0.00000
            257     -182.93626        0.85473     -182.08153       16.45532        0.00000        0.00000
            258     -182.95476        0.83821     -182.11655       16.62787        0.00000        0.00000
            259     -183.01529        1.03472     -181.98057       16.07154        0.00000        0.00000
            260     -183.11612        1.24125     -181.87487       14.90983        0.00000        0.00000
            261     -183.20500        1.23702     -181.96798       14.13038        0.00000        0.00000
            262     -183.24239        1.17101     -182.07138       14.03599        0.00000        0.00000
            263     -183.10573        1.03426     -182.07147       14.47008        0.00000        0.00000
            264     -182.90605        0.89932     -182.00673       15.07372        0.00000        0.00000
            265     -182.92599        0.92106     -182.00493       15.46742        0.00000        0.00000
            266     -183.01491        0.96627     -182.04863       15.34562        0.00000        0.00000
            267     -182.90021        0.99373     -181.90648       15.06805        0.00000        0.00000
            268     -182.91084        0.99195     -181.91889       14.84393        0.00000        0.00000
            269     -183.00578        1.09035     -181.91544       14.56738        0.00000        0.00000
            270     -182.90135        1.09692     -181.80443       14.61652        0.00000        0.00000
            271     -182.86790        1.09768     -181.77022       14.80743        0.00000        0.00000
            272     -183.03760        1.48011     -181.55749       14.67350        0.00000        0.00000
            273     -182.96707        1.27923     -181.68784       14.81592        0.00000        0.00000
            274     -183.02701        1.35348     -181.67352       14.96732        0.00000        0.00000
            275     -183.02554        1.36689     -181.65865       15.62998        0.00000        0.00000
            276     -182.87129        1.02194     -181.84936       16.34810        0.00000        0.00000
            277     -182.93637        1.04812     -181.88825       16.31552        0.00000        0.00000
            278     -183.01360        1.11717     -181.89643       16.23844        0.00000        0.00000
            279     -182.98117        1.13026     -181.85091       15.87275        0.00000        0.00000
            280     -183.02179        1.06573     -181.95606       15.39538        0.00000        0.00000
            281     -183.10735        1.21222     -181.89513       15.04231        0.00000        0.00000
            282     -183.13762        1.57755     -181.56007       15.24273        0.00000        0.00000
            283     -182.98544        1.23225     -181.75319       15.89344        0.00000        0.00000
            284     -182.81285        1.01811     -181.79474       16.69900        0.00000        0.00000
            285     -182.96083        1.07519     -181.88564       16.64998        0.00000        0.00000
            286     -182.95712        1.39928     -181.55784       15.92435        0.00000        0.00000
            287     -182.82864        1.14874     -181.67990       15.79947        0.00000        0.00000
            288     -182.96480        1.28203     -181.68277       15.99474        0.00000        0.00000
            289     -182.91556        1.23550     -181.68006       16.77308        0.00000        0.00000
            290     -182.83557        1.09351     -181.74206       17.35525        0.00000        0.00000
            291     -182.83623        1.10277     -181.73346       17.63035        0.00000        0.00000
            292     -182.91452        1.32869     -181.58583       18.16309        0.00000        0.00000
            293     -182.72083        1.10922     -181.61161       18.68948        0.00000        0.00000
            294     -182.62363        0.94264     -181.68098       18.99385        0.00000        0.00000
            295     -182.91263        1.27516     -181.63747       18.78359        0.00000        0.00000
            296     -182.78810        1.49675     -181.29135       18.78609        0.00000        0.00000
            297     -182.61722        1.42564     -181.19158       18.81446        0.00000        0.00000
            298     -182.96149        1.53040     -181.43108       17.87598        0.00000        0.00000
            299     -183.03108        1.72165     -181.30943       17.64721        0.00000        0.00000
            300     -182.65068        1.46030     -181.19038       18.50304        0.00000        0.00000
            301     -182.64072        1.25570     -181.38502       18.47546        0.00000        0.00000
            302     -182.88870        1.48063     -181.40807       17.22413        0.00000        0.00000
            303     -182.97731        1.52657     -181.45074       16.07054        0.00000        0.00000
            304     -182.84148        1.25314     -181.58834       16.13372        0.00000        0.00000
            305     -183.04193        1.38485     -181.65708       16.17893        0.00000        0.00000
            306     -183.04980        1.41908     -181.63072       15.95814        0.00000        0.00000
            307     -182.99535        1.22761     -181.76774       15.61877        0.00000        0.00000
            308     -183.01360        1.24913     -181.76447       15.54558        0.00000        0.00000
            309     -182.95312        1.23029     -181.72283       15.81232        0.00000        0.00000
            310     -183.02312        1.20569     -181.81743       15.80299        0.00000        0.00000
            311     -183.09467        1.16151     -181.93316       15.76967        0.00000        0.00000
            312     -182.93724        1.11242     -181.82482       15.84091        0.00000        0.00000
            313     -182.97319        1.04566     -181.92753       16.16104        0.00000        0.00000
            314     -183.15800        1.18599     -181.97201       17.08183        0.00000        0.00000
            315     -183.05377        1.07750     -181.97627       18.11439        0.00000        0.00000
            316     -182.80394        0.97305     -181.83089       18.32253        0.00000        0.00000
            317     -183.00247        1.11008     -181.89240       17.95226        0.00000        0.00000
            318     -182.92842        1.04514     -181.88328       18.50430        0.00000        0.00000
            319     -182.72363        0.86591     -181.85772       19.51373        0.00000        0.00000
            320     -182.91026        0.95921     -181.95106       19.33691        0.00000        0.00000
            321     -183.15718        1.23807     -181.91911       17.74362        0.00000        0.00000
            322     -183.20218        1.40842     -181.79376       16.44830        0.00000        0.00000
            323     -183.14899        1.22060     -181.92839       15.74119        0.00000        0.00000
            324     -183.11476        1.20635     -181.90842       15.58537        0.00000        0.00000
            325     -183.09076        1.10734     -181.98342       16.07444        0.00000        0.00000
            326     -183.06572        1.08078     -181.98494       16.47861        0.00000        0.00000
            327     -183.07617        0.96857     -182.10760       16.85403        0.00000        0.00000
            328     -183.05354        1.04623     -182.00731       17.23624        0.00000        0.00000
            329     -183.07275        0.97307     -182.09969       17.12119        0.00000        0.00000
            330     -182.88008        0.80213     -182.07796       17.19238        0.00000        0.00000
            331     -183.00351        1.06425     -181.93926       17.05678        0.00000        0.00000
            332     -183.09224        1.11506     -181.97718       16.81312        0.00000        0.00000
            333     -183.02191        1.22468     -181.79723       16.38803        0.00000        0.00000
            334     -183.02480        1.06308     -181.96171       16.02678        0.00000        0.00000
            335     -182.95181        1.14177     -181.81004       15.98497        0.00000        0.00000
            336     -182.69264        0.95873     -181.73391       16.39150        0.00000        0.00000
            337     -182.86520        1.12092     -181.74428       16.20237        0.00000        0.00000
            338     -183.01001        1.27117     -181.73884       16.59054        0.00000        0.00000
            339     -182.83908        1.17488     -181.66420       17.57322        0.00000        0.00000
            340     -182.71597        1.13390     -181.58207       18.58111        0.00000        0.00000
            341     -182.90271        1.33990     -181.56281       18.92921        0.00000        0.00000
            342     -182.83855        1.27787     -181.56068       19.07192        0.00000        0.00000
            343     -182.89320        1.21599     -181.67721       18.41264        0.00000        0.00000
            344     -183.01537        1.27530     -181.74007       17.73264        0.00000        0.00000
            345     -183.00713        1.15893     -181.84819       17.23331        0.00000        0.00000
            346     -183.07660        1.19822     -181.87838       16.74990        0.00000        0.00000
            347     -183.10550        1.24618     -181.85932       16.83464        0.00000        0.00000
            348     -182.93840        1.02436     -181.91404       17.07822        0.00000        0.00000
            349     -182.88843        0.85615     -182.03227       17.40286        0.00000        0.00000
            350     -183.05257        0.97739     -182.07517       17.15602        0.00000        0.00000
            351     -183.05623        0.95335     -182.10288       16.40087        0.00000        0.00000
            352     -182.95229        0.93344     -182.01884       15.94550        0.00000        0.00000
            353     -183.10606        1.06224     -182.04382       15.16081        0.00000        0.00000
            354     -183.23009        1.09076     -182.13932       14.41138        0.00000        0.00000
            355     -183.20905        1.06527     -182.14377       14.43566        0.00000        0.00000
            356     -183.19608        1.05501     -182.14107       14.77635        0.00000        0.00000
            357     -183.25468        1.00747     -182.24721       14.36636        0.00000        0.00000
            358     -183.41641        1.00209     -182.41432       13.50716        0.00000        0.00000
            359     -183.49759        1.02299     -182.47460       13.03687        0.00000        0.00000
            360     -183.31914        0.86498     -182.45415       13.22714        0.00000        0.00000
            361     -183.28064        0.94856     -182.33208       13.08812        0.00000        0.00000
            362     -183.31610        0.97663     -182.33947       12.97141        0.00000        0.00000
            363     -183.32657        0.97657     -182.35000       13.06284        0.00000        0.00000
            364     -183.39418        0.90263     -182.49155       13.20849        0.00000        0.00000
            365     -183.41051        1.03552     -182.37499       13.39544        0.00000        0.00000
            366     -183.30756        0.99728     -182.31028       13.61243        0.00000        0.00000
            367     -183.22813        1.01569     -182.21244       13.78043        0.00000        0.00000
            368     -183.34013        1.01117     -182.32897       13.73089        0.00000        0.00000
            369     -183.28561        1.11612     -182.16950       14.02947        0.00000        0.00000
            370     -183.13011        0.91177     -182.21834       14.38952        0.00000        0.00000
            371     -183.06224        0.91417     -182.14807       15.10172        0.00000        0.00000
            372     -182.94595        0.94177     -182.00418       15.82601        0.00000        0.00000
            373     -182.94560        0.70824     -182.23736       16.10849        0.00000        0.00000
            374     -183.04707        0.79266     -182.25441       16.09924        0.00000        0.00000
            375     -183.00816        1.03285     -181.97531       16.03861        0.00000        0.00000
            376     -182.86275        0.81717     -182.04558       16.21519        0.00000        0.00000
            377     -182.90202        0.95179     -181.95024       16.55527        0.00000        0.00000
            378     -182.97714        1.01514     -181.96201       16.72195        0.00000        0.00000
            379     -183.03117        1.08444     -181.94674       16.01878        0.00000        0.00000
            380     -183.20407        1.18375     -182.02032       15.18313        0.00000        0.00000
            381     -183.28093        1.10337     -182.17756       15.29239        0.00000        0.00000
            382     -183.22327        0.91304     -182.31023       15.62310        0.00000        0.00000
            383     -183.19063        0.94937     -182.24126       15.89637        0.00000        0.00000
            384     -183.20959        0.88260     -182.32699       16.21842        0.00000        0.00000
            385     -183.31509        1.05239     -182.26270       16.39258        0.00000        0.00000
            386     -183.20161        1.04802     -182.15359       16.58052        0.00000        0.00000
            387     -182.91924        0.80586     -182.11337       16.82167        0.00000        0.00000
            388     -182.88521        0.90234     -181.98287       16.72544        0.00000        0.00000
            389     -182.93303        0.96763     -181.96540       16.69692        0.00000        0.00000
            390     -182.82034        0.83088     -181.98946       16.72613        0.00000        0.00000
            391     -182.92944        1.17094     -181.75851       16.21162        0.00000        0.00000
            392     -183.20248        1.29453     -181.90795       15.39912        0.00000        0.00000
            393     -183.35242        1.23733     -182.11508       14.63775        0.00000        0.00000
            394     -183.19980        1.18788     -182.01192       14.66556        0.00000        0.00000
            395     -182.95035        1.04120     -181.90915       15.16267        0.00000        0.00000
            396     -183.11092        1.16144     -181.94947       14.34842        0.00000        0.00000
            397     -183.30501        1.21139     -182.09362       13.70238        0.00000        0.00000
            398     -183.24289        1.14410     -182.09879       13.72485        0.00000        0.00000
            399     -183.08238        1.20847     -181.87391       14.05632        0.00000        0.00000
            400     -182.98076        1.08949     -181.89127       14.43469        0.00000        0.00000
            401     -183.02623        1.03923     -181.98700       14.71344        0.00000        0.00000
            402     -183.05977        0.95085     -182.10891       14.69276        0.00000        0.00000
            403     -183.17657        1.29932     -181.87726       14.67317        0.00000        0.00000
            404     -183.21939        1.16535     -182.05404       14.93204        0.00000        0.00000
            405     -183.22815        1.01006     -182.21809       15.21905        0.00000        0.00000
            406     -183.09119        0.84148     -182.24971       15.55805        0.00000        0.00000
            407     -183.07678        0.73287     -182.34391       15.43285        0.00000        0.00000
            408     -183.18396        0.82651     -182.35745       15.23365        0.00000        0.00000
            409     -183.31876        0.84937     -182.46938       14.89087        0.00000        0.00000
            410     -183.33925        0.81722     -182.52203       14.97614        0.00000        0.00000
            411     -183.23865        0.89622     -182.34242       15.18133        0.00000        0.00000
            412     -183.16745        0.71184     -182.45561       15.45856        0.00000        0.00000
            413     -183.14645        0.81043     -182.33602       15.26102        0.00000        0.00000
            414     -183.21489        0.87897     -182.33592       14.96628        0.00000        0.00000
            415     -183.28752        1.07229     -182.21523       14.66358        0.00000        0.00000
            416     -183.17958        0.88101     -182.29858       14.67215        0.00000        0.00000
            417     -183.04410        0.73015     -182.31394       14.94004        0.00000        0.00000
            418     -183.14473        0.87965     -182.26508       14.79643        0.00000        0.00000
            419     -183.20468        1.09444     -182.11024       14.60511        0.00000        0.00000
            420     -183.19370        0.97699     -182.21671       14.58357        0.00000        0.00000
            421     -183.17371        0.97300     -182.20071       14.56043        0.00000        0.00000
            422     -183.09149        0.86120     -182.23029       14.72661        0.00000        0.00000
            423     -183.12871        0.95695     -182.17176       14.80519        0.00000        0.00000
            424     -183.33934        1.22846     -182.11088       14.47656        0.00000        0.00000
            425     -183.32431        1.07831     -182.24600       14.49287        0.00000        0.00000
            426     -183.21994        1.02694     -182.19300       14.66516        0.00000        0.00000
            427     -183.11377        0.92107     -182.19270       15.40906        0.00000        0.00000
            428     -182.92943        0.90063     -182.02880       16.57924        0.00000        0.00000
            429     -182.80223        0.86256     -181.93967       17.49417        0.00000        0.00000
            430     -182.91660        0.97061     -181.94598       17.32191        0.00000        0.00000
            431     -183.06300        1.16132     -181.90168       16.45061        0.00000        0.00000
            432     -183.01323        1.07683     -181.93639       16.00451        0.00000        0.00000
            433     -182.98509        1.27547     -181.70963       16.00398        0.00000        0.00000
            434     -183.03485        1.21814     -181.81671       16.47638        0.00000        0.00000
            435     -182.96042        1.25578     -181.70464       16.90010        0.00000        0.00000
            436     -182.99217        1.28673     -181.70544       17.27611        0.00000        0.00000
            437     -183.18507        1.37760     -181.80748       17.51402        0.00000        0.00000
            438     -183.16055        1.25936     -181.90119       18.19896        0.00000        0.00000
            439     -182.94897        1.02020     -181.92878       19.71953        0.00000        0.00000
            440     -182.78593        1.02081     -181.76513       20.78371        0.00000        1.00000
            441     -182.73376        0.89898     -181.83478       20.69474        0.00000        1.00000
            442     -182.80569        1.19847     -181.60722       19.53326        0.00000        0.00000
            443     -182.92761        1.14270     -181.78491       18.33498        0.00000        0.00000
            444     -183.00969        1.15553     -181.85416       17.48618        0.00000        0.00000
            445     -183.03841        1.14751     -181.89090       17.05987        0.00000        0.00000
            446     -183.04762        1.20381     -181.84381       16.84342        0.00000        0.00000
            447     -183.11581        1.32587     -181.78994       16.12891        0.00000        0.00000
            448     -183.29442        1.45100     -181.84342       15.06565        0.00000        0.00000
            449     -183.33470        1.39055     -181.94416       14.43317        0.00000        0.00000
            450     -183.25168        1.19674     -182.05493       14.32675        0.00000        0.00000
            451     -183.22975        1.07278     -182.15697       14.47836        0.00000        0.00000
            452     -183.29106        1.13964     -182.15143       14.24310        0.00000        0.00000
            453     -183.26025        1.17124     -182.08902       14.56820        0.00000        0.00000
            454     -183.12514        0.91505     -182.21008       15.41195        0.00000        0.00000
            455     -183.07632        0.88681     -182.18951       15.80828        0.00000        0.00000
            456     -183.17117        0.90640     -182.26478       15.67553        0.00000        0.00000
            457     -183.17165        0.82268     -182.34896       15.59963        0.00000        0.00000
            458     -183.15755        0.87377     -182.28378       15.19635        0.00000        0.00000
            459     -183.26611        1.14979     -182.11632       14.33133        0.00000        0.00000
            460     -183.40335        1.22253     -182.18082       13.58628        0.00000        0.00000
            461     -183.30083        1.06060     -182.24023       13.76668        0.00000        0.00000
            462     -183.17812        0.95187     -182.22625       14.11534        0.00000        0.00000
            463     -183.30690        1.04492     -182.26198       14.03115        0.00000        0.00000
            464     -183.36858        1.27122     -182.09736       13.77260        0.00000        0.00000
            465     -183.21172        1.06563     -182.14609       14.09111        0.00000        0.00000
            466     -183.27715        1.17901     -182.09814       14.64209        0.00000        0.00000
            467     -183.20540        1.05467     -182.15073       15.57851        0.00000        0.00000
            468     -182.97023        0.96295     -182.00728       16.47536        0.00000        0.00000
            469     -183.01625        0.90760     -182.10865       16.74481        0.00000        0.00000
            470     -183.24530        0.99892     -182.24639       16.29298        0.00000        0.00000
            471     -183.21614        0.91626     -182.29988       15.78077        0.00000        0.00000
            472     -183.18893        1.04101     -182.14792       15.52739        0.00000        0.00000
            473     -183.20628        1.00288     -182.20341       15.44520        0.00000        0.00000
            474     -183.08478        0.83493     -182.24985       15.34213        0.00000        0.00000
            475     -183.04051        0.92907     -182.11144       15.30866        0.00000        0.00000
            476     -183.12245        0.92812     -182.19433       15.30747        0.00000        0.00000
            477     -183.14655        0.82767     -182.31888       15.23172        0.00000        0.00000
            478     -183.18370        1.00312     -182.18058       15.01992        0.00000        0.00000
            479     -183.26395        1.03476     -182.22918       14.54108        0.00000        0.00000
            480     -183.29826        1.05932     -182.23894       14.56870        0.00000        0.00000
            481     -183.19646        0.95674     -182.23971       14.86667        0.00000        0.00000
            482     -183.26042        0.98639     -182.27403       14.69109        0.00000        0.00000
            483     -183.34279        1.16691     -182.17588       14.23974        0.00000        0.00000
            484     -183.29788        1.14697     -182.15091       14.23458        0.00000        0.00000
            485     -183.19879        1.25441     -181.94438       14.44035        0.00000        0.00000
            486     -183.24358        1.24482     -181.99875       14.36866        0.00000        0.00000
            487     -183.02895        1.05037     -181.97857       14.95528        0.00000        0.00000
            488     -182.88652        0.88138     -182.00514       15.70930        0.00000        0.00000
            489     -182.94556        0.92057     -182.02499       16.14926        0.00000        0.00000
            490     -183.10638        0.99421     -182.11218       16.11945        0.00000        0.00000
            491     -183.11566        1.00860     -182.10706       16.07755        0.00000        0.00000
            492     -183.18137        1.20559     -181.97578       15.90031        0.00000        0.00000
            493     -183.24644        1.22123     -182.02521       15.81103        0.00000        0.00000
            494     -183.06847        1.10563     -181.96284       16.03410        0.00000        0.00000
            495     -182.94743        1.00258     -181.94486       16.34980        0.00000        0.00000
            496     -183.10803        1.14291     -181.96512       16.24337        0.00000        0.00000
            497     -183.14105        1.12019     -182.02086       16.69190        0.00000        0.00000
            498     -182.91650        0.79323     -182.12327       17.56045        0.00000        0.00000
            499     -182.96417        0.81300     -182.15117       17.84976        0.00000        0.00000
            500     -183.03542        0.82619     -182.20923       17.41017        0.00000        0.00000
            501     -182.90674        0.91481     -181.99193       16.95638        0.00000        0.00000
            502     -183.05005        1.18233     -181.86772       16.06331        0.00000        0.00000
            503     -183.20612        1.11675     -182.08937       15.48591        0.00000        0.00000
            504     -182.92995        0.94907     -181.98088       15.76624        0.00000        0.00000
            505     -182.80467        0.90399     -181.90068       15.85640        0.00000        0.00000
            506     -183.07196        1.23717     -181.83479       15.08444        0.00000        0.00000
            507     -183.08540        1.06475     -182.02065       14.79680        0.00000        0.00000
            508     -183.18611        1.04287     -182.14325       14.74613        0.00000        0.00000
            509     -183.31000        1.10524     -182.20475       14.92978        0.00000        0.00000
            510     -183.22252        0.95331     -182.26921       15.67832        0.00000        0.00000
            511     -182.95169        0.81196     -182.13973       16.41353        0.00000        0.00000
            512     -182.93588        0.85242     -182.08347       16.60440        0.00000        0.00000
            513     -183.07172        0.99204     -182.07968       16.45045        0.00000        0.00000
            514     -183.18034        1.01675     -182.16359       16.33308        0.00000        0.00000
            515     -183.17200        1.02776     -182.14423       16.30869        0.00000        0.00000
            516     -183.17686        1.12581     -182.05105       16.12449        0.00000        0.00000
            517     -183.20642        1.02313     -182.18329       15.55152        0.00000        0.00000
            518     -183.25079        0.91216     -182.33864       15.23378        0.00000        0.00000
            519     -183.18903        0.69166     -182.49737       15.23524        0.00000        0.00000
            520     -183.18132        0.77338     -182.40794       15.24500        0.00000        0.00000
            521     -183.21199        0.95936     -182.25263       15.10074        0.00000        0.00000
            522     -183.19298        0.88518     -182.30780       15.19523        0.00000        0.00000
            523     -183.08632        0.79652     -182.28980       15.40363        0.00000        0.00000
            524     -182.97124        0.86043     -182.11080       15.30729        0.00000        0.00000
            525     -183.04477        0.98135     -182.06342       14.93472        0.00000        0.00000
            526     -183.11482        1.06958     -182.04525       14.70945        0.00000        0.00000
            527     -183.20769        1.25838     -181.94931       14.53092        0.00000        0.00000
            528     -183.16011        0.95366     -182.20645       15.04540        0.00000        0.00000
            529     -183.03450        1.06893     -181.96557       16.04110        0.00000        0.00000
            530     -182.88364        0.82511     -182.05853       17.31776        0.00000        0.00000
            531     -182.83960        0.80892     -182.03068       17.69144        0.00000        0.00000
            532     -182.94112        0.92709     -182.01403       17.59189        0.00000        0.00000
            533     -183.03725        1.02684     -182.01040       17.52736        0.00000        0.00000
            534     -183.01373        1.03598     -181.97775       16.85398        0.00000        0.00000
            535     -183.08687        1.11958     -181.96729       15.82799        0.00000        0.00000
            536     -183.21997        1.34311     -181.87686       15.21324        0.00000        0.00000
            537     -183.14203        1.38660     -181.75542       15.46671        0.00000        0.00000
            538     -182.94601        1.23612     -181.70990       15.88501        0.00000        0.00000
            539     -183.05992        1.15021     -181.90971       15.42683        0.00000        0.00000
            540     -183.23167        1.21176     -182.01991       14.78043        0.00000        0.00000
            541     -183.20432        1.22356     -181.98075       14.90372        0.00000        0.00000
            542     -183.11368        1.04368     -182.07000       15.37798        0.00000        0.00000
            543     -183.04068        1.09743     -181.94325       16.24064        0.00000        0.00000
            544     -182.89763        1.00498     -181.89265       17.10495        0.00000        0.00000
            545     -182.82436        0.93279     -181.89157       17.55203        0.00000        0.00000
            546     -182.85095        0.87407     -181.97688       17.52971        0.00000        0.00000
            547     -182.86043        0.74445     -182.11598       17.37347        0.00000        0.00000
            548     -182.91463        0.87405     -182.04058       17.03514        0.00000        0.00000
            549     -183.14146        1.13707     -182.00439       15.90452        0.00000        0.00000
            550     -183.45795        1.32548     -182.13247       14.74988        0.00000        0.00000
            551     -183.52560        1.39606     -182.12954       14.52585        0.00000        0.00000
            552     -183.31168        1.23153     -182.08015       15.03552        0.00000        0.00000
            553     -183.20490        1.02358     -182.18131       15.47465        0.00000        0.00000
            554     -183.25728        1.08626     -182.17102       15.42831        0.00000        0.00000
            555     -183.12230        0.93314     -182.18916       15.33155        0.00000        0.00000
            556     -183.19823        1.06707     -182.13116       15.03709        0.00000        0.00000
            557     -183.29077        1.11180     -182.17897       14.76636        0.00000        0.00000
            558     -183.24377        0.95031     -182.29347       14.40555        0.00000        0.00000
            559     -183.13060        0.85588     -182.27472       14.41262        0.00000        0.00000
            560     -183.07968        0.88417     -182.19551       14.68828        0.00000        0.00000
            561     -183.08687        0.77705     -182.30982       14.82996        0.00000        0.00000
            562     -183.16386        0.89671     -182.26715       14.50015        0.00000        0.00000
            563     -183.25543        1.12141     -182.13402       14.20443        0.00000        0.00000
            564     -183.19444        1.08940     -182.10504       14.77209        0.00000        0.00000
            565     -183.16457        0.93576     -182.22881       15.74271        0.00000        0.00000
            566     -182.94246        0.77807     -182.16439       16.72909        0.00000        0.00000
            567     -182.85297        0.72678     -182.12619       17.17290        0.00000        0.00000
            568     -183.08163        1.01796     -182.06367       16.90309        0.00000        0.00000
            569     -182.97552        0.84767     -182.12786       17.10941        0.00000        0.00000
            570     -182.89320        1.02352     -181.86968       17.24827        0.00000        0.00000
            571     -182.88701        0.96065     -181.92636       17.40416        0.00000        0.00000
            572     -182.97868        0.94765     -182.03104       17.52543        0.00000        0.00000
            573     -182.98241        0.94940     -182.03301       17.80849        0.00000        0.00000
            574     -182.83049        1.00702     -181.82347       18.18824        0.00000        0.00000
            575     -182.92586        1.29470     -181.63116       18.31783        0.00000        0.00000
            576     -182.95921        1.20994     -181.74927       18.64511        0.00000        0.00000
            577     -182.86591        1.08799     -181.77792       18.83653        0.00000        0.00000
            578     -182.73122        0.99372     -181.73750       19.05032        0.00000        0.00000
            579     -182.90027        0.97788     -181.92239       18.57899        0.00000        0.00000
            580     -183.01041        1.07732     -181.93309       18.11798        0.00000        0.00000
            581     -182.96533        1.05616     -181.90918       17.77542        0.00000        0.00000
            582     -183.03015        1.29717     -181.73298       17.12013        0.00000        0.00000
            583     -183.20819        1.40083     -181.80736       16.48921        0.00000        0.00000
            584     -183.31375        1.51891     -181.79484       16.14421        0.00000        0.00000
            585     -183.17332        1.23386     -181.93947       16.52991        0.00000        0.00000
            586     -182.99239        1.08118     -181.91120       16.98091        0.00000        0.00000
            587     -183.01154        0.99008     -182.02145       16.75817        0.00000        0.00000
            588     -183.12982        0.95061     -182.17921       16.11983        0.00000        0.00000
            589     -183.19505        1.16543     -182.02963       15.52292        0.00000        0.00000
            590     -183.21068        1.30831     -181.90237       15.36057        0.00000        0.00000
            591     -183.14845        0.98365     -182.16480       15.71533        0.00000        0.00000
            592     -183.09398        0.77671     -182.31727       16.14446        0.00000        0.00000
            593     -183.12802        0.93382     -182.19420       16.26949        0.00000        0.00000
            594     -183.16942        0.98023     -182.18919       16.10967        0.00000        0.00000
            595     -183.26686        1.01209     -182.25477       15.94001        0.00000        0.00000
            596     -183.27686        0.99675     -182.28010       15.78557        0.00000        0.00000
            597     -183.13916        0.72774     -182.41142       16.04980        0.00000        0.00000
            598     -183.23329        0.88220     -182.35109       16.03863        0.00000        0.00000
            599     -183.24921        1.00756     -182.24164       15.97881        0.00000        0.00000
            600     -183.19070        1.04528     -182.14543       16.34491        0.00000        0.00000
            601     -183.23973        1.03640     -182.20333       16.64134        0.00000        0.00000
            602     -183.31369        1.00555     -182.30814       16.78632        0.00000        0.00000
            603     -183.22401        0.80553     -182.41848       17.14002        0.00000        0.00000
            604     -183.18321        0.85885     -182.32437       17.12704        0.00000        0.00000
            605     -183.14374        0.86935     -182.27439       17.10045        0.00000        0.00000
            606     -183.22673        1.06375     -182.16298       16.64651        0.00000        0.00000
            607     -183.32834        1.23983     -182.08851       16.82076        0.00000        0.00000
            608     -183.09135        1.05209     -182.03927       17.77125        0.00000        0.00000
            609     -182.99725        0.80339     -182.19387       18.37556        0.00000        0.00000
            610     -183.06729        0.92843     -182.13887       18.96906        0.00000        0.00000
            611     -182.95605        0.84809     -182.10796       19.68156        0.00000        0.00000
            612     -182.87608        0.79181     -182.08428       20.23579        0.00000        0.00000
            613     -183.01814        0.87923     -182.13891       20.06575        0.00000        0.00000
            614     -183.13640        1.13438     -182.00202       19.60121        0.00000        0.00000
            615     -183.17070        1.03195     -182.13875       19.23711        0.00000        0.00000
            616     -183.25140        1.19403     -182.05738       19.13670        0.00000        0.00000
            617     -183.17561        1.07805     -182.09756       19.39214        0.00000        0.00000
            618     -183.24345        1.05936     -182.18410       19.78662        0.00000        0.00000
            619     -183.13678        0.86741     -182.26937       20.05814        0.00000        0.00000
            620     -183.01552        0.62759     -182.38793       20.09604        0.00000        0.00000
            621     -183.15633        0.71542     -182.44091       19.49353        0.00000        0.00000
            622     -183.26782        0.81053     -182.45729       18.92920        0.00000        0.00000
            623     -183.28816        0.94864     -182.33952       18.48292        0.00000        0.00000
            624     -183.26900        1.11617     -182.15283       17.83054        0.00000        0.00000
            625     -183.24223        1.15331     -182.08893       17.88946        0.00000        0.00000
            626     -183.28893        1.34960     -181.93933       18.33463        0.00000        0.00000
            627     -183.24658        1.38042     -181.86616       18.84009        0.00000        0.00000
            628     -183.07324        1.20826     -181.86499       19.61981        0.00000        0.00000
            629     -183.04984        1.20828     -181.84155       20.36906        0.00000        1.00000
            630     -183.12460        1.31832     -181.80629       20.36733        0.00000        1.00000
            631     -182.95630        1.14192     -181.81438       20.44932        0.00000        1.00000
            632     -182.93007        1.08920     -181.84087       20.59950        0.00000        1.00000
            633     -183.11620        1.09169     -182.02450       20.30033        0.00000        0.00000
            634     -182.97581        0.93200     -182.04381       20.10173        0.00000        0.00000
            635     -182.72365        0.87188     -181.85177       20.12462        0.00000        0.00000
            636     -182.89589        1.05154     -181.84435       19.61782        0.00000        0.00000
            637     -182.99049        1.33055     -181.65994       19.03975        0.00000        0.00000
            638     -182.75661        1.01041     -181.74620       18.86421        0.00000        0.00000
            639     -182.70081        0.99671     -181.70409       18.66206        0.00000        0.00000
            640     -182.92085        1.05213     -181.86872       17.83328        0.00000        0.00000
            641     -183.06352        1.23936     -181.82416       17.24864        0.00000        0.00000
            642     -182.72865        1.01378     -181.71487       17.09168        0.00000        0.00000
            643     -182.95872        1.06602     -181.89271       15.93124        0.00000        0.00000
            644     -183.11908        1.20263     -181.91645       14.89597        0.00000        0.00000
            645     -183.13872        1.25526     -181.88346       14.21414        0.00000        0.00000
            646     -183.20113        1.42660     -181.77453       13.88670        0.00000        0.00000
            647     -183.17482        1.29806     -181.87676       14.08142        0.00000        0.00000
            648     -183.07072        0.98828     -182.08244       14.63809        0.00000        0.00000
            649     -182.94054        0.95876     -181.98177       15.07826        0.00000        0.00000
            650     -182.99867        1.07470     -181.92397       15.03034        0.00000        0.00000
            651     -183.15108        1.16275     -181.98832       14.71031        0.00000        0.00000
            652     -183.04149        1.13691     -181.90458       15.05035        0.00000        0.00000
            653     -183.05264        0.99620     -182.05644       15.32430        0.00000        0.00000
            654     -183.07938        1.10323     -181.97614       15.18524        0.00000        0.00000
            655     -183.04295        1.15203     -181.89092       14.98991        0.00000        0.00000
            656     -183.14688        1.31777     -181.82911       14.59598        0.00000        0.00000
            657     -183.31749        1.39112     -181.92637       14.19749        0.00000        0.00000
            658     -182.97990        1.18025     -181.79965       14.76541        0.00000        0.00000
            659     -182.87370        1.07765     -181.79605       15.36343        0.00000        0.00000
            660     -183.18095        1.44065     -181.74031       15.32068        0.00000        0.00000
            661     -182.85904        1.28527     -181.57377       16.04773        0.00000        0.00000
            662     -182.80562        1.17083     -181.63479       16.26822        0.00000        0.00000
            663     -183.06288        1.24007     -181.82281       16.05099        0.00000        0.00000
            664     -182.98781        1.04548     -181.94232       16.66483        0.00000        0.00000
            665     -182.87842        0.88116     -181.99726       17.24846        0.00000        0.00000
            666     -183.02133        1.11044     -181.91089       17.21131        0.00000        0.00000
            667     -183.02307        0.85761     -182.16546       17.52101        0.00000        0.00000
            668     -182.92464        0.88851     -182.03612       17.50991        0.00000        0.00000
            669     -183.14236        0.95949     -182.18288       16.96286        0.00000        0.00000
            670     -183.23717        1.17555     -182.06162       16.48100        0.00000        0.00000
            671     -183.20166        1.20422     -181.99744       16.44467        0.00000        0.00000
            672     -183.29587        1.05088     -182.24499       16.32922        0.00000        0.00000
            673     -183.29202        1.16077     -182.13125       16.32713        0.00000        0.00000
            674     -183.21432        0.99180     -182.22253       16.43642        0.00000        0.00000
            675     -183.21916        0.90881     -182.31035       16.76239        0.00000        0.00000
            676     -183.16411        0.83875     -182.32536       17.38277        0.00000        0.00000
            677     -183.15373        0.72735     -182.42638       17.91548        0.00000        0.00000
            678     -183.17850        0.88985     -182.28865       17.65953        0.00000        0.00000
            679     -183.14496        0.94234     -182.20262       17.32769        0.00000        0.00000
            680     -183.13945        0.86644     -182.27301       17.23037        0.00000        0.00000
            681     -183.22226        0.88085     -182.34141       17.17808        0.00000        0.00000
            682     -183.20786        0.88477     -182.32308       17.02436        0.00000        0.00000
            683     -183.13895        0.87362     -182.26532       16.38671        0.00000        0.00000
            684     -183.27199        1.06392     -182.20807       15.42029        0.00000        0.00000
            685     -183.19319        1.06192     -182.13127       15.15491        0.00000        0.00000
            686     -182.93947        1.02340     -181.91607       15.10545        0.00000        0.00000
            687     -183.13231        1.18008     -181.95223       14.83167        0.00000        0.00000
            688     -183.24362        1.17150     -182.07213       14.78740        0.00000        0.00000
            689     -183.11363        0.87583     -182.23780       15.03203        0.00000        0.00000
            690     -183.19824        0.83739     -182.36085       15.20377        0.00000        0.00000
            691     -183.31273        0.93637     -182.37636       15.23215        0.00000        0.00000
            692     -183.11661        0.83753     -182.27908       15.51283        0.00000        0.00000
            693     -183.13466        0.84226     -182.29240       15.31678        0.00000        0.00000
            694     -183.23309        0.88199     -182.35111       14.95136        0.00000        0.00000
            695     -183.12157        0.95850     -182.16307       14.75271        0.00000        0.00000
            696     -183.10818        0.92180     -182.18638       14.41319        0.00000        0.00000
            697     -183.17673        1.13728     -182.03945       14.23182        0.00000        0.00000
            698     -183.25754        1.18738     -182.07015       14.39145        0.00000        0.00000
            699     -183.02959        1.17200     -181.85758       15.01969        0.00000        0.00000
            700     -183.00195        0.95954     -182.04242       15.38815        0.00000        0.00000
            701     -183.15350        1.06392     -182.08959       15.65752        0.00000        0.00000
            702     -183.03612        1.00243     -182.03369       16.32927        0.00000        0.00000
            703     -182.91339        0.74039     -182.17300       16.98569        0.00000        0.00000
            704     -183.05418        0.96199     -182.09219       16.41292        0.00000        0.00000
            705     -183.07700        0.92894     -182.14805       15.38783        0.00000        0.00000
            706     -183.05717        0.93731     -182.11986       14.70504        0.00000        0.00000
            707     -183.23122        1.01184     -182.21938       14.20979        0.00000        0.00000
            708     -183.30786        0.98550     -182.32236       14.23430        0.00000        0.00000
            709     -183.22739        0.70193     -182.52545       14.50583        0.00000        0.00000
            710     -183.23775        0.98269     -182.25506       14.59670        0.00000        0.00000
            711     -183.26642        1.07206     -182.19436       14.61581        0.00000        0.00000
            712     -183.14517        0.92608     -182.21909       15.03156        0.00000        0.00000
            713     -183.08333        0.73880     -182.34453       15.27963        0.00000        0.00000
            714     -183.19693        0.84536     -182.35157       14.90828        0.00000        0.00000
            715     -183.16454        0.84615     -182.31839       14.78452        0.00000        0.00000
            716     -183.19650        0.77711     -182.41939       14.48015        0.00000        0.00000
            717     -183.41217        0.92817     -182.48400       13.70369        0.00000        0.00000
            718     -183.36449        0.90044     -182.46404       13.47697        0.00000        0.00000
            719     -183.25992        0.86911     -182.39081       13.63985        0.00000        0.00000
            720     -183.45047        1.12737     -182.32310       13.39613        0.00000        0.00000
            721     -183.38338        1.07318     -182.31020       13.56326        0.00000        0.00000
            722     -183.17345        0.86597     -182.30748       13.73676        0.00000        0.00000
            723     -183.21002        1.10964     -182.10038       13.76025        0.00000        0.00000
            724     -183.31673        1.16806     -182.14867       13.85884        0.00000        0.00000
            725     -183.16985        0.92413     -182.24571       14.38744        0.00000        0.00000
            726     -183.09729        0.90345     -182.19384       14.71487        0.00000        0.00000
            727     -183.21515        0.93004     -182.28511       14.74409        0.00000        0.00000
            728     -183.22325        0.91566     -182.30759       14.53088        0.00000        0.00000
            729     -183.09169        0.87958     -182.21211       14.60219        0.00000        0.00000
            730     -183.22136        1.05153     -182.16983       14.87038        0.00000        0.00000
            731     -183.26469        1.21372     -182.05097       15.16230        0.00000        0.00000
            732     -183.22722        1.13764     -182.08958       15.42005        0.00000        0.00000
            733     -183.16594        1.07574     -182.09020       15.46133        0.00000        0.00000
            734     -183.26707        1.00306     -182.26402       15.17110        0.00000        0.00000
            735     -183.29785        0.99217     -182.30568       15.28239        0.00000        0.00000
            736     -183.23619        1.04736     -182.18883       15.45279        0.00000        0.00000
            737     -183.20889        0.99393     -182.21496       15.69258        0.00000        0.00000
            738     -183.24049        1.04794     -182.19255       15.68725        0.00000        0.00000
            739     -183.14911        1.00737     -182.14174       15.79034        0.00000        0.00000
            740     -183.05910        0.94075     -182.11835       15.91680        0.00000        0.00000
            741     -182.99382        0.71608     -182.27774       15.72523        0.00000        0.00000
            742     -183.10683        0.88657     -182.22026       15.35738        0.00000        0.00000
            743     -183.27875        0.89756     -182.38119       15.32430        0.00000        0.00000
            744     -183.21799        0.89177     -182.32622       15.44740        0.00000        0.00000
            745     -183.08754        0.73984     -182.34770       15.64588        0.00000        0.00000
            746     -183.15266        0.78776     -182.36491       15.68588        0.00000        0.00000
            747     -183.25504        0.71795     -182.53708       15.56450        0.00000        0.00000
            748     -183.16090        0.72196     -182.43894       15.29130        0.00000        0.00000
            749     -183.21259        0.91347     -182.29912       15.13259        0.00000        0.00000
            750     -183.25729        1.07224     -182.18505       15.40624        0.00000        0.00000
            751     -183.24608        0.93949     -182.30659       15.71006        0.00000        0.00000
            752     -183.20180        0.87688     -182.32491       16.13413        0.00000        0.00000
            753     -183.22612        0.85881     -182.36731       16.44583        0.00000        0.00000
            754     -183.23914        0.87964     -182.35950       16.69981        0.00000        0.00000
            755     -183.23872        1.14139     -182.09733       16.92193        0.00000        0.00000
            756     -183.21683        1.04725     -182.16958       17.24918        0.00000        0.00000
            757     -183.29556        0.99068     -182.30488       16.88553        0.00000        0.00000
            758     -183.31717        0.91293     -182.40424       16.63322        0.00000        0.00000
            759     -183.34491        1.10985     -182.23506       16.74413        0.00000        0.00000
            760     -183.36336        1.09725     -182.26611       17.06789        0.00000        0.00000
            761     -183.23569        0.90555     -182.33014       17.78941        0.00000        0.00000
            762     -183.11455        0.98386     -182.13068       18.44730        0.00000        0.00000
            763     -183.06277        1.04052     -182.02225       19.26457        0.00000        0.00000
            764     -182.98740        0.95970     -182.02769       20.09237        0.00000        0.00000
            765     -182.88091        0.88924     -181.99167       20.83061        0.00000        1.00000
            766     -182.82155        0.91198     -181.90957       21.25673        0.00000        1.00000
            767     -182.75034        0.82618     -181.92415       21.18376        0.00000        1.00000
            768     -182.85588        0.90820     -181.94768       20.68260        0.00000        1.00000
            769     -183.02356        1.04389     -181.97967       20.00206        0.00000        0.00000
            770     -183.06738        1.14848     -181.91890       19.72662        0.00000        0.00000
            771     -183.05963        1.08985     -181.96978       19.65707        0.00000        0.00000
            772     -183.02095        0.98640     -182.03455       19.43045        0.00000        0.00000
            773     -183.05896        0.86593     -182.19303       18.90950        0.00000        0.00000
            774     -183.18590        0.92200     -182.26390       18.16834        0.00000        0.00000
            775     -183.23427        0.89555     -182.33872       18.05203        0.00000        0.00000
            776     -183.24268        0.76132     -182.48136       18.13061        0.00000        0.00000
            777     -183.25560        0.79096     -182.46464       17.67926        0.00000        0.00000
            778     -183.19237        0.79121     -182.40116       17.11668        0.00000        0.00000
            779     -183.19804        0.82034     -182.37770       16.73743        0.00000        0.00000
            780     -183.30884        0.80232     -182.50652       16.35832        0.00000        0.00000
            781     -183.36928        0.95184     -182.41744       16.17905        0.00000        0.00000
            782     -183.29976        1.03488     -182.26488       16.32526        0.00000        0.00000
            783     -183.36362        1.10983     -182.25378       16.54912        0.00000        0.00000
            784     -183.21501        0.82171     -182.39331       17.30551        0.00000        0.00000
            785     -183.16666        0.72839     -182.43827       17.61004        0.00000        0.00000
            786     -183.30666        0.93289     -182.37377       17.13150        0.00000        0.00000
            787     -183.36885        0.98643     -182.38242       16.32113        0.00000        0.00000
            788     -183.27046        1.02714     -182.24332       16.11130        0.00000        0.00000
            789     -183.34465        1.01885     -182.32580       16.25560        0.00000        0.00000
            790     -183.18393        0.91440     -182.26953       17.20668        0.00000        0.00000
            791     -183.12256        0.82276     -182.29980       17.34108        0.00000        0.00000
            792     -183.10918        0.92395     -182.18523       16.73426        0.00000        0.00000
            793     -183.15640        0.85398     -182.30242       15.68754        0.00000        0.00000
            794     -183.36583        0.95121     -182.41462       14.48088        0.00000        0.00000
            795     -183.41057        0.82283     -182.58774       14.06082        0.00000        0.00000
            796     -183.30585        0.82992     -182.47593       14.01851        0.00000        0.00000
            797     -183.31943        0.90836     -182.41107       13.79028        0.00000        0.00000
            798     -183.41908        0.98902     -182.43007       13.62250        0.00000        0.00000
            799     -183.39925        1.13389     -182.26535       13.71606        0.00000        0.00000
            800     -183.25391        1.09793     -182.15598       14.27323        0.00000        0.00000
            801     -183.20561        1.06034     -182.14528       14.89069        0.00000        0.00000
            802     -183.24429        1.04243     -182.20186       15.28756        0.00000        0.00000
            803     -183.32634        1.08260     -182.24374       15.41873        0.00000        0.00000
            804     -183.32710        0.97011     -182.35699       15.20375        0.00000        0.00000
            805     -183.20685        0.83646     -182.37039       15.03853        0.00000        0.00000
            806     -183.34186        0.80770     -182.53416       14.10260        0.00000        0.00000
            807     -183.34705        0.87685     -182.47020       13.41037        0.00000        0.00000
            808     -183.15263        0.94566     -182.20697       13.43920        0.00000        0.00000
            809     -183.10796        0.84806     -182.25989       13.61482        0.00000        0.00000
            810     -183.13918        0.92344     -182.21574       13.86563        0.00000        0.00000
            811     -183.10046        1.02149     -182.07897       14.54414        0.00000        0.00000
            812     -182.97028        0.99417     -181.97611       14.84130        0.00000        0.00000
            813     -182.82953        0.93808     -181.89145       14.75576        0.00000        0.00000
            814     -182.92474        1.05854     -181.86620       14.70512        0.00000        0.00000
            815     -183.12762        1.33504     -181.79259       14.70588        0.00000        0.00000
            816     -183.02077        1.08111     -181.93965       15.29503        0.00000        0.00000
            817     -182.80479        0.82115     -181.98365       16.12399        0.00000        0.00000
            818     -182.85121        0.91448     -181.93673       16.05682        0.00000        0.00000
            819     -183.11218        1.18610     -181.92608       15.76606        0.00000        0.00000
            820     -183.18973        1.18472     -182.00501       15.85116        0.00000        0.00000
            821     -183.01024        1.01874     -181.99150       16.10303        0.00000        0.00000
            822     -183.11801        1.04524     -182.07278       15.80771        0.00000        0.00000
            823     -183.33212        1.25322     -182.07890       15.21758        0.00000        0.00000
            824     -183.13078        1.06596     -182.06482       15.25338        0.00000        0.00000
            825     -183.07886        1.00155     -182.07731       15.62467        0.00000        0.00000
            826     -183.27589        1.07174     -182.20416       15.74123        0.00000        0.00000
            827     -183.37595        1.08083     -182.29512       16.16404        0.00000        0.00000
            828     -183.32674        1.01278     -182.31395       16.91884        0.00000        0.00000
            829     -183.29660        0.95603     -182.34058       17.05240        0.00000        0.00000
            830     -183.32504        0.88509     -182.43995       16.91262        0.00000        0.00000
            831     -183.26312        0.83697     -182.42615       17.12792        0.00000        0.00000
            832     -183.22691        0.86483     -182.36208       17.57214        0.00000        0.00000
            833     -183.25468        0.81896     -182.43573       18.00837        0.00000        0.00000
            834     -183.24913        0.92946     -182.31967       18.13188        0.00000        0.00000
            835     -183.23921        1.10495     -182.13426       17.86875        0.00000        0.00000
            836     -183.05539        0.90216     -182.15322       18.00925        0.00000        0.00000
            837     -183.04955        0.87399     -182.17556       18.04111        0.00000        0.00000
            838     -183.25618        0.87500     -182.38118       17.63787        0.00000        0.00000
            839     -183.25877        1.09515     -182.16363       17.55149        0.00000        0.00000
            840     -183.10362        1.04995     -182.05367       17.74926        0.00000        0.00000
            841     -183.11520        1.15915     -181.95606       17.22004        0.00000        0.00000
            842     -183.20107        1.31124     -181.88982       16.51341        0.00000        0.00000
            843     -183.16135        1.22977     -181.93158       15.96894        0.00000        0.00000
            844     -183.14566        0.95303     -182.19263       15.45396        0.00000        0.00000
            845     -183.30704        1.10551     -182.20153       14.86065        0.00000        0.00000
            846     -183.33641        1.02987     -182.30654       14.55899        0.00000        0.00000
            847     -183.21043        0.88074     -182.32969       14.46671        0.00000        0.00000
            848     -183.24477        0.84763     -182.39714       13.82972        0.00000        0.00000
            849     -183.42328        0.94868     -182.47460       12.88765        0.00000        0.00000
            850     -183.47495        0.90934     -182.56560       12.56532        0.00000        0.00000
            851     -183.46443        0.82459     -182.63984       12.99394        0.00000        0.00000
            852     -183.46925        0.70132     -182.76794       13.40588        0.00000        0.00000
            853     -183.44437        0.76582     -182.67855       13.67310        0.00000        0.00000
            854     -183.44894        0.85954     -182.58940       13.75646        0.00000        0.00000
            855     -183.44853        1.04302     -182.40551       13.70135        0.00000        0.00000
            856     -183.31657        0.84258     -182.47399       13.95957        0.00000        0.00000
            857     -183.24361        0.66857     -182.57504       13.91045        0.00000        0.00000
            858     -183.29956        0.65401     -182.64555       13.52866        0.00000        0.00000
            859     -183.35387        0.80482     -182.54905       13.21143        0.00000        0.00000
            860     -183.37802        0.91337     -182.46465       12.83366        0.00000        0.00000
            861     -183.53905        1.15579     -182.38326       12.54126        0.00000        0.00000
            862     -183.42647        1.02532     -182.40115       13.18927        0.00000        0.00000
            863     -183.32237        0.82223     -182.50015       14.00512        0.00000        0.00000
            864     -183.30106        0.74354     -182.55751       14.61114        0.00000        0.00000
            865     -183.10529        0.60670     -182.49859       15.19295        0.00000        0.00000
            866     -183.03871        0.66196     -182.37675       15.42441        0.00000        0.00000
            867     -183.20250        0.98089     -182.22161       15.04516        0.00000        0.00000
            868     -183.16516        0.97952     -182.18564       14.83656        0.00000        0.00000
            869     -183.32191        0.91158     -182.41034       14.68498        0.00000        0.00000
            870     -183.36588        0.90925     -182.45662       14.70697        0.00000        0.00000
            871     -183.23778        0.80849     -182.42928       14.73844        0.00000        0.00000
            872     -183.28258        0.97436     -182.30822       14.61944        0.00000        0.00000
            873     -183.22162        0.89229     -182.32933       14.75529        0.00000        0.00000
            874     -183.10112        0.66796     -182.43316       15.12829        0.00000        0.00000
            875     -183.20067        0.76337     -182.43730       15.02245        0.00000        0.00000
            876     -183.33701        0.96125     -182.37575       14.76885        0.00000        0.00000
            877     -183.31793        1.04002     -182.27791       14.85076        0.00000        0.00000
            878     -183.34409        1.01031     -182.33377       14.92240        0.00000        0.00000
            879     -183.35884        1.25586     -182.10298       14.77364        0.00000        0.00000
            880     -183.16501        1.16201     -182.00300       14.72439        0.00000        0.00000
            881     -183.24342        1.28410     -181.95932       14.33405        0.00000        0.00000
            882     -183.25290        1.17169     -182.08121       14.08282        0.00000        0.00000
            883     -183.16486        1.08819     -182.07667       14.19659        0.00000        0.00000
            884     -183.24437        1.13250     -182.11187       14.17412        0.00000        0.00000
            885     -183.28741        1.13548     -182.15194       14.19176        0.00000        0.00000
            886     -183.18182        0.92809     -182.25373       14.54398        0.00000        0.00000
            887     -183.19133        0.74124     -182.45009       14.67426        0.00000        0.00000
            888     -183.33685        0.85223     -182.48462       14.54640        0.00000        0.00000
            889     -183.12592        0.88863     -182.23729       14.94451        0.00000        0.00000
            890     -182.99886        0.73109     -182.26776       15.22734        0.00000        0.00000
            891     -183.30795        1.00274     -182.30521       14.74528        0.00000        0.00000
            892     -183.29028        0.96520     -182.32509       14.62616        0.00000        0.00000
            893     -183.02582        0.84060     -182.18522       15.05704        0.00000        0.00000
            894     -183.23009        0.98052     -182.24957       14.98061        0.00000        0.00000
            895     -183.22878        0.91866     -182.31012       15.18201        0.00000        0.00000
            896     -183.08887        0.88062     -182.20825       15.49120        0.00000        0.00000
            897     -183.22676        0.99372     -182.23305       15.16482        0.00000        0.00000
            898     -183.45720        1.08683     -182.37037       14.22753        0.00000        0.00000
            899     -183.36839        1.14139     -182.22700       13.91564        0.00000        0.00000
            900     -183.34459        1.10255     -182.24204       13.86686        0.00000        0.00000
            901     -183.34506        0.97338     -182.37169       13.70583        0.00000        0.00000
            902     -183.32024        0.85323     -182.46701       13.79321        0.00000        0.00000
            903     -183.34904        0.69949     -182.64956       13.88320        0.00000        0.00000
            904     -183.30905        0.76025     -182.54880       14.30099        0.00000        0.00000
            905     -183.23457        0.77072     -182.46385       14.62993        0.00000        0.00000
            906     -183.16609        0.71114     -182.45495       14.71518        0.00000        0.00000
            907     -183.13654        0.68525     -182.45128       14.62723        0.00000        0.00000
            908     -183.17105        0.78491     -182.38614       14.39933        0.00000        0.00000
            909     -183.27681        1.15112     -182.12569       14.43304        0.00000        0.00000
            910     -183.26353        1.04271     -182.22082       14.65034        0.00000        0.00000
            911     -183.15321        1.02409     -182.12912       15.14565        0.00000        0.00000
            912     -183.15216        1.01651     -182.13565       15.66260        0.00000        0.00000
            913     -183.02669        0.93467     -182.09201       15.88967        0.00000        0.00000
            914     -182.91203        0.89389     -182.01815       15.58696        0.00000        0.00000
            915     -183.04652        1.05703     -181.98949       14.36814        0.00000        0.00000
            916     -183.24239        1.11831     -182.12408       13.47415        0.00000        0.00000
            917     -183.36787        1.31499     -182.05288       13.50726        0.00000        0.00000
            918     -183.19211        1.04971     -182.14240       14.29601        0.00000        0.00000
            919     -183.16925        0.92718     -182.24207       14.69820        0.00000        0.00000
            920     -183.31042        1.10699     -182.20344       14.73367        0.00000        0.00000
            921     -183.30586        0.99844     -182.30742       14.93910        0.00000        0.00000
            922     -183.30287        0.92264     -182.38024       15.37333        0.00000        0.00000
            923     -183.40265        1.02944     -182.37321       15.53871        0.00000        0.00000
            924     -183.30711        1.08765     -182.21947       16.10051        0.00000        0.00000
            925     -183.10513        1.04207     -182.06306       16.58460        0.00000        0.00000
            926     -183.23198        1.01472     -182.21726       16.45709        0.00000        0.00000
            927     -183.29495        1.04994     -182.24501       16.73124        0.00000        0.00000
            928     -182.97911        0.72914     -182.24997       17.51723        0.00000        0.00000
            929     -182.93719        0.66249     -182.27470       17.73808        0.00000        0.00000
            930     -183.13664        0.84374     -182.29290       17.41984        0.00000        0.00000
            931     -183.06750        0.80581     -182.26169       17.05893        0.00000        0.00000
            932     -183.04414        0.78282     -182.26133       16.35680        0.00000        0.00000
            933     -183.26207        1.03672     -182.22535       15.26576        0.00000        0.00000
            934     -183.40089        1.15338     -182.24751       14.48487        0.00000        0.00000
            935     -183.18845        0.96023     -182.22821       14.23770        0.00000        0.00000
            936     -183.20950        0.99329     -182.21621       13.97013        0.00000        0.00000
            937     -183.36273        1.15978     -182.20296       13.49726        0.00000        0.00000
            938     -183.34554        1.14456     -182.20097       13.26201        0.00000        0.00000
            939     -183.31970        1.17948     -182.14022       13.25036        0.00000        0.00000
            940     -183.31085        1.09529     -182.21556       13.61289        0.00000        0.00000
            941     -183.12511        0.95723     -182.16788       14.24817        0.00000        0.00000
            942     -183.26276        1.03667     -182.22609       14.06085        0.00000        0.00000
            943     -183.25423        1.03894     -182.21529       14.38043        0.00000        0.00000
            944     -182.93849        0.74766     -182.19084       15.33055        0.00000        0.00000
            945     -182.93495        0.81744     -182.11751       15.87224        0.00000        0.00000
            946     -183.06595        0.92990     -182.13605       15.90292        0.00000        0.00000
            947     -183.14986        0.93086     -182.21899       15.80255        0.00000        0.00000
            948     -183.17128        0.77523     -182.39605       15.87298        0.00000        0.00000
            949     -183.25198        0.90003     -182.35195       15.69964        0.00000        0.00000
            950     -183.36287        1.01584     -182.34703       15.25570        0.00000        0.00000
            951     -183.30701        1.00342     -182.30359       15.33601        0.00000        0.00000
            952     -183.25435        1.22939     -182.02496       15.44551        0.00000        0.00000
            953     -183.22804        1.08528     -182.14277       15.67578        0.00000        0.00000
            954     -183.23354        0.96708     -182.26645       16.16535        0.00000        0.00000
            955     -183.12029        0.78947     -182.33081       16.98012        0.00000        0.00000
            956     -183.08981        0.95861     -182.13120       17.48346        0.00000        0.00000
            957     -183.08952        0.99764     -182.09188       17.51274        0.00000        0.00000
            958     -183.14558        1.13087     -182.01471       16.95669        0.00000        0.00000
            959     -183.19031        1.16343     -182.02688       16.51830        0.00000        0.00000
            960     -182.94534        1.27980     -181.66555       17.00985        0.00000        0.00000
            961     -182.86505        1.16968     -181.69538       17.68216        0.00000        0.00000
            962     -182.88350        1.26006     -181.62344       18.30571        0.00000        0.00000
            963     -182.43027        0.95153     -181.47874       19.01410        0.00000        0.00000
            964     -182.44118        0.90774     -181.53344       18.71441        0.00000        0.00000
            965     -182.80692        1.25903     -181.54789       17.85995        0.00000        0.00000
            966     -182.77271        1.19394     -181.57876       17.54829        0.00000        0.00000
            967     -182.70116        0.99524     -181.70592       16.97095        0.00000        0.00000
            968     -182.94028        1.31438     -181.62590       15.84664        0.00000        0.00000
            969     -182.81897        1.10425     -181.71472       16.15372        0.00000        0.00000
            970     -182.91266        1.22230     -181.69035       16.26397        0.00000        0.00000
            971     -183.00237        1.43282     -181.56954       16.58195        0.00000        0.00000
            972     -182.91075        1.66622     -181.24454       17.14601        0.00000        0.00000
            973     -182.92606        1.47326     -181.45279       17.32149        0.00000        0.00000
            974     -183.00357        1.36983     -181.63374       17.57246        0.00000        0.00000
            975     -182.87570        1.16160     -181.71410       18.17457        0.00000        0.00000
            976     -182.66762        0.81379     -181.85383       18.56872        0.00000        0.00000
            977     -182.91956        1.03049     -181.88907       18.07635        0.00000        0.00000
            978     -183.14737        1.34992     -181.79745       18.09014        0.00000        0.00000
            979     -182.94684        1.13216     -181.81468       18.60502        0.00000        0.00000
            980     -182.89816        1.15590     -181.74226       18.40518        0.00000        0.00000
            981     -183.21088        1.40321     -181.80766       17.53894        0.00000        0.00000
            982     -183.06902        1.35979     -181.70923       17.60309        0.00000        0.00000
            983     -182.81689        0.99909     -181.81781       18.20558        0.00000        0.00000
            984     -183.04099        1.18923     -181.85176       18.46269        0.00000        0.00000
            985     -182.89493        1.21968     -181.67525       18.82299        0.00000        0.00000
            986     -182.60339        0.91338     -181.69001       19.10354        0.00000        0.00000
            987     -182.67239        0.99695     -181.67544       18.70915        0.00000        0.00000
            988     -182.87573        1.37413     -181.50160       18.42632        0.00000        0.00000
            989     -182.63887        1.07753     -181.56134       19.10643        0.00000        0.00000
            990     -182.69644        1.02038     -181.67606       19.61813        0.00000        0.00000
            991     -182.80119        1.02891     -181.77228       19.72124        0.00000        0.00000
            992     -182.76196        1.01777     -181.74420       19.51298        0.00000        0.00000
            993     -182.76665        0.94523     -181.82141       19.34520        0.00000        0.00000
            994     -182.79024        0.96943     -181.82081       18.64836        0.00000        0.00000
            995     -182.85025        1.02463     -181.82562       17.67041        0.00000        0.00000
            996     -183.05006        1.13987     -181.91019       16.79183        0.00000        0.00000
            997     -183.03972        1.12436     -181.91536       16.30594        0.00000        0.00000
            998     -182.97350        1.20468     -181.76881       15.98556        0.00000        0.00000
            999     -183.05882        1.17971     -181.87911       15.76895        0.00000        0.00000
           1000     -183.01936        1.00896     -182.01040       15.79566        0.00000        0.00000
           1001     -182.91115        0.80048     -182.11067       15.79089        0.00000        0.00000
