2025-11-20 16:42:10: Running on host: ca571a5a3664
2025-11-20 16:42:10: Seed with <8888>
2025-11-20 16:42:10: Instantiating datamodule <curator.data.AtomsDataModule> from dataset ../../../LiFePO4.traj
2025-11-20 16:42:10: Instantiating task <curator.model.LitNNP>
2025-11-20 16:42:10: Energy loss weight: 1 Forces loss weight: 100
2025-11-20 16:42:10: Instantiating model <class 'curator.model.base.NeuralNetworkPotential'> with GNN representation <class 'curator.model.painn.PainnModel'>
2025-11-20 16:42:10: Instantiating trainer <pytorch_lightning.Trainer>
2025-11-20 16:42:10: Using reference energies for elements: None.
2025-11-20 16:42:12: Forces will be scaled by forces_rms: 1.223.
2025-11-20 16:42:12: Atomwise model outputs will be normalized.
2025-11-20 16:42:12: Model output properties will be scaled by 1.223, shifted by -6.521.
2025-11-20 16:42:12: Using reference energies for elements: None.
NeuralNetworkPotential(
  (representation): PainnModel(
    (atom_embedding): Embedding(119, 128)
    (message_layers): ModuleList(
      (0-2): 3 x PainnMessage(
        (cutoff_fn): CosineCutoff()
        (radial_basis): SineBasis()
        (scalar_message_mlp): Sequential(
          (0): Linear(in_features=128, out_features=128, bias=True)
          (1): SiLU()
          (2): Linear(in_features=128, out_features=384, bias=True)
        )
        (filter_layer): Linear(in_features=20, out_features=384, bias=True)
      )
    )
    (update_layers): ModuleList(
      (0-2): 3 x PainnUpdate(
        (update_U): Linear(in_features=128, out_features=128, bias=True)
        (update_V): Linear(in_features=128, out_features=128, bias=True)
        (update_mlp): Sequential(
          (0): Linear(in_features=256, out_features=128, bias=True)
          (1): SiLU()
          (2): Linear(in_features=128, out_features=384, bias=True)
        )
      )
    )
    (readout_mlp): Sequential(
      (0): Linear(in_features=128, out_features=128, bias=True)
      (1): SiLU()
      (2): Linear(in_features=128, out_features=1, bias=True)
    )
  )
  (input_modules): ModuleList(
    (0): PairwiseDistance(compute_neighbor_list=True, compute_distance_from_R=False, compute_forces=True)
  )
  (output_modules): CallbackModuleList(
    (0): AtomwiseReduce()
    (1): GradientOutput(grad_on_edge_diff=True, grad_on_positions=False, model_outputs=['energy', 'forces', 'virial'])
    (2): GlobalRescaleShift(scale_by=tensor([1.2228]), shift_by=tensor([-6.5205]), shift_by_E0=False, atomic_energies={}, scale_keys=['energy', 'forces'], shift_keys=['energy'], atomwise_normalization=True)
  )
)
2025-11-20 16:42:12: Model parameters: 600,577


2025-11-20 16:42:12: Validating
# epoch      batch      total_loss     energy_loss     forces_loss      energy_mae     energy_rmse      forces_mae     forces_rmse
      0          0             217            11.1             205            3.94            4.07            1.06            1.75
      0         10             242            10.2             232            3.75             3.9            1.08            1.86
      0         20             159            15.4             143            4.52             4.8           0.857            1.46


2025-11-20 16:42:14: Epoch summary:
Validation  # epoch      total_loss     energy_loss     forces_loss      energy_mae     energy_rmse      forces_mae     forces_rmse
                  0             148            15.6             132            4.69            4.82           0.864            1.39


2025-11-20 16:42:14: Start training model
LightningAdamW (
Parameter Group 0
    amsgrad: False
    betas: [0.9, 0.999]
    capturable: False
    decoupled_weight_decay: True
    differentiable: False
    eps: 1e-08
    foreach: None
    fused: None
    lr: 0.0005
    maximize: False
    weight_decay: 0.01
)


2025-11-20 16:42:14: Training
# epoch      batch      total_loss     energy_loss     forces_loss      energy_mae     energy_rmse      forces_mae     forces_rmse
      0          0             115            16.9            98.2            4.91            5.03           0.765            1.21
      0         10            30.1           0.123              30           0.251           0.428            0.48           0.669
      0         20            14.9          0.0457            14.9           0.237           0.261           0.347           0.472
      0         30            11.2           0.285              11           0.624           0.653           0.297           0.405
      0         40            8.94           0.108            8.83           0.353           0.401           0.252           0.363
      0         50            6.74           0.209            6.53           0.545           0.559           0.223           0.312
      0         60            6.83           0.193            6.63           0.516           0.537           0.225           0.315
      0         70            3.93           0.214            3.71           0.552           0.565           0.171           0.236
      0         80            2.07          0.0216            2.05           0.146            0.18           0.129           0.175
      0         90            2.41           0.153            2.26           0.471           0.478            0.13           0.184
      0        100            1.94           0.105            1.84           0.382           0.397           0.116           0.166
      0        110            1.83           0.254            1.57           0.614           0.617           0.113           0.153


2025-11-20 16:42:26: Validating
# epoch      batch      total_loss     energy_loss     forces_loss      energy_mae     energy_rmse      forces_mae     forces_rmse
      0          0             2.3          0.0122            2.29          0.0931           0.135           0.132           0.185
      0         10            2.67         0.00715            2.66          0.0929           0.103           0.145             0.2
      0         20            1.85         0.00341            1.85          0.0593          0.0715           0.116           0.166


2025-11-20 16:42:27: Epoch summary:
Validation  # epoch      total_loss     energy_loss     forces_loss      energy_mae     energy_rmse      forces_mae     forces_rmse
                  0            1.76         0.00603            1.75          0.0758           0.092           0.115           0.161
Train       # epoch      total_loss     energy_loss     forces_loss      energy_mae     energy_rmse      forces_mae     forces_rmse
                  0            12.5            1.08            11.4            0.84           0.876           0.248           0.353


2025-11-20 16:42:27: Training
# epoch      batch      total_loss     energy_loss     forces_loss      energy_mae     energy_rmse      forces_mae     forces_rmse
      1          0            2.44           0.375            2.06           0.743           0.749           0.125           0.176
      1         10            1.65          0.0388            1.61            0.23           0.241           0.117           0.155
      1         20             1.7           0.325            1.38           0.694           0.697           0.104           0.143
      1         30            1.63            0.31            1.32           0.678           0.681           0.101            0.14
      1         40             1.5           0.374            1.13           0.745           0.747          0.0957            0.13
      1         50            1.74           0.356            1.39           0.724           0.729           0.108           0.144
      1         60            1.66           0.296            1.36           0.663           0.665           0.104           0.143
      1         70            1.12             0.3           0.817           0.667           0.669          0.0826           0.111
      1         80           0.912           0.102            0.81           0.387            0.39          0.0818            0.11
      1         90           0.915           0.232           0.682           0.588           0.589           0.074           0.101
      1        100            1.25           0.204            1.05           0.549           0.552          0.0949           0.125
      1        110           0.971          0.0475           0.923           0.263           0.266          0.0822           0.117


2025-11-20 16:42:38: Validating
# epoch      batch      total_loss     energy_loss     forces_loss      energy_mae     energy_rmse      forces_mae     forces_rmse
      1          0            1.07         0.00505            1.06          0.0614          0.0869          0.0905           0.126
      1         10            1.09         0.00386            1.09          0.0578           0.076          0.0913           0.127
      1         20           0.798         0.00226           0.796          0.0508          0.0582           0.077           0.109


2025-11-20 16:42:39: Epoch summary:
Validation  # epoch      total_loss     energy_loss     forces_loss      energy_mae     energy_rmse      forces_mae     forces_rmse
                  1           0.791         0.00282           0.788          0.0543          0.0636          0.0781           0.108
Train       # epoch      total_loss     energy_loss     forces_loss      energy_mae     energy_rmse      forces_mae     forces_rmse
                  1            1.39           0.224            1.17           0.555           0.559          0.0956           0.131


2025-11-20 16:42:39: Training
# epoch      batch      total_loss     energy_loss     forces_loss      energy_mae     energy_rmse      forces_mae     forces_rmse
      2          0           0.773           0.114           0.659            0.41           0.412          0.0756          0.0993
      2         10            1.26          0.0268            1.23           0.193             0.2           0.104           0.136
      2         20           0.975          0.0012           0.974          0.0342          0.0423          0.0937           0.121
      2         30           0.648          0.0253           0.623           0.192           0.194           0.071          0.0965
      2         40           0.743           0.149           0.594           0.471           0.473          0.0705          0.0942
      2         50            1.14           0.465           0.675           0.833           0.834           0.075             0.1
      2         60           0.891         0.00595           0.886          0.0854          0.0943           0.088           0.115
      2         70           0.888         0.00133           0.886            0.03          0.0445          0.0881           0.115
      2         80           0.795          0.0392           0.756            0.24           0.242          0.0763           0.106
      2         90           0.931         0.00963           0.922           0.112            0.12          0.0866           0.117
      2        100           0.804          0.0677           0.736            0.31           0.318          0.0752           0.105
      2        110            1.71           0.716           0.999            1.03            1.03          0.0856           0.122


2025-11-20 16:42:51: Validating
# epoch      batch      total_loss     energy_loss     forces_loss      energy_mae     energy_rmse      forces_mae     forces_rmse
      2          0           0.674         0.00265           0.671          0.0409          0.0629          0.0737             0.1
      2         10            0.69         0.00189           0.688          0.0383          0.0531          0.0735           0.101
      2         20           0.494        0.000878           0.493          0.0268          0.0362          0.0611          0.0858


2025-11-20 16:42:52: Epoch summary:
Validation  # epoch      total_loss     energy_loss     forces_loss      energy_mae     energy_rmse      forces_mae     forces_rmse
                  2           0.486         0.00103           0.484           0.029          0.0375          0.0619          0.0844
Train       # epoch      total_loss     energy_loss     forces_loss      energy_mae     energy_rmse      forces_mae     forces_rmse
                  2           0.957           0.121           0.834           0.296           0.302          0.0822           0.111


2025-11-20 16:42:52: Training
# epoch      batch      total_loss     energy_loss     forces_loss      energy_mae     energy_rmse      forces_mae     forces_rmse
      3          0            1.16            0.41           0.752            0.78           0.783          0.0774           0.106
      3         10            1.44           0.605           0.831           0.949           0.951          0.0803           0.111
      3         20            1.11           0.672           0.437               1               1          0.0629          0.0808
      3         30               1           0.355           0.646           0.728           0.729          0.0724          0.0983
      3         40            1.04           0.621           0.417           0.963           0.964          0.0588           0.079
      3         50            1.39           0.909           0.483            1.17            1.17          0.0627           0.085
      3         60           0.565           0.214           0.351           0.565           0.566          0.0523          0.0724
      3         70           0.755           0.422           0.334           0.793           0.794          0.0526          0.0706
      3         80            1.12           0.687            0.43            1.01            1.01          0.0619          0.0802
      3         90           0.664           0.147           0.517           0.466           0.468          0.0665          0.0879
      3        100            0.66           0.362           0.298           0.735           0.736          0.0504          0.0667
      3        110            1.02           0.678           0.345            1.01            1.01          0.0548          0.0718


2025-11-20 16:43:03: Validating
# epoch      batch      total_loss     energy_loss     forces_loss      energy_mae     energy_rmse      forces_mae     forces_rmse
      3          0           0.561         0.00392           0.557          0.0656          0.0766          0.0674          0.0913
      3         10           0.564         0.00262           0.561          0.0456          0.0625          0.0675          0.0916
      3         20           0.402         0.00165           0.401           0.038          0.0497          0.0556          0.0774


2025-11-20 16:43:05: Epoch summary:
Validation  # epoch      total_loss     energy_loss     forces_loss      energy_mae     energy_rmse      forces_mae     forces_rmse
                  3             0.4         0.00124           0.399          0.0318          0.0407          0.0564          0.0766
Train       # epoch      total_loss     energy_loss     forces_loss      energy_mae     energy_rmse      forces_mae     forces_rmse
                  3           0.958           0.464           0.494           0.787           0.788          0.0628          0.0849


2025-11-20 16:43:05: Training
# epoch      batch      total_loss     energy_loss     forces_loss      energy_mae     energy_rmse      forces_mae     forces_rmse
      4          0           0.939            0.62           0.319           0.963           0.963          0.0515           0.069
      4         10           0.457           0.124           0.333            0.43           0.431          0.0526          0.0705
      4         20           0.673           0.341           0.332           0.714           0.714          0.0527          0.0705
      4         30           0.999          0.0329           0.966           0.217           0.222          0.0911            0.12
      4         40           0.708         0.00706           0.701          0.0886           0.103          0.0764           0.102
      4         50           0.565          0.0274           0.538           0.199           0.202           0.067          0.0897
      4         60           0.561          0.0463           0.514           0.261           0.263          0.0652          0.0877
      4         70           0.334           0.056           0.278           0.289           0.289          0.0495          0.0644
      4         80           0.362          0.0553           0.307           0.287           0.288          0.0495          0.0678
      4         90           0.415          0.0885           0.326           0.363           0.364          0.0514          0.0698
      4        100           0.484           0.141           0.343           0.458           0.459          0.0529          0.0716
      4        110           0.379          0.0763           0.303           0.337           0.338          0.0499          0.0673


2025-11-20 16:43:16: Validating
# epoch      batch      total_loss     energy_loss     forces_loss      energy_mae     energy_rmse      forces_mae     forces_rmse
      4          0           0.433         0.00131           0.432          0.0339          0.0442          0.0599          0.0804
      4         10            0.43         0.00125           0.428          0.0316          0.0433          0.0606            0.08
      4         20           0.313        0.000468           0.313          0.0213          0.0264          0.0501          0.0684


2025-11-20 16:43:18: Epoch summary:
Validation  # epoch      total_loss     energy_loss     forces_loss      energy_mae     energy_rmse      forces_mae     forces_rmse
                  4           0.311        0.000584           0.311          0.0219          0.0283          0.0504          0.0676
Train       # epoch      total_loss     energy_loss     forces_loss      energy_mae     energy_rmse      forces_mae     forces_rmse
                  4            0.55           0.141           0.409           0.402           0.404           0.058          0.0772


2025-11-20 16:43:18: Training
# epoch      batch      total_loss     energy_loss     forces_loss      energy_mae     energy_rmse      forces_mae     forces_rmse
      5          0           0.338          0.0925           0.246           0.371           0.372          0.0465          0.0606
      5         10           0.334          0.0795           0.254           0.344           0.345          0.0463          0.0617
      5         20           0.402          0.0923           0.309            0.37           0.371          0.0514           0.068
      5         30           0.455           0.139           0.315           0.456           0.457          0.0503          0.0687
      5         40           0.361          0.0639           0.297           0.308           0.309          0.0496          0.0667
      5         50            1.23         0.00874            1.22          0.0916           0.114           0.097           0.135
      5         60           0.574         0.00907           0.565           0.103           0.116          0.0701          0.0919
      5         70           0.515           0.118           0.397           0.419            0.42          0.0551          0.0771
      5         80           0.419          0.0154           0.403           0.146           0.152          0.0563          0.0777
      5         90           0.471         0.00554           0.465          0.0867           0.091          0.0626          0.0834
      5        100           0.517          0.0104           0.507            0.12           0.124          0.0632          0.0871
      5        110           0.343          0.0215           0.321           0.177           0.179          0.0541          0.0693


2025-11-20 16:43:29: Validating
# epoch      batch      total_loss     energy_loss     forces_loss      energy_mae     energy_rmse      forces_mae     forces_rmse
      5          0           0.348         0.00147           0.347            0.04          0.0469          0.0542           0.072
      5         10            0.36         0.00119           0.359          0.0287          0.0421          0.0555          0.0733
      5         20           0.248        0.000415           0.247          0.0197          0.0249          0.0443          0.0608


2025-11-20 16:43:31: Epoch summary:
Validation  # epoch      total_loss     energy_loss     forces_loss      energy_mae     energy_rmse      forces_mae     forces_rmse
                  5           0.251        0.000448            0.25          0.0181          0.0241          0.0453          0.0607
Train       # epoch      total_loss     energy_loss     forces_loss      energy_mae     energy_rmse      forces_mae     forces_rmse
                  5           0.496          0.0569           0.439           0.252           0.256          0.0583           0.079


2025-11-20 16:43:31: Training
# epoch      batch      total_loss     energy_loss     forces_loss      energy_mae     energy_rmse      forces_mae     forces_rmse
      6          0           0.282          0.0512           0.231           0.276           0.277          0.0443          0.0588
      6         10           0.619           0.122           0.497           0.426           0.428          0.0664          0.0862
      6         20           0.349          0.0461           0.303           0.261           0.263          0.0515          0.0673
      6         30           0.462          0.0796           0.383           0.344           0.345          0.0587          0.0756
      6         40           0.323          0.0072           0.316             0.1           0.104          0.0524          0.0687
      6         50           0.386           0.123           0.263           0.428           0.428           0.048          0.0628
      6         60           0.254           0.039           0.215            0.24           0.241          0.0418          0.0567
      6         70           0.296          0.0352           0.261           0.227           0.229          0.0464          0.0625
      6         80           0.305          0.0548            0.25           0.285           0.286          0.0446          0.0612
      6         90           0.277          0.0442           0.232           0.256           0.257          0.0451          0.0589
      6        100            0.22          0.0449           0.175           0.258           0.259          0.0388          0.0512
      6        110           0.312          0.0965           0.215           0.379            0.38          0.0432          0.0567


2025-11-20 16:43:42: Validating
# epoch      batch      total_loss     energy_loss     forces_loss      energy_mae     energy_rmse      forces_mae     forces_rmse
      6          0           0.282        0.000509           0.282          0.0204          0.0276          0.0494          0.0649
      6         10            0.29        0.000834            0.29          0.0294          0.0353          0.0508          0.0658
      6         20           0.207        0.000212           0.207           0.016          0.0178          0.0408          0.0556


2025-11-20 16:43:44: Epoch summary:
Validation  # epoch      total_loss     energy_loss     forces_loss      energy_mae     energy_rmse      forces_mae     forces_rmse
                  6           0.205        0.000446           0.205          0.0211          0.0252          0.0412          0.0549
Train       # epoch      total_loss     energy_loss     forces_loss      energy_mae     energy_rmse      forces_mae     forces_rmse
                  6            0.35          0.0566           0.294           0.269           0.271          0.0499          0.0655


2025-11-20 16:43:44: Training
# epoch      batch      total_loss     energy_loss     forces_loss      energy_mae     energy_rmse      forces_mae     forces_rmse
      7          0           0.284          0.0993           0.185           0.385           0.385            0.04          0.0525
      7         10           0.209          0.0759           0.133           0.337           0.337          0.0346          0.0447
      7         20           0.212          0.0411           0.171           0.247           0.248          0.0384          0.0505
      7         30           0.265          0.0637           0.202           0.307           0.309          0.0413          0.0549
      7         40            0.24          0.0867           0.153            0.36            0.36          0.0365          0.0478
      7         50           0.299          0.0408           0.258           0.246           0.247          0.0458          0.0621
      7         60            0.27          0.0759           0.194           0.337           0.337          0.0396          0.0539
      7         70           0.309           0.071           0.238           0.325           0.326          0.0438          0.0597
      7         80           0.208          0.0633           0.145           0.307           0.308          0.0358          0.0465
      7         90           0.266          0.0859            0.18           0.358           0.358          0.0395          0.0519
      7        100           0.252          0.0781           0.174           0.341           0.342          0.0391           0.051
      7        110           0.242          0.0798           0.162           0.345           0.345          0.0373          0.0492


2025-11-20 16:43:55: Validating
# epoch      batch      total_loss     energy_loss     forces_loss      energy_mae     energy_rmse      forces_mae     forces_rmse
      7          0            0.23        0.000536           0.229          0.0241          0.0283           0.045          0.0586
      7         10           0.238        0.000672           0.237           0.022          0.0317          0.0464          0.0596
      7         20           0.175         0.00017           0.175           0.012          0.0159          0.0378          0.0511


2025-11-20 16:43:56: Epoch summary:
Validation  # epoch      total_loss     energy_loss     forces_loss      energy_mae     energy_rmse      forces_mae     forces_rmse
                  7            0.17        0.000255            0.17          0.0139          0.0186          0.0377            0.05
Train       # epoch      total_loss     energy_loss     forces_loss      energy_mae     energy_rmse      forces_mae     forces_rmse
                  7            0.26           0.069           0.191           0.312           0.313          0.0401          0.0532


2025-11-20 16:43:56: Training
# epoch      batch      total_loss     energy_loss     forces_loss      energy_mae     energy_rmse      forces_mae     forces_rmse
      8          0           0.249          0.0496             0.2           0.272           0.272          0.0417          0.0546
      8         10           0.202          0.0379           0.164           0.237           0.238           0.038          0.0496
      8         20           0.217           0.064           0.153           0.309           0.309          0.0363          0.0479
      8         30           0.197          0.0406           0.157           0.245           0.246          0.0371          0.0484
      8         40           0.184            0.05           0.134           0.273           0.273          0.0339          0.0447
      8         50           0.184          0.0261           0.158           0.196           0.198          0.0366          0.0487
      8         60           0.191          0.0465           0.145           0.263           0.264          0.0351          0.0465
      8         70           0.195          0.0578           0.137           0.293           0.294          0.0348          0.0453
      8         80           0.208           0.055           0.153           0.286           0.287           0.037          0.0479
      8         90           0.205          0.0657           0.139           0.313           0.313          0.0346          0.0456
      8        100             0.2           0.055           0.145           0.286           0.287           0.036          0.0466
      8        110           0.361        0.000455           0.361          0.0216          0.0261          0.0567          0.0734


2025-11-20 16:44:07: Validating
# epoch      batch      total_loss     energy_loss     forces_loss      energy_mae     energy_rmse      forces_mae     forces_rmse
      8          0           0.193        0.000347           0.193          0.0183          0.0228          0.0415          0.0537
      8         10           0.203          0.0006           0.202          0.0219            0.03          0.0429           0.055
      8         20           0.148        7.31e-05           0.148          0.0089          0.0105          0.0349          0.0471


2025-11-20 16:44:08: Epoch summary:
Validation  # epoch      total_loss     energy_loss     forces_loss      energy_mae     energy_rmse      forces_mae     forces_rmse
                  8           0.146        0.000231           0.145          0.0135          0.0178           0.035          0.0463
Train       # epoch      total_loss     energy_loss     forces_loss      energy_mae     energy_rmse      forces_mae     forces_rmse
                  8           0.223          0.0621           0.161           0.292           0.293          0.0369          0.0486


2025-11-20 16:44:08: Training
# epoch      batch      total_loss     energy_loss     forces_loss      energy_mae     energy_rmse      forces_mae     forces_rmse
      9          0           0.246         0.00356           0.242          0.0692           0.073          0.0469          0.0602
      9         10           0.442          0.0017            0.44          0.0407          0.0504          0.0618          0.0812
      9         20           0.276         0.00197           0.274          0.0489          0.0542          0.0481          0.0641
      9         30            0.44          0.0166           0.424           0.152           0.158          0.0543          0.0796
      9         40           0.226         0.00476           0.221          0.0785          0.0844          0.0444          0.0575
      9         50           0.298          0.0376            0.26           0.233           0.237          0.0466          0.0624
      9         60           0.187          0.0482           0.139           0.268           0.268           0.035          0.0456
      9         70           0.209          0.0526           0.156            0.28            0.28          0.0361          0.0483
      9         80           0.167          0.0616           0.106           0.303           0.303          0.0302          0.0398
      9         90           0.571           0.168           0.402             0.5           0.501          0.0524          0.0776
      9        100           0.476         0.00204           0.474          0.0507          0.0552          0.0592          0.0841
      9        110           0.218         0.00314           0.215           0.063          0.0686          0.0427          0.0567


2025-11-20 16:44:19: Validating
# epoch      batch      total_loss     energy_loss     forces_loss      energy_mae     energy_rmse      forces_mae     forces_rmse
      9          0           0.165        0.000313           0.164           0.017          0.0216          0.0387          0.0496
      9         10           0.176        0.000571           0.175          0.0221          0.0292          0.0399          0.0512
      9         20           0.131        7.95e-05           0.131         0.00879          0.0109          0.0328          0.0442


2025-11-20 16:44:21: Epoch summary:
Validation  # epoch      total_loss     energy_loss     forces_loss      energy_mae     energy_rmse      forces_mae     forces_rmse
                  9           0.128        0.000223           0.128          0.0136          0.0175          0.0329          0.0434
Train       # epoch      total_loss     energy_loss     forces_loss      energy_mae     energy_rmse      forces_mae     forces_rmse
                  9           0.274          0.0325           0.242           0.174           0.177          0.0438          0.0587


2025-11-20 16:44:21: Training
# epoch      batch      total_loss     energy_loss     forces_loss      energy_mae     energy_rmse      forces_mae     forces_rmse
     10          0           0.253          0.0499           0.203           0.272           0.273          0.0405          0.0551
     10         10           0.247        0.000521           0.247          0.0235          0.0279          0.0437          0.0607
     10         20           0.135          0.0053            0.13           0.088           0.089          0.0345           0.044
     10         30           0.304          0.0238            0.28           0.186           0.189          0.0457          0.0647
     10         40            0.17        0.000381            0.17          0.0173          0.0239          0.0385          0.0504
     10         50           0.194        0.000927           0.193          0.0273          0.0372          0.0394          0.0538
     10         60           0.174          0.0079           0.166           0.107           0.109          0.0389          0.0498
     10         70           0.195        0.000348           0.195          0.0182          0.0228          0.0411           0.054
     10         80           0.337         0.00168           0.336          0.0418          0.0501          0.0491          0.0708
     10         90           0.311         0.00953           0.301           0.117           0.119           0.051          0.0671
     10        100           0.205        0.000633           0.205          0.0251          0.0308          0.0421          0.0553
     10        110           0.162         0.00469           0.157          0.0792          0.0838          0.0375          0.0484


2025-11-20 16:44:31: Validating
# epoch      batch      total_loss     energy_loss     forces_loss      energy_mae     energy_rmse      forces_mae     forces_rmse
     10          0           0.144        0.000266           0.144          0.0164            0.02          0.0364          0.0464
     10         10           0.155        0.000499           0.154          0.0203          0.0273          0.0373           0.048
     10         20           0.117        6.48e-05           0.117         0.00739         0.00985          0.0312          0.0418


2025-11-20 16:44:33: Epoch summary:
Validation  # epoch      total_loss     energy_loss     forces_loss      energy_mae     energy_rmse      forces_mae     forces_rmse
                 10           0.114         0.00018           0.114          0.0116          0.0155          0.0311           0.041
Train       # epoch      total_loss     energy_loss     forces_loss      energy_mae     energy_rmse      forces_mae     forces_rmse
                 10           0.217         0.00676            0.21          0.0792          0.0831          0.0419          0.0556


2025-11-20 16:44:33: Training
# epoch      batch      total_loss     energy_loss     forces_loss      energy_mae     energy_rmse      forces_mae     forces_rmse
     11          0           0.136         0.00149           0.135          0.0421          0.0472          0.0352          0.0449
     11         10           0.121         0.00224           0.119          0.0549          0.0579          0.0319          0.0422
     11         20           0.234         0.00103           0.233          0.0345          0.0392          0.0419          0.0591
     11         30           0.253          0.0455           0.208            0.26           0.261          0.0405          0.0558
     11         40           0.421          0.0134           0.407           0.136           0.142          0.0559           0.078
     11         50           0.309         0.00425           0.304          0.0777          0.0797          0.0524          0.0675
     11         60           0.187         0.00256           0.184           0.059          0.0619          0.0403          0.0525
     11         70           0.178         0.00121           0.176          0.0341          0.0426          0.0381          0.0513
     11         80           0.195          0.0475           0.147           0.266           0.267          0.0353          0.0469
     11         90           0.217          0.0665           0.151           0.314           0.315          0.0358          0.0475
     11        100           0.169          0.0341           0.134           0.225           0.226           0.034          0.0448
     11        110           0.184          0.0499           0.134           0.273           0.273          0.0343          0.0447


2025-11-20 16:44:43: Validating
# epoch      batch      total_loss     energy_loss     forces_loss      energy_mae     energy_rmse      forces_mae     forces_rmse
     11          0           0.129        0.000172           0.129          0.0131           0.016          0.0345          0.0439
     11         10           0.139        0.000441           0.138          0.0187          0.0257          0.0352          0.0455
     11         20           0.105        5.25e-05           0.105         0.00759         0.00886          0.0294          0.0396


2025-11-20 16:44:45: Epoch summary:
Validation  # epoch      total_loss     energy_loss     forces_loss      energy_mae     energy_rmse      forces_mae     forces_rmse
                 11           0.104        0.000181           0.104          0.0121          0.0157          0.0296          0.0392
Train       # epoch      total_loss     energy_loss     forces_loss      energy_mae     energy_rmse      forces_mae     forces_rmse
                 11           0.219          0.0202           0.199           0.138           0.142            0.04          0.0532


2025-11-20 16:44:45: Training
# epoch      batch      total_loss     energy_loss     forces_loss      energy_mae     energy_rmse      forces_mae     forces_rmse
     12          0            0.17          0.0429           0.127           0.252           0.253          0.0337          0.0436
     12         10           0.125          0.0262          0.0987           0.197           0.198          0.0299          0.0384
     12         20           0.133          0.0178           0.116           0.163           0.163          0.0312          0.0416
     12         30          0.0984          0.0288          0.0696           0.207           0.208          0.0249          0.0323
     12         40           0.117          0.0407          0.0763           0.247           0.247          0.0261          0.0338
     12         50           0.148          0.0568          0.0912           0.291           0.291          0.0284          0.0369
     12         60           0.128          0.0048           0.123          0.0828          0.0847          0.0308          0.0429
     12         70           0.138         0.00736            0.13           0.104           0.105          0.0322          0.0442
     12         80           0.124          0.0141           0.109           0.144           0.145          0.0302          0.0405
     12         90           0.155          0.0496           0.105           0.272           0.272          0.0311          0.0396
     12        100           0.139           0.028           0.111           0.204           0.205          0.0304          0.0408
     12        110           0.203           0.021           0.182           0.176           0.177          0.0345          0.0522


2025-11-20 16:44:55: Validating
# epoch      batch      total_loss     energy_loss     forces_loss      energy_mae     energy_rmse      forces_mae     forces_rmse
     12          0           0.116        0.000159           0.116          0.0128          0.0154          0.0328          0.0416
     12         10           0.128        0.000419           0.128          0.0187           0.025          0.0338          0.0437
     12         20          0.0957        3.99e-05          0.0957          0.0064         0.00772          0.0282          0.0378


2025-11-20 16:44:56: Epoch summary:
Validation  # epoch      total_loss     energy_loss     forces_loss      energy_mae     energy_rmse      forces_mae     forces_rmse
                 12          0.0944        0.000156          0.0943          0.0108          0.0144          0.0283          0.0373
Train       # epoch      total_loss     energy_loss     forces_loss      energy_mae     energy_rmse      forces_mae     forces_rmse
                 12            0.15          0.0419           0.108            0.24           0.241          0.0301            0.04


2025-11-20 16:44:57: Training
# epoch      batch      total_loss     energy_loss     forces_loss      energy_mae     energy_rmse      forces_mae     forces_rmse
     13          0           0.115         0.00572           0.109           0.091          0.0925            0.03          0.0404
     13         10           0.127         0.00109           0.125          0.0367          0.0404           0.032          0.0433
     13         20          0.0963          0.0161          0.0802           0.155           0.155          0.0266          0.0346
     13         30           0.118         0.00258           0.115           0.058          0.0622          0.0314          0.0415
     13         40           0.158         0.00999           0.148           0.121           0.122          0.0354           0.047
     13         50            0.13         0.00792           0.122           0.107           0.109          0.0328          0.0427
     13         60          0.0873        0.000165          0.0871          0.0128          0.0157          0.0279          0.0361
     13         70           0.267         0.00712           0.259             0.1           0.103          0.0482          0.0623
     13         80           0.279        0.000352           0.278          0.0196          0.0229          0.0488          0.0645
     13         90           0.261         0.00244           0.258          0.0558          0.0603          0.0474          0.0621
     13        100           0.346           0.033           0.313           0.221           0.222          0.0515          0.0684
     13        110           0.221          0.0157           0.205           0.152           0.153          0.0422          0.0553


2025-11-20 16:45:08: Validating
# epoch      batch      total_loss     energy_loss     forces_loss      energy_mae     energy_rmse      forces_mae     forces_rmse
     13          0           0.108        0.000229           0.107          0.0153          0.0185          0.0316          0.0401
     13         10           0.117        0.000405           0.116          0.0179          0.0246          0.0321          0.0417
     13         20          0.0884        4.63e-05          0.0884         0.00631         0.00832          0.0271          0.0363


2025-11-20 16:45:09: Epoch summary:
Validation  # epoch      total_loss     energy_loss     forces_loss      energy_mae     energy_rmse      forces_mae     forces_rmse
                 13          0.0865        0.000137          0.0864         0.00981          0.0132          0.0271          0.0357
Train       # epoch      total_loss     energy_loss     forces_loss      energy_mae     energy_rmse      forces_mae     forces_rmse
                 13           0.184          0.0102           0.173           0.102           0.105          0.0373          0.0494


2025-11-20 16:45:09: Training
# epoch      batch      total_loss     energy_loss     forces_loss      energy_mae     energy_rmse      forces_mae     forces_rmse
     14          0           0.164         0.00509           0.159          0.0851          0.0872          0.0369          0.0488
     14         10           0.257         0.00671           0.251          0.0948             0.1          0.0431          0.0612
     14         20            0.23         0.00185           0.229          0.0413          0.0526          0.0417          0.0585
     14         30           0.179           0.036           0.143           0.231           0.232          0.0348          0.0463
     14         40            0.18          0.0478           0.132           0.267           0.267          0.0327          0.0444
     14         50           0.106          0.0241          0.0814            0.19            0.19          0.0272          0.0349
     14         60           0.142          0.0471          0.0948           0.265           0.265          0.0293          0.0376
     14         70           0.115          0.0275          0.0879           0.202           0.203          0.0276          0.0363
     14         80           0.113          0.0053           0.108          0.0872           0.089          0.0301          0.0401
     14         90           0.148         0.00374           0.144          0.0692          0.0748          0.0359          0.0465
     14        100           0.137          0.0209           0.116           0.176           0.177          0.0321          0.0416
     14        110           0.165          0.0296           0.135            0.21            0.21          0.0343           0.045


2025-11-20 16:45:20: Validating
# epoch      batch      total_loss     energy_loss     forces_loss      energy_mae     energy_rmse      forces_mae     forces_rmse
     14          0             0.1        0.000137          0.0999          0.0116          0.0143          0.0304          0.0386
     14         10           0.111        0.000333            0.11          0.0166          0.0223          0.0311          0.0406
     14         20          0.0829        3.94e-05          0.0829           0.006         0.00768          0.0262          0.0352


2025-11-20 16:45:21: Epoch summary:
Validation  # epoch      total_loss     energy_loss     forces_loss      energy_mae     energy_rmse      forces_mae     forces_rmse
                 14          0.0812        0.000129          0.0811         0.00958           0.013          0.0262          0.0346
Train       # epoch      total_loss     energy_loss     forces_loss      energy_mae     energy_rmse      forces_mae     forces_rmse
                 14            0.16          0.0233           0.136           0.157           0.159          0.0333          0.0444


2025-11-20 16:45:21: Training
# epoch      batch      total_loss     energy_loss     forces_loss      energy_mae     energy_rmse      forces_mae     forces_rmse
     15          0           0.135          0.0335           0.101           0.223           0.224          0.0295          0.0389
     15         10           0.134          0.0417           0.092           0.249            0.25          0.0285          0.0371
     15         20           0.114        0.000347           0.114          0.0183          0.0228          0.0318          0.0413
     15         30            0.37          0.0662           0.304           0.313           0.315          0.0496          0.0674
     15         40           0.143         0.00916           0.134           0.114           0.117          0.0342          0.0448
     15         50           0.146         0.00046           0.146          0.0228          0.0262          0.0333          0.0467
     15         60           0.146          0.0209           0.125           0.174           0.177          0.0326          0.0432
     15         70           0.104          0.0101          0.0937           0.122           0.123          0.0287          0.0374
     15         80           0.234          0.0306           0.204           0.211           0.214          0.0372          0.0552
     15         90            0.26         0.00815           0.252           0.106            0.11          0.0449          0.0613
     15        100           0.163          0.0104           0.152           0.122           0.125          0.0359          0.0477
     15        110           0.103          0.0018           0.102          0.0482          0.0518          0.0294           0.039


2025-11-20 16:45:32: Validating
# epoch      batch      total_loss     energy_loss     forces_loss      energy_mae     energy_rmse      forces_mae     forces_rmse
     15          0          0.0913          0.0001          0.0912          0.0105          0.0122           0.029          0.0369
     15         10           0.101        0.000291           0.101          0.0159          0.0208          0.0298          0.0388
     15         20          0.0789        4.12e-05          0.0789         0.00612         0.00785          0.0256          0.0343


2025-11-20 16:45:34: Epoch summary:
Validation  # epoch      total_loss     energy_loss     forces_loss      energy_mae     energy_rmse      forces_mae     forces_rmse
                 15          0.0761        0.000135          0.0759          0.0102          0.0133          0.0254          0.0335
Train       # epoch      total_loss     energy_loss     forces_loss      energy_mae     energy_rmse      forces_mae     forces_rmse
                 15           0.177          0.0301           0.147           0.175           0.177          0.0339          0.0455


2025-11-20 16:45:34: Training
# epoch      batch      total_loss     energy_loss     forces_loss      energy_mae     energy_rmse      forces_mae     forces_rmse
     16          0           0.125         0.00544            0.12          0.0887          0.0902          0.0313          0.0423
     16         10           0.103        0.000758           0.102          0.0294          0.0337          0.0294          0.0391
     16         20           0.207          0.0462           0.161           0.262           0.263          0.0378          0.0491
     16         30           0.134           0.015           0.119           0.149            0.15          0.0313          0.0421
     16         40           0.106          0.0204          0.0855           0.174           0.174          0.0276          0.0358
     16         50           0.157        0.000598           0.157          0.0251          0.0299          0.0366          0.0484
     16         60           0.109           0.021          0.0878           0.177           0.177          0.0275          0.0362
     16         70           0.119        0.000551           0.118          0.0223          0.0287          0.0303           0.042
     16         80          0.0944         0.00055          0.0939          0.0258          0.0287          0.0287          0.0375
     16         90           0.122         0.00584           0.116          0.0927          0.0934           0.032          0.0417
     16        100           0.112         0.00324           0.109          0.0659          0.0697          0.0296          0.0403
     16        110           0.104         0.00367           0.101          0.0688          0.0741          0.0288          0.0388


2025-11-20 16:45:45: Validating
# epoch      batch      total_loss     energy_loss     forces_loss      energy_mae     energy_rmse      forces_mae     forces_rmse
     16          0          0.0835        7.74e-05          0.0834         0.00932          0.0108          0.0277          0.0353
     16         10          0.0942        0.000266          0.0939          0.0153            0.02          0.0286          0.0375
     16         20           0.074         4.2e-05          0.0739         0.00655         0.00793          0.0248          0.0332


2025-11-20 16:45:46: Epoch summary:
Validation  # epoch      total_loss     energy_loss     forces_loss      energy_mae     energy_rmse      forces_mae     forces_rmse
                 16          0.0708        0.000134          0.0706          0.0103          0.0133          0.0246          0.0323
Train       # epoch      total_loss     energy_loss     forces_loss      energy_mae     energy_rmse      forces_mae     forces_rmse
                 16           0.132          0.0156           0.116           0.127           0.129           0.031          0.0413


2025-11-20 16:45:46: Training
# epoch      batch      total_loss     energy_loss     forces_loss      energy_mae     energy_rmse      forces_mae     forces_rmse
     17          0           0.131         0.00985           0.121           0.117           0.121          0.0316          0.0426
     17         10          0.0855         0.00742          0.0781           0.104           0.105           0.026          0.0342
     17         20           0.143         0.00191           0.141          0.0481          0.0535          0.0344          0.0459
     17         30           0.107         0.00593           0.101          0.0939          0.0941          0.0288          0.0389
     17         40           0.378           0.143           0.235            0.46           0.462          0.0418          0.0593
     17         50           0.196           0.047           0.149           0.264           0.265          0.0362          0.0472
     17         60          0.0905          0.0128          0.0777           0.138           0.138           0.026          0.0341
     17         70           0.118          0.0548          0.0634           0.286           0.286          0.0238          0.0308
     17         80          0.0912          0.0131          0.0781           0.139            0.14          0.0262          0.0342
     17         90            0.13        0.000947           0.129          0.0351          0.0376          0.0329          0.0439
     17        100           0.095        0.000348          0.0947          0.0184          0.0228          0.0283          0.0376
     17        110           0.128         0.00137           0.126          0.0409          0.0453          0.0314          0.0435


2025-11-20 16:45:58: Validating
# epoch      batch      total_loss     energy_loss     forces_loss      energy_mae     energy_rmse      forces_mae     forces_rmse
     17          0          0.0792        0.000117           0.079          0.0103          0.0132          0.0269          0.0344
     17         10          0.0893        0.000267          0.0891          0.0152            0.02          0.0277          0.0365
     17         20          0.0715        2.65e-05          0.0715         0.00432          0.0063          0.0242          0.0327


2025-11-20 16:45:59: Epoch summary:
Validation  # epoch      total_loss     energy_loss     forces_loss      energy_mae     energy_rmse      forces_mae     forces_rmse
                 17          0.0667        0.000112          0.0666         0.00871          0.0119          0.0239          0.0314
Train       # epoch      total_loss     energy_loss     forces_loss      energy_mae     energy_rmse      forces_mae     forces_rmse
                 17           0.144          0.0249           0.119           0.154           0.156          0.0309          0.0416


2025-11-20 16:45:59: Training
# epoch      batch      total_loss     energy_loss     forces_loss      energy_mae     energy_rmse      forces_mae     forces_rmse
     18          0           0.117        0.000433           0.116          0.0222          0.0255          0.0321          0.0417
     18         10          0.0842         0.00196          0.0822          0.0512          0.0541          0.0271          0.0351
     18         20          0.0774        0.000172          0.0772          0.0112          0.0161           0.026           0.034
     18         30          0.0838         0.00126          0.0826           0.039          0.0433          0.0262          0.0351
     18         40           0.117         0.00136           0.116          0.0399          0.0452          0.0319          0.0416
     18         50           0.158          0.0202           0.138           0.172           0.174          0.0317          0.0454
     18         60           0.111          0.0207          0.0903           0.174           0.176           0.028          0.0367
     18         70           0.111          0.0456          0.0653           0.261           0.261          0.0239          0.0313
     18         80          0.0613         0.00614          0.0551          0.0953          0.0958          0.0225          0.0287
     18         90           0.135          0.0756          0.0592           0.336           0.336          0.0228          0.0297
     18        100           0.121           0.038          0.0831           0.238           0.238           0.027          0.0352
     18        110          0.0774          0.0182          0.0593           0.164           0.165          0.0231          0.0298


2025-11-20 16:46:11: Validating
# epoch      batch      total_loss     energy_loss     forces_loss      energy_mae     energy_rmse      forces_mae     forces_rmse
     18          0          0.0734        0.000135          0.0733          0.0115          0.0142          0.0258          0.0331
     18         10          0.0841        0.000237          0.0839          0.0145          0.0188           0.027          0.0354
     18         20          0.0661        2.36e-05          0.0661         0.00444         0.00595          0.0232          0.0314


2025-11-20 16:46:12: Epoch summary:
Validation  # epoch      total_loss     energy_loss     forces_loss      energy_mae     energy_rmse      forces_mae     forces_rmse
                 18          0.0627        0.000103          0.0626         0.00839          0.0113          0.0231          0.0304
Train       # epoch      total_loss     energy_loss     forces_loss      energy_mae     energy_rmse      forces_mae     forces_rmse
                 18           0.111          0.0183          0.0928           0.132           0.134          0.0278          0.0369


2025-11-20 16:46:12: Training
# epoch      batch      total_loss     energy_loss     forces_loss      energy_mae     energy_rmse      forces_mae     forces_rmse
     19          0          0.0819         0.00512          0.0768          0.0863          0.0875          0.0253          0.0339
     19         10           0.147           0.023           0.124           0.184           0.185          0.0316           0.043
     19         20          0.0936          0.0212          0.0723           0.178           0.178          0.0256          0.0329
     19         30           0.124          0.0178           0.107           0.162           0.163          0.0303          0.0399
     19         40           0.121          0.0393          0.0816           0.242           0.242          0.0271          0.0349
     19         50           0.118          0.0624          0.0555           0.305           0.305          0.0222          0.0288
     19         60          0.0868          0.0309           0.056           0.215           0.215          0.0221          0.0289
     19         70          0.0779           0.025          0.0529           0.193           0.193          0.0215          0.0281
     19         80          0.0728         0.00718          0.0656           0.103           0.104          0.0238          0.0313
     19         90          0.0692        0.000911          0.0683           0.035          0.0369           0.024          0.0319
     19        100          0.0864        0.000219          0.0862          0.0142          0.0181          0.0279          0.0359
     19        110           0.102        0.000955           0.101          0.0332          0.0378          0.0291          0.0388


2025-11-20 16:46:23: Validating
# epoch      batch      total_loss     energy_loss     forces_loss      energy_mae     energy_rmse      forces_mae     forces_rmse
     19          0          0.0689        0.000128          0.0687          0.0113          0.0138          0.0249          0.0321
     19         10           0.079        0.000226          0.0788           0.014          0.0184           0.026          0.0343
     19         20          0.0611           2e-05          0.0611         0.00415         0.00546          0.0223          0.0302


2025-11-20 16:46:25: Epoch summary:
Validation  # epoch      total_loss     energy_loss     forces_loss      energy_mae     energy_rmse      forces_mae     forces_rmse
                 19          0.0588        9.77e-05          0.0587          0.0082           0.011          0.0224          0.0295
Train       # epoch      total_loss     energy_loss     forces_loss      energy_mae     energy_rmse      forces_mae     forces_rmse
                 19          0.0982          0.0208          0.0774           0.154           0.155          0.0256          0.0338


2025-11-20 16:46:25: Training
# epoch      batch      total_loss     energy_loss     forces_loss      energy_mae     energy_rmse      forces_mae     forces_rmse
     20          0          0.0672         0.00112          0.0661          0.0335          0.0409           0.024          0.0314
     20         10             0.1         0.00475          0.0956           0.082          0.0843          0.0284          0.0378
     20         20           0.124          0.0005           0.124          0.0225          0.0273           0.031           0.043
     20         30          0.0805        0.000862          0.0796           0.029          0.0359          0.0259          0.0345
     20         40           0.118         0.00166           0.117          0.0467          0.0498          0.0306          0.0418
     20         50           0.174         0.00162           0.173          0.0408          0.0492          0.0398          0.0508
     20         60          0.0975         0.00398          0.0935          0.0742          0.0772           0.029          0.0374
     20         70          0.0644        0.000244          0.0642          0.0156          0.0191          0.0236           0.031
     20         80          0.0642         0.00234          0.0618          0.0579          0.0591          0.0233          0.0304
     20         90          0.0547        0.000138          0.0545          0.0122          0.0144          0.0219          0.0286
     20        100          0.0686         0.00202          0.0666           0.051          0.0549          0.0238          0.0316
     20        110           0.125        0.000734           0.124          0.0278          0.0331           0.032          0.0431


2025-11-20 16:46:36: Validating
# epoch      batch      total_loss     energy_loss     forces_loss      energy_mae     energy_rmse      forces_mae     forces_rmse
     20          0          0.0649        0.000116          0.0648          0.0105          0.0132           0.024          0.0311
     20         10          0.0754        0.000201          0.0752          0.0134          0.0173          0.0253          0.0335
     20         20          0.0567        2.29e-05          0.0567         0.00464         0.00585          0.0216          0.0291


2025-11-20 16:46:37: Epoch summary:
Validation  # epoch      total_loss     energy_loss     forces_loss      energy_mae     energy_rmse      forces_mae     forces_rmse
                 20          0.0552        9.26e-05          0.0551         0.00793          0.0106          0.0217          0.0285
Train       # epoch      total_loss     energy_loss     forces_loss      energy_mae     energy_rmse      forces_mae     forces_rmse
                 20             0.1         0.00193          0.0982           0.042          0.0455          0.0282          0.0378


2025-11-20 16:46:37: Training
# epoch      batch      total_loss     energy_loss     forces_loss      energy_mae     energy_rmse      forces_mae     forces_rmse
     21          0          0.0973        0.000235          0.0971          0.0154          0.0187          0.0282          0.0381
     21         10           0.075        0.000802          0.0742          0.0296          0.0346          0.0248          0.0333
     21         20          0.0608         0.00085            0.06          0.0326          0.0357          0.0224          0.0299
     21         30          0.0551        0.000105           0.055          0.0103          0.0126          0.0219          0.0287
     21         40          0.0555         0.00155           0.054          0.0471          0.0482          0.0217          0.0284
     21         50          0.0492         0.00049          0.0487          0.0256          0.0271          0.0205           0.027
     21         60          0.0641         0.00347          0.0607          0.0715           0.072          0.0228          0.0301
     21         70           0.064          0.0027          0.0613          0.0611          0.0635          0.0228          0.0303
     21         80          0.0649        0.000114          0.0648          0.0108           0.013          0.0236          0.0311
     21         90          0.0801        0.000953          0.0791           0.026          0.0377          0.0259          0.0344
     21        100           0.072           0.001           0.071           0.037          0.0387          0.0245          0.0326
     21        110          0.0819         0.00757          0.0743           0.106           0.106          0.0252          0.0333


2025-11-20 16:46:48: Validating
# epoch      batch      total_loss     energy_loss     forces_loss      energy_mae     energy_rmse      forces_mae     forces_rmse
     21          0          0.0592        8.58e-05          0.0591         0.00958          0.0113          0.0228          0.0297
     21         10          0.0696        0.000161          0.0694          0.0123          0.0155          0.0244          0.0322
     21         20          0.0529        2.27e-05          0.0528         0.00495         0.00582          0.0208          0.0281


2025-11-20 16:46:50: Epoch summary:
Validation  # epoch      total_loss     energy_loss     forces_loss      energy_mae     energy_rmse      forces_mae     forces_rmse
                 21          0.0512        8.55e-05          0.0511         0.00767          0.0102          0.0209          0.0275
Train       # epoch      total_loss     energy_loss     forces_loss      energy_mae     energy_rmse      forces_mae     forces_rmse
                 21          0.0677         0.00375          0.0638          0.0532          0.0555          0.0233          0.0307


2025-11-20 16:46:50: Training
# epoch      batch      total_loss     energy_loss     forces_loss      energy_mae     energy_rmse      forces_mae     forces_rmse
     22          0          0.0606         0.00262           0.058           0.062          0.0626          0.0229          0.0294
     22         10          0.0747          0.0138           0.061           0.143           0.144          0.0233          0.0302
     22         20           0.113          0.0564          0.0565            0.29            0.29          0.0219          0.0291
     22         30          0.0705         0.00135          0.0692          0.0431          0.0449          0.0248          0.0322
     22         40           0.115          0.0131           0.102           0.138            0.14          0.0292          0.0391
     22         50           0.112          0.0494          0.0626           0.271           0.272          0.0238          0.0306
     22         60          0.0709         0.00923          0.0617           0.117           0.117          0.0222          0.0304
     22         70           0.083          0.0317          0.0512           0.217           0.218          0.0211          0.0277
     22         80          0.0796          0.0368          0.0429           0.234           0.235          0.0195          0.0253
     22         90          0.0749           0.023          0.0519           0.185           0.185          0.0211          0.0279
     22        100           0.072          0.0231          0.0488           0.186           0.186          0.0201           0.027
     22        110          0.0561          0.0191           0.037           0.169           0.169          0.0181          0.0235


2025-11-20 16:47:01: Validating
# epoch      batch      total_loss     energy_loss     forces_loss      energy_mae     energy_rmse      forces_mae     forces_rmse
     22          0          0.0559        0.000109          0.0558          0.0105          0.0128          0.0221          0.0289
     22         10          0.0645        0.000138          0.0644          0.0116          0.0144          0.0235           0.031
     22         20          0.0507        1.87e-05          0.0506         0.00426         0.00529          0.0203          0.0275


2025-11-20 16:47:02: Epoch summary:
Validation  # epoch      total_loss     energy_loss     forces_loss      energy_mae     energy_rmse      forces_mae     forces_rmse
                 22          0.0482        8.14e-05          0.0481          0.0074         0.00987          0.0203          0.0267
Train       # epoch      total_loss     energy_loss     forces_loss      energy_mae     energy_rmse      forces_mae     forces_rmse
                 22          0.0916          0.0299          0.0617           0.202           0.203          0.0228          0.0301


2025-11-20 16:47:02: Training
# epoch      batch      total_loss     energy_loss     forces_loss      energy_mae     energy_rmse      forces_mae     forces_rmse
     23          0          0.0734          0.0298          0.0436           0.211           0.211          0.0192          0.0255
     23         10           0.073          0.0314          0.0416           0.217           0.217          0.0192          0.0249
     23         20           0.098          0.0497          0.0483           0.272           0.273          0.0205          0.0269
     23         30           0.084          0.0346          0.0494           0.227           0.228          0.0207          0.0272
     23         40           0.108          0.0499          0.0578           0.273           0.273          0.0218          0.0294
     23         50          0.0654         0.00224          0.0632          0.0568          0.0579          0.0235          0.0307
     23         60          0.0733          0.0126          0.0606           0.136           0.137          0.0227          0.0301
     23         70           0.076          0.0129          0.0631           0.139           0.139          0.0227          0.0307
     23         80          0.0799          0.0073          0.0726           0.104           0.104          0.0253          0.0329
     23         90          0.0422          0.0021          0.0401          0.0541           0.056          0.0195          0.0245
     23        100           0.134         0.00146           0.133          0.0422          0.0468          0.0317          0.0446
     23        110           0.103        0.000948           0.102          0.0335          0.0376          0.0297          0.0391


2025-11-20 16:47:13: Validating
# epoch      batch      total_loss     energy_loss     forces_loss      energy_mae     energy_rmse      forces_mae     forces_rmse
     23          0          0.0527        8.21e-05          0.0526         0.00959          0.0111          0.0213           0.028
     23         10          0.0611         0.00012           0.061          0.0107          0.0134          0.0229          0.0302
     23         20          0.0476        2.17e-05          0.0475         0.00487         0.00569          0.0197          0.0267


2025-11-20 16:47:15: Epoch summary:
Validation  # epoch      total_loss     energy_loss     forces_loss      energy_mae     energy_rmse      forces_mae     forces_rmse
                 23          0.0458        8.15e-05          0.0457         0.00742         0.00987          0.0198           0.026
Train       # epoch      total_loss     energy_loss     forces_loss      energy_mae     energy_rmse      forces_mae     forces_rmse
                 23          0.0835          0.0167          0.0667           0.132           0.133          0.0233          0.0308


2025-11-20 16:47:15: Training
# epoch      batch      total_loss     energy_loss     forces_loss      energy_mae     energy_rmse      forces_mae     forces_rmse
     24          0          0.0971         0.00138          0.0957           0.044          0.0454          0.0285          0.0378
     24         10           0.153         0.00446           0.148          0.0771          0.0817          0.0359          0.0471
     24         20          0.0907        8.41e-05          0.0906         0.00957          0.0112           0.028          0.0368
     24         30          0.0894        0.000325          0.0891          0.0187          0.0221          0.0267          0.0365
     24         40           0.148        0.000761           0.147          0.0285          0.0337           0.036          0.0469
     24         50           0.125        0.000213           0.125          0.0145          0.0178          0.0327          0.0432
     24         60          0.0682         0.00016           0.068          0.0114          0.0155          0.0243          0.0319
     24         70          0.0754        0.000985          0.0744          0.0354          0.0384           0.025          0.0334
     24         80          0.0552        8.98e-05          0.0551         0.00849          0.0116          0.0218          0.0287
     24         90          0.0633         0.00125          0.0621          0.0422          0.0433           0.023          0.0305
     24        100           0.076          0.0168          0.0592           0.158           0.158          0.0229          0.0297
     24        110          0.0942         0.00209          0.0921          0.0524          0.0559          0.0269          0.0371


2025-11-20 16:47:26: Validating
# epoch      batch      total_loss     energy_loss     forces_loss      energy_mae     energy_rmse      forces_mae     forces_rmse
     24          0          0.0505        9.22e-05          0.0504          0.0101          0.0117          0.0209          0.0275
     24         10            0.06        0.000108          0.0599          0.0101          0.0127          0.0226          0.0299
     24         20          0.0453        2.09e-05          0.0452         0.00465         0.00559          0.0192           0.026


2025-11-20 16:47:27: Epoch summary:
Validation  # epoch      total_loss     energy_loss     forces_loss      energy_mae     energy_rmse      forces_mae     forces_rmse
                 24          0.0441        7.57e-05          0.0441         0.00706         0.00938          0.0194          0.0255
Train       # epoch      total_loss     energy_loss     forces_loss      energy_mae     energy_rmse      forces_mae     forces_rmse
                 24          0.0943         0.00165          0.0926          0.0371          0.0407          0.0274          0.0365


2025-11-20 16:47:28: Training
# epoch      batch      total_loss     energy_loss     forces_loss      energy_mae     energy_rmse      forces_mae     forces_rmse
     25          0           0.115        0.000953           0.114          0.0333          0.0378          0.0301          0.0412
     25         10          0.0564         0.00369          0.0527          0.0737          0.0743          0.0215          0.0281
     25         20          0.0687        0.000299          0.0684          0.0193          0.0212          0.0238           0.032
     25         30          0.0673        0.000182          0.0672           0.014          0.0165          0.0246          0.0317
     25         40          0.0545        0.000102          0.0544         0.00933          0.0124           0.022          0.0285
     25         50           0.112         0.00731           0.104           0.102           0.105          0.0271          0.0395
     25         60           0.205         0.00771           0.197           0.105           0.107          0.0357          0.0543
     25         70           0.301        0.000906             0.3          0.0298          0.0368          0.0485          0.0669
     25         80           0.219         0.00114           0.218          0.0376          0.0413          0.0409          0.0571
     25         90           0.141         0.00656           0.134           0.098          0.0991          0.0328          0.0448
     25        100          0.0552        6.21e-05          0.0551         0.00837         0.00964          0.0223          0.0287
     25        110          0.0699        0.000519          0.0694          0.0211          0.0279          0.0238          0.0322


2025-11-20 16:47:39: Validating
# epoch      batch      total_loss     energy_loss     forces_loss      energy_mae     energy_rmse      forces_mae     forces_rmse
     25          0          0.0493        0.000128          0.0491          0.0114          0.0138          0.0206          0.0271
     25         10          0.0576        0.000119          0.0575          0.0104          0.0133          0.0221          0.0293
     25         20          0.0434        1.92e-05          0.0434          0.0046         0.00536          0.0187          0.0255


2025-11-20 16:47:40: Epoch summary:
Validation  # epoch      total_loss     energy_loss     forces_loss      energy_mae     energy_rmse      forces_mae     forces_rmse
                 25          0.0426        7.43e-05          0.0425         0.00705         0.00917           0.019          0.0251
Train       # epoch      total_loss     energy_loss     forces_loss      energy_mae     energy_rmse      forces_mae     forces_rmse
                 25           0.107         0.00283           0.104          0.0504          0.0536           0.028           0.038


2025-11-20 16:47:40: Training
# epoch      batch      total_loss     energy_loss     forces_loss      energy_mae     energy_rmse      forces_mae     forces_rmse
     26          0          0.0531        0.000536          0.0525          0.0253          0.0283          0.0214           0.028
     26         10          0.0472         0.00029          0.0469           0.018          0.0208          0.0204          0.0265
     26         20          0.0898         0.00314          0.0867          0.0649          0.0685          0.0255           0.036
     26         30           0.158          0.0365           0.122           0.232           0.234          0.0294          0.0427
     26         40          0.0755          0.0256          0.0499           0.195           0.196          0.0204          0.0273
     26         50          0.0632         0.00877          0.0544           0.114           0.115          0.0216          0.0285
     26         60          0.0899         0.00604          0.0839          0.0935           0.095          0.0239          0.0354
     26         70          0.0596          0.0138          0.0458           0.143           0.144          0.0194          0.0262
     26         80          0.0955           0.038          0.0575           0.238           0.238          0.0223          0.0293
     26         90          0.0817           0.038          0.0437           0.238           0.238          0.0192          0.0256
     26        100          0.0784           0.018          0.0604           0.163           0.164          0.0224          0.0301
     26        110          0.0564          0.0127          0.0437           0.137           0.138          0.0196          0.0256


2025-11-20 16:47:52: Validating
# epoch      batch      total_loss     energy_loss     forces_loss      energy_mae     energy_rmse      forces_mae     forces_rmse
     26          0          0.0469        0.000168          0.0467          0.0131          0.0158          0.0201          0.0264
     26         10          0.0563        0.000137          0.0562           0.011          0.0143          0.0217           0.029
     26         20          0.0418        2.36e-05          0.0417         0.00502         0.00593          0.0183           0.025


2025-11-20 16:47:53: Epoch summary:
Validation  # epoch      total_loss     energy_loss     forces_loss      energy_mae     energy_rmse      forces_mae     forces_rmse
                 26           0.041        8.25e-05           0.041         0.00773         0.00977          0.0186          0.0246
Train       # epoch      total_loss     energy_loss     forces_loss      energy_mae     energy_rmse      forces_mae     forces_rmse
                 26          0.0777          0.0196          0.0581            0.15           0.151          0.0218          0.0292


2025-11-20 16:47:53: Training
# epoch      batch      total_loss     energy_loss     forces_loss      energy_mae     energy_rmse      forces_mae     forces_rmse
     27          0           0.072          0.0276          0.0443           0.203           0.203          0.0195          0.0257
     27         10          0.0558         0.00208          0.0537          0.0549          0.0557          0.0215          0.0283
     27         20          0.0572        0.000137          0.0571          0.0111          0.0143          0.0215          0.0292
     27         30          0.0471         0.00225          0.0448          0.0554           0.058          0.0199          0.0259
     27         40          0.0449         0.00218          0.0427          0.0564           0.057          0.0197          0.0253
     27         50           0.038        0.000603          0.0374          0.0283            0.03          0.0179          0.0236
     27         60          0.0598        0.000434          0.0594          0.0224          0.0255          0.0225          0.0298
     27         70           0.058         0.00183          0.0561          0.0459          0.0523          0.0219           0.029
     27         80          0.0519         0.00046          0.0514          0.0239          0.0262          0.0206          0.0277
     27         90          0.0434        0.000522          0.0429          0.0268          0.0279          0.0194          0.0253
     27        100          0.0442        0.000387          0.0438          0.0212          0.0241          0.0192          0.0256
     27        110           0.049        5.22e-05           0.049         0.00672         0.00884          0.0206          0.0271


2025-11-20 16:48:05: Validating
# epoch      batch      total_loss     energy_loss     forces_loss      energy_mae     energy_rmse      forces_mae     forces_rmse
     27          0          0.0449         0.00011          0.0448          0.0106          0.0128          0.0195          0.0259
     27         10          0.0535        0.000114          0.0533          0.0101           0.013          0.0212          0.0282
     27         20          0.0401        1.97e-05          0.0401         0.00452         0.00543           0.018          0.0245


2025-11-20 16:48:06: Epoch summary:
Validation  # epoch      total_loss     energy_loss     forces_loss      energy_mae     energy_rmse      forces_mae     forces_rmse
                 27          0.0391        7.28e-05           0.039         0.00679         0.00902          0.0182           0.024
Train       # epoch      total_loss     energy_loss     forces_loss      energy_mae     energy_rmse      forces_mae     forces_rmse
                 27          0.0511          0.0057          0.0454          0.0593          0.0612          0.0197           0.026


2025-11-20 16:48:06: Training
# epoch      batch      total_loss     energy_loss     forces_loss      energy_mae     energy_rmse      forces_mae     forces_rmse
     28          0          0.0414        0.000544          0.0409          0.0249          0.0285          0.0191          0.0247
     28         10          0.0389        0.000888          0.0381          0.0353          0.0364          0.0186          0.0239
     28         20          0.0527        7.95e-05          0.0526         0.00711          0.0109          0.0208          0.0281
     28         30          0.0627        0.000372          0.0624          0.0178          0.0236           0.023          0.0305
     28         40          0.0773         0.00253          0.0748          0.0606          0.0615          0.0248          0.0334
     28         50          0.0653        8.99e-05          0.0652         0.00868          0.0116          0.0238          0.0312
     28         60           0.047         0.00129          0.0457          0.0432           0.044          0.0196          0.0261
     28         70          0.0576        0.000615          0.0569          0.0253          0.0303          0.0222          0.0292
     28         80          0.0468         0.00136          0.0454          0.0441           0.045          0.0193          0.0261
     28         90          0.0581         0.00029          0.0578          0.0144          0.0208          0.0218          0.0294
     28        100          0.0806        0.000272          0.0804           0.013          0.0202          0.0249          0.0347
     28        110          0.0576        0.000388          0.0572          0.0208          0.0241          0.0219          0.0292


2025-11-20 16:48:18: Validating
# epoch      batch      total_loss     energy_loss     forces_loss      energy_mae     energy_rmse      forces_mae     forces_rmse
     28          0          0.0428        0.000109          0.0426          0.0104          0.0128          0.0189          0.0253
     28         10           0.051        0.000113          0.0509          0.0101           0.013          0.0207          0.0276
     28         20          0.0379        1.61e-05          0.0379         0.00428         0.00491          0.0176          0.0238


2025-11-20 16:48:19: Epoch summary:
Validation  # epoch      total_loss     energy_loss     forces_loss      energy_mae     energy_rmse      forces_mae     forces_rmse
                 28          0.0372        6.86e-05          0.0371         0.00659         0.00871          0.0177          0.0235
Train       # epoch      total_loss     energy_loss     forces_loss      energy_mae     energy_rmse      forces_mae     forces_rmse
                 28          0.0625        0.000831          0.0617          0.0282          0.0313          0.0222          0.0299


2025-11-20 16:48:19: Training
# epoch      batch      total_loss     energy_loss     forces_loss      energy_mae     energy_rmse      forces_mae     forces_rmse
     29          0          0.0634         0.00151          0.0619          0.0446          0.0475          0.0222          0.0304
     29         10          0.0482        6.15e-05          0.0481         0.00836         0.00958          0.0202          0.0268
     29         20           0.154         0.00778           0.147           0.103           0.108          0.0304          0.0468
     29         30          0.0833         0.00137          0.0819          0.0442          0.0453          0.0249           0.035
     29         40           0.121        0.000729            0.12          0.0289           0.033          0.0303          0.0423
     29         50          0.0846        0.000525          0.0841          0.0209           0.028          0.0276          0.0355
     29         60          0.0502        9.48e-05          0.0501         0.00919          0.0119          0.0212          0.0274
     29         70          0.0442        7.49e-05          0.0441         0.00916          0.0106          0.0192          0.0257
     29         80          0.0416         0.00256           0.039          0.0615          0.0618          0.0184          0.0242
     29         90          0.0894         0.00133          0.0881           0.041          0.0446          0.0253          0.0363
     29        100           0.139        0.000343           0.139           0.019          0.0227          0.0329          0.0455
     29        110          0.0879        0.000421          0.0874          0.0236          0.0251          0.0274          0.0362


2025-11-20 16:48:31: Validating
# epoch      batch      total_loss     energy_loss     forces_loss      energy_mae     energy_rmse      forces_mae     forces_rmse
     29          0          0.0416        0.000108          0.0415          0.0103          0.0127          0.0186          0.0249
     29         10          0.0496        9.98e-05          0.0495         0.00939          0.0122          0.0204          0.0272
     29         20          0.0367        1.93e-05          0.0366         0.00464         0.00538          0.0172          0.0234


2025-11-20 16:48:32: Epoch summary:
Validation  # epoch      total_loss     energy_loss     forces_loss      energy_mae     energy_rmse      forces_mae     forces_rmse
                 29          0.0359        6.66e-05          0.0358         0.00633         0.00845          0.0174           0.023
Train       # epoch      total_loss     energy_loss     forces_loss      energy_mae     energy_rmse      forces_mae     forces_rmse
                 29          0.0758          0.0009          0.0749          0.0288          0.0319          0.0242          0.0328


2025-11-20 16:48:32: Training
# epoch      batch      total_loss     energy_loss     forces_loss      energy_mae     energy_rmse      forces_mae     forces_rmse
     30          0          0.0617          0.0012          0.0605          0.0401          0.0423          0.0232          0.0301
     30         10          0.0468        0.000138          0.0467          0.0122          0.0144          0.0204          0.0264
     30         20          0.0553        0.000459          0.0548          0.0232          0.0262          0.0219          0.0286
     30         30          0.0568         0.00104          0.0557          0.0376          0.0395          0.0219          0.0289
     30         40          0.0571        0.000385          0.0567          0.0214           0.024          0.0217          0.0291
     30         50          0.0502          0.0118          0.0384           0.133           0.133          0.0182           0.024
     30         60          0.0405         0.00175          0.0388          0.0496          0.0511          0.0183          0.0241
     30         70          0.0361        2.93e-05          0.0361         0.00443         0.00662          0.0177          0.0232
     30         80          0.0321        0.000847          0.0312          0.0341          0.0356          0.0166          0.0216
     30         90           0.038        0.000209          0.0377          0.0162          0.0177          0.0179          0.0238
     30        100          0.0466        4.12e-05          0.0465         0.00616         0.00785          0.0197          0.0264
     30        110          0.0402         0.00025          0.0399          0.0179          0.0193          0.0189          0.0244


2025-11-20 16:48:43: Validating
# epoch      batch      total_loss     energy_loss     forces_loss      energy_mae     energy_rmse      forces_mae     forces_rmse
     30          0          0.0398         0.00011          0.0397          0.0103          0.0128          0.0182          0.0244
     30         10           0.046        8.69e-05           0.046         0.00886          0.0114          0.0197          0.0262
     30         20          0.0356        1.76e-05          0.0356         0.00454         0.00514           0.017          0.0231


2025-11-20 16:48:44: Epoch summary:
Validation  # epoch      total_loss     energy_loss     forces_loss      energy_mae     energy_rmse      forces_mae     forces_rmse
                 30          0.0344        6.54e-05          0.0343         0.00618         0.00827           0.017          0.0225
Train       # epoch      total_loss     energy_loss     forces_loss      energy_mae     energy_rmse      forces_mae     forces_rmse
                 30          0.0474         0.00177          0.0456          0.0398          0.0419          0.0197          0.0259


2025-11-20 16:48:44: Training
# epoch      batch      total_loss     energy_loss     forces_loss      energy_mae     energy_rmse      forces_mae     forces_rmse
     31          0          0.0435         0.00167          0.0418          0.0484            0.05          0.0191           0.025
     31         10          0.0319        0.000357          0.0315          0.0216          0.0231          0.0166          0.0217
     31         20          0.0631         0.00238          0.0607           0.059          0.0596          0.0222          0.0301
     31         30          0.0945         0.00336          0.0911          0.0692          0.0709           0.027          0.0369
     31         40          0.0742        0.000704          0.0735          0.0293          0.0324          0.0256          0.0331
     31         50           0.078         0.00127          0.0767          0.0379          0.0435           0.025          0.0339
     31         60          0.0687        0.000552          0.0682          0.0248          0.0287          0.0244          0.0319
     31         70          0.0512        0.000957          0.0502          0.0341          0.0378          0.0207          0.0274
     31         80          0.0571        0.000356          0.0568          0.0209          0.0231           0.022          0.0291
     31         90          0.0439           0.001          0.0429          0.0337          0.0387          0.0189          0.0253
     31        100          0.0663        0.000521          0.0658          0.0238          0.0279          0.0226          0.0314
     31        110           0.103         0.00207           0.101           0.051          0.0556          0.0276          0.0388


2025-11-20 16:48:55: Validating
# epoch      batch      total_loss     energy_loss     forces_loss      energy_mae     energy_rmse      forces_mae     forces_rmse
     31          0          0.0381        0.000112           0.038          0.0104           0.013          0.0178          0.0238
     31         10          0.0434           9e-05          0.0433         0.00902          0.0116          0.0192          0.0254
     31         20          0.0355        2.13e-05          0.0355         0.00471         0.00564          0.0169           0.023


2025-11-20 16:48:56: Epoch summary:
Validation  # epoch      total_loss     energy_loss     forces_loss      energy_mae     energy_rmse      forces_mae     forces_rmse
                 31          0.0331        6.52e-05           0.033         0.00621         0.00827          0.0167          0.0221
Train       # epoch      total_loss     energy_loss     forces_loss      energy_mae     energy_rmse      forces_mae     forces_rmse
                 31          0.0772          0.0019          0.0753          0.0428          0.0457          0.0238          0.0322


2025-11-20 16:48:56: Training
# epoch      batch      total_loss     energy_loss     forces_loss      energy_mae     energy_rmse      forces_mae     forces_rmse
     32          0          0.0832        0.000947          0.0823          0.0328          0.0376          0.0246          0.0351
     32         10           0.136          0.0101           0.126           0.121           0.123          0.0292          0.0434
     32         20          0.0676        0.000487          0.0671          0.0251           0.027          0.0235          0.0317
     32         30           0.115          0.0668          0.0481           0.316           0.316          0.0202          0.0268
     32         40           0.065          0.0165          0.0485           0.156           0.157          0.0206          0.0269
     32         50          0.0521         0.00852          0.0435           0.112           0.113          0.0193          0.0255
     32         60          0.0353         0.00136          0.0339          0.0437          0.0451          0.0175          0.0225
     32         70          0.0499         0.00222          0.0477          0.0557          0.0576          0.0199          0.0267
     32         80          0.0553        0.000378          0.0549          0.0212          0.0238          0.0215          0.0287
     32         90          0.0426        0.000281          0.0424          0.0197          0.0205          0.0192          0.0252
     32        100          0.0409        7.34e-05          0.0408          0.0087          0.0105           0.019          0.0247
     32        110          0.0365        0.000485           0.036          0.0242          0.0269           0.018          0.0232


2025-11-20 16:49:07: Validating
# epoch      batch      total_loss     energy_loss     forces_loss      energy_mae     energy_rmse      forces_mae     forces_rmse
     32          0          0.0371        0.000114           0.037          0.0106           0.013          0.0176          0.0235
     32         10          0.0422        8.38e-05          0.0421         0.00875          0.0112          0.0189          0.0251
     32         20          0.0337        1.94e-05          0.0337         0.00463         0.00539          0.0166          0.0224


2025-11-20 16:49:08: Epoch summary:
Validation  # epoch      total_loss     energy_loss     forces_loss      energy_mae     energy_rmse      forces_mae     forces_rmse
                 32           0.032        6.37e-05           0.032         0.00618         0.00813          0.0164          0.0218
Train       # epoch      total_loss     energy_loss     forces_loss      energy_mae     energy_rmse      forces_mae     forces_rmse
                 32          0.0622         0.00843          0.0539          0.0783          0.0805          0.0209          0.0281


2025-11-20 16:49:08: Training
# epoch      batch      total_loss     energy_loss     forces_loss      energy_mae     energy_rmse      forces_mae     forces_rmse
     33          0          0.0433         0.00013          0.0431          0.0106           0.014          0.0194          0.0254
     33         10          0.0413         0.00124            0.04          0.0424          0.0431           0.019          0.0245
     33         20          0.0684        0.000519          0.0679          0.0255          0.0279          0.0236          0.0319
     33         30          0.0668        0.000222          0.0666          0.0147          0.0182          0.0237          0.0316
     33         40          0.0623         0.00346          0.0588          0.0708          0.0719          0.0219          0.0297
     33         50          0.0421         0.00018          0.0419          0.0128          0.0164          0.0192           0.025
     33         60          0.0403        0.000281            0.04          0.0142          0.0205          0.0187          0.0245
     33         70           0.036        0.000431          0.0355          0.0231          0.0254          0.0179           0.023
     33         80          0.0328         0.00277          0.0301          0.0641          0.0644          0.0165          0.0212
     33         90           0.037        0.000796          0.0362          0.0332          0.0345          0.0174          0.0233
     33        100          0.0302        0.000226            0.03          0.0164          0.0184          0.0163          0.0212
     33        110          0.0384        9.88e-05          0.0383           0.011          0.0122          0.0184          0.0239


2025-11-20 16:49:19: Validating
# epoch      batch      total_loss     energy_loss     forces_loss      energy_mae     energy_rmse      forces_mae     forces_rmse
     33          0          0.0364        0.000101          0.0363          0.0102          0.0123          0.0173          0.0233
     33         10          0.0413         9.1e-05          0.0412         0.00911          0.0117          0.0185          0.0248
     33         20          0.0325        2.04e-05          0.0325          0.0048         0.00552          0.0163           0.022


2025-11-20 16:49:20: Epoch summary:
Validation  # epoch      total_loss     energy_loss     forces_loss      energy_mae     energy_rmse      forces_mae     forces_rmse
                 33           0.031        6.31e-05           0.031         0.00613         0.00811          0.0161          0.0214
Train       # epoch      total_loss     energy_loss     forces_loss      energy_mae     energy_rmse      forces_mae     forces_rmse
                 33          0.0445        0.000907          0.0436          0.0297           0.032           0.019          0.0252


2025-11-20 16:49:20: Training
# epoch      batch      total_loss     energy_loss     forces_loss      energy_mae     energy_rmse      forces_mae     forces_rmse
     34          0          0.0573         0.00522          0.0521          0.0872          0.0883          0.0208          0.0279
     34         10          0.0247        0.000149          0.0245          0.0117          0.0149          0.0149          0.0191
     34         20          0.0386         0.00295          0.0357          0.0662          0.0664          0.0174          0.0231
     34         30          0.0321         4.8e-05           0.032         0.00689         0.00847          0.0164          0.0219
     34         40          0.0308        0.000172          0.0306          0.0152          0.0161          0.0164          0.0214
     34         50           0.042        0.000577          0.0415          0.0278          0.0294          0.0186          0.0249
     34         60          0.0367        0.000509          0.0362          0.0265          0.0276          0.0177          0.0233
     34         70          0.0298         0.00151          0.0283           0.047          0.0475          0.0158          0.0206
     34         80          0.0314        8.82e-05          0.0313          0.0101          0.0115          0.0167          0.0216
     34         90          0.0346        7.86e-05          0.0346         0.00787          0.0108          0.0171          0.0227
     34        100          0.0418        0.000174          0.0416           0.014          0.0161          0.0183          0.0249
     34        110          0.0267        0.000107          0.0266          0.0113          0.0126          0.0156            0.02


2025-11-20 16:49:31: Validating
# epoch      batch      total_loss     energy_loss     forces_loss      energy_mae     energy_rmse      forces_mae     forces_rmse
     34          0           0.035        8.67e-05          0.0349          0.0095          0.0114          0.0169          0.0229
     34         10          0.0399         7.5e-05          0.0398          0.0084          0.0106          0.0182          0.0244
     34         20          0.0309        1.77e-05          0.0309         0.00443         0.00514          0.0159          0.0215


2025-11-20 16:49:33: Epoch summary:
Validation  # epoch      total_loss     energy_loss     forces_loss      energy_mae     energy_rmse      forces_mae     forces_rmse
                 34          0.0297        6.03e-05          0.0297         0.00588         0.00782          0.0158           0.021
Train       # epoch      total_loss     energy_loss     forces_loss      energy_mae     energy_rmse      forces_mae     forces_rmse
                 34          0.0352         0.00124           0.034          0.0349          0.0365          0.0172          0.0225


2025-11-20 16:49:33: Training
# epoch      batch      total_loss     energy_loss     forces_loss      energy_mae     energy_rmse      forces_mae     forces_rmse
     35          0          0.0377         0.00124          0.0364          0.0422           0.043          0.0179          0.0233
     35         10          0.0779        0.000445          0.0775          0.0227          0.0258          0.0236           0.034
     35         20          0.0698         0.00065          0.0691          0.0221          0.0312          0.0218          0.0321
     35         30           0.104         0.00653          0.0971           0.095          0.0988           0.027          0.0381
     35         40          0.0463        0.000483          0.0458          0.0243          0.0269          0.0205          0.0262
     35         50          0.0571          0.0072          0.0499           0.103           0.104          0.0209          0.0273
     35         60           0.088        0.000677          0.0874          0.0245          0.0318          0.0248          0.0361
     35         70           0.075         0.00609          0.0689          0.0932          0.0954          0.0232          0.0321
     35         80            0.13          0.0683          0.0616           0.319            0.32          0.0235          0.0303
     35         90          0.0987          0.0419          0.0568            0.25            0.25          0.0207          0.0291
     35        100          0.0759          0.0482          0.0278           0.268           0.268          0.0157          0.0204
     35        110          0.0614          0.0249          0.0364           0.193           0.193          0.0172          0.0233


2025-11-20 16:49:44: Validating
# epoch      batch      total_loss     energy_loss     forces_loss      energy_mae     energy_rmse      forces_mae     forces_rmse
     35          0           0.034        0.000196          0.0338          0.0146          0.0171          0.0166          0.0225
     35         10          0.0388        9.16e-05          0.0387         0.00968          0.0117           0.018           0.024
     35         20          0.0302        3.84e-05          0.0302         0.00631         0.00758          0.0156          0.0213


2025-11-20 16:49:45: Epoch summary:
Validation  # epoch      total_loss     energy_loss     forces_loss      energy_mae     energy_rmse      forces_mae     forces_rmse
                 35           0.029        9.19e-05          0.0289         0.00838          0.0103          0.0156          0.0207
Train       # epoch      total_loss     energy_loss     forces_loss      energy_mae     energy_rmse      forces_mae     forces_rmse
                 35          0.0711          0.0158          0.0553           0.118            0.12           0.021          0.0283


2025-11-20 16:49:45: Training
# epoch      batch      total_loss     energy_loss     forces_loss      energy_mae     energy_rmse      forces_mae     forces_rmse
     36          0          0.0522         0.00984          0.0424            0.12           0.121          0.0181          0.0252
     36         10          0.0713           0.018          0.0533           0.163           0.164          0.0204          0.0282
     36         20          0.0651          0.0281           0.037           0.205           0.205           0.018          0.0235
     36         30          0.0962          0.0446          0.0516           0.258           0.258          0.0207          0.0278
     36         40          0.0462          0.0101          0.0361           0.122           0.123          0.0179          0.0232
     36         50          0.0773           0.014          0.0633           0.144           0.144          0.0244          0.0308
     36         60          0.0538        0.000294          0.0535          0.0185           0.021          0.0213          0.0283
     36         70          0.0919          0.0641          0.0279           0.309           0.309          0.0158          0.0204
     36         80          0.0745          0.0258          0.0487           0.196           0.196          0.0206           0.027
     36         90          0.0656         0.00197          0.0637          0.0516          0.0542          0.0229          0.0309
     36        100          0.0564         0.00132          0.0551          0.0419          0.0445          0.0215          0.0287
     36        110          0.0407         0.00287          0.0379          0.0645          0.0655          0.0177          0.0238


2025-11-20 16:49:56: Validating
# epoch      batch      total_loss     energy_loss     forces_loss      energy_mae     energy_rmse      forces_mae     forces_rmse
     36          0           0.034        0.000119          0.0339          0.0103          0.0133          0.0166          0.0225
     36         10          0.0385        6.08e-05          0.0385         0.00756         0.00954          0.0179           0.024
     36         20          0.0298        1.55e-05          0.0298         0.00408         0.00481          0.0155          0.0211


2025-11-20 16:49:58: Epoch summary:
Validation  # epoch      total_loss     energy_loss     forces_loss      energy_mae     energy_rmse      forces_mae     forces_rmse
                 36          0.0285        6.48e-05          0.0285         0.00595         0.00795          0.0154          0.0205
Train       # epoch      total_loss     energy_loss     forces_loss      energy_mae     energy_rmse      forces_mae     forces_rmse
                 36          0.0715          0.0193          0.0522           0.141           0.143          0.0206          0.0275


2025-11-20 16:49:58: Training
# epoch      batch      total_loss     energy_loss     forces_loss      energy_mae     energy_rmse      forces_mae     forces_rmse
     37          0          0.0936          0.0011          0.0924          0.0356          0.0406          0.0258          0.0372
     37         10          0.0729        0.000408          0.0725          0.0232          0.0247           0.023          0.0329
     37         20          0.0406        0.000838          0.0397          0.0335          0.0354          0.0189          0.0244
     37         30          0.0681        0.000551          0.0675          0.0205          0.0287          0.0222          0.0318
     37         40          0.0432        0.000255          0.0429          0.0165          0.0195          0.0193          0.0253
     37         50          0.0447        0.000385          0.0444          0.0211           0.024          0.0187          0.0258
     37         60          0.0551        0.000464          0.0546          0.0247          0.0263          0.0197          0.0286
     37         70          0.0357        0.000803          0.0349          0.0337          0.0346          0.0176          0.0228
     37         80          0.0366        0.000148          0.0365          0.0132          0.0149          0.0181          0.0233
     37         90          0.0312        0.000208           0.031          0.0154          0.0176          0.0159          0.0215
     37        100          0.0629         0.00153          0.0614          0.0465          0.0478          0.0214          0.0303
     37        110          0.0699         0.00151          0.0684          0.0421          0.0475          0.0238           0.032


2025-11-20 16:50:08: Validating
# epoch      batch      total_loss     energy_loss     forces_loss      energy_mae     energy_rmse      forces_mae     forces_rmse
     37          0          0.0338        0.000125          0.0337          0.0105          0.0137          0.0166          0.0224
     37         10          0.0373        6.64e-05          0.0373         0.00807         0.00996          0.0176          0.0236
     37         20           0.029        1.38e-05          0.0289         0.00365         0.00454          0.0153          0.0208


2025-11-20 16:50:10: Epoch summary:
Validation  # epoch      total_loss     energy_loss     forces_loss      energy_mae     energy_rmse      forces_mae     forces_rmse
                 37          0.0279        6.43e-05          0.0278         0.00599           0.008          0.0152          0.0203
Train       # epoch      total_loss     energy_loss     forces_loss      energy_mae     energy_rmse      forces_mae     forces_rmse
                 37          0.0493        0.000587          0.0488          0.0238          0.0265          0.0197          0.0267


2025-11-20 16:50:10: Training
# epoch      batch      total_loss     energy_loss     forces_loss      energy_mae     energy_rmse      forces_mae     forces_rmse
     38          0          0.0858         0.00143          0.0844          0.0429          0.0463          0.0244          0.0355
     38         10           0.137         0.00947           0.127           0.117           0.119          0.0318          0.0436
     38         20          0.0808          0.0128           0.068           0.138           0.138          0.0236          0.0319
     38         30          0.0659         0.00574          0.0601          0.0909          0.0927          0.0224            0.03
     38         40          0.0716         0.00389          0.0677           0.075          0.0762          0.0237          0.0318
     38         50           0.044         0.00142          0.0426          0.0455          0.0461          0.0186          0.0252
     38         60          0.0456        0.000288          0.0453          0.0192          0.0208          0.0199           0.026
     38         70          0.0991        0.000425          0.0986           0.021          0.0252          0.0251          0.0384
     38         80          0.0879         0.00107          0.0868           0.026            0.04          0.0267           0.036
     38         90          0.0585         0.00351           0.055          0.0719          0.0725          0.0218          0.0287
     38        100          0.0662        0.000164           0.066          0.0124          0.0157          0.0229          0.0314
     38        110          0.0577         0.00071           0.057          0.0304          0.0326          0.0223          0.0292


2025-11-20 16:50:20: Validating
# epoch      batch      total_loss     energy_loss     forces_loss      energy_mae     energy_rmse      forces_mae     forces_rmse
     38          0          0.0333         0.00015          0.0331          0.0114           0.015          0.0164          0.0223
     38         10          0.0364        6.37e-05          0.0363         0.00797         0.00976          0.0174          0.0233
     38         20          0.0289        1.86e-05          0.0289         0.00434         0.00527          0.0152          0.0208


2025-11-20 16:50:21: Epoch summary:
Validation  # epoch      total_loss     energy_loss     forces_loss      energy_mae     energy_rmse      forces_mae     forces_rmse
                 38          0.0275        6.49e-05          0.0274          0.0062         0.00817          0.0151          0.0202
Train       # epoch      total_loss     energy_loss     forces_loss      energy_mae     energy_rmse      forces_mae     forces_rmse
                 38           0.073         0.00249          0.0705          0.0432           0.046          0.0237          0.0322


2025-11-20 16:50:21: Training
# epoch      batch      total_loss     energy_loss     forces_loss      energy_mae     energy_rmse      forces_mae     forces_rmse
     39          0          0.0771         0.00192          0.0752          0.0525          0.0536           0.024          0.0335
     39         10          0.0983         0.00159          0.0967          0.0434          0.0488          0.0252           0.038
     39         20          0.0673         0.00032           0.067          0.0188          0.0219          0.0225          0.0316
     39         30          0.0743           0.012          0.0623           0.133           0.134           0.023          0.0305
     39         40          0.0696          0.0188          0.0508           0.167           0.168          0.0209          0.0276
     39         50          0.0653        0.000895          0.0644          0.0334          0.0366          0.0226           0.031
     39         60          0.0639          0.0173          0.0467            0.16           0.161          0.0196          0.0264
     39         70           0.151          0.0424           0.108           0.251           0.252          0.0261          0.0402
     39         80          0.0962          0.0112           0.085           0.129           0.129          0.0271          0.0357
     39         90          0.0534          0.0173          0.0361           0.161           0.161          0.0178          0.0232
     39        100          0.0774          0.0326          0.0448           0.221           0.221          0.0199          0.0259
     39        110          0.0592          0.0201          0.0391           0.173           0.173          0.0182          0.0242


2025-11-20 16:50:32: Validating
# epoch      batch      total_loss     energy_loss     forces_loss      energy_mae     energy_rmse      forces_mae     forces_rmse
     39          0          0.0321        0.000232          0.0319          0.0154          0.0186          0.0163          0.0218
     39         10          0.0366        8.32e-05          0.0365          0.0098          0.0112          0.0174          0.0234
     39         20          0.0283         3.9e-05          0.0283         0.00641         0.00763          0.0151          0.0206


2025-11-20 16:50:33: Epoch summary:
Validation  # epoch      total_loss     energy_loss     forces_loss      energy_mae     energy_rmse      forces_mae     forces_rmse
                 39          0.0271        9.58e-05           0.027         0.00855          0.0105           0.015            0.02
Train       # epoch      total_loss     energy_loss     forces_loss      energy_mae     energy_rmse      forces_mae     forces_rmse
                 39          0.0752          0.0168          0.0584           0.133           0.134          0.0216          0.0292


2025-11-20 16:50:33: Training
# epoch      batch      total_loss     energy_loss     forces_loss      energy_mae     energy_rmse      forces_mae     forces_rmse
     40          0          0.0908           0.044          0.0468           0.256           0.257          0.0195          0.0265
     40         10          0.0622          0.0195          0.0427            0.17           0.171          0.0186          0.0253
     40         20          0.0465         0.00695          0.0396           0.101           0.102           0.018          0.0243
     40         30          0.0343        0.000648          0.0337          0.0304          0.0311          0.0171          0.0224
     40         40          0.0366         0.00299          0.0336          0.0666          0.0669          0.0172          0.0224
     40         50          0.0256         0.00103          0.0246          0.0385          0.0392          0.0146          0.0192
     40         60          0.0408         0.00254          0.0382          0.0607          0.0616          0.0179          0.0239
     40         70           0.055        0.000988          0.0541          0.0357          0.0384          0.0204          0.0284
     40         80          0.0294        1.61e-05          0.0293          0.0041         0.00491          0.0159          0.0209
     40         90          0.0352         0.00176          0.0335          0.0493          0.0513          0.0171          0.0224
     40        100          0.0582         0.00132          0.0569          0.0386          0.0445          0.0206          0.0292
     40        110          0.0586        0.000708          0.0579          0.0298          0.0325          0.0213          0.0294


2025-11-20 16:50:44: Validating
# epoch      batch      total_loss     energy_loss     forces_loss      energy_mae     energy_rmse      forces_mae     forces_rmse
     40          0           0.032        0.000135          0.0318          0.0103          0.0142          0.0162          0.0218
     40         10          0.0357        5.45e-05          0.0356         0.00726         0.00902          0.0172          0.0231
     40         20          0.0275        1.28e-05          0.0275         0.00369         0.00437          0.0149          0.0203


2025-11-20 16:50:45: Epoch summary:
Validation  # epoch      total_loss     energy_loss     forces_loss      energy_mae     energy_rmse      forces_mae     forces_rmse
                 40          0.0266        6.64e-05          0.0265         0.00599         0.00802          0.0148          0.0198
Train       # epoch      total_loss     energy_loss     forces_loss      energy_mae     energy_rmse      forces_mae     forces_rmse
                 40          0.0458         0.00739          0.0384          0.0786          0.0802          0.0176          0.0236


2025-11-20 16:50:45: Training
# epoch      batch      total_loss     energy_loss     forces_loss      energy_mae     energy_rmse      forces_mae     forces_rmse
     41          0          0.0538        0.000699          0.0531          0.0297          0.0323          0.0204          0.0282
     41         10          0.0494        9.29e-05          0.0493         0.00976          0.0118          0.0208          0.0271
     41         20          0.0363        0.000596          0.0357          0.0287          0.0298          0.0175          0.0231
     41         30          0.0324        7.17e-05          0.0323          0.0085          0.0104          0.0168           0.022
     41         40          0.0359        0.000111          0.0358           0.011          0.0129          0.0177          0.0231
     41         50          0.0299        0.000755          0.0292          0.0329          0.0336          0.0157          0.0209
     41         60          0.0285        0.000117          0.0284          0.0102          0.0132          0.0158          0.0206
     41         70          0.0484        0.000437           0.048          0.0224          0.0256          0.0194          0.0268
     41         80          0.0498        0.000515          0.0493          0.0219          0.0278          0.0195          0.0271
     41         90          0.0461         0.00124          0.0449          0.0401           0.043          0.0183          0.0259
     41        100          0.0698        0.000445          0.0693          0.0226          0.0258          0.0223          0.0322
     41        110          0.0382        0.000209          0.0379          0.0148          0.0177          0.0177          0.0238


2025-11-20 16:50:57: Validating
# epoch      batch      total_loss     energy_loss     forces_loss      energy_mae     energy_rmse      forces_mae     forces_rmse
     41          0          0.0303        0.000111          0.0301         0.00911          0.0129          0.0157          0.0212
     41         10          0.0344        5.29e-05          0.0344         0.00701          0.0089           0.017          0.0227
     41         20          0.0268        1.18e-05          0.0268          0.0035          0.0042          0.0147            0.02


2025-11-20 16:50:59: Epoch summary:
Validation  # epoch      total_loss     energy_loss     forces_loss      energy_mae     energy_rmse      forces_mae     forces_rmse
                 41          0.0258        6.24e-05          0.0258         0.00568         0.00769          0.0146          0.0195
Train       # epoch      total_loss     energy_loss     forces_loss      energy_mae     energy_rmse      forces_mae     forces_rmse
                 41          0.0377        0.000541          0.0372          0.0225          0.0249          0.0176          0.0234


2025-11-20 16:50:59: Training
# epoch      batch      total_loss     energy_loss     forces_loss      energy_mae     energy_rmse      forces_mae     forces_rmse
     42          0          0.0345        0.000154          0.0344          0.0114          0.0152          0.0171          0.0227
     42         10          0.0334        0.000432          0.0329          0.0224          0.0254          0.0166          0.0222
     42         20          0.0302         4.5e-05          0.0302         0.00689          0.0082          0.0158          0.0212
     42         30          0.0497        0.000109          0.0496            0.01          0.0128          0.0199          0.0272
     42         40          0.0376        0.000115          0.0375          0.0105          0.0131          0.0179          0.0237
     42         50           0.037        9.84e-05          0.0369          0.0101          0.0121           0.017          0.0235
     42         60          0.0458        0.000227          0.0456          0.0168          0.0184          0.0193          0.0261
     42         70          0.0285        0.000948          0.0276          0.0364          0.0376          0.0154          0.0203
     42         80          0.0317        6.25e-05          0.0317         0.00786         0.00967          0.0164          0.0218
     42         90          0.0263        0.000897          0.0254          0.0361          0.0366          0.0148          0.0195
     42        100          0.0296        8.07e-05          0.0295          0.0096           0.011          0.0156           0.021
     42        110          0.0493        0.000352           0.049          0.0197          0.0229          0.0192          0.0271


2025-11-20 16:51:10: Validating
# epoch      batch      total_loss     energy_loss     forces_loss      energy_mae     energy_rmse      forces_mae     forces_rmse
     42          0          0.0296        0.000109          0.0295         0.00869          0.0128          0.0155           0.021
     42         10           0.034        4.91e-05           0.034           0.007         0.00856          0.0168          0.0225
     42         20          0.0268         1.1e-05          0.0267         0.00333         0.00405          0.0147            0.02


2025-11-20 16:51:11: Epoch summary:
Validation  # epoch      total_loss     energy_loss     forces_loss      energy_mae     energy_rmse      forces_mae     forces_rmse
                 42          0.0251        6.01e-05          0.0251         0.00547         0.00748          0.0144          0.0193
Train       # epoch      total_loss     energy_loss     forces_loss      energy_mae     energy_rmse      forces_mae     forces_rmse
                 42          0.0416        0.000688          0.0409          0.0255           0.028          0.0178          0.0242


2025-11-20 16:51:11: Training
# epoch      batch      total_loss     energy_loss     forces_loss      energy_mae     energy_rmse      forces_mae     forces_rmse
     43          0          0.0303        0.000755          0.0295          0.0325          0.0336          0.0159           0.021
     43         10          0.0261         0.00233          0.0238          0.0584           0.059          0.0144          0.0189
     43         20          0.0334         0.00219          0.0312          0.0566          0.0573          0.0167          0.0216
     43         30           0.044        0.000328          0.0436           0.019          0.0222          0.0182          0.0255
     43         40          0.0277         0.00143          0.0263          0.0441          0.0463          0.0156          0.0198
     43         50          0.0332        0.000973          0.0322          0.0364          0.0381          0.0169           0.022
     43         60           0.033        0.000685          0.0323          0.0307           0.032          0.0165           0.022
     43         70          0.0771        0.000202          0.0769          0.0138          0.0174          0.0255          0.0339
     43         80          0.0876         0.00939          0.0782           0.118           0.118          0.0261          0.0342
     43         90           0.137          0.0497          0.0872           0.272           0.273           0.027          0.0361
     43        100           0.107        0.000397           0.106          0.0186          0.0244          0.0288          0.0399
     43        110          0.0714        0.000294          0.0711          0.0171           0.021          0.0253          0.0326


2025-11-20 16:51:22: Validating
# epoch      batch      total_loss     energy_loss     forces_loss      energy_mae     energy_rmse      forces_mae     forces_rmse
     43          0          0.0287        0.000102          0.0286         0.00905          0.0124          0.0153          0.0207
     43         10          0.0325        4.85e-05          0.0325         0.00691         0.00852          0.0165           0.022
     43         20          0.0265        1.25e-05          0.0265         0.00371         0.00432          0.0145          0.0199


2025-11-20 16:51:23: Epoch summary:
Validation  # epoch      total_loss     energy_loss     forces_loss      energy_mae     energy_rmse      forces_mae     forces_rmse
                 43          0.0245        6.03e-05          0.0245          0.0054         0.00736          0.0142           0.019
Train       # epoch      total_loss     energy_loss     forces_loss      energy_mae     energy_rmse      forces_mae     forces_rmse
                 43           0.056         0.00482          0.0512          0.0584          0.0602            0.02          0.0268


2025-11-20 16:51:23: Training
# epoch      batch      total_loss     energy_loss     forces_loss      energy_mae     energy_rmse      forces_mae     forces_rmse
     44          0          0.0709         0.00035          0.0705           0.019          0.0229          0.0246          0.0325
     44         10            0.06        0.000649          0.0593          0.0268          0.0312          0.0213          0.0298
     44         20          0.0427        0.000159          0.0426         0.00893          0.0154          0.0186          0.0252
     44         30          0.0341        5.17e-05           0.034         0.00702          0.0088          0.0175          0.0226
     44         40          0.0297        0.000794          0.0289          0.0336          0.0345          0.0161          0.0208
     44         50          0.0296         3.3e-05          0.0296         0.00608         0.00703          0.0159           0.021
     44         60          0.0272         0.00126          0.0259          0.0425          0.0434           0.015          0.0197
     44         70          0.0291        0.000107           0.029          0.0113          0.0127           0.016          0.0208
     44         80          0.0375         0.00028          0.0372          0.0181          0.0205          0.0173          0.0236
     44         90          0.0457         0.00296          0.0427          0.0653          0.0666          0.0185          0.0253
     44        100          0.0307         0.00102          0.0297          0.0376           0.039           0.016          0.0211
     44        110          0.0319         0.00139          0.0305          0.0439          0.0456          0.0161          0.0214


2025-11-20 16:51:35: Validating
# epoch      batch      total_loss     energy_loss     forces_loss      energy_mae     energy_rmse      forces_mae     forces_rmse
     44          0          0.0281        9.18e-05           0.028         0.00827          0.0117           0.015          0.0205
     44         10          0.0318        4.08e-05          0.0318         0.00664         0.00781          0.0164          0.0218
     44         20           0.026        9.74e-06           0.026          0.0031         0.00382          0.0145          0.0197


2025-11-20 16:51:36: Epoch summary:
Validation  # epoch      total_loss     energy_loss     forces_loss      energy_mae     energy_rmse      forces_mae     forces_rmse
                 44           0.024         5.7e-05           0.024         0.00517          0.0071          0.0141          0.0188
Train       # epoch      total_loss     energy_loss     forces_loss      energy_mae     energy_rmse      forces_mae     forces_rmse
                 44          0.0365         0.00113          0.0353           0.032          0.0336          0.0171          0.0226


2025-11-20 16:51:36: Training
# epoch      batch      total_loss     energy_loss     forces_loss      energy_mae     energy_rmse      forces_mae     forces_rmse
     45          0          0.0338         0.00212          0.0316          0.0544          0.0562          0.0164          0.0218
     45         10          0.0575          0.0135           0.044           0.141           0.142          0.0188          0.0257
     45         20          0.0589           0.015          0.0439           0.149            0.15          0.0189          0.0256
     45         30          0.0396          0.0178          0.0219           0.163           0.163           0.014          0.0181
     45         40          0.0362         0.00271          0.0335          0.0628          0.0636          0.0164          0.0224
     45         50           0.031        0.000767          0.0302          0.0322          0.0339          0.0157          0.0213
     45         60          0.0404         0.00194          0.0385          0.0523          0.0539          0.0178           0.024
     45         70           0.062        0.000222          0.0618           0.014          0.0182          0.0215          0.0304
     45         80           0.043        0.000498          0.0425          0.0238          0.0273           0.019          0.0252
     45         90          0.0555        0.000474          0.0551          0.0244          0.0266          0.0205          0.0287
     45        100          0.0308        6.38e-05          0.0308          0.0073         0.00977          0.0164          0.0214
     45        110          0.0606          0.0074          0.0532           0.104           0.105          0.0212          0.0282


2025-11-20 16:51:48: Validating
# epoch      batch      total_loss     energy_loss     forces_loss      energy_mae     energy_rmse      forces_mae     forces_rmse
     45          0          0.0278        9.76e-05          0.0277         0.00841          0.0121          0.0149          0.0204
     45         10          0.0313        4.28e-05          0.0313         0.00701           0.008          0.0162          0.0216
     45         20          0.0251        1.03e-05          0.0251         0.00334         0.00393          0.0144          0.0194


2025-11-20 16:51:49: Epoch summary:
Validation  # epoch      total_loss     energy_loss     forces_loss      energy_mae     energy_rmse      forces_mae     forces_rmse
                 45          0.0236        5.97e-05          0.0235         0.00517         0.00716           0.014          0.0187
Train       # epoch      total_loss     energy_loss     forces_loss      energy_mae     energy_rmse      forces_mae     forces_rmse
                 45          0.0458         0.00315          0.0426          0.0531          0.0551          0.0182          0.0248


2025-11-20 16:51:49: Training
# epoch      batch      total_loss     energy_loss     forces_loss      energy_mae     energy_rmse      forces_mae     forces_rmse
     46          0          0.0746        0.000157          0.0745          0.0135          0.0153          0.0225          0.0334
     46         10          0.0279        0.000129          0.0278          0.0119          0.0139          0.0154          0.0204
     46         20          0.0405         0.00999          0.0305           0.122           0.122          0.0162          0.0213
     46         30          0.0641          0.0105          0.0536           0.124           0.125          0.0201          0.0283
     46         40          0.0316        0.000598           0.031           0.016          0.0299          0.0157          0.0215
     46         50           0.042        0.000122          0.0419          0.0105          0.0135          0.0174           0.025
     46         60          0.0361         0.00129          0.0348          0.0406          0.0439          0.0177          0.0228
     46         70          0.0349        0.000739          0.0342          0.0324          0.0332          0.0171          0.0226
     46         80          0.0253        0.000495          0.0248           0.025          0.0272          0.0146          0.0192
     46         90           0.027        0.000271          0.0268          0.0175          0.0201          0.0154            0.02
     46        100          0.0282         5.2e-05          0.0281         0.00728         0.00882          0.0156          0.0205
     46        110          0.0319         0.00102          0.0309          0.0367           0.039          0.0162          0.0215


2025-11-20 16:52:01: Validating
# epoch      batch      total_loss     energy_loss     forces_loss      energy_mae     energy_rmse      forces_mae     forces_rmse
     46          0          0.0274        9.66e-05          0.0273         0.00836           0.012          0.0148          0.0202
     46         10          0.0309        3.96e-05          0.0309          0.0067         0.00769          0.0161          0.0215
     46         20          0.0238        9.77e-06          0.0238         0.00324         0.00382           0.014          0.0189


2025-11-20 16:52:02: Epoch summary:
Validation  # epoch      total_loss     energy_loss     forces_loss      energy_mae     energy_rmse      forces_mae     forces_rmse
                 46           0.023        6.05e-05           0.023         0.00522          0.0072          0.0138          0.0184
Train       # epoch      total_loss     energy_loss     forces_loss      energy_mae     energy_rmse      forces_mae     forces_rmse
                 46          0.0363         0.00277          0.0336           0.048          0.0497          0.0166          0.0222


2025-11-20 16:52:02: Training
# epoch      batch      total_loss     energy_loss     forces_loss      energy_mae     energy_rmse      forces_mae     forces_rmse
     47          0          0.0294         0.00128          0.0281          0.0425          0.0438          0.0155          0.0205
     47         10          0.0334          0.0083          0.0251           0.111           0.111          0.0147          0.0194
     47         20          0.0304         0.00134          0.0291          0.0444          0.0447          0.0157          0.0209
     47         30          0.0262        7.52e-05          0.0262          0.0088          0.0106          0.0149          0.0198
     47         40          0.0282        0.000666          0.0275          0.0296          0.0316          0.0157          0.0203
     47         50          0.0284         0.00171          0.0267          0.0499          0.0506          0.0154            0.02
     47         60          0.0305          0.0024          0.0281          0.0591          0.0599          0.0152          0.0205
     47         70          0.0315         0.00782          0.0237           0.108           0.108          0.0145          0.0188
     47         80          0.0518          0.0116          0.0402            0.13           0.131          0.0181          0.0245
     47         90          0.0903           0.056          0.0343           0.289           0.289          0.0171          0.0227
     47        100          0.0777          0.0534          0.0242           0.282           0.283          0.0143           0.019
     47        110          0.0847          0.0266          0.0582           0.199           0.199          0.0206          0.0295


2025-11-20 16:52:13: Validating
# epoch      batch      total_loss     energy_loss     forces_loss      energy_mae     energy_rmse      forces_mae     forces_rmse
     47          0          0.0273        9.84e-05          0.0272         0.00797          0.0121          0.0147          0.0202
     47         10          0.0305        3.72e-05          0.0305         0.00638         0.00746          0.0159          0.0213
     47         20          0.0247        1.21e-05          0.0247         0.00344         0.00425          0.0141          0.0192


2025-11-20 16:52:14: Epoch summary:
Validation  # epoch      total_loss     energy_loss     forces_loss      energy_mae     energy_rmse      forces_mae     forces_rmse
                 47          0.0226        6.19e-05          0.0225         0.00518         0.00721          0.0136          0.0183
Train       # epoch      total_loss     energy_loss     forces_loss      energy_mae     energy_rmse      forces_mae     forces_rmse
                 47          0.0432         0.00889          0.0342          0.0851          0.0864          0.0168          0.0224


2025-11-20 16:52:15: Training
# epoch      batch      total_loss     energy_loss     forces_loss      energy_mae     energy_rmse      forces_mae     forces_rmse
     48          0          0.0593          0.0125          0.0468           0.136           0.136          0.0196          0.0265
     48         10           0.102          0.0467          0.0549           0.263           0.264          0.0217          0.0286
     48         20          0.0813          0.0369          0.0443           0.235           0.235          0.0198          0.0258
     48         30          0.0523           0.026          0.0263           0.197           0.197          0.0147          0.0198
     48         40          0.0668          0.0423          0.0245           0.251           0.251          0.0144          0.0191
     48         50          0.0409         0.00897           0.032           0.116           0.116          0.0164          0.0219
     48         60          0.0336         0.00778          0.0258           0.107           0.108          0.0151          0.0196
     48         70          0.0252         0.00115          0.0241          0.0397          0.0415          0.0145           0.019
     48         80          0.0231        0.000644          0.0224          0.0305           0.031          0.0141          0.0183
     48         90          0.0281        0.000676          0.0274          0.0223          0.0318          0.0152          0.0203
     48        100          0.0314        0.000542          0.0308          0.0259          0.0285          0.0164          0.0215
     48        110          0.0275         0.00168          0.0258           0.049          0.0502          0.0146          0.0196


2025-11-20 16:52:26: Validating
# epoch      batch      total_loss     energy_loss     forces_loss      energy_mae     energy_rmse      forces_mae     forces_rmse
     48          0          0.0271        9.36e-05           0.027         0.00726          0.0118          0.0147          0.0201
     48         10          0.0308        4.86e-05          0.0308         0.00736         0.00853           0.016          0.0214
     48         20          0.0249        1.28e-05          0.0249         0.00347         0.00437          0.0141          0.0193


2025-11-20 16:52:27: Epoch summary:
Validation  # epoch      total_loss     energy_loss     forces_loss      energy_mae     energy_rmse      forces_mae     forces_rmse
                 48          0.0224        6.31e-05          0.0223         0.00518         0.00728          0.0135          0.0182
Train       # epoch      total_loss     energy_loss     forces_loss      energy_mae     energy_rmse      forces_mae     forces_rmse
                 48          0.0512          0.0168          0.0344           0.121           0.122          0.0167          0.0222


2025-11-20 16:52:27: Training
# epoch      batch      total_loss     energy_loss     forces_loss      energy_mae     energy_rmse      forces_mae     forces_rmse
     49          0          0.0327        0.000448          0.0322          0.0245          0.0259          0.0164           0.022
     49         10          0.0293        0.000334           0.029          0.0205          0.0223          0.0157          0.0208
     49         20          0.0491        0.000832          0.0483          0.0327          0.0353          0.0189          0.0269
     49         30          0.0259         0.00122          0.0246          0.0421          0.0427          0.0146          0.0192
     49         40          0.0283        0.000481          0.0278          0.0244          0.0268          0.0151          0.0204
     49         50          0.0266        0.000348          0.0263          0.0216          0.0228          0.0151          0.0198
     49         60          0.0274        0.000695          0.0267          0.0311          0.0322          0.0146            0.02
     49         70          0.0506          0.0014          0.0492          0.0424          0.0457          0.0202          0.0271
     49         80          0.0416        0.000215          0.0414          0.0128          0.0179          0.0181          0.0249
     49         90          0.0414        0.000544          0.0408          0.0251          0.0285          0.0185          0.0247
     49        100          0.0268        0.000141          0.0266          0.0132          0.0145          0.0149            0.02
     49        110          0.0329         9.1e-05          0.0328          0.0102          0.0117          0.0165          0.0222


2025-11-20 16:52:39: Validating
# epoch      batch      total_loss     energy_loss     forces_loss      energy_mae     energy_rmse      forces_mae     forces_rmse
     49          0          0.0266        0.000101          0.0265         0.00842          0.0123          0.0145          0.0199
     49         10          0.0306        4.32e-05          0.0305         0.00696         0.00804          0.0159          0.0214
     49         20          0.0243        9.18e-06          0.0243         0.00285         0.00371           0.014          0.0191


2025-11-20 16:52:40: Epoch summary:
Validation  # epoch      total_loss     energy_loss     forces_loss      energy_mae     energy_rmse      forces_mae     forces_rmse
                 49          0.0221         6.1e-05           0.022         0.00525         0.00724          0.0134           0.018
Train       # epoch      total_loss     energy_loss     forces_loss      energy_mae     energy_rmse      forces_mae     forces_rmse
                 49          0.0333        0.000418          0.0329          0.0199          0.0222          0.0163          0.0219


2025-11-20 16:52:40: Training
# epoch      batch      total_loss     energy_loss     forces_loss      energy_mae     energy_rmse      forces_mae     forces_rmse
     50          0          0.0489        0.000712          0.0482          0.0265          0.0326          0.0198          0.0269
     50         10          0.0337        9.54e-05          0.0336          0.0112          0.0119          0.0168          0.0224
     50         20          0.0554         0.00341           0.052          0.0695          0.0714          0.0187          0.0279
     50         30          0.0679         0.00117          0.0667          0.0387          0.0419          0.0227          0.0316
     50         40          0.0748         0.00773          0.0671           0.106           0.107          0.0231          0.0317
     50         50          0.0948        0.000343          0.0945          0.0186          0.0226          0.0271          0.0376
     50         60           0.108        0.000684           0.108          0.0271           0.032          0.0288          0.0401
     50         70          0.0335         0.00131          0.0322          0.0437          0.0443          0.0165          0.0219
     50         80          0.0327         0.00109          0.0316          0.0392          0.0404          0.0167          0.0217
     50         90          0.0417        0.000426          0.0413          0.0237          0.0252          0.0183          0.0248
     50        100          0.0635         0.00106          0.0625          0.0374          0.0399           0.023          0.0306
     50        110          0.0568         0.00013          0.0567           0.011          0.0139          0.0218          0.0291


2025-11-20 16:52:52: Validating
# epoch      batch      total_loss     energy_loss     forces_loss      energy_mae     energy_rmse      forces_mae     forces_rmse
     50          0          0.0263        0.000113          0.0262         0.00908           0.013          0.0145          0.0198
     50         10          0.0303        3.81e-05          0.0302         0.00648         0.00755          0.0158          0.0213
     50         20          0.0251        1.08e-05          0.0251         0.00316         0.00402          0.0139          0.0194


2025-11-20 16:52:54: Epoch summary:
Validation  # epoch      total_loss     energy_loss     forces_loss      energy_mae     energy_rmse      forces_mae     forces_rmse
                 50          0.0219        6.35e-05          0.0219         0.00548         0.00747          0.0134           0.018
Train       # epoch      total_loss     energy_loss     forces_loss      energy_mae     energy_rmse      forces_mae     forces_rmse
                 50          0.0663         0.00185          0.0645          0.0403          0.0434          0.0215          0.0298


2025-11-20 16:52:54: Training
# epoch      batch      total_loss     energy_loss     forces_loss      energy_mae     energy_rmse      forces_mae     forces_rmse
     51          0          0.0503        6.99e-05          0.0502         0.00827          0.0102          0.0193          0.0274
     51         10          0.0266        0.000437          0.0261          0.0245          0.0256          0.0152          0.0198
     51         20          0.0286        4.16e-05          0.0286          0.0065         0.00789          0.0157          0.0207
     51         30          0.0299        0.000574          0.0294          0.0274          0.0293          0.0157           0.021
     51         40          0.0316         0.00281          0.0288          0.0643          0.0648           0.016          0.0208
     51         50          0.0376         0.00313          0.0345          0.0678          0.0684          0.0176          0.0227
     51         60          0.0288         0.00133          0.0275          0.0441          0.0446          0.0157          0.0203
     51         70           0.058        0.000977          0.0571          0.0367          0.0382          0.0217          0.0292
     51         80           0.112         0.00872           0.103           0.113           0.114          0.0288          0.0393
     51         90           0.156         0.00063           0.156          0.0246          0.0307          0.0356          0.0483
     51        100           0.149         0.00528           0.144          0.0843          0.0888          0.0356          0.0464
     51        110          0.0774          0.0182          0.0592           0.162           0.165          0.0219          0.0297


2025-11-20 16:53:05: Validating
# epoch      batch      total_loss     energy_loss     forces_loss      energy_mae     energy_rmse      forces_mae     forces_rmse
     51          0          0.0257        0.000101          0.0256         0.00817          0.0123          0.0143          0.0196
     51         10          0.0297        4.33e-05          0.0297         0.00641         0.00805          0.0156          0.0211
     51         20          0.0254         1.2e-05          0.0254         0.00343         0.00424           0.014          0.0195


2025-11-20 16:53:06: Epoch summary:
Validation  # epoch      total_loss     energy_loss     forces_loss      energy_mae     energy_rmse      forces_mae     forces_rmse
                 51          0.0217        6.18e-05          0.0216         0.00519         0.00723          0.0133          0.0179
Train       # epoch      total_loss     energy_loss     forces_loss      energy_mae     energy_rmse      forces_mae     forces_rmse
                 51          0.0611         0.00383          0.0572          0.0563          0.0583          0.0209          0.0278


2025-11-20 16:53:06: Training
# epoch      batch      total_loss     energy_loss     forces_loss      energy_mae     energy_rmse      forces_mae     forces_rmse
     52          0          0.0864         0.00358          0.0828          0.0709          0.0731          0.0256          0.0352
     52         10          0.0342         0.00418            0.03          0.0786           0.079          0.0166          0.0212
     52         20          0.0383        0.000637          0.0377          0.0287          0.0309          0.0176          0.0237
     52         30          0.0318        5.62e-05          0.0317         0.00779         0.00917          0.0164          0.0218
     52         40          0.0582        0.000223           0.058          0.0164          0.0183          0.0212          0.0294
     52         50          0.0717         0.00124          0.0705          0.0392          0.0431           0.021          0.0325
     52         60          0.0451        0.000409          0.0447          0.0141          0.0247          0.0194          0.0258
     52         70          0.0434           0.013          0.0304           0.139           0.139          0.0159          0.0213
     52         80          0.0784          0.0453           0.033            0.26            0.26          0.0165          0.0222
     52         90          0.0895          0.0432          0.0463           0.254           0.254          0.0192          0.0263
     52        100          0.0628           0.011          0.0519           0.127           0.128          0.0203          0.0278
     52        110          0.0514         0.00218          0.0492          0.0544          0.0571          0.0198          0.0271


2025-11-20 16:53:17: Validating
# epoch      batch      total_loss     energy_loss     forces_loss      energy_mae     energy_rmse      forces_mae     forces_rmse
     52          0          0.0264        0.000118          0.0263           0.009          0.0133          0.0144          0.0198
     52         10          0.0301        4.02e-05            0.03          0.0062         0.00775          0.0158          0.0212
     52         20          0.0234        1.18e-05          0.0234         0.00344          0.0042          0.0138          0.0187


2025-11-20 16:53:18: Epoch summary:
Validation  # epoch      total_loss     energy_loss     forces_loss      energy_mae     energy_rmse      forces_mae     forces_rmse
                 52          0.0216        6.55e-05          0.0215         0.00558         0.00763          0.0133          0.0179
Train       # epoch      total_loss     energy_loss     forces_loss      energy_mae     energy_rmse      forces_mae     forces_rmse
                 52          0.0562         0.00913           0.047          0.0894          0.0912          0.0191          0.0262


2025-11-20 16:53:18: Training
# epoch      batch      total_loss     energy_loss     forces_loss      energy_mae     energy_rmse      forces_mae     forces_rmse
     53          0          0.0752          0.0113           0.064           0.128            0.13          0.0206          0.0309
     53         10          0.0674          0.0179          0.0495           0.163           0.164          0.0197          0.0272
     53         20          0.0276        0.000236          0.0274          0.0153          0.0188          0.0153          0.0202
     53         30          0.0326         0.00163           0.031          0.0491          0.0494          0.0163          0.0215
     53         40          0.0242        0.000302          0.0239          0.0187          0.0213          0.0141          0.0189
     53         50           0.026         0.00132          0.0247          0.0437          0.0444          0.0145          0.0192
     53         60          0.0295         0.00111          0.0284            0.04          0.0408          0.0157          0.0206
     53         70          0.0252        0.000272          0.0249           0.019          0.0202          0.0149          0.0193
     53         80          0.0197        4.28e-05          0.0197         0.00667           0.008          0.0134          0.0172
     53         90          0.0313        0.000159          0.0311          0.0123          0.0154           0.016          0.0216
     53        100          0.0316         0.00128          0.0303          0.0423          0.0437          0.0163          0.0213
     53        110          0.0289         0.00104          0.0279          0.0382          0.0395          0.0155          0.0204


2025-11-20 16:53:29: Validating
# epoch      batch      total_loss     energy_loss     forces_loss      energy_mae     energy_rmse      forces_mae     forces_rmse
     53          0          0.0262         0.00011          0.0261         0.00818          0.0128          0.0142          0.0197
     53         10          0.0298        4.11e-05          0.0298         0.00647         0.00784          0.0156          0.0211
     53         20          0.0227        1.21e-05          0.0227         0.00338         0.00425          0.0135          0.0184


2025-11-20 16:53:30: Epoch summary:
Validation  # epoch      total_loss     energy_loss     forces_loss      energy_mae     energy_rmse      forces_mae     forces_rmse
                 53          0.0213        6.45e-05          0.0213          0.0053         0.00741          0.0132          0.0177
Train       # epoch      total_loss     energy_loss     forces_loss      energy_mae     energy_rmse      forces_mae     forces_rmse
                 53          0.0331         0.00253          0.0305          0.0496          0.0511          0.0158          0.0211


2025-11-20 16:53:30: Training
# epoch      batch      total_loss     energy_loss     forces_loss      energy_mae     energy_rmse      forces_mae     forces_rmse
     54          0          0.0257         0.00109          0.0246          0.0393          0.0404          0.0145          0.0192
     54         10          0.0353        0.000535          0.0347          0.0153          0.0283          0.0166          0.0228
     54         20          0.0374         0.00058          0.0368          0.0275          0.0294          0.0173          0.0235
     54         30          0.0616         0.00193          0.0596          0.0429          0.0537          0.0191          0.0299
     54         40          0.0519         0.00214          0.0498          0.0537          0.0565          0.0197          0.0273
     54         50          0.0301        7.57e-05          0.0301         0.00928          0.0106          0.0158          0.0212
     54         60          0.0458        0.000274          0.0455           0.018          0.0202          0.0199          0.0261
     54         70          0.0676         0.00703          0.0606           0.102           0.103          0.0225          0.0301
     54         80          0.0755          0.0123          0.0632           0.135           0.136          0.0224          0.0307
     54         90           0.048          0.0144          0.0337           0.145           0.146          0.0167          0.0224
     54        100          0.0498          0.0228          0.0269           0.184           0.185          0.0152          0.0201
     54        110          0.0528          0.0195          0.0334            0.17           0.171          0.0168          0.0223


2025-11-20 16:53:41: Validating
# epoch      batch      total_loss     energy_loss     forces_loss      energy_mae     energy_rmse      forces_mae     forces_rmse
     54          0          0.0252        8.32e-05          0.0252         0.00643          0.0112           0.014          0.0194
     54         10          0.0298        4.19e-05          0.0298         0.00689         0.00791          0.0156          0.0211
     54         20          0.0217        1.32e-05          0.0217         0.00334         0.00445          0.0133           0.018


2025-11-20 16:53:42: Epoch summary:
Validation  # epoch      total_loss     energy_loss     forces_loss      energy_mae     energy_rmse      forces_mae     forces_rmse
                 54          0.0211        5.93e-05           0.021         0.00501         0.00708          0.0131          0.0176
Train       # epoch      total_loss     energy_loss     forces_loss      energy_mae     energy_rmse      forces_mae     forces_rmse
                 54          0.0528          0.0127          0.0401             0.1           0.102          0.0178          0.0242


2025-11-20 16:53:43: Training
# epoch      batch      total_loss     energy_loss     forces_loss      energy_mae     energy_rmse      forces_mae     forces_rmse
     55          0          0.0333         0.00434           0.029            0.08          0.0806          0.0161          0.0208
     55         10           0.026         0.00179          0.0242          0.0509          0.0518          0.0145           0.019
     55         20          0.0382         0.00178          0.0365          0.0501          0.0516          0.0178          0.0233
     55         30          0.0531          0.0025          0.0506          0.0589          0.0611          0.0189          0.0275
     55         40          0.0376         0.00318          0.0344          0.0681          0.0689          0.0168          0.0227
     55         50          0.0304         0.00127          0.0291          0.0425          0.0435          0.0159          0.0209
     55         60          0.0235         0.00153           0.022           0.047          0.0478           0.014          0.0181
     55         70          0.0251        6.48e-05           0.025          0.0085         0.00984          0.0148          0.0194
     55         80          0.0264        4.42e-05          0.0264         0.00634         0.00813          0.0147          0.0199
     55         90          0.0262        0.000293          0.0259          0.0122          0.0209          0.0147          0.0197
     55        100           0.019         9.1e-05          0.0189         0.00842          0.0117          0.0128          0.0168
     55        110          0.0252        8.48e-05          0.0252         0.00948          0.0113          0.0146          0.0194


2025-11-20 16:53:54: Validating
# epoch      batch      total_loss     energy_loss     forces_loss      energy_mae     energy_rmse      forces_mae     forces_rmse
     55          0           0.024        7.65e-05          0.0239         0.00635          0.0107          0.0137          0.0189
     55         10          0.0294        4.35e-05          0.0294         0.00693         0.00806          0.0154           0.021
     55         20          0.0211        7.67e-06          0.0211         0.00243         0.00339          0.0132          0.0178


2025-11-20 16:53:55: Epoch summary:
Validation  # epoch      total_loss     energy_loss     forces_loss      energy_mae     energy_rmse      forces_mae     forces_rmse
                 55          0.0207        6.07e-05          0.0206         0.00507          0.0071          0.0129          0.0175
Train       # epoch      total_loss     energy_loss     forces_loss      energy_mae     energy_rmse      forces_mae     forces_rmse
                 55          0.0318         0.00185          0.0299          0.0361           0.038          0.0156          0.0209


2025-11-20 16:53:55: Training
# epoch      batch      total_loss     energy_loss     forces_loss      energy_mae     energy_rmse      forces_mae     forces_rmse
     56          0          0.0204        6.01e-05          0.0203         0.00787         0.00948          0.0134          0.0174
     56         10          0.0184        9.54e-05          0.0183         0.00976          0.0119          0.0125          0.0166
     56         20          0.0287        0.000103          0.0286          0.0109          0.0124          0.0153          0.0207
     56         30          0.0235        0.000457           0.023          0.0246          0.0261          0.0139          0.0186
     56         40           0.022        4.47e-05          0.0219         0.00629         0.00817          0.0136          0.0181
     56         50          0.0225         0.00029          0.0222          0.0196          0.0208          0.0139          0.0182
     56         60          0.0279        0.000229          0.0277          0.0164          0.0185          0.0154          0.0203
     56         70          0.0261        0.000123          0.0259          0.0109          0.0136           0.015          0.0197
     56         80          0.0222        0.000395          0.0218          0.0233          0.0243          0.0136          0.0181
     56         90          0.0218        0.000724          0.0211          0.0324          0.0329          0.0136          0.0178
     56        100          0.0195        0.000225          0.0193          0.0172          0.0183          0.0131           0.017
     56        110          0.0179        4.63e-05          0.0178         0.00604         0.00832          0.0126          0.0163


2025-11-20 16:54:06: Validating
# epoch      batch      total_loss     energy_loss     forces_loss      energy_mae     energy_rmse      forces_mae     forces_rmse
     56          0          0.0236        9.32e-05          0.0235         0.00667          0.0118          0.0135          0.0187
     56         10          0.0287        3.94e-05          0.0287         0.00664         0.00768          0.0152          0.0207
     56         20          0.0209        8.19e-06          0.0209         0.00268          0.0035          0.0131          0.0177


2025-11-20 16:54:08: Epoch summary:
Validation  # epoch      total_loss     energy_loss     forces_loss      energy_mae     energy_rmse      forces_mae     forces_rmse
                 56          0.0201        6.16e-05          0.0201         0.00509         0.00716          0.0128          0.0172
Train       # epoch      total_loss     energy_loss     forces_loss      energy_mae     energy_rmse      forces_mae     forces_rmse
                 56          0.0231        0.000273          0.0228          0.0154          0.0174          0.0139          0.0184


2025-11-20 16:54:08: Training
# epoch      batch      total_loss     energy_loss     forces_loss      energy_mae     energy_rmse      forces_mae     forces_rmse
     57          0          0.0285        0.000108          0.0284         0.00958          0.0127          0.0145          0.0206
     57         10          0.0226        6.51e-05          0.0226         0.00806         0.00987          0.0138          0.0184
     57         20          0.0283        6.74e-05          0.0283         0.00757            0.01          0.0155          0.0206
     57         30           0.031        0.000318          0.0306          0.0208          0.0218          0.0158          0.0214
     57         40          0.0228        9.87e-05          0.0227          0.0103          0.0122          0.0142          0.0184
     57         50          0.0302        7.78e-05          0.0301         0.00926          0.0108          0.0161          0.0212
     57         60          0.0295        0.000308          0.0292          0.0194          0.0215          0.0158          0.0209
     57         70          0.0229         6.5e-05          0.0228         0.00825         0.00985          0.0141          0.0185
     57         80          0.0428         0.00528          0.0375          0.0885          0.0888          0.0173          0.0237
     57         90          0.0293         0.00032           0.029          0.0182          0.0219          0.0158          0.0208
     57        100          0.0245        3.79e-05          0.0245         0.00643         0.00753          0.0144          0.0191
     57        110          0.0336        0.000184          0.0334          0.0103          0.0166          0.0158          0.0224


2025-11-20 16:54:19: Validating
# epoch      batch      total_loss     energy_loss     forces_loss      energy_mae     energy_rmse      forces_mae     forces_rmse
     57          0          0.0234        0.000114          0.0233         0.00732           0.013          0.0134          0.0186
     57         10          0.0286        3.88e-05          0.0286         0.00672         0.00762          0.0151          0.0207
     57         20           0.021        8.44e-06           0.021          0.0028         0.00355          0.0131          0.0177


2025-11-20 16:54:20: Epoch summary:
Validation  # epoch      total_loss     energy_loss     forces_loss      energy_mae     energy_rmse      forces_mae     forces_rmse
                 57          0.0198        6.18e-05          0.0198         0.00504         0.00713          0.0126          0.0171
Train       # epoch      total_loss     energy_loss     forces_loss      energy_mae     energy_rmse      forces_mae     forces_rmse
                 57          0.0278         0.00051          0.0273          0.0197          0.0218           0.015          0.0201


2025-11-20 16:54:20: Training
# epoch      batch      total_loss     energy_loss     forces_loss      energy_mae     energy_rmse      forces_mae     forces_rmse
     58          0          0.0816        0.000464          0.0811          0.0219          0.0263          0.0237          0.0348
     58         10          0.0535         0.00241          0.0511          0.0556          0.0601          0.0194          0.0276
     58         20          0.0509         0.00244          0.0484          0.0576          0.0604          0.0193          0.0269
     58         30          0.0826          0.0132          0.0694           0.139           0.141          0.0233          0.0322
     58         40           0.152        0.000532           0.151          0.0209          0.0282          0.0354          0.0476
     58         50          0.0647           0.013          0.0518           0.139           0.139          0.0213          0.0278
     58         60          0.0566         0.00683          0.0498           0.101           0.101          0.0208          0.0273
     58         70          0.0391         0.00078          0.0383          0.0336          0.0341          0.0185          0.0239
     58         80          0.0237         0.00202          0.0216          0.0548           0.055          0.0138           0.018
     58         90          0.0244         0.00143           0.023          0.0456          0.0463          0.0143          0.0185
     58        100          0.0214        3.17e-05          0.0213         0.00492         0.00689          0.0133          0.0179
     58        110          0.0221        0.000738          0.0213          0.0321          0.0332          0.0131          0.0179


2025-11-20 16:54:31: Validating
# epoch      batch      total_loss     energy_loss     forces_loss      energy_mae     energy_rmse      forces_mae     forces_rmse
     58          0          0.0236        0.000113          0.0235          0.0079           0.013          0.0135          0.0188
     58         10          0.0287        3.78e-05          0.0286         0.00678         0.00752          0.0152          0.0207
     58         20          0.0202        9.76e-06          0.0201         0.00301         0.00382          0.0129          0.0174


2025-11-20 16:54:32: Epoch summary:
Validation  # epoch      total_loss     energy_loss     forces_loss      energy_mae     energy_rmse      forces_mae     forces_rmse
                 58          0.0198        6.33e-05          0.0198          0.0052         0.00727          0.0126          0.0171
Train       # epoch      total_loss     energy_loss     forces_loss      energy_mae     energy_rmse      forces_mae     forces_rmse
                 58          0.0597         0.00968          0.0501          0.0821          0.0841          0.0196          0.0265


2025-11-20 16:54:33: Training
# epoch      batch      total_loss     energy_loss     forces_loss      energy_mae     energy_rmse      forces_mae     forces_rmse
     59          0          0.0217         0.00131          0.0203          0.0434          0.0443          0.0132          0.0174
     59         10          0.0312        0.000901          0.0303          0.0334          0.0367          0.0156          0.0213
     59         20          0.0275        0.000766          0.0267          0.0323          0.0338           0.015            0.02
     59         30          0.0268        0.000122          0.0267          0.0111          0.0135          0.0151            0.02
     59         40          0.0298         0.00139          0.0284          0.0446          0.0456          0.0153          0.0206
     59         50          0.0475        0.000279          0.0472          0.0185          0.0204          0.0186          0.0266
     59         60          0.0308        0.000192          0.0306          0.0141          0.0169          0.0151          0.0214
     59         70          0.0436         0.00208          0.0415          0.0531          0.0558          0.0181          0.0249
     59         80          0.0411         0.00291          0.0382          0.0648           0.066          0.0173          0.0239
     59         90          0.0303        0.000952          0.0293          0.0368          0.0377          0.0155          0.0209
     59        100          0.0363         0.00176          0.0346          0.0506          0.0513          0.0173          0.0227
     59        110          0.0311         0.00429          0.0268          0.0797          0.0801          0.0153            0.02


2025-11-20 16:54:44: Validating
# epoch      batch      total_loss     energy_loss     forces_loss      energy_mae     energy_rmse      forces_mae     forces_rmse
     59          0          0.0241        0.000109           0.024         0.00763          0.0128          0.0136          0.0189
     59         10          0.0273         3.7e-05          0.0272         0.00647         0.00744          0.0148          0.0202
     59         20            0.02        9.58e-06            0.02         0.00291         0.00379          0.0127          0.0173


2025-11-20 16:54:45: Epoch summary:
Validation  # epoch      total_loss     energy_loss     forces_loss      energy_mae     energy_rmse      forces_mae     forces_rmse
                 59          0.0195        6.23e-05          0.0195         0.00516         0.00726          0.0125          0.0169
Train       # epoch      total_loss     energy_loss     forces_loss      energy_mae     energy_rmse      forces_mae     forces_rmse
                 59          0.0301         0.00207           0.028          0.0436          0.0455          0.0151          0.0203


2025-11-20 16:54:45: Training
# epoch      batch      total_loss     energy_loss     forces_loss      energy_mae     energy_rmse      forces_mae     forces_rmse
     60          0          0.0692          0.0149          0.0544           0.149           0.149          0.0201          0.0285
     60         10          0.0582        0.000151           0.058          0.0111           0.015          0.0213          0.0295
     60         20          0.0626        0.000134          0.0625          0.0118          0.0142          0.0209          0.0306
     60         30          0.0747          0.0158          0.0589           0.154           0.154          0.0221          0.0297
     60         40           0.106        0.000896           0.105          0.0241          0.0366          0.0305          0.0396
     60         50          0.0739        0.000221          0.0737          0.0153          0.0182          0.0254          0.0332
     60         60          0.0356        6.99e-05          0.0355         0.00781          0.0102          0.0169          0.0231
     60         70          0.0314        0.000758          0.0307          0.0326          0.0337          0.0163          0.0214
     60         80          0.0257         0.00034          0.0253          0.0214          0.0225          0.0148          0.0195
     60         90          0.0283        0.000465          0.0279          0.0248          0.0264          0.0151          0.0204
     60        100          0.0283        0.000188          0.0281          0.0159          0.0168          0.0156          0.0205
     60        110           0.081         0.00106          0.0799          0.0369          0.0397          0.0229          0.0346


2025-11-20 16:54:56: Validating
# epoch      batch      total_loss     energy_loss     forces_loss      energy_mae     energy_rmse      forces_mae     forces_rmse
     60          0          0.0245        0.000111          0.0244          0.0076          0.0129          0.0136          0.0191
     60         10          0.0273        3.62e-05          0.0273          0.0064         0.00736          0.0149          0.0202
     60         20          0.0211        9.31e-06          0.0211         0.00319         0.00373           0.013          0.0178


2025-11-20 16:54:57: Epoch summary:
Validation  # epoch      total_loss     energy_loss     forces_loss      energy_mae     energy_rmse      forces_mae     forces_rmse
                 60          0.0194        6.29e-05          0.0194         0.00525         0.00731          0.0125          0.0169
Train       # epoch      total_loss     energy_loss     forces_loss      energy_mae     energy_rmse      forces_mae     forces_rmse
                 60          0.0503          0.0026          0.0478          0.0425          0.0447          0.0191          0.0259


2025-11-20 16:54:57: Training
# epoch      batch      total_loss     energy_loss     forces_loss      energy_mae     energy_rmse      forces_mae     forces_rmse
     61          0          0.0315         0.00118          0.0303          0.0407          0.0419          0.0158          0.0213
     61         10          0.0225        7.97e-05          0.0224         0.00904          0.0109           0.014          0.0183
     61         20          0.0215        0.000163          0.0213          0.0139          0.0156          0.0131          0.0178
     61         30          0.0314         0.00033           0.031          0.0195          0.0222          0.0158          0.0215
     61         40          0.0277        0.000181          0.0275          0.0142          0.0165          0.0153          0.0203
     61         50          0.0419        0.000121          0.0418          0.0118          0.0135          0.0175           0.025
     61         60          0.0887        0.000225          0.0885          0.0149          0.0183          0.0245          0.0364
     61         70          0.0537        0.000491          0.0532          0.0241          0.0271          0.0207          0.0282
     61         80          0.0536        0.000933          0.0527          0.0354          0.0373           0.021          0.0281
     61         90          0.0268         0.00179           0.025          0.0506          0.0517          0.0149          0.0193
     61        100          0.0446         0.00354          0.0411          0.0722          0.0727          0.0182          0.0248
     61        110          0.0536          0.0067          0.0469           0.098             0.1          0.0197          0.0265


2025-11-20 16:55:08: Validating
# epoch      batch      total_loss     energy_loss     forces_loss      energy_mae     energy_rmse      forces_mae     forces_rmse
     61          0          0.0238        0.000125          0.0236         0.00821          0.0137          0.0135          0.0188
     61         10          0.0275        3.79e-05          0.0274         0.00656         0.00753          0.0148          0.0203
     61         20           0.021        9.82e-06           0.021         0.00336         0.00383          0.0129          0.0177


2025-11-20 16:55:10: Epoch summary:
Validation  # epoch      total_loss     energy_loss     forces_loss      energy_mae     energy_rmse      forces_mae     forces_rmse
                 61          0.0193        6.63e-05          0.0192         0.00551          0.0076          0.0124          0.0168
Train       # epoch      total_loss     energy_loss     forces_loss      energy_mae     energy_rmse      forces_mae     forces_rmse
                 61          0.0451         0.00124          0.0439          0.0322          0.0346          0.0181          0.0249


2025-11-20 16:55:10: Training
# epoch      batch      total_loss     energy_loss     forces_loss      energy_mae     energy_rmse      forces_mae     forces_rmse
     62          0          0.0603         0.00291          0.0574          0.0653          0.0659          0.0218          0.0293
     62         10          0.0384         0.00723          0.0312           0.103           0.104          0.0162          0.0216
     62         20          0.0355         0.00314          0.0324          0.0675          0.0685          0.0166           0.022
     62         30          0.0323         0.00107          0.0313          0.0387            0.04          0.0164          0.0216
     62         40          0.0249         0.00315          0.0217          0.0679          0.0687          0.0139           0.018
     62         50          0.0269        5.79e-05          0.0269         0.00801          0.0093          0.0143            0.02
     62         60          0.0219        4.89e-05          0.0219         0.00756         0.00855          0.0135          0.0181
     62         70          0.0215        0.000237          0.0212          0.0173          0.0188          0.0136          0.0178
     62         80          0.0178        0.000182          0.0177          0.0144          0.0165          0.0123          0.0162
     62         90          0.0316        0.000103          0.0315          0.0112          0.0124          0.0156          0.0217
     62        100          0.0247         0.00341          0.0213          0.0707          0.0714          0.0134          0.0179
     62        110          0.0204         0.00064          0.0197          0.0299          0.0309          0.0129          0.0172


2025-11-20 16:55:20: Validating
# epoch      batch      total_loss     energy_loss     forces_loss      energy_mae     energy_rmse      forces_mae     forces_rmse
     62          0          0.0232        0.000129          0.0231         0.00836          0.0139          0.0134          0.0186
     62         10          0.0279        3.85e-05          0.0279         0.00677         0.00758          0.0149          0.0204
     62         20          0.0201        1.09e-05          0.0201         0.00357         0.00405          0.0126          0.0173


2025-11-20 16:55:22: Epoch summary:
Validation  # epoch      total_loss     energy_loss     forces_loss      energy_mae     energy_rmse      forces_mae     forces_rmse
                 62           0.019        6.55e-05          0.0189         0.00539         0.00749          0.0123          0.0167
Train       # epoch      total_loss     energy_loss     forces_loss      energy_mae     energy_rmse      forces_mae     forces_rmse
                 62          0.0264         0.00112          0.0253          0.0335          0.0352          0.0144          0.0192


2025-11-20 16:55:22: Training
# epoch      batch      total_loss     energy_loss     forces_loss      energy_mae     energy_rmse      forces_mae     forces_rmse
     63          0          0.0213         0.00103          0.0202          0.0384          0.0393          0.0128          0.0174
     63         10          0.0231        0.000209          0.0229          0.0149          0.0177          0.0139          0.0185
     63         20          0.0297        0.000271          0.0294           0.018          0.0201          0.0153           0.021
     63         30           0.027        9.08e-05          0.0269         0.00828          0.0117          0.0152          0.0201
     63         40          0.0374         0.00206          0.0353          0.0532          0.0555          0.0176           0.023
     63         50           0.025        0.000154          0.0249           0.013          0.0152          0.0147          0.0193
     63         60          0.0295         0.00231          0.0272          0.0583          0.0588          0.0144          0.0202
     63         70           0.025        2.32e-05           0.025          0.0045         0.00589          0.0144          0.0193
     63         80          0.0223         3.7e-05          0.0223         0.00584         0.00744          0.0138          0.0183
     63         90          0.0646        0.000353          0.0643          0.0189           0.023          0.0216           0.031
     63        100          0.0726         0.00136          0.0712          0.0433          0.0451          0.0215          0.0326
     63        110          0.0664         0.00209          0.0643          0.0518          0.0559          0.0211           0.031


2025-11-20 16:55:33: Validating
# epoch      batch      total_loss     energy_loss     forces_loss      energy_mae     energy_rmse      forces_mae     forces_rmse
     63          0          0.0225        0.000147          0.0224         0.00858          0.0148          0.0132          0.0183
     63         10          0.0271         3.2e-05          0.0271          0.0061         0.00692          0.0147          0.0201
     63         20          0.0199        1.35e-05          0.0199         0.00412          0.0045          0.0126          0.0173


2025-11-20 16:55:34: Epoch summary:
Validation  # epoch      total_loss     energy_loss     forces_loss      energy_mae     energy_rmse      forces_mae     forces_rmse
                 63          0.0187        6.83e-05          0.0186         0.00551         0.00768          0.0122          0.0166
Train       # epoch      total_loss     energy_loss     forces_loss      energy_mae     energy_rmse      forces_mae     forces_rmse
                 63          0.0317         0.00127          0.0304          0.0332          0.0351          0.0154           0.021


2025-11-20 16:55:34: Training
# epoch      batch      total_loss     energy_loss     forces_loss      energy_mae     energy_rmse      forces_mae     forces_rmse
     64          0          0.0868        0.000623          0.0862          0.0261          0.0305          0.0245          0.0359
     64         10          0.0608           0.028          0.0328           0.205           0.205           0.017          0.0221
     64         20          0.0419         0.00327          0.0387          0.0689          0.0699          0.0181           0.024
     64         30          0.0384         0.00736          0.0311           0.105           0.105          0.0164          0.0216
     64         40          0.0247         0.00228          0.0224          0.0577          0.0584          0.0143          0.0183
     64         50          0.0543         0.00715          0.0472           0.102           0.103           0.019          0.0266
     64         60           0.034        0.000756          0.0333          0.0264          0.0336          0.0166          0.0223
     64         70          0.0366        0.000647           0.036          0.0201          0.0311          0.0171          0.0232
     64         80          0.0315         0.00274          0.0288          0.0635           0.064          0.0159          0.0208
     64         90          0.0198        0.000168          0.0196          0.0152          0.0159          0.0131          0.0171
     64        100          0.0185        0.000265          0.0183          0.0191          0.0199          0.0128          0.0165
     64        110          0.0561        0.000396          0.0557          0.0225          0.0243            0.02          0.0289


2025-11-20 16:55:46: Validating
# epoch      batch      total_loss     energy_loss     forces_loss      energy_mae     energy_rmse      forces_mae     forces_rmse
     64          0          0.0229        0.000158          0.0228         0.00913          0.0154          0.0133          0.0185
     64         10           0.027        3.62e-05           0.027         0.00665         0.00736          0.0147          0.0201
     64         20          0.0199        1.47e-05          0.0199         0.00424         0.00469          0.0126          0.0172


2025-11-20 16:55:48: Epoch summary:
Validation  # epoch      total_loss     energy_loss     forces_loss      energy_mae     energy_rmse      forces_mae     forces_rmse
                 64          0.0185        6.98e-05          0.0184         0.00551         0.00767          0.0122          0.0165
Train       # epoch      total_loss     energy_loss     forces_loss      energy_mae     energy_rmse      forces_mae     forces_rmse
                 64          0.0411          0.0039          0.0371          0.0538          0.0558           0.017          0.0232


2025-11-20 16:55:48: Training
# epoch      batch      total_loss     energy_loss     forces_loss      energy_mae     energy_rmse      forces_mae     forces_rmse
     65          0          0.0789         0.00297           0.076          0.0625          0.0666          0.0233          0.0337
     65         10          0.0268         0.00121          0.0255          0.0414          0.0424          0.0149          0.0195
     65         20           0.023        0.000234          0.0227          0.0164          0.0187           0.014          0.0184
     65         30           0.033         0.00092          0.0321          0.0361          0.0371          0.0157          0.0219
     65         40          0.0237        0.000812          0.0229          0.0335          0.0349           0.014          0.0185
     65         50          0.0498        0.000168          0.0496          0.0133          0.0159          0.0184          0.0272
     65         60           0.025         0.00338          0.0216          0.0708          0.0711          0.0138           0.018
     65         70          0.0199        0.000722          0.0192          0.0321          0.0329          0.0128          0.0169
     65         80          0.0297        8.79e-05          0.0296          0.0102          0.0115          0.0159           0.021
     65         90           0.028        0.000166          0.0278          0.0138          0.0158          0.0154          0.0204
     65        100          0.0221         7.3e-05           0.022          0.0085          0.0104          0.0139          0.0181
     65        110          0.0231        0.000577          0.0225           0.027          0.0294          0.0136          0.0183


2025-11-20 16:55:59: Validating
# epoch      batch      total_loss     energy_loss     forces_loss      energy_mae     energy_rmse      forces_mae     forces_rmse
     65          0          0.0225        0.000146          0.0223         0.00859          0.0148          0.0131          0.0183
     65         10           0.027        4.33e-05          0.0269         0.00716         0.00805          0.0147          0.0201
     65         20          0.0198        1.33e-05          0.0198         0.00387         0.00446          0.0125          0.0172


2025-11-20 16:56:00: Epoch summary:
Validation  # epoch      total_loss     energy_loss     forces_loss      energy_mae     energy_rmse      forces_mae     forces_rmse
                 65          0.0184        6.89e-05          0.0183         0.00526         0.00742          0.0121          0.0164
Train       # epoch      total_loss     energy_loss     forces_loss      energy_mae     energy_rmse      forces_mae     forces_rmse
                 65          0.0295         0.00124          0.0283          0.0352           0.037          0.0152          0.0204


2025-11-20 16:56:00: Training
# epoch      batch      total_loss     energy_loss     forces_loss      energy_mae     energy_rmse      forces_mae     forces_rmse
     66          0          0.0218        0.000366          0.0215          0.0218          0.0234          0.0136          0.0179
     66         10          0.0224        0.000133          0.0223           0.012          0.0141          0.0137          0.0183
     66         20          0.0268        0.000966          0.0258          0.0372           0.038          0.0142          0.0197
     66         30          0.0227         0.00056          0.0221          0.0282          0.0289          0.0136          0.0182
     66         40          0.0283        0.000707          0.0276          0.0314          0.0325          0.0154          0.0203
     66         50          0.0713        0.000157          0.0711          0.0118          0.0153          0.0239          0.0326
     66         60          0.0539         0.00102          0.0529          0.0346           0.039          0.0204          0.0281
     66         70          0.0786         0.00226          0.0763          0.0544          0.0582          0.0268          0.0338
     66         80          0.0434         0.00777          0.0356           0.107           0.108          0.0175          0.0231
     66         90           0.106        0.000936           0.105          0.0326          0.0374          0.0297          0.0396
     66        100          0.0353         0.00066          0.0346          0.0295          0.0314          0.0175          0.0228
     66        110          0.0468         0.00625          0.0406          0.0963          0.0967          0.0174          0.0246


2025-11-20 16:56:11: Validating
# epoch      batch      total_loss     energy_loss     forces_loss      energy_mae     energy_rmse      forces_mae     forces_rmse
     66          0          0.0224        0.000166          0.0223         0.00916          0.0157          0.0132          0.0182
     66         10          0.0279        4.22e-05          0.0278         0.00698         0.00794          0.0148          0.0204
     66         20          0.0196        1.48e-05          0.0196         0.00421         0.00471          0.0125          0.0171


2025-11-20 16:56:12: Epoch summary:
Validation  # epoch      total_loss     energy_loss     forces_loss      energy_mae     energy_rmse      forces_mae     forces_rmse
                 66          0.0183        7.42e-05          0.0183          0.0058         0.00795          0.0121          0.0164
Train       # epoch      total_loss     energy_loss     forces_loss      energy_mae     energy_rmse      forces_mae     forces_rmse
                 66          0.0502         0.00303          0.0472           0.051          0.0533           0.019          0.0257


2025-11-20 16:56:12: Training
# epoch      batch      total_loss     energy_loss     forces_loss      energy_mae     energy_rmse      forces_mae     forces_rmse
     67          0            0.03         0.00101           0.029          0.0384          0.0389          0.0151          0.0208
     67         10          0.0187        0.000122          0.0186          0.0114          0.0135          0.0126          0.0167
     67         20          0.0231        0.000644          0.0225           0.013           0.031          0.0133          0.0183
     67         30          0.0204        0.000778          0.0196           0.033          0.0341          0.0128          0.0171
     67         40          0.0276        0.000267          0.0274          0.0179            0.02          0.0152          0.0202
     67         50          0.0268        0.000855           0.026          0.0348          0.0358           0.014          0.0197
     67         60          0.0313         0.00269          0.0287          0.0619          0.0635           0.015          0.0207
     67         70          0.0322         0.00226          0.0299          0.0559          0.0582          0.0157          0.0211
     67         80          0.0439        0.000148          0.0438           0.014          0.0149           0.017          0.0256
     67         90          0.0186        0.000392          0.0182          0.0231          0.0242          0.0129          0.0165
     67        100          0.0231        0.000101           0.023          0.0105          0.0123           0.014          0.0185
     67        110          0.0312        0.000753          0.0305          0.0264          0.0336          0.0157          0.0213


2025-11-20 16:56:24: Validating
# epoch      batch      total_loss     energy_loss     forces_loss      energy_mae     energy_rmse      forces_mae     forces_rmse
     67          0          0.0222        0.000154          0.0221         0.00875          0.0152          0.0132          0.0182
     67         10          0.0275        3.97e-05          0.0275         0.00663         0.00771          0.0147          0.0203
     67         20          0.0195        1.42e-05          0.0195         0.00376          0.0046          0.0125          0.0171


2025-11-20 16:56:25: Epoch summary:
Validation  # epoch      total_loss     energy_loss     forces_loss      energy_mae     energy_rmse      forces_mae     forces_rmse
                 67          0.0182        6.97e-05          0.0182         0.00534         0.00751           0.012          0.0164
Train       # epoch      total_loss     energy_loss     forces_loss      energy_mae     energy_rmse      forces_mae     forces_rmse
                 67          0.0276        0.000983          0.0266           0.032          0.0338          0.0148          0.0198


2025-11-20 16:56:25: Training
# epoch      batch      total_loss     energy_loss     forces_loss      energy_mae     energy_rmse      forces_mae     forces_rmse
     68          0          0.0313         0.00047          0.0308          0.0249          0.0265          0.0163          0.0215
     68         10          0.0383        0.000271           0.038          0.0188          0.0201          0.0183          0.0238
     68         20          0.0235         0.00125          0.0223          0.0425          0.0433          0.0135          0.0182
     68         30          0.0289        0.000696          0.0282          0.0306          0.0323          0.0152          0.0205
     68         40          0.0391        0.000246          0.0388          0.0153          0.0192           0.017          0.0241
     68         50          0.0392        0.000803          0.0384          0.0327          0.0347          0.0179           0.024
     68         60          0.0227         0.00227          0.0204          0.0579          0.0583          0.0134          0.0175
     68         70          0.0299         0.00514          0.0248           0.087          0.0876          0.0142          0.0193
     68         80          0.0288         0.00426          0.0246          0.0794          0.0798          0.0145          0.0192
     68         90          0.0185        0.000272          0.0183          0.0193          0.0202          0.0126          0.0165
     68        100          0.0197        0.000251          0.0194          0.0179          0.0194           0.013           0.017
     68        110          0.0301           0.003          0.0271          0.0663           0.067          0.0149          0.0201


2025-11-20 16:56:36: Validating
# epoch      batch      total_loss     energy_loss     forces_loss      energy_mae     energy_rmse      forces_mae     forces_rmse
     68          0          0.0215        0.000155          0.0214         0.00874          0.0152           0.013          0.0179
     68         10          0.0286        3.51e-05          0.0286         0.00625         0.00724          0.0148          0.0207
     68         20          0.0197        1.04e-05          0.0197         0.00323         0.00394          0.0125          0.0172


2025-11-20 16:56:37: Epoch summary:
Validation  # epoch      total_loss     energy_loss     forces_loss      energy_mae     energy_rmse      forces_mae     forces_rmse
                 68          0.0181        6.84e-05           0.018         0.00519         0.00737           0.012          0.0163
Train       # epoch      total_loss     energy_loss     forces_loss      energy_mae     energy_rmse      forces_mae     forces_rmse
                 68          0.0316         0.00197          0.0296          0.0456          0.0472          0.0154          0.0209


2025-11-20 16:56:38: Training
# epoch      batch      total_loss     energy_loss     forces_loss      energy_mae     energy_rmse      forces_mae     forces_rmse
     69          0          0.0341         0.00325          0.0308          0.0684          0.0697           0.016          0.0215
     69         10          0.0249          0.0014          0.0235          0.0452          0.0458          0.0142          0.0188
     69         20          0.0242        0.000109          0.0241          0.0106          0.0128          0.0142           0.019
     69         30          0.0216        0.000377          0.0212          0.0217          0.0238          0.0127          0.0178
     69         40          0.0544          0.0031          0.0513          0.0668          0.0681          0.0198          0.0277
     69         50          0.0202        6.11e-05          0.0202         0.00744         0.00956          0.0134          0.0174
     69         60          0.0195        0.000104          0.0194          0.0105          0.0124          0.0128           0.017
     69         70          0.0136        0.000178          0.0134          0.0157          0.0163          0.0108          0.0141
     69         80          0.0233        3.97e-05          0.0232         0.00679          0.0077          0.0138          0.0186
     69         90          0.0184        0.000164          0.0182          0.0147          0.0156          0.0127          0.0165
     69        100          0.0222         0.00147          0.0207          0.0448          0.0469          0.0132          0.0176
     69        110           0.034        0.000801          0.0332          0.0308          0.0346          0.0165          0.0223


2025-11-20 16:56:48: Validating
# epoch      batch      total_loss     energy_loss     forces_loss      energy_mae     energy_rmse      forces_mae     forces_rmse
     69          0          0.0215        0.000149          0.0214         0.00851          0.0149           0.013          0.0179
     69         10          0.0278        3.38e-05          0.0277         0.00622         0.00711          0.0147          0.0204
     69         20          0.0194        9.86e-06          0.0193         0.00327         0.00384          0.0124           0.017


2025-11-20 16:56:49: Epoch summary:
Validation  # epoch      total_loss     energy_loss     forces_loss      energy_mae     energy_rmse      forces_mae     forces_rmse
                 69          0.0178        6.92e-05          0.0177         0.00518          0.0074          0.0119          0.0162
Train       # epoch      total_loss     energy_loss     forces_loss      energy_mae     energy_rmse      forces_mae     forces_rmse
                 69           0.027        0.000843          0.0261          0.0286          0.0306          0.0144          0.0195


2025-11-20 16:56:49: Training
# epoch      batch      total_loss     energy_loss     forces_loss      energy_mae     energy_rmse      forces_mae     forces_rmse
     70          0          0.0228        0.000619          0.0222          0.0301          0.0304          0.0139          0.0182
     70         10          0.0309         0.00164          0.0293          0.0475          0.0495          0.0145          0.0209
     70         20          0.0286        0.000127          0.0285          0.0123          0.0138          0.0154          0.0206
     70         30          0.0238         0.00421          0.0195          0.0791          0.0794          0.0131          0.0171
     70         40          0.0563         0.00375          0.0525          0.0734          0.0748           0.019           0.028
     70         50            0.04        0.000177          0.0398          0.0137          0.0162          0.0184          0.0244
     70         60          0.0289         0.00202          0.0269          0.0542           0.055          0.0151          0.0201
     70         70          0.0263        0.000134          0.0262          0.0113          0.0142          0.0148          0.0198
     70         80           0.022        0.000959           0.021          0.0372          0.0379          0.0131          0.0177
     70         90          0.0306        0.000483          0.0301          0.0137          0.0269          0.0152          0.0212
     70        100           0.026         0.00257          0.0234          0.0617           0.062          0.0142          0.0187
     70        110          0.0404         0.00118          0.0392          0.0391          0.0419          0.0173          0.0242


2025-11-20 16:57:00: Validating
# epoch      batch      total_loss     energy_loss     forces_loss      energy_mae     energy_rmse      forces_mae     forces_rmse
     70          0          0.0212        0.000168           0.021         0.00906          0.0159          0.0128          0.0177
     70         10          0.0271        3.46e-05          0.0271         0.00618         0.00719          0.0146          0.0201
     70         20          0.0191        1.19e-05          0.0191         0.00345         0.00422          0.0123          0.0169


2025-11-20 16:57:02: Epoch summary:
Validation  # epoch      total_loss     energy_loss     forces_loss      energy_mae     energy_rmse      forces_mae     forces_rmse
                 70          0.0176        7.23e-05          0.0175         0.00538          0.0076          0.0118          0.0161
Train       # epoch      total_loss     energy_loss     forces_loss      energy_mae     energy_rmse      forces_mae     forces_rmse
                 70          0.0348         0.00152          0.0333          0.0373          0.0396          0.0159          0.0218


2025-11-20 16:57:02: Training
# epoch      batch      total_loss     energy_loss     forces_loss      energy_mae     energy_rmse      forces_mae     forces_rmse
     71          0          0.0509         0.00183          0.0491          0.0496          0.0523          0.0188          0.0271
     71         10          0.0298        0.000277          0.0295          0.0189          0.0204          0.0159           0.021
     71         20          0.0249        0.000523          0.0243          0.0266           0.028          0.0143          0.0191
     71         30          0.0237         0.00112          0.0226          0.0384           0.041          0.0137          0.0184
     71         40          0.0464         0.00026          0.0461          0.0146          0.0197           0.019          0.0263
     71         50          0.0379        0.000504          0.0374          0.0255          0.0275          0.0174          0.0236
     71         60          0.0405          0.0048          0.0357          0.0786          0.0847           0.017          0.0231
     71         70           0.027        0.000602          0.0264          0.0206            0.03          0.0145          0.0199
     71         80          0.0539         0.00142          0.0525          0.0426          0.0461          0.0199           0.028
     71         90          0.0723         0.00668          0.0656          0.0966             0.1           0.021          0.0313
     71        100          0.0567        0.000906          0.0558          0.0319          0.0368          0.0209          0.0289
     71        110          0.0782          0.0119          0.0663           0.133           0.133          0.0234          0.0315


2025-11-20 16:57:13: Validating
# epoch      batch      total_loss     energy_loss     forces_loss      energy_mae     energy_rmse      forces_mae     forces_rmse
     71          0          0.0208         0.00017          0.0207         0.00908           0.016          0.0127          0.0176
     71         10          0.0268         4.4e-05          0.0267         0.00673         0.00811          0.0144            0.02
     71         20          0.0189        1.11e-05          0.0189         0.00302         0.00407          0.0122          0.0168


2025-11-20 16:57:14: Epoch summary:
Validation  # epoch      total_loss     energy_loss     forces_loss      energy_mae     energy_rmse      forces_mae     forces_rmse
                 71          0.0175        6.82e-05          0.0174         0.00516         0.00737          0.0117           0.016
Train       # epoch      total_loss     energy_loss     forces_loss      energy_mae     energy_rmse      forces_mae     forces_rmse
                 71          0.0551         0.00762          0.0473           0.072           0.074          0.0187          0.0258


2025-11-20 16:57:14: Training
# epoch      batch      total_loss     energy_loss     forces_loss      energy_mae     energy_rmse      forces_mae     forces_rmse
     72          0          0.0651          0.0215          0.0436           0.179           0.179          0.0197          0.0255
     72         10          0.0526          0.0135          0.0392           0.142           0.142          0.0184          0.0242
     72         20          0.0714           0.027          0.0444           0.199           0.201          0.0191          0.0258
     72         30           0.075          0.0491          0.0259           0.271           0.271          0.0148          0.0197
     72         40          0.0379          0.0162          0.0218           0.155           0.156          0.0141           0.018
     72         50          0.0475          0.0213          0.0262           0.178           0.178          0.0151          0.0198
     72         60          0.0391        0.000668          0.0384          0.0285          0.0316          0.0166           0.024
     72         70          0.0289        0.000981          0.0279          0.0368          0.0383          0.0146          0.0204
     72         80          0.0248         0.00232          0.0224          0.0579          0.0588          0.0138          0.0183
     72         90          0.0195         0.00165          0.0179          0.0486          0.0497          0.0126          0.0164
     72        100          0.0201        3.92e-05          0.0201         0.00578         0.00765          0.0129          0.0173
     72        110          0.0243         0.00188          0.0225          0.0514           0.053          0.0138          0.0183


2025-11-20 16:57:25: Validating
# epoch      batch      total_loss     energy_loss     forces_loss      energy_mae     energy_rmse      forces_mae     forces_rmse
     72          0          0.0213         0.00014          0.0212         0.00827          0.0144          0.0128          0.0178
     72         10           0.027        4.55e-05           0.027         0.00737         0.00824          0.0144          0.0201
     72         20          0.0187        1.46e-05          0.0187         0.00343         0.00468          0.0122          0.0167


2025-11-20 16:57:26: Epoch summary:
Validation  # epoch      total_loss     energy_loss     forces_loss      energy_mae     energy_rmse      forces_mae     forces_rmse
                 72          0.0176        6.73e-05          0.0175         0.00505          0.0073          0.0118          0.0161
Train       # epoch      total_loss     energy_loss     forces_loss      energy_mae     energy_rmse      forces_mae     forces_rmse
                 72          0.0456          0.0157          0.0299           0.115           0.116          0.0155          0.0208


2025-11-20 16:57:26: Training
# epoch      batch      total_loss     energy_loss     forces_loss      energy_mae     energy_rmse      forces_mae     forces_rmse
     73          0          0.0246         0.00168          0.0229          0.0498          0.0502          0.0138          0.0185
     73         10          0.0237        0.000276          0.0234           0.018          0.0203          0.0145          0.0187
     73         20          0.0224         0.00106          0.0214          0.0384          0.0399          0.0138          0.0179
     73         30          0.0296        0.000405          0.0292           0.024          0.0246          0.0145          0.0209
     73         40          0.0458         0.00107          0.0447          0.0378          0.0401          0.0178          0.0259
     73         50           0.044         0.00592           0.038          0.0932          0.0941          0.0176          0.0238
     73         60          0.0248        0.000195          0.0246          0.0153          0.0171          0.0145          0.0192
     73         70          0.0243         0.00138          0.0229          0.0447          0.0454           0.014          0.0185
     73         80          0.0228        0.000256          0.0225          0.0178          0.0196          0.0136          0.0184
     73         90          0.0244        4.64e-05          0.0243         0.00685         0.00833          0.0143          0.0191
     73        100          0.0241        3.91e-05           0.024         0.00498         0.00765          0.0143           0.019
     73        110          0.0223        0.000117          0.0222          0.0108          0.0132          0.0135          0.0182


2025-11-20 16:57:37: Validating
# epoch      batch      total_loss     energy_loss     forces_loss      energy_mae     energy_rmse      forces_mae     forces_rmse
     73          0          0.0214        0.000149          0.0212         0.00866          0.0149          0.0128          0.0178
     73         10          0.0269        3.58e-05          0.0268         0.00625         0.00732          0.0144            0.02
     73         20          0.0185        1.32e-05          0.0185         0.00341         0.00444           0.012          0.0166


2025-11-20 16:57:38: Epoch summary:
Validation  # epoch      total_loss     energy_loss     forces_loss      energy_mae     energy_rmse      forces_mae     forces_rmse
                 73          0.0174        6.76e-05          0.0173         0.00508         0.00733          0.0117           0.016
Train       # epoch      total_loss     energy_loss     forces_loss      energy_mae     energy_rmse      forces_mae     forces_rmse
                 73          0.0268        0.000984          0.0259          0.0278            0.03          0.0145          0.0195


2025-11-20 16:57:38: Training
# epoch      batch      total_loss     energy_loss     forces_loss      energy_mae     energy_rmse      forces_mae     forces_rmse
     74          0          0.0249        0.000186          0.0247          0.0151          0.0167          0.0137          0.0192
     74         10          0.0181        6.37e-05           0.018         0.00778         0.00976          0.0123          0.0164
     74         20          0.0158        3.25e-05          0.0158         0.00583         0.00697          0.0117          0.0154
     74         30          0.0288        0.000132          0.0286          0.0101           0.014          0.0152          0.0207
     74         40          0.0276        0.000117          0.0274          0.0119          0.0132          0.0155          0.0203
     74         50          0.0485        0.000607          0.0479          0.0281          0.0301          0.0202          0.0268
     74         60          0.0331         0.00163          0.0314          0.0476          0.0494          0.0157          0.0217
     74         70          0.0507        0.000144          0.0505          0.0113          0.0147          0.0184          0.0275
     74         80          0.0815         0.00184          0.0797          0.0491          0.0524          0.0215          0.0345
     74         90          0.0483          0.0015          0.0468          0.0456          0.0473          0.0176          0.0265
     74        100          0.0334        0.000218          0.0332          0.0133          0.0181          0.0166          0.0223
     74        110          0.0266        0.000265          0.0264          0.0173          0.0199          0.0149          0.0198


2025-11-20 16:57:49: Validating
# epoch      batch      total_loss     energy_loss     forces_loss      energy_mae     energy_rmse      forces_mae     forces_rmse
     74          0          0.0212        0.000163          0.0211         0.00874          0.0156          0.0127          0.0178
     74         10          0.0261        3.37e-05          0.0261         0.00604          0.0071          0.0143          0.0197
     74         20           0.019         1.2e-05           0.019         0.00345         0.00424           0.012          0.0168


2025-11-20 16:57:50: Epoch summary:
Validation  # epoch      total_loss     energy_loss     forces_loss      energy_mae     energy_rmse      forces_mae     forces_rmse
                 74          0.0172        6.99e-05          0.0172         0.00511         0.00741          0.0116          0.0159
Train       # epoch      total_loss     energy_loss     forces_loss      energy_mae     energy_rmse      forces_mae     forces_rmse
                 74           0.033        0.000653          0.0323           0.022          0.0247          0.0158          0.0216


2025-11-20 16:57:50: Training
# epoch      batch      total_loss     energy_loss     forces_loss      energy_mae     energy_rmse      forces_mae     forces_rmse
     75          0          0.0227         0.00016          0.0226          0.0142          0.0155          0.0138          0.0184
     75         10          0.0222        0.000307          0.0218          0.0194          0.0214          0.0135          0.0181
     75         20          0.0214         4.9e-05          0.0213         0.00732         0.00856          0.0135          0.0178
     75         30          0.0171        3.67e-05           0.017         0.00568         0.00741          0.0115           0.016
     75         40          0.0181        0.000307          0.0178          0.0205          0.0214          0.0123          0.0163
     75         50          0.0179        5.23e-05          0.0178         0.00751         0.00884          0.0123          0.0163
     75         60          0.0223         0.00014          0.0222          0.0103          0.0145          0.0135          0.0182
     75         70          0.0485        0.000741          0.0478          0.0315          0.0333          0.0198          0.0267
     75         80          0.0438        0.000672          0.0431          0.0282          0.0317          0.0187          0.0254
     75         90          0.0515        0.000212          0.0512          0.0157          0.0178          0.0198          0.0277
     75        100          0.0686        0.000446          0.0682          0.0233          0.0258          0.0221          0.0319
     75        110          0.0583         0.00373          0.0546          0.0727          0.0746          0.0207          0.0286


2025-11-20 16:58:00: Validating
# epoch      batch      total_loss     energy_loss     forces_loss      energy_mae     energy_rmse      forces_mae     forces_rmse
     75          0          0.0211        0.000178          0.0209         0.00926          0.0163          0.0127          0.0177
     75         10          0.0261        2.72e-05          0.0261         0.00564         0.00638          0.0142          0.0198
     75         20          0.0195         1.3e-05          0.0195         0.00371         0.00441          0.0121          0.0171


2025-11-20 16:58:02: Epoch summary:
Validation  # epoch      total_loss     energy_loss     forces_loss      energy_mae     energy_rmse      forces_mae     forces_rmse
                 75          0.0171        7.41e-05           0.017         0.00542         0.00766          0.0115          0.0158
Train       # epoch      total_loss     energy_loss     forces_loss      energy_mae     energy_rmse      forces_mae     forces_rmse
                 75          0.0374        0.000918          0.0364          0.0265          0.0293          0.0164          0.0224


2025-11-20 16:58:02: Training
# epoch      batch      total_loss     energy_loss     forces_loss      energy_mae     energy_rmse      forces_mae     forces_rmse
     76          0          0.0511        0.000204          0.0509          0.0151          0.0175          0.0209          0.0276
     76         10          0.0255        0.000124          0.0254          0.0113          0.0136           0.015          0.0195
     76         20          0.0216        0.000972          0.0206          0.0281          0.0381          0.0131          0.0176
     76         30          0.0203        0.000442          0.0198          0.0243          0.0257          0.0132          0.0172
     76         40          0.0196        6.45e-05          0.0195          0.0087         0.00982          0.0128          0.0171
     76         50          0.0181        2.91e-05           0.018         0.00576          0.0066          0.0125          0.0164
     76         60          0.0211        0.000569          0.0205          0.0223          0.0292          0.0132          0.0175
     76         70          0.0211        6.19e-05           0.021         0.00784         0.00962           0.013          0.0177
     76         80          0.0205        0.000286          0.0202            0.02          0.0207          0.0132          0.0174
     76         90          0.0195        0.000349          0.0192            0.02          0.0228          0.0125          0.0169
     76        100          0.0226        0.000216          0.0224          0.0159           0.018          0.0138          0.0183
     76        110          0.0216        0.000956          0.0206          0.0365          0.0378          0.0132          0.0176


2025-11-20 16:58:13: Validating
# epoch      batch      total_loss     energy_loss     forces_loss      energy_mae     energy_rmse      forces_mae     forces_rmse
     76          0          0.0207         0.00018          0.0206         0.00928          0.0164          0.0126          0.0175
     76         10          0.0272        2.44e-05          0.0271         0.00543         0.00604          0.0145          0.0201
     76         20          0.0185        1.29e-05          0.0185         0.00376         0.00438          0.0119          0.0166


2025-11-20 16:58:14: Epoch summary:
Validation  # epoch      total_loss     energy_loss     forces_loss      energy_mae     energy_rmse      forces_mae     forces_rmse
                 76           0.017        7.26e-05          0.0169         0.00529         0.00751          0.0115          0.0158
Train       # epoch      total_loss     energy_loss     forces_loss      energy_mae     energy_rmse      forces_mae     forces_rmse
                 76          0.0232         0.00053          0.0226          0.0229          0.0249          0.0136          0.0182


2025-11-20 16:58:14: Training
# epoch      batch      total_loss     energy_loss     forces_loss      energy_mae     energy_rmse      forces_mae     forces_rmse
     77          0          0.0288        0.000143          0.0287          0.0126          0.0146          0.0144          0.0207
     77         10          0.0223        0.000428          0.0219          0.0242          0.0253          0.0135          0.0181
     77         20          0.0144        6.42e-05          0.0143          0.0089          0.0098          0.0112          0.0146
     77         30           0.021        0.000186          0.0208          0.0143          0.0167          0.0134          0.0176
     77         40          0.0197        0.000669          0.0191          0.0176          0.0316          0.0128          0.0169
     77         50           0.051         0.00809          0.0429           0.109            0.11          0.0179          0.0253
     77         60          0.0347         0.00113          0.0336          0.0388          0.0411          0.0161          0.0224
     77         70          0.0279         0.00351          0.0244           0.072          0.0725          0.0142          0.0191
     77         80          0.0217         0.00181          0.0199          0.0515           0.052          0.0132          0.0172
     77         90          0.0233         0.00175          0.0216          0.0483          0.0511          0.0136           0.018
     77        100          0.0322        0.000656          0.0316          0.0281          0.0313          0.0157          0.0217
     77        110          0.0372         0.00177          0.0354          0.0505          0.0515          0.0164           0.023


2025-11-20 16:58:25: Validating
# epoch      batch      total_loss     energy_loss     forces_loss      energy_mae     energy_rmse      forces_mae     forces_rmse
     77          0          0.0209        0.000194          0.0207         0.00964           0.017          0.0126          0.0176
     77         10          0.0266        2.69e-05          0.0266          0.0057         0.00634          0.0144          0.0199
     77         20          0.0192        1.38e-05          0.0192         0.00384         0.00454           0.012           0.017


2025-11-20 16:58:27: Epoch summary:
Validation  # epoch      total_loss     energy_loss     forces_loss      energy_mae     energy_rmse      forces_mae     forces_rmse
                 77          0.0168         7.4e-05          0.0168         0.00536         0.00761          0.0114          0.0157
Train       # epoch      total_loss     energy_loss     forces_loss      energy_mae     energy_rmse      forces_mae     forces_rmse
                 77          0.0291          0.0014          0.0276          0.0341          0.0362          0.0147            0.02


2025-11-20 16:58:27: Training
# epoch      batch      total_loss     energy_loss     forces_loss      energy_mae     energy_rmse      forces_mae     forces_rmse
     78          0          0.0397         0.00403          0.0357           0.077          0.0777          0.0166          0.0231
     78         10          0.0395        0.000975          0.0385          0.0365          0.0382          0.0174           0.024
     78         20          0.0469          0.0029           0.044          0.0645          0.0658          0.0182          0.0257
     78         30          0.0364         0.00022          0.0362          0.0162          0.0181          0.0161          0.0233
     78         40          0.0459        0.000673          0.0452          0.0167          0.0317          0.0176           0.026
     78         50          0.0313          0.0077          0.0236           0.105           0.107          0.0144          0.0188
     78         60          0.0235         0.00094          0.0226          0.0369          0.0375          0.0136          0.0184
     78         70          0.0171        5.49e-05          0.0171         0.00821         0.00906          0.0121           0.016
     78         80          0.0331        0.000816          0.0323          0.0329          0.0349          0.0162           0.022
     78         90          0.0301        0.000292          0.0298          0.0194          0.0209          0.0156          0.0211
     78        100          0.0347         0.00102          0.0337          0.0365           0.039          0.0164          0.0224
     78        110          0.0283        9.41e-05          0.0282          0.0106          0.0119          0.0152          0.0205


2025-11-20 16:58:37: Validating
# epoch      batch      total_loss     energy_loss     forces_loss      energy_mae     energy_rmse      forces_mae     forces_rmse
     78          0          0.0209        0.000185          0.0208         0.00962          0.0166          0.0126          0.0176
     78         10          0.0265        2.63e-05          0.0264         0.00537         0.00627          0.0143          0.0199
     78         20          0.0191        1.31e-05          0.0191         0.00366         0.00443           0.012          0.0169


2025-11-20 16:58:38: Epoch summary:
Validation  # epoch      total_loss     energy_loss     forces_loss      energy_mae     energy_rmse      forces_mae     forces_rmse
                 78          0.0168        7.24e-05          0.0167         0.00537         0.00761          0.0114          0.0157
Train       # epoch      total_loss     energy_loss     forces_loss      energy_mae     energy_rmse      forces_mae     forces_rmse
                 78          0.0305          0.0013          0.0292          0.0356          0.0377          0.0152          0.0207


2025-11-20 16:58:39: Training
# epoch      batch      total_loss     energy_loss     forces_loss      energy_mae     energy_rmse      forces_mae     forces_rmse
     79          0          0.0296        0.000251          0.0294           0.017          0.0194          0.0145           0.021
     79         10          0.0442         0.00101          0.0432          0.0363          0.0388          0.0183          0.0254
     79         20           0.034          0.0094          0.0246           0.118           0.119          0.0148          0.0192
     79         30          0.0764          0.0152          0.0612           0.149           0.151           0.022          0.0302
     79         40          0.0362        0.000808          0.0354          0.0326          0.0347          0.0171           0.023
     79         50          0.0379         0.00208          0.0358          0.0553          0.0557          0.0172          0.0231
     79         60          0.0337         0.00362          0.0301          0.0731          0.0735          0.0162          0.0212
     79         70          0.0399         0.00162          0.0383          0.0486          0.0493           0.015          0.0239
     79         80          0.0332         0.00152          0.0317          0.0252          0.0477          0.0165          0.0218
     79         90          0.0674        0.000265          0.0672          0.0175          0.0199          0.0171          0.0317
     79        100          0.0254        0.000341           0.025          0.0203          0.0226          0.0149          0.0194
     79        110          0.0348        0.000927          0.0338          0.0363          0.0372          0.0163          0.0225


2025-11-20 16:58:49: Validating
# epoch      batch      total_loss     energy_loss     forces_loss      energy_mae     energy_rmse      forces_mae     forces_rmse
     79          0          0.0207        0.000172          0.0206          0.0099          0.0161          0.0126          0.0175
     79         10          0.0262        3.82e-05          0.0261         0.00594         0.00756          0.0143          0.0198
     79         20          0.0188        1.81e-05          0.0188         0.00439          0.0052          0.0119          0.0168


2025-11-20 16:58:50: Epoch summary:
Validation  # epoch      total_loss     energy_loss     forces_loss      energy_mae     energy_rmse      forces_mae     forces_rmse
                 79          0.0168        7.49e-05          0.0167         0.00563         0.00785          0.0114          0.0157
Train       # epoch      total_loss     energy_loss     forces_loss      energy_mae     energy_rmse      forces_mae     forces_rmse
                 79          0.0415         0.00397          0.0376          0.0621           0.064           0.017          0.0234


2025-11-20 16:58:50: Training
# epoch      batch      total_loss     energy_loss     forces_loss      energy_mae     energy_rmse      forces_mae     forces_rmse
     80          0           0.026        0.000369          0.0257          0.0222          0.0235          0.0137          0.0196
     80         10          0.0229        3.84e-05          0.0228         0.00667         0.00758          0.0135          0.0185
     80         20           0.026         0.00162          0.0244          0.0485          0.0492          0.0141          0.0191
     80         30          0.0185         0.00128          0.0172          0.0425          0.0438          0.0123           0.016
     80         40          0.0188        0.000158          0.0186          0.0139          0.0154           0.013          0.0167
     80         50          0.0216        0.000114          0.0215          0.0114           0.013          0.0133          0.0179
     80         60          0.0407         0.00127          0.0394          0.0423          0.0437          0.0175          0.0243
     80         70          0.0246        0.000169          0.0245          0.0135          0.0159          0.0141          0.0191
     80         80          0.0397         0.00396          0.0357          0.0741          0.0769          0.0165          0.0231
     80         90          0.0306         0.00122          0.0294          0.0301          0.0427          0.0158           0.021
     80        100          0.0218         0.00222          0.0196          0.0573          0.0576           0.013          0.0171
     80        110          0.0523        0.000592          0.0517          0.0289          0.0297          0.0184          0.0278


2025-11-20 16:59:01: Validating
# epoch      batch      total_loss     energy_loss     forces_loss      energy_mae     energy_rmse      forces_mae     forces_rmse
     80          0          0.0203        0.000186          0.0201         0.00959          0.0167          0.0125          0.0173
     80         10          0.0267        3.82e-05          0.0267         0.00647         0.00756          0.0142            0.02
     80         20           0.018         1.4e-05           0.018         0.00357         0.00458          0.0116          0.0164


2025-11-20 16:59:02: Epoch summary:
Validation  # epoch      total_loss     energy_loss     forces_loss      energy_mae     energy_rmse      forces_mae     forces_rmse
                 80          0.0167         7.4e-05          0.0167         0.00524         0.00757          0.0114          0.0157
Train       # epoch      total_loss     energy_loss     forces_loss      energy_mae     energy_rmse      forces_mae     forces_rmse
                 80          0.0293         0.00179          0.0275          0.0381          0.0399          0.0146            0.02


2025-11-20 16:59:02: Training
# epoch      batch      total_loss     energy_loss     forces_loss      energy_mae     energy_rmse      forces_mae     forces_rmse
     81          0          0.0242        0.000809          0.0234          0.0345          0.0348           0.014          0.0187
     81         10          0.0271         0.00076          0.0263           0.033          0.0337          0.0148          0.0198
     81         20          0.0272        0.000854          0.0263          0.0352          0.0357          0.0146          0.0198
     81         30          0.0302         0.00133          0.0288          0.0442          0.0446          0.0156          0.0208
     81         40          0.0185        0.000697          0.0178          0.0311          0.0323          0.0124          0.0163
     81         50          0.0213        5.51e-05          0.0213         0.00694         0.00908          0.0135          0.0178
     81         60           0.029         0.00161          0.0273           0.048          0.0491          0.0149          0.0202
     81         70          0.0397         0.00112          0.0385          0.0398           0.041          0.0156           0.024
     81         80          0.0277        0.000639           0.027          0.0268          0.0309          0.0145          0.0201
     81         90          0.0553        0.000837          0.0545          0.0324          0.0354          0.0204          0.0285
     81        100          0.0236        5.95e-05          0.0235         0.00769         0.00943          0.0147          0.0188
     81        110          0.0233        0.000184          0.0231          0.0154          0.0166          0.0138          0.0186


2025-11-20 16:59:13: Validating
# epoch      batch      total_loss     energy_loss     forces_loss      energy_mae     energy_rmse      forces_mae     forces_rmse
     81          0            0.02        0.000185          0.0198         0.00924          0.0166          0.0123          0.0172
     81         10          0.0267        3.18e-05          0.0267         0.00621          0.0069          0.0143            0.02
     81         20          0.0182        1.35e-05          0.0182         0.00358         0.00449          0.0116          0.0165


2025-11-20 16:59:14: Epoch summary:
Validation  # epoch      total_loss     energy_loss     forces_loss      energy_mae     energy_rmse      forces_mae     forces_rmse
                 81          0.0166         7.3e-05          0.0165         0.00505         0.00736          0.0113          0.0156
Train       # epoch      total_loss     energy_loss     forces_loss      energy_mae     energy_rmse      forces_mae     forces_rmse
                 81          0.0304        0.000739          0.0297          0.0264          0.0286          0.0152          0.0208


2025-11-20 16:59:14: Training
# epoch      batch      total_loss     energy_loss     forces_loss      energy_mae     energy_rmse      forces_mae     forces_rmse
     82          0          0.0196        0.000375          0.0192          0.0229          0.0237          0.0128           0.017
     82         10          0.0206        0.000435          0.0201          0.0248          0.0255          0.0129          0.0174
     82         20          0.0264        0.000325          0.0261          0.0208          0.0221          0.0146          0.0198
     82         30          0.0381        0.000454          0.0376          0.0225          0.0261          0.0169          0.0237
     82         40          0.0263        0.000603          0.0257          0.0285            0.03          0.0149          0.0196
     82         50          0.0225        0.000281          0.0222          0.0192          0.0205          0.0139          0.0182
     82         60          0.0248        0.000795           0.024          0.0333          0.0345          0.0137          0.0189
     82         70          0.0224        0.000198          0.0222           0.016          0.0172          0.0138          0.0182
     82         80          0.0185        0.000334          0.0181          0.0215          0.0224          0.0125          0.0165
     82         90           0.032        0.000152          0.0318          0.0145          0.0151          0.0128          0.0218
     82        100           0.028         0.00175          0.0262          0.0507          0.0511          0.0146          0.0198
     82        110          0.0281         0.00145          0.0266          0.0452          0.0466          0.0147            0.02


2025-11-20 16:59:25: Validating
# epoch      batch      total_loss     energy_loss     forces_loss      energy_mae     energy_rmse      forces_mae     forces_rmse
     82          0          0.0203        0.000192          0.0201          0.0095          0.0169          0.0124          0.0174
     82         10          0.0272        2.93e-05          0.0271         0.00606         0.00662          0.0144          0.0201
     82         20          0.0181        1.44e-05          0.0181         0.00358         0.00464          0.0116          0.0165


2025-11-20 16:59:26: Epoch summary:
Validation  # epoch      total_loss     energy_loss     forces_loss      energy_mae     energy_rmse      forces_mae     forces_rmse
                 82          0.0165        7.38e-05          0.0164         0.00514          0.0075          0.0113          0.0155
Train       # epoch      total_loss     energy_loss     forces_loss      energy_mae     energy_rmse      forces_mae     forces_rmse
                 82           0.022        0.000665          0.0213           0.026          0.0278          0.0133          0.0178


2025-11-20 16:59:26: Training
# epoch      batch      total_loss     energy_loss     forces_loss      energy_mae     energy_rmse      forces_mae     forces_rmse
     83          0           0.027          0.0015          0.0255          0.0456          0.0473          0.0147          0.0195
     83         10          0.0276        0.000204          0.0274          0.0161          0.0175          0.0147          0.0202
     83         20          0.0259          0.0024          0.0235          0.0594          0.0599           0.014          0.0187
     83         30          0.0516        0.000274          0.0514          0.0181          0.0202          0.0197          0.0277
     83         40          0.0321         0.00655          0.0255          0.0987           0.099          0.0141          0.0195
     83         50          0.0215         0.00355          0.0179          0.0724          0.0728          0.0124          0.0164
     83         60          0.0231        0.000911          0.0222          0.0352          0.0369          0.0138          0.0182
     83         70          0.0183        9.88e-05          0.0182         0.00849          0.0122          0.0125          0.0165
     83         80          0.0221         0.00262          0.0194          0.0625          0.0626          0.0125           0.017
     83         90          0.0211        0.000169          0.0209          0.0146          0.0159          0.0131          0.0177
     83        100          0.0219        0.000532          0.0213          0.0271          0.0282          0.0133          0.0179
     83        110          0.0182        0.000112          0.0181           0.011           0.013          0.0123          0.0165


2025-11-20 16:59:37: Validating
# epoch      batch      total_loss     energy_loss     forces_loss      energy_mae     energy_rmse      forces_mae     forces_rmse
     83          0          0.0208        0.000187          0.0206         0.00902          0.0167          0.0125          0.0175
     83         10          0.0268        3.14e-05          0.0268         0.00627         0.00686          0.0143            0.02
     83         20          0.0184         1.5e-05          0.0184         0.00363         0.00473          0.0117          0.0166


2025-11-20 16:59:39: Epoch summary:
Validation  # epoch      total_loss     energy_loss     forces_loss      energy_mae     energy_rmse      forces_mae     forces_rmse
                 83          0.0164        7.45e-05          0.0163         0.00503         0.00748          0.0112          0.0155
Train       # epoch      total_loss     energy_loss     forces_loss      energy_mae     energy_rmse      forces_mae     forces_rmse
                 83           0.026         0.00151          0.0245          0.0357          0.0373           0.014          0.0189


2025-11-20 16:59:39: Training
# epoch      batch      total_loss     energy_loss     forces_loss      energy_mae     energy_rmse      forces_mae     forces_rmse
     84          0          0.0197        7.73e-05          0.0196         0.00973          0.0107           0.013          0.0171
     84         10           0.025        0.000158          0.0248          0.0134          0.0154          0.0134          0.0193
     84         20          0.0201        3.05e-05          0.0201         0.00584         0.00675          0.0128          0.0173
     84         30          0.0373         0.00223          0.0351          0.0557          0.0577          0.0162          0.0229
     84         40           0.037         0.00304           0.034          0.0642          0.0674          0.0168          0.0225
     84         50          0.0449         0.00155          0.0434          0.0474          0.0481           0.017          0.0255
     84         60          0.0476         0.00286          0.0448          0.0645          0.0654          0.0197          0.0259
     84         70          0.0448         0.00458          0.0402          0.0809          0.0828          0.0175          0.0245
     84         80          0.0765          0.0154          0.0612           0.147           0.152          0.0185          0.0302
     84         90          0.0724            0.04          0.0323           0.245           0.245          0.0167           0.022
     84        100          0.0421          0.0232          0.0189           0.186           0.186          0.0128          0.0168
     84        110          0.0789          0.0472          0.0317           0.265           0.266           0.016          0.0218


2025-11-20 16:59:50: Validating
# epoch      batch      total_loss     energy_loss     forces_loss      energy_mae     energy_rmse      forces_mae     forces_rmse
     84          0          0.0202        0.000219            0.02          0.0102          0.0181          0.0123          0.0173
     84         10          0.0267        2.02e-05          0.0266         0.00458         0.00549          0.0143            0.02
     84         20          0.0182        2.17e-05          0.0182         0.00514          0.0057          0.0116          0.0165


2025-11-20 16:59:51: Epoch summary:
Validation  # epoch      total_loss     energy_loss     forces_loss      energy_mae     energy_rmse      forces_mae     forces_rmse
                 84          0.0164        8.77e-05          0.0163         0.00608         0.00846          0.0112          0.0155
Train       # epoch      total_loss     energy_loss     forces_loss      energy_mae     energy_rmse      forces_mae     forces_rmse
                 84          0.0407          0.0124          0.0282           0.102           0.103          0.0149          0.0202


2025-11-20 16:59:51: Training
# epoch      batch      total_loss     energy_loss     forces_loss      energy_mae     energy_rmse      forces_mae     forces_rmse
     85          0          0.0437          0.0226          0.0211           0.184           0.184          0.0137          0.0177
     85         10            0.05          0.0178          0.0322           0.163           0.163          0.0165           0.022
     85         20           0.059         0.00717          0.0518             0.1           0.104          0.0202          0.0278
     85         30          0.0442         0.00458          0.0396          0.0824          0.0828          0.0176          0.0243
     85         40          0.0273        0.000291           0.027          0.0185          0.0209          0.0153          0.0201
     85         50           0.035        0.000678          0.0343          0.0304          0.0318          0.0167          0.0227
     85         60          0.0455        0.000169          0.0454          0.0122          0.0159          0.0176           0.026
     85         70           0.076        0.000404          0.0756          0.0166          0.0246          0.0225          0.0336
     85         80          0.0409        0.000381          0.0405          0.0212          0.0239          0.0181          0.0246
     85         90          0.0689         0.00155          0.0673          0.0461          0.0481          0.0235          0.0317
     85        100          0.0358        0.000453          0.0353          0.0238           0.026          0.0173           0.023
     85        110          0.0261        5.68e-05           0.026         0.00804         0.00921          0.0152          0.0197


2025-11-20 17:00:03: Validating
# epoch      batch      total_loss     energy_loss     forces_loss      energy_mae     energy_rmse      forces_mae     forces_rmse
     85          0          0.0199        0.000222          0.0197          0.0104          0.0182          0.0122          0.0172
     85         10          0.0277        1.73e-05          0.0277         0.00425         0.00509          0.0144          0.0203
     85         20          0.0173        2.21e-05          0.0173         0.00505         0.00574          0.0114          0.0161


2025-11-20 17:00:04: Epoch summary:
Validation  # epoch      total_loss     energy_loss     forces_loss      energy_mae     energy_rmse      forces_mae     forces_rmse
                 85          0.0167        8.93e-05          0.0167         0.00615         0.00855          0.0113          0.0156
Train       # epoch      total_loss     energy_loss     forces_loss      energy_mae     energy_rmse      forces_mae     forces_rmse
                 85          0.0474         0.00612          0.0413          0.0636          0.0658          0.0178          0.0245


2025-11-20 17:00:04: Training
# epoch      batch      total_loss     energy_loss     forces_loss      energy_mae     energy_rmse      forces_mae     forces_rmse
     86          0          0.0273         0.00013          0.0272          0.0119          0.0139          0.0152          0.0202
     86         10          0.0279         0.00141          0.0265          0.0452          0.0459          0.0152          0.0199
     86         20          0.0388         0.00031          0.0384          0.0191          0.0215          0.0174           0.024
     86         30          0.0286          0.0002          0.0284          0.0123          0.0173          0.0154          0.0206
     86         40          0.0281        0.000111           0.028         0.00909          0.0129          0.0153          0.0205
     86         50          0.0191        8.28e-05          0.0191         0.00973          0.0111          0.0128          0.0169
     86         60          0.0281        0.000825          0.0273          0.0334          0.0351          0.0148          0.0202
     86         70          0.0218          0.0012          0.0206          0.0414          0.0424          0.0132          0.0175
     86         80           0.018        5.16e-05           0.018         0.00664         0.00879          0.0124          0.0164
     86         90          0.0256         0.00171          0.0239          0.0495          0.0505           0.014          0.0189
     86        100          0.0388        0.000247          0.0386          0.0172          0.0192          0.0161           0.024
     86        110          0.0303        0.000125          0.0302          0.0108          0.0137          0.0156          0.0213


2025-11-20 17:00:16: Validating
# epoch      batch      total_loss     energy_loss     forces_loss      energy_mae     energy_rmse      forces_mae     forces_rmse
     86          0          0.0201        0.000205          0.0199         0.00967          0.0175          0.0123          0.0173
     86         10          0.0268         2.4e-05          0.0268         0.00554           0.006          0.0143            0.02
     86         20          0.0173        1.95e-05          0.0173         0.00456         0.00539          0.0115          0.0161


2025-11-20 17:00:17: Epoch summary:
Validation  # epoch      total_loss     energy_loss     forces_loss      energy_mae     energy_rmse      forces_mae     forces_rmse
                 86          0.0167        8.27e-05          0.0166         0.00564         0.00801          0.0113          0.0156
Train       # epoch      total_loss     energy_loss     forces_loss      energy_mae     energy_rmse      forces_mae     forces_rmse
                 86          0.0275        0.000697          0.0268          0.0231          0.0256          0.0146          0.0198


2025-11-20 17:00:17: Training
# epoch      batch      total_loss     energy_loss     forces_loss      energy_mae     energy_rmse      forces_mae     forces_rmse
     87          0          0.0221        0.000182          0.0219          0.0152          0.0165          0.0136          0.0181
     87         10          0.0142        0.000217           0.014          0.0177           0.018          0.0112          0.0145
     87         20          0.0215        0.000218          0.0213          0.0164           0.018          0.0128          0.0178
     87         30          0.0219        2.91e-05          0.0219         0.00569          0.0066          0.0137          0.0181
     87         40          0.0458        0.000245          0.0456          0.0168          0.0192          0.0179          0.0261
     87         50          0.0255        0.000553          0.0249          0.0273          0.0287          0.0143          0.0193
     87         60          0.0539        0.000842          0.0531           0.033          0.0355          0.0212          0.0282
     87         70          0.0479         0.00142          0.0464          0.0442          0.0462          0.0185          0.0264
     87         80          0.0324         0.00109          0.0313          0.0398          0.0404          0.0152          0.0216
     87         90          0.0285        0.000943          0.0275          0.0369          0.0376          0.0159          0.0203
     87        100          0.0219        0.000428          0.0215          0.0156          0.0253          0.0136          0.0179
     87        110           0.019        7.69e-05           0.019         0.00874          0.0107          0.0125          0.0168


2025-11-20 17:00:29: Validating
# epoch      batch      total_loss     energy_loss     forces_loss      energy_mae     energy_rmse      forces_mae     forces_rmse
     87          0          0.0196        0.000199          0.0194         0.00954          0.0172          0.0122           0.017
     87         10          0.0266        2.16e-05          0.0266         0.00532         0.00568          0.0143          0.0199
     87         20          0.0175        1.73e-05          0.0175         0.00428         0.00509          0.0116          0.0162


2025-11-20 17:00:31: Epoch summary:
Validation  # epoch      total_loss     energy_loss     forces_loss      energy_mae     energy_rmse      forces_mae     forces_rmse
                 87          0.0164        7.91e-05          0.0163         0.00535         0.00775          0.0112          0.0155
Train       # epoch      total_loss     energy_loss     forces_loss      energy_mae     energy_rmse      forces_mae     forces_rmse
                 87          0.0312        0.000629          0.0306          0.0232          0.0258          0.0153          0.0208


2025-11-20 17:00:31: Training
# epoch      batch      total_loss     energy_loss     forces_loss      energy_mae     energy_rmse      forces_mae     forces_rmse
     88          0          0.0244        3.84e-05          0.0243         0.00606         0.00758          0.0141          0.0191
     88         10          0.0251         0.00065          0.0244          0.0301          0.0312          0.0141          0.0191
     88         20          0.0174         0.00247          0.0149          0.0605          0.0607          0.0113           0.015
     88         30          0.0172        0.000486          0.0167          0.0256           0.027          0.0119          0.0158
     88         40          0.0231         4.1e-05          0.0231         0.00581         0.00783          0.0144          0.0186
     88         50          0.0244         0.00148           0.023          0.0458          0.0471          0.0138          0.0185
     88         60          0.0206        0.000369          0.0203          0.0204          0.0235          0.0131          0.0174
     88         70          0.0185        0.000214          0.0183          0.0126          0.0179          0.0124          0.0165
     88         80          0.0145        4.47e-05          0.0144         0.00691         0.00817          0.0112          0.0147
     88         90          0.0167        2.88e-05          0.0166         0.00521         0.00656          0.0119          0.0158
     88        100          0.0177        0.000373          0.0173          0.0227          0.0236          0.0123          0.0161
     88        110          0.0199         0.00127          0.0186          0.0422          0.0435          0.0123          0.0167


2025-11-20 17:00:42: Validating
# epoch      batch      total_loss     energy_loss     forces_loss      energy_mae     energy_rmse      forces_mae     forces_rmse
     88          0          0.0194        0.000191          0.0192         0.00908          0.0169          0.0122           0.017
     88         10          0.0259        2.15e-05          0.0259         0.00529         0.00567          0.0141          0.0197
     88         20          0.0179        1.73e-05          0.0179         0.00421         0.00508          0.0116          0.0164


2025-11-20 17:00:43: Epoch summary:
Validation  # epoch      total_loss     energy_loss     forces_loss      energy_mae     energy_rmse      forces_mae     forces_rmse
                 88          0.0161         7.7e-05           0.016         0.00523         0.00764          0.0111          0.0153
Train       # epoch      total_loss     energy_loss     forces_loss      energy_mae     energy_rmse      forces_mae     forces_rmse
                 88          0.0201        0.000689          0.0194          0.0253          0.0274          0.0127           0.017


2025-11-20 17:00:43: Training
# epoch      batch      total_loss     energy_loss     forces_loss      energy_mae     energy_rmse      forces_mae     forces_rmse
     89          0          0.0188         0.00101          0.0178          0.0384          0.0388          0.0122          0.0163
     89         10          0.0352        0.000577          0.0346           0.027          0.0294          0.0161          0.0227
     89         20          0.0444         0.00016          0.0443          0.0116          0.0155          0.0182          0.0257
     89         30          0.0411         0.00463          0.0365          0.0823          0.0832          0.0172          0.0234
     89         40          0.0233         0.00156          0.0217          0.0475          0.0482          0.0133           0.018
     89         50          0.0181        0.000466          0.0177          0.0253          0.0264          0.0122          0.0162
     89         60          0.0215        0.000272          0.0212          0.0151          0.0202          0.0133          0.0178
     89         70           0.018        0.000831          0.0172          0.0345          0.0352           0.012           0.016
     89         80            0.04        3.71e-05          0.0399         0.00621         0.00745          0.0153          0.0244
     89         90          0.0207        0.000943          0.0197          0.0368          0.0376          0.0132          0.0172
     89        100          0.0204         0.00098          0.0194          0.0376          0.0383           0.013           0.017
     89        110          0.0178        5.86e-05          0.0177         0.00606         0.00936          0.0119          0.0163


2025-11-20 17:00:54: Validating
# epoch      batch      total_loss     energy_loss     forces_loss      energy_mae     energy_rmse      forces_mae     forces_rmse
     89          0          0.0189        0.000189          0.0187         0.00887          0.0168           0.012          0.0167
     89         10          0.0256        2.16e-05          0.0256          0.0052         0.00569           0.014          0.0196
     89         20          0.0175        1.81e-05          0.0175         0.00425         0.00521          0.0114          0.0162


2025-11-20 17:00:55: Epoch summary:
Validation  # epoch      total_loss     energy_loss     forces_loss      energy_mae     energy_rmse      forces_mae     forces_rmse
                 89           0.016        7.92e-05          0.0159          0.0053         0.00771          0.0111          0.0153
Train       # epoch      total_loss     energy_loss     forces_loss      energy_mae     energy_rmse      forces_mae     forces_rmse
                 89          0.0287        0.000729           0.028          0.0268           0.029          0.0146          0.0201


2025-11-20 17:00:55: Training
# epoch      batch      total_loss     energy_loss     forces_loss      energy_mae     energy_rmse      forces_mae     forces_rmse
     90          0          0.0177        0.000188          0.0175         0.00908          0.0168          0.0121          0.0162
     90         10          0.0177        0.000362          0.0173          0.0226          0.0233          0.0124          0.0161
     90         20          0.0288        0.000667          0.0281          0.0266          0.0316          0.0144          0.0205
     90         30          0.0239         0.00217          0.0218          0.0563           0.057          0.0132           0.018
     90         40          0.0398        0.000698          0.0391          0.0311          0.0323          0.0162          0.0242
     90         50          0.0322        0.000565          0.0316          0.0273          0.0291          0.0146          0.0217
     90         60          0.0181        0.000345          0.0178          0.0218          0.0227          0.0125          0.0163
     90         70          0.0177        0.000696          0.0171          0.0315          0.0323           0.012           0.016
     90         80          0.0166          0.0038          0.0128          0.0752          0.0754          0.0107          0.0138
     90         90          0.0213        0.000389          0.0209          0.0235          0.0241          0.0132          0.0177
     90        100          0.0217        2.08e-05          0.0217         0.00465         0.00557          0.0132           0.018
     90        110          0.0189        6.45e-05          0.0188         0.00886         0.00982          0.0127          0.0168


2025-11-20 17:01:06: Validating
# epoch      batch      total_loss     energy_loss     forces_loss      energy_mae     energy_rmse      forces_mae     forces_rmse
     90          0          0.0191        0.000195          0.0189         0.00877          0.0171          0.0121          0.0168
     90         10          0.0256        2.48e-05          0.0256         0.00546         0.00609          0.0139          0.0196
     90         20          0.0177        1.67e-05          0.0177         0.00399           0.005          0.0115          0.0163


2025-11-20 17:01:08: Epoch summary:
Validation  # epoch      total_loss     energy_loss     forces_loss      energy_mae     energy_rmse      forces_mae     forces_rmse
                 90          0.0158        7.63e-05          0.0158         0.00523         0.00766           0.011          0.0152
Train       # epoch      total_loss     energy_loss     forces_loss      energy_mae     energy_rmse      forces_mae     forces_rmse
                 90          0.0228        0.000979          0.0219            0.03          0.0319          0.0133           0.018


2025-11-20 17:01:08: Training
# epoch      batch      total_loss     energy_loss     forces_loss      energy_mae     energy_rmse      forces_mae     forces_rmse
     91          0          0.0188        6.24e-05          0.0187         0.00811         0.00966           0.013          0.0167
     91         10          0.0198        0.000599          0.0192          0.0285          0.0299          0.0127           0.017
     91         20          0.0206         0.00059            0.02          0.0283          0.0297           0.013          0.0173
     91         30          0.0146        5.25e-05          0.0145         0.00677         0.00886          0.0114          0.0147
     91         40          0.0183        0.000231          0.0181          0.0174          0.0186          0.0128          0.0164
     91         50          0.0386        0.000196          0.0384           0.015          0.0171          0.0168           0.024
     91         60          0.0369         0.00181          0.0351          0.0501          0.0521          0.0161          0.0229
     91         70          0.0386         0.00353           0.035          0.0711          0.0727          0.0159          0.0229
     91         80          0.0402         0.00366          0.0366          0.0698          0.0739          0.0172          0.0234
     91         90          0.0893          0.0165          0.0729           0.157           0.157          0.0239           0.033
     91        100          0.0764         0.00168          0.0748          0.0484          0.0501          0.0245          0.0334
     91        110          0.0815          0.0267          0.0548           0.199             0.2          0.0218          0.0286


2025-11-20 17:01:18: Validating
# epoch      batch      total_loss     energy_loss     forces_loss      energy_mae     energy_rmse      forces_mae     forces_rmse
     91          0          0.0188        0.000203          0.0186         0.00913          0.0174           0.012          0.0167
     91         10          0.0256        2.81e-05          0.0256         0.00552         0.00649          0.0139          0.0196
     91         20          0.0182         2.1e-05          0.0182         0.00448          0.0056          0.0116          0.0165


2025-11-20 17:01:20: Epoch summary:
Validation  # epoch      total_loss     energy_loss     forces_loss      energy_mae     energy_rmse      forces_mae     forces_rmse
                 91          0.0159        7.63e-05          0.0158          0.0051         0.00759           0.011          0.0152
Train       # epoch      total_loss     energy_loss     forces_loss      energy_mae     energy_rmse      forces_mae     forces_rmse
                 91           0.046         0.00733          0.0386          0.0691          0.0708          0.0167          0.0229


2025-11-20 17:01:20: Training
# epoch      batch      total_loss     energy_loss     forces_loss      energy_mae     energy_rmse      forces_mae     forces_rmse
     92          0           0.053           0.017           0.036           0.159           0.159          0.0181          0.0232
     92         10           0.102         0.00841          0.0935           0.109           0.112          0.0263          0.0374
     92         20           0.059           0.025          0.0341           0.193           0.193          0.0166          0.0226
     92         30           0.108         0.00732           0.101           0.102           0.105          0.0248          0.0389
     92         40          0.0512         0.00122            0.05          0.0395          0.0426          0.0193          0.0273
     92         50          0.0209        0.000115          0.0208          0.0118          0.0131          0.0136          0.0176
     92         60          0.0419        0.000192          0.0417          0.0145          0.0169          0.0169           0.025
     92         70          0.0574        0.000651          0.0567          0.0276          0.0312          0.0202          0.0291
     92         80          0.0258        6.33e-05          0.0257         0.00683         0.00973          0.0148          0.0196
     92         90          0.0316        0.000608           0.031          0.0288          0.0301          0.0161          0.0215
     92        100          0.0177        3.08e-05          0.0177         0.00543         0.00679          0.0124          0.0163
     92        110          0.0213        8.86e-05          0.0212          0.0095          0.0115          0.0132          0.0178


2025-11-20 17:01:30: Validating
# epoch      batch      total_loss     energy_loss     forces_loss      energy_mae     energy_rmse      forces_mae     forces_rmse
     92          0          0.0194        0.000234          0.0192         0.00977          0.0187          0.0122          0.0169
     92         10          0.0263        3.14e-05          0.0262          0.0054         0.00685          0.0142          0.0198
     92         20          0.0185        2.44e-05          0.0185          0.0049         0.00604          0.0117          0.0166


2025-11-20 17:01:31: Epoch summary:
Validation  # epoch      total_loss     energy_loss     forces_loss      energy_mae     energy_rmse      forces_mae     forces_rmse
                 92          0.0162        8.19e-05          0.0161         0.00539         0.00795          0.0111          0.0154
Train       # epoch      total_loss     energy_loss     forces_loss      energy_mae     energy_rmse      forces_mae     forces_rmse
                 92          0.0453         0.00467          0.0406          0.0559          0.0583          0.0176          0.0241


2025-11-20 17:01:31: Training
# epoch      batch      total_loss     energy_loss     forces_loss      energy_mae     energy_rmse      forces_mae     forces_rmse
     93          0          0.0178        9.44e-05          0.0177          0.0108          0.0119          0.0126          0.0163
     93         10          0.0161        0.000177          0.0159          0.0149          0.0163          0.0118          0.0154
     93         20          0.0206        0.000459          0.0201          0.0242          0.0262           0.013          0.0173
     93         30          0.0242        4.27e-05          0.0242         0.00563         0.00799          0.0139           0.019
     93         40          0.0264        0.000655          0.0257          0.0303          0.0313          0.0148          0.0196
     93         50           0.036         0.00115          0.0349          0.0394          0.0415          0.0168          0.0228
     93         60          0.0266        0.000227          0.0264          0.0161          0.0184          0.0149          0.0199
     93         70          0.0231        0.000117           0.023          0.0119          0.0132          0.0135          0.0185
     93         80          0.0221        0.000814          0.0213          0.0344          0.0349          0.0134          0.0178
     93         90          0.0241        0.000847          0.0233          0.0336          0.0356          0.0141          0.0187
     93        100          0.0167        5.57e-05          0.0167          0.0078         0.00913          0.0117          0.0158
     93        110          0.0165        0.000395          0.0161          0.0235          0.0243           0.012          0.0155


2025-11-20 17:01:42: Validating
# epoch      batch      total_loss     energy_loss     forces_loss      energy_mae     energy_rmse      forces_mae     forces_rmse
     93          0          0.0196        0.000245          0.0194         0.00975          0.0191          0.0122           0.017
     93         10          0.0258        3.08e-05          0.0258         0.00549         0.00679          0.0141          0.0196
     93         20          0.0179        2.15e-05          0.0179         0.00451         0.00566          0.0115          0.0163


2025-11-20 17:01:43: Epoch summary:
Validation  # epoch      total_loss     energy_loss     forces_loss      energy_mae     energy_rmse      forces_mae     forces_rmse
                 93          0.0161        8.38e-05           0.016         0.00526         0.00789          0.0111          0.0153
Train       # epoch      total_loss     energy_loss     forces_loss      energy_mae     energy_rmse      forces_mae     forces_rmse
                 93          0.0219        0.000429          0.0215          0.0204          0.0224          0.0133          0.0178


2025-11-20 17:01:43: Training
# epoch      batch      total_loss     energy_loss     forces_loss      energy_mae     energy_rmse      forces_mae     forces_rmse
     94          0          0.0192        5.93e-05          0.0191         0.00723         0.00941          0.0127          0.0169
     94         10          0.0273        0.000602          0.0267          0.0291            0.03          0.0151            0.02
     94         20           0.021        0.000409          0.0206           0.024          0.0247           0.013          0.0175
     94         30           0.029        0.000214          0.0288           0.012          0.0179          0.0147          0.0207
     94         40          0.0241        9.56e-05           0.024         0.00892           0.012          0.0138          0.0189
     94         50          0.0168        0.000607          0.0162          0.0296          0.0301          0.0118          0.0156
     94         60          0.0208        0.000164          0.0206          0.0141          0.0157          0.0125          0.0176
     94         70          0.0238        0.000196          0.0236          0.0154          0.0171          0.0139          0.0188
     94         80          0.0294         0.00252          0.0268           0.061          0.0614           0.014            0.02
     94         90          0.0239         0.00108          0.0228          0.0385          0.0401          0.0135          0.0185
     94        100          0.0229        0.000159          0.0227          0.0129          0.0154          0.0133          0.0184
     94        110          0.0307         0.00314          0.0275          0.0682          0.0686          0.0145          0.0203


2025-11-20 17:01:54: Validating
# epoch      batch      total_loss     energy_loss     forces_loss      energy_mae     energy_rmse      forces_mae     forces_rmse
     94          0          0.0196        0.000227          0.0194         0.00963          0.0184          0.0122           0.017
     94         10          0.0255        3.08e-05          0.0255         0.00586         0.00678           0.014          0.0195
     94         20          0.0174        2.61e-05          0.0173         0.00497         0.00624          0.0113          0.0161


2025-11-20 17:01:55: Epoch summary:
Validation  # epoch      total_loss     energy_loss     forces_loss      energy_mae     energy_rmse      forces_mae     forces_rmse
                 94          0.0159        8.42e-05          0.0158          0.0054         0.00798           0.011          0.0152
Train       # epoch      total_loss     energy_loss     forces_loss      energy_mae     energy_rmse      forces_mae     forces_rmse
                 94          0.0249        0.000917           0.024          0.0298          0.0318          0.0138          0.0188


2025-11-20 17:01:55: Training
# epoch      batch      total_loss     energy_loss     forces_loss      energy_mae     energy_rmse      forces_mae     forces_rmse
     95          0          0.0305         0.00243          0.0281          0.0577          0.0603          0.0154          0.0205
     95         10          0.0401          0.0131           0.027            0.14            0.14          0.0148          0.0201
     95         20          0.0651        0.000385          0.0647          0.0178           0.024          0.0226          0.0311
     95         30          0.0474         0.00286          0.0445          0.0651          0.0654          0.0193          0.0258
     95         40          0.0936          0.0372          0.0564           0.236           0.236          0.0217           0.029
     95         50          0.0494          0.0165           0.033           0.156           0.157          0.0162          0.0222
     95         60          0.0364          0.0152          0.0212            0.15           0.151          0.0136          0.0178
     95         70          0.0362         0.00673          0.0295          0.0996             0.1          0.0153           0.021
     95         80          0.0766          0.0182          0.0585           0.163           0.165          0.0202          0.0296
     95         90           0.037         0.00413          0.0329          0.0778          0.0786          0.0172          0.0222
     95        100          0.0328         0.00166          0.0311           0.049          0.0499          0.0159          0.0216
     95        110          0.0267        0.000829          0.0259          0.0331          0.0352          0.0144          0.0197


2025-11-20 17:02:06: Validating
# epoch      batch      total_loss     energy_loss     forces_loss      energy_mae     energy_rmse      forces_mae     forces_rmse
     95          0          0.0195        0.000249          0.0193          0.0105          0.0193          0.0122           0.017
     95         10          0.0261         2.6e-05          0.0261          0.0053         0.00623          0.0142          0.0198
     95         20          0.0176        2.48e-05          0.0176         0.00499         0.00609          0.0115          0.0162


2025-11-20 17:02:08: Epoch summary:
Validation  # epoch      total_loss     energy_loss     forces_loss      energy_mae     energy_rmse      forces_mae     forces_rmse
                 95           0.016        8.88e-05          0.0159         0.00541         0.00805           0.011          0.0153
Train       # epoch      total_loss     energy_loss     forces_loss      energy_mae     energy_rmse      forces_mae     forces_rmse
                 95          0.0511          0.0128          0.0384           0.113           0.115          0.0172          0.0235


2025-11-20 17:02:08: Training
# epoch      batch      total_loss     energy_loss     forces_loss      energy_mae     energy_rmse      forces_mae     forces_rmse
     96          0          0.0191        0.000166          0.0189          0.0136          0.0157          0.0125          0.0168
     96         10          0.0188        0.000878          0.0179          0.0347          0.0362          0.0125          0.0164
     96         20          0.0192        4.22e-05          0.0192         0.00543         0.00794          0.0124          0.0169
     96         30          0.0347         0.00041          0.0343          0.0214          0.0248          0.0162          0.0226
     96         40          0.0243        0.000129          0.0242          0.0121          0.0139          0.0141           0.019
     96         50          0.0208        0.000203          0.0206          0.0166          0.0174          0.0135          0.0176
     96         60           0.022         0.00063          0.0214          0.0303          0.0307          0.0131          0.0179
     96         70          0.0191        0.000224          0.0188          0.0141          0.0183          0.0128          0.0168
     96         80          0.0161        0.000608          0.0155          0.0298          0.0301          0.0114          0.0152
     96         90          0.0198         0.00058          0.0193          0.0275          0.0295          0.0124           0.017
     96        100          0.0191        0.000691          0.0184          0.0307          0.0321          0.0124          0.0166
     96        110          0.0316        0.000101          0.0315          0.0094          0.0123          0.0144          0.0217


2025-11-20 17:02:19: Validating
# epoch      batch      total_loss     energy_loss     forces_loss      energy_mae     energy_rmse      forces_mae     forces_rmse
     96          0          0.0197        0.000244          0.0195          0.0101          0.0191          0.0123          0.0171
     96         10          0.0265        2.53e-05          0.0265         0.00533         0.00615          0.0142          0.0199
     96         20          0.0176           2e-05          0.0175         0.00447         0.00547          0.0115          0.0162


2025-11-20 17:02:20: Epoch summary:
Validation  # epoch      total_loss     energy_loss     forces_loss      energy_mae     energy_rmse      forces_mae     forces_rmse
                 96          0.0158        8.45e-05          0.0157         0.00518          0.0078           0.011          0.0152
Train       # epoch      total_loss     energy_loss     forces_loss      energy_mae     energy_rmse      forces_mae     forces_rmse
                 96           0.022        0.000411          0.0216          0.0202          0.0224          0.0132          0.0179


2025-11-20 17:02:20: Training
# epoch      batch      total_loss     energy_loss     forces_loss      energy_mae     energy_rmse      forces_mae     forces_rmse
     97          0          0.0252        3.65e-05          0.0252         0.00559         0.00739          0.0146          0.0194
     97         10          0.0252        0.000988          0.0243          0.0367          0.0384          0.0139           0.019
     97         20           0.015        1.34e-05           0.015         0.00345         0.00447          0.0113           0.015
     97         30          0.0206        0.000889          0.0197          0.0358          0.0365           0.013          0.0172
     97         40          0.0208        6.73e-05          0.0207         0.00877            0.01           0.013          0.0176
     97         50          0.0245        9.15e-05          0.0245         0.00924          0.0117          0.0141          0.0191
     97         60          0.0195         0.00112          0.0184          0.0404           0.041          0.0127          0.0166
     97         70          0.0252        0.000571          0.0247          0.0274          0.0292          0.0138          0.0192
     97         80          0.0313        0.000235           0.031          0.0169          0.0187          0.0159          0.0215
     97         90          0.0182        3.35e-05          0.0182         0.00564         0.00707          0.0122          0.0165
     97        100          0.0222         0.00109          0.0211          0.0399          0.0405           0.013          0.0178
     97        110          0.0219        0.000629          0.0212          0.0301          0.0307          0.0133          0.0178


2025-11-20 17:02:31: Validating
# epoch      batch      total_loss     energy_loss     forces_loss      energy_mae     energy_rmse      forces_mae     forces_rmse
     97          0          0.0192        0.000225           0.019         0.00983          0.0183          0.0121          0.0169
     97         10          0.0265        2.16e-05          0.0264         0.00484         0.00569          0.0142          0.0199
     97         20          0.0176        2.47e-05          0.0175         0.00488         0.00607          0.0115          0.0162


2025-11-20 17:02:32: Epoch summary:
Validation  # epoch      total_loss     energy_loss     forces_loss      energy_mae     energy_rmse      forces_mae     forces_rmse
                 97          0.0157        8.08e-05          0.0156         0.00513         0.00769          0.0109          0.0151
Train       # epoch      total_loss     energy_loss     forces_loss      energy_mae     energy_rmse      forces_mae     forces_rmse
                 97          0.0255         0.00079          0.0247          0.0274          0.0297          0.0139           0.019


2025-11-20 17:02:32: Training
# epoch      batch      total_loss     energy_loss     forces_loss      energy_mae     energy_rmse      forces_mae     forces_rmse
     98          0          0.0369         0.00159          0.0353          0.0336          0.0487          0.0163           0.023
     98         10          0.0231        0.000102           0.023          0.0108          0.0124          0.0139          0.0186
     98         20          0.0233        0.000172          0.0231          0.0149           0.016           0.014          0.0186
     98         30          0.0225        8.53e-05          0.0224         0.00939          0.0113          0.0134          0.0183
     98         40          0.0184        7.08e-05          0.0183         0.00842          0.0103          0.0125          0.0166
     98         50          0.0188         0.00147          0.0173          0.0459          0.0469           0.012          0.0161
     98         60          0.0209        0.000559          0.0203          0.0284          0.0289          0.0129          0.0174
     98         70          0.0202        0.000614          0.0196          0.0294          0.0303           0.013          0.0171
     98         80          0.0205        9.95e-05          0.0204          0.0104          0.0122          0.0131          0.0175
     98         90          0.0171         0.00049          0.0166          0.0266          0.0271          0.0122          0.0158
     98        100          0.0288        0.000199          0.0286          0.0142          0.0172           0.015          0.0207
     98        110          0.0201         0.00105          0.0191          0.0383          0.0396          0.0127          0.0169


2025-11-20 17:02:42: Validating
# epoch      batch      total_loss     energy_loss     forces_loss      energy_mae     energy_rmse      forces_mae     forces_rmse
     98          0           0.019        0.000213          0.0188          0.0095          0.0179          0.0121          0.0168
     98         10          0.0259        2.44e-05          0.0259          0.0051         0.00604           0.014          0.0197
     98         20          0.0169        2.32e-05          0.0168         0.00471         0.00589          0.0112          0.0159


2025-11-20 17:02:43: Epoch summary:
Validation  # epoch      total_loss     energy_loss     forces_loss      energy_mae     energy_rmse      forces_mae     forces_rmse
                 98          0.0154        7.84e-05          0.0153         0.00503         0.00758          0.0108           0.015
Train       # epoch      total_loss     energy_loss     forces_loss      energy_mae     energy_rmse      forces_mae     forces_rmse
                 98          0.0217        0.000655          0.0211          0.0248          0.0269          0.0131          0.0177


2025-11-20 17:02:43: Training
# epoch      batch      total_loss     energy_loss     forces_loss      energy_mae     energy_rmse      forces_mae     forces_rmse
     99          0          0.0209         0.00118          0.0197          0.0416           0.042          0.0128          0.0172
     99         10          0.0131        0.000164          0.0129          0.0145          0.0157          0.0105          0.0139
     99         20          0.0172         0.00134          0.0158           0.044          0.0448          0.0114          0.0154
     99         30          0.0203        0.000559          0.0197          0.0112          0.0289          0.0131          0.0172
     99         40          0.0136        9.11e-05          0.0135          0.0105          0.0117          0.0108          0.0142
     99         50          0.0165        1.56e-05          0.0165         0.00404         0.00483           0.012          0.0157
     99         60          0.0199        8.56e-05          0.0198         0.00856          0.0113           0.013          0.0172
     99         70          0.0181         0.00125          0.0168          0.0427          0.0432          0.0121          0.0158
     99         80          0.0181         0.00265          0.0155          0.0627          0.0629          0.0112          0.0152
     99         90          0.0177         0.00177          0.0159          0.0511          0.0515          0.0118          0.0154
     99        100          0.0198         0.00121          0.0186          0.0419          0.0425          0.0125          0.0167
     99        110          0.0155        0.000537           0.015          0.0233          0.0283          0.0112           0.015


2025-11-20 17:02:54: Validating
# epoch      batch      total_loss     energy_loss     forces_loss      energy_mae     energy_rmse      forces_mae     forces_rmse
     99          0          0.0193        0.000212          0.0191          0.0095          0.0178          0.0121          0.0169
     99         10          0.0255        2.16e-05          0.0255         0.00509         0.00569           0.014          0.0195
     99         20          0.0167        2.35e-05          0.0167         0.00464         0.00593          0.0112          0.0158


2025-11-20 17:02:55: Epoch summary:
Validation  # epoch      total_loss     energy_loss     forces_loss      energy_mae     energy_rmse      forces_mae     forces_rmse
                 99          0.0153        7.95e-05          0.0152         0.00509         0.00761          0.0108          0.0149
Train       # epoch      total_loss     energy_loss     forces_loss      energy_mae     energy_rmse      forces_mae     forces_rmse
                 99          0.0178        0.000796           0.017          0.0265          0.0284          0.0119          0.0159


2025-11-20 17:02:55: Training
# epoch      batch      total_loss     energy_loss     forces_loss      energy_mae     energy_rmse      forces_mae     forces_rmse
    100          0          0.0172        0.000386          0.0169          0.0228           0.024          0.0117          0.0159
    100         10           0.017         0.00141          0.0156          0.0453          0.0459          0.0112          0.0153
    100         20          0.0152        0.000478          0.0147          0.0256          0.0267          0.0113          0.0149
    100         30          0.0132        0.000381          0.0128          0.0187          0.0239          0.0101          0.0138
    100         40          0.0238        9.91e-05          0.0237          0.0102          0.0122          0.0141          0.0188
    100         50          0.0303         0.00117          0.0291          0.0401          0.0418          0.0156          0.0209
    100         60          0.0275        0.000192          0.0273          0.0151           0.017          0.0148          0.0202
    100         70          0.0241        4.02e-05          0.0241         0.00648         0.00775          0.0147           0.019
    100         80          0.0205        0.000263          0.0202         0.00889          0.0198          0.0132          0.0174
    100         90          0.0354         0.00194          0.0335          0.0524          0.0538          0.0164          0.0224
    100        100          0.0272        0.000601          0.0266          0.0264            0.03          0.0147          0.0199
    100        110           0.028        0.000817          0.0271          0.0329           0.035          0.0149          0.0201


2025-11-20 17:03:06: Validating
# epoch      batch      total_loss     energy_loss     forces_loss      energy_mae     energy_rmse      forces_mae     forces_rmse
    100          0            0.02         0.00022          0.0198          0.0094          0.0181          0.0123          0.0172
    100         10          0.0254         2.4e-05          0.0254         0.00515         0.00599           0.014          0.0195
    100         20          0.0167         2.2e-05          0.0167         0.00447         0.00573          0.0112          0.0158


2025-11-20 17:03:07: Epoch summary:
Validation  # epoch      total_loss     energy_loss     forces_loss      energy_mae     energy_rmse      forces_mae     forces_rmse
                100          0.0154        8.13e-05          0.0153         0.00506         0.00763          0.0108           0.015
Train       # epoch      total_loss     energy_loss     forces_loss      energy_mae     energy_rmse      forces_mae     forces_rmse
                100          0.0274        0.000916          0.0265          0.0293          0.0315          0.0141          0.0194


2025-11-20 17:03:07: Training
# epoch      batch      total_loss     energy_loss     forces_loss      energy_mae     energy_rmse      forces_mae     forces_rmse
    101          0          0.0245         0.00289          0.0216          0.0653          0.0657          0.0132           0.018
    101         10          0.0329        0.000167          0.0327          0.0114          0.0158          0.0159          0.0221
    101         20          0.0262           0.003          0.0232          0.0663          0.0669          0.0139          0.0186
    101         30          0.0327          0.0063          0.0264          0.0958          0.0971          0.0148          0.0199
    101         40          0.0582          0.0009          0.0573          0.0334          0.0367          0.0203          0.0293
    101         50          0.0473         0.00119          0.0461          0.0393          0.0422          0.0169          0.0263
    101         60          0.0265        0.000529           0.026          0.0255          0.0281          0.0148          0.0197
    101         70          0.0264        0.000151          0.0263           0.013           0.015          0.0145          0.0198
    101         80          0.0193        0.000192          0.0192         0.00908           0.017          0.0125          0.0169
    101         90          0.0203        0.000408          0.0199          0.0233          0.0247          0.0128          0.0172
    101        100          0.0217         0.00094          0.0208           0.036          0.0375          0.0129          0.0176
    101        110          0.0257        0.000627           0.025            0.03          0.0306          0.0148          0.0193


2025-11-20 17:03:19: Validating
# epoch      batch      total_loss     energy_loss     forces_loss      energy_mae     energy_rmse      forces_mae     forces_rmse
    101          0          0.0195        0.000213          0.0193         0.00937          0.0178          0.0121           0.017
    101         10          0.0247        3.07e-05          0.0247         0.00523         0.00677          0.0137          0.0192
    101         20          0.0174        2.12e-05          0.0174         0.00443         0.00563          0.0113          0.0161


2025-11-20 17:03:20: Epoch summary:
Validation  # epoch      total_loss     energy_loss     forces_loss      energy_mae     energy_rmse      forces_mae     forces_rmse
                101          0.0154        8.23e-05          0.0153         0.00529         0.00786          0.0108           0.015
Train       # epoch      total_loss     energy_loss     forces_loss      energy_mae     energy_rmse      forces_mae     forces_rmse
                101          0.0265         0.00121          0.0253          0.0322          0.0343          0.0141          0.0193


2025-11-20 17:03:20: Training
# epoch      batch      total_loss     energy_loss     forces_loss      energy_mae     energy_rmse      forces_mae     forces_rmse
    102          0          0.0165         0.00111          0.0154          0.0403          0.0407          0.0112          0.0152
    102         10          0.0259         0.00147          0.0245          0.0466          0.0469          0.0146          0.0191
    102         20          0.0251         5.3e-05          0.0251         0.00717          0.0089          0.0145          0.0194
    102         30          0.0165        4.66e-05          0.0164         0.00696         0.00835          0.0116          0.0157
    102         40          0.0124        0.000247          0.0122          0.0188          0.0192         0.00996          0.0135
    102         50          0.0167        4.06e-05          0.0167         0.00673         0.00779          0.0117          0.0158
    102         60          0.0241         0.00493          0.0192          0.0857          0.0859          0.0127          0.0169
    102         70          0.0216        0.000189          0.0214          0.0159          0.0168          0.0134          0.0179
    102         80          0.0154        0.000104          0.0153          0.0101          0.0125          0.0111          0.0151
    102         90          0.0197        0.000305          0.0194          0.0205          0.0214          0.0127           0.017
    102        100          0.0198        0.000167          0.0197          0.0142          0.0158          0.0128          0.0172
    102        110          0.0219        0.000138          0.0218          0.0133          0.0144          0.0134          0.0181


2025-11-20 17:03:31: Validating
# epoch      batch      total_loss     energy_loss     forces_loss      energy_mae     energy_rmse      forces_mae     forces_rmse
    102          0          0.0192        0.000215           0.019          0.0094          0.0179           0.012          0.0169
    102         10          0.0249        3.32e-05          0.0249         0.00538         0.00704          0.0138          0.0193
    102         20          0.0169        2.31e-05          0.0168         0.00474         0.00588          0.0112          0.0159


2025-11-20 17:03:32: Epoch summary:
Validation  # epoch      total_loss     energy_loss     forces_loss      energy_mae     energy_rmse      forces_mae     forces_rmse
                102          0.0153        8.32e-05          0.0152         0.00538         0.00795          0.0107          0.0149
Train       # epoch      total_loss     energy_loss     forces_loss      energy_mae     energy_rmse      forces_mae     forces_rmse
                102          0.0219        0.000674          0.0212          0.0254          0.0276          0.0131          0.0176


2025-11-20 17:03:32: Training
# epoch      batch      total_loss     energy_loss     forces_loss      energy_mae     energy_rmse      forces_mae     forces_rmse
    103          0          0.0307         0.00045          0.0303           0.015          0.0259          0.0161          0.0213
    103         10          0.0215        0.000996          0.0205          0.0379          0.0386          0.0133          0.0175
    103         20          0.0282         0.00215          0.0261          0.0556          0.0567          0.0146          0.0197
    103         30          0.0568         0.00391          0.0529          0.0738          0.0764          0.0198          0.0281
    103         40          0.0533          0.0047          0.0486          0.0831          0.0838          0.0176          0.0269
    103         50          0.0366         0.00382          0.0328          0.0751          0.0756          0.0162          0.0221
    103         60          0.0544         0.00913          0.0452           0.116           0.117          0.0183           0.026
    103         70            0.12         0.00635           0.114          0.0925          0.0974          0.0263          0.0412
    103         80            0.13         0.00291           0.127          0.0621           0.066          0.0286          0.0436
    103         90           0.106         0.00496           0.101          0.0839          0.0861          0.0288          0.0389
    103        100          0.0721        0.000468          0.0716          0.0222          0.0264           0.024          0.0327
    103        110          0.0673         0.00137          0.0659          0.0428          0.0453          0.0232          0.0314


2025-11-20 17:03:43: Validating
# epoch      batch      total_loss     energy_loss     forces_loss      energy_mae     energy_rmse      forces_mae     forces_rmse
    103          0          0.0194        0.000246          0.0192          0.0104          0.0192          0.0122          0.0169
    103         10          0.0251        3.28e-05          0.0251         0.00493           0.007           0.014          0.0194
    103         20           0.017        3.77e-05           0.017         0.00614         0.00751          0.0112          0.0159


2025-11-20 17:03:44: Epoch summary:
Validation  # epoch      total_loss     energy_loss     forces_loss      energy_mae     energy_rmse      forces_mae     forces_rmse
                103          0.0155        9.22e-05          0.0154         0.00617          0.0087          0.0108           0.015
Train       # epoch      total_loss     energy_loss     forces_loss      energy_mae     energy_rmse      forces_mae     forces_rmse
                103          0.0666         0.00396          0.0626          0.0607          0.0635          0.0207          0.0292


2025-11-20 17:03:44: Training
# epoch      batch      total_loss     energy_loss     forces_loss      energy_mae     energy_rmse      forces_mae     forces_rmse
    104          0          0.0628        0.000477          0.0623          0.0216          0.0267          0.0228          0.0305
    104         10          0.0438         0.00041          0.0434          0.0226          0.0248          0.0194          0.0255
    104         20          0.0265        0.000447           0.026          0.0245          0.0258           0.015          0.0197
    104         30          0.0238         0.00031          0.0235          0.0193          0.0215          0.0138          0.0187
    104         40           0.027        0.000373          0.0267          0.0202          0.0236          0.0138            0.02
    104         50          0.0197         0.00212          0.0176          0.0557          0.0563          0.0125          0.0162
    104         60          0.0232         0.00288          0.0203          0.0641          0.0656          0.0133          0.0174
    104         70          0.0131        6.75e-05          0.0131         0.00808            0.01          0.0108           0.014
    104         80          0.0189        0.000247          0.0186          0.0179          0.0192          0.0127          0.0167
    104         90          0.0226        0.000491          0.0221          0.0254          0.0271          0.0137          0.0182
    104        100          0.0185        0.000174          0.0183          0.0148          0.0161          0.0124          0.0165
    104        110          0.0139        0.000366          0.0136          0.0225          0.0234          0.0107          0.0142


2025-11-20 17:03:56: Validating
# epoch      batch      total_loss     energy_loss     forces_loss      energy_mae     energy_rmse      forces_mae     forces_rmse
    104          0          0.0196        0.000243          0.0194          0.0105          0.0191          0.0123           0.017
    104         10          0.0256        2.36e-05          0.0256         0.00455         0.00594           0.014          0.0196
    104         20          0.0173        3.14e-05          0.0173         0.00563         0.00685          0.0113          0.0161


2025-11-20 17:03:57: Epoch summary:
Validation  # epoch      total_loss     energy_loss     forces_loss      energy_mae     energy_rmse      forces_mae     forces_rmse
                104          0.0154        8.87e-05          0.0154         0.00597         0.00845          0.0108           0.015
Train       # epoch      total_loss     energy_loss     forces_loss      energy_mae     energy_rmse      forces_mae     forces_rmse
                104          0.0252        0.000881          0.0243          0.0295          0.0313          0.0139          0.0185


2025-11-20 17:03:57: Training
# epoch      batch      total_loss     energy_loss     forces_loss      energy_mae     energy_rmse      forces_mae     forces_rmse
    105          0           0.018         0.00116          0.0169          0.0409          0.0417           0.012          0.0159
    105         10          0.0352        0.000142           0.035          0.0128          0.0146          0.0144          0.0229
    105         20          0.0129        3.52e-05          0.0128         0.00601         0.00726          0.0106          0.0138
    105         30          0.0167         0.00073           0.016          0.0153           0.033          0.0116          0.0154
    105         40          0.0171         5.1e-05           0.017         0.00655         0.00873          0.0117           0.016
    105         50          0.0145        0.000582           0.014          0.0288          0.0295          0.0109          0.0144
    105         60           0.016           0.002           0.014          0.0545          0.0547          0.0108          0.0144
    105         70          0.0143        0.000234          0.0141          0.0168          0.0187          0.0111          0.0145
    105         80          0.0127         0.00113          0.0116          0.0404          0.0411         0.00991          0.0132
    105         90          0.0158        0.000601          0.0152          0.0292            0.03          0.0114          0.0151
    105        100           0.015        7.96e-05          0.0149         0.00759          0.0109          0.0111          0.0149
    105        110          0.0218         0.00666          0.0151          0.0996          0.0998          0.0112           0.015


2025-11-20 17:04:09: Validating
# epoch      batch      total_loss     energy_loss     forces_loss      energy_mae     energy_rmse      forces_mae     forces_rmse
    105          0          0.0192         0.00023           0.019         0.00988          0.0185          0.0121          0.0169
    105         10          0.0251         2.5e-05          0.0251         0.00508         0.00612          0.0139          0.0194
    105         20           0.018        2.42e-05           0.018         0.00481         0.00602          0.0113          0.0164


2025-11-20 17:04:10: Epoch summary:
Validation  # epoch      total_loss     energy_loss     forces_loss      energy_mae     energy_rmse      forces_mae     forces_rmse
                105          0.0152        8.46e-05          0.0151         0.00549         0.00804          0.0107          0.0149
Train       # epoch      total_loss     energy_loss     forces_loss      energy_mae     energy_rmse      forces_mae     forces_rmse
                105          0.0159        0.000669          0.0152          0.0244          0.0261          0.0112           0.015


2025-11-20 17:04:10: Training
# epoch      batch      total_loss     energy_loss     forces_loss      energy_mae     energy_rmse      forces_mae     forces_rmse
    106          0          0.0194         0.00388          0.0155           0.076          0.0762          0.0114          0.0152
    106         10          0.0222          0.0022            0.02           0.057          0.0573          0.0127          0.0173
    106         20          0.0175        0.000537           0.017          0.0276          0.0283          0.0117          0.0159
    106         30          0.0114        8.17e-05          0.0113         0.00858          0.0111            0.01           0.013
    106         40           0.013        3.47e-05          0.0129         0.00581         0.00721          0.0103          0.0139
    106         50          0.0171        0.000247          0.0169          0.0183          0.0192          0.0115          0.0159
    106         60          0.0161        8.62e-05           0.016          0.0101          0.0114          0.0116          0.0155
    106         70          0.0182        0.000471          0.0178          0.0247          0.0265          0.0123          0.0163
    106         80          0.0158         0.00026          0.0156          0.0191          0.0197          0.0115          0.0153
    106         90          0.0182        0.000119          0.0181          0.0121          0.0133          0.0118          0.0164
    106        100          0.0257        6.63e-05          0.0256         0.00751         0.00995          0.0143          0.0196
    106        110          0.0347        0.000539          0.0341          0.0196          0.0284          0.0166          0.0226


2025-11-20 17:04:21: Validating
# epoch      batch      total_loss     energy_loss     forces_loss      energy_mae     energy_rmse      forces_mae     forces_rmse
    106          0          0.0192        0.000221           0.019         0.00978          0.0182          0.0121          0.0169
    106         10          0.0256        2.62e-05          0.0256         0.00544         0.00626           0.014          0.0196
    106         20          0.0179        2.58e-05          0.0178         0.00479         0.00622          0.0113          0.0163


2025-11-20 17:04:22: Epoch summary:
Validation  # epoch      total_loss     energy_loss     forces_loss      energy_mae     energy_rmse      forces_mae     forces_rmse
                106          0.0151        8.28e-05          0.0151         0.00531         0.00789          0.0107          0.0148
Train       # epoch      total_loss     energy_loss     forces_loss      energy_mae     energy_rmse      forces_mae     forces_rmse
                106          0.0187          0.0012          0.0175          0.0325          0.0343          0.0119          0.0161


2025-11-20 17:04:22: Training
# epoch      batch      total_loss     energy_loss     forces_loss      energy_mae     energy_rmse      forces_mae     forces_rmse
    107          0          0.0201        0.000162            0.02          0.0106          0.0156          0.0131          0.0173
    107         10          0.0213        8.43e-05          0.0212         0.00964          0.0112          0.0137          0.0178
    107         20           0.022        0.000693          0.0213          0.0314          0.0322          0.0133          0.0178
    107         30          0.0296        0.000685          0.0289          0.0304           0.032           0.015          0.0208
    107         40          0.0493         0.00378          0.0455          0.0715          0.0752          0.0182          0.0261
    107         50          0.0403          0.0016          0.0387          0.0472          0.0489          0.0173          0.0241
    107         60          0.0221         0.00172          0.0204          0.0498          0.0507          0.0134          0.0175
    107         70          0.0295         0.00138          0.0281          0.0443          0.0455          0.0149          0.0205
    107         80          0.0201         0.00014          0.0199          0.0137          0.0145          0.0127          0.0173
    107         90          0.0189          0.0023          0.0166          0.0584          0.0586          0.0121          0.0158
    107        100          0.0291          0.0077          0.0214           0.107           0.107          0.0136          0.0179
    107        110          0.0225        0.000308          0.0222           0.013          0.0214          0.0135          0.0182


2025-11-20 17:04:34: Validating
# epoch      batch      total_loss     energy_loss     forces_loss      energy_mae     energy_rmse      forces_mae     forces_rmse
    107          0          0.0196         0.00026          0.0194          0.0104          0.0197          0.0122           0.017
    107         10          0.0262        2.86e-05          0.0261         0.00567         0.00654           0.014          0.0198
    107         20          0.0175        2.66e-05          0.0175         0.00483          0.0063          0.0112          0.0162


2025-11-20 17:04:35: Epoch summary:
Validation  # epoch      total_loss     energy_loss     forces_loss      energy_mae     energy_rmse      forces_mae     forces_rmse
                107          0.0152        8.56e-05          0.0151         0.00555         0.00823          0.0107          0.0149
Train       # epoch      total_loss     energy_loss     forces_loss      energy_mae     energy_rmse      forces_mae     forces_rmse
                107          0.0284          0.0014           0.027          0.0357          0.0379          0.0145          0.0198


2025-11-20 17:04:35: Training
# epoch      batch      total_loss     energy_loss     forces_loss      energy_mae     energy_rmse      forces_mae     forces_rmse
    108          0          0.0304        0.000116          0.0303          0.0109          0.0132          0.0161          0.0213
    108         10          0.0325         0.00283          0.0296          0.0645          0.0651          0.0154           0.021
    108         20          0.0271         0.00176          0.0253          0.0498          0.0513          0.0148          0.0195
    108         30          0.0267          0.0016          0.0251          0.0478          0.0489          0.0146          0.0194
    108         40          0.0184        4.38e-05          0.0183         0.00647         0.00809          0.0122          0.0166
    108         50           0.023         0.00192          0.0211          0.0483          0.0536          0.0134          0.0178
    108         60          0.0164         0.00119          0.0153          0.0414          0.0423          0.0115          0.0151
    108         70          0.0208          0.0002          0.0206          0.0142          0.0173          0.0128          0.0176
    108         80          0.0206        0.000128          0.0205          0.0117          0.0138          0.0131          0.0175
    108         90          0.0217         0.00111          0.0206          0.0275          0.0407          0.0129          0.0175
    108        100          0.0154         3.1e-05          0.0154         0.00537         0.00681          0.0116          0.0152
    108        110           0.018        0.000452          0.0175          0.0249           0.026          0.0117          0.0162


2025-11-20 17:04:46: Validating
# epoch      batch      total_loss     energy_loss     forces_loss      energy_mae     energy_rmse      forces_mae     forces_rmse
    108          0          0.0193        0.000233           0.019         0.00988          0.0187          0.0121          0.0169
    108         10          0.0259        2.47e-05          0.0258          0.0054         0.00608           0.014          0.0197
    108         20          0.0176        2.42e-05          0.0175         0.00472         0.00601          0.0112          0.0162


2025-11-20 17:04:47: Epoch summary:
Validation  # epoch      total_loss     energy_loss     forces_loss      energy_mae     energy_rmse      forces_mae     forces_rmse
                108          0.0152        8.23e-05          0.0151          0.0053         0.00789          0.0107          0.0149
Train       # epoch      total_loss     energy_loss     forces_loss      energy_mae     energy_rmse      forces_mae     forces_rmse
                108          0.0212         0.00107          0.0201          0.0312          0.0329          0.0128          0.0172


2025-11-20 17:04:47: Training
# epoch      batch      total_loss     energy_loss     forces_loss      energy_mae     energy_rmse      forces_mae     forces_rmse
    109          0          0.0181         6.2e-05           0.018         0.00888         0.00963           0.012          0.0164
    109         10          0.0148        0.000336          0.0145          0.0217          0.0224          0.0111          0.0147
    109         20          0.0158        0.000352          0.0155          0.0206          0.0229           0.011          0.0152
    109         30          0.0157          0.0019          0.0138          0.0529          0.0533           0.011          0.0144
    109         40          0.0173         4.5e-05          0.0173         0.00607         0.00821          0.0123          0.0161
    109         50          0.0135        0.000979          0.0125          0.0376          0.0383          0.0101          0.0137
    109         60           0.016         0.00245          0.0135          0.0603          0.0606          0.0108          0.0142
    109         70           0.016         0.00145          0.0145          0.0462          0.0466           0.011          0.0147
    109         80          0.0194        7.16e-05          0.0193         0.00929          0.0103          0.0125           0.017
    109         90          0.0153        6.42e-05          0.0153          0.0081          0.0098          0.0114          0.0151
    109        100          0.0241        0.000815          0.0232           0.034          0.0349          0.0136          0.0186
    109        110           0.056        0.000502          0.0555          0.0245          0.0274          0.0194          0.0288


2025-11-20 17:04:58: Validating
# epoch      batch      total_loss     energy_loss     forces_loss      energy_mae     energy_rmse      forces_mae     forces_rmse
    109          0          0.0188        0.000218          0.0186         0.00979          0.0181          0.0118          0.0167
    109         10          0.0256         2.5e-05          0.0256         0.00538         0.00611          0.0138          0.0195
    109         20          0.0174        2.33e-05          0.0174         0.00443          0.0059          0.0111          0.0161


2025-11-20 17:05:00: Epoch summary:
Validation  # epoch      total_loss     energy_loss     forces_loss      energy_mae     energy_rmse      forces_mae     forces_rmse
                109           0.015        7.94e-05          0.0149         0.00508         0.00765          0.0106          0.0148
Train       # epoch      total_loss     energy_loss     forces_loss      energy_mae     energy_rmse      forces_mae     forces_rmse
                109          0.0194        0.000787          0.0186          0.0263          0.0283          0.0121          0.0164


2025-11-20 17:05:00: Training
# epoch      batch      total_loss     energy_loss     forces_loss      energy_mae     energy_rmse      forces_mae     forces_rmse
    110          0          0.0473        0.000621          0.0467          0.0267          0.0305          0.0191          0.0264
    110         10          0.0284        0.000121          0.0283          0.0111          0.0134          0.0153          0.0206
    110         20           0.024        0.000822          0.0232          0.0336          0.0351          0.0139          0.0186
    110         30          0.0186        4.76e-05          0.0186         0.00674         0.00844          0.0126          0.0167
    110         40          0.0182        2.94e-05          0.0182          0.0057         0.00664          0.0125          0.0165
    110         50          0.0291        0.000325          0.0287          0.0206           0.022          0.0147          0.0207
    110         60          0.0365         0.00248           0.034          0.0605           0.061          0.0151          0.0225
    110         70          0.0372         0.00419           0.033          0.0789          0.0792          0.0161          0.0222
    110         80          0.0802        0.000586          0.0796          0.0252          0.0296          0.0245          0.0345
    110         90          0.0359         0.00478          0.0311          0.0837          0.0846          0.0163          0.0216
    110        100          0.0197         0.00107          0.0186          0.0386          0.0399          0.0125          0.0167
    110        110          0.0374         0.00144          0.0359          0.0233          0.0463          0.0171          0.0232


2025-11-20 17:05:11: Validating
# epoch      batch      total_loss     energy_loss     forces_loss      energy_mae     energy_rmse      forces_mae     forces_rmse
    110          0          0.0189        0.000234          0.0187         0.00991          0.0187           0.012          0.0167
    110         10          0.0257        2.21e-05          0.0256         0.00493         0.00575          0.0139          0.0196
    110         20          0.0178        2.69e-05          0.0178         0.00493         0.00634          0.0112          0.0163


2025-11-20 17:05:12: Epoch summary:
Validation  # epoch      total_loss     energy_loss     forces_loss      energy_mae     energy_rmse      forces_mae     forces_rmse
                110           0.015        8.35e-05          0.0149         0.00528         0.00784          0.0106          0.0148
Train       # epoch      total_loss     energy_loss     forces_loss      energy_mae     energy_rmse      forces_mae     forces_rmse
                110          0.0325         0.00134          0.0312          0.0355          0.0379          0.0157          0.0213


2025-11-20 17:05:12: Training
# epoch      batch      total_loss     energy_loss     forces_loss      energy_mae     energy_rmse      forces_mae     forces_rmse
    111          0          0.0211        0.000382          0.0208          0.0219          0.0239          0.0134          0.0176
    111         10          0.0173         4.1e-05          0.0173          0.0066         0.00783          0.0121          0.0161
    111         20          0.0181        0.000912          0.0172           0.036          0.0369          0.0119           0.016
    111         30          0.0171        0.000582          0.0165          0.0289          0.0295          0.0121          0.0157
    111         40          0.0201        9.91e-05            0.02         0.00904          0.0122          0.0133          0.0173
    111         50          0.0206         0.00061            0.02          0.0295          0.0302          0.0127          0.0173
    111         60          0.0295        0.000905          0.0286          0.0349          0.0368           0.015          0.0207
    111         70           0.025         0.00153          0.0235          0.0467          0.0479          0.0138          0.0187
    111         80          0.0185         0.00041          0.0181          0.0234          0.0248          0.0127          0.0165
    111         90          0.0306         0.00263           0.028          0.0618          0.0627           0.015          0.0204
    111        100          0.0327         0.00467           0.028          0.0806          0.0835          0.0149          0.0205
    111        110           0.033         0.00361          0.0294          0.0727          0.0734          0.0151           0.021


2025-11-20 17:05:23: Validating
# epoch      batch      total_loss     energy_loss     forces_loss      energy_mae     energy_rmse      forces_mae     forces_rmse
    111          0          0.0193        0.000238          0.0191          0.0102          0.0188          0.0121          0.0169
    111         10          0.0258        2.33e-05          0.0258         0.00515          0.0059           0.014          0.0196
    111         20          0.0176        2.36e-05          0.0176         0.00477         0.00594          0.0113          0.0162


2025-11-20 17:05:25: Epoch summary:
Validation  # epoch      total_loss     energy_loss     forces_loss      energy_mae     energy_rmse      forces_mae     forces_rmse
                111           0.015        8.22e-05          0.0149         0.00521         0.00777          0.0106          0.0148
Train       # epoch      total_loss     energy_loss     forces_loss      energy_mae     energy_rmse      forces_mae     forces_rmse
                111          0.0246         0.00113          0.0234          0.0333          0.0355          0.0137          0.0186


2025-11-20 17:05:25: Training
# epoch      batch      total_loss     energy_loss     forces_loss      energy_mae     energy_rmse      forces_mae     forces_rmse
    112          0          0.0384          0.0058          0.0326          0.0878          0.0931          0.0162          0.0221
    112         10          0.0294        0.000232          0.0292          0.0121          0.0186          0.0157          0.0209
    112         20          0.0171        0.000139           0.017          0.0107          0.0144          0.0117          0.0159
    112         30           0.012        1.71e-05           0.012         0.00386         0.00506          0.0103          0.0134
    112         40          0.0156        8.71e-05          0.0155          0.0103          0.0114          0.0116          0.0152
    112         50          0.0159        0.000719          0.0152          0.0322          0.0328          0.0112          0.0151
    112         60          0.0294         0.00182          0.0276          0.0512          0.0522          0.0139          0.0203
    112         70          0.0137        1.61e-05          0.0137         0.00418          0.0049          0.0107          0.0143
    112         80          0.0174        9.74e-05          0.0173         0.00998          0.0121          0.0122          0.0161
    112         90          0.0179         0.00188           0.016           0.052          0.0531          0.0116          0.0155
    112        100          0.0175         0.00124          0.0163          0.0417          0.0431           0.012          0.0156
    112        110          0.0167        0.000663           0.016          0.0305          0.0315          0.0117          0.0155


2025-11-20 17:05:35: Validating
# epoch      batch      total_loss     energy_loss     forces_loss      energy_mae     energy_rmse      forces_mae     forces_rmse
    112          0          0.0194        0.000232          0.0192         0.00995          0.0186          0.0121           0.017
    112         10          0.0254        2.22e-05          0.0254         0.00514         0.00576          0.0138          0.0195
    112         20           0.017        2.54e-05           0.017         0.00467         0.00616          0.0112          0.0159


2025-11-20 17:05:37: Epoch summary:
Validation  # epoch      total_loss     energy_loss     forces_loss      energy_mae     energy_rmse      forces_mae     forces_rmse
                112          0.0149        8.38e-05          0.0149         0.00514         0.00776          0.0106          0.0148
Train       # epoch      total_loss     energy_loss     forces_loss      energy_mae     energy_rmse      forces_mae     forces_rmse
                112          0.0196        0.000752          0.0189          0.0267          0.0285          0.0124          0.0167


2025-11-20 17:05:37: Training
# epoch      batch      total_loss     energy_loss     forces_loss      energy_mae     energy_rmse      forces_mae     forces_rmse
    113          0          0.0163        0.000396          0.0159          0.0226          0.0243          0.0117          0.0154
    113         10          0.0162        0.000894          0.0153          0.0364          0.0366          0.0112          0.0151
    113         20          0.0184        0.000121          0.0183          0.0117          0.0135          0.0125          0.0165
    113         30          0.0172        0.000172          0.0171          0.0148           0.016           0.012           0.016
    113         40          0.0231        0.000151           0.023          0.0137          0.0151          0.0132          0.0185
    113         50          0.0202        6.07e-05          0.0201          0.0088         0.00952          0.0132          0.0174
    113         60          0.0326        0.000501          0.0321          0.0252          0.0274           0.016          0.0219
    113         70          0.0488         0.00331          0.0455          0.0698          0.0704           0.019          0.0261
    113         80           0.037        0.000438          0.0366          0.0247          0.0256          0.0174          0.0234
    113         90          0.0191        4.18e-05           0.019          0.0064         0.00791          0.0125          0.0169
    113        100           0.028         0.00453          0.0235          0.0816          0.0823          0.0135          0.0187
    113        110          0.0183        0.000927          0.0173          0.0366          0.0372          0.0119          0.0161


2025-11-20 17:05:47: Validating
# epoch      batch      total_loss     energy_loss     forces_loss      energy_mae     energy_rmse      forces_mae     forces_rmse
    113          0          0.0193         0.00024           0.019         0.00986          0.0189          0.0119          0.0169
    113         10          0.0252        2.47e-05          0.0252         0.00527         0.00608          0.0138          0.0194
    113         20          0.0177        2.41e-05          0.0177         0.00482           0.006          0.0114          0.0163


2025-11-20 17:05:48: Epoch summary:
Validation  # epoch      total_loss     energy_loss     forces_loss      energy_mae     energy_rmse      forces_mae     forces_rmse
                113          0.0149        8.48e-05          0.0148         0.00525         0.00789          0.0106          0.0147
Train       # epoch      total_loss     energy_loss     forces_loss      energy_mae     energy_rmse      forces_mae     forces_rmse
                113          0.0258         0.00112          0.0247          0.0307          0.0329          0.0138          0.0189


2025-11-20 17:05:48: Training
# epoch      batch      total_loss     energy_loss     forces_loss      energy_mae     energy_rmse      forces_mae     forces_rmse
    114          0          0.0137        0.000476          0.0132          0.0264          0.0267          0.0106          0.0141
    114         10          0.0144        7.38e-05          0.0144           0.008          0.0105          0.0109          0.0147
    114         20          0.0151        0.000124           0.015         0.00929          0.0136          0.0113           0.015
    114         30          0.0243        0.000119          0.0241          0.0115          0.0133          0.0136           0.019
    114         40          0.0198         0.00195          0.0178          0.0515           0.054          0.0121          0.0163
    114         50          0.0156        0.000421          0.0152           0.024          0.0251          0.0116          0.0151
    114         60          0.0252        0.000989          0.0243          0.0377          0.0385          0.0133           0.019
    114         70           0.268           0.059           0.209           0.296           0.297           0.038          0.0559
    114         80          0.0769        0.000811          0.0761          0.0323          0.0348          0.0233          0.0337
    114         90          0.0547         0.00394          0.0507          0.0761          0.0767          0.0202          0.0275
    114        100          0.0346         0.00131          0.0333          0.0432          0.0442          0.0166          0.0223
    114        110          0.0334          0.0004           0.033          0.0228          0.0245          0.0169          0.0222


2025-11-20 17:06:00: Validating
# epoch      batch      total_loss     energy_loss     forces_loss      energy_mae     energy_rmse      forces_mae     forces_rmse
    114          0          0.0193        0.000253           0.019          0.0103          0.0194          0.0119          0.0169
    114         10          0.0256        3.27e-05          0.0256         0.00587           0.007          0.0138          0.0195
    114         20          0.0182         2.6e-05          0.0182         0.00517         0.00624          0.0114          0.0165


2025-11-20 17:06:01: Epoch summary:
Validation  # epoch      total_loss     energy_loss     forces_loss      energy_mae     energy_rmse      forces_mae     forces_rmse
                114           0.015        9.06e-05           0.015         0.00587         0.00843          0.0106          0.0148
Train       # epoch      total_loss     energy_loss     forces_loss      energy_mae     energy_rmse      forces_mae     forces_rmse
                114          0.0411         0.00273          0.0384          0.0447          0.0469          0.0162          0.0222


2025-11-20 17:06:01: Training
# epoch      batch      total_loss     energy_loss     forces_loss      energy_mae     energy_rmse      forces_mae     forces_rmse
    115          0          0.0243        0.000264           0.024          0.0179          0.0199          0.0146           0.019
    115         10          0.0181        0.000718          0.0173          0.0317          0.0328          0.0119          0.0161
    115         20          0.0269        0.000622          0.0263          0.0296          0.0305          0.0149          0.0198
    115         30          0.0171        0.000182          0.0169          0.0145          0.0165           0.012          0.0159
    115         40          0.0192          0.0003          0.0189          0.0195          0.0212          0.0127          0.0168
    115         50          0.0333         0.00283          0.0304          0.0641          0.0651          0.0146          0.0213
    115         60          0.0437         0.00337          0.0404          0.0693           0.071          0.0175          0.0246
    115         70          0.0401         0.00343          0.0366          0.0705          0.0716          0.0161          0.0234
    115         80          0.0198        7.81e-05          0.0197         0.00888          0.0108           0.013          0.0172
    115         90          0.0164         0.00034          0.0161          0.0111          0.0225          0.0118          0.0155
    115        100          0.0405        5.49e-05          0.0404         0.00733         0.00906          0.0173          0.0246
    115        110          0.0172        0.000689          0.0165          0.0302          0.0321           0.012          0.0157


2025-11-20 17:06:12: Validating
# epoch      batch      total_loss     energy_loss     forces_loss      energy_mae     energy_rmse      forces_mae     forces_rmse
    115          0          0.0192        0.000234           0.019            0.01          0.0187           0.012          0.0168
    115         10           0.025        2.72e-05          0.0249         0.00533         0.00638          0.0136          0.0193
    115         20          0.0174        2.59e-05          0.0174         0.00508         0.00623          0.0113          0.0161


2025-11-20 17:06:13: Epoch summary:
Validation  # epoch      total_loss     energy_loss     forces_loss      energy_mae     energy_rmse      forces_mae     forces_rmse
                115          0.0149        8.59e-05          0.0148         0.00551         0.00801          0.0106          0.0147
Train       # epoch      total_loss     energy_loss     forces_loss      energy_mae     energy_rmse      forces_mae     forces_rmse
                115          0.0249         0.00153          0.0234          0.0369          0.0389          0.0137          0.0185


2025-11-20 17:06:13: Training
# epoch      batch      total_loss     energy_loss     forces_loss      energy_mae     energy_rmse      forces_mae     forces_rmse
    116          0          0.0253         0.00143          0.0239           0.045          0.0462           0.014          0.0189
    116         10          0.0391         0.00013           0.039         0.00987           0.014          0.0156          0.0241
    116         20           0.025         0.00215          0.0229          0.0543          0.0567          0.0134          0.0185
    116         30          0.0319         0.00613          0.0258          0.0956          0.0958          0.0142          0.0196
    116         40          0.0652         0.00249          0.0627          0.0565           0.061          0.0188          0.0306
    116         50          0.0347         0.00806          0.0267           0.109            0.11          0.0144            0.02
    116         60          0.0286        0.000447          0.0282           0.024          0.0259          0.0147          0.0205
    116         70          0.0621          0.0288          0.0333           0.207           0.208          0.0163          0.0223
    116         80          0.0483          0.0239          0.0244           0.189           0.189          0.0145          0.0191
    116         90          0.0413         0.00887          0.0324           0.115           0.115          0.0162           0.022
    116        100          0.0408         0.00192          0.0389          0.0527          0.0535          0.0183          0.0241
    116        110          0.0361         0.00645          0.0296           0.098          0.0982          0.0159           0.021


2025-11-20 17:06:24: Validating
# epoch      batch      total_loss     energy_loss     forces_loss      energy_mae     energy_rmse      forces_mae     forces_rmse
    116          0          0.0194        0.000244          0.0192          0.0101          0.0191           0.012          0.0169
    116         10          0.0257        2.89e-05          0.0257         0.00574         0.00657          0.0139          0.0196
    116         20          0.0171        3.74e-05           0.017         0.00582         0.00748          0.0112           0.016


2025-11-20 17:06:25: Epoch summary:
Validation  # epoch      total_loss     energy_loss     forces_loss      energy_mae     energy_rmse      forces_mae     forces_rmse
                116           0.015        8.36e-05          0.0149         0.00521         0.00782          0.0106          0.0148
Train       # epoch      total_loss     energy_loss     forces_loss      energy_mae     energy_rmse      forces_mae     forces_rmse
                116          0.0417         0.00933          0.0324          0.0909          0.0925          0.0156          0.0217


2025-11-20 17:06:25: Training
# epoch      batch      total_loss     energy_loss     forces_loss      energy_mae     energy_rmse      forces_mae     forces_rmse
    117          0           0.079           0.027          0.0521           0.199           0.201          0.0196          0.0279
    117         10          0.0371          0.0119          0.0252           0.133           0.133          0.0142          0.0194
    117         20          0.0572         0.00542          0.0517          0.0887          0.0901          0.0181          0.0278
    117         30          0.0273         0.00271          0.0246          0.0629          0.0637          0.0142          0.0192
    117         40          0.0197        0.000152          0.0195           0.013          0.0151          0.0126          0.0171
    117         50          0.0153         0.00148          0.0138          0.0467           0.047          0.0108          0.0144
    117         60          0.0242         0.00206          0.0221          0.0545          0.0555          0.0135          0.0182
    117         70          0.0169         0.00147          0.0154          0.0467          0.0468          0.0115          0.0152
    117         80          0.0205        0.000981          0.0195          0.0375          0.0383          0.0131          0.0171
    117         90          0.0166        6.61e-05          0.0165         0.00888         0.00994          0.0118          0.0157
    117        100           0.018        0.000817          0.0172          0.0338          0.0349          0.0117           0.016
    117        110          0.0186        0.000151          0.0184          0.0137           0.015          0.0124          0.0166


2025-11-20 17:06:36: Validating
# epoch      batch      total_loss     energy_loss     forces_loss      energy_mae     energy_rmse      forces_mae     forces_rmse
    117          0          0.0187        0.000254          0.0185          0.0103          0.0195          0.0119          0.0166
    117         10          0.0259         2.7e-05          0.0258         0.00557         0.00635          0.0138          0.0197
    117         20          0.0172        3.13e-05          0.0171         0.00542         0.00684          0.0113           0.016


2025-11-20 17:06:37: Epoch summary:
Validation  # epoch      total_loss     energy_loss     forces_loss      energy_mae     energy_rmse      forces_mae     forces_rmse
                117           0.015         8.6e-05          0.0149         0.00527         0.00788          0.0106          0.0148
Train       # epoch      total_loss     energy_loss     forces_loss      energy_mae     energy_rmse      forces_mae     forces_rmse
                117          0.0258         0.00248          0.0233          0.0449          0.0466          0.0135          0.0184


2025-11-20 17:06:37: Training
# epoch      batch      total_loss     energy_loss     forces_loss      energy_mae     energy_rmse      forces_mae     forces_rmse
    118          0          0.0159        0.000178          0.0158          0.0159          0.0163          0.0118          0.0154
    118         10          0.0189        0.000946           0.018          0.0338          0.0376          0.0126          0.0164
    118         20          0.0133        0.000156          0.0132          0.0142          0.0153          0.0108           0.014
    118         30          0.0147        0.000114          0.0146          0.0123          0.0131          0.0112          0.0148
    118         40          0.0134         0.00012          0.0133          0.0129          0.0134          0.0105          0.0141
    118         50          0.0202        0.000412          0.0198          0.0233          0.0248          0.0133          0.0172
    118         60          0.0169        0.000324          0.0166          0.0209           0.022          0.0122          0.0158
    118         70          0.0182        1.79e-05          0.0182         0.00375         0.00518          0.0119          0.0165
    118         80          0.0141        3.28e-05           0.014         0.00562         0.00701          0.0109          0.0145
    118         90           0.034         0.00143          0.0325          0.0435          0.0462           0.015          0.0221
    118        100          0.0462        0.000179           0.046          0.0139          0.0164          0.0179          0.0262
    118        110          0.0292        0.000648          0.0286          0.0254          0.0311          0.0154          0.0207


2025-11-20 17:06:48: Validating
# epoch      batch      total_loss     energy_loss     forces_loss      energy_mae     energy_rmse      forces_mae     forces_rmse
    118          0          0.0183        0.000231          0.0181         0.00979          0.0186          0.0118          0.0165
    118         10          0.0248        2.48e-05          0.0248         0.00527         0.00609          0.0136          0.0192
    118         20          0.0167        2.51e-05          0.0166         0.00483         0.00613          0.0111          0.0158


2025-11-20 17:06:49: Epoch summary:
Validation  # epoch      total_loss     energy_loss     forces_loss      energy_mae     energy_rmse      forces_mae     forces_rmse
                118          0.0147        8.28e-05          0.0146          0.0052         0.00776          0.0105          0.0146
Train       # epoch      total_loss     energy_loss     forces_loss      energy_mae     energy_rmse      forces_mae     forces_rmse
                118          0.0216        0.000426          0.0212          0.0196          0.0219          0.0129          0.0175


2025-11-20 17:06:49: Training
# epoch      batch      total_loss     energy_loss     forces_loss      energy_mae     energy_rmse      forces_mae     forces_rmse
    119          0          0.0368         0.00052          0.0363          0.0232          0.0279          0.0171          0.0233
    119         10          0.0215        8.16e-05          0.0214         0.00912           0.011          0.0136          0.0179
    119         20          0.0244        0.000862          0.0236          0.0353          0.0359          0.0132          0.0188
    119         30          0.0232        7.24e-05          0.0231         0.00838          0.0104          0.0139          0.0186
    119         40          0.0302         0.00115          0.0291          0.0406          0.0415           0.015          0.0209
    119         50           0.027        0.000151          0.0269          0.0136           0.015          0.0147            0.02
    119         60           0.038          0.0014          0.0366           0.045          0.0457          0.0151          0.0234
    119         70          0.0407          0.0029          0.0378          0.0651          0.0659           0.017          0.0238
    119         80          0.0164        0.000123          0.0163           0.011          0.0135          0.0115          0.0156
    119         90          0.0166        0.000208          0.0164          0.0163          0.0176          0.0118          0.0156
    119        100          0.0162        4.57e-05          0.0162         0.00694         0.00827          0.0118          0.0156
    119        110          0.0166        3.69e-05          0.0166         0.00607         0.00742          0.0117          0.0158


2025-11-20 17:07:00: Validating
# epoch      batch      total_loss     energy_loss     forces_loss      energy_mae     energy_rmse      forces_mae     forces_rmse
    119          0          0.0185        0.000244          0.0183         0.00999          0.0191          0.0118          0.0165
    119         10          0.0246        2.54e-05          0.0246         0.00531         0.00616          0.0135          0.0192
    119         20          0.0174         2.1e-05          0.0174         0.00429          0.0056          0.0112          0.0161


2025-11-20 17:07:01: Epoch summary:
Validation  # epoch      total_loss     energy_loss     forces_loss      energy_mae     energy_rmse      forces_mae     forces_rmse
                119          0.0148        8.35e-05          0.0147         0.00519         0.00777          0.0105          0.0147
Train       # epoch      total_loss     energy_loss     forces_loss      energy_mae     energy_rmse      forces_mae     forces_rmse
                119          0.0233        0.000709          0.0226          0.0258          0.0279          0.0134          0.0182


2025-11-20 17:07:01: Training
# epoch      batch      total_loss     energy_loss     forces_loss      energy_mae     energy_rmse      forces_mae     forces_rmse
    120          0          0.0169        2.51e-05          0.0169         0.00477         0.00613          0.0119          0.0159
    120         10          0.0175        0.000685          0.0168          0.0315           0.032          0.0118          0.0158
    120         20          0.0117        0.000234          0.0115          0.0175          0.0187            0.01          0.0131
    120         30          0.0124        0.000298          0.0121          0.0175          0.0211          0.0102          0.0134
    120         40          0.0134        0.000212          0.0132          0.0172          0.0178          0.0107           0.014
    120         50          0.0156        0.000443          0.0151          0.0251          0.0257          0.0111           0.015
    120         60          0.0301        0.000153          0.0299          0.0121          0.0151          0.0149          0.0212
    120         70          0.0223        9.41e-05          0.0222         0.00913          0.0119          0.0134          0.0182
    120         80          0.0397        0.000109          0.0396         0.00981          0.0128           0.018          0.0243
    120         90          0.0254        0.000368           0.025          0.0219          0.0235          0.0141          0.0193
    120        100          0.0181         0.00234          0.0158          0.0588          0.0592          0.0116          0.0154
    120        110          0.0194        0.000243          0.0192          0.0149          0.0191          0.0131          0.0169


2025-11-20 17:07:11: Validating
# epoch      batch      total_loss     energy_loss     forces_loss      energy_mae     energy_rmse      forces_mae     forces_rmse
    120          0          0.0187        0.000262          0.0185          0.0103          0.0198          0.0118          0.0166
    120         10          0.0245        2.63e-05          0.0245         0.00527         0.00627          0.0134          0.0191
    120         20          0.0167         2.3e-05          0.0167         0.00435         0.00587          0.0112          0.0158


2025-11-20 17:07:13: Epoch summary:
Validation  # epoch      total_loss     energy_loss     forces_loss      energy_mae     energy_rmse      forces_mae     forces_rmse
                120          0.0147        8.33e-05          0.0146         0.00516          0.0078          0.0105          0.0146
Train       # epoch      total_loss     energy_loss     forces_loss      energy_mae     energy_rmse      forces_mae     forces_rmse
                120          0.0214         0.00105          0.0203          0.0303          0.0322          0.0126          0.0171


2025-11-20 17:07:13: Training
# epoch      batch      total_loss     energy_loss     forces_loss      energy_mae     energy_rmse      forces_mae     forces_rmse
    121          0          0.0165        5.65e-05          0.0164         0.00838         0.00919          0.0117          0.0157
    121         10          0.0366         0.00112          0.0355          0.0403          0.0409          0.0146           0.023
    121         20          0.0396        0.000249          0.0394          0.0172          0.0193           0.018          0.0243
    121         30          0.0165        5.94e-05          0.0164          0.0084         0.00942          0.0116          0.0157
    121         40          0.0193        0.000136          0.0191          0.0126          0.0142          0.0129          0.0169
    121         50          0.0175        0.000257          0.0172          0.0181          0.0196          0.0121          0.0161
    121         60          0.0173        6.28e-05          0.0172         0.00696         0.00969           0.012          0.0161
    121         70          0.0242         0.00179          0.0224          0.0508          0.0518          0.0133          0.0183
    121         80          0.0158        0.000732          0.0151          0.0322          0.0331          0.0115           0.015
    121         90          0.0185        0.000272          0.0182           0.019          0.0202          0.0126          0.0165
    121        100          0.0125        3.05e-05          0.0125         0.00591         0.00676          0.0102          0.0137
    121        110          0.0206        0.000957          0.0196          0.0356          0.0378          0.0129          0.0171


2025-11-20 17:07:24: Validating
# epoch      batch      total_loss     energy_loss     forces_loss      energy_mae     energy_rmse      forces_mae     forces_rmse
    121          0          0.0188        0.000235          0.0185          0.0102          0.0188          0.0118          0.0167
    121         10          0.0242        2.65e-05          0.0242         0.00522          0.0063          0.0134           0.019
    121         20          0.0167        2.36e-05          0.0167         0.00459         0.00594          0.0111          0.0158


2025-11-20 17:07:25: Epoch summary:
Validation  # epoch      total_loss     energy_loss     forces_loss      energy_mae     energy_rmse      forces_mae     forces_rmse
                121          0.0145        8.18e-05          0.0145         0.00519         0.00777          0.0104          0.0145
Train       # epoch      total_loss     energy_loss     forces_loss      energy_mae     energy_rmse      forces_mae     forces_rmse
                121          0.0198        0.000547          0.0193          0.0221          0.0243          0.0125          0.0168


2025-11-20 17:07:25: Training
# epoch      batch      total_loss     energy_loss     forces_loss      energy_mae     energy_rmse      forces_mae     forces_rmse
    122          0          0.0195          0.0025           0.017          0.0607          0.0612          0.0121           0.016
    122         10          0.0147         0.00056          0.0142          0.0283          0.0289          0.0112          0.0146
    122         20           0.019        0.000678          0.0184          0.0304          0.0318          0.0126          0.0166
    122         30           0.022        9.29e-05          0.0219         0.00786          0.0118          0.0129          0.0181
    122         40          0.0182        0.000627          0.0175          0.0291          0.0306          0.0122          0.0162
    122         50          0.0197        0.000475          0.0192          0.0167          0.0267          0.0122           0.017
    122         60          0.0172        0.000662          0.0165          0.0303          0.0315          0.0118          0.0157
    122         70          0.0135        0.000166          0.0133          0.0139          0.0158          0.0108          0.0141
    122         80          0.0317        0.000466          0.0312          0.0161          0.0264           0.016          0.0216
    122         90          0.0268        0.000306          0.0265          0.0179          0.0214          0.0148          0.0199
    122        100          0.0199        0.000482          0.0194          0.0257          0.0269           0.013           0.017
    122        110          0.0435         0.00121          0.0423          0.0402          0.0425          0.0181          0.0252


2025-11-20 17:07:36: Validating
# epoch      batch      total_loss     energy_loss     forces_loss      energy_mae     energy_rmse      forces_mae     forces_rmse
    122          0           0.019        0.000221          0.0188         0.00985          0.0182          0.0119          0.0168
    122         10          0.0246        2.73e-05          0.0246         0.00547         0.00638          0.0136          0.0192
    122         20          0.0165         2.6e-05          0.0165         0.00487         0.00624           0.011          0.0157


2025-11-20 17:07:38: Epoch summary:
Validation  # epoch      total_loss     energy_loss     forces_loss      energy_mae     energy_rmse      forces_mae     forces_rmse
                122          0.0146        8.19e-05          0.0145         0.00512         0.00773          0.0104          0.0146
Train       # epoch      total_loss     energy_loss     forces_loss      energy_mae     energy_rmse      forces_mae     forces_rmse
                122           0.022         0.00082          0.0212          0.0286          0.0307          0.0129          0.0176


2025-11-20 17:07:38: Training
# epoch      batch      total_loss     energy_loss     forces_loss      energy_mae     energy_rmse      forces_mae     forces_rmse
    123          0          0.0312        0.000593          0.0306          0.0262          0.0298          0.0155          0.0214
    123         10          0.0211         0.00205          0.0191          0.0549          0.0554          0.0126          0.0169
    123         20          0.0334         0.00197          0.0314          0.0515          0.0543          0.0161          0.0217
    123         30          0.0177        0.000956          0.0168           0.037          0.0378          0.0121          0.0158
    123         40          0.0193        4.68e-05          0.0193         0.00583         0.00836          0.0127           0.017
    123         50          0.0161        5.53e-05           0.016          0.0084         0.00909           0.012          0.0155
    123         60          0.0488          0.0057          0.0431          0.0914          0.0924          0.0181          0.0254
    123         70          0.0323        0.000332           0.032          0.0206          0.0223          0.0166          0.0219
    123         80           0.028         0.00387          0.0242          0.0755           0.076          0.0144           0.019
    123         90          0.0352         0.00107          0.0341          0.0393            0.04          0.0136          0.0226
    123        100          0.0144        0.000122          0.0143          0.0124          0.0135           0.011          0.0146
    123        110          0.0164        0.000137          0.0162         0.00776          0.0143          0.0119          0.0156


2025-11-20 17:07:49: Validating
# epoch      batch      total_loss     energy_loss     forces_loss      energy_mae     energy_rmse      forces_mae     forces_rmse
    123          0          0.0189         0.00023          0.0187         0.00994          0.0185          0.0119          0.0167
    123         10          0.0243         2.6e-05          0.0243          0.0051         0.00623          0.0135          0.0191
    123         20          0.0163        2.63e-05          0.0163         0.00511         0.00627           0.011          0.0156


2025-11-20 17:07:50: Epoch summary:
Validation  # epoch      total_loss     energy_loss     forces_loss      energy_mae     energy_rmse      forces_mae     forces_rmse
                123          0.0146        8.38e-05          0.0145         0.00526         0.00783          0.0104          0.0146
Train       # epoch      total_loss     energy_loss     forces_loss      energy_mae     energy_rmse      forces_mae     forces_rmse
                123          0.0273         0.00133           0.026          0.0338          0.0362          0.0143          0.0195


2025-11-20 17:07:50: Training
# epoch      batch      total_loss     energy_loss     forces_loss      energy_mae     energy_rmse      forces_mae     forces_rmse
    124          0          0.0206         0.00102          0.0196          0.0252          0.0391          0.0123          0.0171
    124         10          0.0239        0.000944          0.0229          0.0365          0.0376          0.0135          0.0185
    124         20          0.0158        0.000641          0.0152          0.0307           0.031          0.0116          0.0151
    124         30          0.0182          0.0014          0.0168          0.0445          0.0457          0.0119          0.0159
    124         40          0.0204         0.00289          0.0175          0.0652          0.0657           0.012          0.0162
    124         50          0.0165        8.95e-05          0.0164         0.00965          0.0116          0.0119          0.0157
    124         60          0.0191         0.00036          0.0187          0.0146          0.0232          0.0124          0.0167
    124         70          0.0152        0.000922          0.0143          0.0368          0.0371          0.0111          0.0146
    124         80          0.0177         0.00106          0.0167          0.0394          0.0399          0.0118          0.0158
    124         90          0.0176        1.65e-05          0.0176         0.00441         0.00497          0.0122          0.0162
    124        100          0.0244        0.000856          0.0235          0.0348          0.0358          0.0141          0.0187
    124        110          0.0224        0.000765          0.0216          0.0331          0.0338          0.0133           0.018


2025-11-20 17:08:01: Validating
# epoch      batch      total_loss     energy_loss     forces_loss      energy_mae     energy_rmse      forces_mae     forces_rmse
    124          0          0.0186        0.000228          0.0184         0.00994          0.0185          0.0118          0.0166
    124         10          0.0248        2.64e-05          0.0248         0.00519         0.00629          0.0136          0.0193
    124         20           0.017        2.58e-05           0.017         0.00483         0.00621          0.0112          0.0159


2025-11-20 17:08:02: Epoch summary:
Validation  # epoch      total_loss     energy_loss     forces_loss      energy_mae     energy_rmse      forces_mae     forces_rmse
                124          0.0146        8.29e-05          0.0145         0.00519          0.0078          0.0104          0.0145
Train       # epoch      total_loss     energy_loss     forces_loss      energy_mae     energy_rmse      forces_mae     forces_rmse
                124          0.0207        0.000856          0.0199          0.0298           0.032          0.0127          0.0171


2025-11-20 17:08:02: Training
# epoch      batch      total_loss     energy_loss     forces_loss      energy_mae     energy_rmse      forces_mae     forces_rmse
    125          0          0.0232        0.000643          0.0226          0.0295           0.031          0.0141          0.0184
    125         10          0.0165         0.00177          0.0147          0.0508          0.0515          0.0114          0.0148
    125         20           0.021         0.00239          0.0186          0.0594          0.0597          0.0123          0.0167
    125         30          0.0317         0.00128          0.0304          0.0429          0.0438          0.0151          0.0213
    125         40          0.0343         0.00172          0.0326          0.0491          0.0507          0.0167          0.0221
    125         50          0.0263        0.000544          0.0258          0.0273          0.0285          0.0151          0.0196
    125         60          0.0209        5.04e-05          0.0208          0.0063         0.00869          0.0125          0.0176
    125         70          0.0229         0.00216          0.0207           0.056          0.0568           0.013          0.0176
    125         80          0.0183        0.000144          0.0181           0.013          0.0147          0.0126          0.0165
    125         90          0.0157         0.00022          0.0155          0.0169          0.0181          0.0116          0.0152
    125        100            0.02         0.00075          0.0192          0.0218          0.0335          0.0126           0.017
    125        110          0.0182        0.000211           0.018          0.0167          0.0178          0.0124          0.0164


2025-11-20 17:08:14: Validating
# epoch      batch      total_loss     energy_loss     forces_loss      energy_mae     energy_rmse      forces_mae     forces_rmse
    125          0          0.0183        0.000224          0.0181         0.00996          0.0183          0.0117          0.0164
    125         10          0.0251        2.53e-05          0.0251         0.00496         0.00615          0.0136          0.0194
    125         20          0.0175        2.49e-05          0.0174         0.00468          0.0061          0.0112          0.0161


2025-11-20 17:08:15: Epoch summary:
Validation  # epoch      total_loss     energy_loss     forces_loss      energy_mae     energy_rmse      forces_mae     forces_rmse
                125          0.0146        8.17e-05          0.0145         0.00518         0.00775          0.0104          0.0146
Train       # epoch      total_loss     energy_loss     forces_loss      energy_mae     energy_rmse      forces_mae     forces_rmse
                125          0.0219         0.00106          0.0208          0.0331          0.0348           0.013          0.0175


2025-11-20 17:08:15: Training
# epoch      batch      total_loss     energy_loss     forces_loss      energy_mae     energy_rmse      forces_mae     forces_rmse
    126          0          0.0172        0.000109          0.0171          0.0111          0.0128           0.012           0.016
    126         10          0.0162        2.56e-05          0.0162          0.0052         0.00619          0.0116          0.0156
    126         20          0.0326        8.54e-05          0.0325         0.00925          0.0113          0.0135           0.022
    126         30          0.0179         6.3e-05          0.0178         0.00719         0.00971          0.0121          0.0163
    126         40          0.0165        0.000498           0.016          0.0262          0.0273          0.0117          0.0154
    126         50          0.0182          0.0017          0.0165          0.0499          0.0505          0.0115          0.0157
    126         60          0.0138        0.000999          0.0128          0.0383          0.0386          0.0104          0.0138
    126         70          0.0116         3.6e-05          0.0116         0.00611         0.00734         0.00993          0.0132
    126         80          0.0216        0.000326          0.0212          0.0213          0.0221          0.0128          0.0178
    126         90          0.0144        0.000603          0.0138          0.0295            0.03          0.0107          0.0144
    126        100          0.0372         0.00102          0.0361          0.0358           0.039          0.0164          0.0232
    126        110           0.024        4.95e-05          0.0239         0.00691          0.0086          0.0143          0.0189


2025-11-20 17:08:26: Validating
# epoch      batch      total_loss     energy_loss     forces_loss      energy_mae     energy_rmse      forces_mae     forces_rmse
    126          0          0.0186        0.000221          0.0184         0.00996          0.0182          0.0118          0.0166
    126         10          0.0252        1.93e-05          0.0251         0.00456         0.00538          0.0136          0.0194
    126         20          0.0171        2.68e-05          0.0171          0.0049         0.00633          0.0112           0.016


2025-11-20 17:08:28: Epoch summary:
Validation  # epoch      total_loss     energy_loss     forces_loss      energy_mae     energy_rmse      forces_mae     forces_rmse
                126          0.0145        7.98e-05          0.0144         0.00512         0.00765          0.0104          0.0145
Train       # epoch      total_loss     energy_loss     forces_loss      energy_mae     energy_rmse      forces_mae     forces_rmse
                126           0.018        0.000697          0.0173          0.0259          0.0277          0.0118           0.016


2025-11-20 17:08:28: Training
# epoch      batch      total_loss     energy_loss     forces_loss      energy_mae     energy_rmse      forces_mae     forces_rmse
    127          0          0.0226        0.000265          0.0223          0.0117          0.0199          0.0137          0.0183
    127         10          0.0371        0.000234          0.0368          0.0168          0.0187          0.0161          0.0235
    127         20          0.0596         0.00397          0.0556          0.0751           0.077          0.0213          0.0288
    127         30          0.0368         0.00124          0.0356          0.0421          0.0431          0.0168          0.0231
    127         40          0.0231         0.00119          0.0219          0.0407          0.0423          0.0138          0.0181
    127         50          0.0179        4.99e-05          0.0179         0.00739         0.00864          0.0123          0.0164
    127         60          0.0309        0.000346          0.0305          0.0204          0.0228          0.0156          0.0214
    127         70          0.0285         0.00627          0.0223          0.0963          0.0968          0.0134          0.0182
    127         80          0.0557          0.0352          0.0205           0.229           0.229          0.0132          0.0175
    127         90          0.0716          0.0123          0.0592           0.135           0.136          0.0194          0.0298
    127        100           0.051          0.0126          0.0384           0.137           0.137          0.0185           0.024
    127        110          0.0619        0.000392          0.0615          0.0209          0.0242          0.0221          0.0303


2025-11-20 17:08:39: Validating
# epoch      batch      total_loss     energy_loss     forces_loss      energy_mae     energy_rmse      forces_mae     forces_rmse
    127          0          0.0182        0.000231          0.0179          0.0103          0.0186          0.0116          0.0164
    127         10          0.0247        2.38e-05          0.0247         0.00399         0.00597          0.0136          0.0192
    127         20          0.0166        2.84e-05          0.0166         0.00534         0.00652           0.011          0.0157


2025-11-20 17:08:41: Epoch summary:
Validation  # epoch      total_loss     energy_loss     forces_loss      energy_mae     energy_rmse      forces_mae     forces_rmse
                127          0.0145        8.33e-05          0.0144         0.00556          0.0081          0.0104          0.0145
Train       # epoch      total_loss     energy_loss     forces_loss      energy_mae     energy_rmse      forces_mae     forces_rmse
                127          0.0419         0.00598          0.0359           0.073           0.075          0.0165          0.0227


2025-11-20 17:08:41: Training
# epoch      batch      total_loss     energy_loss     forces_loss      energy_mae     energy_rmse      forces_mae     forces_rmse
    128          0           0.101          0.0298          0.0707           0.211           0.211          0.0245          0.0325
    128         10          0.0436        0.000328          0.0433          0.0205          0.0221          0.0192          0.0254
    128         20          0.0365        0.000156          0.0363          0.0103          0.0153          0.0169          0.0233
    128         30          0.0338         0.00243          0.0314           0.059          0.0603          0.0155          0.0217
    128         40          0.0238         0.00272          0.0211          0.0636          0.0638          0.0135          0.0178
    128         50          0.0219        0.000237          0.0216          0.0164          0.0188          0.0133           0.018
    128         60          0.0291        0.000345          0.0288          0.0214          0.0227          0.0152          0.0207
    128         70          0.0194        0.000104          0.0192          0.0112          0.0125          0.0129           0.017
    128         80          0.0302         0.00175          0.0285          0.0504          0.0512          0.0152          0.0206
    128         90          0.0223         0.00148          0.0208          0.0468          0.0471           0.013          0.0177
    128        100          0.0289          0.0106          0.0183           0.125           0.126          0.0128          0.0165
    128        110          0.0195         0.00349           0.016          0.0709          0.0722          0.0119          0.0155


2025-11-20 17:08:52: Validating
# epoch      batch      total_loss     energy_loss     forces_loss      energy_mae     energy_rmse      forces_mae     forces_rmse
    128          0          0.0181        0.000233          0.0179          0.0105          0.0187          0.0116          0.0163
    128         10          0.0244        2.97e-05          0.0244         0.00464         0.00667          0.0134          0.0191
    128         20          0.0167         2.9e-05          0.0166         0.00534         0.00658          0.0111          0.0158


2025-11-20 17:08:54: Epoch summary:
Validation  # epoch      total_loss     energy_loss     forces_loss      energy_mae     energy_rmse      forces_mae     forces_rmse
                128          0.0146        8.58e-05          0.0145         0.00565         0.00818          0.0104          0.0146
Train       # epoch      total_loss     energy_loss     forces_loss      energy_mae     energy_rmse      forces_mae     forces_rmse
                128          0.0315         0.00205          0.0295          0.0412          0.0435          0.0151          0.0206


2025-11-20 17:08:54: Training
# epoch      batch      total_loss     energy_loss     forces_loss      energy_mae     energy_rmse      forces_mae     forces_rmse
    129          0          0.0234        0.000586          0.0228          0.0284          0.0296          0.0131          0.0185
    129         10          0.0192         0.00124           0.018          0.0427          0.0431          0.0121          0.0164
    129         20          0.0155         0.00112          0.0143          0.0382          0.0409           0.011          0.0146
    129         30          0.0162         0.00114          0.0151          0.0408          0.0412          0.0115           0.015
    129         40          0.0149        0.000184          0.0147          0.0153          0.0166          0.0112          0.0148
    129         50          0.0149        0.000212          0.0147          0.0165          0.0178          0.0112          0.0148
    129         60          0.0359        4.89e-05          0.0359         0.00685         0.00855          0.0144          0.0232
    129         70           0.025         0.00122          0.0238          0.0409          0.0428          0.0145          0.0189
    129         80          0.0175        0.000504           0.017          0.0188          0.0275          0.0114          0.0159
    129         90          0.0186         0.00101          0.0176          0.0374          0.0389          0.0119          0.0162
    129        100          0.0267        7.19e-05          0.0266         0.00907          0.0104          0.0146            0.02
    129        110          0.0233         0.00139           0.022           0.045          0.0456          0.0135          0.0181


2025-11-20 17:09:05: Validating
# epoch      batch      total_loss     energy_loss     forces_loss      energy_mae     energy_rmse      forces_mae     forces_rmse
    129          0          0.0182         0.00022           0.018         0.00973          0.0181          0.0116          0.0164
    129         10          0.0244        2.82e-05          0.0244         0.00513         0.00649          0.0133          0.0191
    129         20           0.017        2.66e-05           0.017         0.00524          0.0063          0.0112          0.0159


2025-11-20 17:09:06: Epoch summary:
Validation  # epoch      total_loss     energy_loss     forces_loss      energy_mae     energy_rmse      forces_mae     forces_rmse
                129          0.0145        8.51e-05          0.0144          0.0054         0.00798          0.0104          0.0145
Train       # epoch      total_loss     energy_loss     forces_loss      energy_mae     energy_rmse      forces_mae     forces_rmse
                129          0.0201        0.000542          0.0196          0.0226          0.0249          0.0125           0.017


2025-11-20 17:09:06: Training
# epoch      batch      total_loss     energy_loss     forces_loss      energy_mae     energy_rmse      forces_mae     forces_rmse
    130          0          0.0314        0.000188          0.0312          0.0107          0.0168          0.0153          0.0216
    130         10          0.0268        0.000287          0.0265           0.016          0.0207          0.0143          0.0199
    130         20          0.0218        0.000432          0.0214          0.0241          0.0254          0.0132          0.0179
    130         30          0.0149        0.000255          0.0146          0.0187          0.0195           0.011          0.0148
    130         40          0.0248        0.000118          0.0247          0.0117          0.0133          0.0137          0.0192
    130         50          0.0201         0.00209           0.018          0.0557          0.0559          0.0122          0.0164
    130         60          0.0189        0.000158          0.0187           0.013          0.0154          0.0125          0.0167
    130         70          0.0144        0.000182          0.0142          0.0152          0.0165          0.0109          0.0146
    130         80          0.0163        9.89e-05          0.0162          0.0107          0.0122          0.0117          0.0156
    130         90          0.0209        0.000696          0.0202          0.0313          0.0323           0.013          0.0174
    130        100          0.0282         0.00825            0.02           0.111           0.111          0.0126          0.0173
    130        110          0.0173         0.00099          0.0163          0.0381          0.0385           0.012          0.0156


2025-11-20 17:09:18: Validating
# epoch      batch      total_loss     energy_loss     forces_loss      energy_mae     energy_rmse      forces_mae     forces_rmse
    130          0          0.0187        0.000236          0.0185         0.00999          0.0188          0.0118          0.0166
    130         10          0.0247        2.57e-05          0.0247         0.00503          0.0062          0.0135          0.0192
    130         20          0.0171        2.49e-05          0.0171         0.00519          0.0061          0.0112           0.016


2025-11-20 17:09:19: Epoch summary:
Validation  # epoch      total_loss     energy_loss     forces_loss      energy_mae     energy_rmse      forces_mae     forces_rmse
                130          0.0145        8.76e-05          0.0144         0.00537         0.00801          0.0104          0.0145
Train       # epoch      total_loss     energy_loss     forces_loss      energy_mae     energy_rmse      forces_mae     forces_rmse
                130          0.0211        0.000891          0.0202          0.0286          0.0308          0.0127          0.0172


2025-11-20 17:09:19: Training
# epoch      batch      total_loss     energy_loss     forces_loss      energy_mae     energy_rmse      forces_mae     forces_rmse
    131          0          0.0231         0.00115          0.0219          0.0404          0.0414          0.0132          0.0181
    131         10          0.0205         0.00206          0.0184          0.0546          0.0555          0.0126          0.0166
    131         20          0.0225        0.000877          0.0216          0.0349          0.0362          0.0128           0.018
    131         30           0.019         0.00075          0.0183           0.033          0.0335          0.0122          0.0165
    131         40          0.0174        3.48e-05          0.0174         0.00603         0.00721          0.0121          0.0161
    131         50          0.0169        0.000864           0.016          0.0352          0.0359          0.0114          0.0155
    131         60          0.0179        0.000187          0.0177           0.015          0.0167          0.0121          0.0163
    131         70           0.023         0.00038          0.0227          0.0224          0.0238          0.0137          0.0184
    131         80          0.0192         0.00153          0.0177          0.0422          0.0478          0.0121          0.0163
    131         90          0.0134        0.000669          0.0127          0.0308          0.0316          0.0103          0.0138
    131        100          0.0186         0.00106          0.0176          0.0394          0.0399          0.0119          0.0162
    131        110          0.0139        0.000729          0.0132          0.0322           0.033          0.0106          0.0141


2025-11-20 17:09:31: Validating
# epoch      batch      total_loss     energy_loss     forces_loss      energy_mae     energy_rmse      forces_mae     forces_rmse
    131          0          0.0188        0.000227          0.0185         0.00998          0.0184          0.0118          0.0166
    131         10          0.0245        2.64e-05          0.0245           0.005         0.00629          0.0134          0.0191
    131         20           0.018        2.79e-05           0.018         0.00538         0.00646          0.0113          0.0164


2025-11-20 17:09:32: Epoch summary:
Validation  # epoch      total_loss     energy_loss     forces_loss      energy_mae     energy_rmse      forces_mae     forces_rmse
                131          0.0144        8.64e-05          0.0143         0.00529         0.00795          0.0103          0.0145
Train       # epoch      total_loss     energy_loss     forces_loss      energy_mae     energy_rmse      forces_mae     forces_rmse
                131          0.0193        0.000539          0.0187          0.0228          0.0251          0.0123          0.0166


2025-11-20 17:09:32: Training
# epoch      batch      total_loss     energy_loss     forces_loss      energy_mae     energy_rmse      forces_mae     forces_rmse
    132          0          0.0151        0.000476          0.0146          0.0259          0.0267          0.0111          0.0148
    132         10          0.0164        0.000161          0.0162          0.0144          0.0155          0.0114          0.0156
    132         20          0.0185         0.00319          0.0153          0.0686           0.069           0.011          0.0151
    132         30          0.0128        6.11e-05          0.0128         0.00751         0.00956          0.0102          0.0138
    132         40          0.0158        0.000341          0.0154          0.0172          0.0226          0.0112          0.0152
    132         50          0.0221        0.000158          0.0219          0.0116          0.0154          0.0134          0.0181
    132         60          0.0213        0.000303           0.021          0.0199          0.0213          0.0128          0.0177
    132         70           0.023        0.000148          0.0228          0.0115          0.0149          0.0136          0.0185
    132         80          0.0187         0.00066          0.0181          0.0305          0.0314          0.0123          0.0164
    132         90          0.0185        0.000144          0.0184          0.0133          0.0147          0.0123          0.0166
    132        100          0.0152        2.08e-05          0.0152         0.00478         0.00557          0.0111          0.0151
    132        110          0.0206        0.000182          0.0205          0.0146          0.0165          0.0132          0.0175


2025-11-20 17:09:43: Validating
# epoch      batch      total_loss     energy_loss     forces_loss      energy_mae     energy_rmse      forces_mae     forces_rmse
    132          0          0.0187        0.000231          0.0185          0.0101          0.0186          0.0118          0.0166
    132         10          0.0245        2.24e-05          0.0245         0.00464         0.00578          0.0135          0.0191
    132         20          0.0182        2.64e-05          0.0182           0.005         0.00628          0.0113          0.0165


2025-11-20 17:09:45: Epoch summary:
Validation  # epoch      total_loss     energy_loss     forces_loss      energy_mae     energy_rmse      forces_mae     forces_rmse
                132          0.0144         8.5e-05          0.0143         0.00526         0.00787          0.0103          0.0145
Train       # epoch      total_loss     energy_loss     forces_loss      energy_mae     energy_rmse      forces_mae     forces_rmse
                132          0.0188         0.00076           0.018          0.0257          0.0276           0.012          0.0162


2025-11-20 17:09:45: Training
# epoch      batch      total_loss     energy_loss     forces_loss      energy_mae     energy_rmse      forces_mae     forces_rmse
    133          0           0.019        0.000816          0.0182          0.0339          0.0349          0.0126          0.0165
    133         10          0.0195        0.000826          0.0187          0.0338          0.0351          0.0123          0.0167
    133         20          0.0235        6.79e-05          0.0234         0.00757          0.0101          0.0139          0.0187
    133         30          0.0164        0.000241          0.0161          0.0131           0.019          0.0117          0.0155
    133         40          0.0247        0.000103          0.0246          0.0105          0.0124          0.0135          0.0192
    133         50          0.0298        0.000129          0.0297          0.0118          0.0139           0.016          0.0211
    133         60          0.0236        0.000212          0.0234          0.0159          0.0178           0.014          0.0187
    133         70          0.0172        0.000289          0.0169          0.0199          0.0208          0.0119          0.0159
    133         80          0.0204         7.1e-05          0.0203         0.00794          0.0103          0.0127          0.0174
    133         90           0.016        0.000726          0.0153           0.032          0.0329          0.0112          0.0151
    133        100          0.0186         0.00115          0.0175          0.0411          0.0415          0.0123          0.0162
    133        110          0.0192        0.000998          0.0182          0.0373          0.0386          0.0126          0.0165


2025-11-20 17:09:56: Validating
# epoch      batch      total_loss     energy_loss     forces_loss      energy_mae     energy_rmse      forces_mae     forces_rmse
    133          0          0.0185        0.000229          0.0183          0.0102          0.0185          0.0118          0.0165
    133         10          0.0241        2.69e-05          0.0241         0.00493         0.00634          0.0135           0.019
    133         20          0.0176        2.62e-05          0.0175         0.00495         0.00626          0.0112          0.0162


2025-11-20 17:09:57: Epoch summary:
Validation  # epoch      total_loss     energy_loss     forces_loss      energy_mae     energy_rmse      forces_mae     forces_rmse
                133          0.0144        8.47e-05          0.0143         0.00527         0.00787          0.0103          0.0145
Train       # epoch      total_loss     energy_loss     forces_loss      energy_mae     energy_rmse      forces_mae     forces_rmse
                133           0.021        0.000562          0.0205          0.0222          0.0247          0.0129          0.0174


2025-11-20 17:09:57: Training
# epoch      batch      total_loss     energy_loss     forces_loss      energy_mae     energy_rmse      forces_mae     forces_rmse
    134          0          0.0201         0.00155          0.0186           0.047          0.0482          0.0123          0.0167
    134         10          0.0345        0.000326          0.0341          0.0201          0.0221           0.016          0.0226
    134         20          0.0344        0.000493          0.0339          0.0255          0.0272          0.0164          0.0225
    134         30          0.0226         0.00105          0.0216          0.0305          0.0396          0.0136           0.018
    134         40          0.0301        0.000719          0.0294           0.022          0.0328          0.0133           0.021
    134         50          0.0417         0.00139          0.0403          0.0438          0.0457          0.0159          0.0245
    134         60           0.018        0.000548          0.0174          0.0272          0.0286          0.0123          0.0161
    134         70          0.0212        0.000576          0.0206          0.0288          0.0293          0.0124          0.0176
    134         80          0.0183        8.01e-05          0.0182         0.00864          0.0109          0.0123          0.0165
    134         90          0.0335        0.000383          0.0331           0.022          0.0239           0.016          0.0223
    134        100          0.0298         0.00254          0.0273          0.0606          0.0616          0.0146          0.0202
    134        110          0.0242        0.000506          0.0237          0.0263          0.0275          0.0142          0.0188


2025-11-20 17:10:08: Validating
# epoch      batch      total_loss     energy_loss     forces_loss      energy_mae     energy_rmse      forces_mae     forces_rmse
    134          0          0.0182        0.000219           0.018            0.01          0.0181          0.0116          0.0164
    134         10          0.0248        2.07e-05          0.0248         0.00446         0.00556          0.0135          0.0192
    134         20          0.0176        2.81e-05          0.0176         0.00509         0.00649          0.0113          0.0162


2025-11-20 17:10:10: Epoch summary:
Validation  # epoch      total_loss     energy_loss     forces_loss      energy_mae     energy_rmse      forces_mae     forces_rmse
                134          0.0144         8.5e-05          0.0143          0.0053         0.00787          0.0103          0.0145
Train       # epoch      total_loss     energy_loss     forces_loss      energy_mae     energy_rmse      forces_mae     forces_rmse
                134           0.028         0.00078          0.0272          0.0279          0.0302          0.0143          0.0198


2025-11-20 17:10:10: Training
# epoch      batch      total_loss     energy_loss     forces_loss      energy_mae     energy_rmse      forces_mae     forces_rmse
    135          0           0.021        0.000501          0.0205          0.0132          0.0274           0.013          0.0175
    135         10          0.0144        0.000362          0.0141           0.023          0.0233          0.0107          0.0145
    135         20          0.0226        0.000339          0.0223          0.0205          0.0225           0.013          0.0182
    135         30          0.0143        9.28e-05          0.0143          0.0106          0.0118          0.0107          0.0146
    135         40          0.0188        0.000124          0.0186          0.0119          0.0136          0.0126          0.0167
    135         50          0.0153        0.000284           0.015          0.0201          0.0206          0.0111           0.015
    135         60          0.0159        0.000165          0.0157          0.0128          0.0157          0.0117          0.0153
    135         70          0.0156        0.000812          0.0148          0.0342          0.0349          0.0114          0.0149
    135         80          0.0188        0.000389          0.0184          0.0231          0.0241          0.0122          0.0166
    135         90          0.0149        1.34e-05          0.0149         0.00385         0.00447          0.0113          0.0149
    135        100          0.0104        0.000111          0.0103          0.0121          0.0129         0.00924          0.0124
    135        110          0.0146        0.000146          0.0144          0.0125          0.0148          0.0111          0.0147


2025-11-20 17:10:21: Validating
# epoch      batch      total_loss     energy_loss     forces_loss      energy_mae     energy_rmse      forces_mae     forces_rmse
    135          0          0.0186        0.000217          0.0184          0.0101           0.018          0.0118          0.0166
    135         10          0.0248        2.15e-05          0.0248         0.00469         0.00568          0.0135          0.0193
    135         20          0.0176        3.08e-05          0.0175         0.00524         0.00678          0.0112          0.0162


2025-11-20 17:10:22: Epoch summary:
Validation  # epoch      total_loss     energy_loss     forces_loss      energy_mae     energy_rmse      forces_mae     forces_rmse
                135          0.0143        8.36e-05          0.0142         0.00526         0.00784          0.0103          0.0144
Train       # epoch      total_loss     energy_loss     forces_loss      energy_mae     energy_rmse      forces_mae     forces_rmse
                135          0.0162        0.000513          0.0157          0.0221          0.0242          0.0114          0.0153


2025-11-20 17:10:23: Training
# epoch      batch      total_loss     energy_loss     forces_loss      energy_mae     energy_rmse      forces_mae     forces_rmse
    136          0          0.0222        0.000486          0.0217          0.0248           0.027          0.0135           0.018
    136         10          0.0143        3.35e-05          0.0143          0.0057         0.00708          0.0112          0.0146
    136         20          0.0111         0.00128         0.00984          0.0412          0.0437         0.00939          0.0121
    136         30          0.0182         0.00172          0.0165          0.0502          0.0508          0.0113          0.0157
    136         40          0.0172         0.00186          0.0153          0.0522          0.0528          0.0111          0.0151
    136         50          0.0153         0.00148          0.0138          0.0467          0.0471          0.0108          0.0144
    136         60           0.017        0.000503          0.0165          0.0269          0.0274          0.0118          0.0157
    136         70          0.0283         0.00244          0.0258          0.0562          0.0604          0.0135          0.0197
    136         80          0.0243         0.00191          0.0224          0.0526          0.0535          0.0139          0.0183
    136         90          0.0361         0.00396          0.0322          0.0762          0.0769          0.0144          0.0219
    136        100          0.0293         0.00144          0.0279          0.0456          0.0464          0.0147          0.0204
    136        110          0.0872          0.0219          0.0652           0.181           0.181          0.0199          0.0312


2025-11-20 17:10:34: Validating
# epoch      batch      total_loss     energy_loss     forces_loss      energy_mae     energy_rmse      forces_mae     forces_rmse
    136          0          0.0184        0.000241          0.0181          0.0106           0.019          0.0117          0.0165
    136         10          0.0257        1.83e-05          0.0256         0.00435         0.00523          0.0137          0.0196
    136         20          0.0171        3.32e-05          0.0171         0.00538         0.00704          0.0111           0.016


2025-11-20 17:10:35: Epoch summary:
Validation  # epoch      total_loss     energy_loss     forces_loss      energy_mae     energy_rmse      forces_mae     forces_rmse
                136          0.0143        9.02e-05          0.0142          0.0057         0.00826          0.0102          0.0144
Train       # epoch      total_loss     energy_loss     forces_loss      energy_mae     energy_rmse      forces_mae     forces_rmse
                136          0.0248         0.00289          0.0219          0.0445          0.0464          0.0129          0.0177


2025-11-20 17:10:35: Training
# epoch      batch      total_loss     energy_loss     forces_loss      energy_mae     energy_rmse      forces_mae     forces_rmse
    137          0          0.0382         0.00136          0.0368          0.0436          0.0451           0.017          0.0235
    137         10          0.0162        0.000195           0.016           0.016          0.0171          0.0118          0.0154
    137         20          0.0216        0.000102          0.0215          0.0113          0.0123          0.0134          0.0179
    137         30          0.0165        0.000982          0.0155          0.0353          0.0383          0.0117          0.0152
    137         40          0.0188        4.37e-05          0.0188         0.00602         0.00808          0.0123          0.0168
    137         50          0.0188        0.000284          0.0185          0.0196          0.0206          0.0125          0.0166
    137         60          0.0175           0.001          0.0165          0.0377          0.0387           0.012          0.0157
    137         70          0.0222         0.00105          0.0211          0.0378          0.0397          0.0126          0.0178
    137         80          0.0142        0.000195           0.014          0.0166          0.0171           0.011          0.0145
    137         90          0.0236         0.00237          0.0212          0.0589          0.0596          0.0127          0.0178
    137        100          0.0289         0.00134          0.0276          0.0439          0.0447          0.0127          0.0203
    137        110          0.0193         0.00362          0.0157          0.0733          0.0736          0.0118          0.0153


2025-11-20 17:10:47: Validating
# epoch      batch      total_loss     energy_loss     forces_loss      energy_mae     energy_rmse      forces_mae     forces_rmse
    137          0          0.0184        0.000256          0.0181          0.0107          0.0196          0.0117          0.0165
    137         10          0.0249        1.84e-05          0.0249          0.0043         0.00525          0.0134          0.0193
    137         20          0.0176        3.01e-05          0.0176         0.00517         0.00671          0.0111          0.0162


2025-11-20 17:10:48: Epoch summary:
Validation  # epoch      total_loss     energy_loss     forces_loss      energy_mae     energy_rmse      forces_mae     forces_rmse
                137          0.0143        8.97e-05          0.0142         0.00549         0.00811          0.0102          0.0144
Train       # epoch      total_loss     energy_loss     forces_loss      energy_mae     energy_rmse      forces_mae     forces_rmse
                137          0.0199         0.00126          0.0186          0.0354          0.0373          0.0123          0.0165


2025-11-20 17:10:48: Training
# epoch      batch      total_loss     energy_loss     forces_loss      energy_mae     energy_rmse      forces_mae     forces_rmse
    138          0          0.0138         0.00101          0.0128          0.0385          0.0388          0.0106          0.0138
    138         10          0.0225         0.00147           0.021          0.0438           0.047          0.0133          0.0177
    138         20          0.0175        0.000835          0.0166          0.0336          0.0353          0.0116          0.0158
    138         30          0.0148         0.00106          0.0137          0.0392          0.0398           0.011          0.0143
    138         40          0.0206        0.000978          0.0196          0.0376          0.0382          0.0123          0.0171
    138         50          0.0329         0.00133          0.0316          0.0433          0.0445          0.0161          0.0217
    138         60          0.0145        0.000224          0.0142          0.0172          0.0183          0.0111          0.0146
    138         70          0.0333        0.000237          0.0331          0.0178          0.0188          0.0156          0.0222
    138         80          0.0232        7.17e-05          0.0231         0.00902          0.0104          0.0138          0.0186
    138         90          0.0241        0.000119           0.024          0.0104          0.0133           0.014          0.0189
    138        100          0.0249         0.00661          0.0182          0.0992          0.0994           0.012          0.0165
    138        110          0.0277        0.000766          0.0269           0.032          0.0338          0.0141          0.0201


2025-11-20 17:10:59: Validating
# epoch      batch      total_loss     energy_loss     forces_loss      energy_mae     energy_rmse      forces_mae     forces_rmse
    138          0          0.0181        0.000254          0.0178          0.0104          0.0195          0.0115          0.0163
    138         10          0.0247         1.9e-05          0.0247         0.00417         0.00532          0.0134          0.0192
    138         20          0.0174        3.04e-05          0.0174         0.00508         0.00674          0.0111          0.0161


2025-11-20 17:11:01: Epoch summary:
Validation  # epoch      total_loss     energy_loss     forces_loss      energy_mae     energy_rmse      forces_mae     forces_rmse
                138          0.0142        9.32e-05          0.0141         0.00536         0.00809          0.0102          0.0144
Train       # epoch      total_loss     energy_loss     forces_loss      energy_mae     energy_rmse      forces_mae     forces_rmse
                138          0.0216         0.00107          0.0205          0.0333          0.0352          0.0128          0.0174


2025-11-20 17:11:01: Training
# epoch      batch      total_loss     energy_loss     forces_loss      energy_mae     energy_rmse      forces_mae     forces_rmse
    139          0          0.0361           0.003          0.0331          0.0655           0.067          0.0159          0.0222
    139         10           0.045         0.00176          0.0432          0.0491          0.0514          0.0183          0.0254
    139         20          0.0759         0.00054          0.0754          0.0224          0.0284          0.0223          0.0336
    139         30          0.0906         0.00151           0.089          0.0415          0.0476          0.0242          0.0365
    139         40          0.0895         0.00171          0.0878          0.0468          0.0505          0.0261          0.0362
    139         50          0.0629        0.000251          0.0627          0.0169          0.0194          0.0228          0.0306
    139         60          0.0346        0.000309          0.0343          0.0134          0.0215          0.0169          0.0226
    139         70          0.0291        0.000112           0.029          0.0111          0.0129          0.0151          0.0208
    139         80           0.017        0.000375          0.0166          0.0226          0.0237           0.012          0.0158
    139         90          0.0199        0.000273          0.0196         0.00904          0.0202          0.0128          0.0171
    139        100          0.0213         0.00409          0.0172          0.0777          0.0782          0.0122           0.016
    139        110          0.0271          0.0008          0.0263          0.0341          0.0346          0.0147          0.0198


2025-11-20 17:11:12: Validating
# epoch      batch      total_loss     energy_loss     forces_loss      energy_mae     energy_rmse      forces_mae     forces_rmse
    139          0          0.0178        0.000267          0.0176          0.0108            0.02          0.0115          0.0162
    139         10          0.0238        3.02e-05          0.0237         0.00454         0.00672          0.0133          0.0188
    139         20          0.0169        4.09e-05          0.0168         0.00623         0.00782           0.011          0.0159


2025-11-20 17:11:13: Epoch summary:
Validation  # epoch      total_loss     energy_loss     forces_loss      energy_mae     energy_rmse      forces_mae     forces_rmse
                139          0.0142        9.56e-05          0.0141         0.00601         0.00859          0.0103          0.0144
Train       # epoch      total_loss     energy_loss     forces_loss      energy_mae     energy_rmse      forces_mae     forces_rmse
                139          0.0396         0.00217          0.0375          0.0428          0.0451          0.0167          0.0229


2025-11-20 17:11:13: Training
# epoch      batch      total_loss     energy_loss     forces_loss      energy_mae     energy_rmse      forces_mae     forces_rmse
    140          0          0.0174         0.00055          0.0169          0.0273          0.0287          0.0118          0.0159
    140         10          0.0404         0.00214          0.0383          0.0535          0.0566          0.0173          0.0239
    140         20          0.0242        0.000462          0.0237          0.0109          0.0263          0.0142          0.0188
    140         30            0.04        0.000256          0.0398          0.0181          0.0196          0.0155          0.0244
    140         40          0.0478          0.0002          0.0476          0.0146          0.0173          0.0196          0.0267
    140         50           0.091          0.0107          0.0802           0.125           0.127          0.0224          0.0346
    140         60          0.0711         0.00386          0.0672          0.0752           0.076           0.024          0.0317
    140         70           0.181         0.00309           0.178          0.0656           0.068          0.0402          0.0516
    140         80          0.0484          0.0013          0.0471          0.0415           0.044          0.0193          0.0265
    140         90          0.0395         0.00111          0.0384          0.0394          0.0407          0.0184           0.024
    140        100          0.0252        0.000249           0.025           0.015          0.0193          0.0149          0.0193
    140        110           0.017        4.17e-05          0.0169         0.00638          0.0079           0.012          0.0159


2025-11-20 17:11:24: Validating
# epoch      batch      total_loss     energy_loss     forces_loss      energy_mae     energy_rmse      forces_mae     forces_rmse
    140          0          0.0178        0.000281          0.0175          0.0111          0.0205          0.0116          0.0162
    140         10           0.024         3.7e-05          0.0239         0.00469         0.00744          0.0134          0.0189
    140         20          0.0172        3.55e-05          0.0171         0.00605         0.00729          0.0112           0.016


2025-11-20 17:11:25: Epoch summary:
Validation  # epoch      total_loss     energy_loss     forces_loss      energy_mae     energy_rmse      forces_mae     forces_rmse
                140          0.0145        0.000101          0.0144         0.00639         0.00905          0.0104          0.0145
Train       # epoch      total_loss     energy_loss     forces_loss      energy_mae     energy_rmse      forces_mae     forces_rmse
                140          0.0587         0.00332          0.0554           0.052          0.0546          0.0197          0.0273


2025-11-20 17:11:25: Training
# epoch      batch      total_loss     energy_loss     forces_loss      energy_mae     energy_rmse      forces_mae     forces_rmse
    141          0           0.027        0.000341          0.0267          0.0187          0.0226          0.0152            0.02
    141         10          0.0209        0.000109          0.0207         0.00887          0.0127          0.0134          0.0176
    141         20          0.0216        0.000409          0.0212          0.0239          0.0247          0.0131          0.0178
    141         30          0.0181        7.07e-05           0.018         0.00914          0.0103          0.0122          0.0164
    141         40           0.014        0.000323          0.0137          0.0211           0.022           0.011          0.0143
    141         50          0.0111        6.02e-05           0.011         0.00786         0.00949         0.00951          0.0128
    141         60           0.011         0.00143         0.00955          0.0459          0.0463         0.00899           0.012
    141         70          0.0142         0.00127          0.0129          0.0424          0.0435          0.0103          0.0139
    141         80          0.0152        0.000144           0.015          0.0121          0.0147           0.011           0.015
    141         90          0.0162        0.000625          0.0156          0.0152          0.0306          0.0112          0.0153
    141        100          0.0119        0.000704          0.0112          0.0316          0.0325         0.00929          0.0129
    141        110          0.0131        0.000353          0.0128           0.022           0.023          0.0104          0.0138


2025-11-20 17:11:36: Validating
# epoch      batch      total_loss     energy_loss     forces_loss      energy_mae     energy_rmse      forces_mae     forces_rmse
    141          0           0.018         0.00025          0.0177          0.0107          0.0193          0.0116          0.0163
    141         10           0.024        2.52e-05           0.024         0.00445         0.00614          0.0134          0.0189
    141         20          0.0172        2.88e-05          0.0172          0.0052         0.00657          0.0111           0.016


2025-11-20 17:11:37: Epoch summary:
Validation  # epoch      total_loss     energy_loss     forces_loss      energy_mae     energy_rmse      forces_mae     forces_rmse
                141          0.0145        8.99e-05          0.0144         0.00569         0.00828          0.0104          0.0145
Train       # epoch      total_loss     energy_loss     forces_loss      energy_mae     energy_rmse      forces_mae     forces_rmse
                141          0.0163        0.000807          0.0155           0.027          0.0291          0.0113          0.0152


2025-11-20 17:11:37: Training
# epoch      batch      total_loss     energy_loss     forces_loss      energy_mae     energy_rmse      forces_mae     forces_rmse
    142          0          0.0141        0.000648          0.0134          0.0305          0.0311          0.0103          0.0142
    142         10          0.0112        0.000103          0.0111         0.00818          0.0124         0.00952          0.0129
    142         20          0.0122        8.94e-05          0.0121          0.0103          0.0116          0.0104          0.0134
    142         30          0.0166        0.000427          0.0161          0.0178          0.0253          0.0117          0.0155
    142         40          0.0143        5.78e-05          0.0143         0.00681          0.0093          0.0109          0.0146
    142         50          0.0264         0.00016          0.0262          0.0141          0.0155          0.0139          0.0198
    142         60          0.0167         0.00146          0.0153          0.0461          0.0467          0.0112          0.0151
    142         70          0.0232         0.00152          0.0217          0.0468          0.0477          0.0125           0.018
    142         80          0.0143         0.00072          0.0136          0.0239          0.0328          0.0109          0.0142
    142         90          0.0151          0.0026          0.0125          0.0618          0.0623          0.0102          0.0137
    142        100          0.0138        0.000761          0.0131            0.03          0.0337          0.0104           0.014
    142        110          0.0204         0.00609          0.0143          0.0948          0.0954           0.011          0.0146


2025-11-20 17:11:48: Validating
# epoch      batch      total_loss     energy_loss     forces_loss      energy_mae     energy_rmse      forces_mae     forces_rmse
    142          0           0.018         0.00024          0.0177          0.0103           0.019          0.0116          0.0163
    142         10          0.0244         2.6e-05          0.0244         0.00462         0.00624          0.0134          0.0191
    142         20          0.0171        3.16e-05          0.0171          0.0054         0.00688          0.0111           0.016


2025-11-20 17:11:50: Epoch summary:
Validation  # epoch      total_loss     energy_loss     forces_loss      energy_mae     energy_rmse      forces_mae     forces_rmse
                142          0.0144        8.89e-05          0.0143         0.00554         0.00815          0.0103          0.0145
Train       # epoch      total_loss     energy_loss     forces_loss      energy_mae     energy_rmse      forces_mae     forces_rmse
                142          0.0165        0.000761          0.0157          0.0271           0.029          0.0113          0.0152


2025-11-20 17:11:50: Training
# epoch      batch      total_loss     energy_loss     forces_loss      energy_mae     energy_rmse      forces_mae     forces_rmse
    143          0          0.0203         0.00605          0.0143          0.0948          0.0951          0.0109          0.0146
    143         10          0.0172        0.000141           0.017          0.0127          0.0145          0.0116           0.016
    143         20          0.0137        3.84e-05          0.0136          0.0053         0.00757          0.0108          0.0143
    143         30          0.0152         0.00174          0.0135          0.0499           0.051          0.0105          0.0142
    143         40          0.0244         0.00186          0.0225          0.0511          0.0528          0.0133          0.0184
    143         50           0.017        0.000224          0.0168          0.0169          0.0183          0.0122          0.0159
    143         60          0.0275        0.000302          0.0272           0.019          0.0213          0.0145          0.0202
    143         70          0.0187         0.00272           0.016          0.0636          0.0638          0.0118          0.0155
    143         80          0.0153        0.000325          0.0149         0.00944           0.022          0.0113           0.015
    143         90          0.0222         0.00335          0.0189          0.0703          0.0708          0.0125          0.0168
    143        100          0.0267         0.00538          0.0214           0.087          0.0897           0.013          0.0179
    143        110          0.0377         0.00381          0.0338          0.0736          0.0755          0.0167          0.0225


2025-11-20 17:12:01: Validating
# epoch      batch      total_loss     energy_loss     forces_loss      energy_mae     energy_rmse      forces_mae     forces_rmse
    143          0          0.0181         0.00027          0.0179          0.0108          0.0201          0.0117          0.0163
    143         10          0.0244        1.68e-05          0.0243         0.00399         0.00501          0.0134          0.0191
    143         20          0.0167        3.43e-05          0.0167         0.00577         0.00716           0.011          0.0158


2025-11-20 17:12:02: Epoch summary:
Validation  # epoch      total_loss     energy_loss     forces_loss      energy_mae     energy_rmse      forces_mae     forces_rmse
                143          0.0144        9.02e-05          0.0143         0.00569         0.00831          0.0103          0.0144
Train       # epoch      total_loss     energy_loss     forces_loss      energy_mae     energy_rmse      forces_mae     forces_rmse
                143          0.0251         0.00189          0.0232          0.0427          0.0447          0.0131          0.0181


2025-11-20 17:12:02: Training
# epoch      batch      total_loss     energy_loss     forces_loss      energy_mae     energy_rmse      forces_mae     forces_rmse
    144          0          0.0279         0.00059          0.0273          0.0281          0.0297          0.0145          0.0202
    144         10          0.0464          0.0137          0.0327           0.141           0.143          0.0161          0.0221
    144         20           0.075         0.00239          0.0726          0.0573          0.0598          0.0246           0.033
    144         30          0.0303         0.00532           0.025          0.0888          0.0892          0.0142          0.0193
    144         40          0.0329         0.00025          0.0327          0.0158          0.0193          0.0161          0.0221
    144         50          0.0373         0.00323          0.0341          0.0673          0.0695          0.0168          0.0226
    144         60          0.0268         0.00657          0.0202          0.0988          0.0991          0.0128          0.0174
    144         70            0.02         0.00365          0.0164          0.0735          0.0739          0.0118          0.0157
    144         80          0.0195        0.000104          0.0194          0.0112          0.0125          0.0127           0.017
    144         90          0.0105        3.29e-05          0.0104          0.0055         0.00702          0.0097          0.0125
    144        100          0.0202        0.000141          0.0201          0.0117          0.0145          0.0125          0.0173
    144        110          0.0185         0.00159          0.0169           0.036          0.0488          0.0118          0.0159


2025-11-20 17:12:13: Validating
# epoch      batch      total_loss     energy_loss     forces_loss      energy_mae     energy_rmse      forces_mae     forces_rmse
    144          0          0.0178        0.000275          0.0176          0.0103          0.0203          0.0116          0.0162
    144         10          0.0239        1.86e-05          0.0239         0.00402         0.00528          0.0132          0.0189
    144         20           0.017        2.79e-05          0.0169         0.00561         0.00646           0.011          0.0159


2025-11-20 17:12:14: Epoch summary:
Validation  # epoch      total_loss     energy_loss     forces_loss      energy_mae     energy_rmse      forces_mae     forces_rmse
                144          0.0144        9.56e-05          0.0143         0.00587         0.00855          0.0103          0.0144
Train       # epoch      total_loss     energy_loss     forces_loss      energy_mae     energy_rmse      forces_mae     forces_rmse
                144          0.0316         0.00314          0.0284          0.0497          0.0516          0.0148          0.0199


2025-11-20 17:12:14: Training
# epoch      batch      total_loss     energy_loss     forces_loss      energy_mae     energy_rmse      forces_mae     forces_rmse
    145          0           0.022         0.00121          0.0208          0.0418          0.0426          0.0127          0.0176
    145         10          0.0186        0.000354          0.0182           0.021           0.023          0.0124          0.0165
    145         20          0.0212        0.000429          0.0208          0.0228          0.0253          0.0129          0.0176
    145         30          0.0172        0.000947          0.0162          0.0368          0.0376          0.0117          0.0156
    145         40           0.019        0.000624          0.0183          0.0223          0.0305           0.012          0.0166
    145         50           0.015        0.000568          0.0144          0.0205          0.0291          0.0113          0.0147
    145         60          0.0135        0.000773          0.0128          0.0331           0.034          0.0107          0.0138
    145         70          0.0205         0.00112          0.0194          0.0401          0.0409          0.0126           0.017
    145         80          0.0206         0.00236          0.0182           0.059          0.0594          0.0123          0.0165
    145         90           0.016        0.000449          0.0155          0.0248          0.0259          0.0113          0.0152
    145        100          0.0253        0.000147          0.0251          0.0103          0.0148          0.0141          0.0194
    145        110          0.0215         0.00104          0.0205          0.0383          0.0395          0.0129          0.0175


2025-11-20 17:12:25: Validating
# epoch      batch      total_loss     energy_loss     forces_loss      energy_mae     energy_rmse      forces_mae     forces_rmse
    145          0          0.0175        0.000268          0.0172          0.0103            0.02          0.0114           0.016
    145         10          0.0237        2.08e-05          0.0236         0.00436         0.00558          0.0131          0.0188
    145         20          0.0173        2.71e-05          0.0173          0.0053         0.00636           0.011          0.0161


2025-11-20 17:12:26: Epoch summary:
Validation  # epoch      total_loss     energy_loss     forces_loss      energy_mae     energy_rmse      forces_mae     forces_rmse
                145          0.0143        9.19e-05          0.0142          0.0055         0.00819          0.0102          0.0144
Train       # epoch      total_loss     energy_loss     forces_loss      energy_mae     energy_rmse      forces_mae     forces_rmse
                145          0.0204         0.00103          0.0194          0.0332          0.0352          0.0123          0.0169


2025-11-20 17:12:26: Training
# epoch      batch      total_loss     energy_loss     forces_loss      energy_mae     energy_rmse      forces_mae     forces_rmse
    146          0          0.0248         0.00142          0.0234          0.0445          0.0461           0.013          0.0187
    146         10          0.0206          0.0017          0.0189          0.0498          0.0505          0.0127          0.0168
    146         20          0.0145        0.000825          0.0136          0.0345          0.0351          0.0109          0.0143
    146         30          0.0187         0.00118          0.0175          0.0411           0.042          0.0111          0.0162
    146         40          0.0173        0.000112          0.0171          0.0106           0.013          0.0119           0.016
    146         50          0.0209         0.00254          0.0184          0.0611          0.0616          0.0121          0.0166
    146         60          0.0318        0.000652          0.0312          0.0296          0.0312          0.0134          0.0216
    146         70          0.0204        0.000897          0.0195          0.0361          0.0366          0.0126          0.0171
    146         80          0.0183        0.000101          0.0182          0.0111          0.0123          0.0124          0.0165
    146         90          0.0181        0.000125           0.018          0.0118          0.0137          0.0122          0.0164
    146        100          0.0141        0.000198          0.0139          0.0165          0.0172          0.0107          0.0144
    146        110          0.0214        7.89e-05          0.0213         0.00935          0.0109          0.0127          0.0178


2025-11-20 17:12:37: Validating
# epoch      batch      total_loss     energy_loss     forces_loss      energy_mae     energy_rmse      forces_mae     forces_rmse
    146          0          0.0174        0.000272          0.0171          0.0103          0.0202          0.0114           0.016
    146         10          0.0235        2.45e-05          0.0235         0.00453         0.00605          0.0131          0.0187
    146         20          0.0171        3.12e-05          0.0171         0.00571         0.00683           0.011           0.016


2025-11-20 17:12:39: Epoch summary:
Validation  # epoch      total_loss     energy_loss     forces_loss      energy_mae     energy_rmse      forces_mae     forces_rmse
                146          0.0142        9.31e-05          0.0141         0.00549         0.00821          0.0102          0.0143
Train       # epoch      total_loss     energy_loss     forces_loss      energy_mae     energy_rmse      forces_mae     forces_rmse
                146          0.0189        0.000814          0.0181          0.0262          0.0284           0.012          0.0163


2025-11-20 17:12:39: Training
# epoch      batch      total_loss     energy_loss     forces_loss      energy_mae     energy_rmse      forces_mae     forces_rmse
    147          0          0.0141        0.000421          0.0137          0.0233          0.0251          0.0111          0.0143
    147         10          0.0142         0.00045          0.0138          0.0246          0.0259          0.0108          0.0143
    147         20          0.0135        6.89e-05          0.0134         0.00875          0.0101          0.0107          0.0142
    147         30          0.0147        0.000922          0.0138          0.0368          0.0371          0.0109          0.0144
    147         40          0.0129        9.17e-05          0.0128         0.00546          0.0117          0.0101          0.0138
    147         50          0.0164        7.16e-05          0.0164         0.00917          0.0103          0.0116          0.0156
    147         60          0.0135        0.000361          0.0131         0.00999          0.0232          0.0104           0.014
    147         70           0.016        0.000212          0.0158           0.016          0.0178          0.0114          0.0154
    147         80          0.0149        0.000211          0.0147          0.0158          0.0178           0.011          0.0148
    147         90          0.0149        0.000122          0.0148         0.00987          0.0135          0.0108          0.0149
    147        100          0.0142        5.21e-05          0.0141         0.00827         0.00882          0.0105          0.0145
    147        110          0.0155        0.000883          0.0146          0.0359          0.0363          0.0106          0.0148


2025-11-20 17:12:50: Validating
# epoch      batch      total_loss     energy_loss     forces_loss      energy_mae     energy_rmse      forces_mae     forces_rmse
    147          0          0.0174        0.000276          0.0171          0.0106          0.0203          0.0114           0.016
    147         10          0.0229        2.35e-05          0.0229          0.0048         0.00593           0.013          0.0185
    147         20          0.0168        3.35e-05          0.0168         0.00556         0.00708           0.011          0.0158


2025-11-20 17:12:51: Epoch summary:
Validation  # epoch      total_loss     energy_loss     forces_loss      energy_mae     energy_rmse      forces_mae     forces_rmse
                147           0.014        9.01e-05           0.014         0.00525         0.00801          0.0101          0.0143
Train       # epoch      total_loss     energy_loss     forces_loss      energy_mae     energy_rmse      forces_mae     forces_rmse
                147          0.0151        0.000411          0.0147          0.0197          0.0218           0.011          0.0147


2025-11-20 17:12:52: Training
# epoch      batch      total_loss     energy_loss     forces_loss      energy_mae     energy_rmse      forces_mae     forces_rmse
    148          0          0.0108         0.00102         0.00975          0.0389          0.0391         0.00882          0.0121
    148         10         0.00921        1.91e-05         0.00919         0.00433         0.00534         0.00866          0.0117
    148         20          0.0187        0.000741          0.0179          0.0321          0.0333          0.0119          0.0164
    148         30          0.0169        0.000963           0.016          0.0372           0.038          0.0116          0.0154
    148         40           0.019         0.00105          0.0179          0.0388          0.0396          0.0114          0.0164
    148         50          0.0154        0.000122          0.0153          0.0125          0.0135          0.0115          0.0151
    148         60          0.0255        0.000113          0.0254         0.00988           0.013          0.0144          0.0195
    148         70          0.0188        0.000235          0.0186          0.0173          0.0187          0.0121          0.0167
    148         80          0.0153        0.000578          0.0147          0.0287          0.0294          0.0113          0.0148
    148         90          0.0119        0.000115          0.0117          0.0116          0.0131          0.0101          0.0132
    148        100          0.0172         0.00105          0.0162          0.0266          0.0396          0.0112          0.0155
    148        110          0.0162        8.22e-05          0.0161         0.00846          0.0111          0.0117          0.0155


2025-11-20 17:13:03: Validating
# epoch      batch      total_loss     energy_loss     forces_loss      energy_mae     energy_rmse      forces_mae     forces_rmse
    148          0          0.0178         0.00028          0.0175          0.0108          0.0205          0.0114          0.0162
    148         10          0.0239         2.5e-05          0.0239         0.00488         0.00612          0.0133          0.0189
    148         20          0.0169        3.22e-05          0.0168         0.00542         0.00694          0.0109          0.0159


2025-11-20 17:13:05: Epoch summary:
Validation  # epoch      total_loss     energy_loss     forces_loss      energy_mae     energy_rmse      forces_mae     forces_rmse
                148          0.0141        9.21e-05           0.014         0.00533         0.00809          0.0101          0.0143
Train       # epoch      total_loss     energy_loss     forces_loss      energy_mae     energy_rmse      forces_mae     forces_rmse
                148          0.0174        0.000664          0.0167          0.0248          0.0271          0.0116          0.0157


2025-11-20 17:13:05: Training
# epoch      batch      total_loss     energy_loss     forces_loss      energy_mae     energy_rmse      forces_mae     forces_rmse
    149          0          0.0147        0.000941          0.0138          0.0369          0.0375          0.0108          0.0144
    149         10          0.0203         0.00172          0.0186          0.0498          0.0507          0.0123          0.0167
    149         20          0.0204        0.000374            0.02          0.0224          0.0236          0.0132          0.0173
    149         30          0.0174         0.00226          0.0152          0.0495          0.0581          0.0114          0.0151
    149         40          0.0145        0.000562          0.0139          0.0268           0.029          0.0106          0.0144
    149         50          0.0314        0.000319          0.0311          0.0192          0.0218          0.0159          0.0216
    149         60          0.0249         0.00434          0.0205          0.0798          0.0805          0.0128          0.0175
    149         70          0.0141         0.00106           0.013           0.039          0.0399          0.0107          0.0139
    149         80          0.0136        0.000926          0.0127          0.0362          0.0372          0.0107          0.0138
    149         90          0.0143        4.84e-05          0.0143         0.00744          0.0085          0.0113          0.0146
    149        100          0.0159        0.000442          0.0154          0.0243          0.0257          0.0116          0.0152
    149        110          0.0121        0.000938          0.0112          0.0374          0.0374          0.0098          0.0129


2025-11-20 17:13:16: Validating
# epoch      batch      total_loss     energy_loss     forces_loss      energy_mae     energy_rmse      forces_mae     forces_rmse
    149          0          0.0182         0.00025          0.0179          0.0104          0.0193          0.0115          0.0164
    149         10          0.0242         3.6e-05          0.0242         0.00558         0.00734          0.0133           0.019
    149         20          0.0167        3.31e-05          0.0167         0.00515         0.00704          0.0108          0.0158


2025-11-20 17:13:18: Epoch summary:
Validation  # epoch      total_loss     energy_loss     forces_loss      energy_mae     energy_rmse      forces_mae     forces_rmse
                149          0.0141        9.07e-05           0.014         0.00533         0.00813          0.0101          0.0143
Train       # epoch      total_loss     energy_loss     forces_loss      energy_mae     energy_rmse      forces_mae     forces_rmse
                149          0.0187         0.00144          0.0172          0.0378          0.0394          0.0118           0.016


2025-11-20 17:13:18: Training
# epoch      batch      total_loss     energy_loss     forces_loss      energy_mae     energy_rmse      forces_mae     forces_rmse
    150          0          0.0189         0.00321          0.0157           0.069          0.0693          0.0118          0.0153
    150         10          0.0205         0.00161          0.0189          0.0482          0.0491          0.0122          0.0168
    150         20          0.0229         0.00331          0.0196          0.0697          0.0704          0.0126          0.0171
    150         30          0.0204        0.000244          0.0202          0.0174          0.0191           0.013          0.0174
    150         40          0.0214        0.000106          0.0213         0.00864          0.0126           0.013          0.0178
    150         50          0.0182        0.000217           0.018          0.0151           0.018          0.0116          0.0164
    150         60          0.0212         0.00759          0.0136           0.106           0.107          0.0108          0.0143
    150         70          0.0223        0.000294           0.022          0.0183           0.021          0.0134          0.0181
    150         80          0.0342         0.00244          0.0317          0.0594          0.0604          0.0136          0.0218
    150         90          0.0126        0.000407          0.0122          0.0241          0.0247          0.0102          0.0135
    150        100          0.0104        0.000223          0.0102          0.0172          0.0183         0.00942          0.0123
    150        110          0.0152         0.00247          0.0128          0.0565          0.0608            0.01          0.0138


2025-11-20 17:13:29: Validating
# epoch      batch      total_loss     energy_loss     forces_loss      energy_mae     energy_rmse      forces_mae     forces_rmse
    150          0          0.0182        0.000266          0.0179          0.0105          0.0199          0.0115          0.0164
    150         10          0.0249         3.4e-05          0.0248         0.00541         0.00713          0.0135          0.0193
    150         20          0.0165         3.3e-05          0.0164         0.00543         0.00703          0.0108          0.0157


2025-11-20 17:13:31: Epoch summary:
Validation  # epoch      total_loss     energy_loss     forces_loss      energy_mae     energy_rmse      forces_mae     forces_rmse
                150          0.0141        9.31e-05           0.014         0.00547          0.0083          0.0101          0.0143
Train       # epoch      total_loss     energy_loss     forces_loss      energy_mae     energy_rmse      forces_mae     forces_rmse
                150          0.0185          0.0012          0.0173          0.0351          0.0369          0.0118           0.016


2025-11-20 17:13:31: Training
# epoch      batch      total_loss     energy_loss     forces_loss      energy_mae     energy_rmse      forces_mae     forces_rmse
    151          0          0.0165         0.00358          0.0129          0.0723          0.0732          0.0106          0.0139
    151         10          0.0157        6.33e-05          0.0156         0.00557         0.00973          0.0115          0.0153
    151         20          0.0136        0.000104          0.0135          0.0108          0.0125          0.0107          0.0142
    151         30          0.0177        0.000453          0.0173          0.0249           0.026          0.0115          0.0161
    151         40          0.0402         0.00604          0.0341          0.0927          0.0951          0.0159          0.0226
    151         50          0.0679         0.00129          0.0666          0.0363          0.0439          0.0218          0.0316
    151         60           0.154          0.0252           0.129           0.192           0.194          0.0298          0.0439
    151         70          0.0788         0.00077           0.078          0.0313          0.0339          0.0254          0.0342
    151         80           0.117         0.00422           0.112          0.0776          0.0795           0.031           0.041
    151         90          0.0931         0.00238          0.0907          0.0554          0.0596           0.027          0.0368
    151        100          0.0576         0.00678          0.0508             0.1           0.101          0.0197          0.0276
    151        110          0.0493         0.00122          0.0481          0.0408          0.0427          0.0199          0.0268


2025-11-20 17:13:42: Validating
# epoch      batch      total_loss     energy_loss     forces_loss      energy_mae     energy_rmse      forces_mae     forces_rmse
    151          0          0.0183        0.000354          0.0179          0.0127           0.023          0.0117          0.0164
    151         10           0.025        3.02e-05           0.025         0.00509         0.00671          0.0135          0.0193
    151         20          0.0169        6.63e-05          0.0169         0.00823         0.00995           0.011          0.0159


2025-11-20 17:13:43: Epoch summary:
Validation  # epoch      total_loss     energy_loss     forces_loss      energy_mae     energy_rmse      forces_mae     forces_rmse
                151          0.0142         0.00013          0.0141         0.00796          0.0107          0.0102          0.0144
Train       # epoch      total_loss     energy_loss     forces_loss      energy_mae     energy_rmse      forces_mae     forces_rmse
                151          0.0642         0.00533          0.0589          0.0688          0.0711          0.0196          0.0271


2025-11-20 17:13:43: Training
# epoch      batch      total_loss     energy_loss     forces_loss      energy_mae     energy_rmse      forces_mae     forces_rmse
    152          0          0.0919          0.0258          0.0661           0.196           0.197          0.0222          0.0314
    152         10          0.0345        0.000273          0.0342          0.0177          0.0202          0.0167          0.0226
    152         20           0.042         0.00901           0.033           0.112           0.116          0.0161          0.0222
    152         30          0.0316         0.00193          0.0297          0.0527          0.0537          0.0157          0.0211
    152         40           0.016        0.000177          0.0158          0.0157          0.0163          0.0117          0.0154
    152         50          0.0155        3.98e-05          0.0155         0.00645         0.00771          0.0118          0.0152
    152         60          0.0116        4.18e-05          0.0115         0.00638         0.00791          0.0101          0.0131
    152         70           0.018        0.000272          0.0177          0.0193          0.0202          0.0123          0.0163
    152         80          0.0201        0.000214          0.0199          0.0162          0.0179          0.0125          0.0172
    152         90          0.0152        6.18e-05          0.0151         0.00724         0.00961          0.0114           0.015
    152        100          0.0136        0.000496          0.0132          0.0267          0.0272          0.0103           0.014
    152        110          0.0153         0.00032           0.015          0.0196          0.0219          0.0106           0.015


2025-11-20 17:13:55: Validating
# epoch      batch      total_loss     energy_loss     forces_loss      energy_mae     energy_rmse      forces_mae     forces_rmse
    152          0          0.0184        0.000293          0.0181          0.0113          0.0209          0.0118          0.0164
    152         10          0.0253        2.73e-05          0.0253         0.00443         0.00639          0.0135          0.0195
    152         20          0.0171        5.03e-05           0.017         0.00705         0.00867           0.011           0.016


2025-11-20 17:13:56: Epoch summary:
Validation  # epoch      total_loss     energy_loss     forces_loss      energy_mae     energy_rmse      forces_mae     forces_rmse
                152          0.0142        0.000109          0.0141         0.00668         0.00941          0.0102          0.0143
Train       # epoch      total_loss     energy_loss     forces_loss      energy_mae     energy_rmse      forces_mae     forces_rmse
                152          0.0225         0.00188          0.0206          0.0346          0.0365          0.0128          0.0173


2025-11-20 17:13:56: Training
# epoch      batch      total_loss     energy_loss     forces_loss      energy_mae     energy_rmse      forces_mae     forces_rmse
    153          0          0.0155        0.000268          0.0152          0.0187            0.02          0.0109          0.0151
    153         10          0.0233         0.00047          0.0228          0.0209          0.0265          0.0131          0.0185
    153         20           0.017        0.000925           0.016          0.0352          0.0372          0.0116          0.0155
    153         30          0.0123         0.00046          0.0119          0.0255          0.0262            0.01          0.0133
    153         40          0.0136        0.000565           0.013          0.0275          0.0291          0.0103           0.014
    153         50          0.0119        0.000259          0.0116          0.0104          0.0197            0.01          0.0132
    153         60           0.013        6.94e-05          0.0129         0.00809          0.0102          0.0103          0.0139
    153         70          0.0115        0.000353          0.0112          0.0223           0.023         0.00964          0.0129
    153         80           0.015        3.11e-05           0.015          0.0057         0.00682          0.0112           0.015
    153         90          0.0236         0.00018          0.0234          0.0152          0.0164          0.0135          0.0187
    153        100          0.0156        0.000157          0.0155         0.00783          0.0153          0.0117          0.0152
    153        110          0.0179        0.000309          0.0176          0.0195          0.0215           0.012          0.0162


2025-11-20 17:14:07: Validating
# epoch      batch      total_loss     energy_loss     forces_loss      energy_mae     energy_rmse      forces_mae     forces_rmse
    153          0          0.0181        0.000266          0.0179          0.0109          0.0199          0.0118          0.0163
    153         10           0.025        2.48e-05           0.025         0.00443         0.00608          0.0136          0.0193
    153         20          0.0173        4.11e-05          0.0173         0.00649         0.00784           0.011          0.0161


2025-11-20 17:14:08: Epoch summary:
Validation  # epoch      total_loss     energy_loss     forces_loss      energy_mae     energy_rmse      forces_mae     forces_rmse
                153          0.0141        9.99e-05           0.014         0.00608         0.00876          0.0102          0.0143
Train       # epoch      total_loss     energy_loss     forces_loss      energy_mae     energy_rmse      forces_mae     forces_rmse
                153          0.0151        0.000545          0.0146          0.0228          0.0246          0.0109          0.0147


2025-11-20 17:14:08: Training
# epoch      batch      total_loss     energy_loss     forces_loss      energy_mae     energy_rmse      forces_mae     forces_rmse
    154          0          0.0112        0.000479          0.0107          0.0256          0.0268         0.00951          0.0127
    154         10          0.0133        8.48e-05          0.0132          0.0106          0.0113          0.0105           0.014
    154         20          0.0184         0.00107          0.0173          0.0394          0.0401           0.012          0.0161
    154         30          0.0254         0.00012          0.0252          0.0123          0.0134          0.0137          0.0194
    154         40          0.0303        0.000504          0.0298          0.0246          0.0275          0.0144          0.0211
    154         50          0.0258        0.000405          0.0254          0.0118          0.0246          0.0145          0.0195
    154         60          0.0207        0.000184          0.0205           0.014          0.0166          0.0131          0.0175
    154         70          0.0253        8.36e-05          0.0252         0.00823          0.0112          0.0135          0.0194
    154         80           0.014        8.41e-05          0.0139         0.00973          0.0112          0.0106          0.0144
    154         90          0.0222        0.000376          0.0218           0.022          0.0237          0.0132          0.0181
    154        100          0.0193        9.74e-05          0.0192          0.0112          0.0121           0.013           0.017
    154        110          0.0159        0.000157          0.0158          0.0138          0.0153          0.0118          0.0154


2025-11-20 17:14:19: Validating
# epoch      batch      total_loss     energy_loss     forces_loss      energy_mae     energy_rmse      forces_mae     forces_rmse
    154          0          0.0177         0.00026          0.0174           0.011          0.0197          0.0116          0.0161
    154         10          0.0251        2.35e-05          0.0251         0.00448         0.00592          0.0137          0.0194
    154         20          0.0176        4.11e-05          0.0176          0.0063         0.00784          0.0111          0.0162


2025-11-20 17:14:20: Epoch summary:
Validation  # epoch      total_loss     energy_loss     forces_loss      energy_mae     energy_rmse      forces_mae     forces_rmse
                154          0.0141        9.43e-05           0.014         0.00572         0.00845          0.0102          0.0143
Train       # epoch      total_loss     energy_loss     forces_loss      energy_mae     energy_rmse      forces_mae     forces_rmse
                154          0.0217         0.00065          0.0211          0.0252          0.0274          0.0127          0.0175


2025-11-20 17:14:20: Training
# epoch      batch      total_loss     energy_loss     forces_loss      energy_mae     energy_rmse      forces_mae     forces_rmse
    155          0          0.0226        0.000754          0.0218          0.0328          0.0336          0.0132          0.0181
    155         10          0.0225         0.00129          0.0212            0.04          0.0439          0.0132          0.0178
    155         20           0.041        0.000686          0.0403          0.0298           0.032          0.0177          0.0246
    155         30          0.0353        0.000315           0.035          0.0151          0.0217          0.0153          0.0229
    155         40          0.0339        0.000641          0.0332          0.0282          0.0309          0.0158          0.0223
    155         50          0.0286        7.75e-05          0.0286         0.00864          0.0108          0.0148          0.0207
    155         60          0.0251         0.00264          0.0225          0.0618          0.0628          0.0136          0.0183
    155         70          0.0467         0.00342          0.0433          0.0692          0.0715           0.018          0.0255
    155         80          0.0383        3.11e-05          0.0383         0.00551         0.00682          0.0164          0.0239
    155         90          0.0169        6.91e-05          0.0169         0.00832          0.0102          0.0117          0.0159
    155        100          0.0153        0.000546          0.0148          0.0275          0.0286           0.011          0.0149
    155        110          0.0158        5.73e-05          0.0158         0.00799         0.00925          0.0115          0.0153


2025-11-20 17:14:32: Validating
# epoch      batch      total_loss     energy_loss     forces_loss      energy_mae     energy_rmse      forces_mae     forces_rmse
    155          0          0.0176        0.000256          0.0173          0.0111          0.0196          0.0116          0.0161
    155         10          0.0248        2.61e-05          0.0248          0.0051         0.00625          0.0135          0.0193
    155         20          0.0182        3.75e-05          0.0181           0.006         0.00749          0.0111          0.0165


2025-11-20 17:14:33: Epoch summary:
Validation  # epoch      total_loss     energy_loss     forces_loss      energy_mae     energy_rmse      forces_mae     forces_rmse
                155          0.0141         9.2e-05           0.014         0.00566         0.00839          0.0102          0.0143
Train       # epoch      total_loss     energy_loss     forces_loss      energy_mae     energy_rmse      forces_mae     forces_rmse
                155          0.0291         0.00095          0.0281           0.029          0.0314          0.0145          0.0202


2025-11-20 17:14:33: Training
# epoch      batch      total_loss     energy_loss     forces_loss      energy_mae     energy_rmse      forces_mae     forces_rmse
    156          0          0.0156        1.26e-05          0.0156         0.00344         0.00434          0.0114          0.0153
    156         10          0.0162        0.000693          0.0155          0.0214          0.0322          0.0114          0.0152
    156         20          0.0183         0.00025           0.018          0.0173          0.0193          0.0126          0.0164
    156         30          0.0158        0.000605          0.0152          0.0292          0.0301          0.0113          0.0151
    156         40          0.0147        0.000175          0.0145          0.0157          0.0162          0.0109          0.0147
    156         50          0.0157        0.000105          0.0156          0.0111          0.0125          0.0113          0.0153
    156         60          0.0152         0.00139          0.0138          0.0437          0.0456          0.0107          0.0144
    156         70          0.0282        0.000343          0.0278          0.0215          0.0226          0.0122          0.0204
    156         80           0.012        0.000678          0.0113          0.0264          0.0318         0.00956           0.013
    156         90          0.0104        2.88e-05          0.0104         0.00519         0.00657         0.00947          0.0125
    156        100          0.0171         0.00144          0.0157          0.0458          0.0464          0.0113          0.0153
    156        110           0.014        0.000335          0.0136          0.0214          0.0224          0.0107          0.0143


2025-11-20 17:14:45: Validating
# epoch      batch      total_loss     energy_loss     forces_loss      energy_mae     energy_rmse      forces_mae     forces_rmse
    156          0          0.0172        0.000251           0.017          0.0106          0.0194          0.0115          0.0159
    156         10          0.0247        2.72e-05          0.0247         0.00523         0.00637          0.0134          0.0192
    156         20          0.0177        3.24e-05          0.0176         0.00558         0.00697          0.0111          0.0162


2025-11-20 17:14:47: Epoch summary:
Validation  # epoch      total_loss     energy_loss     forces_loss      energy_mae     energy_rmse      forces_mae     forces_rmse
                156          0.0141         8.9e-05           0.014         0.00538         0.00809          0.0101          0.0143
Train       # epoch      total_loss     energy_loss     forces_loss      energy_mae     energy_rmse      forces_mae     forces_rmse
                156          0.0164        0.000486           0.016          0.0215          0.0233          0.0114          0.0154


2025-11-20 17:14:47: Training
# epoch      batch      total_loss     energy_loss     forces_loss      energy_mae     energy_rmse      forces_mae     forces_rmse
    157          0          0.0158        0.000239          0.0155           0.018          0.0189          0.0109          0.0152
    157         10          0.0129        0.000202          0.0127          0.0157          0.0174          0.0102          0.0138
    157         20          0.0138        0.000221          0.0136          0.0167          0.0182          0.0106          0.0142
    157         30          0.0176        0.000734          0.0169          0.0321          0.0331          0.0117          0.0159
    157         40          0.0158        7.29e-05          0.0157         0.00882          0.0104          0.0118          0.0153
    157         50          0.0119         0.00199         0.00996           0.054          0.0545         0.00917          0.0122
    157         60           0.016        4.19e-05           0.016         0.00661         0.00792          0.0115          0.0155
    157         70          0.0173        9.13e-05          0.0172         0.00925          0.0117           0.012           0.016
    157         80          0.0175        0.000583          0.0169          0.0286          0.0295          0.0115          0.0159
    157         90          0.0655        0.000231          0.0652          0.0142          0.0186          0.0214          0.0312
    157        100          0.0301        0.000944          0.0291          0.0363          0.0376          0.0158          0.0209
    157        110           0.024        8.08e-05          0.0239         0.00911           0.011          0.0141          0.0189


2025-11-20 17:14:59: Validating
# epoch      batch      total_loss     energy_loss     forces_loss      energy_mae     energy_rmse      forces_mae     forces_rmse
    157          0          0.0174        0.000246          0.0171          0.0108          0.0192          0.0115           0.016
    157         10          0.0246        2.28e-05          0.0246         0.00478         0.00584          0.0134          0.0192
    157         20          0.0177        3.56e-05          0.0177         0.00578          0.0073          0.0109          0.0163


2025-11-20 17:15:00: Epoch summary:
Validation  # epoch      total_loss     energy_loss     forces_loss      energy_mae     energy_rmse      forces_mae     forces_rmse
                157          0.0141        9.08e-05           0.014         0.00546         0.00818          0.0101          0.0143
Train       # epoch      total_loss     energy_loss     forces_loss      energy_mae     energy_rmse      forces_mae     forces_rmse
                157          0.0208        0.000527          0.0203          0.0221          0.0246          0.0124           0.017


2025-11-20 17:15:00: Training
# epoch      batch      total_loss     energy_loss     forces_loss      energy_mae     energy_rmse      forces_mae     forces_rmse
    158          0          0.0277          0.0014          0.0263          0.0453          0.0458          0.0143          0.0198
    158         10          0.0208        0.000533          0.0202          0.0274          0.0282          0.0131          0.0174
    158         20          0.0279        0.000584          0.0273          0.0287          0.0296          0.0145          0.0202
    158         30          0.0223        0.000469          0.0219          0.0176          0.0265          0.0135          0.0181
    158         40           0.019          0.0014          0.0176          0.0453          0.0458          0.0121          0.0162
    158         50          0.0135        0.000422          0.0131          0.0236          0.0251          0.0105           0.014
    158         60          0.0157        0.000246          0.0154          0.0168          0.0192          0.0115          0.0152
    158         70          0.0156        0.000487          0.0151          0.0258           0.027          0.0111           0.015
    158         80          0.0153        0.000126          0.0152          0.0109          0.0137          0.0114          0.0151
    158         90          0.0155        7.81e-05          0.0154         0.00896          0.0108          0.0115          0.0152
    158        100          0.0148        0.000177          0.0147          0.0157          0.0163          0.0111          0.0148
    158        110          0.0235        0.000332          0.0231          0.0155          0.0223          0.0132          0.0186


2025-11-20 17:15:13: Validating
# epoch      batch      total_loss     energy_loss     forces_loss      energy_mae     energy_rmse      forces_mae     forces_rmse
    158          0          0.0173        0.000244          0.0171          0.0106          0.0191          0.0115           0.016
    158         10           0.025        2.29e-05           0.025         0.00459         0.00585          0.0136          0.0193
    158         20          0.0167        3.96e-05          0.0167         0.00596         0.00769          0.0108          0.0158


2025-11-20 17:15:14: Epoch summary:
Validation  # epoch      total_loss     energy_loss     forces_loss      energy_mae     energy_rmse      forces_mae     forces_rmse
                158          0.0141        9.18e-05          0.0141         0.00551         0.00825          0.0101          0.0143
Train       # epoch      total_loss     energy_loss     forces_loss      energy_mae     energy_rmse      forces_mae     forces_rmse
                158          0.0181        0.000466          0.0176          0.0206          0.0227          0.0119          0.0161


2025-11-20 17:15:14: Training
# epoch      batch      total_loss     energy_loss     forces_loss      energy_mae     energy_rmse      forces_mae     forces_rmse
    159          0          0.0352        0.000261          0.0349          0.0178          0.0197           0.015          0.0228
    159         10          0.0214        0.000142          0.0213          0.0098          0.0146          0.0132          0.0178
    159         20           0.017        0.000225          0.0168          0.0168          0.0183          0.0119          0.0158
    159         30          0.0137         0.00031          0.0134          0.0206          0.0215          0.0108          0.0142
    159         40          0.0192        0.000628          0.0186          0.0161          0.0306          0.0125          0.0167
    159         50           0.015        0.000627          0.0144          0.0302          0.0306           0.011          0.0147
    159         60          0.0136         0.00101          0.0126          0.0381          0.0389          0.0103          0.0137
    159         70          0.0138        0.000147          0.0136          0.0132          0.0148           0.011          0.0143
    159         80          0.0159        4.74e-05          0.0158         0.00755         0.00842          0.0116          0.0154
    159         90          0.0228         0.00213          0.0206          0.0547          0.0565          0.0129          0.0176
    159        100          0.0264         0.00076          0.0256          0.0319          0.0337          0.0138          0.0196
    159        110          0.0272        0.000117          0.0271          0.0118          0.0132          0.0145          0.0201


2025-11-20 17:15:25: Validating
# epoch      batch      total_loss     energy_loss     forces_loss      energy_mae     energy_rmse      forces_mae     forces_rmse
    159          0          0.0175        0.000262          0.0173          0.0107          0.0198          0.0115          0.0161
    159         10           0.025        2.46e-05          0.0249         0.00476         0.00606          0.0135          0.0193
    159         20          0.0165        3.83e-05          0.0164         0.00576         0.00757          0.0108          0.0157


2025-11-20 17:15:26: Epoch summary:
Validation  # epoch      total_loss     energy_loss     forces_loss      energy_mae     energy_rmse      forces_mae     forces_rmse
                159          0.0141        9.28e-05           0.014         0.00542         0.00819          0.0101          0.0143
Train       # epoch      total_loss     energy_loss     forces_loss      energy_mae     energy_rmse      forces_mae     forces_rmse
                159          0.0204        0.000821          0.0196          0.0282          0.0302          0.0123          0.0169


2025-11-20 17:15:26: Training
# epoch      batch      total_loss     energy_loss     forces_loss      energy_mae     energy_rmse      forces_mae     forces_rmse
    160          0          0.0181        0.000576          0.0175          0.0282          0.0294           0.012          0.0162
    160         10          0.0212        0.000687          0.0205          0.0293          0.0321          0.0127          0.0175
    160         20          0.0306         0.00325          0.0273          0.0688          0.0697          0.0144          0.0202
    160         30           0.019        0.000102          0.0189          0.0111          0.0123          0.0123          0.0168
    160         40          0.0287          0.0089          0.0198           0.115           0.115          0.0126          0.0172
    160         50           0.018        0.000659          0.0174          0.0304          0.0314          0.0117          0.0161
    160         60          0.0152        8.23e-05          0.0151         0.00844          0.0111          0.0114           0.015
    160         70           0.016        0.000166          0.0158          0.0143          0.0158          0.0114          0.0154
    160         80          0.0424          0.0234           0.019           0.187           0.187          0.0129          0.0168
    160         90          0.0212        0.000863          0.0203          0.0345          0.0359          0.0131          0.0174
    160        100          0.0335         0.00542          0.0281          0.0898            0.09          0.0138          0.0205
    160        110          0.0366         0.00469          0.0319          0.0828          0.0837          0.0159          0.0218


2025-11-20 17:15:37: Validating
# epoch      batch      total_loss     energy_loss     forces_loss      energy_mae     energy_rmse      forces_mae     forces_rmse
    160          0          0.0177        0.000252          0.0175          0.0103          0.0194          0.0115          0.0162
    160         10          0.0255         3.4e-05          0.0254         0.00525         0.00713          0.0136          0.0195
    160         20          0.0164        4.25e-05          0.0164         0.00598         0.00797          0.0108          0.0157


2025-11-20 17:15:38: Epoch summary:
Validation  # epoch      total_loss     energy_loss     forces_loss      energy_mae     energy_rmse      forces_mae     forces_rmse
                160          0.0142        9.08e-05          0.0141         0.00539         0.00817          0.0101          0.0143
Train       # epoch      total_loss     energy_loss     forces_loss      energy_mae     energy_rmse      forces_mae     forces_rmse
                160          0.0267         0.00325          0.0234          0.0531          0.0548          0.0134          0.0185


2025-11-20 17:15:38: Training
# epoch      batch      total_loss     energy_loss     forces_loss      energy_mae     energy_rmse      forces_mae     forces_rmse
    161          0          0.0231        0.000684          0.0224          0.0313           0.032          0.0138          0.0183
    161         10          0.0442         0.00472          0.0395          0.0813           0.084          0.0164          0.0243
    161         20          0.0275         0.00103          0.0265          0.0375          0.0393          0.0151          0.0199
    161         30          0.0535          0.0155           0.038           0.152           0.152          0.0165          0.0239
    161         40          0.0322        0.000348          0.0319          0.0142          0.0228          0.0167          0.0218
    161         50          0.0294         0.00156          0.0278          0.0478          0.0483          0.0145          0.0204
    161         60          0.0308         0.00139          0.0294          0.0436          0.0456          0.0147           0.021
    161         70          0.0921         0.00158          0.0906          0.0435          0.0485           0.023          0.0368
    161         80           0.159         0.00117           0.158          0.0287          0.0417          0.0316          0.0486
    161         90          0.0842          0.0021          0.0821          0.0553          0.0561           0.026           0.035
    161        100          0.0756        0.000627           0.075          0.0279          0.0306           0.024          0.0335
    161        110          0.0553        0.000682          0.0546          0.0259          0.0319          0.0205          0.0286


2025-11-20 17:15:49: Validating
# epoch      batch      total_loss     energy_loss     forces_loss      energy_mae     energy_rmse      forces_mae     forces_rmse
    161          0           0.018         0.00026          0.0178           0.011          0.0197          0.0116          0.0163
    161         10          0.0255        2.42e-05          0.0255         0.00439         0.00601          0.0137          0.0195
    161         20          0.0173        4.31e-05          0.0172         0.00627         0.00803          0.0111          0.0161


2025-11-20 17:15:51: Epoch summary:
Validation  # epoch      total_loss     energy_loss     forces_loss      energy_mae     energy_rmse      forces_mae     forces_rmse
                161          0.0144        0.000103          0.0143         0.00626         0.00902          0.0102          0.0144
Train       # epoch      total_loss     energy_loss     forces_loss      energy_mae     energy_rmse      forces_mae     forces_rmse
                161          0.0578         0.00347          0.0543          0.0561          0.0587          0.0193          0.0272


2025-11-20 17:15:51: Training
# epoch      batch      total_loss     energy_loss     forces_loss      energy_mae     energy_rmse      forces_mae     forces_rmse
    162          0          0.0405         0.00332          0.0371          0.0673          0.0705          0.0174          0.0236
    162         10           0.029         0.00147          0.0275          0.0457          0.0469          0.0156          0.0203
    162         20          0.0211        0.000443          0.0206          0.0232          0.0257          0.0135          0.0176
    162         30          0.0256        0.000969          0.0246          0.0374          0.0381          0.0142          0.0192
    162         40          0.0161        0.000985          0.0152          0.0378          0.0384           0.011          0.0151
    162         50           0.013        0.000148          0.0128          0.0142          0.0149          0.0109          0.0138
    162         60          0.0148         0.00122          0.0136          0.0419          0.0428          0.0107          0.0143
    162         70          0.0246         0.00125          0.0234          0.0419          0.0432          0.0134          0.0187
    162         80          0.0169        0.000525          0.0164          0.0263           0.028          0.0114          0.0156
    162         90          0.0261           9e-05           0.026         0.00951          0.0116          0.0142          0.0197
    162        100          0.0145          0.0013          0.0132          0.0439          0.0441          0.0105           0.014
    162        110          0.0149        0.000362          0.0146          0.0224          0.0233          0.0111          0.0148


2025-11-20 17:16:02: Validating
# epoch      batch      total_loss     energy_loss     forces_loss      energy_mae     energy_rmse      forces_mae     forces_rmse
    162          0           0.018        0.000275          0.0177          0.0112          0.0203          0.0116          0.0163
    162         10          0.0255        2.15e-05          0.0255         0.00431         0.00568          0.0138          0.0195
    162         20          0.0178        3.87e-05          0.0177         0.00566          0.0076          0.0111          0.0163


2025-11-20 17:16:03: Epoch summary:
Validation  # epoch      total_loss     energy_loss     forces_loss      energy_mae     energy_rmse      forces_mae     forces_rmse
                162          0.0144        9.78e-05          0.0143         0.00589         0.00862          0.0102          0.0144
Train       # epoch      total_loss     energy_loss     forces_loss      energy_mae     energy_rmse      forces_mae     forces_rmse
                162          0.0196        0.000826          0.0188          0.0288          0.0308          0.0123          0.0166


2025-11-20 17:16:03: Training
# epoch      batch      total_loss     energy_loss     forces_loss      energy_mae     energy_rmse      forces_mae     forces_rmse
    163          0          0.0145        0.000465          0.0141          0.0256          0.0264          0.0108          0.0145
    163         10          0.0168        0.000291          0.0165          0.0196          0.0209          0.0117          0.0157
    163         20          0.0163         0.00119          0.0151          0.0415          0.0422          0.0113           0.015
    163         30           0.013        0.000297          0.0127         0.00974          0.0211          0.0102          0.0138
    163         40          0.0121        0.000473          0.0116          0.0258          0.0266         0.00992          0.0132
    163         50          0.0294        0.000287          0.0292          0.0156          0.0207          0.0147          0.0209
    163         60          0.0233          0.0021          0.0212          0.0556          0.0561          0.0134          0.0178
    163         70           0.032         0.00701           0.025           0.101           0.102          0.0137          0.0193
    163         80          0.0172         0.00125          0.0159          0.0423          0.0433          0.0115          0.0154
    163         90          0.0198         0.00214          0.0177          0.0559          0.0566          0.0124          0.0163
    163        100          0.0346         0.00129          0.0333          0.0419          0.0439          0.0148          0.0223
    163        110          0.0316          0.0115          0.0202           0.131           0.131          0.0133          0.0174


2025-11-20 17:16:14: Validating
# epoch      batch      total_loss     energy_loss     forces_loss      energy_mae     energy_rmse      forces_mae     forces_rmse
    163          0          0.0179        0.000292          0.0176          0.0114          0.0209          0.0115          0.0162
    163         10          0.0246        2.65e-05          0.0246         0.00475          0.0063          0.0136          0.0192
    163         20          0.0171        3.31e-05          0.0171         0.00519         0.00704          0.0109           0.016


2025-11-20 17:16:16: Epoch summary:
Validation  # epoch      total_loss     energy_loss     forces_loss      energy_mae     energy_rmse      forces_mae     forces_rmse
                163          0.0142        9.53e-05          0.0141         0.00554         0.00832          0.0102          0.0143
Train       # epoch      total_loss     energy_loss     forces_loss      energy_mae     energy_rmse      forces_mae     forces_rmse
                163          0.0219         0.00216          0.0197          0.0442          0.0463          0.0123          0.0169


2025-11-20 17:16:16: Training
# epoch      batch      total_loss     energy_loss     forces_loss      energy_mae     energy_rmse      forces_mae     forces_rmse
    164          0          0.0262         0.00789          0.0183           0.108           0.109           0.012          0.0165
    164         10          0.0272         0.00418           0.023          0.0786          0.0791          0.0137          0.0185
    164         20           0.016        2.38e-05           0.016         0.00442         0.00596          0.0113          0.0155
    164         30          0.0159         0.00162          0.0142          0.0473          0.0492          0.0112          0.0146
    164         40          0.0191         0.00151          0.0175          0.0471          0.0475           0.012          0.0162
    164         50          0.0165        6.06e-05          0.0164         0.00802         0.00952          0.0114          0.0157
    164         60          0.0139         0.00134          0.0126           0.044          0.0447          0.0104          0.0137
    164         70          0.0179        8.09e-05          0.0178         0.00981           0.011           0.012          0.0163
    164         80          0.0375        0.000215          0.0373          0.0152          0.0179          0.0161          0.0236
    164         90          0.0255          0.0025           0.023            0.06          0.0612          0.0132          0.0185
    164        100          0.0201        4.49e-05            0.02         0.00695         0.00819          0.0135          0.0173
    164        110          0.0204        0.000183          0.0202          0.0155          0.0165          0.0128          0.0174


2025-11-20 17:16:26: Validating
# epoch      batch      total_loss     energy_loss     forces_loss      energy_mae     energy_rmse      forces_mae     forces_rmse
    164          0           0.018        0.000287          0.0177          0.0114          0.0207          0.0115          0.0163
    164         10          0.0244        3.06e-05          0.0244         0.00526         0.00677          0.0135          0.0191
    164         20           0.017        3.73e-05           0.017         0.00572         0.00747          0.0109          0.0159


2025-11-20 17:16:27: Epoch summary:
Validation  # epoch      total_loss     energy_loss     forces_loss      energy_mae     energy_rmse      forces_mae     forces_rmse
                164          0.0141        9.56e-05           0.014         0.00558         0.00837          0.0101          0.0143
Train       # epoch      total_loss     energy_loss     forces_loss      energy_mae     energy_rmse      forces_mae     forces_rmse
                164          0.0199         0.00144          0.0185          0.0363          0.0381          0.0122          0.0165


2025-11-20 17:16:27: Training
# epoch      batch      total_loss     energy_loss     forces_loss      energy_mae     energy_rmse      forces_mae     forces_rmse
    165          0          0.0168        0.000765           0.016          0.0149          0.0338          0.0114          0.0155
    165         10          0.0158         0.00236          0.0134          0.0587          0.0594          0.0106          0.0141
    165         20           0.016        6.09e-05           0.016         0.00734         0.00954          0.0115          0.0154
    165         30          0.0124        0.000173          0.0123          0.0143          0.0161          0.0102          0.0135
    165         40          0.0112        2.99e-05          0.0111         0.00469         0.00668         0.00965          0.0129
    165         50          0.0164        5.54e-05          0.0164          0.0061          0.0091          0.0114          0.0157
    165         60          0.0198         0.00145          0.0184          0.0457          0.0466          0.0121          0.0166
    165         70          0.0153         0.00209          0.0132          0.0553          0.0559          0.0104           0.014
    165         80          0.0175         0.00359          0.0139           0.073          0.0733          0.0108          0.0144
    165         90          0.0193         0.00193          0.0174           0.053          0.0537          0.0119          0.0161
    165        100           0.014         0.00364          0.0104          0.0722          0.0738          0.0095          0.0125
    165        110          0.0154        0.000587          0.0148          0.0149          0.0296          0.0108          0.0149


2025-11-20 17:16:38: Validating
# epoch      batch      total_loss     energy_loss     forces_loss      energy_mae     energy_rmse      forces_mae     forces_rmse
    165          0          0.0178        0.000293          0.0175          0.0115          0.0209          0.0115          0.0162
    165         10          0.0252        3.05e-05          0.0252         0.00531         0.00675          0.0135          0.0194
    165         20          0.0171        3.74e-05           0.017         0.00573         0.00748          0.0109           0.016


2025-11-20 17:16:39: Epoch summary:
Validation  # epoch      total_loss     energy_loss     forces_loss      energy_mae     energy_rmse      forces_mae     forces_rmse
                165          0.0141        9.58e-05           0.014         0.00557         0.00834          0.0101          0.0143
Train       # epoch      total_loss     energy_loss     forces_loss      energy_mae     energy_rmse      forces_mae     forces_rmse
                165          0.0161        0.000837          0.0153          0.0278            0.03          0.0111           0.015


2025-11-20 17:16:39: Training
# epoch      batch      total_loss     energy_loss     forces_loss      energy_mae     energy_rmse      forces_mae     forces_rmse
    166          0           0.014        0.000719          0.0133          0.0317          0.0328          0.0106          0.0141
    166         10          0.0139        0.000554          0.0134          0.0281          0.0288          0.0105          0.0141
    166         20          0.0123        0.000101          0.0122          0.0109          0.0123          0.0103          0.0135
    166         30          0.0123        0.000108          0.0122          0.0117          0.0127         0.00968          0.0135
    166         40          0.0147        8.65e-05          0.0146         0.00819          0.0114           0.011          0.0148
    166         50          0.0152        0.000636          0.0145          0.0297          0.0308          0.0108          0.0147
    166         60          0.0124        0.000114          0.0123         0.00864          0.0131         0.00997          0.0136
    166         70          0.0168        0.000666          0.0161          0.0311          0.0316          0.0117          0.0155
    166         80          0.0197         0.00193          0.0178          0.0532          0.0537          0.0119          0.0163
    166         90          0.0357         0.00913          0.0266           0.116           0.117          0.0142          0.0199
    166        100          0.0335        0.000328          0.0331          0.0202          0.0221          0.0161          0.0223
    166        110          0.0231        0.000547          0.0225           0.027          0.0286          0.0132          0.0184


2025-11-20 17:16:49: Validating
# epoch      batch      total_loss     energy_loss     forces_loss      energy_mae     energy_rmse      forces_mae     forces_rmse
    166          0          0.0175        0.000277          0.0172          0.0114          0.0204          0.0114           0.016
    166         10          0.0254        2.85e-05          0.0254         0.00499         0.00653          0.0136          0.0195
    166         20          0.0166        4.16e-05          0.0165         0.00619         0.00788          0.0108          0.0157


2025-11-20 17:16:51: Epoch summary:
Validation  # epoch      total_loss     energy_loss     forces_loss      energy_mae     energy_rmse      forces_mae     forces_rmse
                166          0.0141         9.4e-05           0.014          0.0055         0.00828          0.0101          0.0143
Train       # epoch      total_loss     energy_loss     forces_loss      energy_mae     energy_rmse      forces_mae     forces_rmse
                166          0.0186        0.000809          0.0178          0.0256          0.0278          0.0117           0.016


2025-11-20 17:16:51: Training
# epoch      batch      total_loss     energy_loss     forces_loss      energy_mae     energy_rmse      forces_mae     forces_rmse
    167          0          0.0299        0.000628          0.0293          0.0292          0.0306          0.0137          0.0209
    167         10          0.0208         0.00024          0.0206          0.0173          0.0189          0.0127          0.0176
    167         20          0.0151        0.000359          0.0147          0.0216          0.0232           0.011          0.0148
    167         30          0.0159        7.19e-05          0.0159          0.0085          0.0104          0.0113          0.0154
    167         40           0.014         0.00114          0.0129          0.0404          0.0412          0.0105          0.0139
    167         50          0.0172        0.000127          0.0171          0.0091          0.0138           0.012           0.016
    167         60          0.0422        0.000185           0.042          0.0153          0.0166          0.0178          0.0251
    167         70          0.0226         0.00329          0.0193          0.0696          0.0701           0.013           0.017
    167         80          0.0288        0.000436          0.0284          0.0211          0.0255          0.0148          0.0206
    167         90          0.0315          0.0136           0.018           0.142           0.142           0.012          0.0164
    167        100          0.0235         0.00031          0.0232          0.0196          0.0215          0.0137          0.0186
    167        110          0.0337         0.00115          0.0326          0.0377          0.0415          0.0162          0.0221


2025-11-20 17:17:02: Validating
# epoch      batch      total_loss     energy_loss     forces_loss      energy_mae     energy_rmse      forces_mae     forces_rmse
    167          0          0.0178         0.00032          0.0175          0.0122          0.0219          0.0115          0.0162
    167         10           0.027        3.07e-05           0.027           0.005         0.00678          0.0139          0.0201
    167         20          0.0166        3.68e-05          0.0166         0.00601         0.00741          0.0108          0.0158


2025-11-20 17:17:04: Epoch summary:
Validation  # epoch      total_loss     energy_loss     forces_loss      energy_mae     energy_rmse      forces_mae     forces_rmse
                167          0.0141        9.94e-05           0.014         0.00576         0.00851          0.0101          0.0143
Train       # epoch      total_loss     energy_loss     forces_loss      energy_mae     energy_rmse      forces_mae     forces_rmse
                167          0.0251          0.0024          0.0226          0.0463          0.0483          0.0132          0.0182


2025-11-20 17:17:04: Training
# epoch      batch      total_loss     energy_loss     forces_loss      energy_mae     energy_rmse      forces_mae     forces_rmse
    168          0          0.0478          0.0118           0.036           0.132           0.133          0.0147          0.0232
    168         10          0.0469         0.00566          0.0413          0.0908           0.092          0.0177          0.0248
    168         20          0.0375         0.00182          0.0357          0.0482          0.0521          0.0167          0.0231
    168         30           0.017         0.00146          0.0155          0.0456          0.0466          0.0116          0.0152
    168         40          0.0224        0.000416           0.022          0.0235          0.0249           0.013          0.0181
    168         50          0.0232         0.00172          0.0215          0.0499          0.0507          0.0131          0.0179
    168         60          0.0185         0.00176          0.0167          0.0468          0.0513          0.0118          0.0158
    168         70          0.0157        0.000941          0.0147          0.0371          0.0375           0.011          0.0148
    168         80           0.015         0.00063          0.0143          0.0292          0.0307          0.0109          0.0146
    168         90          0.0177         0.00179          0.0159          0.0507          0.0518          0.0114          0.0154
    168        100          0.0238        0.000147          0.0237          0.0112          0.0148          0.0133          0.0188
    168        110          0.0178        0.000128          0.0176          0.0119          0.0138          0.0123          0.0162


2025-11-20 17:17:16: Validating
# epoch      batch      total_loss     energy_loss     forces_loss      energy_mae     energy_rmse      forces_mae     forces_rmse
    168          0          0.0178        0.000296          0.0175          0.0115           0.021          0.0114          0.0162
    168         10          0.0262        2.31e-05          0.0262         0.00483         0.00588          0.0137          0.0198
    168         20           0.017        3.64e-05           0.017         0.00576         0.00737          0.0109          0.0159


2025-11-20 17:17:17: Epoch summary:
Validation  # epoch      total_loss     energy_loss     forces_loss      energy_mae     energy_rmse      forces_mae     forces_rmse
                168          0.0142        9.61e-05          0.0141          0.0055         0.00827          0.0101          0.0143
Train       # epoch      total_loss     energy_loss     forces_loss      energy_mae     energy_rmse      forces_mae     forces_rmse
                168           0.024         0.00284          0.0212          0.0494           0.051          0.0129          0.0176


2025-11-20 17:17:17: Training
# epoch      batch      total_loss     energy_loss     forces_loss      energy_mae     energy_rmse      forces_mae     forces_rmse
    169          0          0.0432         0.00129          0.0419            0.04          0.0438          0.0177           0.025
    169         10          0.0275         0.00968          0.0179            0.12            0.12          0.0118          0.0163
    169         20           0.022         0.00364          0.0184           0.073          0.0738          0.0119          0.0166
    169         30          0.0169         0.00389           0.013          0.0759          0.0763          0.0103          0.0139
    169         40          0.0163        7.43e-05          0.0162         0.00849          0.0105          0.0116          0.0156
    169         50          0.0186         0.00053          0.0181          0.0269          0.0282          0.0122          0.0164
    169         60          0.0146        5.32e-05          0.0145         0.00801         0.00892          0.0104          0.0147
    169         70          0.0178         0.00078           0.017          0.0334          0.0341          0.0118          0.0159
    169         80          0.0285         0.00187          0.0266          0.0515          0.0529          0.0148          0.0199
    169         90           0.019        0.000935          0.0181          0.0362          0.0374          0.0109          0.0164
    169        100          0.0283        0.000424          0.0278          0.0238          0.0252          0.0141          0.0204
    169        110          0.0109        0.000446          0.0105          0.0254          0.0258         0.00945          0.0125


2025-11-20 17:17:29: Validating
# epoch      batch      total_loss     energy_loss     forces_loss      energy_mae     energy_rmse      forces_mae     forces_rmse
    169          0           0.018        0.000288          0.0177          0.0112          0.0208          0.0115          0.0163
    169         10          0.0254        2.22e-05          0.0253         0.00492         0.00576          0.0136          0.0195
    169         20          0.0166        3.96e-05          0.0165         0.00619         0.00769          0.0109          0.0157


2025-11-20 17:17:30: Epoch summary:
Validation  # epoch      total_loss     energy_loss     forces_loss      energy_mae     energy_rmse      forces_mae     forces_rmse
                169           0.014        9.37e-05          0.0139         0.00541         0.00819          0.0101          0.0142
Train       # epoch      total_loss     energy_loss     forces_loss      energy_mae     energy_rmse      forces_mae     forces_rmse
                169          0.0194         0.00175          0.0177          0.0412          0.0427          0.0118          0.0161


2025-11-20 17:17:30: Training
# epoch      batch      total_loss     energy_loss     forces_loss      energy_mae     energy_rmse      forces_mae     forces_rmse
    170          0          0.0204         0.00121          0.0192          0.0376          0.0426          0.0128          0.0169
    170         10          0.0118        0.000767          0.0111          0.0331          0.0339         0.00966          0.0129
    170         20          0.0168         0.00223          0.0145          0.0575          0.0577          0.0109          0.0147
    170         30          0.0146        0.000494          0.0142          0.0255          0.0272          0.0111          0.0145
    170         40          0.0171        0.000703          0.0164          0.0313          0.0324          0.0114          0.0157
    170         50          0.0102        0.000138            0.01          0.0133          0.0144         0.00936          0.0122
    170         60          0.0227        1.47e-05          0.0227         0.00358          0.0047          0.0128          0.0184
    170         70          0.0163          0.0011          0.0152          0.0396          0.0405          0.0112          0.0151
    170         80          0.0187         0.00035          0.0184          0.0153          0.0229          0.0123          0.0166
    170         90          0.0154        0.000266          0.0151          0.0177          0.0199          0.0115           0.015
    170        100          0.0152        0.000614          0.0146          0.0298          0.0303          0.0112          0.0148
    170        110          0.0148         0.00141          0.0134          0.0456          0.0459          0.0107          0.0142


2025-11-20 17:17:42: Validating
# epoch      batch      total_loss     energy_loss     forces_loss      energy_mae     energy_rmse      forces_mae     forces_rmse
    170          0          0.0182        0.000254          0.0179          0.0105          0.0195          0.0116          0.0164
    170         10          0.0249        2.14e-05          0.0249         0.00441         0.00566          0.0134          0.0193
    170         20          0.0163        3.72e-05          0.0162         0.00589         0.00745          0.0108          0.0156


2025-11-20 17:17:44: Epoch summary:
Validation  # epoch      total_loss     energy_loss     forces_loss      energy_mae     energy_rmse      forces_mae     forces_rmse
                170          0.0139        8.98e-05          0.0138         0.00529         0.00806            0.01          0.0142
Train       # epoch      total_loss     energy_loss     forces_loss      energy_mae     energy_rmse      forces_mae     forces_rmse
                170          0.0163        0.000784          0.0155          0.0283            0.03          0.0112          0.0151


2025-11-20 17:17:44: Training
# epoch      batch      total_loss     energy_loss     forces_loss      energy_mae     energy_rmse      forces_mae     forces_rmse
    171          0          0.0128        0.000109          0.0127          0.0108          0.0127          0.0102          0.0138
    171         10         0.00926         3.3e-05         0.00923         0.00613         0.00703         0.00896          0.0117
    171         20          0.0142        0.000485          0.0138          0.0254          0.0269          0.0106          0.0143
    171         30          0.0112        0.000174           0.011          0.0155          0.0161         0.00934          0.0128
    171         40          0.0119         0.00077          0.0111          0.0337          0.0339         0.00963          0.0129
    171         50          0.0133        0.000858          0.0125           0.035          0.0358          0.0103          0.0136
    171         60          0.0167         0.00306          0.0137          0.0674          0.0677          0.0106          0.0143
    171         70          0.0161         0.00051          0.0155           0.027          0.0276          0.0115          0.0152
    171         80          0.0162        0.000359          0.0158          0.0216          0.0232          0.0111          0.0154
    171         90          0.0189         0.00183          0.0171          0.0505          0.0524          0.0118           0.016
    171        100          0.0176         0.00265          0.0149          0.0627           0.063          0.0114          0.0149
    171        110          0.0163        0.000964          0.0153          0.0375           0.038          0.0111          0.0151


2025-11-20 17:17:55: Validating
# epoch      batch      total_loss     energy_loss     forces_loss      energy_mae     energy_rmse      forces_mae     forces_rmse
    171          0          0.0179        0.000242          0.0177          0.0106           0.019          0.0115          0.0163
    171         10          0.0258        2.42e-05          0.0258         0.00469         0.00602          0.0136          0.0196
    171         20          0.0163        3.44e-05          0.0162         0.00566         0.00717          0.0108          0.0156


2025-11-20 17:17:57: Epoch summary:
Validation  # epoch      total_loss     energy_loss     forces_loss      energy_mae     energy_rmse      forces_mae     forces_rmse
                171           0.014        8.73e-05          0.0139         0.00522         0.00795            0.01          0.0142
Train       # epoch      total_loss     energy_loss     forces_loss      energy_mae     energy_rmse      forces_mae     forces_rmse
                171          0.0154         0.00132          0.0141          0.0346          0.0362          0.0107          0.0144


2025-11-20 17:17:57: Training
# epoch      batch      total_loss     energy_loss     forces_loss      energy_mae     energy_rmse      forces_mae     forces_rmse
    172          0          0.0155        0.000153          0.0153           0.013          0.0151          0.0111          0.0151
    172         10           0.013        0.000378          0.0126          0.0228          0.0238          0.0104          0.0137
    172         20          0.0164        0.000112          0.0163          0.0118           0.013          0.0114          0.0156
    172         30          0.0158        0.000803           0.015          0.0338          0.0346          0.0113           0.015
    172         40          0.0155        0.000155          0.0153          0.0138          0.0152          0.0115          0.0151
    172         50          0.0159         0.00187          0.0141          0.0524          0.0529          0.0108          0.0145
    172         60          0.0119         0.00104          0.0108          0.0384          0.0395         0.00932          0.0127
    172         70           0.024        0.000141          0.0239          0.0125          0.0145          0.0137          0.0189
    172         80          0.0156        2.11e-05          0.0156         0.00445         0.00562          0.0115          0.0153
    172         90          0.0211        0.000342          0.0208            0.02          0.0226          0.0126          0.0176
    172        100          0.0255         0.00114          0.0243          0.0362          0.0413          0.0134          0.0191
    172        110          0.0314         0.00618          0.0252           0.092          0.0962          0.0147          0.0194


2025-11-20 17:18:08: Validating
# epoch      batch      total_loss     energy_loss     forces_loss      energy_mae     energy_rmse      forces_mae     forces_rmse
    172          0          0.0179        0.000256          0.0176          0.0106          0.0196          0.0115          0.0162
    172         10          0.0249        2.31e-05          0.0249         0.00445         0.00588          0.0135          0.0193
    172         20          0.0167        3.85e-05          0.0166         0.00574         0.00759          0.0109          0.0158


2025-11-20 17:18:09: Epoch summary:
Validation  # epoch      total_loss     energy_loss     forces_loss      energy_mae     energy_rmse      forces_mae     forces_rmse
                172          0.0139        8.99e-05          0.0138         0.00536         0.00812            0.01          0.0142
Train       # epoch      total_loss     energy_loss     forces_loss      energy_mae     energy_rmse      forces_mae     forces_rmse
                172          0.0173         0.00134          0.0159          0.0343          0.0361          0.0113          0.0153


2025-11-20 17:18:10: Training
# epoch      batch      total_loss     energy_loss     forces_loss      energy_mae     energy_rmse      forces_mae     forces_rmse
    173          0          0.0373          0.0124          0.0249           0.132           0.136          0.0145          0.0193
    173         10          0.0218         0.00076           0.021          0.0323          0.0337           0.013          0.0177
    173         20          0.0216        0.000945          0.0206          0.0365          0.0376          0.0131          0.0176
    173         30          0.0198          0.0014          0.0184          0.0451          0.0457          0.0122          0.0166
    173         40          0.0159        6.45e-05          0.0158         0.00834         0.00982          0.0114          0.0154
    173         50          0.0158         0.00134          0.0144          0.0439          0.0448          0.0108          0.0147
    173         60          0.0153        0.000765          0.0145          0.0147          0.0338          0.0112          0.0147
    173         70          0.0144        0.000482          0.0139          0.0255          0.0268          0.0108          0.0144
    173         80          0.0158        0.000616          0.0152          0.0288          0.0303          0.0112          0.0151
    173         90          0.0177        0.000196          0.0175          0.0141          0.0171           0.012          0.0162
    173        100          0.0167        0.000234          0.0165          0.0165          0.0187          0.0116          0.0157
    173        110           0.012        0.000184          0.0118          0.0159          0.0166         0.00927          0.0133


2025-11-20 17:18:20: Validating
# epoch      batch      total_loss     energy_loss     forces_loss      energy_mae     energy_rmse      forces_mae     forces_rmse
    173          0          0.0179        0.000246          0.0177          0.0106          0.0192          0.0115          0.0163
    173         10          0.0252        2.43e-05          0.0252         0.00459         0.00603          0.0136          0.0194
    173         20          0.0166        3.83e-05          0.0166         0.00592         0.00757          0.0108          0.0158


2025-11-20 17:18:21: Epoch summary:
Validation  # epoch      total_loss     energy_loss     forces_loss      energy_mae     energy_rmse      forces_mae     forces_rmse
                173          0.0139        8.78e-05          0.0138         0.00541         0.00816            0.01          0.0142
Train       # epoch      total_loss     energy_loss     forces_loss      energy_mae     energy_rmse      forces_mae     forces_rmse
                173          0.0178        0.000922          0.0169          0.0281          0.0301          0.0117          0.0158


2025-11-20 17:18:21: Training
# epoch      batch      total_loss     energy_loss     forces_loss      energy_mae     energy_rmse      forces_mae     forces_rmse
    174          0          0.0213        0.000206          0.0211          0.0126          0.0176          0.0133          0.0178
    174         10          0.0189          0.0033          0.0156          0.0682          0.0703          0.0114          0.0153
    174         20          0.0201         0.00177          0.0183          0.0507          0.0515          0.0124          0.0166
    174         30          0.0102        8.43e-05          0.0101         0.00996          0.0112         0.00946          0.0123
    174         40          0.0176         0.00123          0.0163          0.0418          0.0428          0.0114          0.0156
    174         50          0.0181         0.00122          0.0169          0.0407          0.0427          0.0118          0.0159
    174         60          0.0179        5.62e-05          0.0178         0.00684         0.00917          0.0117          0.0163
    174         70           0.013        9.09e-05          0.0129          0.0103          0.0117          0.0102          0.0139
    174         80          0.0183         0.00229           0.016          0.0579          0.0586          0.0113          0.0155
    174         90          0.0163        0.000639          0.0156          0.0249          0.0309          0.0117          0.0153
    174        100          0.0139        0.000283          0.0136          0.0194          0.0206          0.0105          0.0143
    174        110          0.0144        0.000109          0.0143           0.011          0.0128          0.0109          0.0146


2025-11-20 17:18:32: Validating
# epoch      batch      total_loss     energy_loss     forces_loss      energy_mae     energy_rmse      forces_mae     forces_rmse
    174          0          0.0177        0.000251          0.0174          0.0106          0.0194          0.0115          0.0161
    174         10          0.0255        2.75e-05          0.0255          0.0049         0.00641          0.0136          0.0195
    174         20          0.0168        3.61e-05          0.0167         0.00579         0.00735          0.0109          0.0158


2025-11-20 17:18:33: Epoch summary:
Validation  # epoch      total_loss     energy_loss     forces_loss      energy_mae     energy_rmse      forces_mae     forces_rmse
                174          0.0139        8.85e-05          0.0138         0.00537          0.0081            0.01          0.0142
Train       # epoch      total_loss     energy_loss     forces_loss      energy_mae     energy_rmse      forces_mae     forces_rmse
                174           0.016         0.00067          0.0153          0.0247          0.0267          0.0111          0.0151


2025-11-20 17:18:33: Training
# epoch      batch      total_loss     energy_loss     forces_loss      energy_mae     energy_rmse      forces_mae     forces_rmse
    175          0          0.0156         3.4e-05          0.0156         0.00571         0.00713          0.0114          0.0153
    175         10          0.0146        5.03e-05          0.0145         0.00653         0.00867          0.0111          0.0147
    175         20          0.0135        2.55e-05          0.0135         0.00498         0.00618          0.0107          0.0142
    175         30          0.0142         0.00111           0.013          0.0375          0.0408          0.0108           0.014
    175         40          0.0158        0.000311          0.0155          0.0205          0.0216          0.0112          0.0152
    175         50          0.0168         0.00306          0.0137          0.0605          0.0677           0.011          0.0143
    175         60          0.0156          0.0011          0.0145          0.0277          0.0406          0.0111          0.0147
    175         70          0.0189         0.00245          0.0165          0.0599          0.0605          0.0116          0.0157
    175         80           0.024         0.00142          0.0226          0.0458          0.0461          0.0134          0.0184
    175         90          0.0305          0.0012          0.0293          0.0404          0.0423          0.0155          0.0209
    175        100          0.0264        0.000196          0.0262          0.0156          0.0171          0.0146          0.0198
    175        110          0.0261        0.000763          0.0253          0.0313          0.0338          0.0136          0.0194


2025-11-20 17:18:45: Validating
# epoch      batch      total_loss     energy_loss     forces_loss      energy_mae     energy_rmse      forces_mae     forces_rmse
    175          0          0.0178        0.000254          0.0175          0.0109          0.0195          0.0114          0.0162
    175         10          0.0249        3.11e-05          0.0249         0.00498         0.00681          0.0135          0.0193
    175         20          0.0165         3.6e-05          0.0165          0.0058         0.00733          0.0108          0.0157


2025-11-20 17:18:46: Epoch summary:
Validation  # epoch      total_loss     energy_loss     forces_loss      energy_mae     energy_rmse      forces_mae     forces_rmse
                175          0.0139        9.08e-05          0.0138         0.00543         0.00818            0.01          0.0142
Train       # epoch      total_loss     energy_loss     forces_loss      energy_mae     energy_rmse      forces_mae     forces_rmse
                175          0.0195        0.000924          0.0186          0.0297          0.0317           0.012          0.0165


2025-11-20 17:18:46: Training
# epoch      batch      total_loss     energy_loss     forces_loss      energy_mae     energy_rmse      forces_mae     forces_rmse
    176          0          0.0356         0.00025          0.0353          0.0173          0.0193          0.0153           0.023
    176         10          0.0214         0.00297          0.0184          0.0662          0.0667          0.0126          0.0166
    176         20           0.021        0.000532          0.0205          0.0275          0.0282          0.0129          0.0175
    176         30          0.0186        0.000265          0.0183          0.0183          0.0199          0.0123          0.0166
    176         40          0.0233        0.000754          0.0225          0.0317          0.0336          0.0133          0.0184
    176         50          0.0173        0.000948          0.0163          0.0365          0.0376          0.0116          0.0156
    176         60          0.0284         0.00427          0.0241          0.0788          0.0799           0.014           0.019
    176         70          0.0316        0.000288          0.0313          0.0176          0.0208          0.0155          0.0216
    176         80          0.0515          0.0008          0.0507          0.0328          0.0346          0.0195          0.0275
    176         90           0.071          0.0334          0.0376           0.223           0.224          0.0178          0.0237
    176        100          0.0765        0.000123          0.0764          0.0118          0.0136          0.0246          0.0338
    176        110          0.0359         0.00395          0.0319          0.0762          0.0768          0.0166          0.0218


2025-11-20 17:18:56: Validating
# epoch      batch      total_loss     energy_loss     forces_loss      energy_mae     energy_rmse      forces_mae     forces_rmse
    176          0          0.0178        0.000264          0.0176          0.0108          0.0199          0.0115          0.0162
    176         10          0.0248        2.64e-05          0.0248         0.00465         0.00628          0.0135          0.0192
    176         20          0.0164        3.67e-05          0.0163         0.00589         0.00741          0.0107          0.0156


2025-11-20 17:18:58: Epoch summary:
Validation  # epoch      total_loss     energy_loss     forces_loss      energy_mae     energy_rmse      forces_mae     forces_rmse
                176          0.0141        9.09e-05           0.014          0.0054         0.00812          0.0101          0.0143
Train       # epoch      total_loss     energy_loss     forces_loss      energy_mae     energy_rmse      forces_mae     forces_rmse
                176          0.0355         0.00425          0.0312          0.0614          0.0631          0.0154          0.0212


2025-11-20 17:18:58: Training
# epoch      batch      total_loss     energy_loss     forces_loss      energy_mae     energy_rmse      forces_mae     forces_rmse
    177          0          0.0384         0.00119          0.0372          0.0411          0.0422          0.0173          0.0236
    177         10          0.0266        0.000216          0.0264          0.0148           0.018          0.0144          0.0199
    177         20           0.046         0.00172          0.0443          0.0485          0.0507          0.0178          0.0257
    177         30          0.0262         0.00351          0.0226           0.072          0.0725          0.0143          0.0184
    177         40          0.0438        0.000678          0.0431          0.0278          0.0318          0.0174          0.0254
    177         50          0.0199        3.81e-05          0.0198         0.00605         0.00755          0.0127          0.0172
    177         60          0.0308         0.00121          0.0296           0.037          0.0425          0.0157           0.021
    177         70          0.0167        0.000674           0.016          0.0303          0.0318          0.0117          0.0155
    177         80          0.0277        8.39e-05          0.0276         0.00886          0.0112          0.0146          0.0203
    177         90          0.0187        0.000795          0.0179          0.0333          0.0345          0.0118          0.0164
    177        100          0.0263         0.00135           0.025          0.0438           0.045          0.0144          0.0193
    177        110          0.0189         0.00106          0.0178          0.0388          0.0398          0.0121          0.0163


2025-11-20 17:19:08: Validating
# epoch      batch      total_loss     energy_loss     forces_loss      energy_mae     energy_rmse      forces_mae     forces_rmse
    177          0          0.0176        0.000283          0.0173          0.0111          0.0206          0.0114          0.0161
    177         10          0.0246        2.82e-05          0.0245         0.00505         0.00649          0.0135          0.0192
    177         20          0.0165        3.87e-05          0.0165         0.00602         0.00761          0.0107          0.0157


2025-11-20 17:19:10: Epoch summary:
Validation  # epoch      total_loss     energy_loss     forces_loss      energy_mae     energy_rmse      forces_mae     forces_rmse
                177           0.014        9.41e-05          0.0139         0.00567         0.00834            0.01          0.0143
Train       # epoch      total_loss     energy_loss     forces_loss      energy_mae     energy_rmse      forces_mae     forces_rmse
                177          0.0281          0.0011           0.027          0.0327          0.0351          0.0144          0.0197


2025-11-20 17:19:10: Training
# epoch      batch      total_loss     energy_loss     forces_loss      energy_mae     energy_rmse      forces_mae     forces_rmse
    178          0          0.0189        0.000572          0.0183          0.0279          0.0293          0.0122          0.0166
    178         10          0.0316        0.000847          0.0308          0.0341          0.0356          0.0154          0.0215
    178         20          0.0139         0.00137          0.0126          0.0448          0.0452          0.0103          0.0137
    178         30          0.0152          0.0011          0.0141          0.0394          0.0405          0.0108          0.0145
    178         40          0.0176        7.81e-05          0.0176         0.00842          0.0108          0.0119          0.0162
    178         50          0.0144         0.00141          0.0129          0.0453           0.046          0.0103          0.0139
    178         60          0.0144         0.00191          0.0125          0.0428          0.0534          0.0103          0.0137
    178         70          0.0233         0.00222          0.0211          0.0559          0.0577          0.0129          0.0178
    178         80          0.0168        0.000102          0.0167          0.0106          0.0124          0.0117          0.0158
    178         90          0.0172         0.00139          0.0159          0.0451          0.0456          0.0115          0.0154
    178        100          0.0167        0.000102          0.0166           0.011          0.0124          0.0121          0.0158
    178        110          0.0167        2.44e-05          0.0167         0.00486         0.00604          0.0115          0.0158


2025-11-20 17:19:20: Validating
# epoch      batch      total_loss     energy_loss     forces_loss      energy_mae     energy_rmse      forces_mae     forces_rmse
    178          0          0.0179        0.000275          0.0176           0.011          0.0203          0.0115          0.0162
    178         10          0.0258        2.64e-05          0.0258         0.00496         0.00628          0.0138          0.0196
    178         20          0.0165        3.43e-05          0.0165          0.0056         0.00716          0.0107          0.0157


2025-11-20 17:19:22: Epoch summary:
Validation  # epoch      total_loss     energy_loss     forces_loss      energy_mae     energy_rmse      forces_mae     forces_rmse
                178          0.0141        9.22e-05           0.014         0.00544         0.00818            0.01          0.0143
Train       # epoch      total_loss     energy_loss     forces_loss      energy_mae     energy_rmse      forces_mae     forces_rmse
                178          0.0168         0.00115          0.0156          0.0353           0.037          0.0113          0.0152


2025-11-20 17:19:22: Training
# epoch      batch      total_loss     energy_loss     forces_loss      energy_mae     energy_rmse      forces_mae     forces_rmse
    179          0          0.0093        0.000669         0.00863          0.0313          0.0316         0.00872          0.0114
    179         10           0.011        1.65e-05           0.011         0.00404         0.00497         0.00972          0.0128
    179         20          0.0127          0.0011          0.0116          0.0399          0.0406         0.00984          0.0132
    179         30          0.0153        0.000948          0.0143          0.0344          0.0377          0.0109          0.0146
    179         40          0.0182         0.00039          0.0178          0.0225          0.0241          0.0117          0.0163
    179         50          0.0232         0.00173          0.0215          0.0505          0.0508          0.0125          0.0179
    179         60          0.0181         0.00108           0.017          0.0392          0.0402          0.0117          0.0159
    179         70          0.0131         0.00185          0.0113          0.0516          0.0526         0.00974           0.013
    179         80          0.0159        9.58e-05          0.0158          0.0108           0.012          0.0113          0.0154
    179         90           0.014        0.000457          0.0135          0.0241          0.0261          0.0102          0.0142
    179        100          0.0147        0.000857          0.0139          0.0353          0.0358          0.0109          0.0144
    179        110         0.00966        0.000144         0.00951          0.0137          0.0146         0.00905          0.0119


2025-11-20 17:19:32: Validating
# epoch      batch      total_loss     energy_loss     forces_loss      energy_mae     energy_rmse      forces_mae     forces_rmse
    179          0          0.0176        0.000264          0.0173          0.0111          0.0199          0.0114          0.0161
    179         10           0.025        2.37e-05          0.0249         0.00505         0.00595          0.0135          0.0193
    179         20          0.0164        3.62e-05          0.0164         0.00568         0.00736          0.0107          0.0157


2025-11-20 17:19:34: Epoch summary:
Validation  # epoch      total_loss     energy_loss     forces_loss      energy_mae     energy_rmse      forces_mae     forces_rmse
                179           0.014        9.29e-05          0.0139         0.00533         0.00812            0.01          0.0142
Train       # epoch      total_loss     energy_loss     forces_loss      energy_mae     energy_rmse      forces_mae     forces_rmse
                179          0.0153        0.000697          0.0146          0.0262           0.028          0.0108          0.0147


2025-11-20 17:19:34: Training
# epoch      batch      total_loss     energy_loss     forces_loss      energy_mae     energy_rmse      forces_mae     forces_rmse
    180          0           0.015        0.000336          0.0147          0.0219          0.0224          0.0114          0.0148
    180         10          0.0168        9.95e-05          0.0167          0.0114          0.0122          0.0121          0.0158
    180         20          0.0208        0.000102          0.0207          0.0106          0.0124          0.0127          0.0176
    180         30          0.0264         0.00267          0.0238          0.0624          0.0632          0.0134          0.0188
    180         40          0.0353         0.00737          0.0279           0.105           0.105          0.0148          0.0204
    180         50          0.0172        0.000393          0.0168          0.0235          0.0243          0.0118          0.0158
    180         60          0.0167         0.00211          0.0146           0.056          0.0562          0.0113          0.0148
    180         70          0.0166        2.29e-05          0.0166         0.00452         0.00585          0.0118          0.0157
    180         80          0.0158        0.000116          0.0157         0.00765          0.0132          0.0112          0.0153
    180         90          0.0154         0.00041           0.015          0.0236          0.0248          0.0111           0.015
    180        100          0.0159        0.000881           0.015          0.0177          0.0363          0.0109           0.015
    180        110         0.00988        9.27e-05         0.00978          0.0108          0.0118         0.00913          0.0121


2025-11-20 17:19:45: Validating
# epoch      batch      total_loss     energy_loss     forces_loss      energy_mae     energy_rmse      forces_mae     forces_rmse
    180          0          0.0177        0.000268          0.0174          0.0112            0.02          0.0114          0.0161
    180         10           0.025        2.83e-05          0.0249         0.00514          0.0065          0.0135          0.0193
    180         20          0.0165        3.62e-05          0.0164         0.00589         0.00736          0.0108          0.0157


2025-11-20 17:19:46: Epoch summary:
Validation  # epoch      total_loss     energy_loss     forces_loss      energy_mae     energy_rmse      forces_mae     forces_rmse
                180           0.014        9.27e-05          0.0139          0.0054         0.00815            0.01          0.0142
Train       # epoch      total_loss     energy_loss     forces_loss      energy_mae     energy_rmse      forces_mae     forces_rmse
                180          0.0183         0.00146          0.0168          0.0342          0.0361          0.0116          0.0157


2025-11-20 17:19:46: Training
# epoch      batch      total_loss     energy_loss     forces_loss      energy_mae     energy_rmse      forces_mae     forces_rmse
    181          0         0.00974        0.000102         0.00964         0.00905          0.0123         0.00909           0.012
    181         10          0.0118        3.75e-05          0.0117         0.00595         0.00748          0.0101          0.0132
    181         20          0.0143           5e-05          0.0142         0.00603         0.00864          0.0105          0.0146
    181         30          0.0189        9.47e-05          0.0188         0.00888          0.0119          0.0128          0.0168
    181         40          0.0289         0.00165          0.0273          0.0489          0.0497          0.0152          0.0202
    181         50          0.0232         0.00547          0.0177            0.09          0.0905          0.0123          0.0163
    181         60          0.0288        0.000942          0.0279          0.0366          0.0375          0.0151          0.0204
    181         70          0.0158         0.00294          0.0128          0.0659          0.0663          0.0106          0.0138
    181         80          0.0171        9.97e-05           0.017          0.0112          0.0122          0.0118          0.0159
    181         90          0.0323        0.000357           0.032          0.0189          0.0231          0.0153          0.0219
    181        100          0.0185        0.000145          0.0184          0.0134          0.0147          0.0123          0.0166
    181        110          0.0162        0.000175           0.016          0.0144          0.0162          0.0118          0.0155


2025-11-20 17:19:57: Validating
# epoch      batch      total_loss     energy_loss     forces_loss      energy_mae     energy_rmse      forces_mae     forces_rmse
    181          0          0.0182        0.000273          0.0179          0.0112          0.0202          0.0116          0.0164
    181         10          0.0252           3e-05          0.0252         0.00537          0.0067          0.0137          0.0194
    181         20          0.0168        3.44e-05          0.0168         0.00559         0.00717          0.0109          0.0158


2025-11-20 17:19:58: Epoch summary:
Validation  # epoch      total_loss     energy_loss     forces_loss      energy_mae     energy_rmse      forces_mae     forces_rmse
                181          0.0139        9.26e-05          0.0138         0.00536         0.00819         0.00999          0.0142
Train       # epoch      total_loss     energy_loss     forces_loss      energy_mae     energy_rmse      forces_mae     forces_rmse
                181          0.0182         0.00098          0.0173          0.0293          0.0313          0.0117          0.0159


2025-11-20 17:19:58: Training
# epoch      batch      total_loss     energy_loss     forces_loss      energy_mae     energy_rmse      forces_mae     forces_rmse
    182          0          0.0136         0.00149          0.0121          0.0461          0.0472          0.0101          0.0135
    182         10          0.0119        5.63e-05          0.0118         0.00816         0.00917          0.0101          0.0133
    182         20          0.0203        6.93e-05          0.0202         0.00878          0.0102           0.012          0.0174
    182         30          0.0525         0.00325          0.0493          0.0675          0.0697          0.0183          0.0271
    182         40          0.0361          0.0148          0.0213           0.149           0.149          0.0138          0.0179
    182         50          0.0315         0.00179          0.0297          0.0505          0.0517          0.0149          0.0211
    182         60          0.0276          0.0022          0.0254          0.0562          0.0574          0.0143          0.0195
    182         70          0.0166        0.000162          0.0165          0.0144          0.0156          0.0119          0.0157
    182         80          0.0315         0.00146          0.0301          0.0457          0.0468          0.0157          0.0212
    182         90          0.0289         0.00509          0.0238          0.0868          0.0873          0.0133          0.0189
    182        100          0.0499         0.00273          0.0472          0.0611          0.0638          0.0171          0.0266
    182        110          0.0215        0.000458           0.021          0.0233          0.0262          0.0131          0.0177


2025-11-20 17:20:09: Validating
# epoch      batch      total_loss     energy_loss     forces_loss      energy_mae     energy_rmse      forces_mae     forces_rmse
    182          0          0.0182        0.000253           0.018          0.0106          0.0194          0.0116          0.0164
    182         10          0.0253        2.53e-05          0.0253         0.00489         0.00615          0.0136          0.0194
    182         20          0.0167        4.37e-05          0.0167         0.00641         0.00809          0.0108          0.0158


2025-11-20 17:20:10: Epoch summary:
Validation  # epoch      total_loss     energy_loss     forces_loss      energy_mae     energy_rmse      forces_mae     forces_rmse
                182           0.014        9.46e-05          0.0139         0.00591         0.00862            0.01          0.0142
Train       # epoch      total_loss     energy_loss     forces_loss      energy_mae     energy_rmse      forces_mae     forces_rmse
                182          0.0286         0.00336          0.0253          0.0563          0.0582          0.0136           0.019


2025-11-20 17:20:10: Training
# epoch      batch      total_loss     energy_loss     forces_loss      energy_mae     energy_rmse      forces_mae     forces_rmse
    183          0          0.0314         0.00289          0.0285          0.0649          0.0657          0.0143          0.0206
    183         10          0.0287          0.0046          0.0241           0.082          0.0829          0.0135           0.019
    183         20           0.026        0.000475          0.0255          0.0252          0.0266          0.0143          0.0195
    183         30          0.0196        0.000289          0.0193          0.0187          0.0208          0.0119           0.017
    183         40          0.0133         0.00125          0.0121          0.0427          0.0432         0.00991          0.0134
    183         50           0.014         0.00115          0.0129          0.0412          0.0415          0.0104          0.0139
    183         60          0.0201         0.00219          0.0179          0.0556          0.0572          0.0123          0.0164
    183         70          0.0247          0.0032          0.0215          0.0681          0.0692          0.0129          0.0179
    183         80          0.0154        0.000569          0.0148          0.0286          0.0292          0.0113          0.0149
    183         90          0.0208         0.00112          0.0196          0.0401          0.0409          0.0125          0.0171
    183        100          0.0151        0.000224          0.0149          0.0171          0.0183          0.0113          0.0149
    183        110          0.0152          0.0019          0.0133          0.0529          0.0533          0.0103          0.0141


2025-11-20 17:20:20: Validating
# epoch      batch      total_loss     energy_loss     forces_loss      energy_mae     energy_rmse      forces_mae     forces_rmse
    183          0           0.018        0.000253          0.0178          0.0105          0.0194          0.0115          0.0163
    183         10          0.0246        2.12e-05          0.0245         0.00472         0.00563          0.0135          0.0192
    183         20          0.0164        4.89e-05          0.0163         0.00622         0.00855          0.0107          0.0156


2025-11-20 17:20:22: Epoch summary:
Validation  # epoch      total_loss     energy_loss     forces_loss      energy_mae     energy_rmse      forces_mae     forces_rmse
                183           0.014        9.33e-05          0.0139         0.00562         0.00841            0.01          0.0142
Train       # epoch      total_loss     energy_loss     forces_loss      energy_mae     energy_rmse      forces_mae     forces_rmse
                183          0.0192         0.00153          0.0177            0.04          0.0419          0.0119          0.0161


2025-11-20 17:20:22: Training
# epoch      batch      total_loss     energy_loss     forces_loss      energy_mae     energy_rmse      forces_mae     forces_rmse
    184          0          0.0159        0.000881           0.015          0.0351          0.0363          0.0106           0.015
    184         10          0.0163        0.000584          0.0157          0.0277          0.0295          0.0113          0.0153
    184         20          0.0198        0.000169          0.0196          0.0111          0.0159          0.0128          0.0171
    184         30          0.0341         0.00267          0.0314          0.0611          0.0632          0.0151          0.0217
    184         40          0.0254         0.00812          0.0173            0.11            0.11          0.0122          0.0161
    184         50          0.0173        0.000652          0.0166          0.0304          0.0312          0.0118          0.0158
    184         60          0.0187         0.00116          0.0176          0.0401          0.0416          0.0118          0.0162
    184         70          0.0106        0.000258          0.0104          0.0194          0.0196         0.00938          0.0124
    184         80          0.0186        0.000599           0.018          0.0203          0.0299          0.0117          0.0164
    184         90          0.0174        0.000508          0.0169          0.0261          0.0276          0.0115          0.0159
    184        100          0.0123        0.000264          0.0121          0.0115          0.0199          0.0101          0.0134
    184        110          0.0151        3.64e-05           0.015         0.00607         0.00737          0.0113           0.015


2025-11-20 17:20:32: Validating
# epoch      batch      total_loss     energy_loss     forces_loss      energy_mae     energy_rmse      forces_mae     forces_rmse
    184          0          0.0181        0.000268          0.0178          0.0108            0.02          0.0115          0.0163
    184         10           0.025        1.73e-05          0.0249         0.00439         0.00508          0.0135          0.0193
    184         20          0.0163        4.82e-05          0.0163         0.00637         0.00849          0.0107          0.0156


2025-11-20 17:20:34: Epoch summary:
Validation  # epoch      total_loss     energy_loss     forces_loss      energy_mae     energy_rmse      forces_mae     forces_rmse
                184          0.0139        9.36e-05          0.0139         0.00553         0.00833         0.00999          0.0142
Train       # epoch      total_loss     energy_loss     forces_loss      energy_mae     energy_rmse      forces_mae     forces_rmse
                184          0.0193         0.00102          0.0183          0.0291          0.0311          0.0119          0.0163


2025-11-20 17:20:34: Training
# epoch      batch      total_loss     energy_loss     forces_loss      energy_mae     energy_rmse      forces_mae     forces_rmse
    185          0         0.00845        2.05e-05         0.00843         0.00444         0.00554         0.00883          0.0112
    185         10          0.0142        0.000579          0.0136          0.0286          0.0294          0.0107          0.0143
    185         20          0.0157        5.14e-05          0.0156         0.00648         0.00877          0.0116          0.0153
    185         30          0.0125        0.000406          0.0121          0.0221          0.0246          0.0102          0.0134
    185         40          0.0151         0.00147          0.0136           0.046          0.0469           0.011          0.0143
    185         50          0.0127        0.000132          0.0125          0.0119           0.014          0.0103          0.0137
    185         60          0.0151        0.000188          0.0149          0.0161          0.0168          0.0108          0.0149
    185         70          0.0127        3.67e-05          0.0127         0.00595          0.0074          0.0101          0.0138
    185         80          0.0135        3.24e-05          0.0135         0.00557         0.00696          0.0107          0.0142
    185         90         0.00997        4.37e-05         0.00993         0.00673         0.00809         0.00919          0.0122
    185        100           0.016         0.00172          0.0143          0.0503          0.0507          0.0107          0.0146
    185        110          0.0106        0.000638         0.00996          0.0274          0.0309         0.00923          0.0122


2025-11-20 17:20:45: Validating
# epoch      batch      total_loss     energy_loss     forces_loss      energy_mae     energy_rmse      forces_mae     forces_rmse
    185          0          0.0181        0.000272          0.0178          0.0111          0.0202          0.0115          0.0163
    185         10          0.0248        1.87e-05          0.0247         0.00438         0.00528          0.0135          0.0192
    185         20          0.0164         4.7e-05          0.0164          0.0063         0.00839          0.0107          0.0156


2025-11-20 17:20:46: Epoch summary:
Validation  # epoch      total_loss     energy_loss     forces_loss      energy_mae     energy_rmse      forces_mae     forces_rmse
                185          0.0139        9.26e-05          0.0138         0.00548         0.00826         0.00997          0.0142
Train       # epoch      total_loss     energy_loss     forces_loss      energy_mae     energy_rmse      forces_mae     forces_rmse
                185          0.0136         0.00032          0.0132          0.0161          0.0184          0.0104           0.014


2025-11-20 17:20:46: Training
# epoch      batch      total_loss     energy_loss     forces_loss      energy_mae     energy_rmse      forces_mae     forces_rmse
    186          0          0.0119        5.69e-05          0.0119          0.0079         0.00922            0.01          0.0133
    186         10          0.0325        0.000965          0.0315           0.033           0.038          0.0134          0.0217
    186         20          0.0213         0.00377          0.0175          0.0736          0.0751          0.0116          0.0162
    186         30          0.0198        0.000326          0.0195          0.0201          0.0221          0.0124          0.0171
    186         40          0.0522          0.0188          0.0334           0.167           0.168          0.0153          0.0223
    186         50          0.0281          0.0107          0.0175           0.126           0.126          0.0119          0.0162
    186         60          0.0324        0.000983          0.0314          0.0357          0.0383          0.0141          0.0217
    186         70          0.0208        0.000117          0.0207          0.0102          0.0132           0.013          0.0176
    186         80          0.0316         0.00235          0.0292          0.0587          0.0593          0.0153          0.0209
    186         90          0.0163        6.23e-05          0.0162         0.00585         0.00965          0.0115          0.0156
    186        100           0.019        6.37e-05           0.019         0.00843         0.00976          0.0128          0.0168
    186        110          0.0197        0.000271          0.0194          0.0195          0.0201          0.0127           0.017


2025-11-20 17:20:58: Validating
# epoch      batch      total_loss     energy_loss     forces_loss      energy_mae     energy_rmse      forces_mae     forces_rmse
    186          0          0.0178        0.000292          0.0175          0.0111          0.0209          0.0114          0.0162
    186         10          0.0252         2.2e-05          0.0252         0.00464         0.00573          0.0136          0.0194
    186         20          0.0163        4.36e-05          0.0163         0.00581         0.00807          0.0108          0.0156


2025-11-20 17:20:59: Epoch summary:
Validation  # epoch      total_loss     energy_loss     forces_loss      energy_mae     energy_rmse      forces_mae     forces_rmse
                186           0.014        9.46e-05          0.0139         0.00543         0.00832            0.01          0.0142
Train       # epoch      total_loss     energy_loss     forces_loss      energy_mae     energy_rmse      forces_mae     forces_rmse
                186          0.0251         0.00269          0.0224          0.0461          0.0482          0.0131           0.018


2025-11-20 17:20:59: Training
# epoch      batch      total_loss     energy_loss     forces_loss      energy_mae     energy_rmse      forces_mae     forces_rmse
    187          0          0.0179        0.000458          0.0175          0.0249          0.0262          0.0121          0.0162
    187         10          0.0164        0.000698          0.0157          0.0314          0.0323          0.0115          0.0153
    187         20          0.0126        5.63e-05          0.0125         0.00697         0.00917          0.0105          0.0137
    187         30          0.0102        3.93e-05          0.0101         0.00452         0.00766         0.00954          0.0123
    187         40          0.0193           0.001          0.0183          0.0379          0.0387          0.0123          0.0166
    187         50          0.0141        0.000711          0.0133          0.0324          0.0326          0.0102          0.0141
    187         60          0.0152        0.000341          0.0148          0.0216          0.0226          0.0116          0.0149
    187         70          0.0157        0.000359          0.0154          0.0224          0.0232          0.0115          0.0152
    187         80           0.023         0.00234          0.0207          0.0584          0.0591          0.0123          0.0176
    187         90          0.0209         0.00066          0.0202          0.0301          0.0314          0.0128          0.0174
    187        100          0.0214        0.000856          0.0205          0.0338          0.0358          0.0125          0.0175
    187        110          0.0293         0.00123          0.0281          0.0415          0.0429          0.0149          0.0205


2025-11-20 17:21:11: Validating
# epoch      batch      total_loss     energy_loss     forces_loss      energy_mae     energy_rmse      forces_mae     forces_rmse
    187          0          0.0181        0.000299          0.0178          0.0114          0.0211          0.0115          0.0163
    187         10          0.0246        2.27e-05          0.0246         0.00489         0.00583          0.0135          0.0192
    187         20          0.0169         4.1e-05          0.0169         0.00587         0.00783          0.0109          0.0159


2025-11-20 17:21:12: Epoch summary:
Validation  # epoch      total_loss     energy_loss     forces_loss      energy_mae     energy_rmse      forces_mae     forces_rmse
                187          0.0139        9.38e-05          0.0138         0.00534         0.00821         0.00999          0.0142
Train       # epoch      total_loss     energy_loss     forces_loss      energy_mae     energy_rmse      forces_mae     forces_rmse
                187          0.0198        0.000912          0.0189          0.0294          0.0315          0.0122          0.0167


2025-11-20 17:21:12: Training
# epoch      batch      total_loss     energy_loss     forces_loss      energy_mae     energy_rmse      forces_mae     forces_rmse
    188          0          0.0194        0.000898          0.0185          0.0364          0.0366          0.0124          0.0167
    188         10           0.035        0.000191          0.0348          0.0148          0.0169          0.0153          0.0228
    188         20          0.0364        0.000295          0.0362          0.0147           0.021          0.0143          0.0233
    188         30          0.0259         0.00455          0.0214          0.0823          0.0825          0.0135          0.0179
    188         40          0.0635         0.00214          0.0613          0.0528          0.0566          0.0196          0.0303
    188         50          0.0143          0.0015          0.0128          0.0471          0.0474          0.0104          0.0139
    188         60          0.0306        0.000578          0.0301          0.0202          0.0294           0.015          0.0212
    188         70          0.0158        9.22e-05          0.0157         0.00889          0.0117          0.0114          0.0153
    188         80          0.0155        0.000783          0.0147          0.0335          0.0342          0.0112          0.0148
    188         90          0.0176        3.87e-05          0.0175         0.00579          0.0076          0.0122          0.0162
    188        100          0.0168        0.000949          0.0159          0.0368          0.0377          0.0112          0.0154
    188        110          0.0152        0.000229          0.0149          0.0173          0.0185          0.0106          0.0149


2025-11-20 17:21:24: Validating
# epoch      batch      total_loss     energy_loss     forces_loss      energy_mae     energy_rmse      forces_mae     forces_rmse
    188          0           0.018        0.000283          0.0177          0.0111          0.0206          0.0114          0.0163
    188         10          0.0248        2.18e-05          0.0248         0.00441         0.00572          0.0135          0.0193
    188         20           0.017        3.75e-05           0.017          0.0056         0.00749          0.0109          0.0159


2025-11-20 17:21:26: Epoch summary:
Validation  # epoch      total_loss     energy_loss     forces_loss      energy_mae     energy_rmse      forces_mae     forces_rmse
                188          0.0139        9.26e-05          0.0138         0.00546         0.00827         0.00999          0.0142
Train       # epoch      total_loss     energy_loss     forces_loss      energy_mae     energy_rmse      forces_mae     forces_rmse
                188          0.0224         0.00135          0.0211          0.0346          0.0367          0.0127          0.0175


2025-11-20 17:21:26: Training
# epoch      batch      total_loss     energy_loss     forces_loss      energy_mae     energy_rmse      forces_mae     forces_rmse
    189          0          0.0133        0.000101          0.0132          0.0112          0.0123          0.0106          0.0141
    189         10          0.0143         0.00091          0.0134          0.0363          0.0369          0.0106          0.0142
    189         20          0.0222         0.00317          0.0191          0.0682          0.0688          0.0125          0.0169
    189         30          0.0179        0.000754          0.0171           0.033          0.0336           0.012           0.016
    189         40          0.0153         0.00224          0.0131          0.0571          0.0578          0.0103           0.014
    189         50           0.022        0.000116          0.0219         0.00971          0.0132          0.0129          0.0181
    189         60          0.0165         0.00176          0.0147          0.0505          0.0513          0.0109          0.0148
    189         70          0.0137        0.000505          0.0132          0.0261          0.0275          0.0106           0.014
    189         80          0.0164        0.000519          0.0159          0.0266          0.0279          0.0114          0.0154
    189         90          0.0127        5.25e-05          0.0126         0.00811         0.00886          0.0102          0.0137
    189        100          0.0107        0.000101          0.0106          0.0109          0.0123         0.00965          0.0126
    189        110          0.0156        6.87e-05          0.0155         0.00928          0.0101          0.0113          0.0152


2025-11-20 17:21:37: Validating
# epoch      batch      total_loss     energy_loss     forces_loss      energy_mae     energy_rmse      forces_mae     forces_rmse
    189          0          0.0176        0.000249          0.0173          0.0106          0.0193          0.0113          0.0161
    189         10          0.0243        2.24e-05          0.0242         0.00454         0.00579          0.0133           0.019
    189         20          0.0168        3.85e-05          0.0167         0.00555         0.00759          0.0108          0.0158


2025-11-20 17:21:39: Epoch summary:
Validation  # epoch      total_loss     energy_loss     forces_loss      energy_mae     energy_rmse      forces_mae     forces_rmse
                189          0.0138        9.11e-05          0.0137         0.00523         0.00805         0.00995          0.0141
Train       # epoch      total_loss     energy_loss     forces_loss      energy_mae     energy_rmse      forces_mae     forces_rmse
                189          0.0163        0.000805          0.0155          0.0282          0.0299          0.0111          0.0151


2025-11-20 17:21:39: Training
# epoch      batch      total_loss     energy_loss     forces_loss      energy_mae     energy_rmse      forces_mae     forces_rmse
    190          0          0.0145        0.000703          0.0138          0.0319          0.0324          0.0108          0.0143
    190         10          0.0163        0.000349          0.0159           0.022          0.0229          0.0113          0.0154
    190         20          0.0153        0.000272           0.015          0.0184          0.0201           0.011           0.015
    190         30          0.0151        0.000269          0.0148          0.0185            0.02          0.0113          0.0149
    190         40          0.0186         0.00138          0.0172          0.0447          0.0454          0.0112          0.0161
    190         50         0.00986        1.32e-05         0.00985         0.00403         0.00444         0.00901          0.0121
    190         60          0.0135        2.89e-05          0.0135          0.0051         0.00657          0.0108          0.0142
    190         70          0.0178         0.00118          0.0166          0.0417           0.042          0.0115          0.0158
    190         80          0.0188        0.000157          0.0187          0.0116          0.0153          0.0124          0.0167
    190         90          0.0151         0.00132          0.0138           0.044          0.0444          0.0107          0.0144
    190        100           0.017        0.000411          0.0166          0.0215          0.0248          0.0114          0.0157
    190        110          0.0146        0.000298          0.0143            0.02          0.0211           0.011          0.0146


2025-11-20 17:21:50: Validating
# epoch      batch      total_loss     energy_loss     forces_loss      energy_mae     energy_rmse      forces_mae     forces_rmse
    190          0           0.018        0.000264          0.0178          0.0108          0.0199          0.0114          0.0163
    190         10          0.0249        2.22e-05          0.0249         0.00444         0.00577          0.0135          0.0193
    190         20          0.0168        4.52e-05          0.0168           0.006         0.00822          0.0108          0.0158


2025-11-20 17:21:52: Epoch summary:
Validation  # epoch      total_loss     energy_loss     forces_loss      energy_mae     energy_rmse      forces_mae     forces_rmse
                190          0.0138        9.19e-05          0.0137         0.00525          0.0081         0.00994          0.0141
Train       # epoch      total_loss     energy_loss     forces_loss      energy_mae     energy_rmse      forces_mae     forces_rmse
                190          0.0154        0.000694          0.0147          0.0258          0.0274          0.0109          0.0147


2025-11-20 17:21:52: Training
# epoch      batch      total_loss     energy_loss     forces_loss      energy_mae     energy_rmse      forces_mae     forces_rmse
    191          0          0.0254          0.0028          0.0226          0.0643          0.0647          0.0128          0.0184
    191         10          0.0192         0.00119           0.018          0.0411          0.0422          0.0121          0.0164
    191         20          0.0129        0.000664          0.0122          0.0308          0.0315          0.0101          0.0135
    191         30          0.0185        9.64e-05          0.0184         0.00935           0.012          0.0119          0.0166
    191         40          0.0175        0.000103          0.0174         0.00781          0.0124           0.012          0.0161
    191         50          0.0169        0.000976          0.0159          0.0374          0.0382           0.012          0.0154
    191         60          0.0263         0.00396          0.0223          0.0767           0.077          0.0134          0.0183
    191         70          0.0198        0.000464          0.0193          0.0245          0.0263          0.0128           0.017
    191         80          0.0527         0.00136          0.0513          0.0408          0.0451          0.0179          0.0277
    191         90          0.0208         0.00112          0.0197          0.0393          0.0409          0.0128          0.0172
    191        100           0.026         0.00334          0.0227          0.0697          0.0707          0.0123          0.0184
    191        110          0.0183        0.000267           0.018           0.016            0.02           0.012          0.0164


2025-11-20 17:22:03: Validating
# epoch      batch      total_loss     energy_loss     forces_loss      energy_mae     energy_rmse      forces_mae     forces_rmse
    191          0          0.0177        0.000259          0.0174          0.0109          0.0197          0.0113          0.0161
    191         10          0.0254         2.8e-05          0.0254         0.00493         0.00647          0.0136          0.0195
    191         20          0.0171         4.7e-05           0.017         0.00638         0.00839          0.0108           0.016


2025-11-20 17:22:04: Epoch summary:
Validation  # epoch      total_loss     energy_loss     forces_loss      energy_mae     energy_rmse      forces_mae     forces_rmse
                191          0.0139        9.51e-05          0.0138         0.00553          0.0084         0.00997          0.0142
Train       # epoch      total_loss     energy_loss     forces_loss      energy_mae     energy_rmse      forces_mae     forces_rmse
                191           0.022         0.00141          0.0206          0.0388          0.0409          0.0126          0.0173


2025-11-20 17:22:04: Training
# epoch      batch      total_loss     energy_loss     forces_loss      energy_mae     energy_rmse      forces_mae     forces_rmse
    192          0          0.0189         0.00256          0.0164          0.0615          0.0618          0.0118          0.0157
    192         10          0.0158        8.76e-05          0.0157          0.0107          0.0114           0.011          0.0153
    192         20          0.0225        7.89e-05          0.0225          0.0096          0.0109          0.0132          0.0183
    192         30           0.017         0.00131          0.0157          0.0435          0.0443          0.0113          0.0153
    192         40          0.0123        0.000236           0.012          0.0181          0.0188          0.0101          0.0134
    192         50          0.0191        7.15e-05           0.019         0.00821          0.0103          0.0122          0.0169
    192         60          0.0279         0.00164          0.0263          0.0474          0.0495          0.0138          0.0198
    192         70          0.0226        0.000214          0.0224          0.0172          0.0179           0.014          0.0183
    192         80          0.0194        8.21e-05          0.0194         0.00666          0.0111          0.0128           0.017
    192         90          0.0325        5.54e-05          0.0324          0.0071          0.0091          0.0139           0.022
    192        100          0.0245        0.000456          0.0241          0.0245          0.0261          0.0143           0.019
    192        110          0.0172         0.00389          0.0133          0.0761          0.0763          0.0106          0.0141


2025-11-20 17:22:16: Validating
# epoch      batch      total_loss     energy_loss     forces_loss      energy_mae     energy_rmse      forces_mae     forces_rmse
    192          0          0.0177        0.000272          0.0174          0.0112          0.0202          0.0113          0.0161
    192         10           0.025        2.53e-05           0.025         0.00459         0.00616          0.0136          0.0193
    192         20          0.0171        5.05e-05          0.0171         0.00669         0.00869          0.0108           0.016


2025-11-20 17:22:17: Epoch summary:
Validation  # epoch      total_loss     energy_loss     forces_loss      energy_mae     energy_rmse      forces_mae     forces_rmse
                192          0.0138        9.49e-05          0.0137          0.0055         0.00836         0.00994          0.0141
Train       # epoch      total_loss     energy_loss     forces_loss      energy_mae     energy_rmse      forces_mae     forces_rmse
                192            0.02        0.000837          0.0191          0.0283          0.0303          0.0123          0.0168


2025-11-20 17:22:17: Training
# epoch      batch      total_loss     energy_loss     forces_loss      energy_mae     energy_rmse      forces_mae     forces_rmse
    193          0          0.0132         0.00147          0.0118          0.0464          0.0468          0.0102          0.0133
    193         10          0.0118        0.000183          0.0116          0.0156          0.0165         0.00976          0.0132
    193         20          0.0192        0.000386          0.0188          0.0215           0.024          0.0124          0.0168
    193         30          0.0132        0.000651          0.0126          0.0283          0.0312          0.0102          0.0137
    193         40           0.023         0.00142          0.0216          0.0454          0.0461          0.0133           0.018
    193         50          0.0115        0.000193          0.0113          0.0157           0.017         0.00961           0.013
    193         60          0.0177        0.000838          0.0169           0.034          0.0354          0.0119          0.0159
    193         70           0.023         0.00101          0.0219          0.0273          0.0389          0.0136          0.0181
    193         80          0.0161         0.00135          0.0148          0.0446           0.045          0.0112          0.0149
    193         90          0.0181        4.89e-05          0.0181         0.00745         0.00855          0.0121          0.0164
    193        100          0.0251         0.00112           0.024          0.0387           0.041          0.0136          0.0189
    193        110          0.0144         0.00148          0.0129          0.0463          0.0471          0.0104          0.0139


2025-11-20 17:22:29: Validating
# epoch      batch      total_loss     energy_loss     forces_loss      energy_mae     energy_rmse      forces_mae     forces_rmse
    193          0          0.0178        0.000274          0.0175          0.0111          0.0202          0.0114          0.0162
    193         10          0.0269        2.71e-05          0.0268         0.00488         0.00636          0.0139            0.02
    193         20           0.017        4.38e-05           0.017         0.00626          0.0081          0.0108          0.0159


2025-11-20 17:22:30: Epoch summary:
Validation  # epoch      total_loss     energy_loss     forces_loss      energy_mae     energy_rmse      forces_mae     forces_rmse
                193           0.014        9.27e-05          0.0139         0.00546         0.00825         0.00997          0.0142
Train       # epoch      total_loss     energy_loss     forces_loss      energy_mae     energy_rmse      forces_mae     forces_rmse
                193          0.0185        0.000818          0.0177          0.0291           0.031          0.0119          0.0161


2025-11-20 17:22:30: Training
# epoch      batch      total_loss     energy_loss     forces_loss      energy_mae     energy_rmse      forces_mae     forces_rmse
    194          0          0.0135        5.79e-05          0.0134         0.00803         0.00931          0.0105          0.0142
    194         10          0.0218        0.000182          0.0216           0.015          0.0165          0.0123           0.018
    194         20          0.0129         9.1e-05          0.0128          0.0103          0.0117          0.0103          0.0139
    194         30          0.0146         0.00033          0.0143           0.021          0.0222          0.0107          0.0146
    194         40          0.0205        0.000573          0.0199           0.027          0.0293          0.0123          0.0172
    194         50          0.0153        0.000278          0.0151          0.0196          0.0204          0.0115           0.015
    194         60          0.0167         0.00032          0.0164          0.0188          0.0219          0.0115          0.0156
    194         70          0.0131         0.00094          0.0122          0.0367          0.0375         0.00977          0.0135
    194         80          0.0112        0.000603          0.0106          0.0295            0.03         0.00956          0.0126
    194         90          0.0164         0.00039           0.016           0.023          0.0241          0.0115          0.0155
    194        100          0.0182        0.000168           0.018          0.0146          0.0158          0.0124          0.0164
    194        110          0.0489         0.00524          0.0436          0.0832          0.0885          0.0169          0.0255


2025-11-20 17:22:41: Validating
# epoch      batch      total_loss     energy_loss     forces_loss      energy_mae     energy_rmse      forces_mae     forces_rmse
    194          0          0.0185         0.00026          0.0183           0.011          0.0197          0.0116          0.0165
    194         10           0.026        2.64e-05          0.0259         0.00509         0.00628          0.0138          0.0197
    194         20          0.0171        4.53e-05          0.0171         0.00605         0.00823          0.0108           0.016


2025-11-20 17:22:42: Epoch summary:
Validation  # epoch      total_loss     energy_loss     forces_loss      energy_mae     energy_rmse      forces_mae     forces_rmse
                194           0.014        9.24e-05          0.0139         0.00534         0.00817         0.00998          0.0142
Train       # epoch      total_loss     energy_loss     forces_loss      energy_mae     energy_rmse      forces_mae     forces_rmse
                194          0.0174         0.00054          0.0168          0.0216          0.0239          0.0114          0.0156


2025-11-20 17:22:42: Training
# epoch      batch      total_loss     energy_loss     forces_loss      energy_mae     energy_rmse      forces_mae     forces_rmse
    195          0          0.0319         0.00133          0.0305          0.0432          0.0446          0.0156          0.0214
    195         10          0.0295         0.00229          0.0272           0.057          0.0585          0.0144          0.0202
    195         20          0.0146        0.000888          0.0137          0.0337          0.0364          0.0108          0.0143
    195         30           0.025        0.000365          0.0247          0.0223          0.0234          0.0132          0.0192
    195         40          0.0201        8.03e-05            0.02         0.00858           0.011          0.0124          0.0173
    195         50           0.026        0.000556          0.0254          0.0195          0.0288          0.0141          0.0195
    195         60          0.0158        0.000141          0.0157          0.0136          0.0145           0.011          0.0153
    195         70           0.013        0.000207          0.0128          0.0169          0.0176          0.0103          0.0138
    195         80          0.0172        3.21e-05          0.0172         0.00526         0.00693           0.012           0.016
    195         90          0.0238        0.000615          0.0232          0.0284          0.0303          0.0133          0.0186
    195        100          0.0164        0.000143          0.0163          0.0125          0.0146          0.0116          0.0156
    195        110          0.0166        8.75e-05          0.0165          0.0103          0.0114           0.012          0.0157


2025-11-20 17:22:53: Validating
# epoch      batch      total_loss     energy_loss     forces_loss      energy_mae     energy_rmse      forces_mae     forces_rmse
    195          0           0.018         0.00026          0.0178          0.0109          0.0197          0.0114          0.0163
    195         10          0.0261        2.32e-05           0.026         0.00479         0.00589          0.0136          0.0197
    195         20          0.0171        4.24e-05          0.0171         0.00585         0.00797          0.0108           0.016


2025-11-20 17:22:54: Epoch summary:
Validation  # epoch      total_loss     energy_loss     forces_loss      energy_mae     energy_rmse      forces_mae     forces_rmse
                195           0.014        9.55e-05          0.0139         0.00546         0.00826         0.00997          0.0142
Train       # epoch      total_loss     energy_loss     forces_loss      energy_mae     energy_rmse      forces_mae     forces_rmse
                195          0.0187        0.000615           0.018          0.0236          0.0259           0.012          0.0163


2025-11-20 17:22:54: Training
# epoch      batch      total_loss     energy_loss     forces_loss      energy_mae     energy_rmse      forces_mae     forces_rmse
    196          0          0.0164         0.00177          0.0146          0.0494          0.0514           0.011          0.0148
    196         10          0.0203        0.000502          0.0198          0.0245          0.0274          0.0125          0.0172
    196         20          0.0148        0.000835           0.014          0.0351          0.0353          0.0108          0.0145
    196         30          0.0145        0.000503           0.014           0.025          0.0274           0.011          0.0145
    196         40          0.0137        2.23e-05          0.0137         0.00464         0.00577          0.0109          0.0143
    196         50          0.0143        0.000239          0.0141         0.00994          0.0189          0.0109          0.0145
    196         60          0.0137         2.9e-05          0.0136         0.00441         0.00658          0.0105          0.0143
    196         70          0.0155        0.000206          0.0153          0.0151          0.0176          0.0112          0.0151
    196         80          0.0137        5.09e-05          0.0137         0.00766         0.00872          0.0107          0.0143
    196         90          0.0171        0.000285          0.0168          0.0193          0.0206          0.0119          0.0158
    196        100          0.0188         0.00024          0.0185           0.017          0.0189          0.0121          0.0166
    196        110          0.0353         0.00297          0.0323          0.0662          0.0667          0.0158           0.022


2025-11-20 17:23:07: Validating
# epoch      batch      total_loss     energy_loss     forces_loss      energy_mae     energy_rmse      forces_mae     forces_rmse
    196          0           0.018        0.000254          0.0177          0.0109          0.0195          0.0113          0.0163
    196         10          0.0263        2.46e-05          0.0262         0.00496         0.00607          0.0137          0.0198
    196         20          0.0172        4.29e-05          0.0171         0.00611         0.00801          0.0109           0.016


2025-11-20 17:23:08: Epoch summary:
Validation  # epoch      total_loss     energy_loss     forces_loss      energy_mae     energy_rmse      forces_mae     forces_rmse
                196          0.0139        9.37e-05          0.0138         0.00531         0.00815         0.00995          0.0142
Train       # epoch      total_loss     energy_loss     forces_loss      energy_mae     energy_rmse      forces_mae     forces_rmse
                196          0.0175        0.000909          0.0166          0.0296          0.0317          0.0116          0.0156


2025-11-20 17:23:08: Training
# epoch      batch      total_loss     energy_loss     forces_loss      energy_mae     energy_rmse      forces_mae     forces_rmse
    197          0          0.0294        0.000599          0.0288          0.0269          0.0299          0.0146          0.0207
    197         10          0.0468         0.00106          0.0457          0.0383          0.0398          0.0177          0.0262
    197         20          0.0285         0.00014          0.0283          0.0107          0.0145          0.0149          0.0206
    197         30          0.0206         0.00186          0.0187          0.0525          0.0527          0.0116          0.0167
    197         40          0.0179        7.73e-05          0.0178         0.00839          0.0107          0.0121          0.0163
    197         50          0.0159         0.00187           0.014          0.0528          0.0529          0.0105          0.0145
    197         60          0.0179         0.00012          0.0178          0.0117          0.0134          0.0118          0.0163
    197         70          0.0212         0.00206          0.0191          0.0551          0.0555          0.0127          0.0169
    197         80          0.0149        5.74e-05          0.0148         0.00687         0.00926          0.0114          0.0149
    197         90           0.014         9.3e-05          0.0139         0.00795          0.0118          0.0107          0.0144
    197        100          0.0148        0.000105          0.0147          0.0113          0.0125           0.011          0.0148
    197        110           0.017        0.000692          0.0164          0.0303          0.0322          0.0118          0.0156


2025-11-20 17:23:19: Validating
# epoch      batch      total_loss     energy_loss     forces_loss      energy_mae     energy_rmse      forces_mae     forces_rmse
    197          0          0.0184        0.000265          0.0181           0.011          0.0199          0.0115          0.0164
    197         10          0.0265        1.85e-05          0.0264         0.00464         0.00526          0.0138          0.0199
    197         20          0.0181        4.18e-05          0.0181         0.00597         0.00791          0.0111          0.0164


2025-11-20 17:23:21: Epoch summary:
Validation  # epoch      total_loss     energy_loss     forces_loss      energy_mae     energy_rmse      forces_mae     forces_rmse
                197          0.0141        9.37e-05           0.014         0.00532         0.00815         0.00999          0.0143
Train       # epoch      total_loss     energy_loss     forces_loss      energy_mae     energy_rmse      forces_mae     forces_rmse
                197          0.0221        0.000868          0.0212          0.0281          0.0301          0.0127          0.0175


2025-11-20 17:23:21: Training
# epoch      batch      total_loss     energy_loss     forces_loss      energy_mae     energy_rmse      forces_mae     forces_rmse
    198          0          0.0201         0.00095          0.0192          0.0327          0.0377          0.0128          0.0169
    198         10          0.0173        0.000908          0.0164          0.0356          0.0368          0.0118          0.0157
    198         20          0.0156        0.000349          0.0153          0.0221          0.0229          0.0112          0.0151
    198         30          0.0149        0.000114          0.0148          0.0109           0.013          0.0112          0.0149
    198         40          0.0184        0.000186          0.0182          0.0145          0.0167          0.0117          0.0165
    198         50          0.0114        0.000317           0.011          0.0207          0.0218         0.00957          0.0129
    198         60          0.0175        0.000471          0.0171          0.0258          0.0265          0.0115           0.016
    198         70          0.0127        0.000237          0.0125          0.0178          0.0188          0.0106          0.0137
    198         80           0.011        1.82e-05           0.011         0.00445         0.00522         0.00977          0.0128
    198         90           0.013         0.00028          0.0127           0.014          0.0205          0.0102          0.0138
    198        100           0.011        6.35e-05           0.011          0.0082         0.00974         0.00981          0.0128
    198        110          0.0151        3.96e-05          0.0151         0.00655          0.0077          0.0103           0.015


2025-11-20 17:23:32: Validating
# epoch      batch      total_loss     energy_loss     forces_loss      energy_mae     energy_rmse      forces_mae     forces_rmse
    198          0          0.0179         0.00027          0.0177          0.0111          0.0201          0.0114          0.0162
    198         10          0.0263        1.84e-05          0.0263         0.00451         0.00525          0.0137          0.0198
    198         20          0.0182        4.15e-05          0.0182         0.00602         0.00788           0.011          0.0165


2025-11-20 17:23:33: Epoch summary:
Validation  # epoch      total_loss     energy_loss     forces_loss      energy_mae     energy_rmse      forces_mae     forces_rmse
                198          0.0141        9.16e-05           0.014         0.00522         0.00806         0.00999          0.0143
Train       # epoch      total_loss     energy_loss     forces_loss      energy_mae     energy_rmse      forces_mae     forces_rmse
                198          0.0154        0.000369           0.015          0.0184          0.0208          0.0111          0.0149


2025-11-20 17:23:33: Training
# epoch      batch      total_loss     energy_loss     forces_loss      energy_mae     energy_rmse      forces_mae     forces_rmse
    199          0          0.0225        7.91e-05          0.0224         0.00788          0.0109          0.0132          0.0183
    199         10          0.0137        0.000279          0.0135          0.0165          0.0204          0.0108          0.0142
    199         20          0.0144        0.000136          0.0142          0.0122          0.0143           0.011          0.0146
    199         30          0.0165        0.000138          0.0164          0.0117          0.0144          0.0116          0.0156
    199         40          0.0162         0.00118           0.015          0.0407          0.0419          0.0111           0.015
    199         50          0.0123        4.98e-05          0.0123         0.00729         0.00862         0.00996          0.0135
    199         60          0.0151        4.78e-05          0.0151         0.00683         0.00846          0.0108           0.015
    199         70           0.015         0.00056          0.0144          0.0269          0.0289          0.0108          0.0147
    199         80          0.0123        0.000593          0.0117          0.0284          0.0298         0.00996          0.0132
    199         90          0.0141        0.000537          0.0136          0.0275          0.0283          0.0109          0.0143
    199        100          0.0182          0.0012           0.017          0.0419          0.0423           0.012          0.0159
    199        110          0.0134        6.11e-05          0.0133         0.00858         0.00956          0.0106          0.0141


2025-11-20 17:23:45: Validating
# epoch      batch      total_loss     energy_loss     forces_loss      energy_mae     energy_rmse      forces_mae     forces_rmse
    199          0          0.0178        0.000262          0.0176          0.0111          0.0198          0.0114          0.0162
    199         10          0.0262        1.53e-05          0.0262         0.00419         0.00478          0.0138          0.0198
    199         20          0.0182        4.12e-05          0.0182         0.00576         0.00785          0.0111          0.0165


2025-11-20 17:23:46: Epoch summary:
Validation  # epoch      total_loss     energy_loss     forces_loss      energy_mae     energy_rmse      forces_mae     forces_rmse
                199          0.0141        9.24e-05           0.014         0.00519         0.00803         0.00998          0.0143
Train       # epoch      total_loss     energy_loss     forces_loss      energy_mae     energy_rmse      forces_mae     forces_rmse
                199          0.0152        0.000578          0.0146          0.0237          0.0255          0.0109          0.0147


2025-11-20 17:23:46: Training
# epoch      batch      total_loss     energy_loss     forces_loss      energy_mae     energy_rmse      forces_mae     forces_rmse
    200          0          0.0146        0.000381          0.0143          0.0201          0.0239          0.0111          0.0146
    200         10          0.0295        0.000544          0.0289          0.0273          0.0285          0.0144          0.0208
    200         20          0.0148        0.000145          0.0147          0.0135          0.0147          0.0111          0.0148
    200         30          0.0149         0.00135          0.0135          0.0445           0.045          0.0108          0.0142
    200         40          0.0184        6.02e-05          0.0184         0.00687         0.00949          0.0122          0.0166
    200         50          0.0188          0.0028           0.016          0.0644          0.0647          0.0116          0.0155
    200         60          0.0242         0.00362          0.0206           0.073          0.0736          0.0134          0.0175
    200         70          0.0244         0.00292          0.0215          0.0654           0.066          0.0134          0.0179
    200         80          0.0328          0.0041          0.0287          0.0779          0.0783          0.0145          0.0207
    200         90          0.0295         0.00526          0.0242          0.0881          0.0887          0.0144           0.019
    200        100          0.0222        0.000834          0.0214          0.0338          0.0353          0.0134          0.0179
    200        110           0.148          0.0371           0.111           0.234           0.236          0.0292          0.0408


2025-11-20 17:23:57: Validating
# epoch      batch      total_loss     energy_loss     forces_loss      energy_mae     energy_rmse      forces_mae     forces_rmse
    200          0          0.0181        0.000296          0.0178          0.0117           0.021          0.0115          0.0163
    200         10          0.0259        2.16e-05          0.0258         0.00435         0.00569          0.0137          0.0197
    200         20           0.018        5.18e-05          0.0179         0.00684          0.0088          0.0111          0.0164


2025-11-20 17:23:58: Epoch summary:
Validation  # epoch      total_loss     energy_loss     forces_loss      energy_mae     energy_rmse      forces_mae     forces_rmse
                200          0.0142        0.000104          0.0141         0.00615         0.00894            0.01          0.0143
Train       # epoch      total_loss     energy_loss     forces_loss      energy_mae     energy_rmse      forces_mae     forces_rmse
                200          0.0304         0.00248          0.0277          0.0449           0.047          0.0141          0.0196


2025-11-20 17:23:58: Training
# epoch      batch      total_loss     energy_loss     forces_loss      energy_mae     energy_rmse      forces_mae     forces_rmse
    201          0           0.285          0.0644           0.221            0.31            0.31          0.0421          0.0575
    201         10           0.208          0.0109           0.197           0.116           0.128          0.0384          0.0543
    201         20          0.0764        0.000129          0.0762          0.0113          0.0139          0.0254          0.0338
    201         30          0.0479        0.000407          0.0475          0.0226          0.0247          0.0203          0.0266
    201         40          0.0553         0.00195          0.0534          0.0514           0.054          0.0202          0.0282
    201         50          0.0326         0.00156           0.031          0.0473          0.0483           0.016          0.0215
    201         60          0.0356        8.38e-05          0.0356         0.00864          0.0112           0.016          0.0231
    201         70           0.026         0.00435          0.0217          0.0802          0.0807          0.0137           0.018
    201         80          0.0185        0.000553           0.018          0.0272          0.0288          0.0125          0.0164
    201         90          0.0131        0.000588          0.0125          0.0292          0.0297          0.0101          0.0137
    201        100          0.0148        0.000247          0.0146           0.018          0.0192          0.0109          0.0148
    201        110         0.00814        1.98e-05         0.00812         0.00414         0.00544         0.00839           0.011


2025-11-20 17:24:10: Validating
# epoch      batch      total_loss     energy_loss     forces_loss      energy_mae     energy_rmse      forces_mae     forces_rmse
    201          0          0.0178        0.000282          0.0175          0.0113          0.0205          0.0115          0.0162
    201         10          0.0259        3.11e-05          0.0259         0.00482         0.00682          0.0137          0.0197
    201         20           0.018         4.8e-05          0.0179         0.00663         0.00848          0.0112          0.0164


2025-11-20 17:24:11: Epoch summary:
Validation  # epoch      total_loss     energy_loss     forces_loss      energy_mae     energy_rmse      forces_mae     forces_rmse
                201          0.0145        0.000104          0.0144         0.00591         0.00882          0.0102          0.0145
Train       # epoch      total_loss     energy_loss     forces_loss      energy_mae     energy_rmse      forces_mae     forces_rmse
                201          0.0624         0.00496          0.0575          0.0532           0.056          0.0187          0.0255


2025-11-20 17:24:11: Training
# epoch      batch      total_loss     energy_loss     forces_loss      energy_mae     energy_rmse      forces_mae     forces_rmse
    202          0           0.016        4.87e-05           0.016         0.00726         0.00853          0.0116          0.0154
    202         10          0.0199         0.00011          0.0198          0.0108          0.0128          0.0119          0.0172
    202         20          0.0381         0.00368          0.0344          0.0736          0.0741          0.0136          0.0227
    202         30          0.0212         0.00353          0.0176          0.0618          0.0727          0.0121          0.0162
    202         40          0.0326        0.000244          0.0323          0.0127          0.0191          0.0148           0.022
    202         50          0.0167        0.000419          0.0163          0.0239           0.025          0.0116          0.0156
    202         60          0.0131        4.87e-05          0.0131         0.00666         0.00853          0.0106           0.014
    202         70          0.0164        5.99e-05          0.0163         0.00807         0.00947          0.0108          0.0156
    202         80          0.0254         0.00534          0.0201          0.0892          0.0894          0.0127          0.0173
    202         90          0.0199         0.00371          0.0162          0.0723          0.0745          0.0115          0.0156
    202        100          0.0138        0.000113          0.0137         0.00934           0.013          0.0108          0.0143
    202        110           0.013         0.00106           0.012          0.0251          0.0398          0.0101          0.0134


2025-11-20 17:24:23: Validating
# epoch      batch      total_loss     energy_loss     forces_loss      energy_mae     energy_rmse      forces_mae     forces_rmse
    202          0          0.0177        0.000283          0.0175           0.011          0.0206          0.0114          0.0162
    202         10          0.0253        3.14e-05          0.0253          0.0046         0.00685          0.0135          0.0194
    202         20           0.018        4.15e-05          0.0179         0.00615         0.00788          0.0112          0.0164


2025-11-20 17:24:24: Epoch summary:
Validation  # epoch      total_loss     energy_loss     forces_loss      energy_mae     energy_rmse      forces_mae     forces_rmse
                202          0.0143          0.0001          0.0142         0.00589         0.00878          0.0101          0.0144
Train       # epoch      total_loss     energy_loss     forces_loss      energy_mae     energy_rmse      forces_mae     forces_rmse
                202          0.0224         0.00161          0.0208          0.0383          0.0402          0.0125          0.0174


2025-11-20 17:24:24: Training
# epoch      batch      total_loss     energy_loss     forces_loss      energy_mae     energy_rmse      forces_mae     forces_rmse
    203          0          0.0164         0.00106          0.0153          0.0394          0.0399          0.0114          0.0151
    203         10          0.0229        9.47e-05          0.0228         0.00982          0.0119          0.0137          0.0184
    203         20          0.0182         0.00137          0.0168          0.0445          0.0453           0.012          0.0159
    203         30          0.0183        0.000395          0.0179          0.0233          0.0243           0.012          0.0163
    203         40          0.0214        0.000149          0.0212          0.0135          0.0149          0.0123          0.0178
    203         50          0.0162         0.00141          0.0148          0.0453          0.0459          0.0109          0.0149
    203         60           0.017        8.33e-05           0.017          0.0102          0.0112          0.0118          0.0159
    203         70          0.0113        0.000249           0.011          0.0177          0.0193         0.00945          0.0128
    203         80          0.0174           0.001          0.0164          0.0164          0.0387          0.0111          0.0156
    203         90          0.0151        0.000269          0.0148          0.0179            0.02          0.0107          0.0149
    203        100          0.0204        0.000578          0.0198          0.0282          0.0294          0.0126          0.0172
    203        110          0.0174         0.00205          0.0153          0.0548          0.0554          0.0112          0.0151


2025-11-20 17:24:36: Validating
# epoch      batch      total_loss     energy_loss     forces_loss      energy_mae     energy_rmse      forces_mae     forces_rmse
    203          0          0.0175        0.000278          0.0172          0.0109          0.0204          0.0113          0.0161
    203         10          0.0258        2.63e-05          0.0257         0.00448         0.00627          0.0137          0.0196
    203         20           0.018        4.06e-05           0.018         0.00585         0.00779          0.0113          0.0164


2025-11-20 17:24:37: Epoch summary:
Validation  # epoch      total_loss     energy_loss     forces_loss      energy_mae     energy_rmse      forces_mae     forces_rmse
                203          0.0142        9.59e-05          0.0141          0.0056         0.00851          0.0101          0.0143
Train       # epoch      total_loss     energy_loss     forces_loss      energy_mae     energy_rmse      forces_mae     forces_rmse
                203          0.0165        0.000698          0.0158          0.0267          0.0289          0.0112          0.0153


2025-11-20 17:24:37: Training
# epoch      batch      total_loss     energy_loss     forces_loss      energy_mae     energy_rmse      forces_mae     forces_rmse
    204          0          0.0174         0.00054          0.0168          0.0274          0.0284          0.0117          0.0159
    204         10          0.0153        0.000697          0.0146          0.0312          0.0323          0.0106          0.0148
    204         20          0.0372        0.000416          0.0368          0.0217          0.0249          0.0151          0.0235
    204         30          0.0239         0.00324          0.0207          0.0659          0.0696          0.0127          0.0176
    204         40          0.0231          0.0035          0.0196          0.0694          0.0723          0.0126          0.0171
    204         50          0.0166         0.00292          0.0136          0.0656          0.0661          0.0105          0.0143
    204         60          0.0176        0.000615           0.017          0.0295          0.0303          0.0114           0.016
    204         70          0.0163        0.000215           0.016          0.0149          0.0179          0.0112          0.0155
    204         80          0.0235        0.000991          0.0225           0.037          0.0385          0.0128          0.0183
    204         90          0.0245         0.00729          0.0173           0.104           0.104          0.0121          0.0161
    204        100          0.0168        0.000126          0.0167          0.0127          0.0137          0.0116          0.0158
    204        110          0.0148        0.000982          0.0139          0.0252          0.0383          0.0102          0.0144


2025-11-20 17:24:48: Validating
# epoch      batch      total_loss     energy_loss     forces_loss      energy_mae     energy_rmse      forces_mae     forces_rmse
    204          0          0.0178        0.000293          0.0175          0.0109          0.0209          0.0114          0.0162
    204         10          0.0256         2.6e-05          0.0255         0.00438         0.00623          0.0136          0.0195
    204         20          0.0177        4.78e-05          0.0176         0.00637         0.00846          0.0112          0.0162


2025-11-20 17:24:49: Epoch summary:
Validation  # epoch      total_loss     energy_loss     forces_loss      energy_mae     energy_rmse      forces_mae     forces_rmse
                204          0.0141        9.86e-05           0.014         0.00558         0.00855            0.01          0.0143
Train       # epoch      total_loss     energy_loss     forces_loss      energy_mae     energy_rmse      forces_mae     forces_rmse
                204          0.0187         0.00128          0.0174          0.0363          0.0381          0.0117           0.016


2025-11-20 17:24:49: Training
# epoch      batch      total_loss     energy_loss     forces_loss      energy_mae     energy_rmse      forces_mae     forces_rmse
    205          0          0.0134        0.000131          0.0133          0.0132           0.014          0.0105          0.0141
    205         10          0.0127        0.000175          0.0125          0.0153          0.0162          0.0102          0.0137
    205         20          0.0144        0.000182          0.0143          0.0148          0.0165          0.0112          0.0146
    205         30          0.0133        0.000228           0.013          0.0169          0.0184          0.0107           0.014
    205         40          0.0119        0.000243          0.0116          0.0182          0.0191         0.00982          0.0132
    205         50          0.0157         0.00264           0.013           0.053          0.0628          0.0104           0.014
    205         60          0.0127        9.28e-05          0.0126          0.0103          0.0118         0.00997          0.0137
    205         70          0.0118        2.23e-05          0.0117         0.00383         0.00578         0.00932          0.0133
    205         80          0.0239         0.00206          0.0218           0.055          0.0555          0.0131          0.0181
    205         90          0.0528         0.00507          0.0478          0.0854          0.0871          0.0169          0.0267
    205        100          0.0172        0.000169           0.017          0.0144          0.0159          0.0119          0.0159
    205        110          0.0156        0.000682          0.0149          0.0315          0.0319          0.0113          0.0149


2025-11-20 17:25:00: Validating
# epoch      batch      total_loss     energy_loss     forces_loss      energy_mae     energy_rmse      forces_mae     forces_rmse
    205          0          0.0177        0.000283          0.0174          0.0109          0.0206          0.0113          0.0161
    205         10          0.0264           3e-05          0.0263         0.00485         0.00669          0.0137          0.0198
    205         20          0.0179        4.21e-05          0.0179         0.00598         0.00793          0.0112          0.0163


2025-11-20 17:25:01: Epoch summary:
Validation  # epoch      total_loss     energy_loss     forces_loss      energy_mae     energy_rmse      forces_mae     forces_rmse
                205          0.0141        9.67e-05           0.014         0.00547         0.00844            0.01          0.0143
Train       # epoch      total_loss     energy_loss     forces_loss      energy_mae     energy_rmse      forces_mae     forces_rmse
                205          0.0181        0.000959          0.0171          0.0266          0.0289          0.0114          0.0157


2025-11-20 17:25:01: Training
# epoch      batch      total_loss     energy_loss     forces_loss      energy_mae     energy_rmse      forces_mae     forces_rmse
    206          0          0.0189        6.47e-05          0.0188         0.00773         0.00983          0.0122          0.0168
    206         10          0.0134        0.000778          0.0126          0.0338          0.0341          0.0103          0.0138
    206         20          0.0143        4.52e-05          0.0142         0.00656         0.00822          0.0109          0.0146
    206         30          0.0113        0.000137          0.0112          0.0131          0.0143         0.00979          0.0129
    206         40          0.0132        3.66e-05          0.0132         0.00616          0.0074          0.0104          0.0141
    206         50          0.0109        9.88e-06          0.0109          0.0031         0.00384         0.00962          0.0128
    206         60          0.0103        5.55e-05          0.0102         0.00664         0.00911         0.00934          0.0124
    206         70          0.0114        0.000513          0.0109          0.0269          0.0277         0.00946          0.0128
    206         80          0.0136         0.00137          0.0122          0.0421          0.0452         0.00947          0.0135
    206         90          0.0274         0.00153          0.0259          0.0462          0.0479          0.0134          0.0197
    206        100          0.0144        0.000392           0.014          0.0231          0.0242           0.011          0.0145
    206        110          0.0169          0.0028          0.0141          0.0643          0.0647          0.0108          0.0145


2025-11-20 17:25:12: Validating
# epoch      batch      total_loss     energy_loss     forces_loss      energy_mae     energy_rmse      forces_mae     forces_rmse
    206          0          0.0174        0.000279          0.0172          0.0109          0.0204          0.0112           0.016
    206         10          0.0274        2.72e-05          0.0274         0.00493         0.00638          0.0139          0.0202
    206         20          0.0177        4.14e-05          0.0177         0.00563         0.00787          0.0111          0.0162


2025-11-20 17:25:13: Epoch summary:
Validation  # epoch      total_loss     energy_loss     forces_loss      energy_mae     energy_rmse      forces_mae     forces_rmse
                206           0.014        9.58e-05          0.0139         0.00534         0.00827         0.00997          0.0142
Train       # epoch      total_loss     energy_loss     forces_loss      energy_mae     energy_rmse      forces_mae     forces_rmse
                206          0.0165         0.00133          0.0152           0.031           0.033          0.0108          0.0148


2025-11-20 17:25:13: Training
# epoch      batch      total_loss     energy_loss     forces_loss      energy_mae     energy_rmse      forces_mae     forces_rmse
    207          0          0.0207        0.000105          0.0206          0.0115          0.0125          0.0132          0.0175
    207         10          0.0151        5.18e-05           0.015          0.0072          0.0088          0.0113           0.015
    207         20          0.0168        0.000419          0.0164          0.0238           0.025          0.0115          0.0157
    207         30          0.0174         0.00268          0.0147          0.0626          0.0633          0.0112          0.0148
    207         40          0.0156        0.000377          0.0152           0.023          0.0237          0.0114          0.0151
    207         50          0.0125        0.000452          0.0121          0.0251           0.026          0.0101          0.0134
    207         60          0.0115        5.13e-05          0.0114         0.00725         0.00876         0.00969          0.0131
    207         70          0.0104        0.000647          0.0098          0.0305          0.0311         0.00887          0.0121
    207         80           0.017        8.16e-05          0.0169         0.00964           0.011          0.0115          0.0159
    207         90          0.0237        0.000172          0.0235          0.0131           0.016          0.0135          0.0187
    207        100          0.0116        0.000192          0.0114          0.0155           0.017         0.00975          0.0131
    207        110          0.0154        0.000224          0.0152         0.00894          0.0183           0.011          0.0151


2025-11-20 17:25:24: Validating
# epoch      batch      total_loss     energy_loss     forces_loss      energy_mae     energy_rmse      forces_mae     forces_rmse
    207          0          0.0178        0.000291          0.0175           0.011          0.0208          0.0114          0.0162
    207         10          0.0273        3.26e-05          0.0272         0.00546         0.00699          0.0139          0.0202
    207         20          0.0174        4.67e-05          0.0174         0.00599         0.00836          0.0111          0.0161


2025-11-20 17:25:26: Epoch summary:
Validation  # epoch      total_loss     energy_loss     forces_loss      energy_mae     energy_rmse      forces_mae     forces_rmse
                207           0.014        9.64e-05          0.0139          0.0054         0.00837         0.00996          0.0142
Train       # epoch      total_loss     energy_loss     forces_loss      energy_mae     energy_rmse      forces_mae     forces_rmse
                207          0.0154        0.000616          0.0148          0.0231          0.0253           0.011          0.0148


2025-11-20 17:25:26: Training
# epoch      batch      total_loss     energy_loss     forces_loss      energy_mae     energy_rmse      forces_mae     forces_rmse
    208          0          0.0125        0.000201          0.0123          0.0153          0.0173         0.00984          0.0136
    208         10          0.0108        0.000618          0.0102          0.0296          0.0304         0.00937          0.0124
    208         20         0.00904        2.75e-05         0.00901         0.00541         0.00641         0.00887          0.0116
    208         30          0.0161        0.000121           0.016          0.0116          0.0134          0.0112          0.0155
    208         40          0.0149          0.0014          0.0135          0.0417          0.0457          0.0105          0.0142
    208         50          0.0208        0.000732          0.0201          0.0315          0.0331          0.0124          0.0173
    208         60          0.0126         0.00033          0.0123          0.0105          0.0222          0.0103          0.0136
    208         70          0.0162        6.32e-05          0.0162         0.00714         0.00972          0.0116          0.0156
    208         80          0.0128        1.16e-05          0.0128          0.0034         0.00416          0.0103          0.0138
    208         90          0.0122        0.000256           0.012          0.0147          0.0196         0.00988          0.0134
    208        100          0.0154        0.000407          0.0149          0.0143          0.0247          0.0111           0.015
    208        110          0.0159        0.000441          0.0155          0.0243          0.0257          0.0115          0.0152


2025-11-20 17:25:37: Validating
# epoch      batch      total_loss     energy_loss     forces_loss      energy_mae     energy_rmse      forces_mae     forces_rmse
    208          0          0.0175        0.000296          0.0173           0.011          0.0211          0.0113          0.0161
    208         10          0.0264        3.34e-05          0.0264         0.00564         0.00707          0.0137          0.0199
    208         20          0.0175        4.22e-05          0.0175         0.00578         0.00794          0.0111          0.0162


2025-11-20 17:25:38: Epoch summary:
Validation  # epoch      total_loss     energy_loss     forces_loss      energy_mae     energy_rmse      forces_mae     forces_rmse
                208          0.0139        9.39e-05          0.0138         0.00535         0.00829         0.00994          0.0142
Train       # epoch      total_loss     energy_loss     forces_loss      energy_mae     energy_rmse      forces_mae     forces_rmse
                208          0.0144        0.000436           0.014          0.0203          0.0226          0.0107          0.0144


2025-11-20 17:25:38: Training
# epoch      batch      total_loss     energy_loss     forces_loss      energy_mae     energy_rmse      forces_mae     forces_rmse
    209          0           0.018        0.000728          0.0173          0.0324           0.033           0.012          0.0161
    209         10          0.0155        0.000188          0.0153          0.0153          0.0167          0.0108          0.0151
    209         20          0.0152        5.06e-05          0.0152         0.00683          0.0087          0.0111          0.0151
    209         30          0.0262         0.00203          0.0242          0.0537          0.0551          0.0129           0.019
    209         40          0.0362         0.00424          0.0319          0.0783          0.0796          0.0152          0.0219
    209         50          0.0281         0.00969          0.0184            0.12            0.12          0.0121          0.0166
    209         60          0.0224         0.00484          0.0176          0.0843           0.085          0.0119          0.0162
    209         70           0.021        0.000351          0.0207          0.0215          0.0229          0.0128          0.0176
    209         80          0.0231        0.000611          0.0225          0.0285          0.0302          0.0136          0.0183
    209         90          0.0152        0.000732          0.0144          0.0326          0.0331          0.0108          0.0147
    209        100          0.0153        7.87e-05          0.0153          0.0083          0.0109          0.0113          0.0151
    209        110          0.0159         0.00358          0.0123          0.0731          0.0732          0.0104          0.0136


2025-11-20 17:25:50: Validating
# epoch      batch      total_loss     energy_loss     forces_loss      energy_mae     energy_rmse      forces_mae     forces_rmse
    209          0          0.0176        0.000298          0.0173          0.0112          0.0211          0.0114          0.0161
    209         10          0.0261         3.1e-05           0.026         0.00554          0.0068          0.0137          0.0197
    209         20          0.0172        4.26e-05          0.0172         0.00594         0.00798           0.011           0.016


2025-11-20 17:25:52: Epoch summary:
Validation  # epoch      total_loss     energy_loss     forces_loss      energy_mae     energy_rmse      forces_mae     forces_rmse
                209          0.0139        9.42e-05          0.0138         0.00531         0.00826         0.00993          0.0142
Train       # epoch      total_loss     energy_loss     forces_loss      energy_mae     energy_rmse      forces_mae     forces_rmse
                209          0.0192         0.00152          0.0177          0.0355          0.0374          0.0117          0.0161


2025-11-20 17:25:52: Training
# epoch      batch      total_loss     energy_loss     forces_loss      energy_mae     energy_rmse      forces_mae     forces_rmse
    210          0          0.0122        0.000836          0.0114          0.0349          0.0354         0.00926          0.0131
    210         10          0.0124         0.00138           0.011          0.0452          0.0455         0.00987          0.0129
    210         20          0.0173        0.000251          0.0171          0.0158          0.0194           0.012           0.016
    210         30           0.016        0.000495          0.0155          0.0186          0.0272          0.0113          0.0152
    210         40           0.023        0.000178          0.0228          0.0112          0.0163          0.0124          0.0185
    210         50          0.0186         0.00103          0.0175          0.0376          0.0392          0.0114          0.0162
    210         60          0.0164        0.000541          0.0159           0.028          0.0285          0.0114          0.0154
    210         70          0.0148        0.000598          0.0142          0.0294          0.0299          0.0108          0.0146
    210         80         0.00985        0.000143          0.0097          0.0136          0.0146         0.00926           0.012
    210         90           0.017        0.000491          0.0165          0.0255          0.0271          0.0117          0.0157
    210        100          0.0157        0.000859          0.0148          0.0353          0.0358          0.0109          0.0149
    210        110          0.0144         0.00277          0.0116          0.0642          0.0643          0.0097          0.0132


2025-11-20 17:26:03: Validating
# epoch      batch      total_loss     energy_loss     forces_loss      energy_mae     energy_rmse      forces_mae     forces_rmse
    210          0          0.0182        0.000313          0.0179          0.0116          0.0216          0.0114          0.0163
    210         10          0.0256        3.04e-05          0.0256         0.00504         0.00674          0.0137          0.0196
    210         20          0.0176        4.04e-05          0.0175         0.00568         0.00777          0.0111          0.0162


2025-11-20 17:26:04: Epoch summary:
Validation  # epoch      total_loss     energy_loss     forces_loss      energy_mae     energy_rmse      forces_mae     forces_rmse
                210          0.0139        9.56e-05          0.0138         0.00534         0.00829         0.00992          0.0142
Train       # epoch      total_loss     energy_loss     forces_loss      energy_mae     energy_rmse      forces_mae     forces_rmse
                210          0.0163         0.00101          0.0152          0.0323          0.0341           0.011           0.015


2025-11-20 17:26:04: Training
# epoch      batch      total_loss     energy_loss     forces_loss      energy_mae     energy_rmse      forces_mae     forces_rmse
    211          0          0.0139        5.12e-05          0.0139         0.00628         0.00875          0.0109          0.0144
    211         10          0.0195          0.0028          0.0168          0.0641          0.0647           0.012          0.0158
    211         20          0.0166        0.000421          0.0161          0.0231          0.0251          0.0117          0.0155
    211         30          0.0138        6.09e-05          0.0137         0.00806         0.00954          0.0107          0.0143
    211         40          0.0143        0.000321           0.014          0.0201          0.0219          0.0111          0.0145
    211         50          0.0103        5.73e-05          0.0102          0.0064         0.00926         0.00922          0.0124
    211         60           0.014        5.92e-05          0.0139         0.00731         0.00941          0.0101          0.0144
    211         70          0.0167        0.000488          0.0162          0.0251           0.027          0.0119          0.0156
    211         80          0.0132        0.000227          0.0129          0.0174          0.0184          0.0102          0.0139
    211         90          0.0336         0.00197          0.0316          0.0525          0.0543          0.0157          0.0217
    211        100           0.023          0.0072          0.0158           0.103           0.104          0.0118          0.0153
    211        110          0.0463        0.000865          0.0454          0.0315           0.036          0.0167          0.0261


2025-11-20 17:26:15: Validating
# epoch      batch      total_loss     energy_loss     forces_loss      energy_mae     energy_rmse      forces_mae     forces_rmse
    211          0          0.0183        0.000305           0.018          0.0116          0.0214          0.0115          0.0164
    211         10          0.0255        2.77e-05          0.0255         0.00517         0.00644          0.0136          0.0195
    211         20          0.0179        4.12e-05          0.0179          0.0055         0.00785          0.0112          0.0163


2025-11-20 17:26:16: Epoch summary:
Validation  # epoch      total_loss     energy_loss     forces_loss      energy_mae     energy_rmse      forces_mae     forces_rmse
                211          0.0139        9.46e-05          0.0138         0.00521         0.00819         0.00994          0.0142
Train       # epoch      total_loss     energy_loss     forces_loss      energy_mae     energy_rmse      forces_mae     forces_rmse
                211          0.0199         0.00127          0.0186          0.0333          0.0354           0.012          0.0164


2025-11-20 17:26:16: Training
# epoch      batch      total_loss     energy_loss     forces_loss      energy_mae     energy_rmse      forces_mae     forces_rmse
    212          0          0.0369         0.00911          0.0278           0.116           0.117          0.0145          0.0204
    212         10          0.0177        0.000822          0.0169          0.0336          0.0351          0.0121          0.0159
    212         20          0.0249         0.00901          0.0159           0.116           0.116          0.0115          0.0154
    212         30          0.0256         0.00218          0.0234          0.0548          0.0571          0.0132          0.0187
    212         40           0.039        0.000218          0.0387          0.0141           0.018          0.0165          0.0241
    212         50          0.0324         0.00291          0.0294          0.0652          0.0659           0.015           0.021
    212         60          0.0223         0.00103          0.0213          0.0365          0.0393          0.0126          0.0179
    212         70          0.0187         0.00194          0.0167          0.0534          0.0539          0.0118          0.0158
    212         80           0.018        0.000226          0.0177          0.0167          0.0184           0.012          0.0163
    212         90          0.0158         0.00229          0.0135          0.0581          0.0586          0.0107          0.0142
    212        100          0.0192        0.000921          0.0183          0.0359          0.0371          0.0114          0.0166
    212        110          0.0236        0.000605           0.023           0.027          0.0301          0.0121          0.0185


2025-11-20 17:26:27: Validating
# epoch      batch      total_loss     energy_loss     forces_loss      energy_mae     energy_rmse      forces_mae     forces_rmse
    212          0          0.0182        0.000297          0.0179          0.0115          0.0211          0.0114          0.0163
    212         10          0.0256        3.14e-05          0.0255         0.00533         0.00685          0.0136          0.0195
    212         20          0.0187        3.56e-05          0.0187         0.00535          0.0073          0.0113          0.0167


2025-11-20 17:26:28: Epoch summary:
Validation  # epoch      total_loss     energy_loss     forces_loss      energy_mae     energy_rmse      forces_mae     forces_rmse
                212           0.014        9.44e-05          0.0139         0.00531         0.00821         0.00995          0.0142
Train       # epoch      total_loss     energy_loss     forces_loss      energy_mae     energy_rmse      forces_mae     forces_rmse
                212          0.0225         0.00199          0.0205          0.0465           0.048          0.0126          0.0173


2025-11-20 17:26:28: Training
# epoch      batch      total_loss     energy_loss     forces_loss      energy_mae     energy_rmse      forces_mae     forces_rmse
    213          0          0.0211         0.00116          0.0199          0.0408          0.0416          0.0127          0.0173
    213         10          0.0245        0.000683          0.0238          0.0247           0.032          0.0129          0.0189
    213         20          0.0146        6.19e-05          0.0145         0.00864         0.00962          0.0107          0.0147
    213         30          0.0171        6.34e-05           0.017         0.00835         0.00974          0.0121           0.016
    213         40          0.0126        0.000115          0.0125          0.0117          0.0131          0.0106          0.0137
    213         50          0.0136        0.000104          0.0135          0.0108          0.0125          0.0105          0.0142
    213         60          0.0119        9.21e-05          0.0118          0.0103          0.0117         0.00975          0.0133
    213         70          0.0211        0.000225          0.0209          0.0165          0.0183           0.013          0.0177
    213         80          0.0198          0.0038           0.016          0.0751          0.0754          0.0116          0.0155
    213         90          0.0188        4.86e-05          0.0187         0.00693         0.00853          0.0121          0.0167
    213        100          0.0135         0.00023          0.0133          0.0181          0.0185          0.0106          0.0141
    213        110           0.015        9.03e-05          0.0149         0.00954          0.0116          0.0113          0.0149


2025-11-20 17:26:39: Validating
# epoch      batch      total_loss     energy_loss     forces_loss      energy_mae     energy_rmse      forces_mae     forces_rmse
    213          0          0.0173        0.000282           0.017          0.0112          0.0205          0.0112          0.0159
    213         10          0.0248        3.36e-05          0.0248         0.00536         0.00708          0.0135          0.0193
    213         20          0.0189         3.7e-05          0.0189         0.00545         0.00744          0.0113          0.0168


2025-11-20 17:26:40: Epoch summary:
Validation  # epoch      total_loss     energy_loss     forces_loss      energy_mae     energy_rmse      forces_mae     forces_rmse
                213           0.014        9.58e-05          0.0139         0.00542         0.00833         0.00995          0.0142
Train       # epoch      total_loss     energy_loss     forces_loss      energy_mae     energy_rmse      forces_mae     forces_rmse
                213           0.019        0.000918          0.0181           0.028          0.0301          0.0119          0.0163


2025-11-20 17:26:40: Training
# epoch      batch      total_loss     energy_loss     forces_loss      energy_mae     energy_rmse      forces_mae     forces_rmse
    214          0          0.0203        0.000115          0.0202          0.0115          0.0131          0.0126          0.0174
    214         10          0.0131        0.000653          0.0124          0.0227          0.0312          0.0104          0.0136
    214         20           0.018        0.000824          0.0172          0.0347          0.0351          0.0115           0.016
    214         30          0.0119        3.18e-05          0.0118         0.00598         0.00689         0.00998          0.0133
    214         40          0.0144        7.36e-05          0.0143         0.00808          0.0105          0.0107          0.0146
    214         50          0.0162        0.000997          0.0152          0.0376          0.0386          0.0112          0.0151
    214         60          0.0146        0.000682          0.0139            0.03          0.0319          0.0109          0.0144
    214         70          0.0139        0.000197          0.0137          0.0153          0.0171          0.0109          0.0143
    214         80          0.0218         5.7e-05          0.0217         0.00735         0.00923          0.0135           0.018
    214         90          0.0159         0.00105          0.0148          0.0391          0.0396          0.0109          0.0149
    214        100          0.0149        0.000499          0.0144          0.0263          0.0273          0.0112          0.0147
    214        110          0.0117        0.000288          0.0114          0.0195          0.0207         0.00986          0.0131


2025-11-20 17:26:51: Validating
# epoch      batch      total_loss     energy_loss     forces_loss      energy_mae     energy_rmse      forces_mae     forces_rmse
    214          0          0.0173        0.000261           0.017          0.0109          0.0197          0.0112           0.016
    214         10          0.0256        4.42e-05          0.0256         0.00626         0.00813          0.0136          0.0196
    214         20          0.0176        3.67e-05          0.0176         0.00543         0.00741          0.0111          0.0162


2025-11-20 17:26:52: Epoch summary:
Validation  # epoch      total_loss     energy_loss     forces_loss      energy_mae     energy_rmse      forces_mae     forces_rmse
                214           0.014        9.32e-05          0.0139         0.00535         0.00826         0.00995          0.0142
Train       # epoch      total_loss     energy_loss     forces_loss      energy_mae     energy_rmse      forces_mae     forces_rmse
                214          0.0155        0.000474           0.015          0.0212          0.0234          0.0111          0.0149


2025-11-20 17:26:52: Training
# epoch      batch      total_loss     energy_loss     forces_loss      energy_mae     energy_rmse      forces_mae     forces_rmse
    215          0          0.0134         0.00045           0.013          0.0256          0.0259          0.0102          0.0139
    215         10          0.0123        0.000526          0.0117          0.0272           0.028          0.0101          0.0133
    215         20          0.0166        0.000688          0.0159          0.0296          0.0321           0.011          0.0154
    215         30           0.038        0.000705          0.0373          0.0271          0.0325          0.0161          0.0236
    215         40          0.0296         0.00393          0.0257          0.0761          0.0766          0.0144          0.0196
    215         50           0.024         0.00479          0.0192          0.0845          0.0847          0.0128           0.017
    215         60          0.0158         0.00127          0.0146          0.0414          0.0435          0.0111          0.0148
    215         70          0.0209         0.00102          0.0199          0.0382          0.0391          0.0129          0.0172
    215         80          0.0221         0.00194          0.0202          0.0531          0.0539          0.0131          0.0174
    215         90          0.0146        0.000419          0.0142          0.0242           0.025          0.0108          0.0146
    215        100          0.0315         0.00233          0.0292          0.0581           0.059          0.0152          0.0209
    215        110          0.0212         0.00221           0.019          0.0565          0.0575          0.0126          0.0169


2025-11-20 17:27:03: Validating
# epoch      batch      total_loss     energy_loss     forces_loss      energy_mae     energy_rmse      forces_mae     forces_rmse
    215          0          0.0179        0.000271          0.0176           0.011          0.0201          0.0114          0.0162
    215         10          0.0259        4.12e-05          0.0258         0.00632         0.00785          0.0136          0.0197
    215         20           0.018        4.09e-05          0.0179         0.00591         0.00782          0.0111          0.0164


2025-11-20 17:27:04: Epoch summary:
Validation  # epoch      total_loss     energy_loss     forces_loss      energy_mae     energy_rmse      forces_mae     forces_rmse
                215          0.0141        9.34e-05           0.014         0.00561         0.00841         0.00996          0.0143
Train       # epoch      total_loss     energy_loss     forces_loss      energy_mae     energy_rmse      forces_mae     forces_rmse
                215          0.0202         0.00175          0.0184          0.0423          0.0441           0.012          0.0164


2025-11-20 17:27:04: Training
# epoch      batch      total_loss     energy_loss     forces_loss      energy_mae     energy_rmse      forces_mae     forces_rmse
    216          0          0.0218        0.000132          0.0217          0.0106          0.0141          0.0134           0.018
    216         10          0.0176        0.000858          0.0167          0.0339          0.0358          0.0118          0.0158
    216         20          0.0146        0.000693          0.0139          0.0305          0.0322          0.0107          0.0144
    216         30          0.0159        0.000238          0.0156          0.0173          0.0189          0.0116          0.0153
    216         40          0.0118        5.15e-05          0.0118         0.00742         0.00877          0.0102          0.0133
    216         50           0.015        0.000227          0.0147           0.014          0.0184          0.0113          0.0148
    216         60          0.0132        0.000664          0.0126          0.0311          0.0315         0.00991          0.0137
    216         70          0.0285        0.000643          0.0279          0.0284           0.031          0.0148          0.0204
    216         80           0.017        0.000671          0.0163          0.0306          0.0317          0.0117          0.0156
    216         90          0.0205         0.00102          0.0195          0.0384           0.039          0.0126          0.0171
    216        100          0.0142        0.000655          0.0135           0.031          0.0313          0.0108          0.0142
    216        110          0.0136         0.00103          0.0126          0.0389          0.0393          0.0103          0.0137


2025-11-20 17:27:15: Validating
# epoch      batch      total_loss     energy_loss     forces_loss      energy_mae     energy_rmse      forces_mae     forces_rmse
    216          0          0.0177        0.000281          0.0174          0.0114          0.0205          0.0114          0.0162
    216         10          0.0256         3.8e-05          0.0256         0.00605         0.00754          0.0136          0.0196
    216         20          0.0177        4.46e-05          0.0176         0.00569         0.00817          0.0111          0.0162


2025-11-20 17:27:16: Epoch summary:
Validation  # epoch      total_loss     energy_loss     forces_loss      energy_mae     energy_rmse      forces_mae     forces_rmse
                216          0.0141        9.52e-05           0.014         0.00552         0.00844         0.00994          0.0142
Train       # epoch      total_loss     energy_loss     forces_loss      energy_mae     energy_rmse      forces_mae     forces_rmse
                216           0.018        0.000798          0.0172          0.0281          0.0303          0.0117          0.0159


2025-11-20 17:27:16: Training
# epoch      batch      total_loss     energy_loss     forces_loss      energy_mae     energy_rmse      forces_mae     forces_rmse
    217          0          0.0103        0.000194          0.0101          0.0156           0.017         0.00957          0.0123
    217         10          0.0146        0.000722          0.0139          0.0307          0.0329          0.0106          0.0144
    217         20          0.0128        0.000901          0.0119           0.021          0.0367         0.00965          0.0133
    217         30          0.0188        0.000348          0.0185          0.0221          0.0228          0.0121          0.0166
    217         40          0.0124        0.000449          0.0119          0.0246          0.0259          0.0101          0.0134
    217         50          0.0163        0.000658          0.0156          0.0301          0.0314          0.0114          0.0153
    217         60          0.0246        0.000748          0.0238          0.0318          0.0334          0.0118          0.0189
    217         70          0.0137        5.71e-05          0.0137          0.0083         0.00924          0.0106          0.0143
    217         80          0.0253        5.75e-05          0.0252         0.00751         0.00927          0.0134          0.0194
    217         90          0.0245         0.00177          0.0227          0.0502          0.0515          0.0136          0.0184
    217        100           0.017        0.000301          0.0167          0.0194          0.0212          0.0115          0.0158
    217        110          0.0154        0.000974          0.0145          0.0365          0.0382          0.0111          0.0147


2025-11-20 17:27:27: Validating
# epoch      batch      total_loss     energy_loss     forces_loss      energy_mae     energy_rmse      forces_mae     forces_rmse
    217          0          0.0177        0.000289          0.0174          0.0114          0.0208          0.0113          0.0161
    217         10          0.0254         3.8e-05          0.0253         0.00612         0.00754          0.0135          0.0195
    217         20          0.0172        4.27e-05          0.0172         0.00537         0.00799          0.0109           0.016


2025-11-20 17:27:28: Epoch summary:
Validation  # epoch      total_loss     energy_loss     forces_loss      energy_mae     energy_rmse      forces_mae     forces_rmse
                217          0.0141        9.72e-05           0.014         0.00558         0.00854         0.00995          0.0142
Train       # epoch      total_loss     energy_loss     forces_loss      energy_mae     energy_rmse      forces_mae     forces_rmse
                217          0.0171        0.000483          0.0166          0.0217          0.0238          0.0115          0.0157


2025-11-20 17:27:28: Training
# epoch      batch      total_loss     energy_loss     forces_loss      energy_mae     energy_rmse      forces_mae     forces_rmse
    218          0          0.0243         0.00084          0.0235           0.025          0.0354          0.0124          0.0187
    218         10          0.0183         0.00143          0.0169          0.0451          0.0463          0.0113          0.0159
    218         20          0.0163         0.00288          0.0134          0.0653          0.0656          0.0106          0.0142
    218         30          0.0145        0.000151          0.0143          0.0125           0.015           0.011          0.0146
    218         40          0.0183         0.00126           0.017          0.0415          0.0434          0.0116          0.0159
    218         50          0.0192          0.0009          0.0183          0.0213          0.0367          0.0124          0.0165
    218         60          0.0198         0.00394          0.0159          0.0763          0.0768          0.0113          0.0154
    218         70          0.0229        0.000332          0.0226          0.0211          0.0223          0.0132          0.0184
    218         80          0.0165        0.000987          0.0155          0.0207          0.0384          0.0111          0.0152
    218         90          0.0168        0.000145          0.0167          0.0102          0.0147           0.011          0.0158
    218        100          0.0196        0.000229          0.0194           0.011          0.0185          0.0126           0.017
    218        110          0.0204         0.00079          0.0196          0.0338          0.0344          0.0127          0.0171


2025-11-20 17:27:40: Validating
# epoch      batch      total_loss     energy_loss     forces_loss      energy_mae     energy_rmse      forces_mae     forces_rmse
    218          0          0.0174        0.000285          0.0171          0.0114          0.0206          0.0112           0.016
    218         10          0.0251        3.65e-05           0.025          0.0059         0.00739          0.0135          0.0193
    218         20          0.0169        4.57e-05          0.0168         0.00559         0.00826          0.0108          0.0159


2025-11-20 17:27:41: Epoch summary:
Validation  # epoch      total_loss     energy_loss     forces_loss      energy_mae     energy_rmse      forces_mae     forces_rmse
                218           0.014        9.38e-05          0.0139         0.00554         0.00844         0.00993          0.0142
Train       # epoch      total_loss     energy_loss     forces_loss      energy_mae     energy_rmse      forces_mae     forces_rmse
                218          0.0178         0.00114          0.0166          0.0347          0.0368          0.0115          0.0157


2025-11-20 17:27:41: Training
# epoch      batch      total_loss     energy_loss     forces_loss      energy_mae     energy_rmse      forces_mae     forces_rmse
    219          0          0.0208        0.000768          0.0201           0.033          0.0339          0.0124          0.0173
    219         10          0.0173        0.000135          0.0172          0.0125          0.0142          0.0115           0.016
    219         20          0.0183        0.000992          0.0173          0.0374          0.0385           0.012          0.0161
    219         30          0.0197        0.000113          0.0196          0.0109           0.013          0.0123          0.0171
    219         40          0.0189         0.00205          0.0168          0.0542          0.0553          0.0115          0.0159
    219         50          0.0147         0.00294          0.0118          0.0662          0.0663         0.00989          0.0133
    219         60          0.0165        0.000282          0.0162          0.0196          0.0205          0.0118          0.0156
    219         70          0.0139        3.28e-05          0.0139         0.00526         0.00701          0.0104          0.0144
    219         80          0.0166        5.85e-05          0.0165         0.00636         0.00935          0.0117          0.0157
    219         90          0.0141        0.000312          0.0138          0.0179          0.0216          0.0103          0.0144
    219        100          0.0133        0.000145          0.0132          0.0135          0.0147          0.0103           0.014
    219        110          0.0143        0.000201          0.0141          0.0146          0.0173          0.0106          0.0145


2025-11-20 17:27:53: Validating
# epoch      batch      total_loss     energy_loss     forces_loss      energy_mae     energy_rmse      forces_mae     forces_rmse
    219          0          0.0176        0.000275          0.0173          0.0112          0.0203          0.0112          0.0161
    219         10          0.0256        3.85e-05          0.0256         0.00611         0.00759          0.0137          0.0196
    219         20          0.0175        3.74e-05          0.0174         0.00514         0.00748           0.011          0.0161


2025-11-20 17:27:54: Epoch summary:
Validation  # epoch      total_loss     energy_loss     forces_loss      energy_mae     energy_rmse      forces_mae     forces_rmse
                219          0.0141        9.33e-05           0.014         0.00539         0.00829         0.00996          0.0143
Train       # epoch      total_loss     energy_loss     forces_loss      energy_mae     energy_rmse      forces_mae     forces_rmse
                219           0.018         0.00083          0.0172          0.0277          0.0298          0.0116          0.0159


2025-11-20 17:27:54: Training
# epoch      batch      total_loss     energy_loss     forces_loss      energy_mae     energy_rmse      forces_mae     forces_rmse
    220          0          0.0126        0.000562          0.0121          0.0209           0.029         0.00983          0.0134
    220         10          0.0172        0.000783          0.0164          0.0327          0.0342          0.0118          0.0157
    220         20          0.0182         0.00108          0.0172          0.0395          0.0402          0.0119           0.016
    220         30          0.0152         0.00208          0.0132          0.0552          0.0557          0.0103           0.014
    220         40          0.0127        0.000449          0.0123          0.0209          0.0259          0.0103          0.0136
    220         50          0.0141        6.79e-05           0.014         0.00697          0.0101          0.0111          0.0145
    220         60          0.0148         0.00066          0.0142          0.0148          0.0314          0.0108          0.0145
    220         70          0.0106        0.000366          0.0102          0.0231          0.0234         0.00948          0.0124
    220         80          0.0158        0.000144          0.0157          0.0108          0.0147          0.0109          0.0153
    220         90          0.0173        0.000463          0.0169          0.0232          0.0263          0.0118          0.0159
    220        100          0.0207         0.00171           0.019          0.0494          0.0505          0.0118          0.0168
    220        110          0.0126        0.000494          0.0121          0.0266          0.0272         0.00995          0.0135


2025-11-20 17:28:04: Validating
# epoch      batch      total_loss     energy_loss     forces_loss      energy_mae     energy_rmse      forces_mae     forces_rmse
    220          0          0.0179        0.000272          0.0176          0.0115          0.0202          0.0113          0.0162
    220         10          0.0258        3.42e-05          0.0258         0.00587         0.00716          0.0137          0.0196
    220         20          0.0174        4.09e-05          0.0174         0.00542         0.00782           0.011          0.0161


2025-11-20 17:28:06: Epoch summary:
Validation  # epoch      total_loss     energy_loss     forces_loss      energy_mae     energy_rmse      forces_mae     forces_rmse
                220          0.0141        9.41e-05           0.014         0.00534         0.00831         0.00995          0.0142
Train       # epoch      total_loss     energy_loss     forces_loss      energy_mae     energy_rmse      forces_mae     forces_rmse
                220          0.0159        0.000724          0.0152          0.0249          0.0272           0.011          0.0149


2025-11-20 17:28:06: Training
# epoch      batch      total_loss     energy_loss     forces_loss      energy_mae     energy_rmse      forces_mae     forces_rmse
    221          0          0.0148         0.00303          0.0117           0.067          0.0673         0.00997          0.0133
    221         10           0.017        0.000745          0.0163          0.0324          0.0334          0.0112          0.0156
    221         20          0.0165        0.000725          0.0158          0.0318          0.0329          0.0114          0.0154
    221         30          0.0152         0.00032          0.0149          0.0196          0.0219          0.0112          0.0149
    221         40          0.0107        0.000176          0.0106          0.0152          0.0162         0.00926          0.0126
    221         50           0.012        4.25e-05          0.0119         0.00541         0.00797          0.0101          0.0134
    221         60          0.0141        0.000511          0.0136          0.0263          0.0276          0.0107          0.0142
    221         70          0.0159        6.57e-05          0.0158         0.00701         0.00991          0.0113          0.0154
    221         80          0.0179        0.000274          0.0176          0.0186          0.0202          0.0122          0.0162
    221         90          0.0199        0.000814          0.0191           0.033          0.0349          0.0124          0.0169
    221        100          0.0147        0.000136          0.0146         0.00867          0.0142          0.0109          0.0148
    221        110          0.0145         0.00128          0.0133          0.0412          0.0438          0.0108          0.0141


2025-11-20 17:28:17: Validating
# epoch      batch      total_loss     energy_loss     forces_loss      energy_mae     energy_rmse      forces_mae     forces_rmse
    221          0          0.0178        0.000275          0.0175          0.0111          0.0203          0.0113          0.0162
    221         10          0.0263        3.01e-05          0.0263          0.0055         0.00671          0.0138          0.0198
    221         20           0.018        4.19e-05           0.018         0.00548         0.00791          0.0111          0.0164


2025-11-20 17:28:18: Epoch summary:
Validation  # epoch      total_loss     energy_loss     forces_loss      energy_mae     energy_rmse      forces_mae     forces_rmse
                221          0.0141        9.45e-05           0.014          0.0053         0.00828         0.00996          0.0143
Train       # epoch      total_loss     energy_loss     forces_loss      energy_mae     energy_rmse      forces_mae     forces_rmse
                221          0.0156        0.000575           0.015           0.023          0.0253          0.0109          0.0149


2025-11-20 17:28:18: Training
# epoch      batch      total_loss     energy_loss     forces_loss      energy_mae     energy_rmse      forces_mae     forces_rmse
    222          0          0.0189          0.0012          0.0177          0.0412          0.0423          0.0116          0.0163
    222         10          0.0307         0.00334          0.0274          0.0693          0.0706           0.014          0.0202
    222         20          0.0424         0.00232          0.0401          0.0552          0.0589           0.017          0.0245
    222         30          0.0228        0.000338          0.0225           0.021          0.0225          0.0137          0.0183
    222         40          0.0371          0.0112          0.0259           0.129           0.129          0.0141          0.0197
    222         50           0.022          0.0004          0.0216          0.0226          0.0245          0.0128           0.018
    222         60          0.0203         0.00036            0.02          0.0179          0.0232          0.0124          0.0173
    222         70          0.0156        7.52e-05          0.0155         0.00882          0.0106          0.0117          0.0152
    222         80          0.0212         0.00113          0.0201          0.0407          0.0412          0.0131          0.0173
    222         90          0.0174         0.00051          0.0169          0.0261          0.0276          0.0117          0.0159
    222        100          0.0157        0.000239          0.0154          0.0157          0.0189          0.0113          0.0152
    222        110          0.0107        2.49e-05          0.0106         0.00558          0.0061         0.00942          0.0126


2025-11-20 17:28:29: Validating
# epoch      batch      total_loss     energy_loss     forces_loss      energy_mae     energy_rmse      forces_mae     forces_rmse
    222          0           0.018        0.000268          0.0177          0.0111            0.02          0.0113          0.0163
    222         10          0.0261        3.64e-05           0.026         0.00562         0.00737          0.0137          0.0197
    222         20          0.0183        4.22e-05          0.0182         0.00577         0.00795          0.0112          0.0165


2025-11-20 17:28:30: Epoch summary:
Validation  # epoch      total_loss     energy_loss     forces_loss      energy_mae     energy_rmse      forces_mae     forces_rmse
                222          0.0141        9.59e-05           0.014          0.0055         0.00843         0.00998          0.0143
Train       # epoch      total_loss     energy_loss     forces_loss      energy_mae     energy_rmse      forces_mae     forces_rmse
                222          0.0217         0.00149          0.0202          0.0349          0.0368          0.0123          0.0171


2025-11-20 17:28:30: Training
# epoch      batch      total_loss     energy_loss     forces_loss      energy_mae     energy_rmse      forces_mae     forces_rmse
    223          0         0.00813        0.000152         0.00798          0.0147          0.0151         0.00834          0.0109
    223         10          0.0102        0.000148          0.0101          0.0131          0.0149          0.0091          0.0123
    223         20          0.0102        0.000959         0.00927          0.0377          0.0379         0.00863          0.0118
    223         30          0.0113        0.000861          0.0105          0.0265          0.0359         0.00948          0.0125
    223         40          0.0134        1.41e-05          0.0134         0.00353         0.00459          0.0105          0.0142
    223         50          0.0112        0.000149           0.011          0.0137          0.0149         0.00952          0.0128
    223         60          0.0166         0.00236          0.0143          0.0586          0.0594          0.0111          0.0146
    223         70          0.0163        0.000741          0.0155          0.0324          0.0333          0.0114          0.0152
    223         80          0.0116        0.000168          0.0114         0.00719          0.0158         0.00974          0.0131
    223         90          0.0151         8.4e-05           0.015         0.00813          0.0112           0.011           0.015
    223        100           0.019        5.82e-05           0.019         0.00791         0.00933          0.0127          0.0168
    223        110          0.0235        5.05e-05          0.0234         0.00659         0.00869          0.0131          0.0187


2025-11-20 17:28:41: Validating
# epoch      batch      total_loss     energy_loss     forces_loss      energy_mae     energy_rmse      forces_mae     forces_rmse
    223          0          0.0179        0.000262          0.0176          0.0109          0.0198          0.0113          0.0162
    223         10          0.0256        3.87e-05          0.0256         0.00571          0.0076          0.0136          0.0196
    223         20          0.0178        3.99e-05          0.0178         0.00571         0.00772          0.0111          0.0163


2025-11-20 17:28:42: Epoch summary:
Validation  # epoch      total_loss     energy_loss     forces_loss      energy_mae     energy_rmse      forces_mae     forces_rmse
                223          0.0141        9.58e-05           0.014         0.00552         0.00843         0.00996          0.0142
Train       # epoch      total_loss     energy_loss     forces_loss      energy_mae     energy_rmse      forces_mae     forces_rmse
                223          0.0153        0.000682          0.0146          0.0258          0.0279          0.0108          0.0146


2025-11-20 17:28:42: Training
# epoch      batch      total_loss     energy_loss     forces_loss      energy_mae     energy_rmse      forces_mae     forces_rmse
    224          0          0.0289          0.0034          0.0255          0.0702          0.0713          0.0147          0.0195
    224         10          0.0207        0.000804          0.0199          0.0237          0.0347          0.0128          0.0173
    224         20          0.0134        9.66e-05          0.0133           0.011           0.012          0.0107          0.0141
    224         30          0.0166        0.000187          0.0165          0.0143          0.0167          0.0114          0.0157
    224         40          0.0299        0.000155          0.0297          0.0128          0.0152          0.0146          0.0211
    224         50          0.0211         0.00202          0.0191          0.0543           0.055          0.0123          0.0169
    224         60          0.0167         0.00282          0.0139          0.0608          0.0649          0.0108          0.0144
    224         70          0.0138        0.000115          0.0137          0.0123          0.0131          0.0107          0.0143
    224         80          0.0147        0.000324          0.0143           0.021           0.022           0.011          0.0146
    224         90          0.0137        5.64e-05          0.0137         0.00751         0.00919          0.0109          0.0143
    224        100          0.0185        6.13e-05          0.0184         0.00848         0.00958          0.0119          0.0166
    224        110          0.0177         0.00204          0.0157          0.0547          0.0552          0.0112          0.0153


2025-11-20 17:28:52: Validating
# epoch      batch      total_loss     energy_loss     forces_loss      energy_mae     energy_rmse      forces_mae     forces_rmse
    224          0          0.0174        0.000287          0.0171          0.0116          0.0207          0.0112           0.016
    224         10          0.0251        3.36e-05           0.025         0.00554         0.00709          0.0136          0.0193
    224         20          0.0181        4.13e-05           0.018         0.00575         0.00786          0.0111          0.0164


2025-11-20 17:28:54: Epoch summary:
Validation  # epoch      total_loss     energy_loss     forces_loss      energy_mae     energy_rmse      forces_mae     forces_rmse
                224           0.014        9.91e-05          0.0139          0.0056         0.00853         0.00994          0.0142
Train       # epoch      total_loss     energy_loss     forces_loss      energy_mae     energy_rmse      forces_mae     forces_rmse
                224          0.0179        0.000907           0.017          0.0291          0.0309          0.0117          0.0159


2025-11-20 17:28:54: Training
# epoch      batch      total_loss     energy_loss     forces_loss      energy_mae     energy_rmse      forces_mae     forces_rmse
    225          0          0.0198         0.00426          0.0155          0.0796          0.0798          0.0113          0.0152
    225         10         0.00994        8.45e-05         0.00986         0.00951          0.0112          0.0092          0.0121
    225         20          0.0156        0.000227          0.0153          0.0131          0.0184          0.0112          0.0151
    225         30          0.0112         0.00041          0.0108          0.0239          0.0248         0.00981          0.0127
    225         40          0.0124        2.16e-05          0.0124         0.00491         0.00569          0.0102          0.0136
    225         50          0.0124        0.000304          0.0121          0.0201          0.0213         0.00961          0.0134
    225         60          0.0193         0.00211          0.0172          0.0561          0.0562          0.0119           0.016
    225         70           0.036        0.000517          0.0355          0.0233          0.0278          0.0162           0.023
    225         80          0.0174        0.000775          0.0167          0.0331           0.034          0.0117          0.0158
    225         90          0.0232         0.00082          0.0223          0.0333           0.035          0.0134          0.0183
    225        100          0.0442         0.00692          0.0373           0.099           0.102          0.0163          0.0236
    225        110          0.0232         0.00111          0.0221          0.0399          0.0408          0.0133          0.0182


2025-11-20 17:29:05: Validating
# epoch      batch      total_loss     energy_loss     forces_loss      energy_mae     energy_rmse      forces_mae     forces_rmse
    225          0          0.0176          0.0003          0.0173          0.0118          0.0212          0.0113          0.0161
    225         10          0.0252        3.01e-05          0.0252         0.00516         0.00671          0.0136          0.0194
    225         20          0.0178        4.41e-05          0.0177         0.00603         0.00812           0.011          0.0163


2025-11-20 17:29:06: Epoch summary:
Validation  # epoch      total_loss     energy_loss     forces_loss      energy_mae     energy_rmse      forces_mae     forces_rmse
                225           0.014        9.99e-05          0.0139         0.00562         0.00859         0.00995          0.0142
Train       # epoch      total_loss     energy_loss     forces_loss      energy_mae     energy_rmse      forces_mae     forces_rmse
                225          0.0218         0.00268          0.0191          0.0481          0.0499          0.0121          0.0166


2025-11-20 17:29:06: Training
# epoch      batch      total_loss     energy_loss     forces_loss      energy_mae     energy_rmse      forces_mae     forces_rmse
    226          0          0.0374          0.0101          0.0273           0.122           0.123          0.0153          0.0202
    226         10           0.028        0.000135          0.0279          0.0105          0.0142          0.0147          0.0204
    226         20          0.0178         0.00214          0.0156           0.056          0.0566          0.0114          0.0153
    226         30          0.0246        8.85e-05          0.0245          0.0101          0.0115          0.0131          0.0192
    226         40          0.0255         0.00261          0.0229           0.062          0.0624          0.0137          0.0185
    226         50          0.0169         0.00053          0.0164          0.0202          0.0281          0.0111          0.0156
    226         60           0.021         0.00159          0.0195          0.0476          0.0487          0.0127          0.0171
    226         70          0.0141         0.00187          0.0123          0.0484          0.0529          0.0102          0.0136
    226         80           0.012        0.000115          0.0119          0.0112          0.0131          0.0101          0.0133
    226         90           0.015        3.31e-05          0.0149         0.00569         0.00703           0.011           0.015
    226        100          0.0218        5.16e-05          0.0217         0.00656         0.00878          0.0131           0.018
    226        110          0.0218        0.000777           0.021          0.0333          0.0341          0.0132          0.0177


2025-11-20 17:29:17: Validating
# epoch      batch      total_loss     energy_loss     forces_loss      energy_mae     energy_rmse      forces_mae     forces_rmse
    226          0          0.0184        0.000286          0.0182          0.0113          0.0207          0.0115          0.0165
    226         10           0.025        2.41e-05           0.025         0.00478           0.006          0.0134          0.0193
    226         20          0.0173        3.78e-05          0.0172         0.00569         0.00752          0.0109           0.016


2025-11-20 17:29:18: Epoch summary:
Validation  # epoch      total_loss     energy_loss     forces_loss      energy_mae     energy_rmse      forces_mae     forces_rmse
                226           0.014        9.73e-05          0.0139         0.00536         0.00835         0.00993          0.0142
Train       # epoch      total_loss     energy_loss     forces_loss      energy_mae     energy_rmse      forces_mae     forces_rmse
                226          0.0195         0.00125          0.0183           0.035          0.0368           0.012          0.0164


2025-11-20 17:29:18: Training
# epoch      batch      total_loss     energy_loss     forces_loss      energy_mae     energy_rmse      forces_mae     forces_rmse
    227          0          0.0142        4.51e-05          0.0142         0.00566         0.00821          0.0109          0.0146
    227         10          0.0195        8.76e-05          0.0194         0.00979          0.0114          0.0124           0.017
    227         20          0.0175        0.000722          0.0168          0.0321          0.0328          0.0115          0.0158
    227         30          0.0232         0.00501          0.0182          0.0861          0.0866          0.0121          0.0165
    227         40          0.0186        0.000737          0.0179          0.0267          0.0332          0.0124          0.0164
    227         50          0.0164         0.00132          0.0151          0.0434          0.0444          0.0112           0.015
    227         60          0.0213         0.00152          0.0198          0.0466          0.0476          0.0127          0.0172
    227         70          0.0215          0.0024          0.0191          0.0594          0.0599          0.0124          0.0169
    227         80          0.0141        0.000528          0.0136          0.0276          0.0281          0.0108          0.0143
    227         90          0.0119        5.74e-05          0.0119         0.00703         0.00926         0.00976          0.0133
    227        100          0.0157        8.19e-05          0.0156         0.00861          0.0111          0.0113          0.0153
    227        110          0.0276        0.000339          0.0273          0.0206          0.0225          0.0137          0.0202


2025-11-20 17:29:29: Validating
# epoch      batch      total_loss     energy_loss     forces_loss      energy_mae     energy_rmse      forces_mae     forces_rmse
    227          0          0.0182        0.000269          0.0179          0.0111          0.0201          0.0114          0.0164
    227         10          0.0249        3.05e-05          0.0249         0.00552         0.00675          0.0135          0.0193
    227         20          0.0175        3.86e-05          0.0175         0.00571          0.0076          0.0109          0.0162


2025-11-20 17:29:30: Epoch summary:
Validation  # epoch      total_loss     energy_loss     forces_loss      energy_mae     energy_rmse      forces_mae     forces_rmse
                227           0.014        9.76e-05          0.0139         0.00541         0.00842         0.00993          0.0142
Train       # epoch      total_loss     energy_loss     forces_loss      energy_mae     energy_rmse      forces_mae     forces_rmse
                227          0.0186         0.00108          0.0175          0.0292          0.0313          0.0118          0.0161


2025-11-20 17:29:30: Training
# epoch      batch      total_loss     energy_loss     forces_loss      energy_mae     energy_rmse      forces_mae     forces_rmse
    228          0          0.0234          0.0012          0.0222          0.0378          0.0424          0.0129          0.0182
    228         10          0.0305         0.00173          0.0287          0.0498          0.0509          0.0146          0.0207
    228         20          0.0282         0.00923          0.0189           0.117           0.117          0.0124          0.0168
    228         30          0.0169         0.00127          0.0156           0.042          0.0436          0.0116          0.0153
    228         40          0.0189        0.000862           0.018          0.0355          0.0359          0.0118          0.0164
    228         50          0.0154         0.00205          0.0134          0.0547          0.0554          0.0103          0.0141
    228         60          0.0131         0.00223          0.0109          0.0575          0.0577         0.00958          0.0128
    228         70          0.0144         0.00216          0.0123          0.0566          0.0568          0.0101          0.0135
    228         80          0.0177        0.000641          0.0171          0.0298           0.031          0.0115           0.016
    228         90          0.0188         0.00115          0.0177          0.0408          0.0414          0.0121          0.0162
    228        100          0.0151         0.00172          0.0134          0.0503          0.0508          0.0101          0.0141
    228        110          0.0213        0.000847          0.0204          0.0342          0.0356          0.0122          0.0175


2025-11-20 17:29:41: Validating
# epoch      batch      total_loss     energy_loss     forces_loss      energy_mae     energy_rmse      forces_mae     forces_rmse
    228          0          0.0182        0.000277           0.018          0.0111          0.0204          0.0115          0.0164
    228         10           0.026        3.92e-05          0.0259         0.00577         0.00766          0.0138          0.0197
    228         20          0.0174        4.05e-05          0.0173         0.00603         0.00778           0.011          0.0161


2025-11-20 17:29:43: Epoch summary:
Validation  # epoch      total_loss     energy_loss     forces_loss      energy_mae     energy_rmse      forces_mae     forces_rmse
                228           0.014        9.92e-05          0.0139          0.0057         0.00863         0.00993          0.0142
Train       # epoch      total_loss     energy_loss     forces_loss      energy_mae     energy_rmse      forces_mae     forces_rmse
                228          0.0212         0.00208          0.0191          0.0454          0.0471          0.0121          0.0167


2025-11-20 17:29:43: Training
# epoch      batch      total_loss     energy_loss     forces_loss      energy_mae     energy_rmse      forces_mae     forces_rmse
    229          0          0.0156        0.000698          0.0149          0.0317          0.0323           0.011          0.0149
    229         10           0.017        8.38e-05          0.0169          0.0105          0.0112          0.0109          0.0159
    229         20          0.0199        0.000339          0.0196          0.0184          0.0225          0.0119          0.0171
    229         30          0.0238         0.00291          0.0209          0.0655           0.066          0.0121          0.0177
    229         40          0.0252         0.00381          0.0214          0.0745          0.0755          0.0134          0.0179
    229         50          0.0228         0.00153          0.0212          0.0471          0.0479          0.0128          0.0178
    229         60          0.0255         0.00228          0.0232          0.0561          0.0584          0.0138          0.0186
    229         70          0.0245        0.000512           0.024          0.0261          0.0277           0.014          0.0189
    229         80          0.0163        0.000968          0.0153          0.0376           0.038          0.0111          0.0151
    229         90          0.0206        0.000969          0.0197          0.0368          0.0381          0.0124          0.0172
    229        100          0.0167        0.000109          0.0166          0.0088          0.0128          0.0116          0.0157
    229        110          0.0104         0.00059         0.00982          0.0294          0.0297         0.00928          0.0121


2025-11-20 17:29:55: Validating
# epoch      batch      total_loss     energy_loss     forces_loss      energy_mae     energy_rmse      forces_mae     forces_rmse
    229          0          0.0184        0.000279          0.0181          0.0113          0.0204          0.0115          0.0164
    229         10          0.0261        3.76e-05           0.026         0.00593          0.0075          0.0139          0.0197
    229         20          0.0177        3.66e-05          0.0177         0.00546         0.00739          0.0111          0.0163


2025-11-20 17:29:56: Epoch summary:
Validation  # epoch      total_loss     energy_loss     forces_loss      energy_mae     energy_rmse      forces_mae     forces_rmse
                229           0.014         9.6e-05          0.0139         0.00567         0.00851         0.00994          0.0142
Train       # epoch      total_loss     energy_loss     forces_loss      energy_mae     energy_rmse      forces_mae     forces_rmse
                229          0.0213         0.00213          0.0192          0.0427          0.0445          0.0121          0.0167


2025-11-20 17:29:56: Training
# epoch      batch      total_loss     energy_loss     forces_loss      energy_mae     energy_rmse      forces_mae     forces_rmse
    230          0          0.0186        0.000358          0.0182          0.0219          0.0231           0.012          0.0165
    230         10          0.0149        0.000601          0.0143          0.0291            0.03          0.0108          0.0146
    230         20          0.0139        8.53e-05          0.0138         0.00803          0.0113          0.0105          0.0144
    230         30          0.0171         0.00198          0.0151          0.0517          0.0544          0.0112           0.015
    230         40          0.0147        0.000438          0.0143           0.025          0.0256          0.0111          0.0146
    230         50          0.0121        8.37e-05           0.012          0.0105          0.0112         0.00996          0.0134
    230         60          0.0257         0.00118          0.0245          0.0372          0.0421          0.0138          0.0192
    230         70          0.0209        5.22e-05          0.0208         0.00667         0.00883          0.0136          0.0176
    230         80          0.0154        3.52e-05          0.0154         0.00548         0.00725          0.0115          0.0152
    230         90          0.0197        5.76e-05          0.0196         0.00688         0.00928          0.0131          0.0171
    230        100          0.0141         0.00134          0.0127          0.0291          0.0447          0.0105          0.0138
    230        110          0.0109        5.39e-05          0.0108         0.00765         0.00898          0.0092          0.0127


2025-11-20 17:30:07: Validating
# epoch      batch      total_loss     energy_loss     forces_loss      energy_mae     energy_rmse      forces_mae     forces_rmse
    230          0          0.0179        0.000266          0.0177          0.0112            0.02          0.0114          0.0163
    230         10          0.0262         3.2e-05          0.0262         0.00528         0.00692          0.0138          0.0198
    230         20          0.0173        3.76e-05          0.0172          0.0055         0.00749           0.011           0.016


2025-11-20 17:30:09: Epoch summary:
Validation  # epoch      total_loss     energy_loss     forces_loss      energy_mae     energy_rmse      forces_mae     forces_rmse
                230           0.014        9.72e-05          0.0139         0.00554         0.00837         0.00993          0.0142
Train       # epoch      total_loss     energy_loss     forces_loss      energy_mae     energy_rmse      forces_mae     forces_rmse
                230          0.0156        0.000546           0.015          0.0226          0.0248           0.011          0.0149


2025-11-20 17:30:09: Training
# epoch      batch      total_loss     energy_loss     forces_loss      energy_mae     energy_rmse      forces_mae     forces_rmse
    231          0          0.0165        0.000152          0.0164          0.0121          0.0151          0.0116          0.0156
    231         10           0.014        0.000414          0.0136          0.0232          0.0249          0.0107          0.0143
    231         20          0.0173        0.000893          0.0164          0.0356          0.0365          0.0115          0.0157
    231         30           0.011        4.01e-05           0.011         0.00531         0.00775         0.00965          0.0128
    231         40          0.0134        4.63e-05          0.0134         0.00589         0.00833          0.0108          0.0141
    231         50          0.0158        0.000158          0.0156          0.0139          0.0154          0.0112          0.0153
    231         60          0.0204         0.00165          0.0188          0.0453          0.0497          0.0126          0.0168
    231         70          0.0274          0.0055          0.0219          0.0896          0.0907          0.0131          0.0181
    231         80          0.0204         0.00278          0.0177          0.0475          0.0645          0.0122          0.0162
    231         90          0.0177        0.000108          0.0176          0.0111          0.0127          0.0122          0.0162
    231        100           0.031        0.000137          0.0309          0.0118          0.0143          0.0153          0.0215
    231        110          0.0172        4.32e-05          0.0172         0.00684         0.00804          0.0121           0.016


2025-11-20 17:30:21: Validating
# epoch      batch      total_loss     energy_loss     forces_loss      energy_mae     energy_rmse      forces_mae     forces_rmse
    231          0          0.0182        0.000288          0.0179          0.0116          0.0208          0.0114          0.0164
    231         10          0.0264        3.06e-05          0.0263         0.00544         0.00677          0.0139          0.0198
    231         20          0.0173        3.99e-05          0.0173         0.00559         0.00772           0.011          0.0161


2025-11-20 17:30:22: Epoch summary:
Validation  # epoch      total_loss     energy_loss     forces_loss      energy_mae     energy_rmse      forces_mae     forces_rmse
                231           0.014        9.65e-05          0.0139         0.00543          0.0083         0.00995          0.0142
Train       # epoch      total_loss     energy_loss     forces_loss      energy_mae     energy_rmse      forces_mae     forces_rmse
                231          0.0178         0.00102          0.0168          0.0297          0.0318          0.0115          0.0157


2025-11-20 17:30:22: Training
# epoch      batch      total_loss     energy_loss     forces_loss      energy_mae     energy_rmse      forces_mae     forces_rmse
    232          0          0.0233         0.00231           0.021          0.0577          0.0588          0.0127          0.0177
    232         10          0.0178        0.000817          0.0169          0.0345          0.0349          0.0117          0.0159
    232         20          0.0201        0.000375          0.0197          0.0222          0.0237          0.0125          0.0172
    232         30          0.0158        0.000138          0.0156          0.0136          0.0144          0.0115          0.0153
    232         40           0.014        0.000718          0.0133          0.0312          0.0328           0.011          0.0141
    232         50          0.0123        0.000286           0.012           0.019          0.0207          0.0103          0.0134
    232         60          0.0154        0.000279          0.0151          0.0187          0.0204          0.0112           0.015
    232         70          0.0337         0.00188          0.0318          0.0485           0.053          0.0155          0.0218
    232         80          0.0436         0.00663           0.037          0.0976          0.0995          0.0173          0.0235
    232         90          0.0361         0.00205           0.034          0.0538          0.0553          0.0158          0.0225
    232        100          0.0238         0.00117          0.0227          0.0414          0.0419          0.0141          0.0184
    232        110          0.0246         0.00202          0.0226          0.0547           0.055          0.0133          0.0184


2025-11-20 17:30:34: Validating
# epoch      batch      total_loss     energy_loss     forces_loss      energy_mae     energy_rmse      forces_mae     forces_rmse
    232          0          0.0186        0.000286          0.0183          0.0111          0.0207          0.0116          0.0165
    232         10          0.0267        3.69e-05          0.0267         0.00577         0.00743          0.0138            0.02
    232         20          0.0179         3.9e-05          0.0179         0.00572         0.00763          0.0112          0.0163


2025-11-20 17:30:35: Epoch summary:
Validation  # epoch      total_loss     energy_loss     forces_loss      energy_mae     energy_rmse      forces_mae     forces_rmse
                232           0.014        9.94e-05          0.0139         0.00554          0.0085         0.00994          0.0142
Train       # epoch      total_loss     energy_loss     forces_loss      energy_mae     energy_rmse      forces_mae     forces_rmse
                232           0.022         0.00122          0.0208          0.0356          0.0374          0.0126          0.0173


2025-11-20 17:30:35: Training
# epoch      batch      total_loss     energy_loss     forces_loss      energy_mae     energy_rmse      forces_mae     forces_rmse
    233          0          0.0207        6.27e-05          0.0207         0.00746         0.00968           0.012          0.0176
    233         10          0.0158         0.00029          0.0155            0.02          0.0208          0.0114          0.0152
    233         20           0.012         0.00132          0.0107          0.0441          0.0443         0.00946          0.0126
    233         30          0.0121         0.00121          0.0109          0.0417          0.0426         0.00958          0.0128
    233         40          0.0114        4.85e-05          0.0114          0.0073         0.00851         0.00975           0.013
    233         50          0.0156        0.000147          0.0155         0.00866          0.0148          0.0111          0.0152
    233         60           0.016        5.37e-05          0.0159         0.00727         0.00895          0.0109          0.0154
    233         70          0.0143        0.000624          0.0137          0.0302          0.0305          0.0106          0.0143
    233         80          0.0157        0.000293          0.0154          0.0198          0.0209          0.0109          0.0152
    233         90          0.0141        0.000567          0.0135          0.0233          0.0291          0.0103          0.0142
    233        100           0.014        0.000763          0.0132          0.0327          0.0338          0.0106          0.0141
    233        110          0.0175        4.07e-05          0.0175          0.0065          0.0078          0.0119          0.0162


2025-11-20 17:30:46: Validating
# epoch      batch      total_loss     energy_loss     forces_loss      energy_mae     energy_rmse      forces_mae     forces_rmse
    233          0          0.0179         0.00026          0.0176          0.0109          0.0197          0.0113          0.0162
    233         10          0.0262         3.2e-05          0.0262         0.00548         0.00692          0.0138          0.0198
    233         20          0.0178        4.19e-05          0.0178         0.00604         0.00791          0.0111          0.0163


2025-11-20 17:30:47: Epoch summary:
Validation  # epoch      total_loss     energy_loss     forces_loss      energy_mae     energy_rmse      forces_mae     forces_rmse
                233           0.014         9.5e-05          0.0139         0.00544         0.00827         0.00994          0.0142
Train       # epoch      total_loss     energy_loss     forces_loss      energy_mae     energy_rmse      forces_mae     forces_rmse
                233          0.0151        0.000495          0.0146          0.0213          0.0235          0.0108          0.0147


2025-11-20 17:30:47: Training
# epoch      batch      total_loss     energy_loss     forces_loss      energy_mae     energy_rmse      forces_mae     forces_rmse
    234          0          0.0186        0.000583           0.018          0.0252          0.0295          0.0125          0.0164
    234         10          0.0117        0.000258          0.0114          0.0187          0.0196         0.00975          0.0131
    234         20          0.0107        8.02e-05          0.0106          0.0093           0.011          0.0092          0.0126
    234         30         0.00978        2.94e-05         0.00975         0.00529         0.00663         0.00937          0.0121
    234         40          0.0128        5.02e-05          0.0128         0.00724         0.00867            0.01          0.0138
    234         50          0.0127        5.07e-05          0.0126         0.00715         0.00871          0.0102          0.0137
    234         60          0.0135         0.00032          0.0132          0.0209          0.0219          0.0102           0.014
    234         70         0.00937        1.36e-05         0.00936         0.00374         0.00451         0.00876          0.0118
    234         80          0.0125        0.000527           0.012          0.0271          0.0281         0.00985          0.0134
    234         90           0.014        2.66e-05           0.014         0.00518         0.00631          0.0105          0.0145
    234        100          0.0126         0.00021          0.0124          0.0156          0.0177         0.00965          0.0136
    234        110          0.0213        0.000703          0.0206          0.0147          0.0324           0.013          0.0176


2025-11-20 17:30:57: Validating
# epoch      batch      total_loss     energy_loss     forces_loss      energy_mae     energy_rmse      forces_mae     forces_rmse
    234          0          0.0179         0.00026          0.0176          0.0109          0.0197          0.0113          0.0162
    234         10          0.0264        3.94e-05          0.0263         0.00583         0.00768          0.0138          0.0198
    234         20           0.017        3.79e-05          0.0169         0.00572         0.00752          0.0109          0.0159


2025-11-20 17:30:58: Epoch summary:
Validation  # epoch      total_loss     energy_loss     forces_loss      energy_mae     energy_rmse      forces_mae     forces_rmse
                234           0.014        9.35e-05          0.0139         0.00537         0.00824         0.00992          0.0142
Train       # epoch      total_loss     energy_loss     forces_loss      energy_mae     energy_rmse      forces_mae     forces_rmse
                234          0.0132         0.00027          0.0129          0.0154          0.0179          0.0102          0.0138


2025-11-20 17:30:58: Training
# epoch      batch      total_loss     energy_loss     forces_loss      energy_mae     energy_rmse      forces_mae     forces_rmse
    235          0          0.0146        7.92e-05          0.0145         0.00904          0.0109          0.0107          0.0147
    235         10          0.0203         0.00022          0.0201          0.0173          0.0181          0.0121          0.0173
    235         20          0.0154        0.000293          0.0151          0.0187          0.0209          0.0113           0.015
    235         30          0.0131        1.76e-05          0.0131         0.00469         0.00513          0.0106           0.014
    235         40           0.016        0.000432          0.0156          0.0244          0.0254          0.0109          0.0153
    235         50           0.014        0.000767          0.0132           0.032          0.0339          0.0105          0.0141
    235         60          0.0165        2.17e-05          0.0165         0.00386          0.0057          0.0113          0.0157
    235         70          0.0132        0.000113          0.0131         0.00636           0.013          0.0103           0.014
    235         80          0.0127        6.45e-05          0.0126         0.00772         0.00982          0.0102          0.0137
    235         90          0.0224        0.000116          0.0223         0.00995          0.0132          0.0123          0.0183
    235        100          0.0273          0.0033           0.024          0.0696          0.0702          0.0138          0.0189
    235        110          0.0316        0.000726          0.0309          0.0305          0.0329          0.0147          0.0215


2025-11-20 17:31:09: Validating
# epoch      batch      total_loss     energy_loss     forces_loss      energy_mae     energy_rmse      forces_mae     forces_rmse
    235          0          0.0174        0.000254          0.0172           0.011          0.0195          0.0111           0.016
    235         10          0.0253        4.47e-05          0.0252         0.00572         0.00817          0.0136          0.0194
    235         20          0.0169        3.83e-05          0.0168         0.00579         0.00757          0.0108          0.0159


2025-11-20 17:31:11: Epoch summary:
Validation  # epoch      total_loss     energy_loss     forces_loss      energy_mae     energy_rmse      forces_mae     forces_rmse
                235          0.0139         9.5e-05          0.0138         0.00539         0.00832         0.00988          0.0142
Train       # epoch      total_loss     energy_loss     forces_loss      energy_mae     energy_rmse      forces_mae     forces_rmse
                235          0.0173        0.000442          0.0168          0.0185          0.0213          0.0115          0.0157


2025-11-20 17:31:11: Training
# epoch      batch      total_loss     energy_loss     forces_loss      energy_mae     energy_rmse      forces_mae     forces_rmse
    236          0          0.0323        0.000607          0.0317           0.028          0.0301           0.015          0.0218
    236         10          0.0184         0.00101          0.0174          0.0385          0.0389          0.0118          0.0161
    236         20          0.0161        0.000867          0.0153          0.0357           0.036          0.0114          0.0151
    236         30          0.0332         0.00424          0.0289          0.0793          0.0797          0.0141          0.0208
    236         40          0.0224        0.000211          0.0222          0.0151          0.0178          0.0136          0.0182
    236         50          0.0386         0.00229          0.0363          0.0565          0.0586          0.0161          0.0233
    236         60          0.0233         0.00671          0.0166             0.1             0.1          0.0119          0.0157
    236         70          0.0141        0.000117           0.014          0.0117          0.0132          0.0109          0.0144
    236         80          0.0104        0.000128          0.0102          0.0127          0.0138         0.00948          0.0124
    236         90           0.014        0.000536          0.0135          0.0279          0.0283          0.0107          0.0142
    236        100           0.019         0.00159          0.0174          0.0473          0.0487          0.0117          0.0161
    236        110          0.0336          0.0014          0.0322          0.0425          0.0457          0.0145          0.0219


2025-11-20 17:31:21: Validating
# epoch      batch      total_loss     energy_loss     forces_loss      energy_mae     energy_rmse      forces_mae     forces_rmse
    236          0          0.0172        0.000245           0.017          0.0103          0.0191           0.011          0.0159
    236         10          0.0261         4.2e-05           0.026         0.00567         0.00793          0.0137          0.0197
    236         20          0.0168         4.2e-05          0.0168         0.00624         0.00793          0.0107          0.0158


2025-11-20 17:31:22: Epoch summary:
Validation  # epoch      total_loss     energy_loss     forces_loss      energy_mae     energy_rmse      forces_mae     forces_rmse
                236           0.014        9.81e-05          0.0139         0.00579         0.00863         0.00992          0.0142
Train       # epoch      total_loss     energy_loss     forces_loss      energy_mae     energy_rmse      forces_mae     forces_rmse
                236          0.0235          0.0018          0.0217           0.042          0.0442           0.013          0.0178


2025-11-20 17:31:23: Training
# epoch      batch      total_loss     energy_loss     forces_loss      energy_mae     energy_rmse      forces_mae     forces_rmse
    237          0          0.0246         0.00269          0.0219           0.063          0.0634          0.0127          0.0181
    237         10          0.0306         0.00824          0.0224           0.109           0.111          0.0139          0.0183
    237         20          0.0299        0.000439          0.0295           0.023          0.0256          0.0132           0.021
    237         30          0.0131        0.000708          0.0124          0.0303          0.0325          0.0102          0.0136
    237         40          0.0161        8.65e-05           0.016         0.00976          0.0114          0.0114          0.0155
    237         50          0.0108        7.21e-05          0.0107         0.00891          0.0104         0.00948          0.0126
    237         60          0.0159        3.33e-05          0.0159         0.00597         0.00706          0.0111          0.0154
    237         70          0.0118        0.000338          0.0114          0.0199          0.0225         0.00988          0.0131
    237         80          0.0147        8.41e-05          0.0146         0.00961          0.0112          0.0108          0.0148
    237         90          0.0146        0.000667           0.014            0.03          0.0316          0.0108          0.0144
    237        100           0.011         0.00206         0.00897          0.0548          0.0555         0.00881          0.0116
    237        110          0.0168        0.000465          0.0163          0.0243          0.0264          0.0118          0.0156


2025-11-20 17:31:33: Validating
# epoch      batch      total_loss     energy_loss     forces_loss      energy_mae     energy_rmse      forces_mae     forces_rmse
    237          0          0.0172        0.000273          0.0169           0.011          0.0202          0.0111          0.0159
    237         10          0.0261        3.85e-05           0.026         0.00571         0.00759          0.0138          0.0197
    237         20          0.0172        4.24e-05          0.0171         0.00616         0.00796          0.0108           0.016


2025-11-20 17:31:35: Epoch summary:
Validation  # epoch      total_loss     energy_loss     forces_loss      energy_mae     energy_rmse      forces_mae     forces_rmse
                237           0.014        9.55e-05          0.0139          0.0056          0.0085         0.00991          0.0142
Train       # epoch      total_loss     energy_loss     forces_loss      energy_mae     energy_rmse      forces_mae     forces_rmse
                237          0.0168         0.00143          0.0154          0.0344          0.0362          0.0111           0.015


2025-11-20 17:31:35: Training
# epoch      batch      total_loss     energy_loss     forces_loss      energy_mae     energy_rmse      forces_mae     forces_rmse
    238          0          0.0163          0.0044          0.0119          0.0809          0.0811         0.00993          0.0133
    238         10          0.0151        0.000381          0.0147          0.0222          0.0239          0.0104          0.0148
    238         20          0.0276         0.00174          0.0259          0.0502          0.0511          0.0142          0.0197
    238         30          0.0224         0.00301          0.0194          0.0635           0.067          0.0127           0.017
    238         40          0.0392        0.000526          0.0387          0.0218           0.028          0.0161           0.024
    238         50          0.0177        0.000491          0.0172          0.0187          0.0271          0.0123           0.016
    238         60          0.0264        0.000887          0.0255          0.0353          0.0364          0.0138          0.0195
    238         70          0.0251         0.00198          0.0231          0.0535          0.0544          0.0135          0.0186
    238         80          0.0255         0.00444           0.021           0.081          0.0815          0.0128          0.0177
    238         90          0.0264         0.00042           0.026          0.0238          0.0251          0.0141          0.0197
    238        100          0.0253        0.000333          0.0249          0.0198          0.0223          0.0139          0.0193
    238        110          0.0215         0.00408          0.0174           0.069          0.0781          0.0117          0.0161


2025-11-20 17:31:46: Validating
# epoch      batch      total_loss     energy_loss     forces_loss      energy_mae     energy_rmse      forces_mae     forces_rmse
    238          0           0.018        0.000294          0.0177          0.0113           0.021          0.0114          0.0163
    238         10          0.0259        3.01e-05          0.0258         0.00534         0.00671          0.0138          0.0197
    238         20          0.0173        4.34e-05          0.0173         0.00625         0.00806          0.0108          0.0161


2025-11-20 17:31:47: Epoch summary:
Validation  # epoch      total_loss     energy_loss     forces_loss      energy_mae     energy_rmse      forces_mae     forces_rmse
                238           0.014        9.65e-05           0.014         0.00573         0.00858         0.00993          0.0142
Train       # epoch      total_loss     energy_loss     forces_loss      energy_mae     energy_rmse      forces_mae     forces_rmse
                238          0.0251          0.0013          0.0238          0.0351          0.0375          0.0134          0.0186


2025-11-20 17:31:47: Training
# epoch      batch      total_loss     energy_loss     forces_loss      energy_mae     energy_rmse      forces_mae     forces_rmse
    239          0          0.0149         0.00014          0.0148          0.0121          0.0145           0.011          0.0149
    239         10          0.0139        4.57e-05          0.0139         0.00543         0.00827          0.0108          0.0144
    239         20          0.0213        0.000349           0.021          0.0207          0.0228          0.0128          0.0177
    239         30          0.0197        0.000147          0.0196          0.0109          0.0148          0.0121          0.0171
    239         40          0.0163        0.000947          0.0154          0.0363          0.0376          0.0113          0.0152
    239         50          0.0169        0.000366          0.0165          0.0209          0.0234           0.012          0.0157
    239         60          0.0147        0.000217          0.0145          0.0153           0.018          0.0107          0.0147
    239         70          0.0113        0.000178          0.0112          0.0151          0.0163         0.00945          0.0129
    239         80          0.0123        2.57e-05          0.0122         0.00575          0.0062          0.0101          0.0135
    239         90           0.014        0.000329          0.0137          0.0181          0.0222          0.0107          0.0143
    239        100          0.0121        3.07e-05          0.0121         0.00522         0.00678         0.00996          0.0134
    239        110          0.0115        8.92e-05          0.0114         0.00959          0.0116         0.00942          0.0131


2025-11-20 17:31:58: Validating
# epoch      batch      total_loss     energy_loss     forces_loss      energy_mae     energy_rmse      forces_mae     forces_rmse
    239          0          0.0183        0.000292           0.018          0.0111          0.0209          0.0115          0.0164
    239         10          0.0251        2.99e-05          0.0251         0.00537         0.00669          0.0136          0.0194
    239         20          0.0176         4.4e-05          0.0176         0.00634         0.00811          0.0109          0.0162


2025-11-20 17:31:59: Epoch summary:
Validation  # epoch      total_loss     energy_loss     forces_loss      energy_mae     energy_rmse      forces_mae     forces_rmse
                239           0.014        9.71e-05          0.0139         0.00562         0.00854         0.00991          0.0142
Train       # epoch      total_loss     energy_loss     forces_loss      energy_mae     energy_rmse      forces_mae     forces_rmse
                239          0.0153        0.000496          0.0148          0.0208          0.0232          0.0108          0.0147


2025-11-20 17:31:59: Training
# epoch      batch      total_loss     energy_loss     forces_loss      energy_mae     energy_rmse      forces_mae     forces_rmse
    240          0          0.0137        2.99e-05          0.0137         0.00568         0.00669          0.0106          0.0143
    240         10          0.0281        0.000218          0.0279           0.016          0.0181          0.0122          0.0204
    240         20          0.0115        0.000467          0.0111          0.0249          0.0264          0.0096          0.0129
    240         30         0.00965        0.000145         0.00951          0.0138          0.0147         0.00881          0.0119
    240         40          0.0122        0.000229           0.012          0.0156          0.0185            0.01          0.0134
    240         50          0.0137         0.00021          0.0135          0.0172          0.0177          0.0107          0.0142
    240         60          0.0104        4.16e-05          0.0104           0.007         0.00788         0.00973          0.0124
    240         70         0.00963        0.000179         0.00945          0.0146          0.0164         0.00906          0.0119
    240         80           0.017        0.000156          0.0168          0.0139          0.0153          0.0121          0.0159
    240         90          0.0191        4.02e-05          0.0191         0.00521         0.00775          0.0123          0.0169
    240        100          0.0183        0.000232          0.0181          0.0172          0.0186          0.0121          0.0165
    240        110          0.0151        0.000797          0.0143          0.0146          0.0345          0.0109          0.0146


2025-11-20 17:32:10: Validating
# epoch      batch      total_loss     energy_loss     forces_loss      energy_mae     energy_rmse      forces_mae     forces_rmse
    240          0          0.0179        0.000282          0.0176          0.0109          0.0206          0.0113          0.0162
    240         10          0.0256        2.38e-05          0.0256         0.00499         0.00596          0.0136          0.0195
    240         20          0.0177        4.46e-05          0.0176         0.00619         0.00817           0.011          0.0162


2025-11-20 17:32:11: Epoch summary:
Validation  # epoch      total_loss     energy_loss     forces_loss      energy_mae     energy_rmse      forces_mae     forces_rmse
                240           0.014        9.57e-05          0.0139         0.00538          0.0083         0.00989          0.0142
Train       # epoch      total_loss     energy_loss     forces_loss      energy_mae     energy_rmse      forces_mae     forces_rmse
                240          0.0141         0.00031          0.0138          0.0171          0.0196          0.0106          0.0143


2025-11-20 17:32:11: Training
# epoch      batch      total_loss     energy_loss     forces_loss      energy_mae     energy_rmse      forces_mae     forces_rmse
    241          0          0.0186        0.000186          0.0184          0.0119          0.0167          0.0122          0.0166
    241         10          0.0146        0.000686          0.0139          0.0272           0.032          0.0107          0.0144
    241         20         0.00888        0.000285         0.00859          0.0198          0.0206         0.00848          0.0113
    241         30         0.00887        0.000203         0.00867          0.0167          0.0174         0.00847          0.0114
    241         40          0.0112        0.000239          0.0109          0.0177          0.0189         0.00946          0.0128
    241         50         0.00899        9.35e-05          0.0089          0.0113          0.0118         0.00864          0.0115
    241         60         0.00943        9.43e-05         0.00934         0.00978          0.0119         0.00882          0.0118
    241         70         0.00692        4.54e-05         0.00688         0.00737         0.00824         0.00729          0.0101
    241         80         0.00862        4.61e-05         0.00857         0.00694          0.0083         0.00845          0.0113
    241         90         0.00841        0.000222         0.00818          0.0172          0.0182         0.00827          0.0111
    241        100         0.00767        1.58e-05         0.00765         0.00367         0.00486         0.00818          0.0107
    241        110          0.0111        0.000211          0.0109          0.0146          0.0177         0.00934          0.0128


2025-11-20 17:32:22: Validating
# epoch      batch      total_loss     energy_loss     forces_loss      energy_mae     energy_rmse      forces_mae     forces_rmse
    241          0          0.0178        0.000266          0.0176          0.0107          0.0199          0.0113          0.0162
    241         10          0.0257        2.89e-05          0.0257         0.00559         0.00658          0.0136          0.0196
    241         20          0.0178        4.21e-05          0.0177         0.00599         0.00794           0.011          0.0163


2025-11-20 17:32:23: Epoch summary:
Validation  # epoch      total_loss     energy_loss     forces_loss      energy_mae     energy_rmse      forces_mae     forces_rmse
                241          0.0139         9.3e-05          0.0138         0.00528         0.00816         0.00987          0.0142
Train       # epoch      total_loss     energy_loss     forces_loss      energy_mae     energy_rmse      forces_mae     forces_rmse
                241          0.0103        0.000209          0.0101          0.0135          0.0157         0.00897          0.0122


2025-11-20 17:32:23: Training
# epoch      batch      total_loss     energy_loss     forces_loss      energy_mae     energy_rmse      forces_mae     forces_rmse
    242          0          0.0111        0.000156          0.0109          0.0134          0.0153         0.00921          0.0128
    242         10         0.00901        2.75e-05         0.00899         0.00448         0.00642         0.00813          0.0116
    242         20         0.00856        3.65e-05         0.00853         0.00557         0.00739         0.00818          0.0113
    242         30          0.0086        6.72e-05         0.00854         0.00773            0.01          0.0081          0.0113
    242         40         0.00979        3.51e-05         0.00975         0.00648         0.00724         0.00859          0.0121
    242         50         0.00669        1.66e-05         0.00668          0.0041         0.00498         0.00749         0.00999
    242         60         0.00992        4.61e-05         0.00987         0.00701          0.0083         0.00903          0.0122
    242         70          0.0096        0.000228         0.00938          0.0139          0.0185         0.00877          0.0118
    242         80          0.0083        0.000622         0.00767           0.016          0.0305         0.00794          0.0107
    242         90         0.00768        3.24e-05         0.00764         0.00558         0.00696         0.00803          0.0107
    242        100         0.00863        0.000318         0.00831          0.0136          0.0218         0.00848          0.0111
    242        110         0.00816        2.19e-05         0.00814          0.0048         0.00572         0.00793           0.011


2025-11-20 17:32:34: Validating
# epoch      batch      total_loss     energy_loss     forces_loss      energy_mae     energy_rmse      forces_mae     forces_rmse
    242          0          0.0177        0.000276          0.0174           0.011          0.0203          0.0112          0.0161
    242         10          0.0262         3.2e-05          0.0261         0.00585         0.00692          0.0137          0.0198
    242         20          0.0176        4.67e-05          0.0175         0.00625         0.00836          0.0109          0.0162


2025-11-20 17:32:35: Epoch summary:
Validation  # epoch      total_loss     energy_loss     forces_loss      energy_mae     energy_rmse      forces_mae     forces_rmse
                242           0.014        9.38e-05          0.0139         0.00531         0.00823         0.00986          0.0142
Train       # epoch      total_loss     energy_loss     forces_loss      energy_mae     energy_rmse      forces_mae     forces_rmse
                242         0.00902        0.000108          0.0089         0.00844          0.0112         0.00843          0.0115


2025-11-20 17:32:35: Training
# epoch      batch      total_loss     energy_loss     forces_loss      energy_mae     energy_rmse      forces_mae     forces_rmse
    243          0         0.00861        4.11e-05         0.00857         0.00689         0.00784         0.00794          0.0113
    243         10          0.0115        3.99e-05          0.0114         0.00599         0.00772         0.00942          0.0131
    243         20         0.00748        1.43e-05         0.00747          0.0036         0.00462         0.00786          0.0106
    243         30         0.00972        0.000102         0.00961          0.0109          0.0123         0.00887           0.012
    243         40         0.00706        2.82e-05         0.00703         0.00479         0.00649         0.00776          0.0103
    243         50         0.00861        3.42e-05         0.00858         0.00574         0.00715         0.00829          0.0113
    243         60         0.00851        9.94e-05         0.00841          0.0113          0.0122         0.00846          0.0112
    243         70         0.00911         0.00011           0.009         0.00959          0.0128         0.00858          0.0116
    243         80           0.009        0.000184         0.00882         0.00693          0.0166          0.0084          0.0115
    243         90          0.0102        4.33e-05          0.0101         0.00539         0.00804         0.00904          0.0123
    243        100         0.00911        4.99e-05         0.00906         0.00729         0.00864         0.00881          0.0116
    243        110         0.00861           6e-05         0.00855         0.00814         0.00947         0.00845          0.0113


2025-11-20 17:32:46: Validating
# epoch      batch      total_loss     energy_loss     forces_loss      energy_mae     energy_rmse      forces_mae     forces_rmse
    243          0          0.0181        0.000277          0.0178          0.0111          0.0204          0.0113          0.0163
    243         10          0.0263        3.38e-05          0.0263         0.00594         0.00711          0.0137          0.0198
    243         20          0.0175        4.52e-05          0.0175         0.00604         0.00822           0.011          0.0162


2025-11-20 17:32:47: Epoch summary:
Validation  # epoch      total_loss     energy_loss     forces_loss      energy_mae     energy_rmse      forces_mae     forces_rmse
                243           0.014        9.47e-05          0.0139         0.00534         0.00829         0.00986          0.0142
Train       # epoch      total_loss     energy_loss     forces_loss      energy_mae     energy_rmse      forces_mae     forces_rmse
                243         0.00902        0.000104         0.00892         0.00787          0.0107         0.00843          0.0115


2025-11-20 17:32:47: Training
# epoch      batch      total_loss     energy_loss     forces_loss      energy_mae     energy_rmse      forces_mae     forces_rmse
    244          0          0.0087        0.000341         0.00836         0.00967          0.0226         0.00817          0.0112
    244         10         0.00936        0.000152          0.0092          0.0139          0.0151         0.00877          0.0117
    244         20         0.00949        8.26e-05         0.00941         0.00996          0.0111         0.00828          0.0119
    244         30          0.0115        8.88e-05          0.0114          0.0102          0.0115         0.00928          0.0131
    244         40         0.00728        0.000103         0.00718          0.0108          0.0124         0.00782          0.0104
    244         50         0.00741         6.4e-05         0.00734          0.0063         0.00978         0.00792          0.0105
    244         60            0.01        3.48e-05         0.00997         0.00451         0.00721         0.00901          0.0122
    244         70          0.0103        5.24e-05          0.0103         0.00671         0.00885         0.00942          0.0124
    244         80         0.00865        0.000378         0.00827            0.01          0.0238         0.00822          0.0111
    244         90          0.0102        0.000144            0.01          0.0138          0.0147         0.00855          0.0123
    244        100         0.00983        0.000162         0.00967          0.0119          0.0156         0.00881           0.012
    244        110          0.0133        0.000444          0.0129          0.0244          0.0258          0.0102          0.0139


2025-11-20 17:32:59: Validating
# epoch      batch      total_loss     energy_loss     forces_loss      energy_mae     energy_rmse      forces_mae     forces_rmse
    244          0           0.018        0.000275          0.0177          0.0111          0.0203          0.0112          0.0163
    244         10          0.0264        3.68e-05          0.0263         0.00595         0.00742          0.0137          0.0198
    244         20          0.0174        4.57e-05          0.0173         0.00606         0.00826          0.0109          0.0161


2025-11-20 17:33:00: Epoch summary:
Validation  # epoch      total_loss     energy_loss     forces_loss      energy_mae     energy_rmse      forces_mae     forces_rmse
                244           0.014        9.44e-05          0.0139         0.00528         0.00825         0.00986          0.0142
Train       # epoch      total_loss     energy_loss     forces_loss      energy_mae     energy_rmse      forces_mae     forces_rmse
                244         0.00925        0.000127         0.00912         0.00924          0.0121         0.00853          0.0116


2025-11-20 17:33:00: Training
# epoch      batch      total_loss     energy_loss     forces_loss      energy_mae     energy_rmse      forces_mae     forces_rmse
    245          0         0.00877        0.000167          0.0086          0.0148          0.0158         0.00853          0.0113
    245         10         0.00975        0.000117         0.00963          0.0122          0.0132         0.00873           0.012
    245         20          0.0101        0.000203         0.00992          0.0117          0.0174         0.00903          0.0122
    245         30         0.00959        6.32e-05         0.00952         0.00681         0.00973           0.009          0.0119
    245         40         0.00841         0.00016         0.00825         0.00925          0.0155          0.0082          0.0111
    245         50         0.00978        2.75e-05         0.00975          0.0051         0.00641          0.0086          0.0121
    245         60         0.00851        0.000114         0.00839          0.0106          0.0131         0.00837          0.0112
    245         70         0.00659         0.00023         0.00636          0.0111          0.0186         0.00745         0.00976
    245         80         0.00937         9.4e-05         0.00928         0.00993          0.0119         0.00872          0.0118
    245         90         0.00799        8.19e-05         0.00791         0.00764          0.0111         0.00821          0.0109
    245        100          0.0073        3.12e-05         0.00727           0.006         0.00683         0.00797          0.0104
    245        110          0.0074        2.83e-05         0.00737         0.00544         0.00651         0.00782          0.0105


2025-11-20 17:33:11: Validating
# epoch      batch      total_loss     energy_loss     forces_loss      energy_mae     energy_rmse      forces_mae     forces_rmse
    245          0           0.018        0.000263          0.0177           0.011          0.0198          0.0112          0.0163
    245         10          0.0263        3.44e-05          0.0263         0.00589         0.00717          0.0137          0.0198
    245         20          0.0174        4.82e-05          0.0173         0.00607         0.00849          0.0109          0.0161


2025-11-20 17:33:12: Epoch summary:
Validation  # epoch      total_loss     energy_loss     forces_loss      energy_mae     energy_rmse      forces_mae     forces_rmse
                245           0.014        9.44e-05          0.0139         0.00532         0.00825         0.00986          0.0142
Train       # epoch      total_loss     energy_loss     forces_loss      energy_mae     energy_rmse      forces_mae     forces_rmse
                245          0.0092        0.000102          0.0091         0.00817           0.011         0.00853          0.0116


2025-11-20 17:33:12: Training
# epoch      batch      total_loss     energy_loss     forces_loss      energy_mae     energy_rmse      forces_mae     forces_rmse
    246          0         0.00899        2.89e-05         0.00896         0.00492         0.00657         0.00851          0.0116
    246         10         0.00828        5.91e-05         0.00822         0.00726          0.0094         0.00828          0.0111
    246         20          0.0111        9.67e-05           0.011          0.0113           0.012         0.00917          0.0128
    246         30         0.00791         0.00022         0.00769          0.0154          0.0181         0.00777          0.0107
    246         40         0.00948        0.000179          0.0093          0.0152          0.0164         0.00876          0.0118
    246         50          0.0084        0.000191         0.00821          0.0158          0.0169         0.00837          0.0111
    246         60         0.00781        0.000143         0.00767          0.0135          0.0146         0.00773          0.0107
    246         70         0.00968        0.000359         0.00933          0.0227          0.0232         0.00839          0.0118
    246         80          0.0106        3.06e-05          0.0106         0.00525         0.00676         0.00903          0.0126
    246         90          0.0108        3.07e-05          0.0108         0.00523         0.00677         0.00933          0.0127
    246        100         0.00684        4.41e-05         0.00679          0.0068         0.00812         0.00748          0.0101
    246        110          0.0107        2.88e-05          0.0107          0.0054         0.00656         0.00915          0.0126


2025-11-20 17:33:23: Validating
# epoch      batch      total_loss     energy_loss     forces_loss      energy_mae     energy_rmse      forces_mae     forces_rmse
    246          0          0.0181        0.000272          0.0178          0.0113          0.0202          0.0112          0.0163
    246         10          0.0267        3.47e-05          0.0266          0.0059          0.0072          0.0138            0.02
    246         20          0.0172        4.82e-05          0.0171         0.00612         0.00849          0.0108           0.016


2025-11-20 17:33:24: Epoch summary:
Validation  # epoch      total_loss     energy_loss     forces_loss      energy_mae     energy_rmse      forces_mae     forces_rmse
                246          0.0141        9.59e-05           0.014         0.00535         0.00833         0.00986          0.0142
Train       # epoch      total_loss     energy_loss     forces_loss      energy_mae     energy_rmse      forces_mae     forces_rmse
                246         0.00951        0.000164         0.00935          0.0116           0.014         0.00865          0.0118


2025-11-20 17:33:24: Training
# epoch      batch      total_loss     energy_loss     forces_loss      energy_mae     energy_rmse      forces_mae     forces_rmse
    247          0         0.00858        4.05e-05         0.00854         0.00638         0.00779         0.00849          0.0113
    247         10         0.00664        0.000471         0.00617          0.0149          0.0265         0.00725         0.00961
    247         20          0.0104        4.36e-05          0.0104         0.00617         0.00807         0.00937          0.0124
    247         30         0.00743        3.44e-05          0.0074         0.00485         0.00718          0.0079          0.0105
    247         40         0.00894        0.000101         0.00884          0.0107          0.0123         0.00871          0.0115
    247         50          0.0101        0.000421         0.00965          0.0213          0.0251         0.00896           0.012
    247         60         0.00964         3.8e-05          0.0096          0.0061         0.00754         0.00877           0.012
    247         70         0.00973        0.000608         0.00913          0.0143          0.0302         0.00881          0.0117
    247         80         0.00902        4.65e-05         0.00897         0.00662         0.00834         0.00835          0.0116
    247         90          0.0108        0.000133          0.0107          0.0126          0.0141         0.00949          0.0127
    247        100          0.0099        7.18e-05         0.00983         0.00838          0.0104         0.00904          0.0121
    247        110         0.00953        3.29e-05          0.0095         0.00594         0.00702         0.00858          0.0119


2025-11-20 17:33:35: Validating
# epoch      batch      total_loss     energy_loss     forces_loss      energy_mae     energy_rmse      forces_mae     forces_rmse
    247          0          0.0179        0.000273          0.0177          0.0113          0.0202          0.0112          0.0162
    247         10          0.0268        3.65e-05          0.0268         0.00594         0.00739          0.0139            0.02
    247         20          0.0174        4.94e-05          0.0174         0.00618         0.00859          0.0109          0.0161


2025-11-20 17:33:36: Epoch summary:
Validation  # epoch      total_loss     energy_loss     forces_loss      energy_mae     energy_rmse      forces_mae     forces_rmse
                247          0.0141        9.69e-05           0.014         0.00539         0.00838         0.00986          0.0142
Train       # epoch      total_loss     energy_loss     forces_loss      energy_mae     energy_rmse      forces_mae     forces_rmse
                247          0.0095        0.000135         0.00936          0.0101          0.0129         0.00867          0.0118


2025-11-20 17:33:36: Training
# epoch      batch      total_loss     energy_loss     forces_loss      energy_mae     energy_rmse      forces_mae     forces_rmse
    248          0         0.00921        0.000848         0.00836          0.0252          0.0356          0.0083          0.0112
    248         10         0.00728        0.000163         0.00712          0.0141          0.0156         0.00781          0.0103
    248         20         0.00864        8.88e-05         0.00855         0.00995          0.0115         0.00826          0.0113
    248         30         0.00964        0.000136         0.00951         0.00805          0.0142         0.00884          0.0119
    248         40         0.00984        7.27e-05         0.00977         0.00829          0.0104         0.00884          0.0121
    248         50         0.00825        3.86e-05         0.00821         0.00483          0.0076         0.00839          0.0111
    248         60          0.0106        9.74e-05          0.0105         0.00997          0.0121         0.00944          0.0125
    248         70         0.00987        0.000108         0.00976          0.0103          0.0127         0.00874          0.0121
    248         80         0.00948        0.000132         0.00935          0.0123           0.014         0.00857          0.0118
    248         90         0.00935        5.54e-05          0.0093          0.0077          0.0091         0.00851          0.0118
    248        100          0.0102        5.74e-05          0.0101         0.00622         0.00926         0.00889          0.0123
    248        110          0.0107        3.72e-05          0.0106         0.00639         0.00746          0.0093          0.0126


2025-11-20 17:33:48: Validating
# epoch      batch      total_loss     energy_loss     forces_loss      energy_mae     energy_rmse      forces_mae     forces_rmse
    248          0           0.018        0.000279          0.0177          0.0112          0.0204          0.0112          0.0163
    248         10          0.0268        3.67e-05          0.0268         0.00596         0.00741          0.0139            0.02
    248         20          0.0176        4.77e-05          0.0176         0.00602         0.00844           0.011          0.0162


2025-11-20 17:33:49: Epoch summary:
Validation  # epoch      total_loss     energy_loss     forces_loss      energy_mae     energy_rmse      forces_mae     forces_rmse
                248          0.0141        9.65e-05           0.014         0.00534         0.00836         0.00987          0.0142
Train       # epoch      total_loss     energy_loss     forces_loss      energy_mae     energy_rmse      forces_mae     forces_rmse
                248         0.00934        0.000138         0.00921         0.00992          0.0126         0.00862          0.0117


2025-11-20 17:33:49: Training
# epoch      batch      total_loss     energy_loss     forces_loss      energy_mae     energy_rmse      forces_mae     forces_rmse
    249          0         0.00785        4.25e-05         0.00781         0.00692         0.00797         0.00837          0.0108
    249         10          0.0119         4.6e-05          0.0119         0.00663         0.00829         0.00965          0.0133
    249         20         0.00985         9.7e-05         0.00975          0.0102           0.012         0.00894          0.0121
    249         30           0.011        0.000193          0.0108          0.0159           0.017         0.00943          0.0127
    249         40         0.00918        4.52e-05         0.00913         0.00685         0.00822         0.00887          0.0117
    249         50          0.0092         8.4e-05         0.00911         0.00973          0.0112         0.00863          0.0117
    249         60         0.00814        3.93e-05          0.0081         0.00685         0.00766         0.00821           0.011
    249         70          0.0112        9.68e-05          0.0111          0.0113           0.012          0.0095          0.0129
    249         80          0.0118        7.27e-05          0.0117         0.00972          0.0104         0.00939          0.0132
    249         90          0.0175        0.000294          0.0172          0.0122           0.021          0.0111           0.016
