2025-10-01 17:08:47,667 -    INFO - Running on host: XSH-20240927AHO
2025-10-01 17:08:47,667 -    INFO - Seed with <1234>
2025-10-01 17:08:47,671 -    INFO - Using model from <../train/model_path>
2025-10-01 17:08:48,016 -    INFO - MD starts from No.-1 configuration in ../LiFePO4.traj
2025-10-01 17:08:50,665 -    INFO - Steps=         1 Epot=    -179.776 Ekin=       1.175 temperature=  324.55 
2025-10-01 17:08:50,751 -    INFO - Steps=         2 Epot=    -179.757 Ekin=       1.167 temperature=  322.39 
2025-10-01 17:08:50,770 -    INFO - Steps=         3 Epot=    -179.766 Ekin=       1.167 temperature=  322.50 
2025-10-01 17:08:50,787 -    INFO - Steps=         4 Epot=    -179.803 Ekin=       1.179 temperature=  325.85 
2025-10-01 17:08:50,810 -    INFO - Steps=         5 Epot=    -179.868 Ekin=       1.246 temperature=  344.24 
2025-10-01 17:08:50,824 -    INFO - Steps=         6 Epot=    -179.955 Ekin=       1.334 temperature=  368.49 
2025-10-01 17:08:50,920 -    INFO - Steps=         7 Epot=    -180.061 Ekin=       1.437 temperature=  396.93 
2025-10-01 17:08:50,935 -    INFO - Steps=         8 Epot=    -180.181 Ekin=       1.612 temperature=  445.43 
2025-10-01 17:08:51,135 -    INFO - Steps=         9 Epot=    -180.314 Ekin=       1.785 temperature=  493.17 
2025-10-01 17:08:51,152 -    INFO - Steps=        10 Epot=    -180.456 Ekin=       1.932 temperature=  533.74 
2025-10-01 17:08:51,170 -    INFO - Steps=        11 Epot=    -180.605 Ekin=       1.998 temperature=  551.99 
2025-10-01 17:08:51,195 -    INFO - Steps=        12 Epot=    -180.756 Ekin=       2.080 temperature=  574.79 
2025-10-01 17:08:51,209 -    INFO - Steps=        13 Epot=    -180.908 Ekin=       2.246 temperature=  620.44 
2025-10-01 17:08:51,230 -    INFO - Steps=        14 Epot=    -181.060 Ekin=       2.393 temperature=  661.07 
2025-10-01 17:08:51,247 -    INFO - Steps=        15 Epot=    -181.210 Ekin=       2.547 temperature=  703.66 
2025-10-01 17:08:51,271 -    INFO - Steps=        16 Epot=    -181.356 Ekin=       2.719 temperature=  751.18 
2025-10-01 17:08:51,290 -    INFO - Steps=        17 Epot=    -181.496 Ekin=       2.863 temperature=  791.01 
2025-10-01 17:08:51,306 -    INFO - Steps=        18 Epot=    -181.624 Ekin=       2.967 temperature=  819.91 
2025-10-01 17:08:51,327 -    INFO - Steps=        19 Epot=    -181.739 Ekin=       3.174 temperature=  876.88 
2025-10-01 17:08:51,343 -    INFO - Steps=        20 Epot=    -181.839 Ekin=       3.286 temperature=  907.91 
2025-10-01 17:08:51,358 -    INFO - Steps=        21 Epot=    -181.923 Ekin=       3.359 temperature=  928.03 
2025-10-01 17:08:51,378 -    INFO - Steps=        22 Epot=    -181.988 Ekin=       3.397 temperature=  938.62 
2025-10-01 17:08:51,401 -    INFO - Steps=        23 Epot=    -182.033 Ekin=       3.420 temperature=  944.96 
2025-10-01 17:08:51,417 -    INFO - Steps=        24 Epot=    -182.056 Ekin=       3.403 temperature=  940.20 
2025-10-01 17:08:51,437 -    INFO - Steps=        25 Epot=    -182.058 Ekin=       3.409 temperature=  941.91 
2025-10-01 17:08:51,451 -    INFO - Steps=        26 Epot=    -182.038 Ekin=       3.403 temperature=  940.12 
2025-10-01 17:08:51,479 -    INFO - Steps=        27 Epot=    -181.994 Ekin=       3.308 temperature=  913.95 
2025-10-01 17:08:51,495 -    INFO - Steps=        28 Epot=    -181.929 Ekin=       3.251 temperature=  898.15 
2025-10-01 17:08:51,514 -    INFO - Steps=        29 Epot=    -181.843 Ekin=       3.196 temperature=  883.16 
2025-10-01 17:08:51,535 -    INFO - Steps=        30 Epot=    -181.738 Ekin=       3.020 temperature=  834.47 
2025-10-01 17:08:51,549 -    INFO - Steps=        31 Epot=    -181.622 Ekin=       2.850 temperature=  787.45 
2025-10-01 17:08:51,568 -    INFO - Steps=        32 Epot=    -181.495 Ekin=       2.713 temperature=  749.66 
2025-10-01 17:08:51,588 -    INFO - Steps=        33 Epot=    -181.363 Ekin=       2.548 temperature=  704.08 
2025-10-01 17:08:51,606 -    INFO - Steps=        34 Epot=    -181.231 Ekin=       2.396 temperature=  661.99 
2025-10-01 17:08:51,625 -    INFO - Steps=        35 Epot=    -181.107 Ekin=       2.261 temperature=  624.59 
2025-10-01 17:08:51,640 -    INFO - Steps=        36 Epot=    -180.997 Ekin=       2.106 temperature=  581.81 
2025-10-01 17:08:51,660 -    INFO - Steps=        37 Epot=    -180.912 Ekin=       2.007 temperature=  554.64 
2025-10-01 17:08:51,680 -    INFO - Steps=        38 Epot=    -180.859 Ekin=       1.941 temperature=  536.29 
2025-10-01 17:08:51,696 -    INFO - Steps=        39 Epot=    -180.839 Ekin=       1.903 temperature=  525.89 
2025-10-01 17:08:51,714 -    INFO - Steps=        40 Epot=    -180.853 Ekin=       1.961 temperature=  541.93 
2025-10-01 17:08:51,733 -    INFO - Steps=        41 Epot=    -180.908 Ekin=       1.960 temperature=  541.60 
2025-10-01 17:08:51,749 -    INFO - Steps=        42 Epot=    -180.995 Ekin=       2.031 temperature=  561.14 
2025-10-01 17:08:51,770 -    INFO - Steps=        43 Epot=    -181.116 Ekin=       2.147 temperature=  593.17 
2025-10-01 17:08:51,790 -    INFO - Steps=        44 Epot=    -181.264 Ekin=       2.293 temperature=  633.58 
2025-10-01 17:08:51,812 -    INFO - Steps=        45 Epot=    -181.435 Ekin=       2.463 temperature=  680.59 
2025-10-01 17:08:51,829 -    INFO - Steps=        46 Epot=    -181.626 Ekin=       2.583 temperature=  713.70 
2025-10-01 17:08:51,846 -    INFO - Steps=        47 Epot=    -181.822 Ekin=       2.748 temperature=  759.17 
2025-10-01 17:08:51,864 -    INFO - Steps=        48 Epot=    -182.015 Ekin=       2.919 temperature=  806.49 
2025-10-01 17:08:51,882 -    INFO - Steps=        49 Epot=    -182.203 Ekin=       3.182 temperature=  879.13 
2025-10-01 17:08:51,899 -    INFO - Steps=        50 Epot=    -182.377 Ekin=       3.343 temperature=  923.65 
2025-10-01 17:08:51,917 -    INFO - Steps=        51 Epot=    -182.530 Ekin=       3.416 temperature=  943.88 
2025-10-01 17:08:51,933 -    INFO - Steps=        52 Epot=    -182.657 Ekin=       3.581 temperature=  989.31 
2025-10-01 17:08:51,952 -    INFO - Steps=        53 Epot=    -182.756 Ekin=       3.660 temperature= 1011.14 
2025-10-01 17:08:51,970 -    INFO - Steps=        54 Epot=    -182.825 Ekin=       3.718 temperature= 1027.36 
2025-10-01 17:08:51,985 -    INFO - Steps=        55 Epot=    -182.865 Ekin=       3.753 temperature= 1037.02 
2025-10-01 17:08:52,006 -    INFO - Steps=        56 Epot=    -182.874 Ekin=       3.735 temperature= 1032.09 
2025-10-01 17:08:52,026 -    INFO - Steps=        57 Epot=    -182.855 Ekin=       3.738 temperature= 1032.78 
2025-10-01 17:08:52,040 -    INFO - Steps=        58 Epot=    -182.810 Ekin=       3.717 temperature= 1026.91 
2025-10-01 17:08:52,060 -    INFO - Steps=        59 Epot=    -182.739 Ekin=       3.616 temperature=  999.23 
2025-10-01 17:08:52,076 -    INFO - Steps=        60 Epot=    -182.646 Ekin=       3.505 temperature=  968.42 
2025-10-01 17:08:52,097 -    INFO - Steps=        61 Epot=    -182.537 Ekin=       3.398 temperature=  938.91 
2025-10-01 17:08:52,116 -    INFO - Steps=        62 Epot=    -182.415 Ekin=       3.259 temperature=  900.33 
2025-10-01 17:08:52,130 -    INFO - Steps=        63 Epot=    -182.288 Ekin=       3.109 temperature=  858.92 
2025-10-01 17:08:52,146 -    INFO - Steps=        64 Epot=    -182.153 Ekin=       3.027 temperature=  836.31 
2025-10-01 17:08:52,167 -    INFO - Steps=        65 Epot=    -182.019 Ekin=       2.890 temperature=  798.63 
2025-10-01 17:08:52,182 -    INFO - Steps=        66 Epot=    -181.888 Ekin=       2.757 temperature=  761.68 
2025-10-01 17:08:52,203 -    INFO - Steps=        67 Epot=    -181.764 Ekin=       2.632 temperature=  727.17 
2025-10-01 17:08:52,220 -    INFO - Steps=        68 Epot=    -181.654 Ekin=       2.436 temperature=  672.97 
2025-10-01 17:08:52,237 -    INFO - Steps=        69 Epot=    -181.557 Ekin=       2.307 temperature=  637.53 
2025-10-01 17:08:52,258 -    INFO - Steps=        70 Epot=    -181.474 Ekin=       2.200 temperature=  607.84 
2025-10-01 17:08:52,274 -    INFO - Steps=        71 Epot=    -181.407 Ekin=       2.140 temperature=  591.31 
2025-10-01 17:08:52,293 -    INFO - Steps=        72 Epot=    -181.354 Ekin=       2.017 temperature=  557.39 
2025-10-01 17:08:52,311 -    INFO - Steps=        73 Epot=    -181.315 Ekin=       1.989 temperature=  549.56 
2025-10-01 17:08:52,328 -    INFO - Steps=        74 Epot=    -181.287 Ekin=       1.965 temperature=  542.85 
2025-10-01 17:08:52,347 -    INFO - Steps=        75 Epot=    -181.268 Ekin=       1.926 temperature=  532.07 
2025-10-01 17:08:52,363 -    INFO - Steps=        76 Epot=    -181.260 Ekin=       1.896 temperature=  523.84 
2025-10-01 17:08:52,382 -    INFO - Steps=        77 Epot=    -181.264 Ekin=       1.887 temperature=  521.42 
2025-10-01 17:08:52,401 -    INFO - Steps=        78 Epot=    -181.281 Ekin=       1.870 temperature=  516.55 
2025-10-01 17:08:52,417 -    INFO - Steps=        79 Epot=    -181.306 Ekin=       1.937 temperature=  535.30 
2025-10-01 17:08:52,434 -    INFO - Steps=        80 Epot=    -181.337 Ekin=       1.974 temperature=  545.39 
2025-10-01 17:08:52,452 -    INFO - Steps=        81 Epot=    -181.374 Ekin=       2.031 temperature=  561.06 
2025-10-01 17:08:52,467 -    INFO - Steps=        82 Epot=    -181.414 Ekin=       2.045 temperature=  564.99 
2025-10-01 17:08:52,488 -    INFO - Steps=        83 Epot=    -181.458 Ekin=       2.047 temperature=  565.56 
2025-10-01 17:08:52,510 -    INFO - Steps=        84 Epot=    -181.507 Ekin=       2.074 temperature=  573.06 
2025-10-01 17:08:52,531 -    INFO - Steps=        85 Epot=    -181.561 Ekin=       2.111 temperature=  583.17 
2025-10-01 17:08:52,549 -    INFO - Steps=        86 Epot=    -181.615 Ekin=       2.193 temperature=  605.98 
2025-10-01 17:08:52,563 -    INFO - Steps=        87 Epot=    -181.670 Ekin=       2.235 temperature=  617.46 
2025-10-01 17:08:52,582 -    INFO - Steps=        88 Epot=    -181.728 Ekin=       2.288 temperature=  632.26 
2025-10-01 17:08:52,601 -    INFO - Steps=        89 Epot=    -181.789 Ekin=       2.352 temperature=  649.77 
2025-10-01 17:08:52,621 -    INFO - Steps=        90 Epot=    -181.847 Ekin=       2.363 temperature=  652.97 
2025-10-01 17:08:52,646 -    INFO - Steps=        91 Epot=    -181.905 Ekin=       2.418 temperature=  668.16 
2025-10-01 17:08:52,664 -    INFO - Steps=        92 Epot=    -181.959 Ekin=       2.490 temperature=  688.03 
2025-10-01 17:08:52,684 -    INFO - Steps=        93 Epot=    -182.008 Ekin=       2.517 temperature=  695.54 
2025-10-01 17:08:52,702 -    INFO - Steps=        94 Epot=    -182.054 Ekin=       2.536 temperature=  700.68 
2025-10-01 17:08:52,729 -    INFO - Steps=        95 Epot=    -182.096 Ekin=       2.528 temperature=  698.38 
2025-10-01 17:08:52,747 -    INFO - Steps=        96 Epot=    -182.133 Ekin=       2.557 temperature=  706.54 
2025-10-01 17:08:52,773 -    INFO - Steps=        97 Epot=    -182.164 Ekin=       2.538 temperature=  701.32 
2025-10-01 17:08:52,795 -    INFO - Steps=        98 Epot=    -182.190 Ekin=       2.590 temperature=  715.68 
2025-10-01 17:08:52,810 -    INFO - Steps=        99 Epot=    -182.214 Ekin=       2.539 temperature=  701.60 
2025-10-01 17:08:52,831 -    INFO - Steps=       100 Epot=    -182.236 Ekin=       2.516 temperature=  695.23 
2025-10-01 17:08:52,845 -    INFO - Steps=       101 Epot=    -182.256 Ekin=       2.515 temperature=  694.75 
2025-10-01 17:08:52,868 -    INFO - Steps=       102 Epot=    -182.270 Ekin=       2.563 temperature=  708.02 
2025-10-01 17:08:52,884 -    INFO - Steps=       103 Epot=    -182.280 Ekin=       2.533 temperature=  699.79 
2025-10-01 17:08:52,902 -    INFO - Steps=       104 Epot=    -182.282 Ekin=       2.553 temperature=  705.48 
2025-10-01 17:08:52,923 -    INFO - Steps=       105 Epot=    -182.279 Ekin=       2.523 temperature=  697.13 
2025-10-01 17:08:52,940 -    INFO - Steps=       106 Epot=    -182.273 Ekin=       2.495 temperature=  689.26 
2025-10-01 17:08:52,960 -    INFO - Steps=       107 Epot=    -182.266 Ekin=       2.459 temperature=  679.49 
2025-10-01 17:08:52,979 -    INFO - Steps=       108 Epot=    -182.259 Ekin=       2.415 temperature=  667.19 
2025-10-01 17:08:53,000 -    INFO - Steps=       109 Epot=    -182.251 Ekin=       2.400 temperature=  663.01 
2025-10-01 17:08:53,018 -    INFO - Steps=       110 Epot=    -182.241 Ekin=       2.338 temperature=  645.97 
2025-10-01 17:08:53,038 -    INFO - Steps=       111 Epot=    -182.233 Ekin=       2.351 temperature=  649.46 
2025-10-01 17:08:53,059 -    INFO - Steps=       112 Epot=    -182.231 Ekin=       2.389 temperature=  660.06 
2025-10-01 17:08:53,077 -    INFO - Steps=       113 Epot=    -182.232 Ekin=       2.387 temperature=  659.63 
2025-10-01 17:08:53,097 -    INFO - Steps=       114 Epot=    -182.237 Ekin=       2.424 temperature=  669.84 
2025-10-01 17:08:53,115 -    INFO - Steps=       115 Epot=    -182.241 Ekin=       2.434 temperature=  672.48 
2025-10-01 17:08:53,131 -    INFO - Steps=       116 Epot=    -182.246 Ekin=       2.432 temperature=  671.92 
2025-10-01 17:08:53,153 -    INFO - Steps=       117 Epot=    -182.252 Ekin=       2.458 temperature=  679.07 
2025-10-01 17:08:53,168 -    INFO - Steps=       118 Epot=    -182.260 Ekin=       2.421 temperature=  668.82 
2025-10-01 17:08:53,185 -    INFO - Steps=       119 Epot=    -182.269 Ekin=       2.468 temperature=  681.78 
2025-10-01 17:08:53,205 -    INFO - Steps=       120 Epot=    -182.284 Ekin=       2.426 temperature=  670.16 
2025-10-01 17:08:53,221 -    INFO - Steps=       121 Epot=    -182.300 Ekin=       2.424 temperature=  669.87 
2025-10-01 17:08:53,239 -    INFO - Steps=       122 Epot=    -182.318 Ekin=       2.468 temperature=  681.98 
2025-10-01 17:08:53,257 -    INFO - Steps=       123 Epot=    -182.341 Ekin=       2.487 temperature=  687.06 
2025-10-01 17:08:53,274 -    INFO - Steps=       124 Epot=    -182.364 Ekin=       2.462 temperature=  680.34 
2025-10-01 17:08:53,295 -    INFO - Steps=       125 Epot=    -182.387 Ekin=       2.477 temperature=  684.27 
2025-10-01 17:08:53,309 -    INFO - Steps=       126 Epot=    -182.412 Ekin=       2.526 temperature=  697.91 
2025-10-01 17:08:53,326 -    INFO - Steps=       127 Epot=    -182.441 Ekin=       2.559 temperature=  706.99 
2025-10-01 17:08:53,345 -    INFO - Steps=       128 Epot=    -182.470 Ekin=       2.545 temperature=  703.30 
2025-10-01 17:08:53,364 -    INFO - Steps=       129 Epot=    -182.496 Ekin=       2.586 temperature=  714.48 
2025-10-01 17:08:53,382 -    INFO - Steps=       130 Epot=    -182.519 Ekin=       2.624 temperature=  724.99 
2025-10-01 17:08:53,400 -    INFO - Steps=       131 Epot=    -182.537 Ekin=       2.651 temperature=  732.43 
2025-10-01 17:08:53,419 -    INFO - Steps=       132 Epot=    -182.549 Ekin=       2.721 temperature=  751.74 
2025-10-01 17:08:53,440 -    INFO - Steps=       133 Epot=    -182.551 Ekin=       2.670 temperature=  737.76 
2025-10-01 17:08:53,457 -    INFO - Steps=       134 Epot=    -182.541 Ekin=       2.643 temperature=  730.18 
2025-10-01 17:08:53,472 -    INFO - Steps=       135 Epot=    -182.517 Ekin=       2.592 temperature=  716.21 
2025-10-01 17:08:53,495 -    INFO - Steps=       136 Epot=    -182.482 Ekin=       2.617 temperature=  722.95 
2025-10-01 17:08:53,510 -    INFO - Steps=       137 Epot=    -182.434 Ekin=       2.499 temperature=  690.59 
2025-10-01 17:08:53,528 -    INFO - Steps=       138 Epot=    -182.378 Ekin=       2.446 temperature=  675.77 
2025-10-01 17:08:53,549 -    INFO - Steps=       139 Epot=    -182.314 Ekin=       2.359 temperature=  651.87 
2025-10-01 17:08:53,567 -    INFO - Steps=       140 Epot=    -182.242 Ekin=       2.361 temperature=  652.47 
2025-10-01 17:08:53,586 -    INFO - Steps=       141 Epot=    -182.166 Ekin=       2.284 temperature=  631.14 
2025-10-01 17:08:53,604 -    INFO - Steps=       142 Epot=    -182.088 Ekin=       2.176 temperature=  601.29 
2025-10-01 17:08:53,621 -    INFO - Steps=       143 Epot=    -182.011 Ekin=       2.068 temperature=  571.35 
2025-10-01 17:08:53,641 -    INFO - Steps=       144 Epot=    -181.938 Ekin=       1.960 temperature=  541.64 
2025-10-01 17:08:53,658 -    INFO - Steps=       145 Epot=    -181.873 Ekin=       1.920 temperature=  530.63 
2025-10-01 17:08:53,677 -    INFO - Steps=       146 Epot=    -181.815 Ekin=       1.867 temperature=  515.98 
2025-10-01 17:08:53,694 -    INFO - Steps=       147 Epot=    -181.768 Ekin=       1.821 temperature=  503.27 
2025-10-01 17:08:53,712 -    INFO - Steps=       148 Epot=    -181.730 Ekin=       1.791 temperature=  494.81 
2025-10-01 17:08:53,729 -    INFO - Steps=       149 Epot=    -181.703 Ekin=       1.745 temperature=  482.16 
2025-10-01 17:08:53,747 -    INFO - Steps=       150 Epot=    -181.684 Ekin=       1.739 temperature=  480.34 
2025-10-01 17:08:53,761 -    INFO - Steps=       151 Epot=    -181.673 Ekin=       1.714 temperature=  473.57 
2025-10-01 17:08:53,782 -    INFO - Steps=       152 Epot=    -181.670 Ekin=       1.657 temperature=  457.76 
2025-10-01 17:08:53,800 -    INFO - Steps=       153 Epot=    -181.677 Ekin=       1.638 temperature=  452.58 
2025-10-01 17:08:53,814 -    INFO - Steps=       154 Epot=    -181.690 Ekin=       1.636 temperature=  452.04 
2025-10-01 17:08:53,833 -    INFO - Steps=       155 Epot=    -181.706 Ekin=       1.633 temperature=  451.11 
2025-10-01 17:08:53,852 -    INFO - Steps=       156 Epot=    -181.727 Ekin=       1.604 temperature=  443.28 
2025-10-01 17:08:53,868 -    INFO - Steps=       157 Epot=    -181.753 Ekin=       1.621 temperature=  447.87 
2025-10-01 17:08:53,888 -    INFO - Steps=       158 Epot=    -181.785 Ekin=       1.659 temperature=  458.40 
2025-10-01 17:08:53,904 -    INFO - Steps=       159 Epot=    -181.819 Ekin=       1.749 temperature=  483.32 
2025-10-01 17:08:53,921 -    INFO - Steps=       160 Epot=    -181.852 Ekin=       1.832 temperature=  506.30 
2025-10-01 17:08:53,940 -    INFO - Steps=       161 Epot=    -181.882 Ekin=       1.835 temperature=  507.01 
2025-10-01 17:08:53,955 -    INFO - Steps=       162 Epot=    -181.912 Ekin=       1.819 temperature=  502.64 
2025-10-01 17:08:53,974 -    INFO - Steps=       163 Epot=    -181.939 Ekin=       1.820 temperature=  502.84 
2025-10-01 17:08:53,995 -    INFO - Steps=       164 Epot=    -181.963 Ekin=       1.824 temperature=  503.95 
2025-10-01 17:08:54,010 -    INFO - Steps=       165 Epot=    -181.988 Ekin=       1.860 temperature=  513.81 
2025-10-01 17:08:54,027 -    INFO - Steps=       166 Epot=    -182.011 Ekin=       1.856 temperature=  512.83 
2025-10-01 17:08:54,046 -    INFO - Steps=       167 Epot=    -182.032 Ekin=       1.925 temperature=  531.89 
2025-10-01 17:08:54,061 -    INFO - Steps=       168 Epot=    -182.052 Ekin=       1.902 temperature=  525.58 
2025-10-01 17:08:54,081 -    INFO - Steps=       169 Epot=    -182.067 Ekin=       1.864 temperature=  515.08 
2025-10-01 17:08:54,101 -    INFO - Steps=       170 Epot=    -182.081 Ekin=       1.904 temperature=  525.98 
2025-10-01 17:08:54,119 -    INFO - Steps=       171 Epot=    -182.094 Ekin=       1.921 temperature=  530.78 
2025-10-01 17:08:54,140 -    INFO - Steps=       172 Epot=    -182.107 Ekin=       1.860 temperature=  514.00 
2025-10-01 17:08:54,158 -    INFO - Steps=       173 Epot=    -182.119 Ekin=       1.805 temperature=  498.83 
2025-10-01 17:08:54,176 -    INFO - Steps=       174 Epot=    -182.131 Ekin=       1.755 temperature=  484.86 
2025-10-01 17:08:54,195 -    INFO - Steps=       175 Epot=    -182.142 Ekin=       1.780 temperature=  491.70 
2025-10-01 17:08:54,210 -    INFO - Steps=       176 Epot=    -182.152 Ekin=       1.840 temperature=  508.52 
2025-10-01 17:08:54,232 -    INFO - Steps=       177 Epot=    -182.164 Ekin=       1.822 temperature=  503.51 
2025-10-01 17:08:54,249 -    INFO - Steps=       178 Epot=    -182.179 Ekin=       1.856 temperature=  512.76 
2025-10-01 17:08:54,270 -    INFO - Steps=       179 Epot=    -182.194 Ekin=       1.853 temperature=  512.03 
2025-10-01 17:08:54,293 -    INFO - Steps=       180 Epot=    -182.211 Ekin=       1.905 temperature=  526.28 
2025-10-01 17:08:54,310 -    INFO - Steps=       181 Epot=    -182.228 Ekin=       1.868 temperature=  516.14 
2025-10-01 17:08:54,331 -    INFO - Steps=       182 Epot=    -182.247 Ekin=       1.929 temperature=  532.91 
2025-10-01 17:08:54,350 -    INFO - Steps=       183 Epot=    -182.269 Ekin=       1.948 temperature=  538.28 
2025-10-01 17:08:54,368 -    INFO - Steps=       184 Epot=    -182.287 Ekin=       1.862 temperature=  514.43 
2025-10-01 17:08:54,388 -    INFO - Steps=       185 Epot=    -182.304 Ekin=       1.847 temperature=  510.20 
2025-10-01 17:08:54,405 -    INFO - Steps=       186 Epot=    -182.320 Ekin=       1.822 temperature=  503.50 
2025-10-01 17:08:54,424 -    INFO - Steps=       187 Epot=    -182.336 Ekin=       1.831 temperature=  506.03 
2025-10-01 17:08:54,440 -    INFO - Steps=       188 Epot=    -182.350 Ekin=       1.812 temperature=  500.65 
2025-10-01 17:08:54,461 -    INFO - Steps=       189 Epot=    -182.359 Ekin=       1.844 temperature=  509.61 
2025-10-01 17:08:54,482 -    INFO - Steps=       190 Epot=    -182.367 Ekin=       1.859 temperature=  513.72 
2025-10-01 17:08:54,496 -    INFO - Steps=       191 Epot=    -182.374 Ekin=       1.845 temperature=  509.64 
2025-10-01 17:08:54,516 -    INFO - Steps=       192 Epot=    -182.381 Ekin=       1.811 temperature=  500.45 
2025-10-01 17:08:54,531 -    INFO - Steps=       193 Epot=    -182.385 Ekin=       1.791 temperature=  494.90 
2025-10-01 17:08:54,551 -    INFO - Steps=       194 Epot=    -182.386 Ekin=       1.801 temperature=  497.69 
2025-10-01 17:08:54,569 -    INFO - Steps=       195 Epot=    -182.387 Ekin=       1.813 temperature=  500.85 
2025-10-01 17:08:54,583 -    INFO - Steps=       196 Epot=    -182.388 Ekin=       1.844 temperature=  509.36 
2025-10-01 17:08:54,601 -    INFO - Steps=       197 Epot=    -182.387 Ekin=       1.878 temperature=  518.84 
2025-10-01 17:08:54,623 -    INFO - Steps=       198 Epot=    -182.387 Ekin=       1.872 temperature=  517.21 
2025-10-01 17:08:54,641 -    INFO - Steps=       199 Epot=    -182.388 Ekin=       1.866 temperature=  515.54 
2025-10-01 17:08:54,661 -    INFO - Steps=       200 Epot=    -182.390 Ekin=       1.834 temperature=  506.61 
2025-10-01 17:08:54,676 -    INFO - Steps=       201 Epot=    -182.392 Ekin=       1.822 temperature=  503.41 
2025-10-01 17:08:54,705 -    INFO - Steps=       202 Epot=    -182.395 Ekin=       1.823 temperature=  503.60 
2025-10-01 17:08:54,720 -    INFO - Steps=       203 Epot=    -182.398 Ekin=       1.783 temperature=  492.69 
2025-10-01 17:08:54,737 -    INFO - Steps=       204 Epot=    -182.399 Ekin=       1.766 temperature=  487.83 
2025-10-01 17:08:54,756 -    INFO - Steps=       205 Epot=    -182.399 Ekin=       1.700 temperature=  469.73 
2025-10-01 17:08:54,770 -    INFO - Steps=       206 Epot=    -182.398 Ekin=       1.730 temperature=  477.87 
2025-10-01 17:08:54,789 -    INFO - Steps=       207 Epot=    -182.398 Ekin=       1.721 temperature=  475.55 
2025-10-01 17:08:54,807 -    INFO - Steps=       208 Epot=    -182.399 Ekin=       1.733 temperature=  478.91 
2025-10-01 17:08:54,824 -    INFO - Steps=       209 Epot=    -182.401 Ekin=       1.785 temperature=  493.15 
2025-10-01 17:08:54,845 -    INFO - Steps=       210 Epot=    -182.404 Ekin=       1.801 temperature=  497.64 
2025-10-01 17:08:54,859 -    INFO - Steps=       211 Epot=    -182.404 Ekin=       1.823 temperature=  503.75 
2025-10-01 17:08:54,881 -    INFO - Steps=       212 Epot=    -182.401 Ekin=       1.828 temperature=  505.17 
2025-10-01 17:08:54,898 -    INFO - Steps=       213 Epot=    -182.399 Ekin=       1.816 temperature=  501.79 
2025-10-01 17:08:54,917 -    INFO - Steps=       214 Epot=    -182.398 Ekin=       1.783 temperature=  492.59 
2025-10-01 17:08:54,936 -    INFO - Steps=       215 Epot=    -182.397 Ekin=       1.786 temperature=  493.58 
2025-10-01 17:08:54,955 -    INFO - Steps=       216 Epot=    -182.393 Ekin=       1.748 temperature=  483.00 
2025-10-01 17:08:54,975 -    INFO - Steps=       217 Epot=    -182.386 Ekin=       1.713 temperature=  473.24 
2025-10-01 17:08:54,992 -    INFO - Steps=       218 Epot=    -182.377 Ekin=       1.725 temperature=  476.69 
2025-10-01 17:08:55,008 -    INFO - Steps=       219 Epot=    -182.368 Ekin=       1.686 temperature=  465.84 
2025-10-01 17:08:55,025 -    INFO - Steps=       220 Epot=    -182.359 Ekin=       1.658 temperature=  458.20 
2025-10-01 17:08:55,045 -    INFO - Steps=       221 Epot=    -182.356 Ekin=       1.638 temperature=  452.45 
2025-10-01 17:08:55,061 -    INFO - Steps=       222 Epot=    -182.359 Ekin=       1.687 temperature=  466.07 
2025-10-01 17:08:55,081 -    INFO - Steps=       223 Epot=    -182.371 Ekin=       1.691 temperature=  467.10 
2025-10-01 17:08:55,103 -    INFO - Steps=       224 Epot=    -182.389 Ekin=       1.682 temperature=  464.65 
2025-10-01 17:08:55,123 -    INFO - Steps=       225 Epot=    -182.409 Ekin=       1.660 temperature=  458.60 
2025-10-01 17:08:55,142 -    INFO - Steps=       226 Epot=    -182.431 Ekin=       1.681 temperature=  464.36 
2025-10-01 17:08:55,162 -    INFO - Steps=       227 Epot=    -182.456 Ekin=       1.669 temperature=  461.09 
2025-10-01 17:08:55,181 -    INFO - Steps=       228 Epot=    -182.482 Ekin=       1.713 temperature=  473.38 
2025-10-01 17:08:55,199 -    INFO - Steps=       229 Epot=    -182.506 Ekin=       1.722 temperature=  475.78 
2025-10-01 17:08:55,218 -    INFO - Steps=       230 Epot=    -182.528 Ekin=       1.751 temperature=  483.89 
2025-10-01 17:08:55,237 -    INFO - Steps=       231 Epot=    -182.550 Ekin=       1.796 temperature=  496.35 
2025-10-01 17:08:55,257 -    INFO - Steps=       232 Epot=    -182.570 Ekin=       1.809 temperature=  499.77 
2025-10-01 17:08:55,274 -    INFO - Steps=       233 Epot=    -182.586 Ekin=       1.787 temperature=  493.67 
2025-10-01 17:08:55,289 -    INFO - Steps=       234 Epot=    -182.600 Ekin=       1.789 temperature=  494.33 
2025-10-01 17:08:55,310 -    INFO - Steps=       235 Epot=    -182.608 Ekin=       1.791 temperature=  494.97 
2025-10-01 17:08:55,330 -    INFO - Steps=       236 Epot=    -182.611 Ekin=       1.791 temperature=  494.98 
2025-10-01 17:08:55,346 -    INFO - Steps=       237 Epot=    -182.612 Ekin=       1.816 temperature=  501.71 
2025-10-01 17:08:55,366 -    INFO - Steps=       238 Epot=    -182.608 Ekin=       1.767 temperature=  488.31 
2025-10-01 17:08:55,385 -    INFO - Steps=       239 Epot=    -182.599 Ekin=       1.753 temperature=  484.46 
2025-10-01 17:08:55,406 -    INFO - Steps=       240 Epot=    -182.590 Ekin=       1.736 temperature=  479.77 
2025-10-01 17:08:55,421 -    INFO - Steps=       241 Epot=    -182.579 Ekin=       1.689 temperature=  466.53 
2025-10-01 17:08:55,437 -    INFO - Steps=       242 Epot=    -182.570 Ekin=       1.690 temperature=  466.87 
2025-10-01 17:08:55,457 -    INFO - Steps=       243 Epot=    -182.558 Ekin=       1.645 temperature=  454.51 
2025-10-01 17:08:55,471 -    INFO - Steps=       244 Epot=    -182.544 Ekin=       1.589 temperature=  439.00 
2025-10-01 17:08:55,491 -    INFO - Steps=       245 Epot=    -182.529 Ekin=       1.521 temperature=  420.25 
2025-10-01 17:08:55,509 -    INFO - Steps=       246 Epot=    -182.514 Ekin=       1.468 temperature=  405.59 
2025-10-01 17:08:55,525 -    INFO - Steps=       247 Epot=    -182.500 Ekin=       1.443 temperature=  398.65 
2025-10-01 17:08:55,543 -    INFO - Steps=       248 Epot=    -182.488 Ekin=       1.444 temperature=  398.97 
2025-10-01 17:08:55,562 -    INFO - Steps=       249 Epot=    -182.481 Ekin=       1.410 temperature=  389.45 
2025-10-01 17:08:55,577 -    INFO - Steps=       250 Epot=    -182.475 Ekin=       1.388 temperature=  383.43 
2025-10-01 17:08:55,598 -    INFO - Steps=       251 Epot=    -182.472 Ekin=       1.409 temperature=  389.44 
2025-10-01 17:08:55,612 -    INFO - Steps=       252 Epot=    -182.472 Ekin=       1.421 temperature=  392.72 
2025-10-01 17:08:55,632 -    INFO - Steps=       253 Epot=    -182.472 Ekin=       1.443 temperature=  398.75 
2025-10-01 17:08:55,651 -    INFO - Steps=       254 Epot=    -182.474 Ekin=       1.449 temperature=  400.27 
2025-10-01 17:08:55,668 -    INFO - Steps=       255 Epot=    -182.478 Ekin=       1.493 temperature=  412.58 
2025-10-01 17:08:55,696 -    INFO - Steps=       256 Epot=    -182.484 Ekin=       1.492 temperature=  412.20 
2025-10-01 17:08:55,712 -    INFO - Steps=       257 Epot=    -182.491 Ekin=       1.565 temperature=  432.43 
2025-10-01 17:08:55,733 -    INFO - Steps=       258 Epot=    -182.498 Ekin=       1.600 temperature=  442.06 
2025-10-01 17:08:55,752 -    INFO - Steps=       259 Epot=    -182.506 Ekin=       1.610 temperature=  444.90 
2025-10-01 17:08:55,773 -    INFO - Steps=       260 Epot=    -182.515 Ekin=       1.604 temperature=  443.31 
2025-10-01 17:08:55,793 -    INFO - Steps=       261 Epot=    -182.525 Ekin=       1.549 temperature=  428.12 
2025-10-01 17:08:55,812 -    INFO - Steps=       262 Epot=    -182.534 Ekin=       1.555 temperature=  429.60 
2025-10-01 17:08:55,832 -    INFO - Steps=       263 Epot=    -182.544 Ekin=       1.665 temperature=  460.17 
2025-10-01 17:08:55,851 -    INFO - Steps=       264 Epot=    -182.554 Ekin=       1.655 temperature=  457.37 
2025-10-01 17:08:55,867 -    INFO - Steps=       265 Epot=    -182.564 Ekin=       1.627 temperature=  449.51 
2025-10-01 17:08:55,887 -    INFO - Steps=       266 Epot=    -182.574 Ekin=       1.651 temperature=  456.24 
2025-10-01 17:08:55,903 -    INFO - Steps=       267 Epot=    -182.582 Ekin=       1.642 temperature=  453.75 
2025-10-01 17:08:55,922 -    INFO - Steps=       268 Epot=    -182.588 Ekin=       1.614 temperature=  445.85 
2025-10-01 17:08:55,943 -    INFO - Steps=       269 Epot=    -182.592 Ekin=       1.620 temperature=  447.62 
2025-10-01 17:08:55,958 -    INFO - Steps=       270 Epot=    -182.598 Ekin=       1.638 temperature=  452.44 
2025-10-01 17:08:55,979 -    INFO - Steps=       271 Epot=    -182.605 Ekin=       1.621 temperature=  448.01 
2025-10-01 17:08:55,993 -    INFO - Steps=       272 Epot=    -182.609 Ekin=       1.586 temperature=  438.20 
2025-10-01 17:08:56,014 -    INFO - Steps=       273 Epot=    -182.612 Ekin=       1.656 temperature=  457.47 
2025-10-01 17:08:56,033 -    INFO - Steps=       274 Epot=    -182.615 Ekin=       1.642 temperature=  453.61 
2025-10-01 17:08:56,050 -    INFO - Steps=       275 Epot=    -182.615 Ekin=       1.674 temperature=  462.64 
2025-10-01 17:08:56,071 -    INFO - Steps=       276 Epot=    -182.613 Ekin=       1.683 temperature=  465.10 
2025-10-01 17:08:56,087 -    INFO - Steps=       277 Epot=    -182.608 Ekin=       1.689 temperature=  466.71 
2025-10-01 17:08:56,114 -    INFO - Steps=       278 Epot=    -182.602 Ekin=       1.666 temperature=  460.37 
2025-10-01 17:08:56,132 -    INFO - Steps=       279 Epot=    -182.596 Ekin=       1.665 temperature=  460.15 
2025-10-01 17:08:56,153 -    INFO - Steps=       280 Epot=    -182.591 Ekin=       1.672 temperature=  462.07 
2025-10-01 17:08:56,173 -    INFO - Steps=       281 Epot=    -182.587 Ekin=       1.669 temperature=  461.24 
2025-10-01 17:08:56,187 -    INFO - Steps=       282 Epot=    -182.583 Ekin=       1.630 temperature=  450.40 
2025-10-01 17:08:56,209 -    INFO - Steps=       283 Epot=    -182.579 Ekin=       1.624 temperature=  448.78 
2025-10-01 17:08:56,227 -    INFO - Steps=       284 Epot=    -182.579 Ekin=       1.613 temperature=  445.70 
2025-10-01 17:08:56,247 -    INFO - Steps=       285 Epot=    -182.581 Ekin=       1.673 temperature=  462.31 
2025-10-01 17:08:56,264 -    INFO - Steps=       286 Epot=    -182.584 Ekin=       1.691 temperature=  467.17 
2025-10-01 17:08:56,278 -    INFO - Steps=       287 Epot=    -182.586 Ekin=       1.714 temperature=  473.48 
2025-10-01 17:08:56,301 -    INFO - Steps=       288 Epot=    -182.588 Ekin=       1.717 temperature=  474.47 
2025-10-01 17:08:56,318 -    INFO - Steps=       289 Epot=    -182.589 Ekin=       1.709 temperature=  472.25 
2025-10-01 17:08:56,337 -    INFO - Steps=       290 Epot=    -182.591 Ekin=       1.654 temperature=  457.04 
2025-10-01 17:08:56,357 -    INFO - Steps=       291 Epot=    -182.597 Ekin=       1.604 temperature=  443.31 
2025-10-01 17:08:56,372 -    INFO - Steps=       292 Epot=    -182.606 Ekin=       1.673 temperature=  462.17 
2025-10-01 17:08:56,388 -    INFO - Steps=       293 Epot=    -182.619 Ekin=       1.647 temperature=  455.07 
2025-10-01 17:08:56,406 -    INFO - Steps=       294 Epot=    -182.633 Ekin=       1.675 temperature=  462.76 
2025-10-01 17:08:56,421 -    INFO - Steps=       295 Epot=    -182.646 Ekin=       1.689 temperature=  466.77 
2025-10-01 17:08:56,443 -    INFO - Steps=       296 Epot=    -182.660 Ekin=       1.670 temperature=  461.36 
2025-10-01 17:08:56,460 -    INFO - Steps=       297 Epot=    -182.677 Ekin=       1.684 temperature=  465.35 
2025-10-01 17:08:56,476 -    INFO - Steps=       298 Epot=    -182.694 Ekin=       1.690 temperature=  466.96 
2025-10-01 17:08:56,495 -    INFO - Steps=       299 Epot=    -182.712 Ekin=       1.726 temperature=  476.89 
2025-10-01 17:08:56,514 -    INFO - Steps=       300 Epot=    -182.730 Ekin=       1.708 temperature=  471.96 
2025-10-01 17:08:56,531 -    INFO - Steps=       301 Epot=    -182.750 Ekin=       1.720 temperature=  475.27 
2025-10-01 17:08:56,551 -    INFO - Steps=       302 Epot=    -182.772 Ekin=       1.741 temperature=  481.13 
2025-10-01 17:08:56,566 -    INFO - Steps=       303 Epot=    -182.796 Ekin=       1.709 temperature=  472.23 
2025-10-01 17:08:56,583 -    INFO - Steps=       304 Epot=    -182.821 Ekin=       1.759 temperature=  486.09 
2025-10-01 17:08:56,603 -    INFO - Steps=       305 Epot=    -182.844 Ekin=       1.739 temperature=  480.40 
2025-10-01 17:08:56,617 -    INFO - Steps=       306 Epot=    -182.865 Ekin=       1.696 temperature=  468.59 
2025-10-01 17:08:56,633 -    INFO - Steps=       307 Epot=    -182.885 Ekin=       1.724 temperature=  476.42 
2025-10-01 17:08:56,653 -    INFO - Steps=       308 Epot=    -182.904 Ekin=       1.766 temperature=  487.96 
2025-10-01 17:08:56,672 -    INFO - Steps=       309 Epot=    -182.923 Ekin=       1.784 temperature=  492.95 
2025-10-01 17:08:56,692 -    INFO - Steps=       310 Epot=    -182.940 Ekin=       1.777 temperature=  491.01 
2025-10-01 17:08:56,711 -    INFO - Steps=       311 Epot=    -182.954 Ekin=       1.811 temperature=  500.42 
2025-10-01 17:08:56,731 -    INFO - Steps=       312 Epot=    -182.968 Ekin=       1.852 temperature=  511.75 
2025-10-01 17:08:56,747 -    INFO - Steps=       313 Epot=    -182.979 Ekin=       1.857 temperature=  513.02 
2025-10-01 17:08:56,768 -    INFO - Steps=       314 Epot=    -182.987 Ekin=       1.822 temperature=  503.30 
2025-10-01 17:08:56,787 -    INFO - Steps=       315 Epot=    -182.992 Ekin=       1.801 temperature=  497.51 
2025-10-01 17:08:56,810 -    INFO - Steps=       316 Epot=    -182.994 Ekin=       1.780 temperature=  491.71 
2025-10-01 17:08:56,827 -    INFO - Steps=       317 Epot=    -182.992 Ekin=       1.782 temperature=  492.35 
2025-10-01 17:08:56,848 -    INFO - Steps=       318 Epot=    -182.989 Ekin=       1.783 temperature=  492.63 
2025-10-01 17:08:56,869 -    INFO - Steps=       319 Epot=    -182.984 Ekin=       1.829 temperature=  505.40 
2025-10-01 17:08:56,888 -    INFO - Steps=       320 Epot=    -182.976 Ekin=       1.824 temperature=  503.86 
2025-10-01 17:08:56,907 -    INFO - Steps=       321 Epot=    -182.965 Ekin=       1.810 temperature=  500.19 
2025-10-01 17:08:56,926 -    INFO - Steps=       322 Epot=    -182.952 Ekin=       1.808 temperature=  499.68 
2025-10-01 17:08:56,942 -    INFO - Steps=       323 Epot=    -182.938 Ekin=       1.852 temperature=  511.84 
2025-10-01 17:08:56,962 -    INFO - Steps=       324 Epot=    -182.922 Ekin=       1.838 temperature=  507.94 
2025-10-01 17:08:56,977 -    INFO - Steps=       325 Epot=    -182.902 Ekin=       1.788 temperature=  494.08 
2025-10-01 17:08:56,999 -    INFO - Steps=       326 Epot=    -182.877 Ekin=       1.766 temperature=  487.84 
2025-10-01 17:08:57,016 -    INFO - Steps=       327 Epot=    -182.852 Ekin=       1.683 temperature=  465.05 
2025-10-01 17:08:57,033 -    INFO - Steps=       328 Epot=    -182.825 Ekin=       1.665 temperature=  460.04 
2025-10-01 17:08:57,052 -    INFO - Steps=       329 Epot=    -182.795 Ekin=       1.615 temperature=  446.34 
2025-10-01 17:08:57,072 -    INFO - Steps=       330 Epot=    -182.763 Ekin=       1.601 temperature=  442.31 
2025-10-01 17:08:57,089 -    INFO - Steps=       331 Epot=    -182.730 Ekin=       1.561 temperature=  431.27 
2025-10-01 17:08:57,107 -    INFO - Steps=       332 Epot=    -182.698 Ekin=       1.549 temperature=  428.04 
2025-10-01 17:08:57,122 -    INFO - Steps=       333 Epot=    -182.665 Ekin=       1.488 temperature=  411.16 
2025-10-01 17:08:57,140 -    INFO - Steps=       334 Epot=    -182.638 Ekin=       1.436 temperature=  396.80 
2025-10-01 17:08:57,159 -    INFO - Steps=       335 Epot=    -182.615 Ekin=       1.384 temperature=  382.35 
2025-10-01 17:08:57,176 -    INFO - Steps=       336 Epot=    -182.597 Ekin=       1.357 temperature=  374.88 
2025-10-01 17:08:57,192 -    INFO - Steps=       337 Epot=    -182.585 Ekin=       1.335 temperature=  368.99 
2025-10-01 17:08:57,214 -    INFO - Steps=       338 Epot=    -182.579 Ekin=       1.317 temperature=  363.94 
2025-10-01 17:08:57,230 -    INFO - Steps=       339 Epot=    -182.580 Ekin=       1.314 temperature=  363.08 
2025-10-01 17:08:57,249 -    INFO - Steps=       340 Epot=    -182.587 Ekin=       1.312 temperature=  362.38 
2025-10-01 17:08:57,266 -    INFO - Steps=       341 Epot=    -182.599 Ekin=       1.266 temperature=  349.71 
2025-10-01 17:08:57,282 -    INFO - Steps=       342 Epot=    -182.617 Ekin=       1.301 temperature=  359.44 
2025-10-01 17:08:57,307 -    INFO - Steps=       343 Epot=    -182.636 Ekin=       1.262 temperature=  348.65 
2025-10-01 17:08:57,325 -    INFO - Steps=       344 Epot=    -182.657 Ekin=       1.289 temperature=  356.10 
2025-10-01 17:08:57,345 -    INFO - Steps=       345 Epot=    -182.676 Ekin=       1.297 temperature=  358.38 
2025-10-01 17:08:57,364 -    INFO - Steps=       346 Epot=    -182.696 Ekin=       1.327 temperature=  366.68 
2025-10-01 17:08:57,382 -    INFO - Steps=       347 Epot=    -182.718 Ekin=       1.343 temperature=  371.19 
2025-10-01 17:08:57,400 -    INFO - Steps=       348 Epot=    -182.739 Ekin=       1.368 temperature=  377.89 
2025-10-01 17:08:57,417 -    INFO - Steps=       349 Epot=    -182.757 Ekin=       1.393 temperature=  384.84 
2025-10-01 17:08:57,437 -    INFO - Steps=       350 Epot=    -182.773 Ekin=       1.422 temperature=  392.77 
2025-10-01 17:08:57,453 -    INFO - Steps=       351 Epot=    -182.788 Ekin=       1.486 temperature=  410.66 
2025-10-01 17:08:57,473 -    INFO - Steps=       352 Epot=    -182.800 Ekin=       1.499 temperature=  414.29 
2025-10-01 17:08:57,491 -    INFO - Steps=       353 Epot=    -182.807 Ekin=       1.483 temperature=  409.66 
2025-10-01 17:08:57,510 -    INFO - Steps=       354 Epot=    -182.813 Ekin=       1.482 temperature=  409.36 
2025-10-01 17:08:57,530 -    INFO - Steps=       355 Epot=    -182.816 Ekin=       1.441 temperature=  398.19 
2025-10-01 17:08:57,545 -    INFO - Steps=       356 Epot=    -182.817 Ekin=       1.441 temperature=  398.07 
2025-10-01 17:08:57,560 -    INFO - Steps=       357 Epot=    -182.818 Ekin=       1.396 temperature=  385.61 
2025-10-01 17:08:57,574 -    INFO - Steps=       358 Epot=    -182.816 Ekin=       1.374 temperature=  379.71 
2025-10-01 17:08:57,589 -    INFO - Steps=       359 Epot=    -182.815 Ekin=       1.423 temperature=  393.27 
2025-10-01 17:08:57,606 -    INFO - Steps=       360 Epot=    -182.814 Ekin=       1.418 temperature=  391.85 
2025-10-01 17:08:57,619 -    INFO - Steps=       361 Epot=    -182.813 Ekin=       1.457 temperature=  402.45 
2025-10-01 17:08:57,637 -    INFO - Steps=       362 Epot=    -182.811 Ekin=       1.407 temperature=  388.71 
2025-10-01 17:08:57,652 -    INFO - Steps=       363 Epot=    -182.810 Ekin=       1.342 temperature=  370.78 
2025-10-01 17:08:57,666 -    INFO - Steps=       364 Epot=    -182.811 Ekin=       1.372 temperature=  379.18 
2025-10-01 17:08:57,681 -    INFO - Steps=       365 Epot=    -182.814 Ekin=       1.339 temperature=  369.94 
2025-10-01 17:08:57,697 -    INFO - Steps=       366 Epot=    -182.822 Ekin=       1.326 temperature=  366.26 
2025-10-01 17:08:57,712 -    INFO - Steps=       367 Epot=    -182.830 Ekin=       1.331 temperature=  367.63 
2025-10-01 17:08:57,726 -    INFO - Steps=       368 Epot=    -182.837 Ekin=       1.371 temperature=  378.84 
2025-10-01 17:08:57,743 -    INFO - Steps=       369 Epot=    -182.843 Ekin=       1.408 temperature=  388.93 
2025-10-01 17:08:57,758 -    INFO - Steps=       370 Epot=    -182.849 Ekin=       1.442 temperature=  398.30 
2025-10-01 17:08:57,772 -    INFO - Steps=       371 Epot=    -182.854 Ekin=       1.447 temperature=  399.70 
2025-10-01 17:08:57,790 -    INFO - Steps=       372 Epot=    -182.858 Ekin=       1.441 temperature=  398.04 
2025-10-01 17:08:57,808 -    INFO - Steps=       373 Epot=    -182.859 Ekin=       1.450 temperature=  400.76 
2025-10-01 17:08:57,821 -    INFO - Steps=       374 Epot=    -182.858 Ekin=       1.435 temperature=  396.57 
2025-10-01 17:08:57,835 -    INFO - Steps=       375 Epot=    -182.855 Ekin=       1.434 temperature=  396.22 
2025-10-01 17:08:57,849 -    INFO - Steps=       376 Epot=    -182.850 Ekin=       1.431 temperature=  395.42 
2025-10-01 17:08:57,864 -    INFO - Steps=       377 Epot=    -182.844 Ekin=       1.461 temperature=  403.69 
2025-10-01 17:08:57,878 -    INFO - Steps=       378 Epot=    -182.839 Ekin=       1.452 temperature=  401.27 
2025-10-01 17:08:57,894 -    INFO - Steps=       379 Epot=    -182.834 Ekin=       1.411 temperature=  389.80 
2025-10-01 17:08:57,908 -    INFO - Steps=       380 Epot=    -182.833 Ekin=       1.372 temperature=  379.00 
2025-10-01 17:08:57,921 -    INFO - Steps=       381 Epot=    -182.834 Ekin=       1.362 temperature=  376.21 
2025-10-01 17:08:57,939 -    INFO - Steps=       382 Epot=    -182.836 Ekin=       1.374 temperature=  379.53 
2025-10-01 17:08:57,956 -    INFO - Steps=       383 Epot=    -182.842 Ekin=       1.383 temperature=  382.15 
2025-10-01 17:08:57,969 -    INFO - Steps=       384 Epot=    -182.850 Ekin=       1.350 temperature=  372.90 
2025-10-01 17:08:57,983 -    INFO - Steps=       385 Epot=    -182.860 Ekin=       1.333 temperature=  368.40 
2025-10-01 17:08:58,000 -    INFO - Steps=       386 Epot=    -182.872 Ekin=       1.352 temperature=  373.43 
2025-10-01 17:08:58,016 -    INFO - Steps=       387 Epot=    -182.887 Ekin=       1.377 temperature=  380.38 
2025-10-01 17:08:58,028 -    INFO - Steps=       388 Epot=    -182.903 Ekin=       1.410 temperature=  389.54 
2025-10-01 17:08:58,047 -    INFO - Steps=       389 Epot=    -182.920 Ekin=       1.402 temperature=  387.43 
2025-10-01 17:08:58,061 -    INFO - Steps=       390 Epot=    -182.937 Ekin=       1.446 temperature=  399.61 
2025-10-01 17:08:58,078 -    INFO - Steps=       391 Epot=    -182.953 Ekin=       1.452 temperature=  401.13 
2025-10-01 17:08:58,093 -    INFO - Steps=       392 Epot=    -182.966 Ekin=       1.459 temperature=  403.22 
2025-10-01 17:08:58,110 -    INFO - Steps=       393 Epot=    -182.976 Ekin=       1.491 temperature=  411.84 
2025-10-01 17:08:58,124 -    INFO - Steps=       394 Epot=    -182.985 Ekin=       1.505 temperature=  415.96 
2025-10-01 17:08:58,145 -    INFO - Steps=       395 Epot=    -182.990 Ekin=       1.517 temperature=  419.07 
2025-10-01 17:08:58,159 -    INFO - Steps=       396 Epot=    -182.989 Ekin=       1.526 temperature=  421.60 
2025-10-01 17:08:58,174 -    INFO - Steps=       397 Epot=    -182.986 Ekin=       1.454 temperature=  401.64 
2025-10-01 17:08:58,191 -    INFO - Steps=       398 Epot=    -182.978 Ekin=       1.482 temperature=  409.53 
2025-10-01 17:08:58,208 -    INFO - Steps=       399 Epot=    -182.964 Ekin=       1.466 temperature=  405.02 
2025-10-01 17:08:58,222 -    INFO - Steps=       400 Epot=    -182.946 Ekin=       1.457 temperature=  402.63 
2025-10-01 17:08:58,240 -    INFO - Steps=       401 Epot=    -182.923 Ekin=       1.433 temperature=  395.97 
2025-10-01 17:08:58,253 -    INFO - Steps=       402 Epot=    -182.897 Ekin=       1.432 temperature=  395.69 
2025-10-01 17:08:58,270 -    INFO - Steps=       403 Epot=    -182.867 Ekin=       1.446 temperature=  399.55 
2025-10-01 17:08:58,285 -    INFO - Steps=       404 Epot=    -182.835 Ekin=       1.380 temperature=  381.28 
2025-10-01 17:08:58,300 -    INFO - Steps=       405 Epot=    -182.802 Ekin=       1.334 temperature=  368.71 
2025-10-01 17:08:58,314 -    INFO - Steps=       406 Epot=    -182.768 Ekin=       1.314 temperature=  363.00 
2025-10-01 17:08:58,327 -    INFO - Steps=       407 Epot=    -182.736 Ekin=       1.289 temperature=  356.15 
2025-10-01 17:08:58,343 -    INFO - Steps=       408 Epot=    -182.707 Ekin=       1.235 temperature=  341.33 
2025-10-01 17:08:58,360 -    INFO - Steps=       409 Epot=    -182.681 Ekin=       1.186 temperature=  327.61 
2025-10-01 17:08:58,375 -    INFO - Steps=       410 Epot=    -182.657 Ekin=       1.134 temperature=  313.29 
2025-10-01 17:08:58,387 -    INFO - Steps=       411 Epot=    -182.636 Ekin=       1.127 temperature=  311.41 
2025-10-01 17:08:58,406 -    INFO - Steps=       412 Epot=    -182.617 Ekin=       1.113 temperature=  307.57 
2025-10-01 17:08:58,425 -    INFO - Steps=       413 Epot=    -182.605 Ekin=       1.133 temperature=  313.14 
2025-10-01 17:08:58,442 -    INFO - Steps=       414 Epot=    -182.601 Ekin=       1.118 temperature=  308.84 
2025-10-01 17:08:58,462 -    INFO - Steps=       415 Epot=    -182.602 Ekin=       1.174 temperature=  324.32 
2025-10-01 17:08:58,484 -    INFO - Steps=       416 Epot=    -182.610 Ekin=       1.183 temperature=  326.94 
2025-10-01 17:08:58,498 -    INFO - Steps=       417 Epot=    -182.623 Ekin=       1.167 temperature=  322.45 
2025-10-01 17:08:58,517 -    INFO - Steps=       418 Epot=    -182.642 Ekin=       1.160 temperature=  320.50 
2025-10-01 17:08:58,535 -    INFO - Steps=       419 Epot=    -182.663 Ekin=       1.152 temperature=  318.39 
2025-10-01 17:08:58,551 -    INFO - Steps=       420 Epot=    -182.689 Ekin=       1.174 temperature=  324.38 
2025-10-01 17:08:58,572 -    INFO - Steps=       421 Epot=    -182.719 Ekin=       1.214 temperature=  335.47 
2025-10-01 17:08:58,589 -    INFO - Steps=       422 Epot=    -182.749 Ekin=       1.208 temperature=  333.72 
2025-10-01 17:08:58,608 -    INFO - Steps=       423 Epot=    -182.780 Ekin=       1.263 temperature=  348.86 
2025-10-01 17:08:58,626 -    INFO - Steps=       424 Epot=    -182.812 Ekin=       1.348 temperature=  372.52 
2025-10-01 17:08:58,643 -    INFO - Steps=       425 Epot=    -182.842 Ekin=       1.357 temperature=  374.84 
2025-10-01 17:08:58,661 -    INFO - Steps=       426 Epot=    -182.869 Ekin=       1.416 temperature=  391.10 
2025-10-01 17:08:58,680 -    INFO - Steps=       427 Epot=    -182.895 Ekin=       1.462 temperature=  404.03 
2025-10-01 17:08:58,695 -    INFO - Steps=       428 Epot=    -182.919 Ekin=       1.471 temperature=  406.53 
2025-10-01 17:08:58,715 -    INFO - Steps=       429 Epot=    -182.938 Ekin=       1.422 temperature=  392.88 
2025-10-01 17:08:58,733 -    INFO - Steps=       430 Epot=    -182.953 Ekin=       1.496 temperature=  413.35 
2025-10-01 17:08:58,750 -    INFO - Steps=       431 Epot=    -182.964 Ekin=       1.482 temperature=  409.34 
2025-10-01 17:08:58,768 -    INFO - Steps=       432 Epot=    -182.974 Ekin=       1.566 temperature=  432.74 
2025-10-01 17:08:58,784 -    INFO - Steps=       433 Epot=    -182.981 Ekin=       1.566 temperature=  432.77 
2025-10-01 17:08:58,804 -    INFO - Steps=       434 Epot=    -182.985 Ekin=       1.539 temperature=  425.18 
2025-10-01 17:08:58,823 -    INFO - Steps=       435 Epot=    -182.987 Ekin=       1.521 temperature=  420.32 
2025-10-01 17:08:58,850 -    INFO - Steps=       436 Epot=    -182.983 Ekin=       1.469 temperature=  405.80 
2025-10-01 17:08:58,867 -    INFO - Steps=       437 Epot=    -182.977 Ekin=       1.457 temperature=  402.64 
2025-10-01 17:08:58,885 -    INFO - Steps=       438 Epot=    -182.968 Ekin=       1.461 temperature=  403.73 
2025-10-01 17:08:58,904 -    INFO - Steps=       439 Epot=    -182.959 Ekin=       1.435 temperature=  396.47 
2025-10-01 17:08:58,917 -    INFO - Steps=       440 Epot=    -182.948 Ekin=       1.453 temperature=  401.52 
2025-10-01 17:08:58,938 -    INFO - Steps=       441 Epot=    -182.937 Ekin=       1.444 temperature=  399.01 
2025-10-01 17:08:58,958 -    INFO - Steps=       442 Epot=    -182.922 Ekin=       1.418 temperature=  391.70 
2025-10-01 17:08:58,977 -    INFO - Steps=       443 Epot=    -182.905 Ekin=       1.456 temperature=  402.17 
2025-10-01 17:08:58,996 -    INFO - Steps=       444 Epot=    -182.886 Ekin=       1.395 temperature=  385.31 
2025-10-01 17:08:59,013 -    INFO - Steps=       445 Epot=    -182.864 Ekin=       1.382 temperature=  381.82 
2025-10-01 17:08:59,042 -    INFO - Steps=       446 Epot=    -182.841 Ekin=       1.382 temperature=  381.83 
2025-10-01 17:08:59,058 -    INFO - Steps=       447 Epot=    -182.819 Ekin=       1.347 temperature=  372.24 
2025-10-01 17:08:59,077 -    INFO - Steps=       448 Epot=    -182.801 Ekin=       1.319 temperature=  364.45 
2025-10-01 17:08:59,093 -    INFO - Steps=       449 Epot=    -182.787 Ekin=       1.305 temperature=  360.46 
2025-10-01 17:08:59,112 -    INFO - Steps=       450 Epot=    -182.774 Ekin=       1.255 temperature=  346.68 
2025-10-01 17:08:59,129 -    INFO - Steps=       451 Epot=    -182.768 Ekin=       1.242 temperature=  343.28 
2025-10-01 17:08:59,143 -    INFO - Steps=       452 Epot=    -182.766 Ekin=       1.233 temperature=  340.72 
2025-10-01 17:08:59,164 -    INFO - Steps=       453 Epot=    -182.768 Ekin=       1.222 temperature=  337.73 
2025-10-01 17:08:59,180 -    INFO - Steps=       454 Epot=    -182.775 Ekin=       1.269 temperature=  350.63 
2025-10-01 17:08:59,196 -    INFO - Steps=       455 Epot=    -182.786 Ekin=       1.276 temperature=  352.57 
2025-10-01 17:08:59,215 -    INFO - Steps=       456 Epot=    -182.798 Ekin=       1.312 temperature=  362.54 
2025-10-01 17:08:59,231 -    INFO - Steps=       457 Epot=    -182.814 Ekin=       1.324 temperature=  365.95 
2025-10-01 17:08:57,327 -    INFO - Steps=       458 Epot=    -182.834 Ekin=       1.316 temperature=  363.64 
2025-10-01 17:08:57,345 -    INFO - Steps=       459 Epot=    -182.854 Ekin=       1.312 temperature=  362.46 
2025-10-01 17:08:57,362 -    INFO - Steps=       460 Epot=    -182.875 Ekin=       1.337 temperature=  369.29 
2025-10-01 17:08:57,380 -    INFO - Steps=       461 Epot=    -182.896 Ekin=       1.366 temperature=  377.47 
2025-10-01 17:08:57,399 -    INFO - Steps=       462 Epot=    -182.915 Ekin=       1.363 temperature=  376.49 
2025-10-01 17:08:57,415 -    INFO - Steps=       463 Epot=    -182.932 Ekin=       1.330 temperature=  367.42 
2025-10-01 17:08:57,434 -    INFO - Steps=       464 Epot=    -182.948 Ekin=       1.344 temperature=  371.22 
2025-10-01 17:08:57,449 -    INFO - Steps=       465 Epot=    -182.961 Ekin=       1.375 temperature=  379.85 
2025-10-01 17:08:57,469 -    INFO - Steps=       466 Epot=    -182.973 Ekin=       1.370 temperature=  378.46 
2025-10-01 17:08:57,487 -    INFO - Steps=       467 Epot=    -182.982 Ekin=       1.373 temperature=  379.42 
2025-10-01 17:08:57,502 -    INFO - Steps=       468 Epot=    -182.987 Ekin=       1.341 temperature=  370.49 
2025-10-01 17:08:57,518 -    INFO - Steps=       469 Epot=    -182.989 Ekin=       1.349 temperature=  372.63 
2025-10-01 17:08:57,538 -    INFO - Steps=       470 Epot=    -182.987 Ekin=       1.392 temperature=  384.58 
2025-10-01 17:08:57,557 -    INFO - Steps=       471 Epot=    -182.981 Ekin=       1.380 temperature=  381.34 
2025-10-01 17:08:57,575 -    INFO - Steps=       472 Epot=    -182.971 Ekin=       1.362 temperature=  376.20 
2025-10-01 17:08:57,596 -    INFO - Steps=       473 Epot=    -182.959 Ekin=       1.355 temperature=  374.36 
2025-10-01 17:08:57,610 -    INFO - Steps=       474 Epot=    -182.946 Ekin=       1.400 temperature=  386.78 
2025-10-01 17:08:57,630 -    INFO - Steps=       475 Epot=    -182.926 Ekin=       1.456 temperature=  402.37 
2025-10-01 17:08:57,645 -    INFO - Steps=       476 Epot=    -182.902 Ekin=       1.405 temperature=  388.32 
2025-10-01 17:08:57,661 -    INFO - Steps=       477 Epot=    -182.874 Ekin=       1.378 temperature=  380.82 
2025-10-01 17:08:57,683 -    INFO - Steps=       478 Epot=    -182.844 Ekin=       1.408 temperature=  389.14 
2025-10-01 17:08:57,703 -    INFO - Steps=       479 Epot=    -182.812 Ekin=       1.376 temperature=  380.06 
2025-10-01 17:08:57,723 -    INFO - Steps=       480 Epot=    -182.780 Ekin=       1.322 temperature=  365.34 
2025-10-01 17:08:57,741 -    INFO - Steps=       481 Epot=    -182.749 Ekin=       1.337 temperature=  369.39 
2025-10-01 17:08:57,759 -    INFO - Steps=       482 Epot=    -182.719 Ekin=       1.268 temperature=  350.37 
2025-10-01 17:08:57,779 -    INFO - Steps=       483 Epot=    -182.692 Ekin=       1.254 temperature=  346.54 
2025-10-01 17:08:57,794 -    INFO - Steps=       484 Epot=    -182.670 Ekin=       1.234 temperature=  340.93 
2025-10-01 17:08:57,815 -    INFO - Steps=       485 Epot=    -182.655 Ekin=       1.235 temperature=  341.23 
2025-10-01 17:08:57,832 -    INFO - Steps=       486 Epot=    -182.644 Ekin=       1.208 temperature=  333.83 
2025-10-01 17:08:57,846 -    INFO - Steps=       487 Epot=    -182.641 Ekin=       1.185 temperature=  327.29 
2025-10-01 17:08:57,864 -    INFO - Steps=       488 Epot=    -182.644 Ekin=       1.182 temperature=  326.45 
2025-10-01 17:08:57,883 -    INFO - Steps=       489 Epot=    -182.654 Ekin=       1.213 temperature=  335.23 
2025-10-01 17:08:57,897 -    INFO - Steps=       490 Epot=    -182.669 Ekin=       1.231 temperature=  340.22 
2025-10-01 17:08:57,916 -    INFO - Steps=       491 Epot=    -182.691 Ekin=       1.277 temperature=  352.87 
2025-10-01 17:08:57,933 -    INFO - Steps=       492 Epot=    -182.717 Ekin=       1.251 temperature=  345.57 
2025-10-01 17:08:57,953 -    INFO - Steps=       493 Epot=    -182.748 Ekin=       1.251 temperature=  345.64 
2025-10-01 17:08:57,971 -    INFO - Steps=       494 Epot=    -182.781 Ekin=       1.295 temperature=  357.94 
2025-10-01 17:08:57,986 -    INFO - Steps=       495 Epot=    -182.815 Ekin=       1.305 temperature=  360.65 
2025-10-01 17:08:58,006 -    INFO - Steps=       496 Epot=    -182.849 Ekin=       1.363 temperature=  376.73 
2025-10-01 17:08:58,025 -    INFO - Steps=       497 Epot=    -182.879 Ekin=       1.409 temperature=  389.20 
2025-10-01 17:08:58,043 -    INFO - Steps=       498 Epot=    -182.905 Ekin=       1.456 temperature=  402.17 
2025-10-01 17:08:58,063 -    INFO - Steps=       499 Epot=    -182.927 Ekin=       1.462 temperature=  403.99 
2025-10-01 17:08:58,083 -    INFO - Steps=       500 Epot=    -182.942 Ekin=       1.480 temperature=  408.97 
2025-10-01 17:08:58,104 -    INFO - Steps=       501 Epot=    -182.952 Ekin=       1.476 temperature=  407.73 
2025-10-01 17:08:58,122 -    INFO - Steps=       502 Epot=    -182.957 Ekin=       1.476 temperature=  407.95 
2025-10-01 17:08:58,139 -    INFO - Steps=       503 Epot=    -182.955 Ekin=       1.473 temperature=  407.12 
2025-10-01 17:08:58,157 -    INFO - Steps=       504 Epot=    -182.944 Ekin=       1.526 temperature=  421.59 
2025-10-01 17:08:58,173 -    INFO - Steps=       505 Epot=    -182.925 Ekin=       1.536 temperature=  424.28 
2025-10-01 17:08:58,196 -    INFO - Steps=       506 Epot=    -182.900 Ekin=       1.512 temperature=  417.85 
2025-10-01 17:08:58,214 -    INFO - Steps=       507 Epot=    -182.868 Ekin=       1.475 temperature=  407.57 
2025-10-01 17:08:58,236 -    INFO - Steps=       508 Epot=    -182.832 Ekin=       1.437 temperature=  396.97 
2025-10-01 17:08:58,255 -    INFO - Steps=       509 Epot=    -182.792 Ekin=       1.393 temperature=  384.92 
2025-10-01 17:08:58,272 -    INFO - Steps=       510 Epot=    -182.751 Ekin=       1.325 temperature=  366.21 
2025-10-01 17:08:58,292 -    INFO - Steps=       511 Epot=    -182.708 Ekin=       1.287 temperature=  355.63 
2025-10-01 17:08:58,308 -    INFO - Steps=       512 Epot=    -182.664 Ekin=       1.220 temperature=  337.10 
2025-10-01 17:08:58,325 -    INFO - Steps=       513 Epot=    -182.620 Ekin=       1.210 temperature=  334.33 
2025-10-01 17:08:58,344 -    INFO - Steps=       514 Epot=    -182.577 Ekin=       1.197 temperature=  330.81 
2025-10-01 17:08:58,360 -    INFO - Steps=       515 Epot=    -182.536 Ekin=       1.179 temperature=  325.66 
2025-10-01 17:08:58,381 -    INFO - Steps=       516 Epot=    -182.499 Ekin=       1.154 temperature=  318.81 
2025-10-01 17:08:58,399 -    INFO - Steps=       517 Epot=    -182.465 Ekin=       1.123 temperature=  310.24 
2025-10-01 17:08:58,414 -    INFO - Steps=       518 Epot=    -182.434 Ekin=       1.088 temperature=  300.59 
2025-10-01 17:08:58,436 -    INFO - Steps=       519 Epot=    -182.408 Ekin=       1.048 temperature=  289.55 
2025-10-01 17:08:58,454 -    INFO - Steps=       520 Epot=    -182.389 Ekin=       1.027 temperature=  283.82 
2025-10-01 17:08:58,476 -    INFO - Steps=       521 Epot=    -182.378 Ekin=       1.017 temperature=  281.10 
2025-10-01 17:08:58,496 -    INFO - Steps=       522 Epot=    -182.373 Ekin=       0.996 temperature=  275.29 
2025-10-01 17:08:58,513 -    INFO - Steps=       523 Epot=    -182.370 Ekin=       0.986 temperature=  272.52 
2025-10-01 17:08:58,532 -    INFO - Steps=       524 Epot=    -182.372 Ekin=       0.976 temperature=  269.77 
2025-10-01 17:08:58,548 -    INFO - Steps=       525 Epot=    -182.380 Ekin=       0.984 temperature=  271.87 
2025-10-01 17:08:58,565 -    INFO - Steps=       526 Epot=    -182.395 Ekin=       1.014 temperature=  280.22 
2025-10-01 17:08:58,587 -    INFO - Steps=       527 Epot=    -182.414 Ekin=       1.016 temperature=  280.70 
2025-10-01 17:08:58,604 -    INFO - Steps=       528 Epot=    -182.436 Ekin=       1.038 temperature=  286.86 
2025-10-01 17:08:58,623 -    INFO - Steps=       529 Epot=    -182.462 Ekin=       1.083 temperature=  299.33 
2025-10-01 17:08:58,640 -    INFO - Steps=       530 Epot=    -182.492 Ekin=       1.126 temperature=  311.04 
2025-10-01 17:08:58,658 -    INFO - Steps=       531 Epot=    -182.525 Ekin=       1.179 temperature=  325.83 
2025-10-01 17:08:58,677 -    INFO - Steps=       532 Epot=    -182.560 Ekin=       1.208 temperature=  333.86 
2025-10-01 17:08:58,695 -    INFO - Steps=       533 Epot=    -182.595 Ekin=       1.255 temperature=  346.84 
2025-10-01 17:08:58,717 -    INFO - Steps=       534 Epot=    -182.631 Ekin=       1.303 temperature=  359.95 
2025-10-01 17:08:58,736 -    INFO - Steps=       535 Epot=    -182.666 Ekin=       1.351 temperature=  373.19 
2025-10-01 17:08:58,752 -    INFO - Steps=       536 Epot=    -182.700 Ekin=       1.359 temperature=  375.56 
2025-10-01 17:08:58,771 -    INFO - Steps=       537 Epot=    -182.732 Ekin=       1.420 temperature=  392.27 
2025-10-01 17:08:58,791 -    INFO - Steps=       538 Epot=    -182.762 Ekin=       1.467 temperature=  405.25 
2025-10-01 17:08:58,806 -    INFO - Steps=       539 Epot=    -182.789 Ekin=       1.421 temperature=  392.67 
2025-10-01 17:08:58,824 -    INFO - Steps=       540 Epot=    -182.814 Ekin=       1.451 temperature=  400.96 
2025-10-01 17:08:58,840 -    INFO - Steps=       541 Epot=    -182.835 Ekin=       1.475 temperature=  407.62 
2025-10-01 17:08:58,859 -    INFO - Steps=       542 Epot=    -182.855 Ekin=       1.520 temperature=  419.94 
2025-10-01 17:08:58,877 -    INFO - Steps=       543 Epot=    -182.872 Ekin=       1.519 temperature=  419.66 
2025-10-01 17:08:58,890 -    INFO - Steps=       544 Epot=    -182.885 Ekin=       1.516 temperature=  418.82 
2025-10-01 17:08:58,910 -    INFO - Steps=       545 Epot=    -182.893 Ekin=       1.463 temperature=  404.27 
2025-10-01 17:08:58,930 -    INFO - Steps=       546 Epot=    -182.898 Ekin=       1.460 temperature=  403.49 
2025-10-01 17:08:58,948 -    INFO - Steps=       547 Epot=    -182.899 Ekin=       1.405 temperature=  388.30 
2025-10-01 17:08:58,970 -    INFO - Steps=       548 Epot=    -182.898 Ekin=       1.408 temperature=  389.09 
2025-10-01 17:08:58,985 -    INFO - Steps=       549 Epot=    -182.894 Ekin=       1.442 temperature=  398.35 
2025-10-01 17:08:59,007 -    INFO - Steps=       550 Epot=    -182.890 Ekin=       1.451 temperature=  400.85 
2025-10-01 17:08:59,022 -    INFO - Steps=       551 Epot=    -182.882 Ekin=       1.446 temperature=  399.55 
2025-10-01 17:08:59,037 -    INFO - Steps=       552 Epot=    -182.874 Ekin=       1.476 temperature=  407.83 
2025-10-01 17:08:59,058 -    INFO - Steps=       553 Epot=    -182.863 Ekin=       1.480 temperature=  409.01 
2025-10-01 17:08:59,073 -    INFO - Steps=       554 Epot=    -182.851 Ekin=       1.436 temperature=  396.78 
2025-10-01 17:08:59,090 -    INFO - Steps=       555 Epot=    -182.837 Ekin=       1.413 temperature=  390.35 
2025-10-01 17:08:59,109 -    INFO - Steps=       556 Epot=    -182.824 Ekin=       1.372 temperature=  379.02 
2025-10-01 17:08:59,123 -    INFO - Steps=       557 Epot=    -182.809 Ekin=       1.397 temperature=  385.92 
2025-10-01 17:08:59,145 -    INFO - Steps=       558 Epot=    -182.794 Ekin=       1.338 temperature=  369.64 
2025-10-01 17:08:59,164 -    INFO - Steps=       559 Epot=    -182.781 Ekin=       1.322 temperature=  365.37 
2025-10-01 17:08:59,184 -    INFO - Steps=       560 Epot=    -182.772 Ekin=       1.258 temperature=  347.70 
2025-10-01 17:08:59,202 -    INFO - Steps=       561 Epot=    -182.767 Ekin=       1.238 temperature=  342.05 
2025-10-01 17:08:59,218 -    INFO - Steps=       562 Epot=    -182.767 Ekin=       1.233 temperature=  340.80 
2025-10-01 17:08:59,237 -    INFO - Steps=       563 Epot=    -182.768 Ekin=       1.256 temperature=  346.90 
2025-10-01 17:08:59,254 -    INFO - Steps=       564 Epot=    -182.772 Ekin=       1.272 temperature=  351.52 
2025-10-01 17:08:59,270 -    INFO - Steps=       565 Epot=    -182.777 Ekin=       1.268 temperature=  350.45 
2025-10-01 17:08:59,291 -    INFO - Steps=       566 Epot=    -182.784 Ekin=       1.244 temperature=  343.80 
2025-10-01 17:08:59,305 -    INFO - Steps=       567 Epot=    -182.793 Ekin=       1.229 temperature=  339.54 
2025-10-01 17:08:59,326 -    INFO - Steps=       568 Epot=    -182.804 Ekin=       1.227 temperature=  339.10 
2025-10-01 17:08:59,346 -    INFO - Steps=       569 Epot=    -182.819 Ekin=       1.248 temperature=  344.76 
2025-10-01 17:08:59,363 -    INFO - Steps=       570 Epot=    -182.836 Ekin=       1.315 temperature=  363.25 
2025-10-01 17:08:59,383 -    INFO - Steps=       571 Epot=    -182.853 Ekin=       1.305 temperature=  360.48 
2025-10-01 17:08:59,399 -    INFO - Steps=       572 Epot=    -182.871 Ekin=       1.305 temperature=  360.57 
2025-10-01 17:08:59,419 -    INFO - Steps=       573 Epot=    -182.887 Ekin=       1.317 temperature=  364.02 
2025-10-01 17:08:59,436 -    INFO - Steps=       574 Epot=    -182.904 Ekin=       1.363 temperature=  376.67 
2025-10-01 17:08:59,452 -    INFO - Steps=       575 Epot=    -182.918 Ekin=       1.390 temperature=  384.00 
2025-10-01 17:08:59,473 -    INFO - Steps=       576 Epot=    -182.928 Ekin=       1.351 temperature=  373.23 
2025-10-01 17:08:59,491 -    INFO - Steps=       577 Epot=    -182.934 Ekin=       1.340 temperature=  370.12 
2025-10-01 17:08:59,511 -    INFO - Steps=       578 Epot=    -182.938 Ekin=       1.317 temperature=  363.87 
2025-10-01 17:08:59,529 -    INFO - Steps=       579 Epot=    -182.938 Ekin=       1.306 temperature=  360.90 
2025-10-01 17:08:59,545 -    INFO - Steps=       580 Epot=    -182.937 Ekin=       1.310 temperature=  361.86 
2025-10-01 17:08:59,576 -    INFO - Steps=       581 Epot=    -182.934 Ekin=       1.294 temperature=  357.44 
2025-10-01 17:08:59,590 -    INFO - Steps=       582 Epot=    -182.929 Ekin=       1.266 temperature=  349.90 
2025-10-01 17:08:59,608 -    INFO - Steps=       583 Epot=    -182.921 Ekin=       1.288 temperature=  355.81 
2025-10-01 17:08:59,633 -    INFO - Steps=       584 Epot=    -182.911 Ekin=       1.268 temperature=  350.25 
2025-10-01 17:08:59,653 -    INFO - Steps=       585 Epot=    -182.899 Ekin=       1.289 temperature=  356.07 
2025-10-01 17:08:59,672 -    INFO - Steps=       586 Epot=    -182.884 Ekin=       1.249 temperature=  345.03 
2025-10-01 17:08:59,688 -    INFO - Steps=       587 Epot=    -182.871 Ekin=       1.187 temperature=  328.00 
2025-10-01 17:08:59,708 -    INFO - Steps=       588 Epot=    -182.856 Ekin=       1.155 temperature=  319.02 
2025-10-01 17:08:59,723 -    INFO - Steps=       589 Epot=    -182.841 Ekin=       1.169 temperature=  322.96 
2025-10-01 17:08:59,742 -    INFO - Steps=       590 Epot=    -182.827 Ekin=       1.152 temperature=  318.40 
2025-10-01 17:08:59,764 -    INFO - Steps=       591 Epot=    -182.814 Ekin=       1.119 temperature=  309.31 
2025-10-01 17:08:59,780 -    INFO - Steps=       592 Epot=    -182.802 Ekin=       1.123 temperature=  310.30 
2025-10-01 17:08:59,801 -    INFO - Steps=       593 Epot=    -182.793 Ekin=       1.093 temperature=  301.86 
2025-10-01 17:08:59,821 -    INFO - Steps=       594 Epot=    -182.788 Ekin=       1.057 temperature=  292.14 
2025-10-01 17:08:59,840 -    INFO - Steps=       595 Epot=    -182.785 Ekin=       1.093 temperature=  301.86 
2025-10-01 17:08:59,859 -    INFO - Steps=       596 Epot=    -182.784 Ekin=       1.063 temperature=  293.77 
2025-10-01 17:08:59,874 -    INFO - Steps=       597 Epot=    -182.783 Ekin=       1.086 temperature=  300.09 
2025-10-01 17:08:59,890 -    INFO - Steps=       598 Epot=    -182.784 Ekin=       1.089 temperature=  301.00 
2025-10-01 17:08:59,910 -    INFO - Steps=       599 Epot=    -182.788 Ekin=       1.078 temperature=  297.95 
2025-10-01 17:08:59,926 -    INFO - Steps=       600 Epot=    -182.795 Ekin=       1.078 temperature=  297.83 
2025-10-01 17:08:59,945 -    INFO - Steps=       601 Epot=    -182.805 Ekin=       1.098 temperature=  303.43 
2025-10-01 17:08:59,968 -    INFO - Steps=       602 Epot=    -182.817 Ekin=       1.128 temperature=  311.73 
2025-10-01 17:08:59,989 -    INFO - Steps=       603 Epot=    -182.831 Ekin=       1.151 temperature=  318.04 
2025-10-01 17:09:00,003 -    INFO - Steps=       604 Epot=    -182.843 Ekin=       1.154 temperature=  318.76 
2025-10-01 17:09:00,021 -    INFO - Steps=       605 Epot=    -182.857 Ekin=       1.178 temperature=  325.56 
2025-10-01 17:09:00,041 -    INFO - Steps=       606 Epot=    -182.872 Ekin=       1.189 temperature=  328.56 
2025-10-01 17:09:00,058 -    INFO - Steps=       607 Epot=    -182.887 Ekin=       1.208 temperature=  333.72 
2025-10-01 17:09:00,074 -    INFO - Steps=       608 Epot=    -182.902 Ekin=       1.270 temperature=  350.93 
2025-10-01 17:09:00,092 -    INFO - Steps=       609 Epot=    -182.919 Ekin=       1.276 temperature=  352.67 
2025-10-01 17:09:00,108 -    INFO - Steps=       610 Epot=    -182.937 Ekin=       1.306 temperature=  360.75 
2025-10-01 17:09:00,127 -    INFO - Steps=       611 Epot=    -182.955 Ekin=       1.351 temperature=  373.20 
2025-10-01 17:09:00,144 -    INFO - Steps=       612 Epot=    -182.973 Ekin=       1.378 temperature=  380.82 
2025-10-01 17:09:00,164 -    INFO - Steps=       613 Epot=    -182.988 Ekin=       1.376 temperature=  380.21 
2025-10-01 17:09:00,185 -    INFO - Steps=       614 Epot=    -183.003 Ekin=       1.369 temperature=  378.34 
2025-10-01 17:09:00,203 -    INFO - Steps=       615 Epot=    -183.017 Ekin=       1.344 temperature=  371.43 
2025-10-01 17:09:00,223 -    INFO - Steps=       616 Epot=    -183.031 Ekin=       1.414 temperature=  390.55 
2025-10-01 17:09:00,241 -    INFO - Steps=       617 Epot=    -183.044 Ekin=       1.407 temperature=  388.64 
2025-10-01 17:09:00,258 -    INFO - Steps=       618 Epot=    -183.054 Ekin=       1.425 temperature=  393.86 
2025-10-01 17:09:00,278 -    INFO - Steps=       619 Epot=    -183.063 Ekin=       1.451 temperature=  400.96 
2025-10-01 17:09:00,295 -    INFO - Steps=       620 Epot=    -183.073 Ekin=       1.491 temperature=  411.82 
2025-10-01 17:09:00,315 -    INFO - Steps=       621 Epot=    -183.081 Ekin=       1.495 temperature=  413.14 
2025-10-01 17:09:00,333 -    INFO - Steps=       622 Epot=    -183.088 Ekin=       1.496 temperature=  413.43 
2025-10-01 17:09:00,352 -    INFO - Steps=       623 Epot=    -183.093 Ekin=       1.489 temperature=  411.29 
2025-10-01 17:09:00,372 -    INFO - Steps=       624 Epot=    -183.095 Ekin=       1.506 temperature=  416.12 
2025-10-01 17:09:00,391 -    INFO - Steps=       625 Epot=    -183.094 Ekin=       1.485 temperature=  410.33 
2025-10-01 17:09:00,411 -    INFO - Steps=       626 Epot=    -183.089 Ekin=       1.484 temperature=  410.06 
2025-10-01 17:09:00,430 -    INFO - Steps=       627 Epot=    -183.081 Ekin=       1.508 temperature=  416.78 
2025-10-01 17:09:00,448 -    INFO - Steps=       628 Epot=    -183.070 Ekin=       1.504 temperature=  415.49 
2025-10-01 17:09:00,469 -    INFO - Steps=       629 Epot=    -183.059 Ekin=       1.512 temperature=  417.85 
2025-10-01 17:09:00,485 -    INFO - Steps=       630 Epot=    -183.047 Ekin=       1.458 temperature=  402.74 
2025-10-01 17:09:00,506 -    INFO - Steps=       631 Epot=    -183.034 Ekin=       1.387 temperature=  383.32 
2025-10-01 17:09:00,527 -    INFO - Steps=       632 Epot=    -183.019 Ekin=       1.409 temperature=  389.33 
2025-10-01 17:09:00,544 -    INFO - Steps=       633 Epot=    -183.005 Ekin=       1.411 temperature=  389.84 
2025-10-01 17:09:00,570 -    INFO - Steps=       634 Epot=    -182.990 Ekin=       1.386 temperature=  383.08 
2025-10-01 17:09:00,585 -    INFO - Steps=       635 Epot=    -182.978 Ekin=       1.308 temperature=  361.30 
2025-10-01 17:09:00,606 -    INFO - Steps=       636 Epot=    -182.968 Ekin=       1.255 temperature=  346.64 
2025-10-01 17:09:00,623 -    INFO - Steps=       637 Epot=    -182.962 Ekin=       1.277 temperature=  352.85 
2025-10-01 17:09:00,639 -    INFO - Steps=       638 Epot=    -182.961 Ekin=       1.296 temperature=  358.08 
2025-10-01 17:09:00,657 -    INFO - Steps=       639 Epot=    -182.962 Ekin=       1.295 temperature=  357.89 
2025-10-01 17:09:00,673 -    INFO - Steps=       640 Epot=    -182.966 Ekin=       1.323 temperature=  365.67 
2025-10-01 17:09:00,693 -    INFO - Steps=       641 Epot=    -182.974 Ekin=       1.329 temperature=  367.23 
2025-10-01 17:09:00,709 -    INFO - Steps=       642 Epot=    -182.986 Ekin=       1.324 temperature=  365.91 
2025-10-01 17:09:00,724 -    INFO - Steps=       643 Epot=    -183.001 Ekin=       1.346 temperature=  371.88 
2025-10-01 17:09:00,744 -    INFO - Steps=       644 Epot=    -183.019 Ekin=       1.366 temperature=  377.47 
2025-10-01 17:09:00,761 -    INFO - Steps=       645 Epot=    -183.038 Ekin=       1.460 temperature=  403.46 
2025-10-01 17:09:00,778 -    INFO - Steps=       646 Epot=    -183.057 Ekin=       1.520 temperature=  419.91 
2025-10-01 17:09:00,800 -    INFO - Steps=       647 Epot=    -183.074 Ekin=       1.559 temperature=  430.80 
2025-10-01 17:09:00,818 -    INFO - Steps=       648 Epot=    -183.090 Ekin=       1.606 temperature=  443.74 
2025-10-01 17:09:00,838 -    INFO - Steps=       649 Epot=    -183.105 Ekin=       1.612 temperature=  445.30 
2025-10-01 17:09:00,858 -    INFO - Steps=       650 Epot=    -183.118 Ekin=       1.675 temperature=  462.78 
2025-10-01 17:09:00,878 -    INFO - Steps=       651 Epot=    -183.130 Ekin=       1.683 temperature=  464.98 
2025-10-01 17:09:00,897 -    INFO - Steps=       652 Epot=    -183.139 Ekin=       1.699 temperature=  469.44 
2025-10-01 17:09:00,915 -    INFO - Steps=       653 Epot=    -183.144 Ekin=       1.719 temperature=  474.91 
2025-10-01 17:09:00,932 -    INFO - Steps=       654 Epot=    -183.145 Ekin=       1.715 temperature=  473.72 
2025-10-01 17:09:00,952 -    INFO - Steps=       655 Epot=    -183.143 Ekin=       1.715 temperature=  473.75 
2025-10-01 17:09:00,970 -    INFO - Steps=       656 Epot=    -183.136 Ekin=       1.694 temperature=  467.91 
2025-10-01 17:09:00,990 -    INFO - Steps=       657 Epot=    -183.125 Ekin=       1.699 temperature=  469.50 
2025-10-01 17:09:01,009 -    INFO - Steps=       658 Epot=    -183.111 Ekin=       1.695 temperature=  468.27 
2025-10-01 17:09:01,034 -    INFO - Steps=       659 Epot=    -183.094 Ekin=       1.647 temperature=  455.05 
2025-10-01 17:09:01,054 -    INFO - Steps=       660 Epot=    -183.074 Ekin=       1.605 temperature=  443.43 
2025-10-01 17:09:01,068 -    INFO - Steps=       661 Epot=    -183.054 Ekin=       1.576 temperature=  435.54 
2025-10-01 17:09:01,086 -    INFO - Steps=       662 Epot=    -183.034 Ekin=       1.472 temperature=  406.60 
2025-10-01 17:09:01,101 -    INFO - Steps=       663 Epot=    -183.013 Ekin=       1.459 temperature=  403.19 
2025-10-01 17:09:01,116 -    INFO - Steps=       664 Epot=    -182.993 Ekin=       1.421 temperature=  392.75 
2025-10-01 17:09:01,129 -    INFO - Steps=       665 Epot=    -182.974 Ekin=       1.415 temperature=  390.96 
2025-10-01 17:09:01,147 -    INFO - Steps=       666 Epot=    -182.957 Ekin=       1.361 temperature=  376.17 
2025-10-01 17:09:01,163 -    INFO - Steps=       667 Epot=    -182.943 Ekin=       1.307 temperature=  361.04 
2025-10-01 17:09:01,180 -    INFO - Steps=       668 Epot=    -182.934 Ekin=       1.316 temperature=  363.73 
2025-10-01 17:09:01,193 -    INFO - Steps=       669 Epot=    -182.929 Ekin=       1.283 temperature=  354.48 
2025-10-01 17:09:01,206 -    INFO - Steps=       670 Epot=    -182.928 Ekin=       1.293 temperature=  357.18 
2025-10-01 17:09:01,222 -    INFO - Steps=       671 Epot=    -182.931 Ekin=       1.283 temperature=  354.53 
2025-10-01 17:09:01,238 -    INFO - Steps=       672 Epot=    -182.937 Ekin=       1.305 temperature=  360.57 
2025-10-01 17:09:01,253 -    INFO - Steps=       673 Epot=    -182.947 Ekin=       1.281 temperature=  353.81 
2025-10-01 17:09:01,266 -    INFO - Steps=       674 Epot=    -182.961 Ekin=       1.282 temperature=  354.21 
2025-10-01 17:09:01,284 -    INFO - Steps=       675 Epot=    -182.980 Ekin=       1.327 temperature=  366.54 
2025-10-01 17:09:01,300 -    INFO - Steps=       676 Epot=    -183.003 Ekin=       1.361 temperature=  376.02 
2025-10-01 17:09:01,320 -    INFO - Steps=       677 Epot=    -183.029 Ekin=       1.401 temperature=  387.12 
2025-10-01 17:09:01,334 -    INFO - Steps=       678 Epot=    -183.056 Ekin=       1.446 temperature=  399.66 
2025-10-01 17:09:01,350 -    INFO - Steps=       679 Epot=    -183.083 Ekin=       1.456 temperature=  402.20 
2025-10-01 17:09:01,365 -    INFO - Steps=       680 Epot=    -183.111 Ekin=       1.505 temperature=  415.85 
2025-10-01 17:09:01,380 -    INFO - Steps=       681 Epot=    -183.139 Ekin=       1.476 temperature=  407.86 
2025-10-01 17:09:01,397 -    INFO - Steps=       682 Epot=    -183.166 Ekin=       1.491 temperature=  411.83 
2025-10-01 17:09:01,419 -    INFO - Steps=       683 Epot=    -183.192 Ekin=       1.490 temperature=  411.81 
2025-10-01 17:09:01,436 -    INFO - Steps=       684 Epot=    -183.215 Ekin=       1.514 temperature=  418.25 
2025-10-01 17:09:01,458 -    INFO - Steps=       685 Epot=    -183.234 Ekin=       1.527 temperature=  421.93 
2025-10-01 17:09:01,479 -    INFO - Steps=       686 Epot=    -183.248 Ekin=       1.569 temperature=  433.44 
2025-10-01 17:09:01,498 -    INFO - Steps=       687 Epot=    -183.256 Ekin=       1.519 temperature=  419.83 
2025-10-01 17:09:01,517 -    INFO - Steps=       688 Epot=    -183.258 Ekin=       1.527 temperature=  421.79 
2025-10-01 17:09:01,535 -    INFO - Steps=       689 Epot=    -183.256 Ekin=       1.499 temperature=  414.23 
2025-10-01 17:09:01,550 -    INFO - Steps=       690 Epot=    -183.248 Ekin=       1.473 temperature=  407.03 
2025-10-01 17:09:01,569 -    INFO - Steps=       691 Epot=    -183.236 Ekin=       1.438 temperature=  397.33 
2025-10-01 17:09:01,587 -    INFO - Steps=       692 Epot=    -183.219 Ekin=       1.475 temperature=  407.62 
2025-10-01 17:09:01,613 -    INFO - Steps=       693 Epot=    -183.199 Ekin=       1.499 temperature=  414.24 
2025-10-01 17:09:01,631 -    INFO - Steps=       694 Epot=    -183.176 Ekin=       1.480 temperature=  408.89 
2025-10-01 17:09:01,648 -    INFO - Steps=       695 Epot=    -183.150 Ekin=       1.437 temperature=  397.00 
2025-10-01 17:09:01,667 -    INFO - Steps=       696 Epot=    -183.121 Ekin=       1.439 temperature=  397.64 
2025-10-01 17:09:01,684 -    INFO - Steps=       697 Epot=    -183.089 Ekin=       1.415 temperature=  390.88 
2025-10-01 17:09:01,703 -    INFO - Steps=       698 Epot=    -183.056 Ekin=       1.417 temperature=  391.55 
2025-10-01 17:09:01,727 -    INFO - Steps=       699 Epot=    -183.022 Ekin=       1.385 temperature=  382.57 
2025-10-01 17:09:01,756 -    INFO - Steps=       700 Epot=    -182.989 Ekin=       1.372 temperature=  378.95 
2025-10-01 17:09:01,774 -    INFO - Steps=       701 Epot=    -182.957 Ekin=       1.292 temperature=  356.89 
2025-10-01 17:09:01,796 -    INFO - Steps=       702 Epot=    -182.927 Ekin=       1.295 temperature=  357.78 
2025-10-01 17:09:01,814 -    INFO - Steps=       703 Epot=    -182.900 Ekin=       1.298 temperature=  358.64 
2025-10-01 17:09:01,832 -    INFO - Steps=       704 Epot=    -182.877 Ekin=       1.253 temperature=  346.29 
2025-10-01 17:09:01,850 -    INFO - Steps=       705 Epot=    -182.858 Ekin=       1.247 temperature=  344.65 
2025-10-01 17:09:01,866 -    INFO - Steps=       706 Epot=    -182.845 Ekin=       1.242 temperature=  343.12 
2025-10-01 17:09:01,891 -    INFO - Steps=       707 Epot=    -182.838 Ekin=       1.290 temperature=  356.42 
2025-10-01 17:09:01,907 -    INFO - Steps=       708 Epot=    -182.834 Ekin=       1.257 temperature=  347.42 
2025-10-01 17:09:01,924 -    INFO - Steps=       709 Epot=    -182.835 Ekin=       1.236 temperature=  341.63 
2025-10-01 17:09:01,945 -    INFO - Steps=       710 Epot=    -182.842 Ekin=       1.269 temperature=  350.76 
2025-10-01 17:09:01,963 -    INFO - Steps=       711 Epot=    -182.855 Ekin=       1.306 temperature=  360.85 
2025-10-01 17:09:01,986 -    INFO - Steps=       712 Epot=    -182.871 Ekin=       1.323 temperature=  365.57 
2025-10-01 17:09:02,001 -    INFO - Steps=       713 Epot=    -182.890 Ekin=       1.322 temperature=  365.26 
2025-10-01 17:09:02,019 -    INFO - Steps=       714 Epot=    -182.908 Ekin=       1.336 temperature=  369.07 
2025-10-01 17:09:02,040 -    INFO - Steps=       715 Epot=    -182.929 Ekin=       1.346 temperature=  371.86 
2025-10-01 17:09:02,054 -    INFO - Steps=       716 Epot=    -182.951 Ekin=       1.339 temperature=  369.88 
2025-10-01 17:09:02,074 -    INFO - Steps=       717 Epot=    -182.974 Ekin=       1.338 temperature=  369.76 
2025-10-01 17:09:02,096 -    INFO - Steps=       718 Epot=    -182.995 Ekin=       1.350 temperature=  372.92 
2025-10-01 17:09:02,112 -    INFO - Steps=       719 Epot=    -183.014 Ekin=       1.371 temperature=  378.68 
2025-10-01 17:09:02,132 -    INFO - Steps=       720 Epot=    -183.033 Ekin=       1.391 temperature=  384.44 
2025-10-01 17:09:02,149 -    INFO - Steps=       721 Epot=    -183.050 Ekin=       1.409 temperature=  389.33 
2025-10-01 17:09:02,167 -    INFO - Steps=       722 Epot=    -183.064 Ekin=       1.369 temperature=  378.31 
2025-10-01 17:09:02,186 -    INFO - Steps=       723 Epot=    -183.075 Ekin=       1.384 temperature=  382.46 
2025-10-01 17:09:02,205 -    INFO - Steps=       724 Epot=    -183.082 Ekin=       1.435 temperature=  396.47 
2025-10-01 17:09:02,227 -    INFO - Steps=       725 Epot=    -183.084 Ekin=       1.455 temperature=  402.02 
2025-10-01 17:09:02,243 -    INFO - Steps=       726 Epot=    -183.081 Ekin=       1.434 temperature=  396.31 
2025-10-01 17:09:02,261 -    INFO - Steps=       727 Epot=    -183.074 Ekin=       1.438 temperature=  397.21 
2025-10-01 17:09:02,281 -    INFO - Steps=       728 Epot=    -183.062 Ekin=       1.430 temperature=  395.12 
2025-10-01 17:09:02,295 -    INFO - Steps=       729 Epot=    -183.046 Ekin=       1.401 temperature=  387.04 
2025-10-01 17:09:02,316 -    INFO - Steps=       730 Epot=    -183.027 Ekin=       1.414 temperature=  390.58 
2025-10-01 17:09:02,333 -    INFO - Steps=       731 Epot=    -183.005 Ekin=       1.374 temperature=  379.58 
2025-10-01 17:09:02,352 -    INFO - Steps=       732 Epot=    -182.982 Ekin=       1.333 temperature=  368.35 
2025-10-01 17:09:02,372 -    INFO - Steps=       733 Epot=    -182.956 Ekin=       1.322 temperature=  365.38 
2025-10-01 17:09:02,387 -    INFO - Steps=       734 Epot=    -182.928 Ekin=       1.303 temperature=  359.93 
2025-10-01 17:09:02,405 -    INFO - Steps=       735 Epot=    -182.899 Ekin=       1.301 temperature=  359.42 
2025-10-01 17:09:02,427 -    INFO - Steps=       736 Epot=    -182.874 Ekin=       1.293 temperature=  357.21 
2025-10-01 17:09:02,453 -    INFO - Steps=       737 Epot=    -182.850 Ekin=       1.258 temperature=  347.68 
2025-10-01 17:09:02,470 -    INFO - Steps=       738 Epot=    -182.828 Ekin=       1.245 temperature=  344.05 
2025-10-01 17:09:02,484 -    INFO - Steps=       739 Epot=    -182.808 Ekin=       1.236 temperature=  341.52 
2025-10-01 17:09:02,507 -    INFO - Steps=       740 Epot=    -182.791 Ekin=       1.209 temperature=  334.11 
2025-10-01 17:09:02,523 -    INFO - Steps=       741 Epot=    -182.774 Ekin=       1.191 temperature=  329.06 
2025-10-01 17:09:02,541 -    INFO - Steps=       742 Epot=    -182.759 Ekin=       1.193 temperature=  329.75 
2025-10-01 17:09:02,562 -    INFO - Steps=       743 Epot=    -182.748 Ekin=       1.188 temperature=  328.32 
2025-10-01 17:09:02,577 -    INFO - Steps=       744 Epot=    -182.741 Ekin=       1.174 temperature=  324.32 
2025-10-01 17:09:02,597 -    INFO - Steps=       745 Epot=    -182.737 Ekin=       1.224 temperature=  338.13 
2025-10-01 17:09:02,613 -    INFO - Steps=       746 Epot=    -182.736 Ekin=       1.186 temperature=  327.56 
2025-10-01 17:09:02,628 -    INFO - Steps=       747 Epot=    -182.739 Ekin=       1.202 temperature=  332.02 
2025-10-01 17:09:02,650 -    INFO - Steps=       748 Epot=    -182.744 Ekin=       1.228 temperature=  339.34 
2025-10-01 17:09:02,666 -    INFO - Steps=       749 Epot=    -182.749 Ekin=       1.199 temperature=  331.30 
2025-10-01 17:09:02,684 -    INFO - Steps=       750 Epot=    -182.754 Ekin=       1.218 temperature=  336.64 
2025-10-01 17:09:02,704 -    INFO - Steps=       751 Epot=    -182.760 Ekin=       1.214 temperature=  335.51 
2025-10-01 17:09:02,719 -    INFO - Steps=       752 Epot=    -182.766 Ekin=       1.211 temperature=  334.62 
2025-10-01 17:09:02,736 -    INFO - Steps=       753 Epot=    -182.772 Ekin=       1.241 temperature=  342.75 
2025-10-01 17:09:02,754 -    INFO - Steps=       754 Epot=    -182.776 Ekin=       1.231 temperature=  340.23 
2025-10-01 17:09:02,773 -    INFO - Steps=       755 Epot=    -182.780 Ekin=       1.251 temperature=  345.66 
2025-10-01 17:09:02,792 -    INFO - Steps=       756 Epot=    -182.782 Ekin=       1.301 temperature=  359.45 
2025-10-01 17:09:02,811 -    INFO - Steps=       757 Epot=    -182.784 Ekin=       1.286 temperature=  355.32 
2025-10-01 17:09:02,826 -    INFO - Steps=       758 Epot=    -182.788 Ekin=       1.253 temperature=  346.17 
2025-10-01 17:09:02,848 -    INFO - Steps=       759 Epot=    -182.791 Ekin=       1.242 temperature=  343.22 
2025-10-01 17:09:02,866 -    INFO - Steps=       760 Epot=    -182.796 Ekin=       1.269 temperature=  350.70 
2025-10-01 17:09:02,886 -    INFO - Steps=       761 Epot=    -182.801 Ekin=       1.279 temperature=  353.40 
2025-10-01 17:09:02,905 -    INFO - Steps=       762 Epot=    -182.804 Ekin=       1.275 temperature=  352.21 
2025-10-01 17:09:02,923 -    INFO - Steps=       763 Epot=    -182.805 Ekin=       1.241 temperature=  342.75 
2025-10-01 17:09:02,943 -    INFO - Steps=       764 Epot=    -182.804 Ekin=       1.215 temperature=  335.74 
2025-10-01 17:09:02,961 -    INFO - Steps=       765 Epot=    -182.804 Ekin=       1.240 temperature=  342.65 
2025-10-01 17:09:02,981 -    INFO - Steps=       766 Epot=    -182.803 Ekin=       1.267 temperature=  349.96 
2025-10-01 17:09:02,999 -    INFO - Steps=       767 Epot=    -182.800 Ekin=       1.246 temperature=  344.34 
2025-10-01 17:09:03,015 -    INFO - Steps=       768 Epot=    -182.796 Ekin=       1.244 temperature=  343.73 
2025-10-01 17:09:03,035 -    INFO - Steps=       769 Epot=    -182.791 Ekin=       1.239 temperature=  342.34 
2025-10-01 17:09:03,056 -    INFO - Steps=       770 Epot=    -182.784 Ekin=       1.235 temperature=  341.24 
2025-10-01 17:09:03,075 -    INFO - Steps=       771 Epot=    -182.774 Ekin=       1.223 temperature=  337.99 
2025-10-01 17:09:03,093 -    INFO - Steps=       772 Epot=    -182.763 Ekin=       1.257 temperature=  347.27 
2025-10-01 17:09:03,114 -    INFO - Steps=       773 Epot=    -182.752 Ekin=       1.233 temperature=  340.57 
2025-10-01 17:09:03,135 -    INFO - Steps=       774 Epot=    -182.740 Ekin=       1.229 temperature=  339.50 
2025-10-01 17:09:03,153 -    INFO - Steps=       775 Epot=    -182.726 Ekin=       1.175 temperature=  324.55 
2025-10-01 17:09:03,174 -    INFO - Steps=       776 Epot=    -182.713 Ekin=       1.165 temperature=  321.91 
2025-10-01 17:09:03,191 -    INFO - Steps=       777 Epot=    -182.697 Ekin=       1.152 temperature=  318.34 
2025-10-01 17:09:03,210 -    INFO - Steps=       778 Epot=    -182.682 Ekin=       1.115 temperature=  307.94 
2025-10-01 17:09:03,230 -    INFO - Steps=       779 Epot=    -182.667 Ekin=       1.070 temperature=  295.61 
2025-10-01 17:09:03,247 -    INFO - Steps=       780 Epot=    -182.651 Ekin=       1.034 temperature=  285.68 
2025-10-01 17:09:03,269 -    INFO - Steps=       781 Epot=    -182.635 Ekin=       1.033 temperature=  285.54 
2025-10-01 17:09:03,284 -    INFO - Steps=       782 Epot=    -182.620 Ekin=       1.001 temperature=  276.67 
2025-10-01 17:09:03,305 -    INFO - Steps=       783 Epot=    -182.606 Ekin=       0.974 temperature=  269.16 
2025-10-01 17:09:03,330 -    INFO - Steps=       784 Epot=    -182.595 Ekin=       0.959 temperature=  265.07 
2025-10-01 17:09:03,350 -    INFO - Steps=       785 Epot=    -182.586 Ekin=       0.929 temperature=  256.80 
2025-10-01 17:09:03,370 -    INFO - Steps=       786 Epot=    -182.579 Ekin=       0.906 temperature=  250.33 
2025-10-01 17:09:03,385 -    INFO - Steps=       787 Epot=    -182.574 Ekin=       0.903 temperature=  249.57 
2025-10-01 17:09:03,407 -    INFO - Steps=       788 Epot=    -182.571 Ekin=       0.906 temperature=  250.34 
2025-10-01 17:09:03,425 -    INFO - Steps=       789 Epot=    -182.572 Ekin=       0.896 temperature=  247.53 
2025-10-01 17:09:03,446 -    INFO - Steps=       790 Epot=    -182.573 Ekin=       0.914 temperature=  252.62 
2025-10-01 17:09:03,464 -    INFO - Steps=       791 Epot=    -182.576 Ekin=       0.913 temperature=  252.16 
2025-10-01 17:09:03,484 -    INFO - Steps=       792 Epot=    -182.580 Ekin=       0.955 temperature=  263.77 
2025-10-01 17:09:03,502 -    INFO - Steps=       793 Epot=    -182.585 Ekin=       0.955 temperature=  263.96 
2025-10-01 17:09:03,521 -    INFO - Steps=       794 Epot=    -182.591 Ekin=       0.951 temperature=  262.62 
2025-10-01 17:09:03,541 -    INFO - Steps=       795 Epot=    -182.598 Ekin=       0.948 temperature=  261.83 
2025-10-01 17:09:03,559 -    INFO - Steps=       796 Epot=    -182.607 Ekin=       0.969 temperature=  267.67 
2025-10-01 17:09:03,575 -    INFO - Steps=       797 Epot=    -182.619 Ekin=       1.018 temperature=  281.36 
2025-10-01 17:09:03,595 -    INFO - Steps=       798 Epot=    -182.629 Ekin=       1.050 temperature=  290.02 
2025-10-01 17:09:03,613 -    INFO - Steps=       799 Epot=    -182.639 Ekin=       1.047 temperature=  289.31 
2025-10-01 17:09:03,644 -    INFO - Steps=       800 Epot=    -182.649 Ekin=       1.019 temperature=  281.42 
2025-10-01 17:09:03,664 -    INFO - Steps=       801 Epot=    -182.659 Ekin=       0.996 temperature=  275.26 
2025-10-01 17:09:03,680 -    INFO - Steps=       802 Epot=    -182.670 Ekin=       1.021 temperature=  282.05 
2025-10-01 17:09:03,693 -    INFO - Steps=       803 Epot=    -182.680 Ekin=       1.022 temperature=  282.31 
2025-10-01 17:09:03,712 -    INFO - Steps=       804 Epot=    -182.689 Ekin=       1.046 temperature=  289.05 
2025-10-01 17:09:03,727 -    INFO - Steps=       805 Epot=    -182.697 Ekin=       1.035 temperature=  285.90 
2025-10-01 17:09:03,750 -    INFO - Steps=       806 Epot=    -182.704 Ekin=       1.029 temperature=  284.23 
2025-10-01 17:09:03,770 -    INFO - Steps=       807 Epot=    -182.710 Ekin=       1.049 temperature=  289.95 
2025-10-01 17:09:03,786 -    INFO - Steps=       808 Epot=    -182.715 Ekin=       1.053 temperature=  291.03 
2025-10-01 17:09:03,808 -    INFO - Steps=       809 Epot=    -182.721 Ekin=       1.070 temperature=  295.52 
2025-10-01 17:09:03,822 -    INFO - Steps=       810 Epot=    -182.725 Ekin=       1.031 temperature=  284.81 
2025-10-01 17:09:03,840 -    INFO - Steps=       811 Epot=    -182.728 Ekin=       1.093 temperature=  302.08 
2025-10-01 17:09:03,858 -    INFO - Steps=       812 Epot=    -182.731 Ekin=       1.097 temperature=  303.21 
2025-10-01 17:09:03,874 -    INFO - Steps=       813 Epot=    -182.733 Ekin=       1.065 temperature=  294.16 
2025-10-01 17:09:03,895 -    INFO - Steps=       814 Epot=    -182.735 Ekin=       1.016 temperature=  280.66 
2025-10-01 17:09:03,912 -    INFO - Steps=       815 Epot=    -182.736 Ekin=       0.992 temperature=  273.96 
2025-10-01 17:09:03,929 -    INFO - Steps=       816 Epot=    -182.736 Ekin=       0.967 temperature=  267.19 
2025-10-01 17:09:03,948 -    INFO - Steps=       817 Epot=    -182.737 Ekin=       0.980 temperature=  270.70 
2025-10-01 17:09:03,967 -    INFO - Steps=       818 Epot=    -182.738 Ekin=       0.986 temperature=  272.52 
2025-10-01 17:09:03,985 -    INFO - Steps=       819 Epot=    -182.740 Ekin=       0.985 temperature=  272.21 
2025-10-01 17:09:04,002 -    INFO - Steps=       820 Epot=    -182.744 Ekin=       1.015 temperature=  280.48 
2025-10-01 17:09:04,020 -    INFO - Steps=       821 Epot=    -182.749 Ekin=       1.023 temperature=  282.60 
2025-10-01 17:09:04,040 -    INFO - Steps=       822 Epot=    -182.757 Ekin=       1.049 temperature=  289.83 
2025-10-01 17:09:04,055 -    INFO - Steps=       823 Epot=    -182.766 Ekin=       1.031 temperature=  284.79 
2025-10-01 17:09:04,070 -    INFO - Steps=       824 Epot=    -182.776 Ekin=       1.034 temperature=  285.65 
2025-10-01 17:09:04,090 -    INFO - Steps=       825 Epot=    -182.788 Ekin=       1.031 temperature=  284.86 
2025-10-01 17:09:04,106 -    INFO - Steps=       826 Epot=    -182.801 Ekin=       1.028 temperature=  284.14 
2025-10-01 17:09:04,127 -    INFO - Steps=       827 Epot=    -182.816 Ekin=       1.080 temperature=  298.33 
2025-10-01 17:09:04,147 -    INFO - Steps=       828 Epot=    -182.831 Ekin=       1.137 temperature=  314.03 
2025-10-01 17:09:04,166 -    INFO - Steps=       829 Epot=    -182.846 Ekin=       1.132 temperature=  312.85 
2025-10-01 17:09:04,186 -    INFO - Steps=       830 Epot=    -182.862 Ekin=       1.168 temperature=  322.72 
2025-10-01 17:09:04,200 -    INFO - Steps=       831 Epot=    -182.877 Ekin=       1.141 temperature=  315.17 
2025-10-01 17:09:04,217 -    INFO - Steps=       832 Epot=    -182.894 Ekin=       1.214 temperature=  335.49 
2025-10-01 17:09:04,237 -    INFO - Steps=       833 Epot=    -182.911 Ekin=       1.242 temperature=  343.11 
2025-10-01 17:09:04,256 -    INFO - Steps=       834 Epot=    -182.928 Ekin=       1.225 temperature=  338.55 
2025-10-01 17:09:04,275 -    INFO - Steps=       835 Epot=    -182.945 Ekin=       1.231 temperature=  340.00 
2025-10-01 17:09:04,293 -    INFO - Steps=       836 Epot=    -182.962 Ekin=       1.252 temperature=  345.92 
2025-10-01 17:09:04,313 -    INFO - Steps=       837 Epot=    -182.977 Ekin=       1.255 temperature=  346.80 
2025-10-01 17:09:04,332 -    INFO - Steps=       838 Epot=    -182.991 Ekin=       1.245 temperature=  344.02 
2025-10-01 17:09:04,352 -    INFO - Steps=       839 Epot=    -183.006 Ekin=       1.217 temperature=  336.12 
2025-10-01 17:09:04,373 -    INFO - Steps=       840 Epot=    -183.019 Ekin=       1.205 temperature=  332.99 
2025-10-01 17:09:04,388 -    INFO - Steps=       841 Epot=    -183.030 Ekin=       1.190 temperature=  328.74 
2025-10-01 17:09:04,406 -    INFO - Steps=       842 Epot=    -183.042 Ekin=       1.239 temperature=  342.24 
2025-10-01 17:09:04,425 -    INFO - Steps=       843 Epot=    -183.054 Ekin=       1.264 temperature=  349.36 
2025-10-01 17:09:04,439 -    INFO - Steps=       844 Epot=    -183.065 Ekin=       1.312 temperature=  362.62 
2025-10-01 17:09:04,458 -    INFO - Steps=       845 Epot=    -183.076 Ekin=       1.307 temperature=  361.02 
2025-10-01 17:09:04,476 -    INFO - Steps=       846 Epot=    -183.085 Ekin=       1.324 temperature=  365.94 
2025-10-01 17:09:04,497 -    INFO - Steps=       847 Epot=    -183.094 Ekin=       1.329 temperature=  367.16 
2025-10-01 17:09:04,516 -    INFO - Steps=       848 Epot=    -183.101 Ekin=       1.323 temperature=  365.50 
2025-10-01 17:09:04,531 -    INFO - Steps=       849 Epot=    -183.106 Ekin=       1.372 temperature=  378.99 
2025-10-01 17:09:04,548 -    INFO - Steps=       850 Epot=    -183.109 Ekin=       1.408 temperature=  389.08 
2025-10-01 17:09:04,566 -    INFO - Steps=       851 Epot=    -183.111 Ekin=       1.422 temperature=  392.83 
2025-10-01 17:09:04,584 -    INFO - Steps=       852 Epot=    -183.110 Ekin=       1.416 temperature=  391.22 
2025-10-01 17:09:04,606 -    INFO - Steps=       853 Epot=    -183.107 Ekin=       1.386 temperature=  382.96 
2025-10-01 17:09:04,625 -    INFO - Steps=       854 Epot=    -183.103 Ekin=       1.365 temperature=  377.03 
2025-10-01 17:09:04,643 -    INFO - Steps=       855 Epot=    -183.097 Ekin=       1.289 temperature=  356.25 
2025-10-01 17:09:04,664 -    INFO - Steps=       856 Epot=    -183.090 Ekin=       1.289 temperature=  356.17 
2025-10-01 17:09:04,684 -    INFO - Steps=       857 Epot=    -183.082 Ekin=       1.270 temperature=  350.96 
2025-10-01 17:09:04,703 -    INFO - Steps=       858 Epot=    -183.073 Ekin=       1.313 temperature=  362.90 
2025-10-01 17:09:04,720 -    INFO - Steps=       859 Epot=    -183.065 Ekin=       1.298 temperature=  358.60 
2025-10-01 17:09:04,737 -    INFO - Steps=       860 Epot=    -183.056 Ekin=       1.312 temperature=  362.51 
2025-10-01 17:09:04,757 -    INFO - Steps=       861 Epot=    -183.047 Ekin=       1.243 temperature=  343.54 
2025-10-01 17:09:04,772 -    INFO - Steps=       862 Epot=    -183.037 Ekin=       1.248 temperature=  344.94 
2025-10-01 17:09:04,791 -    INFO - Steps=       863 Epot=    -183.026 Ekin=       1.241 temperature=  342.88 
2025-10-01 17:09:04,810 -    INFO - Steps=       864 Epot=    -183.014 Ekin=       1.250 temperature=  345.44 
2025-10-01 17:09:04,825 -    INFO - Steps=       865 Epot=    -183.002 Ekin=       1.246 temperature=  344.38 
2025-10-01 17:09:04,846 -    INFO - Steps=       866 Epot=    -182.989 Ekin=       1.272 temperature=  351.57 
2025-10-01 17:09:04,865 -    INFO - Steps=       867 Epot=    -182.974 Ekin=       1.246 temperature=  344.32 
2025-10-01 17:09:04,881 -    INFO - Steps=       868 Epot=    -182.958 Ekin=       1.250 temperature=  345.29 
2025-10-01 17:09:04,900 -    INFO - Steps=       869 Epot=    -182.941 Ekin=       1.212 temperature=  334.93 
2025-10-01 17:09:04,915 -    INFO - Steps=       870 Epot=    -182.925 Ekin=       1.192 temperature=  329.36 
2025-10-01 17:09:04,933 -    INFO - Steps=       871 Epot=    -182.909 Ekin=       1.163 temperature=  321.46 
2025-10-01 17:09:04,953 -    INFO - Steps=       872 Epot=    -182.897 Ekin=       1.189 temperature=  328.44 
2025-10-01 17:09:04,971 -    INFO - Steps=       873 Epot=    -182.888 Ekin=       1.194 temperature=  329.95 
2025-10-01 17:09:04,987 -    INFO - Steps=       874 Epot=    -182.880 Ekin=       1.186 temperature=  327.79 
2025-10-01 17:09:05,005 -    INFO - Steps=       875 Epot=    -182.874 Ekin=       1.183 temperature=  326.89 
2025-10-01 17:09:05,022 -    INFO - Steps=       876 Epot=    -182.870 Ekin=       1.154 temperature=  318.78 
2025-10-01 17:09:05,039 -    INFO - Steps=       877 Epot=    -182.869 Ekin=       1.135 temperature=  313.46 
2025-10-01 17:09:05,058 -    INFO - Steps=       878 Epot=    -182.869 Ekin=       1.119 temperature=  309.18 
2025-10-01 17:09:05,074 -    INFO - Steps=       879 Epot=    -182.872 Ekin=       1.135 temperature=  313.62 
2025-10-01 17:09:05,092 -    INFO - Steps=       880 Epot=    -182.877 Ekin=       1.113 temperature=  307.46 
2025-10-01 17:09:05,111 -    INFO - Steps=       881 Epot=    -182.882 Ekin=       1.069 temperature=  295.28 
2025-10-01 17:09:05,125 -    INFO - Steps=       882 Epot=    -182.889 Ekin=       1.060 temperature=  293.01 
2025-10-01 17:09:05,146 -    INFO - Steps=       883 Epot=    -182.897 Ekin=       1.068 temperature=  294.98 
2025-10-01 17:09:05,162 -    INFO - Steps=       884 Epot=    -182.907 Ekin=       1.123 temperature=  310.34 
2025-10-01 17:09:05,181 -    INFO - Steps=       885 Epot=    -182.919 Ekin=       1.132 temperature=  312.90 
2025-10-01 17:09:05,200 -    INFO - Steps=       886 Epot=    -182.930 Ekin=       1.151 temperature=  318.12 
2025-10-01 17:09:05,222 -    INFO - Steps=       887 Epot=    -182.940 Ekin=       1.166 temperature=  322.10 
2025-10-01 17:09:05,240 -    INFO - Steps=       888 Epot=    -182.948 Ekin=       1.137 temperature=  314.23 
2025-10-01 17:09:05,258 -    INFO - Steps=       889 Epot=    -182.954 Ekin=       1.164 temperature=  321.66 
2025-10-01 17:09:05,273 -    INFO - Steps=       890 Epot=    -182.957 Ekin=       1.164 temperature=  321.72 
2025-10-01 17:09:05,294 -    INFO - Steps=       891 Epot=    -182.957 Ekin=       1.100 temperature=  303.91 
2025-10-01 17:09:05,313 -    INFO - Steps=       892 Epot=    -182.955 Ekin=       1.076 temperature=  297.21 
2025-10-01 17:09:05,330 -    INFO - Steps=       893 Epot=    -182.952 Ekin=       1.067 temperature=  294.85 
2025-10-01 17:09:05,350 -    INFO - Steps=       894 Epot=    -182.949 Ekin=       1.081 temperature=  298.67 
2025-10-01 17:09:05,370 -    INFO - Steps=       895 Epot=    -182.945 Ekin=       1.063 temperature=  293.70 
2025-10-01 17:09:05,387 -    INFO - Steps=       896 Epot=    -182.941 Ekin=       1.058 temperature=  292.30 
2025-10-01 17:09:05,405 -    INFO - Steps=       897 Epot=    -182.938 Ekin=       1.038 temperature=  286.90 
2025-10-01 17:09:05,422 -    INFO - Steps=       898 Epot=    -182.936 Ekin=       0.997 temperature=  275.34 
2025-10-01 17:09:05,443 -    INFO - Steps=       899 Epot=    -182.934 Ekin=       0.987 temperature=  272.70 
2025-10-01 17:09:05,460 -    INFO - Steps=       900 Epot=    -182.933 Ekin=       0.971 temperature=  268.35 
2025-10-01 17:09:05,474 -    INFO - Steps=       901 Epot=    -182.934 Ekin=       0.959 temperature=  264.85 
2025-10-01 17:09:05,495 -    INFO - Steps=       902 Epot=    -182.937 Ekin=       0.966 temperature=  266.99 
2025-10-01 17:09:05,514 -    INFO - Steps=       903 Epot=    -182.943 Ekin=       0.960 temperature=  265.30 
2025-10-01 17:09:05,533 -    INFO - Steps=       904 Epot=    -182.948 Ekin=       0.926 temperature=  255.95 
2025-10-01 17:09:05,554 -    INFO - Steps=       905 Epot=    -182.953 Ekin=       0.900 temperature=  248.64 
2025-10-01 17:09:05,570 -    INFO - Steps=       906 Epot=    -182.960 Ekin=       0.877 temperature=  242.22 
2025-10-01 17:09:05,589 -    INFO - Steps=       907 Epot=    -182.969 Ekin=       0.864 temperature=  238.61 
2025-10-01 17:09:05,608 -    INFO - Steps=       908 Epot=    -182.979 Ekin=       0.912 temperature=  251.93 
2025-10-01 17:09:05,627 -    INFO - Steps=       909 Epot=    -182.989 Ekin=       0.916 temperature=  253.13 
2025-10-01 17:09:05,649 -    INFO - Steps=       910 Epot=    -182.999 Ekin=       0.933 temperature=  257.73 
2025-10-01 17:09:05,666 -    INFO - Steps=       911 Epot=    -183.009 Ekin=       0.923 temperature=  255.13 
2025-10-01 17:09:05,687 -    INFO - Steps=       912 Epot=    -183.018 Ekin=       0.947 temperature=  261.74 
2025-10-01 17:09:05,704 -    INFO - Steps=       913 Epot=    -183.029 Ekin=       0.935 temperature=  258.29 
2025-10-01 17:09:05,719 -    INFO - Steps=       914 Epot=    -183.041 Ekin=       0.922 temperature=  254.71 
2025-10-01 17:09:05,739 -    INFO - Steps=       915 Epot=    -183.054 Ekin=       0.944 temperature=  260.80 
2025-10-01 17:09:05,758 -    INFO - Steps=       916 Epot=    -183.069 Ekin=       0.957 temperature=  264.55 
2025-10-01 17:09:05,773 -    INFO - Steps=       917 Epot=    -183.085 Ekin=       0.961 temperature=  265.41 
2025-10-01 17:09:05,795 -    INFO - Steps=       918 Epot=    -183.101 Ekin=       0.958 temperature=  264.74 
2025-10-01 17:09:05,818 -    INFO - Steps=       919 Epot=    -183.116 Ekin=       0.935 temperature=  258.29 
2025-10-01 17:09:05,836 -    INFO - Steps=       920 Epot=    -183.130 Ekin=       0.967 temperature=  267.05 
2025-10-01 17:09:05,858 -    INFO - Steps=       921 Epot=    -183.145 Ekin=       1.006 temperature=  278.02 
2025-10-01 17:09:05,873 -    INFO - Steps=       922 Epot=    -183.158 Ekin=       1.026 temperature=  283.42 
2025-10-01 17:09:05,892 -    INFO - Steps=       923 Epot=    -183.170 Ekin=       1.052 temperature=  290.61 
2025-10-01 17:09:05,910 -    INFO - Steps=       924 Epot=    -183.182 Ekin=       1.039 temperature=  287.13 
2025-10-01 17:09:05,927 -    INFO - Steps=       925 Epot=    -183.192 Ekin=       1.053 temperature=  290.82 
2025-10-01 17:09:05,948 -    INFO - Steps=       926 Epot=    -183.202 Ekin=       1.059 temperature=  292.62 
2025-10-01 17:09:05,966 -    INFO - Steps=       927 Epot=    -183.212 Ekin=       1.060 temperature=  292.77 
2025-10-01 17:09:05,989 -    INFO - Steps=       928 Epot=    -183.221 Ekin=       1.063 temperature=  293.68 
2025-10-01 17:09:06,008 -    INFO - Steps=       929 Epot=    -183.228 Ekin=       1.048 temperature=  289.70 
2025-10-01 17:09:06,025 -    INFO - Steps=       930 Epot=    -183.234 Ekin=       1.105 temperature=  305.35 
2025-10-01 17:09:06,045 -    INFO - Steps=       931 Epot=    -183.239 Ekin=       1.129 temperature=  311.84 
2025-10-01 17:09:06,063 -    INFO - Steps=       932 Epot=    -183.243 Ekin=       1.145 temperature=  316.40 
2025-10-01 17:09:06,086 -    INFO - Steps=       933 Epot=    -183.246 Ekin=       1.157 temperature=  319.78 
2025-10-01 17:09:06,105 -    INFO - Steps=       934 Epot=    -183.247 Ekin=       1.171 temperature=  323.50 
2025-10-01 17:09:06,120 -    INFO - Steps=       935 Epot=    -183.245 Ekin=       1.194 temperature=  329.78 
2025-10-01 17:09:06,142 -    INFO - Steps=       936 Epot=    -183.241 Ekin=       1.169 temperature=  323.10 
2025-10-01 17:09:06,160 -    INFO - Steps=       937 Epot=    -183.237 Ekin=       1.151 temperature=  318.00 
2025-10-01 17:09:06,174 -    INFO - Steps=       938 Epot=    -183.230 Ekin=       1.168 temperature=  322.69 
2025-10-01 17:09:06,194 -    INFO - Steps=       939 Epot=    -183.221 Ekin=       1.161 temperature=  320.69 
2025-10-01 17:09:06,214 -    INFO - Steps=       940 Epot=    -183.211 Ekin=       1.158 temperature=  319.82 
2025-10-01 17:09:06,231 -    INFO - Steps=       941 Epot=    -183.200 Ekin=       1.122 temperature=  309.90 
2025-10-01 17:09:06,250 -    INFO - Steps=       942 Epot=    -183.191 Ekin=       1.125 temperature=  310.87 
2025-10-01 17:09:06,265 -    INFO - Steps=       943 Epot=    -183.182 Ekin=       1.132 temperature=  312.67 
2025-10-01 17:09:06,285 -    INFO - Steps=       944 Epot=    -183.174 Ekin=       1.156 temperature=  319.30 
2025-10-01 17:09:06,303 -    INFO - Steps=       945 Epot=    -183.167 Ekin=       1.159 temperature=  320.09 
2025-10-01 17:09:06,320 -    INFO - Steps=       946 Epot=    -183.160 Ekin=       1.165 temperature=  321.97 
2025-10-01 17:09:06,336 -    INFO - Steps=       947 Epot=    -183.155 Ekin=       1.113 temperature=  307.52 
2025-10-01 17:09:06,358 -    INFO - Steps=       948 Epot=    -183.152 Ekin=       1.088 temperature=  300.48 
2025-10-01 17:09:06,375 -    INFO - Steps=       949 Epot=    -183.150 Ekin=       1.093 temperature=  302.08 
2025-10-01 17:09:06,398 -    INFO - Steps=       950 Epot=    -183.150 Ekin=       1.100 temperature=  303.86 
2025-10-01 17:09:06,418 -    INFO - Steps=       951 Epot=    -183.151 Ekin=       1.104 temperature=  305.00 
2025-10-01 17:09:06,440 -    INFO - Steps=       952 Epot=    -183.152 Ekin=       1.098 temperature=  303.33 
2025-10-01 17:09:06,460 -    INFO - Steps=       953 Epot=    -183.154 Ekin=       1.081 temperature=  298.61 
2025-10-01 17:09:06,481 -    INFO - Steps=       954 Epot=    -183.156 Ekin=       1.081 temperature=  298.61 
2025-10-01 17:09:06,502 -    INFO - Steps=       955 Epot=    -183.159 Ekin=       1.048 temperature=  289.66 
2025-10-01 17:09:06,520 -    INFO - Steps=       956 Epot=    -183.161 Ekin=       1.037 temperature=  286.64 
2025-10-01 17:09:06,542 -    INFO - Steps=       957 Epot=    -183.163 Ekin=       1.004 temperature=  277.34 
2025-10-01 17:09:06,563 -    INFO - Steps=       958 Epot=    -183.163 Ekin=       1.007 temperature=  278.22 
2025-10-01 17:09:06,581 -    INFO - Steps=       959 Epot=    -183.163 Ekin=       1.049 temperature=  289.76 
2025-10-01 17:09:06,600 -    INFO - Steps=       960 Epot=    -183.162 Ekin=       1.054 temperature=  291.17 
2025-10-01 17:09:06,615 -    INFO - Steps=       961 Epot=    -183.159 Ekin=       1.078 temperature=  297.88 
2025-10-01 17:09:06,634 -    INFO - Steps=       962 Epot=    -183.155 Ekin=       1.076 temperature=  297.16 
2025-10-01 17:09:06,652 -    INFO - Steps=       963 Epot=    -183.150 Ekin=       1.070 temperature=  295.51 
2025-10-01 17:09:06,668 -    INFO - Steps=       964 Epot=    -183.144 Ekin=       1.041 temperature=  287.66 
2025-10-01 17:09:06,687 -    INFO - Steps=       965 Epot=    -183.135 Ekin=       1.011 temperature=  279.47 
2025-10-01 17:09:06,708 -    INFO - Steps=       966 Epot=    -183.123 Ekin=       1.030 temperature=  284.52 
2025-10-01 17:09:06,722 -    INFO - Steps=       967 Epot=    -183.110 Ekin=       1.038 temperature=  286.90 
2025-10-01 17:09:06,739 -    INFO - Steps=       968 Epot=    -183.096 Ekin=       1.033 temperature=  285.53 
2025-10-01 17:09:06,758 -    INFO - Steps=       969 Epot=    -183.081 Ekin=       1.002 temperature=  276.89 
2025-10-01 17:09:06,777 -    INFO - Steps=       970 Epot=    -183.066 Ekin=       0.988 temperature=  273.00 
2025-10-01 17:09:06,793 -    INFO - Steps=       971 Epot=    -183.050 Ekin=       0.961 temperature=  265.58 
2025-10-01 17:09:06,811 -    INFO - Steps=       972 Epot=    -183.033 Ekin=       0.949 temperature=  262.33 
2025-10-01 17:09:06,829 -    INFO - Steps=       973 Epot=    -183.014 Ekin=       0.940 temperature=  259.72 
2025-10-01 17:09:06,848 -    INFO - Steps=       974 Epot=    -182.994 Ekin=       0.956 temperature=  264.07 
2025-10-01 17:09:06,866 -    INFO - Steps=       975 Epot=    -182.973 Ekin=       0.919 temperature=  253.80 
2025-10-01 17:09:06,881 -    INFO - Steps=       976 Epot=    -182.952 Ekin=       0.906 temperature=  250.38 
2025-10-01 17:09:06,901 -    INFO - Steps=       977 Epot=    -182.931 Ekin=       0.914 temperature=  252.55 
2025-10-01 17:09:06,921 -    INFO - Steps=       978 Epot=    -182.909 Ekin=       0.906 temperature=  250.28 
2025-10-01 17:09:06,938 -    INFO - Steps=       979 Epot=    -182.887 Ekin=       0.893 temperature=  246.75 
2025-10-01 17:09:06,956 -    INFO - Steps=       980 Epot=    -182.867 Ekin=       0.871 temperature=  240.56 
2025-10-01 17:09:06,971 -    INFO - Steps=       981 Epot=    -182.850 Ekin=       0.843 temperature=  232.89 
2025-10-01 17:09:06,991 -    INFO - Steps=       982 Epot=    -182.836 Ekin=       0.830 temperature=  229.28 
2025-10-01 17:09:07,008 -    INFO - Steps=       983 Epot=    -182.826 Ekin=       0.811 temperature=  224.04 
2025-10-01 17:09:07,023 -    INFO - Steps=       984 Epot=    -182.819 Ekin=       0.780 temperature=  215.61 
2025-10-01 17:09:07,042 -    INFO - Steps=       985 Epot=    -182.816 Ekin=       0.759 temperature=  209.65 
2025-10-01 17:09:07,060 -    INFO - Steps=       986 Epot=    -182.818 Ekin=       0.770 temperature=  212.63 
2025-10-01 17:09:07,082 -    INFO - Steps=       987 Epot=    -182.823 Ekin=       0.782 temperature=  216.02 
2025-10-01 17:09:07,102 -    INFO - Steps=       988 Epot=    -182.831 Ekin=       0.786 temperature=  217.04 
2025-10-01 17:09:07,121 -    INFO - Steps=       989 Epot=    -182.842 Ekin=       0.763 temperature=  210.83 
2025-10-01 17:09:07,140 -    INFO - Steps=       990 Epot=    -182.857 Ekin=       0.761 temperature=  210.33 
2025-10-01 17:09:07,155 -    INFO - Steps=       991 Epot=    -182.872 Ekin=       0.807 temperature=  223.06 
2025-10-01 17:09:07,174 -    INFO - Steps=       992 Epot=    -182.888 Ekin=       0.854 temperature=  235.91 
2025-10-01 17:09:07,193 -    INFO - Steps=       993 Epot=    -182.906 Ekin=       0.882 temperature=  243.67 
2025-10-01 17:09:07,213 -    INFO - Steps=       994 Epot=    -182.924 Ekin=       0.903 temperature=  249.40 
2025-10-01 17:09:07,238 -    INFO - Steps=       995 Epot=    -182.942 Ekin=       0.927 temperature=  256.14 
2025-10-01 17:09:07,254 -    INFO - Steps=       996 Epot=    -182.960 Ekin=       0.935 temperature=  258.20 
2025-10-01 17:09:07,275 -    INFO - Steps=       997 Epot=    -182.976 Ekin=       0.965 temperature=  266.62 
2025-10-01 17:09:07,290 -    INFO - Steps=       998 Epot=    -182.992 Ekin=       0.957 temperature=  264.31 
2025-10-01 17:09:07,307 -    INFO - Steps=       999 Epot=    -183.006 Ekin=       0.955 temperature=  263.76 
2025-10-01 17:09:07,327 -    INFO - Steps=      1000 Epot=    -183.017 Ekin=       0.945 temperature=  261.11 
2025-10-01 17:09:07,345 -    INFO - Steps=      1001 Epot=    -183.028 Ekin=       0.920 temperature=  254.29 
