2025-11-20 16:41:37: Running on host: ca571a5a3664
2025-11-20 16:41:37: Seed with <4407>
2025-11-20 16:41:37: Instantiating datamodule <curator.data.AtomsDataModule> from dataset ../../../LiFePO4.traj
2025-11-20 16:41:37: Instantiating task <curator.model.LitNNP>
2025-11-20 16:41:37: Energy loss weight: 1 Forces loss weight: 100
2025-11-20 16:41:37: Instantiating model <class 'curator.model.base.NeuralNetworkPotential'> with GNN representation <class 'curator.model.painn.PainnModel'>
2025-11-20 16:41:37: Instantiating trainer <pytorch_lightning.Trainer>
2025-11-20 16:41:37: Using reference energies for elements: None.
2025-11-20 16:41:39: Forces will be scaled by forces_rms: 1.227.
2025-11-20 16:41:39: Atomwise model outputs will be normalized.
2025-11-20 16:41:39: Model output properties will be scaled by 1.227, shifted by -6.520.
2025-11-20 16:41:39: Using reference energies for elements: None.
NeuralNetworkPotential(
  (representation): PainnModel(
    (atom_embedding): Embedding(119, 128)
    (message_layers): ModuleList(
      (0-2): 3 x PainnMessage(
        (cutoff_fn): CosineCutoff()
        (radial_basis): SineBasis()
        (scalar_message_mlp): Sequential(
          (0): Linear(in_features=128, out_features=128, bias=True)
          (1): SiLU()
          (2): Linear(in_features=128, out_features=384, bias=True)
        )
        (filter_layer): Linear(in_features=20, out_features=384, bias=True)
      )
    )
    (update_layers): ModuleList(
      (0-2): 3 x PainnUpdate(
        (update_U): Linear(in_features=128, out_features=128, bias=True)
        (update_V): Linear(in_features=128, out_features=128, bias=True)
        (update_mlp): Sequential(
          (0): Linear(in_features=256, out_features=128, bias=True)
          (1): SiLU()
          (2): Linear(in_features=128, out_features=384, bias=True)
        )
      )
    )
    (readout_mlp): Sequential(
      (0): Linear(in_features=128, out_features=128, bias=True)
      (1): SiLU()
      (2): Linear(in_features=128, out_features=1, bias=True)
    )
  )
  (input_modules): ModuleList(
    (0): PairwiseDistance(compute_neighbor_list=True, compute_distance_from_R=False, compute_forces=True)
  )
  (output_modules): CallbackModuleList(
    (0): AtomwiseReduce()
    (1): GradientOutput(grad_on_edge_diff=True, grad_on_positions=False, model_outputs=['energy', 'forces', 'virial'])
    (2): GlobalRescaleShift(scale_by=tensor([1.2271]), shift_by=tensor([-6.5201]), shift_by_E0=False, atomic_energies={}, scale_keys=['energy', 'forces'], shift_keys=['energy'], atomwise_normalization=True)
  )
)
2025-11-20 16:41:39: Model parameters: 600,577


2025-11-20 16:41:40: Validating
# epoch      batch      total_loss     energy_loss     forces_loss      energy_mae     energy_rmse      forces_mae     forces_rmse
      0          0            88.6            8.08            80.5            3.37            3.49           0.666             1.1
      0         10            94.7            8.02            86.7            3.42            3.48           0.693            1.14
      0         20             137            6.48             130            2.86            3.12           0.834             1.4


2025-11-20 16:41:42: Epoch summary:
Validation  # epoch      total_loss     energy_loss     forces_loss      energy_mae     energy_rmse      forces_mae     forces_rmse
                  0             104            7.43            96.9             3.2            3.34           0.732             1.2


2025-11-20 16:41:42: Start training model
LightningAdamW (
Parameter Group 0
    amsgrad: False
    betas: [0.9, 0.999]
    capturable: False
    decoupled_weight_decay: True
    differentiable: False
    eps: 1e-08
    foreach: None
    fused: None
    lr: 0.0005
    maximize: False
    weight_decay: 0.01
)


2025-11-20 16:41:42: Training
# epoch      batch      total_loss     energy_loss     forces_loss      energy_mae     energy_rmse      forces_mae     forces_rmse
      0          0            83.2            8.12            75.1            3.45             3.5           0.676            1.06
      0         10            20.6            0.46            20.1            0.72           0.832            0.38           0.551
      0         20            14.8            1.04            13.7            1.24            1.25           0.343           0.455
      0         30            11.4           0.138            11.3           0.396           0.455             0.3           0.412
      0         40               7          0.0923            6.91           0.359           0.373           0.229           0.323
      0         50            5.36           0.197            5.16           0.532           0.544           0.206           0.279
      0         60            3.11           0.153            2.96           0.473           0.481           0.155           0.211
      0         70            2.79           0.403            2.38           0.773           0.779           0.144           0.189
      0         80            3.23           0.194            3.04           0.526            0.54           0.151           0.214
      0         90            2.46            0.31            2.15           0.679           0.684           0.133            0.18
      0        100            2.27            0.32            1.95           0.689           0.694           0.126           0.172
      0        110            1.82           0.155            1.66            0.48           0.483           0.118           0.158


2025-11-20 16:41:53: Validating
# epoch      batch      total_loss     energy_loss     forces_loss      energy_mae     energy_rmse      forces_mae     forces_rmse
      0          0            1.37           0.004            1.37           0.068          0.0777           0.109           0.143
      0         10            1.25         0.00265            1.25          0.0492          0.0631           0.105           0.137
      0         20            1.86          0.0108            1.85          0.0899           0.127           0.123           0.167


2025-11-20 16:41:54: Epoch summary:
Validation  # epoch      total_loss     energy_loss     forces_loss      energy_mae     energy_rmse      forces_mae     forces_rmse
                  0            1.57         0.00445            1.56           0.059          0.0782           0.111           0.152
Train       # epoch      total_loss     energy_loss     forces_loss      energy_mae     energy_rmse      forces_mae     forces_rmse
                  0            11.7            1.42            10.3           0.969           0.996            0.24            0.34


2025-11-20 16:41:54: Training
# epoch      batch      total_loss     energy_loss     forces_loss      energy_mae     energy_rmse      forces_mae     forces_rmse
      1          0            1.87            0.13            1.74           0.429           0.442           0.117           0.162
      1         10            2.14          0.0489            2.09           0.258           0.271           0.131           0.178
      1         20             1.6           0.104            1.49           0.385           0.396           0.108            0.15
      1         30            1.58          0.0623            1.52           0.294           0.306            0.11           0.151
      1         40            1.41          0.0233            1.38           0.174           0.187           0.104           0.144
      1         50            1.58          0.0158            1.56           0.136           0.154           0.111           0.153
      1         60            1.57          0.0736             1.5           0.328           0.333           0.113            0.15
      1         70            1.32          0.0968            1.22           0.377           0.382           0.104           0.136
      1         80           0.626          0.0564           0.569           0.288           0.291          0.0689          0.0926
      1         90             1.9          0.0221            1.88           0.169           0.182            0.13           0.168
      1        100            1.16           0.391           0.771           0.767           0.768          0.0792           0.108
      1        110           0.979           0.245           0.735           0.605           0.607          0.0762           0.105


2025-11-20 16:42:06: Validating
# epoch      batch      total_loss     energy_loss     forces_loss      energy_mae     energy_rmse      forces_mae     forces_rmse
      1          0           0.647         0.00314           0.643          0.0559          0.0688          0.0729          0.0984
      1         10           0.583         0.00358           0.579          0.0659          0.0734          0.0717          0.0934
      1         20           0.823         0.00204           0.821           0.049          0.0554          0.0832           0.111


2025-11-20 16:42:07: Epoch summary:
Validation  # epoch      total_loss     energy_loss     forces_loss      energy_mae     energy_rmse      forces_mae     forces_rmse
                  1           0.687         0.00257           0.684           0.054          0.0615          0.0746           0.101
Train       # epoch      total_loss     energy_loss     forces_loss      energy_mae     energy_rmse      forces_mae     forces_rmse
                  1            1.51           0.173            1.34           0.374           0.383           0.104            0.14


2025-11-20 16:42:07: Training
# epoch      batch      total_loss     energy_loss     forces_loss      energy_mae     energy_rmse      forces_mae     forces_rmse
      2          0            1.52            0.48            1.04           0.849            0.85          0.0904           0.125
      2         10           0.685           0.119           0.566           0.423           0.424          0.0694          0.0923
      2         20           0.889           0.269            0.62           0.635           0.637          0.0726          0.0966
      2         30            0.98             0.3           0.681            0.67           0.672          0.0743           0.101
      2         40           0.904           0.284            0.62           0.653           0.654          0.0698          0.0966
      2         50           0.938           0.399           0.539           0.774           0.775          0.0679          0.0901
      2         60           0.895           0.337           0.558           0.711           0.712          0.0672          0.0916
      2         70           0.782             0.3           0.481           0.672           0.673           0.065          0.0851
      2         80           0.643           0.184           0.459           0.526           0.526          0.0621          0.0831
      2         90           0.626             0.2           0.425           0.548           0.549          0.0594            0.08
      2        100           0.674           0.104            0.57           0.395           0.396          0.0672          0.0926
      2        110           0.487           0.163           0.324           0.494           0.495           0.054          0.0698


2025-11-20 16:42:18: Validating
# epoch      batch      total_loss     energy_loss     forces_loss      energy_mae     energy_rmse      forces_mae     forces_rmse
      2          0           0.392        0.000722           0.391          0.0303           0.033          0.0576          0.0768
      2         10           0.335        0.000447           0.334           0.023          0.0259          0.0553          0.0709
      2         20             0.5        0.000559           0.499          0.0245           0.029          0.0652          0.0867


2025-11-20 16:42:19: Epoch summary:
Validation  # epoch      total_loss     energy_loss     forces_loss      energy_mae     energy_rmse      forces_mae     forces_rmse
                  2           0.422        0.000714           0.421           0.025          0.0314          0.0588          0.0791
Train       # epoch      total_loss     energy_loss     forces_loss      energy_mae     energy_rmse      forces_mae     forces_rmse
                  2           0.758           0.181           0.576           0.494           0.496          0.0682          0.0923


2025-11-20 16:42:19: Training
# epoch      batch      total_loss     energy_loss     forces_loss      energy_mae     energy_rmse      forces_mae     forces_rmse
      3          0           0.705           0.239           0.466             0.6             0.6          0.0618          0.0837
      3         10           0.763           0.228           0.535           0.586           0.586          0.0641          0.0897
      3         20           0.747           0.198           0.549           0.543           0.546          0.0689          0.0909
      3         30           0.537           0.115           0.422           0.415           0.416          0.0594          0.0797
      3         40           0.557           0.169           0.389           0.503           0.504          0.0581          0.0765
      3         50           0.583          0.0942           0.488           0.375           0.377          0.0628          0.0857
      3         60           0.612         0.00437           0.607           0.069          0.0811           0.069          0.0956
      3         70           0.558           0.164           0.394           0.496           0.497          0.0583           0.077
      3         80           0.458           0.114           0.344           0.413           0.414          0.0538          0.0719
      3         90           0.432          0.0377           0.394           0.232           0.238          0.0536           0.077
      3        100           0.331          0.0484           0.283           0.269            0.27          0.0499          0.0653
      3        110           0.503           0.133            0.37           0.446           0.448          0.0559          0.0746


2025-11-20 16:42:30: Validating
# epoch      batch      total_loss     energy_loss     forces_loss      energy_mae     energy_rmse      forces_mae     forces_rmse
      3          0           0.281        0.000782            0.28          0.0295          0.0343          0.0489           0.065
      3         10           0.245        0.000507           0.244          0.0232          0.0276           0.047          0.0607
      3         20           0.346        0.000766           0.346          0.0299           0.034          0.0549          0.0721


2025-11-20 16:42:31: Epoch summary:
Validation  # epoch      total_loss     energy_loss     forces_loss      energy_mae     energy_rmse      forces_mae     forces_rmse
                  3           0.302        0.000884           0.301          0.0303          0.0357            0.05          0.0669
Train       # epoch      total_loss     energy_loss     forces_loss      energy_mae     energy_rmse      forces_mae     forces_rmse
                  3           0.539            0.13           0.409           0.421           0.423          0.0579          0.0781


2025-11-20 16:42:31: Training
# epoch      batch      total_loss     energy_loss     forces_loss      energy_mae     energy_rmse      forces_mae     forces_rmse
      4          0           0.515           0.178           0.337           0.516           0.517          0.0527          0.0713
      4         10           0.453           0.143            0.31           0.463           0.464          0.0504          0.0683
      4         20           0.439           0.173           0.266            0.51            0.51          0.0477          0.0633
      4         30           0.394         0.00188           0.392          0.0457          0.0532          0.0598          0.0768
      4         40           0.377         0.00212           0.375          0.0454          0.0565          0.0554          0.0751
      4         50           0.676         0.00993           0.666           0.112           0.122          0.0754             0.1
      4         60           0.337           0.038           0.299           0.237           0.239          0.0505          0.0671
      4         70            0.41         0.00224           0.407          0.0507          0.0581          0.0575          0.0783
      4         80           0.322         0.00227           0.319          0.0487          0.0585          0.0522          0.0694
      4         90           0.561         0.00104            0.56          0.0336          0.0397          0.0686          0.0919
      4        100           0.338          0.0621           0.276           0.304           0.306          0.0488          0.0644
      4        110           0.486         0.00296           0.483           0.057          0.0667          0.0662          0.0853


2025-11-20 16:42:41: Validating
# epoch      batch      total_loss     energy_loss     forces_loss      energy_mae     energy_rmse      forces_mae     forces_rmse
      4          0           0.222        0.000456           0.222          0.0238          0.0262          0.0432          0.0578
      4         10           0.193        0.000361           0.192          0.0199          0.0233          0.0416          0.0538
      4         20           0.267        0.000434           0.267          0.0212          0.0256           0.048          0.0634


2025-11-20 16:42:43: Epoch summary:
Validation  # epoch      total_loss     energy_loss     forces_loss      energy_mae     energy_rmse      forces_mae     forces_rmse
                  4           0.236        0.000541           0.236          0.0231          0.0276          0.0442          0.0592
Train       # epoch      total_loss     energy_loss     forces_loss      energy_mae     energy_rmse      forces_mae     forces_rmse
                  4           0.475          0.0503           0.425           0.224           0.228          0.0594          0.0792


2025-11-20 16:42:43: Training
# epoch      batch      total_loss     energy_loss     forces_loss      energy_mae     energy_rmse      forces_mae     forces_rmse
      5          0           0.387         0.00161           0.386          0.0357          0.0493          0.0585          0.0762
      5         10           0.288          0.0185           0.269           0.164           0.167          0.0485          0.0637
      5         20           0.529            0.28           0.249           0.649           0.649          0.0459          0.0612
      5         30           0.295          0.0517           0.244           0.278           0.279          0.0467          0.0606
      5         40            1.38           0.447           0.932            0.82            0.82          0.0933           0.118
      5         50            0.62           0.181           0.439            0.52           0.522           0.061          0.0813
      5         60           0.344          0.0069           0.337          0.0947           0.102          0.0549          0.0712
      5         70           0.494           0.206           0.288           0.557           0.557          0.0502          0.0659
      5         80           0.434          0.0865           0.347            0.36           0.361          0.0552          0.0723
      5         90           0.354          0.0964           0.258            0.38           0.381          0.0473          0.0623
      5        100           0.268          0.0423           0.226           0.252           0.252          0.0445          0.0583
      5        110           0.411          0.0989           0.312           0.385           0.386          0.0505          0.0685


2025-11-20 16:42:53: Validating
# epoch      batch      total_loss     energy_loss     forces_loss      energy_mae     energy_rmse      forces_mae     forces_rmse
      5          0           0.181        0.000589           0.181          0.0263          0.0298          0.0396          0.0522
      5         10           0.159        0.000367           0.158          0.0182          0.0235          0.0375          0.0488
      5         20           0.228        0.000647           0.227           0.028          0.0312          0.0443          0.0584


2025-11-20 16:42:54: Epoch summary:
Validation  # epoch      total_loss     energy_loss     forces_loss      energy_mae     energy_rmse      forces_mae     forces_rmse
                  5           0.194        0.000686           0.194          0.0272          0.0315          0.0402          0.0537
Train       # epoch      total_loss     energy_loss     forces_loss      energy_mae     energy_rmse      forces_mae     forces_rmse
                  5           0.431          0.0995           0.331           0.328           0.331          0.0522          0.0694


2025-11-20 16:42:55: Training
# epoch      batch      total_loss     energy_loss     forces_loss      energy_mae     energy_rmse      forces_mae     forces_rmse
      6          0           0.281           0.098           0.183           0.383           0.384          0.0402          0.0525
      6         10           0.252          0.0783           0.174           0.342           0.343          0.0387          0.0512
      6         20           0.245          0.0674           0.178           0.317           0.319          0.0398          0.0517
      6         30           0.297          0.0706           0.226           0.325           0.326          0.0432          0.0583
      6         40           0.277          0.0659           0.211           0.314           0.315          0.0439          0.0564
      6         50           0.264          0.0678           0.196           0.319            0.32          0.0404          0.0543
      6         60           0.283          0.0666           0.216           0.316           0.317          0.0429           0.057
      6         70            0.36            0.12            0.24           0.424           0.425          0.0454          0.0601
      6         80           0.415          0.0486           0.367           0.269            0.27           0.057          0.0743
      6         90           0.204        0.000295           0.204          0.0173          0.0211          0.0425          0.0554
      6        100           0.672         0.00494           0.667          0.0608          0.0863          0.0715             0.1
      6        110           0.379          0.0065           0.372          0.0907          0.0989          0.0574          0.0749


2025-11-20 16:43:06: Validating
# epoch      batch      total_loss     energy_loss     forces_loss      energy_mae     energy_rmse      forces_mae     forces_rmse
      6          0           0.154        0.000254           0.154          0.0172          0.0196          0.0366          0.0481
      6         10           0.133        0.000299           0.133          0.0181          0.0212          0.0347          0.0447
      6         20           0.189        0.000244           0.188          0.0152          0.0192          0.0407          0.0533


2025-11-20 16:43:07: Epoch summary:
Validation  # epoch      total_loss     energy_loss     forces_loss      energy_mae     energy_rmse      forces_mae     forces_rmse
                  6           0.164        0.000266           0.163          0.0152          0.0192          0.0371          0.0493
Train       # epoch      total_loss     energy_loss     forces_loss      energy_mae     energy_rmse      forces_mae     forces_rmse
                  6           0.325            0.06           0.264           0.275           0.278          0.0462          0.0613


2025-11-20 16:43:07: Training
# epoch      batch      total_loss     energy_loss     forces_loss      energy_mae     energy_rmse      forces_mae     forces_rmse
      7          0            0.62          0.0438           0.576           0.253           0.257          0.0703          0.0931
      7         10           0.298          0.0302           0.268           0.212           0.213          0.0477          0.0635
      7         20            0.21          0.0404            0.17           0.246           0.247          0.0384          0.0506
      7         30           0.229          0.0533           0.176           0.282           0.283          0.0389          0.0515
      7         40           0.182          0.0454           0.136           0.261           0.262          0.0343          0.0453
      7         50           0.252           0.101           0.151            0.39            0.39          0.0366          0.0477
      7         60           0.188          0.0727           0.115            0.33           0.331          0.0321          0.0416
      7         70           0.205          0.0699           0.135           0.324           0.324          0.0343          0.0451
      7         80           0.173          0.0339            0.14           0.225           0.226          0.0344          0.0458
      7         90           0.469         0.00124           0.468          0.0359          0.0432          0.0665          0.0839
      7        100           0.803          0.0707           0.732           0.319           0.326          0.0783           0.105
      7        110           0.551          0.0183           0.532            0.16           0.166           0.067          0.0895


2025-11-20 16:43:19: Validating
# epoch      batch      total_loss     energy_loss     forces_loss      energy_mae     energy_rmse      forces_mae     forces_rmse
      7          0           0.136         0.00025           0.135          0.0139          0.0194          0.0343          0.0452
      7         10           0.113        0.000334           0.112           0.018          0.0224          0.0322          0.0411
      7         20           0.165        0.000141           0.165          0.0119          0.0146           0.038          0.0499


2025-11-20 16:43:20: Epoch summary:
Validation  # epoch      total_loss     energy_loss     forces_loss      energy_mae     energy_rmse      forces_mae     forces_rmse
                  7           0.143        0.000216           0.143          0.0134          0.0171          0.0348          0.0461
Train       # epoch      total_loss     energy_loss     forces_loss      energy_mae     energy_rmse      forces_mae     forces_rmse
                  7           0.299          0.0511           0.248            0.25           0.253          0.0445           0.059


2025-11-20 16:43:20: Training
# epoch      batch      total_loss     energy_loss     forces_loss      energy_mae     energy_rmse      forces_mae     forces_rmse
      8          0           0.302         0.00491           0.297          0.0838           0.086          0.0499          0.0669
      8         10           0.237         0.00882           0.228           0.114           0.115          0.0444          0.0586
      8         20           0.187          0.0141           0.173           0.145           0.146          0.0391          0.0511
      8         30           0.247           0.033           0.214           0.219           0.223          0.0428          0.0568
      8         40           0.229          0.0172           0.212           0.159           0.161          0.0437          0.0565
      8         50           0.257          0.0281           0.228           0.204           0.206          0.0451          0.0586
      8         60           0.255          0.0464           0.208           0.262           0.264          0.0417           0.056
      8         70           0.239          0.0825           0.156           0.351           0.352          0.0374          0.0485
      8         80            0.25         0.00838           0.242            0.11           0.112          0.0432          0.0603
      8         90           0.257         0.00282           0.254           0.058          0.0651          0.0447          0.0619
      8        100            0.22           0.044           0.176           0.256           0.257          0.0387          0.0514
      8        110           0.443         0.00172           0.441          0.0472          0.0509          0.0541          0.0815


2025-11-20 16:43:31: Validating
# epoch      batch      total_loss     energy_loss     forces_loss      energy_mae     energy_rmse      forces_mae     forces_rmse
      8          0           0.116        0.000192           0.116          0.0151           0.017          0.0317          0.0418
      8         10          0.0989        0.000209          0.0987          0.0152          0.0178          0.0304          0.0385
      8         20            0.14        0.000321            0.14           0.018           0.022          0.0351          0.0459


2025-11-20 16:43:33: Epoch summary:
Validation  # epoch      total_loss     energy_loss     forces_loss      energy_mae     energy_rmse      forces_mae     forces_rmse
                  8           0.125        0.000231           0.125          0.0144          0.0179          0.0326          0.0431
Train       # epoch      total_loss     energy_loss     forces_loss      energy_mae     energy_rmse      forces_mae     forces_rmse
                  8           0.244          0.0357           0.208           0.203           0.205          0.0416          0.0552


2025-11-20 16:43:33: Training
# epoch      batch      total_loss     energy_loss     forces_loss      energy_mae     energy_rmse      forces_mae     forces_rmse
      9          0           0.552          0.0844           0.467           0.355           0.356          0.0599          0.0839
      9         10           0.378          0.0769           0.301           0.339            0.34          0.0488          0.0674
      9         20           0.296          0.0348           0.261           0.228           0.229          0.0478          0.0627
      9         30           0.222         0.00075           0.221          0.0272          0.0336          0.0432          0.0577
      9         40           0.141         0.00279           0.139          0.0635          0.0648          0.0348          0.0457
      9         50           0.206          0.0527           0.153            0.28           0.282          0.0359           0.048
      9         60           0.135         0.00324           0.132           0.067          0.0699          0.0343          0.0445
      9         70           0.264          0.0163           0.248           0.155           0.157          0.0461          0.0611
      9         80           0.174          0.0276           0.147           0.203           0.204          0.0355           0.047
      9         90           0.208          0.0541           0.154           0.285           0.285          0.0356          0.0481
      9        100           0.621         0.00361           0.617          0.0558          0.0737          0.0649          0.0964
      9        110           0.456           0.143           0.312           0.464           0.465          0.0517          0.0686


2025-11-20 16:43:44: Validating
# epoch      batch      total_loss     energy_loss     forces_loss      energy_mae     energy_rmse      forces_mae     forces_rmse
      9          0           0.106        0.000165           0.106          0.0118          0.0158          0.0303          0.0399
      9         10          0.0898        0.000269          0.0896          0.0159          0.0201          0.0292          0.0367
      9         20           0.126        0.000218           0.126          0.0142          0.0181          0.0332          0.0435


2025-11-20 16:43:46: Epoch summary:
Validation  # epoch      total_loss     energy_loss     forces_loss      energy_mae     energy_rmse      forces_mae     forces_rmse
                  9           0.113        0.000165           0.113          0.0119           0.015          0.0311           0.041
Train       # epoch      total_loss     energy_loss     forces_loss      energy_mae     energy_rmse      forces_mae     forces_rmse
                  9           0.287          0.0393           0.247           0.206           0.209          0.0437          0.0592


2025-11-20 16:43:46: Training
# epoch      batch      total_loss     energy_loss     forces_loss      energy_mae     energy_rmse      forces_mae     forces_rmse
     10          0           0.388          0.0706           0.317           0.325           0.326           0.053          0.0691
     10         10            0.22         0.00778           0.212           0.106           0.108          0.0423          0.0565
     10         20           0.215           0.023           0.192           0.184           0.186          0.0396          0.0537
     10         30           0.146         0.00126           0.145          0.0383          0.0436          0.0356          0.0467
     10         40           0.113         0.00019           0.113           0.013          0.0169          0.0321          0.0412
     10         50           0.174        0.000544           0.173          0.0242          0.0286          0.0392          0.0511
     10         60           0.305          0.0139           0.291           0.141           0.145          0.0448          0.0662
     10         70           0.202         0.00671           0.196          0.0973           0.101          0.0423          0.0543
     10         80            0.15        0.000283            0.15          0.0146          0.0206          0.0365          0.0476
     10         90           0.199          0.0579           0.141           0.294           0.295          0.0357          0.0461
     10        100           0.173         0.00133           0.172          0.0405          0.0448          0.0388          0.0509
     10        110           0.196          0.0475           0.148           0.267           0.268           0.036          0.0473


2025-11-20 16:43:57: Validating
# epoch      batch      total_loss     energy_loss     forces_loss      energy_mae     energy_rmse      forces_mae     forces_rmse
     10          0          0.0967        0.000147          0.0966          0.0114          0.0149          0.0285          0.0381
     10         10          0.0813        0.000241           0.081           0.015          0.0191          0.0278          0.0349
     10         20           0.109         0.00025           0.108          0.0151          0.0194          0.0309          0.0404


2025-11-20 16:43:59: Epoch summary:
Validation  # epoch      total_loss     energy_loss     forces_loss      energy_mae     energy_rmse      forces_mae     forces_rmse
                 10           0.101        0.000152           0.101          0.0113          0.0143          0.0295          0.0389
Train       # epoch      total_loss     energy_loss     forces_loss      energy_mae     energy_rmse      forces_mae     forces_rmse
                 10           0.214          0.0146             0.2           0.118           0.122          0.0407          0.0541


2025-11-20 16:43:59: Training
# epoch      batch      total_loss     energy_loss     forces_loss      energy_mae     energy_rmse      forces_mae     forces_rmse
     11          0           0.228          0.0089           0.219           0.112           0.116          0.0441          0.0575
     11         10           0.143           0.006           0.137          0.0937           0.095           0.035          0.0455
     11         20           0.187        0.000624           0.187          0.0232          0.0307          0.0396           0.053
     11         30            0.28          0.0435           0.237           0.255           0.256          0.0429          0.0597
     11         40           0.417          0.0364           0.381            0.23           0.234          0.0497          0.0757
     11         50           0.411         0.00441           0.406          0.0687          0.0815          0.0532          0.0782
     11         60           0.186         0.00102           0.184          0.0262          0.0391          0.0382          0.0527
     11         70           0.172          0.0559           0.116           0.289            0.29          0.0321          0.0418
     11         80           0.151          0.0241           0.127           0.189            0.19          0.0318          0.0437
     11         90            0.12         0.00718           0.113           0.103           0.104          0.0316          0.0412
     11        100           0.435           0.206           0.229           0.556           0.557          0.0452          0.0587
     11        110           0.305         0.00066           0.305          0.0243          0.0315          0.0459          0.0677


2025-11-20 16:44:10: Validating
# epoch      batch      total_loss     energy_loss     forces_loss      energy_mae     energy_rmse      forces_mae     forces_rmse
     11          0          0.0869        0.000138          0.0868          0.0101          0.0144          0.0271          0.0361
     11         10          0.0746        0.000229          0.0743           0.015          0.0186          0.0266          0.0335
     11         20          0.0967         0.00024          0.0965          0.0143           0.019          0.0292          0.0381


2025-11-20 16:44:12: Epoch summary:
Validation  # epoch      total_loss     energy_loss     forces_loss      energy_mae     energy_rmse      forces_mae     forces_rmse
                 11          0.0918        0.000131          0.0917          0.0105          0.0133          0.0281           0.037
Train       # epoch      total_loss     energy_loss     forces_loss      energy_mae     energy_rmse      forces_mae     forces_rmse
                 11           0.225          0.0349            0.19           0.188           0.191          0.0384          0.0516


2025-11-20 16:44:12: Training
# epoch      batch      total_loss     energy_loss     forces_loss      energy_mae     energy_rmse      forces_mae     forces_rmse
     12          0           0.182         0.00915           0.173           0.116           0.117          0.0366           0.051
     12         10           0.229          0.0191            0.21           0.166            0.17          0.0408          0.0563
     12         20           0.221          0.0383           0.182           0.237            0.24          0.0379          0.0524
     12         30           0.178          0.0537           0.125           0.284           0.284          0.0331          0.0433
     12         40           0.135          0.0497           0.085           0.273           0.274          0.0281          0.0358
     12         50           0.176         0.00178           0.174          0.0494          0.0518          0.0366          0.0512
     12         60           0.156          0.0405           0.115           0.246           0.247          0.0318          0.0416
     12         70           0.158          0.0132           0.145           0.139           0.141          0.0338          0.0467
     12         80           0.162          0.0592           0.103           0.298           0.298          0.0304          0.0394
     12         90           0.121          0.0178           0.103           0.162           0.164          0.0307          0.0395
     12        100           0.154          0.0542          0.0997           0.285           0.286          0.0303          0.0387
     12        110           0.161          0.0483           0.113           0.269            0.27          0.0318          0.0413


2025-11-20 16:44:23: Validating
# epoch      batch      total_loss     energy_loss     forces_loss      energy_mae     energy_rmse      forces_mae     forces_rmse
     12          0          0.0798        0.000116          0.0797          0.0101          0.0132           0.026          0.0346
     12         10          0.0688        0.000182          0.0686          0.0134          0.0166          0.0256          0.0321
     12         20          0.0897        0.000277          0.0894          0.0158          0.0204          0.0281          0.0367


2025-11-20 16:44:24: Epoch summary:
Validation  # epoch      total_loss     energy_loss     forces_loss      energy_mae     energy_rmse      forces_mae     forces_rmse
                 12          0.0841        0.000116           0.084         0.00986          0.0125           0.027          0.0354
Train       # epoch      total_loss     energy_loss     forces_loss      energy_mae     energy_rmse      forces_mae     forces_rmse
                 12           0.163          0.0246           0.138           0.167           0.169          0.0337          0.0452


2025-11-20 16:44:25: Training
# epoch      batch      total_loss     energy_loss     forces_loss      energy_mae     energy_rmse      forces_mae     forces_rmse
     13          0           0.163          0.0232            0.14           0.186           0.187          0.0341          0.0459
     13         10           0.123          0.0221           0.101           0.181           0.182          0.0305           0.039
     13         20           0.201          0.0413            0.16           0.248           0.249          0.0366          0.0491
     13         30           0.157           0.043           0.114           0.254           0.255          0.0315          0.0415
     13         40           0.113          0.0223          0.0909           0.182           0.183          0.0285           0.037
     13         50           0.105         0.00375           0.101          0.0742          0.0752          0.0286           0.039
     13         60           0.127          0.0428          0.0845           0.253           0.254          0.0273          0.0357
     13         70           0.246           0.121           0.124           0.426           0.427          0.0321          0.0433
     13         80           0.139         0.00171           0.138          0.0475          0.0507          0.0333          0.0455
     13         90           0.182          0.0246           0.157           0.192           0.192          0.0357          0.0486
     13        100           0.163        0.000467           0.163          0.0207          0.0265          0.0369          0.0495
     13        110           0.164          0.0184           0.145           0.164           0.167          0.0346          0.0468


2025-11-20 16:44:35: Validating
# epoch      batch      total_loss     energy_loss     forces_loss      energy_mae     energy_rmse      forces_mae     forces_rmse
     13          0           0.073         9.9e-05          0.0729          0.0101          0.0122          0.0249          0.0331
     13         10          0.0623        0.000113          0.0622          0.0105           0.013          0.0244          0.0306
     13         20          0.0809        0.000295          0.0806           0.017          0.0211          0.0268          0.0348


2025-11-20 16:44:37: Epoch summary:
Validation  # epoch      total_loss     energy_loss     forces_loss      energy_mae     energy_rmse      forces_mae     forces_rmse
                 13           0.077        0.000116          0.0769            0.01          0.0125          0.0259          0.0339
Train       # epoch      total_loss     energy_loss     forces_loss      energy_mae     energy_rmse      forces_mae     forces_rmse
                 13           0.147          0.0274            0.12           0.178            0.18          0.0315          0.0422


2025-11-20 16:44:37: Training
# epoch      batch      total_loss     energy_loss     forces_loss      energy_mae     energy_rmse      forces_mae     forces_rmse
     14          0           0.157          0.0279           0.129           0.204           0.205          0.0317          0.0441
     14         10           0.172           0.022            0.15            0.18           0.182          0.0358          0.0476
     14         20           0.124          0.0236           0.101           0.188           0.189          0.0297          0.0389
     14         30           0.168          0.0404           0.128           0.246           0.247           0.032          0.0439
     14         40           0.205          0.0994           0.106           0.386           0.387          0.0293          0.0399
     14         50           0.192          0.0782           0.113           0.343           0.343          0.0313          0.0413
     14         60           0.149         0.00846            0.14           0.109           0.113          0.0346          0.0459
     14         70           0.236          0.0042           0.232          0.0741          0.0795          0.0402          0.0591
     14         80           0.191          0.0162           0.174           0.154           0.156          0.0391          0.0512
     14         90            0.12          0.0136           0.106           0.143           0.143          0.0301            0.04
     14        100           0.126         0.00264           0.124          0.0601           0.063          0.0328          0.0432
     14        110          0.0919         0.00221          0.0897          0.0558          0.0576          0.0285          0.0368


2025-11-20 16:44:48: Validating
# epoch      batch      total_loss     energy_loss     forces_loss      energy_mae     energy_rmse      forces_mae     forces_rmse
     14          0          0.0687        9.47e-05          0.0686         0.00918          0.0119          0.0242          0.0321
     14         10          0.0571        0.000153          0.0569           0.013          0.0152          0.0234          0.0293
     14         20          0.0754        0.000201          0.0752          0.0135          0.0174           0.026          0.0337


2025-11-20 16:44:50: Epoch summary:
Validation  # epoch      total_loss     energy_loss     forces_loss      energy_mae     energy_rmse      forces_mae     forces_rmse
                 14          0.0717        0.000101          0.0716         0.00928          0.0118           0.025          0.0327
Train       # epoch      total_loss     energy_loss     forces_loss      energy_mae     energy_rmse      forces_mae     forces_rmse
                 14           0.146          0.0242           0.121           0.168           0.169           0.032          0.0425


2025-11-20 16:44:50: Training
# epoch      batch      total_loss     energy_loss     forces_loss      energy_mae     energy_rmse      forces_mae     forces_rmse
     15          0           0.076         0.00182          0.0742          0.0498          0.0524          0.0257          0.0334
     15         10           0.213          0.0434            0.17           0.255           0.256          0.0381          0.0506
     15         20           0.133          0.0308           0.102           0.215           0.216          0.0301          0.0392
     15         30          0.0764        0.000426           0.076          0.0218          0.0253          0.0264          0.0338
     15         40          0.0821         0.00509           0.077          0.0857          0.0875          0.0259           0.034
     15         50          0.0794        0.000957          0.0784          0.0359           0.038          0.0259          0.0344
     15         60            0.22          0.0413           0.179           0.247           0.249          0.0376          0.0519
     15         70           0.349         0.00809            0.34           0.101            0.11          0.0529          0.0716
     15         80           0.157          0.0152           0.141           0.149           0.151          0.0329          0.0462
     15         90           0.204         0.00733           0.197           0.103           0.105          0.0395          0.0545
     15        100           0.199           0.113          0.0861           0.413           0.413          0.0273           0.036
     15        110           0.248         0.00127           0.246          0.0378          0.0438          0.0447          0.0609


2025-11-20 16:45:01: Validating
# epoch      batch      total_loss     energy_loss     forces_loss      energy_mae     energy_rmse      forces_mae     forces_rmse
     15          0          0.0632        8.61e-05          0.0631         0.00866          0.0114          0.0232          0.0308
     15         10           0.054        0.000127          0.0539          0.0119          0.0138          0.0228          0.0285
     15         20          0.0709         0.00021          0.0707          0.0136          0.0178          0.0252          0.0326


2025-11-20 16:45:03: Epoch summary:
Validation  # epoch      total_loss     energy_loss     forces_loss      energy_mae     energy_rmse      forces_mae     forces_rmse
                 15           0.067        9.61e-05          0.0669         0.00897          0.0114          0.0242          0.0316
Train       # epoch      total_loss     energy_loss     forces_loss      energy_mae     energy_rmse      forces_mae     forces_rmse
                 15           0.175          0.0225           0.153            0.15           0.152          0.0341          0.0461


2025-11-20 16:45:03: Training
# epoch      batch      total_loss     energy_loss     forces_loss      energy_mae     energy_rmse      forces_mae     forces_rmse
     16          0           0.246          0.0494           0.197           0.271           0.273          0.0397          0.0544
     16         10           0.202        0.000498           0.202          0.0221          0.0274          0.0411          0.0551
     16         20           0.137           0.024           0.114           0.189            0.19          0.0318          0.0413
     16         30           0.113         0.00622           0.107          0.0951          0.0967          0.0301          0.0402
     16         40           0.112          0.0022            0.11          0.0559          0.0576           0.031          0.0406
     16         50           0.153          0.0242           0.129           0.189           0.191          0.0339           0.044
     16         60           0.109         0.00916          0.0994           0.115           0.117            0.03          0.0387
     16         70          0.0963         0.00628            0.09          0.0961          0.0972          0.0278          0.0368
     16         80          0.0979         0.00837          0.0896           0.111           0.112          0.0279          0.0367
     16         90            0.32          0.0115           0.309           0.128           0.132           0.051          0.0682
     16        100            0.12         0.00455           0.116          0.0776          0.0828           0.031          0.0418
     16        110           0.117          0.0115           0.105           0.131           0.131          0.0296          0.0398


2025-11-20 16:45:15: Validating
# epoch      batch      total_loss     energy_loss     forces_loss      energy_mae     energy_rmse      forces_mae     forces_rmse
     16          0          0.0611        7.37e-05           0.061          0.0081          0.0105          0.0227          0.0303
     16         10          0.0512        0.000107          0.0511          0.0111          0.0127          0.0221          0.0277
     16         20          0.0663        0.000208          0.0661          0.0137          0.0177          0.0244          0.0315


2025-11-20 16:45:16: Epoch summary:
Validation  # epoch      total_loss     energy_loss     forces_loss      energy_mae     energy_rmse      forces_mae     forces_rmse
                 16          0.0634        9.01e-05          0.0633         0.00876          0.0111          0.0235          0.0308
Train       # epoch      total_loss     energy_loss     forces_loss      energy_mae     energy_rmse      forces_mae     forces_rmse
                 16           0.146          0.0184           0.128           0.141           0.143          0.0324          0.0432


2025-11-20 16:45:16: Training
# epoch      batch      total_loss     energy_loss     forces_loss      energy_mae     energy_rmse      forces_mae     forces_rmse
     17          0           0.121          0.0107            0.11           0.126           0.127          0.0295          0.0407
     17         10            0.13          0.0456          0.0848           0.261           0.262          0.0258          0.0357
     17         20          0.0908         0.00765          0.0832           0.106           0.107          0.0267          0.0354
     17         30          0.0771         0.00023          0.0769          0.0125          0.0186          0.0254           0.034
     17         40           0.107          0.0199          0.0875           0.171           0.173          0.0268          0.0363
     17         50           0.107            0.03           0.077           0.211           0.213          0.0255           0.034
     17         60           0.102          0.0172          0.0851            0.16           0.161          0.0263          0.0358
     17         70           0.118          0.0158           0.102           0.153           0.154          0.0288          0.0392
     17         80           0.138          0.0491          0.0891           0.271           0.272          0.0275          0.0366
     17         90           0.101          0.0109          0.0904           0.126           0.128          0.0281          0.0369
     17        100           0.222         0.00109            0.22          0.0327          0.0405            0.04          0.0576
     17        110            0.11         0.00228           0.107          0.0549          0.0586          0.0303          0.0402


2025-11-20 16:45:28: Validating
# epoch      batch      total_loss     energy_loss     forces_loss      energy_mae     energy_rmse      forces_mae     forces_rmse
     17          0           0.058         7.2e-05           0.058         0.00835          0.0104           0.022          0.0295
     17         10          0.0483        0.000104          0.0482          0.0112          0.0125          0.0214          0.0269
     17         20          0.0615        0.000218          0.0612          0.0137          0.0181          0.0236          0.0304


2025-11-20 16:45:29: Epoch summary:
Validation  # epoch      total_loss     energy_loss     forces_loss      energy_mae     energy_rmse      forces_mae     forces_rmse
                 17          0.0595        8.85e-05          0.0594         0.00875           0.011          0.0228          0.0298
Train       # epoch      total_loss     energy_loss     forces_loss      energy_mae     energy_rmse      forces_mae     forces_rmse
                 17           0.113           0.017          0.0956           0.142           0.144          0.0278          0.0375


2025-11-20 16:45:29: Training
# epoch      batch      total_loss     energy_loss     forces_loss      energy_mae     energy_rmse      forces_mae     forces_rmse
     18          0           0.099        0.000632          0.0983          0.0268          0.0308          0.0295          0.0385
     18         10          0.0683         0.00157          0.0667          0.0454          0.0486           0.024          0.0317
     18         20           0.113        0.000294           0.113          0.0187          0.0211          0.0301          0.0412
     18         30           0.143        0.000286           0.143           0.017          0.0208          0.0341          0.0464
     18         40           0.113        0.000952           0.112          0.0346          0.0379          0.0298          0.0411
     18         50           0.121         0.00037            0.12          0.0194          0.0236          0.0321          0.0426
     18         60            0.11         0.00054            0.11          0.0211          0.0285          0.0278          0.0406
     18         70           0.104         0.00098           0.103          0.0352          0.0384          0.0301          0.0394
     18         80           0.077         0.00418          0.0728          0.0789          0.0793          0.0254          0.0331
     18         90           0.206         0.00488           0.201          0.0813          0.0858          0.0412          0.0551
     18        100           0.156         0.00086           0.155          0.0282           0.036          0.0352          0.0483
     18        110            0.14        0.000235            0.14           0.016          0.0188          0.0344          0.0458


2025-11-20 16:45:40: Validating
# epoch      batch      total_loss     energy_loss     forces_loss      energy_mae     energy_rmse      forces_mae     forces_rmse
     18          0          0.0542        6.48e-05          0.0541         0.00831         0.00988          0.0214          0.0285
     18         10          0.0455        9.53e-05          0.0454          0.0108           0.012          0.0206          0.0261
     18         20          0.0581        0.000218          0.0578          0.0139          0.0181           0.023          0.0295


2025-11-20 16:45:42: Epoch summary:
Validation  # epoch      total_loss     energy_loss     forces_loss      energy_mae     energy_rmse      forces_mae     forces_rmse
                 18          0.0564         8.5e-05          0.0564         0.00861          0.0108          0.0222           0.029
Train       # epoch      total_loss     energy_loss     forces_loss      energy_mae     energy_rmse      forces_mae     forces_rmse
                 18           0.142         0.00308           0.139          0.0497           0.054          0.0332           0.045


2025-11-20 16:45:42: Training
# epoch      batch      total_loss     energy_loss     forces_loss      energy_mae     energy_rmse      forces_mae     forces_rmse
     19          0          0.0898          0.0116          0.0782            0.13           0.132          0.0264          0.0343
     19         10          0.0784        0.000373           0.078          0.0155          0.0237          0.0255          0.0343
     19         20           0.152         0.00818           0.144           0.109           0.111          0.0311          0.0465
     19         30           0.128        0.000877           0.127          0.0313          0.0363          0.0338          0.0438
     19         40          0.0774         0.00257          0.0748          0.0607          0.0623          0.0256          0.0336
     19         50          0.0937         0.00397          0.0897          0.0748          0.0773          0.0273          0.0368
     19         60           0.139          0.0357           0.103           0.231           0.232          0.0294          0.0395
     19         70           0.111          0.0103           0.101           0.124           0.125          0.0288          0.0389
     19         80          0.0843         0.00709          0.0772           0.102           0.103          0.0264          0.0341
     19         90          0.0684         0.00231          0.0661          0.0562           0.059          0.0238          0.0315
     19        100           0.102          0.0079          0.0938           0.108           0.109          0.0274          0.0376
     19        110            0.11          0.0268          0.0836           0.201           0.201          0.0272          0.0355


2025-11-20 16:45:53: Validating
# epoch      batch      total_loss     energy_loss     forces_loss      energy_mae     energy_rmse      forces_mae     forces_rmse
     19          0          0.0527        5.48e-05          0.0527         0.00763         0.00908           0.021          0.0282
     19         10          0.0438        7.91e-05          0.0438         0.00992          0.0109          0.0202          0.0257
     19         20          0.0542        0.000215           0.054          0.0138           0.018          0.0222          0.0285


2025-11-20 16:45:54: Epoch summary:
Validation  # epoch      total_loss     energy_loss     forces_loss      energy_mae     energy_rmse      forces_mae     forces_rmse
                 19          0.0535        8.08e-05          0.0535         0.00842          0.0106          0.0216          0.0283
Train       # epoch      total_loss     energy_loss     forces_loss      energy_mae     energy_rmse      forces_mae     forces_rmse
                 19            0.11         0.00783           0.102          0.0885          0.0914          0.0289          0.0388


2025-11-20 16:45:54: Training
# epoch      batch      total_loss     energy_loss     forces_loss      energy_mae     energy_rmse      forces_mae     forces_rmse
     20          0          0.0727          0.0102          0.0625           0.122           0.124          0.0238          0.0307
     20         10           0.117          0.0215          0.0955           0.179            0.18          0.0275          0.0379
     20         20           0.116          0.0101           0.105           0.121           0.123          0.0284          0.0399
     20         30          0.0879          0.0179            0.07           0.163           0.164          0.0249          0.0325
     20         40          0.0851        0.000725          0.0844          0.0305           0.033          0.0272          0.0356
     20         50           0.116         0.00759           0.109           0.103           0.107          0.0316          0.0404
     20         60           0.141         0.00583           0.135          0.0915          0.0937          0.0346          0.0451
     20         70           0.157         0.00139           0.155          0.0399          0.0457          0.0354          0.0483
     20         80           0.149          0.0409           0.108           0.247           0.248          0.0298          0.0403
     20         90          0.0989          0.0272          0.0717           0.202           0.202          0.0247          0.0329
     20        100          0.0995          0.0296          0.0699           0.211           0.211          0.0247          0.0324
     20        110           0.116          0.0383          0.0779           0.239            0.24          0.0263          0.0342


2025-11-20 16:46:05: Validating
# epoch      batch      total_loss     energy_loss     forces_loss      energy_mae     energy_rmse      forces_mae     forces_rmse
     20          0          0.0501        4.99e-05            0.05         0.00734         0.00867          0.0206          0.0274
     20         10          0.0422        8.54e-05          0.0421          0.0104          0.0113          0.0197          0.0252
     20         20          0.0518        0.000205          0.0516          0.0133          0.0176          0.0216          0.0279


2025-11-20 16:46:06: Epoch summary:
Validation  # epoch      total_loss     energy_loss     forces_loss      energy_mae     energy_rmse      forces_mae     forces_rmse
                 20          0.0507         7.7e-05          0.0507         0.00821          0.0103           0.021          0.0275
Train       # epoch      total_loss     energy_loss     forces_loss      energy_mae     energy_rmse      forces_mae     forces_rmse
                 20           0.113          0.0148           0.098           0.125           0.127          0.0281          0.0377


2025-11-20 16:46:06: Training
# epoch      batch      total_loss     energy_loss     forces_loss      energy_mae     energy_rmse      forces_mae     forces_rmse
     21          0            0.13          0.0507          0.0796           0.276           0.276          0.0271          0.0346
     21         10          0.0685           0.012          0.0566           0.134           0.134          0.0225          0.0292
     21         20          0.0574         0.00157          0.0558          0.0468          0.0487          0.0223           0.029
     21         30          0.0922         0.00786          0.0843           0.108           0.109          0.0266          0.0356
     21         40          0.0796         0.00808          0.0716           0.109            0.11          0.0244          0.0328
     21         50          0.0591         0.00416          0.0549          0.0778          0.0791           0.022          0.0288
     21         60          0.0741         0.00544          0.0687          0.0879          0.0905          0.0241          0.0322
     21         70          0.0639         0.00197          0.0619           0.053          0.0545          0.0232          0.0305
     21         80          0.0615         0.00617          0.0553          0.0955          0.0964          0.0218          0.0289
     21         90          0.0637          0.0063          0.0574          0.0948          0.0974          0.0227          0.0294
     21        100          0.0793         0.00865          0.0707           0.113           0.114          0.0246          0.0326
     21        110          0.0676        0.000201          0.0674          0.0148          0.0174          0.0242          0.0319


2025-11-20 16:46:18: Validating
# epoch      batch      total_loss     energy_loss     forces_loss      energy_mae     energy_rmse      forces_mae     forces_rmse
     21          0          0.0474        4.44e-05          0.0474         0.00683         0.00818          0.0201          0.0267
     21         10          0.0398        5.53e-05          0.0397         0.00799         0.00913           0.019          0.0244
     21         20          0.0482        0.000256          0.0479          0.0151          0.0196          0.0209          0.0269


2025-11-20 16:46:19: Epoch summary:
Validation  # epoch      total_loss     energy_loss     forces_loss      energy_mae     energy_rmse      forces_mae     forces_rmse
                 21          0.0478        7.81e-05          0.0477         0.00848          0.0104          0.0204          0.0267
Train       # epoch      total_loss     energy_loss     forces_loss      energy_mae     energy_rmse      forces_mae     forces_rmse
                 21          0.0817          0.0122          0.0695           0.108            0.11          0.0241          0.0322


2025-11-20 16:46:19: Training
# epoch      batch      total_loss     energy_loss     forces_loss      energy_mae     energy_rmse      forces_mae     forces_rmse
     22          0          0.0638          0.0063          0.0575          0.0952          0.0974          0.0224          0.0294
     22         10          0.0848        0.000242          0.0846          0.0168          0.0191          0.0271          0.0357
     22         20           0.128         0.00543           0.123          0.0872          0.0904          0.0306           0.043
     22         30          0.0614         0.00767          0.0537           0.107           0.107          0.0221          0.0284
     22         40          0.0761         0.00718           0.069           0.103           0.104          0.0249          0.0322
     22         50          0.0735         0.00397          0.0696          0.0757          0.0773          0.0246          0.0324
     22         60          0.0866          0.0318          0.0548           0.219           0.219          0.0218          0.0287
     22         70          0.0815           0.035          0.0465           0.229            0.23          0.0196          0.0265
     22         80           0.065          0.0249          0.0401           0.194           0.194          0.0188          0.0246
     22         90          0.0812         0.00659          0.0746          0.0984          0.0996          0.0245          0.0335
     22        100          0.0723         0.00261          0.0697          0.0612          0.0627           0.024          0.0324
     22        110          0.0701          0.0177          0.0524           0.163           0.163          0.0215          0.0281


2025-11-20 16:46:30: Validating
# epoch      batch      total_loss     energy_loss     forces_loss      energy_mae     energy_rmse      forces_mae     forces_rmse
     22          0          0.0453        4.34e-05          0.0452         0.00679         0.00808          0.0195          0.0261
     22         10          0.0375        4.72e-05          0.0374         0.00729         0.00843          0.0184          0.0237
     22         20          0.0457        0.000266          0.0455          0.0151            0.02          0.0204          0.0262


2025-11-20 16:46:32: Epoch summary:
Validation  # epoch      total_loss     energy_loss     forces_loss      energy_mae     energy_rmse      forces_mae     forces_rmse
                 22          0.0455        7.65e-05          0.0454          0.0084          0.0103          0.0199          0.0261
Train       # epoch      total_loss     energy_loss     forces_loss      energy_mae     energy_rmse      forces_mae     forces_rmse
                 22          0.0868          0.0156          0.0713           0.132           0.134          0.0241          0.0324


2025-11-20 16:46:32: Training
# epoch      batch      total_loss     energy_loss     forces_loss      energy_mae     energy_rmse      forces_mae     forces_rmse
     23          0          0.0849          0.0307          0.0541           0.214           0.215          0.0219          0.0286
     23         10          0.0778         0.00281           0.075          0.0633          0.0651          0.0247          0.0336
     23         20          0.0964        0.000875          0.0955          0.0322          0.0363          0.0278          0.0379
     23         30           0.125          0.0277          0.0977           0.203           0.204          0.0283          0.0384
     23         40          0.0682         0.00508          0.0631          0.0867          0.0874          0.0231          0.0308
     23         50           0.078         0.00348          0.0745          0.0707          0.0723          0.0252          0.0335
     23         60          0.0532         0.00184          0.0514          0.0514          0.0526          0.0213          0.0278
     23         70          0.0596         0.00336          0.0563            0.07          0.0711          0.0217          0.0291
     23         80          0.0536         0.00799          0.0456           0.109            0.11          0.0201          0.0262
     23         90           0.104         0.00735          0.0967           0.104           0.105           0.029          0.0382
     23        100          0.0631          0.0189          0.0442           0.168           0.169            0.02          0.0258
     23        110           0.062        0.000157          0.0618          0.0122          0.0154          0.0233          0.0305


2025-11-20 16:46:43: Validating
# epoch      batch      total_loss     energy_loss     forces_loss      energy_mae     energy_rmse      forces_mae     forces_rmse
     23          0          0.0422        3.81e-05          0.0421         0.00617         0.00757          0.0189          0.0252
     23         10          0.0355        4.79e-05          0.0355         0.00747          0.0085          0.0178          0.0231
     23         20          0.0438        0.000272          0.0435          0.0152          0.0203          0.0199          0.0256


2025-11-20 16:46:45: Epoch summary:
Validation  # epoch      total_loss     energy_loss     forces_loss      energy_mae     energy_rmse      forces_mae     forces_rmse
                 23          0.0429        7.17e-05          0.0429         0.00803         0.00992          0.0193          0.0253
Train       # epoch      total_loss     energy_loss     forces_loss      energy_mae     energy_rmse      forces_mae     forces_rmse
                 23          0.0838          0.0112          0.0724           0.105           0.107          0.0243          0.0327


2025-11-20 16:46:45: Training
# epoch      batch      total_loss     energy_loss     forces_loss      energy_mae     energy_rmse      forces_mae     forces_rmse
     24          0          0.0509         0.00151          0.0494          0.0456          0.0477           0.021          0.0273
     24         10           0.111          0.0291          0.0818           0.207           0.209          0.0265          0.0351
     24         20           0.177          0.0293           0.147           0.207            0.21          0.0364          0.0471
     24         30           0.163          0.0133           0.149           0.139           0.142          0.0366          0.0474
     24         40           0.106          0.0103          0.0956           0.123           0.125          0.0293          0.0379
     24         50          0.0944         0.00775          0.0866           0.107           0.108          0.0267          0.0361
     24         60          0.0828        0.000416          0.0824          0.0172           0.025          0.0253          0.0352
     24         70          0.0599         0.00225          0.0577          0.0572          0.0582           0.022          0.0295
     24         80          0.0621          0.0249          0.0372           0.194           0.194          0.0184          0.0237
     24         90          0.0518         0.00393          0.0478          0.0755          0.0769          0.0204          0.0268
     24        100          0.0748          0.0121          0.0627           0.134           0.135          0.0235          0.0307
     24        110          0.0488        0.000751          0.0481          0.0301          0.0336          0.0203          0.0269


2025-11-20 16:46:56: Validating
# epoch      batch      total_loss     energy_loss     forces_loss      energy_mae     energy_rmse      forces_mae     forces_rmse
     24          0          0.0402        3.63e-05          0.0402         0.00595         0.00739          0.0184          0.0246
     24         10          0.0348        4.39e-05          0.0347         0.00716         0.00813          0.0175          0.0229
     24         20          0.0424        0.000308          0.0421          0.0155          0.0215          0.0195          0.0252


2025-11-20 16:46:57: Epoch summary:
Validation  # epoch      total_loss     energy_loss     forces_loss      energy_mae     energy_rmse      forces_mae     forces_rmse
                 24          0.0412        6.88e-05          0.0412         0.00772         0.00964          0.0189          0.0248
Train       # epoch      total_loss     energy_loss     forces_loss      energy_mae     energy_rmse      forces_mae     forces_rmse
                 24           0.108           0.021          0.0875           0.141           0.143          0.0259          0.0352


2025-11-20 16:46:57: Training
# epoch      batch      total_loss     energy_loss     forces_loss      energy_mae     energy_rmse      forces_mae     forces_rmse
     25          0           0.124          0.0524          0.0715           0.279           0.281          0.0245          0.0328
     25         10          0.0965         0.00106          0.0954          0.0365            0.04          0.0265          0.0379
     25         20          0.0711        0.000243          0.0709          0.0123          0.0191          0.0247          0.0327
     25         30          0.0553         0.00398          0.0513          0.0753          0.0774          0.0207          0.0278
     25         40           0.201        0.000656           0.201          0.0235          0.0314          0.0368           0.055
     25         50           0.158         0.00109           0.157          0.0286          0.0405          0.0337          0.0485
     25         60           0.223         0.00125           0.222          0.0341          0.0434          0.0435          0.0578
     25         70          0.0588         0.00146          0.0574          0.0445          0.0469          0.0222          0.0294
     25         80           0.104         0.00767          0.0964           0.102           0.107          0.0285          0.0381
     25         90          0.0964         0.00672          0.0896          0.0995           0.101          0.0266          0.0367
     25        100           0.063         0.00854          0.0544           0.111           0.113          0.0217          0.0286
     25        110           0.038         0.00106           0.037          0.0385            0.04          0.0183          0.0236


2025-11-20 16:47:08: Validating
# epoch      batch      total_loss     energy_loss     forces_loss      energy_mae     energy_rmse      forces_mae     forces_rmse
     25          0          0.0395         4.5e-05          0.0395          0.0069         0.00823          0.0182          0.0244
     25         10           0.034        2.78e-05          0.0339          0.0055         0.00647          0.0173          0.0226
     25         20          0.0403        0.000301            0.04          0.0157          0.0213          0.0189          0.0246


2025-11-20 16:47:09: Epoch summary:
Validation  # epoch      total_loss     energy_loss     forces_loss      energy_mae     energy_rmse      forces_mae     forces_rmse
                 25          0.0398        7.35e-05          0.0397         0.00822            0.01          0.0186          0.0244
Train       # epoch      total_loss     energy_loss     forces_loss      energy_mae     energy_rmse      forces_mae     forces_rmse
                 25           0.106         0.00955          0.0964          0.0996           0.102          0.0273           0.037


2025-11-20 16:47:10: Training
# epoch      batch      total_loss     energy_loss     forces_loss      energy_mae     energy_rmse      forces_mae     forces_rmse
     26          0          0.0422         0.00136          0.0408           0.043          0.0453          0.0196          0.0248
     26         10          0.0464        0.000557          0.0458          0.0252           0.029          0.0201          0.0263
     26         20          0.0744           0.009          0.0654           0.115           0.116          0.0228          0.0314
     26         30           0.061         0.00389          0.0571          0.0753          0.0766           0.022          0.0293
     26         40          0.0591        0.000807          0.0583          0.0321          0.0349          0.0228          0.0296
     26         50          0.0618        8.16e-05          0.0618         0.00946          0.0111          0.0223          0.0305
     26         60          0.0659         0.00437          0.0615          0.0773          0.0811          0.0232          0.0304
     26         70          0.0467        0.000363          0.0463          0.0208          0.0234          0.0198          0.0264
     26         80          0.0416        0.000131          0.0415          0.0122           0.014          0.0194           0.025
     26         90          0.0462        0.000184           0.046          0.0126          0.0166            0.02          0.0263
     26        100          0.0557        0.000127          0.0556          0.0119          0.0138          0.0216          0.0289
     26        110          0.0521         0.00108           0.051          0.0368          0.0403           0.021          0.0277


2025-11-20 16:47:21: Validating
# epoch      batch      total_loss     energy_loss     forces_loss      energy_mae     energy_rmse      forces_mae     forces_rmse
     26          0          0.0381         3.9e-05          0.0381         0.00631         0.00766          0.0179          0.0239
     26         10          0.0321        3.25e-05          0.0321           0.006         0.00699          0.0168           0.022
     26         20          0.0387        0.000265          0.0384          0.0145            0.02          0.0185           0.024


2025-11-20 16:47:22: Epoch summary:
Validation  # epoch      total_loss     energy_loss     forces_loss      energy_mae     energy_rmse      forces_mae     forces_rmse
                 26          0.0379        6.76e-05          0.0379         0.00784         0.00964          0.0181          0.0238
Train       # epoch      total_loss     energy_loss     forces_loss      energy_mae     energy_rmse      forces_mae     forces_rmse
                 26          0.0519         0.00174          0.0502          0.0408          0.0429          0.0206          0.0274


2025-11-20 16:47:22: Training
# epoch      batch      total_loss     energy_loss     forces_loss      energy_mae     energy_rmse      forces_mae     forces_rmse
     27          0          0.0406        0.000255          0.0403          0.0174          0.0196          0.0186          0.0246
     27         10          0.0296        0.000848          0.0288          0.0345          0.0357          0.0161          0.0208
     27         20          0.0401        0.000324          0.0398          0.0212          0.0221          0.0189          0.0245
     27         30          0.0386        0.000558          0.0381          0.0272           0.029          0.0183          0.0239
     27         40          0.0506         0.00442          0.0462          0.0802          0.0816          0.0201          0.0264
     27         50          0.0643         0.00613          0.0582          0.0946          0.0961           0.022          0.0296
     27         60          0.0919          0.0176          0.0743           0.162           0.163          0.0255          0.0334
     27         70           0.106         0.00329           0.103          0.0669          0.0704          0.0281          0.0393
     27         80          0.0756        0.000626           0.075          0.0281          0.0307          0.0237          0.0336
     27         90          0.0519         0.00113          0.0508          0.0403          0.0412          0.0212          0.0276
     27        100          0.0475          0.0152          0.0323           0.151           0.151          0.0171          0.0221
     27        110          0.0629         0.00594           0.057          0.0928          0.0945          0.0214          0.0293


2025-11-20 16:47:34: Validating
# epoch      batch      total_loss     energy_loss     forces_loss      energy_mae     energy_rmse      forces_mae     forces_rmse
     27          0          0.0368        5.38e-05          0.0367         0.00739           0.009          0.0177          0.0235
     27         10          0.0306        2.56e-05          0.0306         0.00491         0.00621          0.0164          0.0215
     27         20          0.0366        0.000291          0.0363          0.0156          0.0209           0.018          0.0234


2025-11-20 16:47:35: Epoch summary:
Validation  # epoch      total_loss     energy_loss     forces_loss      energy_mae     energy_rmse      forces_mae     forces_rmse
                 27          0.0361        7.95e-05           0.036          0.0088          0.0105          0.0176          0.0232
Train       # epoch      total_loss     energy_loss     forces_loss      energy_mae     energy_rmse      forces_mae     forces_rmse
                 27           0.064         0.00492          0.0591           0.067          0.0691          0.0217          0.0293


2025-11-20 16:47:35: Training
# epoch      batch      total_loss     energy_loss     forces_loss      energy_mae     energy_rmse      forces_mae     forces_rmse
     28          0          0.0465          0.0013          0.0452          0.0427          0.0442          0.0201          0.0261
     28         10          0.0469        0.000798          0.0461          0.0317          0.0347          0.0203          0.0264
     28         20          0.0826        0.000223          0.0824          0.0157          0.0183          0.0252          0.0352
     28         30          0.0774          0.0131          0.0643           0.139            0.14          0.0237          0.0311
     28         40          0.0549         0.00608          0.0489           0.095          0.0957          0.0208          0.0271
     28         50          0.0386        0.000901          0.0377          0.0312          0.0368          0.0179          0.0238
     28         60          0.0345        0.000433           0.034          0.0243          0.0255          0.0174          0.0226
     28         70          0.0293        0.000913          0.0284          0.0358          0.0371          0.0157          0.0207
     28         80          0.0378         0.00196          0.0358           0.054          0.0543           0.018          0.0232
     28         90          0.0461        0.000392          0.0457          0.0227          0.0243          0.0201          0.0262
     28        100          0.0499          0.0107          0.0392           0.126           0.127           0.019          0.0243
     28        110          0.0451         0.00052          0.0446          0.0264           0.028          0.0199          0.0259


2025-11-20 16:47:47: Validating
# epoch      batch      total_loss     energy_loss     forces_loss      energy_mae     energy_rmse      forces_mae     forces_rmse
     28          0          0.0353        4.58e-05          0.0353         0.00671          0.0083          0.0173          0.0231
     28         10          0.0293        2.94e-05          0.0292         0.00549         0.00665           0.016           0.021
     28         20          0.0341        0.000287          0.0338          0.0153          0.0208          0.0174          0.0226


2025-11-20 16:47:48: Epoch summary:
Validation  # epoch      total_loss     energy_loss     forces_loss      energy_mae     energy_rmse      forces_mae     forces_rmse
                 28          0.0345        7.17e-05          0.0345         0.00823         0.00995          0.0172          0.0227
Train       # epoch      total_loss     energy_loss     forces_loss      energy_mae     energy_rmse      forces_mae     forces_rmse
                 28          0.0559         0.00535          0.0506          0.0681          0.0699          0.0204          0.0272


2025-11-20 16:47:48: Training
# epoch      batch      total_loss     energy_loss     forces_loss      energy_mae     energy_rmse      forces_mae     forces_rmse
     29          0          0.0378        0.000171          0.0376          0.0144           0.016          0.0182          0.0238
     29         10          0.0423         0.00279          0.0395          0.0639          0.0648           0.019          0.0244
     29         20          0.0391        0.000197          0.0389          0.0146          0.0172          0.0187          0.0242
     29         30          0.0338         8.6e-05          0.0337         0.00943          0.0114          0.0174          0.0225
     29         40          0.0361         0.00151          0.0346          0.0468          0.0477          0.0175          0.0228
     29         50          0.0476         0.00909          0.0385           0.117           0.117          0.0183          0.0241
     29         60          0.0367         0.00147          0.0352          0.0459          0.0471          0.0176           0.023
     29         70          0.0383          0.0016          0.0367          0.0483          0.0491          0.0182          0.0235
     29         80          0.0318        0.000793           0.031          0.0337          0.0345          0.0165          0.0216
     29         90          0.0359         0.00106          0.0349          0.0386            0.04          0.0175          0.0229
     29        100          0.0476        0.000384          0.0472          0.0209           0.024          0.0204          0.0267
     29        110          0.0706         0.00869           0.062           0.113           0.114          0.0224          0.0305


2025-11-20 16:48:00: Validating
# epoch      batch      total_loss     energy_loss     forces_loss      energy_mae     energy_rmse      forces_mae     forces_rmse
     29          0          0.0333        3.83e-05          0.0333         0.00625         0.00759          0.0168          0.0224
     29         10          0.0276        2.99e-05          0.0276         0.00571         0.00671          0.0155          0.0204
     29         20          0.0326         0.00029          0.0323           0.015          0.0209           0.017          0.0221


2025-11-20 16:48:01: Epoch summary:
Validation  # epoch      total_loss     energy_loss     forces_loss      energy_mae     energy_rmse      forces_mae     forces_rmse
                 29          0.0329        6.56e-05          0.0329         0.00768         0.00946          0.0168          0.0222
Train       # epoch      total_loss     energy_loss     forces_loss      energy_mae     energy_rmse      forces_mae     forces_rmse
                 29          0.0403         0.00143          0.0388          0.0369          0.0388          0.0183          0.0241


2025-11-20 16:48:01: Training
# epoch      batch      total_loss     energy_loss     forces_loss      energy_mae     energy_rmse      forces_mae     forces_rmse
     30          0          0.0866         0.00212          0.0844          0.0516          0.0565          0.0264          0.0357
     30         10          0.0429        0.000654          0.0423          0.0296          0.0314          0.0196          0.0252
     30         20          0.0812        0.000309          0.0809          0.0178          0.0216           0.025          0.0349
     30         30          0.0652        0.000466          0.0647          0.0231          0.0265          0.0233          0.0312
     30         40          0.0503         0.00941          0.0409           0.119           0.119           0.019          0.0248
     30         50          0.0547        0.000271          0.0544          0.0163          0.0202          0.0214          0.0286
     30         60          0.0432        0.000382          0.0428          0.0222           0.024          0.0192          0.0254
     30         70          0.0473         0.00036          0.0469          0.0184          0.0233          0.0202          0.0266
     30         80          0.0604         0.00718          0.0532           0.102           0.104           0.021          0.0283
     30         90          0.0372        0.000226          0.0369          0.0149          0.0184           0.018          0.0236
     30        100          0.0375         0.00247           0.035            0.06           0.061          0.0176           0.023
     30        110          0.0797         0.00801          0.0717           0.108            0.11          0.0244          0.0329


2025-11-20 16:48:13: Validating
# epoch      batch      total_loss     energy_loss     forces_loss      energy_mae     energy_rmse      forces_mae     forces_rmse
     30          0          0.0319         4.4e-05          0.0319         0.00654         0.00814          0.0164          0.0219
     30         10           0.027        2.57e-05           0.027         0.00494         0.00622          0.0153          0.0202
     30         20          0.0312        0.000323          0.0309          0.0159          0.0221          0.0166          0.0216


2025-11-20 16:48:14: Epoch summary:
Validation  # epoch      total_loss     energy_loss     forces_loss      energy_mae     energy_rmse      forces_mae     forces_rmse
                 30          0.0317        6.93e-05          0.0316         0.00799         0.00971          0.0165          0.0217
Train       # epoch      total_loss     energy_loss     forces_loss      energy_mae     energy_rmse      forces_mae     forces_rmse
                 30          0.0618         0.00698          0.0547          0.0754          0.0775          0.0212          0.0284


2025-11-20 16:48:14: Training
# epoch      batch      total_loss     energy_loss     forces_loss      energy_mae     energy_rmse      forces_mae     forces_rmse
     31          0          0.0897         0.00244          0.0873          0.0543          0.0606          0.0263          0.0362
     31         10          0.0497         0.00537          0.0443          0.0897            0.09          0.0194          0.0258
     31         20          0.0577        0.000244          0.0575          0.0145          0.0192          0.0215          0.0294
     31         30          0.0381        0.000296          0.0378           0.019          0.0211          0.0178          0.0238
     31         40          0.0564         0.00696          0.0494           0.101           0.102          0.0196          0.0273
     31         50          0.0532         0.00736          0.0458           0.104           0.105          0.0201          0.0263
     31         60          0.0495         0.00423          0.0453          0.0788          0.0798          0.0197          0.0261
     31         70          0.0449        0.000186          0.0447          0.0145          0.0167          0.0198          0.0259
     31         80          0.0705        0.000386          0.0701          0.0211          0.0241          0.0239          0.0325
     31         90          0.0538          0.0137          0.0401           0.143           0.144          0.0189          0.0246
     31        100          0.0348         0.00379           0.031          0.0751          0.0756          0.0165          0.0216
     31        110          0.0378        0.000135          0.0376          0.0121          0.0143          0.0181          0.0238


2025-11-20 16:48:26: Validating
# epoch      batch      total_loss     energy_loss     forces_loss      energy_mae     energy_rmse      forces_mae     forces_rmse
     31          0          0.0301        3.51e-05            0.03         0.00594         0.00727           0.016          0.0213
     31         10          0.0262        2.74e-05          0.0262         0.00533         0.00642           0.015          0.0199
     31         20          0.0297        0.000295          0.0294          0.0146          0.0211          0.0162           0.021


2025-11-20 16:48:27: Epoch summary:
Validation  # epoch      total_loss     energy_loss     forces_loss      energy_mae     energy_rmse      forces_mae     forces_rmse
                 31          0.0303         5.8e-05          0.0302         0.00716         0.00883          0.0161          0.0213
Train       # epoch      total_loss     energy_loss     forces_loss      energy_mae     energy_rmse      forces_mae     forces_rmse
                 31          0.0504         0.00448           0.046           0.066          0.0679          0.0196          0.0261


2025-11-20 16:48:27: Training
# epoch      batch      total_loss     energy_loss     forces_loss      energy_mae     energy_rmse      forces_mae     forces_rmse
     32          0          0.0381        0.000519          0.0376          0.0257           0.028          0.0177          0.0238
     32         10          0.0647         0.00164           0.063          0.0476          0.0497           0.022          0.0308
     32         20          0.0356         0.00218          0.0334          0.0566          0.0573          0.0173          0.0224
     32         30          0.0495        0.000294          0.0492          0.0163           0.021          0.0203          0.0272
     32         40          0.0443         0.00256          0.0417          0.0606          0.0621          0.0191          0.0251
     32         50          0.0444        0.000406           0.044          0.0216          0.0247          0.0191          0.0257
     32         60          0.0366        4.72e-05          0.0366         0.00685         0.00843           0.018          0.0235
     32         70          0.0707          0.0288          0.0419           0.207           0.208          0.0189          0.0251
     32         80           0.126          0.0808          0.0448           0.349           0.349          0.0195           0.026
     32         90          0.0854         0.00267          0.0827          0.0611          0.0634          0.0267          0.0353
     32        100          0.0953          0.0316          0.0637           0.217           0.218          0.0234           0.031
     32        110          0.0605          0.0165           0.044           0.157           0.157          0.0194          0.0257


2025-11-20 16:48:38: Validating
# epoch      batch      total_loss     energy_loss     forces_loss      energy_mae     energy_rmse      forces_mae     forces_rmse
     32          0          0.0294        2.96e-05          0.0294         0.00579         0.00668          0.0158           0.021
     32         10          0.0252        4.19e-05          0.0252         0.00702         0.00794          0.0148          0.0195
     32         20          0.0284        0.000281          0.0281          0.0132          0.0206          0.0159          0.0206


2025-11-20 16:48:39: Epoch summary:
Validation  # epoch      total_loss     energy_loss     forces_loss      energy_mae     energy_rmse      forces_mae     forces_rmse
                 32          0.0293        5.18e-05          0.0293         0.00633         0.00825          0.0158          0.0209
Train       # epoch      total_loss     energy_loss     forces_loss      energy_mae     energy_rmse      forces_mae     forces_rmse
                 32          0.0601          0.0125          0.0475           0.103           0.104          0.0198          0.0264


2025-11-20 16:48:40: Training
# epoch      batch      total_loss     energy_loss     forces_loss      energy_mae     energy_rmse      forces_mae     forces_rmse
     33          0          0.0602          0.0223           0.038           0.183           0.183          0.0183          0.0239
     33         10          0.0618         0.00171          0.0601          0.0486          0.0508          0.0224          0.0301
     33         20          0.0607         0.00184          0.0589           0.052          0.0527          0.0221          0.0298
     33         30          0.0501         0.00257          0.0475          0.0601          0.0622          0.0191          0.0267
     33         40           0.134          0.0854          0.0483           0.358           0.359          0.0205           0.027
     33         50           0.082          0.0126          0.0694           0.136           0.138          0.0235          0.0323
     33         60           0.113          0.0164           0.097           0.155           0.157           0.027          0.0382
     33         70          0.0688         0.00242          0.0664          0.0575          0.0604          0.0236          0.0316
     33         80          0.0796         0.00429          0.0753          0.0768          0.0803           0.024          0.0337
     33         90          0.0864         0.00455          0.0819          0.0809          0.0828          0.0231          0.0351
     33        100           0.052          0.0101          0.0419           0.123           0.124           0.019          0.0251
     33        110          0.0371          0.0081           0.029            0.11            0.11          0.0157          0.0209


2025-11-20 16:48:51: Validating
# epoch      batch      total_loss     energy_loss     forces_loss      energy_mae     energy_rmse      forces_mae     forces_rmse
     33          0          0.0289        3.73e-05          0.0289         0.00628          0.0075          0.0156          0.0208
     33         10          0.0244        2.76e-05          0.0244         0.00567         0.00644          0.0145          0.0192
     33         20          0.0277        0.000325          0.0273          0.0143          0.0221          0.0157          0.0203


2025-11-20 16:48:52: Epoch summary:
Validation  # epoch      total_loss     energy_loss     forces_loss      energy_mae     energy_rmse      forces_mae     forces_rmse
                 33          0.0287        5.65e-05          0.0287         0.00694         0.00865          0.0157          0.0207
Train       # epoch      total_loss     energy_loss     forces_loss      energy_mae     energy_rmse      forces_mae     forces_rmse
                 33          0.0776           0.012          0.0656           0.113           0.115          0.0225          0.0309


2025-11-20 16:48:52: Training
# epoch      batch      total_loss     energy_loss     forces_loss      energy_mae     energy_rmse      forces_mae     forces_rmse
     34          0          0.0446          0.0039          0.0407           0.076          0.0767          0.0185          0.0247
     34         10          0.0367         0.00125          0.0354          0.0413          0.0434           0.018          0.0231
     34         20          0.0415        0.000998          0.0405          0.0357          0.0388          0.0183          0.0247
     34         30           0.029         0.00437          0.0246          0.0806          0.0811          0.0149          0.0192
     34         40           0.057         0.00048          0.0566          0.0258          0.0269          0.0219          0.0292
     34         50          0.0444         0.00595          0.0385          0.0943          0.0947          0.0187          0.0241
     34         60          0.0951          0.0192          0.0758           0.169            0.17          0.0235          0.0338
     34         70          0.0472         0.00682          0.0404           0.101           0.101          0.0188          0.0247
     34         80           0.064         0.00161          0.0624          0.0474          0.0493           0.022          0.0307
     34         90           0.042         0.00125          0.0407          0.0418          0.0435          0.0193          0.0248
     34        100          0.0353        0.000236          0.0351           0.015          0.0189          0.0179           0.023
     34        110          0.0495         0.00192          0.0476          0.0509          0.0538          0.0204          0.0268


2025-11-20 16:49:03: Validating
# epoch      batch      total_loss     energy_loss     forces_loss      energy_mae     energy_rmse      forces_mae     forces_rmse
     34          0          0.0284        3.48e-05          0.0283         0.00614         0.00724          0.0155          0.0207
     34         10          0.0238        2.79e-05          0.0238         0.00583         0.00648          0.0143          0.0189
     34         20          0.0273        0.000339           0.027          0.0142          0.0226          0.0155          0.0201


2025-11-20 16:49:04: Epoch summary:
Validation  # epoch      total_loss     energy_loss     forces_loss      energy_mae     energy_rmse      forces_mae     forces_rmse
                 34          0.0281        5.47e-05           0.028         0.00672         0.00844          0.0154          0.0205
Train       # epoch      total_loss     energy_loss     forces_loss      energy_mae     energy_rmse      forces_mae     forces_rmse
                 34           0.056         0.00606          0.0499          0.0736          0.0753          0.0202          0.0269


2025-11-20 16:49:04: Training
# epoch      batch      total_loss     energy_loss     forces_loss      energy_mae     energy_rmse      forces_mae     forces_rmse
     35          0          0.0441         0.00192          0.0422          0.0521          0.0538          0.0183          0.0252
     35         10          0.0305         0.00182          0.0286          0.0514          0.0523          0.0159          0.0208
     35         20           0.111        0.000886            0.11          0.0264          0.0365          0.0272          0.0406
     35         30          0.0951         0.00713          0.0879           0.101           0.104          0.0248          0.0364
     35         40          0.0884          0.0474           0.041           0.267           0.267          0.0187          0.0248
     35         50           0.096          0.0362          0.0597           0.232           0.234          0.0228            0.03
     35         60          0.0603          0.0133           0.047           0.141           0.142          0.0205          0.0266
     35         70          0.0349        0.000106          0.0348          0.0103          0.0126          0.0172          0.0229
     35         80          0.0569         0.00196           0.055          0.0524          0.0543          0.0211          0.0288
     35         90          0.0966         0.00567          0.0909          0.0891          0.0924          0.0239           0.037
     35        100            0.04        0.000151          0.0399          0.0125          0.0151           0.018          0.0245
     35        110          0.0712        0.000374          0.0708          0.0148          0.0237          0.0244          0.0327


2025-11-20 16:49:14: Validating
# epoch      batch      total_loss     energy_loss     forces_loss      energy_mae     energy_rmse      forces_mae     forces_rmse
     35          0          0.0279        3.37e-05          0.0279         0.00624         0.00712          0.0153          0.0205
     35         10          0.0233        3.13e-05          0.0233         0.00598         0.00687          0.0142          0.0187
     35         20          0.0263        0.000351          0.0259          0.0143           0.023          0.0152          0.0198


2025-11-20 16:49:16: Epoch summary:
Validation  # epoch      total_loss     energy_loss     forces_loss      energy_mae     energy_rmse      forces_mae     forces_rmse
                 35          0.0274        5.27e-05          0.0274         0.00653         0.00824          0.0152          0.0202
Train       # epoch      total_loss     energy_loss     forces_loss      energy_mae     energy_rmse      forces_mae     forces_rmse
                 35          0.0609         0.00741          0.0533          0.0812          0.0833          0.0204          0.0278


2025-11-20 16:49:16: Training
# epoch      batch      total_loss     energy_loss     forces_loss      energy_mae     energy_rmse      forces_mae     forces_rmse
     36          0          0.0731          0.0054          0.0677          0.0895          0.0902          0.0241          0.0319
     36         10          0.0728         0.00932          0.0635           0.118           0.118           0.024          0.0309
     36         20          0.0573         0.00189          0.0554          0.0522          0.0533          0.0218          0.0289
     36         30          0.0519        0.000326          0.0515          0.0193          0.0221            0.02          0.0279
     36         40          0.0327        5.99e-05          0.0327         0.00737          0.0095          0.0169          0.0222
     36         50          0.0371        0.000188          0.0369          0.0158          0.0168          0.0182          0.0236
     36         60          0.0435         0.00328          0.0402          0.0689          0.0703          0.0186          0.0246
     36         70          0.0432        0.000474          0.0427          0.0193          0.0267          0.0191          0.0254
     36         80          0.0431        0.000298          0.0428          0.0197          0.0212          0.0192          0.0254
     36         90          0.0883         0.00783          0.0805           0.106           0.109           0.023          0.0348
     36        100          0.0351        0.000325          0.0348          0.0199          0.0221           0.017          0.0229
     36        110          0.0316        0.000287          0.0313          0.0168          0.0208          0.0168          0.0217


2025-11-20 16:49:27: Validating
# epoch      batch      total_loss     energy_loss     forces_loss      energy_mae     energy_rmse      forces_mae     forces_rmse
     36          0          0.0275        3.76e-05          0.0275         0.00658         0.00753           0.015          0.0204
     36         10          0.0228        3.42e-05          0.0228         0.00627         0.00718          0.0141          0.0185
     36         20          0.0253        0.000333           0.025           0.014          0.0224          0.0149          0.0194


2025-11-20 16:49:28: Epoch summary:
Validation  # epoch      total_loss     energy_loss     forces_loss      energy_mae     energy_rmse      forces_mae     forces_rmse
                 36          0.0268        5.32e-05          0.0268         0.00665         0.00835           0.015            0.02
Train       # epoch      total_loss     energy_loss     forces_loss      energy_mae     energy_rmse      forces_mae     forces_rmse
                 36          0.0513         0.00363          0.0477          0.0588          0.0608          0.0196          0.0264


2025-11-20 16:49:28: Training
# epoch      batch      total_loss     energy_loss     forces_loss      energy_mae     energy_rmse      forces_mae     forces_rmse
     37          0          0.0347         0.00119          0.0335            0.04          0.0424          0.0166          0.0224
     37         10          0.0353         0.00129           0.034          0.0431           0.044          0.0174          0.0226
     37         20          0.0315         0.00181          0.0297          0.0512          0.0522          0.0161          0.0212
     37         30          0.0524        8.54e-05          0.0523         0.00958          0.0113          0.0189          0.0281
     37         40           0.037         0.00293          0.0341          0.0653          0.0664           0.017          0.0226
     37         50          0.0423        0.000911          0.0414          0.0272           0.037          0.0187           0.025
     37         60          0.0375         0.00104          0.0365          0.0382          0.0395          0.0174          0.0234
     37         70          0.0331           9e-05           0.033         0.00977          0.0116          0.0166          0.0223
     37         80          0.0288        0.000198          0.0286           0.016          0.0173          0.0161          0.0207
     37         90          0.0335        0.000612          0.0329          0.0282          0.0303          0.0168          0.0223
     37        100          0.0836        0.000505          0.0831            0.02          0.0276          0.0248          0.0354
     37        110            0.13         0.00477           0.125          0.0806          0.0847          0.0276          0.0434


2025-11-20 16:49:39: Validating
# epoch      batch      total_loss     energy_loss     forces_loss      energy_mae     energy_rmse      forces_mae     forces_rmse
     37          0          0.0254        4.07e-05          0.0254         0.00651         0.00783          0.0147          0.0196
     37         10          0.0223        2.64e-05          0.0223         0.00554         0.00631          0.0139          0.0183
     37         20           0.025        0.000324          0.0247          0.0143          0.0221          0.0147          0.0193


2025-11-20 16:49:41: Epoch summary:
Validation  # epoch      total_loss     energy_loss     forces_loss      energy_mae     energy_rmse      forces_mae     forces_rmse
                 37           0.026        5.45e-05           0.026         0.00683         0.00848          0.0148          0.0197
Train       # epoch      total_loss     energy_loss     forces_loss      energy_mae     energy_rmse      forces_mae     forces_rmse
                 37           0.043         0.00228          0.0408          0.0468           0.049           0.018          0.0244


2025-11-20 16:49:41: Training
# epoch      batch      total_loss     energy_loss     forces_loss      energy_mae     energy_rmse      forces_mae     forces_rmse
     38          0           0.107          0.0338           0.073           0.225           0.226          0.0242          0.0332
     38         10          0.0568          0.0232          0.0336           0.187           0.187          0.0171          0.0225
     38         20          0.0397         0.00214          0.0376          0.0561          0.0567          0.0179          0.0238
     38         30          0.0467         0.00248          0.0442          0.0591          0.0611          0.0194          0.0258
     38         40          0.0652           0.016          0.0491           0.155           0.155          0.0199          0.0272
     38         50          0.0868          0.0421          0.0447           0.251           0.252          0.0198          0.0259
     38         60          0.0421         0.00662          0.0355          0.0984          0.0998          0.0178          0.0231
     38         70          0.0418         0.00158          0.0402          0.0478          0.0488          0.0173          0.0246
     38         80          0.0325        0.000209          0.0323          0.0155          0.0177          0.0164           0.022
     38         90          0.0303        0.000599          0.0297          0.0289            0.03          0.0163          0.0212
     38        100          0.0644         0.00246          0.0619          0.0592          0.0609          0.0203          0.0305
     38        110          0.0436        6.39e-05          0.0435         0.00855         0.00981           0.019          0.0256


2025-11-20 16:49:52: Validating
# epoch      batch      total_loss     energy_loss     forces_loss      energy_mae     energy_rmse      forces_mae     forces_rmse
     38          0          0.0246        5.48e-05          0.0245         0.00756         0.00908          0.0144          0.0192
     38         10           0.022        1.97e-05           0.022         0.00451         0.00544          0.0137          0.0182
     38         20          0.0248        0.000343          0.0244          0.0152          0.0227          0.0146          0.0192


2025-11-20 16:49:54: Epoch summary:
Validation  # epoch      total_loss     energy_loss     forces_loss      energy_mae     energy_rmse      forces_mae     forces_rmse
                 38          0.0255        5.97e-05          0.0254         0.00732         0.00892          0.0146          0.0195
Train       # epoch      total_loss     energy_loss     forces_loss      energy_mae     energy_rmse      forces_mae     forces_rmse
                 38          0.0506         0.00909          0.0415          0.0866          0.0884          0.0185          0.0248


2025-11-20 16:49:54: Training
# epoch      batch      total_loss     energy_loss     forces_loss      energy_mae     energy_rmse      forces_mae     forces_rmse
     39          0          0.0361        0.000156          0.0359          0.0109          0.0153          0.0177          0.0233
     39         10          0.0353        0.000231          0.0351          0.0169          0.0187          0.0172           0.023
     39         20          0.0386         0.00174          0.0369          0.0492          0.0512           0.018          0.0236
     39         30          0.0665        0.000272          0.0662          0.0135          0.0202          0.0216          0.0316
     39         40          0.0511        0.000657          0.0505          0.0283          0.0315          0.0211          0.0276
     39         50          0.0351         0.00409           0.031          0.0781          0.0785          0.0163          0.0216
     39         60          0.0342        0.000437          0.0338          0.0237          0.0256          0.0175          0.0226
     39         70          0.0781          0.0012          0.0769          0.0398          0.0425          0.0238           0.034
     39         80          0.0672         0.00797          0.0592           0.109            0.11          0.0203          0.0299
     39         90          0.0563         0.00131           0.055          0.0405          0.0445          0.0209          0.0288
     39        100          0.0301         0.00115           0.029          0.0409          0.0417          0.0161          0.0209
     39        110          0.0371        0.000127          0.0369          0.0116          0.0138          0.0179          0.0236


2025-11-20 16:50:05: Validating
# epoch      batch      total_loss     energy_loss     forces_loss      energy_mae     energy_rmse      forces_mae     forces_rmse
     39          0          0.0238        5.33e-05          0.0238          0.0076         0.00896          0.0142          0.0189
     39         10          0.0214        2.07e-05          0.0214         0.00466         0.00558          0.0135          0.0179
     39         20           0.024         0.00038          0.0236          0.0157          0.0239          0.0144          0.0189


2025-11-20 16:50:06: Epoch summary:
Validation  # epoch      total_loss     energy_loss     forces_loss      energy_mae     energy_rmse      forces_mae     forces_rmse
                 39          0.0249        6.07e-05          0.0248         0.00733         0.00892          0.0144          0.0192
Train       # epoch      total_loss     energy_loss     forces_loss      energy_mae     energy_rmse      forces_mae     forces_rmse
                 39          0.0507          0.0041          0.0466          0.0629          0.0649          0.0193          0.0261


2025-11-20 16:50:06: Training
# epoch      batch      total_loss     energy_loss     forces_loss      energy_mae     energy_rmse      forces_mae     forces_rmse
     40          0          0.0356        0.000601           0.035          0.0291          0.0301          0.0173           0.023
     40         10          0.0335        0.000105          0.0334           0.011          0.0126          0.0167          0.0224
     40         20          0.0258        0.000438          0.0254          0.0239          0.0257          0.0152          0.0195
     40         30          0.0617          0.0015          0.0602          0.0462          0.0475           0.022          0.0301
     40         40          0.0623         0.00192          0.0604          0.0507          0.0537          0.0217          0.0302
     40         50          0.0407        0.000503          0.0402           0.025          0.0275          0.0186          0.0246
     40         60          0.0427        0.000711           0.042          0.0294          0.0327          0.0185          0.0251
     40         70          0.0676         0.00103          0.0666          0.0337          0.0393          0.0217          0.0317
     40         80          0.0411        0.000258          0.0408          0.0143          0.0197          0.0184          0.0248
     40         90          0.0505         0.00104          0.0495          0.0372          0.0396          0.0204          0.0273
     40        100          0.0424          0.0069          0.0355           0.101           0.102          0.0176          0.0231
     40        110          0.0591         0.00309           0.056          0.0645          0.0682          0.0215           0.029


2025-11-20 16:50:17: Validating
# epoch      batch      total_loss     energy_loss     forces_loss      energy_mae     energy_rmse      forces_mae     forces_rmse
     40          0          0.0231        5.15e-05          0.0231         0.00743         0.00881           0.014          0.0186
     40         10           0.021        2.07e-05           0.021         0.00469         0.00558          0.0134          0.0178
     40         20          0.0243        0.000364           0.024          0.0154          0.0234          0.0143           0.019


2025-11-20 16:50:18: Epoch summary:
Validation  # epoch      total_loss     energy_loss     forces_loss      energy_mae     energy_rmse      forces_mae     forces_rmse
                 40          0.0244        5.77e-05          0.0243         0.00715          0.0087          0.0143          0.0191
Train       # epoch      total_loss     energy_loss     forces_loss      energy_mae     energy_rmse      forces_mae     forces_rmse
                 40           0.049         0.00359          0.0454          0.0547          0.0571           0.019          0.0258


2025-11-20 16:50:18: Training
# epoch      batch      total_loss     energy_loss     forces_loss      energy_mae     energy_rmse      forces_mae     forces_rmse
     41          0          0.0409         0.00154          0.0394          0.0468          0.0481          0.0177          0.0244
     41         10          0.0509         0.00295          0.0479          0.0636          0.0666          0.0196          0.0269
     41         20          0.0385         0.00215          0.0364          0.0562          0.0569          0.0179          0.0234
     41         30           0.045         0.00118          0.0438          0.0414          0.0422          0.0194          0.0257
     41         40          0.0483        0.000734          0.0475          0.0291          0.0332          0.0193          0.0268
     41         50          0.0336        0.000717          0.0328          0.0288          0.0329          0.0171          0.0222
     41         60          0.0617        0.000385          0.0613           0.021          0.0241          0.0207          0.0304
     41         70          0.0424        0.000387           0.042          0.0221          0.0241          0.0192          0.0252
     41         80          0.0357         0.00103          0.0347          0.0375          0.0394          0.0175          0.0228
     41         90          0.0784        0.000764          0.0777          0.0325          0.0339          0.0235          0.0342
     41        100          0.0574         0.00126          0.0561            0.04          0.0436          0.0211          0.0291
     41        110          0.0618          0.0022          0.0596          0.0561          0.0575          0.0217          0.0299


2025-11-20 16:50:29: Validating
# epoch      batch      total_loss     energy_loss     forces_loss      energy_mae     energy_rmse      forces_mae     forces_rmse
     41          0          0.0226        5.08e-05          0.0225          0.0073         0.00875          0.0138          0.0184
     41         10          0.0207        2.04e-05          0.0206         0.00476         0.00554          0.0132          0.0176
     41         20          0.0233        0.000363          0.0229          0.0148          0.0234           0.014          0.0186


2025-11-20 16:50:30: Epoch summary:
Validation  # epoch      total_loss     energy_loss     forces_loss      energy_mae     energy_rmse      forces_mae     forces_rmse
                 41           0.024        5.35e-05          0.0239         0.00674          0.0083          0.0141          0.0189
Train       # epoch      total_loss     energy_loss     forces_loss      energy_mae     energy_rmse      forces_mae     forces_rmse
                 41          0.0479          0.0013          0.0466          0.0359          0.0382          0.0192          0.0262


2025-11-20 16:50:30: Training
# epoch      batch      total_loss     energy_loss     forces_loss      energy_mae     energy_rmse      forces_mae     forces_rmse
     42          0          0.0625         0.00816          0.0543            0.11           0.111          0.0208          0.0286
     42         10          0.0771          0.0131          0.0641           0.138            0.14          0.0229          0.0311
     42         20          0.0485           0.012          0.0365           0.134           0.134          0.0176          0.0234
     42         30          0.0375          0.0032          0.0343          0.0688          0.0695           0.017          0.0227
     42         40           0.027        0.000315          0.0267          0.0208          0.0218          0.0153            0.02
     42         50           0.037        0.000144          0.0369          0.0115          0.0147          0.0177          0.0236
     42         60          0.0348        0.000884          0.0339          0.0343          0.0365          0.0172          0.0226
     42         70          0.0846         0.00533          0.0792          0.0882          0.0896          0.0235          0.0345
     42         80           0.049        0.000298          0.0487          0.0188          0.0212          0.0203          0.0271
     42         90           0.049        0.000568          0.0484          0.0259          0.0292          0.0208           0.027
     42        100          0.0926        0.000904          0.0917          0.0335          0.0369          0.0265          0.0372
     42        110          0.0921        0.000273          0.0919          0.0166          0.0203          0.0244          0.0372


2025-11-20 16:50:40: Validating
# epoch      batch      total_loss     energy_loss     forces_loss      energy_mae     energy_rmse      forces_mae     forces_rmse
     42          0          0.0223        5.27e-05          0.0223         0.00735         0.00891          0.0137          0.0183
     42         10          0.0203        1.96e-05          0.0203         0.00469         0.00543          0.0131          0.0175
     42         20          0.0232        0.000375          0.0228          0.0149          0.0238           0.014          0.0185


2025-11-20 16:50:42: Epoch summary:
Validation  # epoch      total_loss     energy_loss     forces_loss      energy_mae     energy_rmse      forces_mae     forces_rmse
                 42          0.0237         5.3e-05          0.0237         0.00667         0.00821           0.014          0.0188
Train       # epoch      total_loss     energy_loss     forces_loss      energy_mae     energy_rmse      forces_mae     forces_rmse
                 42          0.0594         0.00286          0.0564          0.0532          0.0556          0.0209          0.0286


2025-11-20 16:50:42: Training
# epoch      batch      total_loss     energy_loss     forces_loss      energy_mae     energy_rmse      forces_mae     forces_rmse
     43          0          0.0896         0.00316          0.0864          0.0661          0.0689          0.0257          0.0361
     43         10          0.0588          0.0198          0.0391           0.172           0.173          0.0184          0.0242
     43         20          0.0475         0.00794          0.0396           0.109           0.109          0.0181          0.0244
     43         30          0.0987         0.00773          0.0909           0.106           0.108          0.0254           0.037
     43         40          0.0656         0.00828          0.0573           0.111           0.112          0.0212          0.0294
     43         50          0.0363        0.000956          0.0354          0.0358          0.0379          0.0167          0.0231
     43         60          0.0389         0.00548          0.0334          0.0905          0.0908          0.0171          0.0224
     43         70           0.054         0.00599           0.048          0.0937           0.095          0.0195          0.0269
     43         80          0.0384         0.00533          0.0331           0.089          0.0895          0.0167          0.0223
     43         90           0.031         0.00116          0.0298          0.0413          0.0417          0.0163          0.0212
     43        100          0.0476          0.0019          0.0457           0.052          0.0534           0.019          0.0262
     43        110          0.0662         0.00793          0.0583           0.108           0.109          0.0216          0.0296


2025-11-20 16:50:52: Validating
# epoch      batch      total_loss     energy_loss     forces_loss      energy_mae     energy_rmse      forces_mae     forces_rmse
     43          0          0.0217        5.01e-05          0.0217         0.00724         0.00868          0.0136          0.0181
     43         10          0.0199        1.65e-05          0.0199         0.00412         0.00498          0.0129          0.0173
     43         20          0.0237        0.000366          0.0233          0.0145          0.0235          0.0141          0.0187


2025-11-20 16:50:54: Epoch summary:
Validation  # epoch      total_loss     energy_loss     forces_loss      energy_mae     energy_rmse      forces_mae     forces_rmse
                 43          0.0235        5.23e-05          0.0234         0.00663         0.00816           0.014          0.0187
Train       # epoch      total_loss     energy_loss     forces_loss      energy_mae     energy_rmse      forces_mae     forces_rmse
                 43          0.0541         0.00508           0.049          0.0739          0.0757          0.0196          0.0268


2025-11-20 16:50:54: Training
# epoch      batch      total_loss     energy_loss     forces_loss      energy_mae     energy_rmse      forces_mae     forces_rmse
     44          0          0.0561           0.006          0.0501           0.094           0.095          0.0208          0.0275
     44         10          0.0341        0.000348          0.0338          0.0209          0.0229          0.0171          0.0225
     44         20          0.0514         0.00306          0.0484          0.0672          0.0679          0.0198           0.027
     44         30          0.0622          0.0228          0.0393           0.185           0.185          0.0181          0.0243
     44         40           0.037          0.0003          0.0367          0.0168          0.0212          0.0178          0.0235
     44         50           0.035        9.84e-05          0.0349          0.0103          0.0122          0.0174          0.0229
     44         60          0.0425         0.00139          0.0411          0.0444          0.0457          0.0184          0.0249
     44         70          0.0688          0.0245          0.0443           0.192           0.192          0.0195          0.0258
     44         80           0.045         0.00367          0.0413          0.0731          0.0744          0.0182          0.0249
     44         90          0.0317         0.00072           0.031          0.0315          0.0329          0.0163          0.0216
     44        100          0.0392         0.00533          0.0339          0.0891          0.0896          0.0173          0.0226
     44        110          0.0302        0.000283          0.0299           0.019          0.0206          0.0165          0.0212


2025-11-20 16:51:05: Validating
# epoch      batch      total_loss     energy_loss     forces_loss      energy_mae     energy_rmse      forces_mae     forces_rmse
     44          0          0.0209        4.56e-05          0.0209          0.0069         0.00829          0.0134          0.0177
     44         10          0.0194        1.67e-05          0.0194          0.0044         0.00501          0.0128          0.0171
     44         20          0.0229        0.000385          0.0226          0.0147          0.0241          0.0139          0.0184


2025-11-20 16:51:06: Epoch summary:
Validation  # epoch      total_loss     energy_loss     forces_loss      energy_mae     energy_rmse      forces_mae     forces_rmse
                 44           0.023        4.88e-05          0.0229         0.00618         0.00776          0.0138          0.0185
Train       # epoch      total_loss     energy_loss     forces_loss      energy_mae     energy_rmse      forces_mae     forces_rmse
                 44          0.0473         0.00618          0.0412          0.0769          0.0784          0.0183          0.0247


2025-11-20 16:51:06: Training
# epoch      batch      total_loss     energy_loss     forces_loss      energy_mae     energy_rmse      forces_mae     forces_rmse
     45          0           0.032         0.00031          0.0317          0.0208          0.0216          0.0169          0.0218
     45         10          0.0255        0.000147          0.0254           0.013          0.0149          0.0149          0.0195
     45         20          0.0245        5.48e-05          0.0244         0.00678         0.00908          0.0149          0.0192
     45         30          0.0449        0.000318          0.0445           0.021          0.0219          0.0189          0.0259
     45         40          0.0208        0.000143          0.0206          0.0135          0.0147          0.0134          0.0176
     45         50          0.0315         0.00437          0.0272          0.0807          0.0811          0.0151          0.0202
     45         60          0.0399         0.00855          0.0313           0.113           0.113          0.0167          0.0217
     45         70          0.0437          0.0016          0.0421          0.0482          0.0491          0.0178          0.0252
     45         80           0.106          0.0338           0.072           0.225           0.225          0.0232          0.0329
     45         90          0.0523          0.0014          0.0509          0.0446          0.0459          0.0202          0.0277
     45        100          0.0768         0.00544          0.0714          0.0896          0.0905          0.0256          0.0328
     45        110          0.0438        0.000845          0.0429           0.034          0.0357          0.0196          0.0254


2025-11-20 16:51:16: Validating
# epoch      batch      total_loss     energy_loss     forces_loss      energy_mae     energy_rmse      forces_mae     forces_rmse
     45          0          0.0206        4.39e-05          0.0205         0.00671         0.00813          0.0132          0.0176
     45         10          0.0192         1.5e-05          0.0192         0.00413         0.00475          0.0127           0.017
     45         20          0.0226        0.000349          0.0222          0.0143          0.0229          0.0138          0.0183


2025-11-20 16:51:17: Epoch summary:
Validation  # epoch      total_loss     energy_loss     forces_loss      energy_mae     energy_rmse      forces_mae     forces_rmse
                 45          0.0226        4.72e-05          0.0225         0.00614          0.0077          0.0136          0.0183
Train       # epoch      total_loss     energy_loss     forces_loss      energy_mae     energy_rmse      forces_mae     forces_rmse
                 45          0.0433         0.00388          0.0394          0.0595          0.0611          0.0177          0.0238


2025-11-20 16:51:17: Training
# epoch      batch      total_loss     energy_loss     forces_loss      energy_mae     energy_rmse      forces_mae     forces_rmse
     46          0          0.0394         0.00277          0.0366          0.0639          0.0646          0.0181          0.0235
     46         10          0.0282        0.000347          0.0278          0.0129          0.0229          0.0156          0.0205
     46         20          0.0294        8.28e-05          0.0294         0.00976          0.0112          0.0158           0.021
     46         30            0.03        0.000115          0.0299         0.00991          0.0131           0.016          0.0212
     46         40          0.0657          0.0093          0.0564           0.115           0.118          0.0202          0.0291
     46         50          0.0546           0.004          0.0506          0.0772          0.0776          0.0182          0.0276
     46         60          0.0734          0.0198          0.0536           0.172           0.173          0.0197          0.0284
     46         70          0.0633         0.00237          0.0609          0.0576          0.0598          0.0229          0.0303
     46         80          0.0564        7.48e-05          0.0563         0.00854          0.0106          0.0215          0.0291
     46         90          0.0389         0.00379          0.0351          0.0748          0.0755          0.0176           0.023
     46        100          0.0357         0.00224          0.0334          0.0571           0.058           0.017          0.0224
     46        110          0.0488          0.0115          0.0373           0.131           0.131          0.0177          0.0237


2025-11-20 16:51:28: Validating
# epoch      batch      total_loss     energy_loss     forces_loss      energy_mae     energy_rmse      forces_mae     forces_rmse
     46          0          0.0208        4.42e-05          0.0207         0.00679         0.00816          0.0133          0.0177
     46         10          0.0186        1.53e-05          0.0186          0.0042          0.0048          0.0125          0.0167
     46         20          0.0223        0.000364          0.0219          0.0146          0.0234          0.0137          0.0182


2025-11-20 16:51:30: Epoch summary:
Validation  # epoch      total_loss     energy_loss     forces_loss      energy_mae     energy_rmse      forces_mae     forces_rmse
                 46          0.0222        4.75e-05          0.0221         0.00613         0.00769          0.0135          0.0182
Train       # epoch      total_loss     energy_loss     forces_loss      energy_mae     energy_rmse      forces_mae     forces_rmse
                 46          0.0435         0.00272          0.0408          0.0493          0.0512          0.0181          0.0244


2025-11-20 16:51:30: Training
# epoch      batch      total_loss     energy_loss     forces_loss      energy_mae     energy_rmse      forces_mae     forces_rmse
     47          0          0.0335         0.00305          0.0305          0.0669          0.0677          0.0164          0.0214
     47         10          0.0315         0.00637          0.0252          0.0971          0.0979          0.0148          0.0195
     47         20          0.0321         0.00743          0.0247           0.106           0.106          0.0146          0.0193
     47         30           0.026        0.000251          0.0258          0.0181          0.0194          0.0149          0.0197
     47         40          0.0224        5.64e-05          0.0224         0.00785         0.00921           0.014          0.0183
     47         50          0.0237        0.000674          0.0231          0.0299          0.0319          0.0141          0.0186
     47         60          0.0293        0.000952          0.0284          0.0371          0.0379          0.0157          0.0207
     47         70          0.0226         0.00147          0.0212           0.047          0.0471          0.0136          0.0179
     47         80          0.0304        4.58e-05          0.0304         0.00633         0.00831           0.015          0.0214
     47         90          0.0345        0.000883          0.0336          0.0352          0.0365           0.017          0.0225
     47        100          0.0649          0.0213          0.0435           0.179           0.179           0.018          0.0256
     47        110          0.0366         0.00434          0.0322          0.0802          0.0808          0.0167           0.022


2025-11-20 16:51:41: Validating
# epoch      batch      total_loss     energy_loss     forces_loss      energy_mae     energy_rmse      forces_mae     forces_rmse
     47          0          0.0205        4.56e-05          0.0204         0.00667         0.00829          0.0131          0.0175
     47         10          0.0181        1.52e-05          0.0181         0.00407         0.00478          0.0124          0.0165
     47         20          0.0214        0.000395           0.021          0.0148          0.0244          0.0133          0.0178


2025-11-20 16:51:43: Epoch summary:
Validation  # epoch      total_loss     energy_loss     forces_loss      energy_mae     energy_rmse      forces_mae     forces_rmse
                 47          0.0217        4.73e-05          0.0217         0.00599         0.00757          0.0134           0.018
Train       # epoch      total_loss     energy_loss     forces_loss      energy_mae     energy_rmse      forces_mae     forces_rmse
                 47          0.0338          0.0029          0.0309          0.0507          0.0523          0.0159          0.0214


2025-11-20 16:51:43: Training
# epoch      batch      total_loss     energy_loss     forces_loss      energy_mae     energy_rmse      forces_mae     forces_rmse
     48          0          0.0286        0.000706          0.0279           0.031          0.0326          0.0159          0.0205
     48         10          0.0343         0.00133           0.033          0.0435          0.0448          0.0163          0.0223
     48         20          0.0293         0.00211          0.0272           0.056          0.0564          0.0155          0.0202
     48         30          0.0265        6.89e-05          0.0265         0.00799          0.0102          0.0146            0.02
     48         40          0.0263         0.00247          0.0239          0.0606           0.061          0.0143           0.019
     48         50          0.0278        0.000246          0.0275          0.0171          0.0193          0.0153          0.0204
     48         60          0.0318         0.00158          0.0302          0.0482          0.0488          0.0161          0.0213
     48         70          0.0221        0.000685          0.0214          0.0317          0.0321          0.0139          0.0179
     48         80           0.034         0.00182          0.0322          0.0517          0.0524          0.0164           0.022
     48         90          0.0389        0.000366          0.0385          0.0185          0.0235          0.0165          0.0241
     48        100          0.0279        9.62e-05          0.0278         0.00968           0.012          0.0153          0.0205
     48        110          0.0291        0.000191          0.0289          0.0144          0.0169          0.0156          0.0209


2025-11-20 16:51:54: Validating
# epoch      batch      total_loss     energy_loss     forces_loss      energy_mae     energy_rmse      forces_mae     forces_rmse
     48          0          0.0198         4.4e-05          0.0198         0.00642         0.00814          0.0129          0.0173
     48         10           0.018         1.6e-05           0.018         0.00431          0.0049          0.0123          0.0165
     48         20          0.0206        0.000392          0.0202          0.0144          0.0243          0.0131          0.0174


2025-11-20 16:51:56: Epoch summary:
Validation  # epoch      total_loss     energy_loss     forces_loss      energy_mae     energy_rmse      forces_mae     forces_rmse
                 48          0.0212        4.52e-05          0.0212         0.00576         0.00735          0.0132          0.0178
Train       # epoch      total_loss     energy_loss     forces_loss      energy_mae     energy_rmse      forces_mae     forces_rmse
                 48            0.03         0.00197           0.028          0.0438          0.0454          0.0153          0.0204


2025-11-20 16:51:56: Training
# epoch      batch      total_loss     energy_loss     forces_loss      energy_mae     energy_rmse      forces_mae     forces_rmse
     49          0          0.0222         0.00236          0.0199           0.059          0.0596           0.013          0.0173
     49         10           0.065          0.0105          0.0545           0.125           0.126          0.0194          0.0286
     49         20          0.0461         0.00301          0.0431          0.0665          0.0673          0.0192          0.0255
     49         30          0.0735        0.000445          0.0731          0.0176          0.0259          0.0226          0.0332
     49         40          0.0349        0.000495          0.0345          0.0255          0.0273          0.0171          0.0228
     49         50          0.0347         0.00104          0.0337          0.0385          0.0396           0.017          0.0225
     49         60          0.0287         0.00129          0.0274          0.0415           0.044          0.0151          0.0203
     49         70          0.0351        0.000622          0.0344          0.0295          0.0306          0.0173          0.0228
     49         80          0.0242        4.44e-05          0.0242         0.00678         0.00818          0.0143          0.0191
     49         90           0.026        0.000176          0.0259          0.0139          0.0163          0.0147          0.0197
     49        100          0.0284         0.00117          0.0273          0.0373           0.042          0.0154          0.0203
     49        110          0.0329        0.000564          0.0324          0.0267          0.0291          0.0165          0.0221


2025-11-20 16:52:07: Validating
# epoch      batch      total_loss     energy_loss     forces_loss      energy_mae     energy_rmse      forces_mae     forces_rmse
     49          0          0.0191        4.39e-05           0.019         0.00633         0.00813          0.0127          0.0169
     49         10           0.018        1.61e-05           0.018         0.00422         0.00492          0.0123          0.0165
     49         20          0.0199        0.000407          0.0195          0.0148          0.0247          0.0128          0.0171


2025-11-20 16:52:09: Epoch summary:
Validation  # epoch      total_loss     energy_loss     forces_loss      energy_mae     energy_rmse      forces_mae     forces_rmse
                 49          0.0209        4.61e-05          0.0208         0.00578         0.00738          0.0131          0.0176
Train       # epoch      total_loss     energy_loss     forces_loss      energy_mae     energy_rmse      forces_mae     forces_rmse
                 49          0.0399         0.00368          0.0362          0.0576          0.0593          0.0169           0.023


2025-11-20 16:52:09: Training
# epoch      batch      total_loss     energy_loss     forces_loss      energy_mae     energy_rmse      forces_mae     forces_rmse
     50          0          0.0515         0.00281          0.0487          0.0633          0.0651          0.0196          0.0271
     50         10          0.0375          0.0045           0.033          0.0821          0.0823          0.0167          0.0223
     50         20          0.0339        0.000249          0.0336          0.0182          0.0194          0.0168          0.0225
     50         30          0.0305         0.00139          0.0291          0.0452          0.0458           0.016          0.0209
     50         40          0.0421         0.00715           0.035           0.103           0.104          0.0168           0.023
     50         50          0.0463          0.0046          0.0417          0.0819          0.0833           0.018           0.025
     50         60          0.0399        0.000387          0.0396          0.0228          0.0241          0.0179          0.0244
     50         70          0.0419        0.000389          0.0415           0.023          0.0242          0.0187           0.025
     50         80          0.0339        0.000437          0.0335           0.023          0.0257          0.0164          0.0225
     50         90           0.027         0.00243          0.0246          0.0599          0.0604          0.0145          0.0192
     50        100           0.025        0.000801          0.0242          0.0332          0.0347          0.0144          0.0191
     50        110          0.0232        0.000209           0.023          0.0153          0.0177          0.0138          0.0186


2025-11-20 16:52:20: Validating
# epoch      batch      total_loss     energy_loss     forces_loss      energy_mae     energy_rmse      forces_mae     forces_rmse
     50          0          0.0188        4.58e-05          0.0188         0.00661          0.0083          0.0127          0.0168
     50         10          0.0178        1.48e-05          0.0178         0.00401         0.00472          0.0122          0.0163
     50         20          0.0199         0.00041          0.0195          0.0153          0.0248          0.0127          0.0171


2025-11-20 16:52:21: Epoch summary:
Validation  # epoch      total_loss     energy_loss     forces_loss      energy_mae     energy_rmse      forces_mae     forces_rmse
                 50          0.0207        4.72e-05          0.0206         0.00593          0.0075           0.013          0.0175
Train       # epoch      total_loss     energy_loss     forces_loss      energy_mae     energy_rmse      forces_mae     forces_rmse
                 50          0.0383         0.00171          0.0366          0.0413          0.0433           0.017          0.0232


2025-11-20 16:52:21: Training
# epoch      batch      total_loss     energy_loss     forces_loss      energy_mae     energy_rmse      forces_mae     forces_rmse
     51          0          0.0271        0.000755          0.0263          0.0322          0.0337          0.0153          0.0199
     51         10           0.033         0.00489          0.0281          0.0855          0.0858          0.0149          0.0206
     51         20           0.044         0.00839          0.0356           0.111           0.112          0.0162          0.0232
     51         30          0.0279         0.00139          0.0265          0.0441          0.0458           0.015            0.02
     51         40          0.0528          0.0011          0.0516          0.0369          0.0407          0.0199          0.0279
     51         50          0.0456         0.00871          0.0369           0.114           0.114          0.0177          0.0236
     51         60          0.0411         0.00175          0.0393          0.0505          0.0514          0.0164          0.0243
     51         70          0.0255        9.86e-05          0.0254          0.0109          0.0122          0.0146          0.0195
     51         80          0.0436         0.00653          0.0371          0.0985          0.0991          0.0173          0.0236
     51         90          0.0262         0.00231          0.0239          0.0581           0.059          0.0144           0.019
     51        100          0.0569         0.00024          0.0566           0.015           0.019          0.0207          0.0292
     51        110          0.0624         0.00215          0.0602          0.0522          0.0569          0.0211          0.0301


2025-11-20 16:52:33: Validating
# epoch      batch      total_loss     energy_loss     forces_loss      energy_mae     energy_rmse      forces_mae     forces_rmse
     51          0          0.0191        4.09e-05          0.0191         0.00604         0.00785          0.0127          0.0169
     51         10          0.0175        1.62e-05          0.0175         0.00443         0.00494          0.0121          0.0162
     51         20          0.0195        0.000407          0.0191          0.0146          0.0248          0.0126           0.017


2025-11-20 16:52:35: Epoch summary:
Validation  # epoch      total_loss     energy_loss     forces_loss      energy_mae     energy_rmse      forces_mae     forces_rmse
                 51          0.0203        4.33e-05          0.0202         0.00548          0.0071          0.0128          0.0174
Train       # epoch      total_loss     energy_loss     forces_loss      energy_mae     energy_rmse      forces_mae     forces_rmse
                 51          0.0377         0.00392          0.0338          0.0619          0.0634          0.0164          0.0223


2025-11-20 16:52:35: Training
# epoch      batch      total_loss     energy_loss     forces_loss      energy_mae     energy_rmse      forces_mae     forces_rmse
     52          0          0.0289        0.000534          0.0284          0.0275          0.0284          0.0155          0.0207
     52         10          0.0245          0.0013          0.0232          0.0438          0.0442          0.0143          0.0187
     52         20          0.0218        0.000145          0.0217           0.014          0.0148          0.0137          0.0181
     52         30          0.0297        0.000113          0.0296         0.00961          0.0131          0.0159          0.0211
     52         40          0.0606         0.00562           0.055          0.0914           0.092          0.0187          0.0288
     52         50          0.0295         0.00143          0.0281          0.0453          0.0464          0.0155          0.0206
     52         60          0.0296          0.0019          0.0277          0.0529          0.0535          0.0156          0.0204
     52         70          0.0355          0.0014          0.0341          0.0449           0.046          0.0167          0.0227
     52         80          0.0407         0.00231          0.0384          0.0586          0.0589          0.0183           0.024
     52         90          0.0348        9.55e-05          0.0347          0.0106           0.012          0.0171          0.0229
     52        100          0.0332        0.000992          0.0322          0.0376          0.0387          0.0165           0.022
     52        110           0.024        0.000178          0.0238           0.015          0.0164          0.0141          0.0189


2025-11-20 16:52:46: Validating
# epoch      batch      total_loss     energy_loss     forces_loss      energy_mae     energy_rmse      forces_mae     forces_rmse
     52          0           0.019        4.41e-05          0.0189         0.00615         0.00815          0.0126          0.0169
     52         10          0.0172        1.55e-05          0.0172         0.00419         0.00483          0.0121          0.0161
     52         20          0.0195        0.000437          0.0191          0.0147          0.0257          0.0126           0.017


2025-11-20 16:52:47: Epoch summary:
Validation  # epoch      total_loss     energy_loss     forces_loss      energy_mae     energy_rmse      forces_mae     forces_rmse
                 52            0.02        4.51e-05          0.0199          0.0055         0.00719          0.0127          0.0172
Train       # epoch      total_loss     energy_loss     forces_loss      energy_mae     energy_rmse      forces_mae     forces_rmse
                 52           0.039         0.00357          0.0354          0.0588          0.0603          0.0169          0.0227


2025-11-20 16:52:48: Training
# epoch      batch      total_loss     energy_loss     forces_loss      energy_mae     energy_rmse      forces_mae     forces_rmse
     53          0          0.0354         0.00197          0.0335          0.0518          0.0545          0.0161          0.0225
     53         10          0.0217        0.000183          0.0215          0.0145          0.0166          0.0135           0.018
     53         20           0.053        0.000624          0.0524           0.024          0.0306          0.0193          0.0281
     53         30           0.109          0.0609           0.048           0.302           0.303          0.0194          0.0269
     53         40          0.0805          0.0277          0.0529           0.203           0.204          0.0199          0.0282
     53         50          0.0609         0.00104          0.0599          0.0326          0.0395          0.0208            0.03
     53         60          0.0985         0.00572          0.0928           0.089          0.0928          0.0259          0.0374
     53         70          0.0887        0.000712           0.088          0.0305          0.0327          0.0248          0.0364
     53         80          0.0931         0.00775          0.0853           0.106           0.108          0.0256          0.0358
     53         90          0.0795          0.0189          0.0606           0.168           0.169          0.0216          0.0302
     53        100           0.211          0.0103           0.201            0.12           0.125          0.0374           0.055
     53        110           0.176         0.00361           0.172          0.0669          0.0737          0.0394          0.0509


2025-11-20 16:52:59: Validating
# epoch      batch      total_loss     energy_loss     forces_loss      energy_mae     energy_rmse      forces_mae     forces_rmse
     53          0          0.0191        4.42e-05           0.019          0.0064         0.00816          0.0125          0.0169
     53         10          0.0174        1.51e-05          0.0174         0.00437         0.00477          0.0121          0.0162
     53         20          0.0202        0.000486          0.0197          0.0142           0.027          0.0127          0.0172


2025-11-20 16:53:01: Epoch summary:
Validation  # epoch      total_loss     energy_loss     forces_loss      energy_mae     energy_rmse      forces_mae     forces_rmse
                 53          0.0199        4.41e-05          0.0199         0.00519          0.0069          0.0127          0.0172
Train       # epoch      total_loss     energy_loss     forces_loss      energy_mae     energy_rmse      forces_mae     forces_rmse
                 53          0.0934          0.0113          0.0817           0.111           0.114          0.0234          0.0331


2025-11-20 16:53:01: Training
# epoch      batch      total_loss     energy_loss     forces_loss      energy_mae     energy_rmse      forces_mae     forces_rmse
     54          0           0.221         0.00597           0.215          0.0911          0.0948           0.042          0.0569
     54         10           0.152         0.00953           0.143           0.118            0.12          0.0347          0.0464
     54         20          0.0755         0.00186          0.0737          0.0503          0.0529          0.0245          0.0333
     54         30          0.0473          0.0004          0.0469           0.023          0.0245          0.0198          0.0266
     54         40          0.0315         0.00023          0.0313          0.0163          0.0186          0.0167          0.0217
     54         50          0.0358           0.002          0.0338          0.0541          0.0549          0.0167          0.0226
     54         60          0.0619          0.0254          0.0365           0.195           0.195          0.0166          0.0234
     54         70          0.0323         0.00419          0.0281          0.0772          0.0794          0.0157          0.0206
     54         80          0.0309         0.00737          0.0236           0.105           0.105          0.0143          0.0188
     54         90          0.0251         0.00098          0.0241          0.0373          0.0384          0.0143          0.0191
     54        100           0.039         0.00205          0.0369          0.0535          0.0555          0.0172          0.0236
     54        110          0.0207        0.000264          0.0205           0.018          0.0199          0.0133          0.0176


2025-11-20 16:53:12: Validating
# epoch      batch      total_loss     energy_loss     forces_loss      energy_mae     energy_rmse      forces_mae     forces_rmse
     54          0          0.0191        5.39e-05          0.0191         0.00746         0.00901          0.0125          0.0169
     54         10          0.0174         1.3e-05          0.0174         0.00349         0.00442           0.012          0.0162
     54         20          0.0201        0.000526          0.0195          0.0158          0.0281          0.0127          0.0172


2025-11-20 16:53:13: Epoch summary:
Validation  # epoch      total_loss     energy_loss     forces_loss      energy_mae     energy_rmse      forces_mae     forces_rmse
                 54            0.02        5.07e-05            0.02         0.00587          0.0075          0.0128          0.0173
Train       # epoch      total_loss     energy_loss     forces_loss      energy_mae     energy_rmse      forces_mae     forces_rmse
                 54          0.0548         0.00433          0.0505          0.0653           0.067          0.0194          0.0262


2025-11-20 16:53:13: Training
# epoch      batch      total_loss     energy_loss     forces_loss      energy_mae     energy_rmse      forces_mae     forces_rmse
     55          0          0.0319         0.00577          0.0261          0.0928          0.0932          0.0148          0.0198
     55         10          0.0263        0.000243          0.0261          0.0174          0.0191          0.0148          0.0198
     55         20          0.0254         0.00415          0.0213          0.0783           0.079          0.0137          0.0179
     55         30          0.0258         0.00015          0.0257          0.0128           0.015          0.0145          0.0197
     55         40          0.0212        0.000778          0.0204          0.0336          0.0342          0.0135          0.0175
     55         50          0.0203          0.0009          0.0194          0.0362          0.0368           0.013          0.0171
     55         60          0.0198        5.89e-05          0.0198         0.00725         0.00941          0.0129          0.0173
     55         70          0.0172         2.5e-05          0.0171         0.00504         0.00614          0.0122          0.0161
     55         80          0.0259        0.000569          0.0253          0.0281          0.0293          0.0143          0.0195
     55         90          0.0302        0.000319          0.0298          0.0201          0.0219          0.0152          0.0212
     55        100          0.0208        0.000725          0.0201            0.03           0.033          0.0131          0.0174
     55        110          0.0245        0.000131          0.0244          0.0113           0.014          0.0148          0.0192


2025-11-20 16:53:24: Validating
# epoch      batch      total_loss     energy_loss     forces_loss      energy_mae     energy_rmse      forces_mae     forces_rmse
     55          0          0.0184        4.69e-05          0.0184         0.00694          0.0084          0.0124          0.0166
     55         10          0.0168        1.21e-05          0.0168         0.00327         0.00427          0.0118          0.0159
     55         20          0.0197         0.00051          0.0192          0.0153          0.0277          0.0126           0.017


2025-11-20 16:53:25: Epoch summary:
Validation  # epoch      total_loss     energy_loss     forces_loss      energy_mae     energy_rmse      forces_mae     forces_rmse
                 55          0.0196        4.87e-05          0.0195         0.00568         0.00732          0.0126          0.0171
Train       # epoch      total_loss     energy_loss     forces_loss      energy_mae     energy_rmse      forces_mae     forces_rmse
                 55           0.025         0.00104           0.024          0.0322          0.0338          0.0142          0.0189


2025-11-20 16:53:25: Training
# epoch      batch      total_loss     energy_loss     forces_loss      energy_mae     energy_rmse      forces_mae     forces_rmse
     56          0          0.0251        0.000342          0.0248          0.0211          0.0227          0.0147          0.0193
     56         10          0.0253        5.01e-05          0.0253         0.00738         0.00869          0.0146          0.0195
     56         20          0.0247        0.000116          0.0246          0.0107          0.0132          0.0143          0.0192
     56         30          0.0242         3.3e-05          0.0242         0.00563         0.00705          0.0147          0.0191
     56         40          0.0595         0.00575          0.0538          0.0914           0.093          0.0207          0.0285
     56         50          0.0393         0.00449          0.0348           0.082          0.0823          0.0171          0.0229
     56         60          0.0378         0.00235          0.0354          0.0569          0.0595          0.0165          0.0231
     56         70          0.0243        0.000367          0.0239          0.0221          0.0235          0.0143           0.019
     56         80          0.0425        9.77e-05          0.0424         0.00994          0.0121          0.0177          0.0253
     56         90          0.0631         0.00248          0.0606          0.0581          0.0611          0.0211          0.0302
     56        100           0.065         0.00367          0.0614          0.0716          0.0743            0.02          0.0304
     56        110          0.0577          0.0341          0.0235           0.227           0.227          0.0143          0.0188


2025-11-20 16:53:36: Validating
# epoch      batch      total_loss     energy_loss     forces_loss      energy_mae     energy_rmse      forces_mae     forces_rmse
     56          0          0.0176         4.6e-05          0.0175         0.00682         0.00833          0.0121          0.0163
     56         10          0.0164        1.22e-05          0.0164         0.00333         0.00429          0.0117          0.0157
     56         20          0.0197        0.000517          0.0192          0.0152          0.0279          0.0126           0.017


2025-11-20 16:53:38: Epoch summary:
Validation  # epoch      total_loss     energy_loss     forces_loss      energy_mae     energy_rmse      forces_mae     forces_rmse
                 56          0.0192        4.89e-05          0.0191         0.00566         0.00733          0.0125          0.0169
Train       # epoch      total_loss     energy_loss     forces_loss      energy_mae     energy_rmse      forces_mae     forces_rmse
                 56          0.0381         0.00415          0.0339          0.0622          0.0638          0.0163          0.0222


2025-11-20 16:53:38: Training
# epoch      batch      total_loss     energy_loss     forces_loss      energy_mae     energy_rmse      forces_mae     forces_rmse
     57          0          0.0421           0.013          0.0291           0.139            0.14          0.0155          0.0209
     57         10          0.0367         0.00536          0.0313          0.0891          0.0898           0.016          0.0217
     57         20          0.0433        0.000358          0.0429          0.0211          0.0232           0.018          0.0254
     57         30          0.0276        0.000106          0.0275         0.00936          0.0126          0.0156          0.0204
     57         40          0.0296        0.000673           0.029          0.0305          0.0318          0.0151          0.0209
     57         50          0.0262        0.000195           0.026           0.014          0.0171           0.015          0.0198
     57         60          0.0163        0.000197          0.0161          0.0167          0.0172           0.012          0.0156
     57         70           0.044        0.000976          0.0431          0.0338          0.0383          0.0183          0.0255
     57         80          0.0346         0.00435          0.0302          0.0794          0.0809          0.0157          0.0213
     57         90          0.0281         0.00012           0.028           0.012          0.0134          0.0152          0.0205
     57        100          0.0251          0.0012          0.0239          0.0418          0.0425          0.0146           0.019
     57        110          0.0738         0.00225          0.0715          0.0499          0.0582          0.0223          0.0328


2025-11-20 16:53:49: Validating
# epoch      batch      total_loss     energy_loss     forces_loss      energy_mae     energy_rmse      forces_mae     forces_rmse
     57          0          0.0177        5.16e-05          0.0177         0.00703         0.00882          0.0121          0.0163
     57         10          0.0164        1.27e-05          0.0164         0.00323         0.00437          0.0116          0.0157
     57         20           0.019        0.000496          0.0185          0.0155          0.0273          0.0124          0.0167


2025-11-20 16:53:50: Epoch summary:
Validation  # epoch      total_loss     energy_loss     forces_loss      energy_mae     energy_rmse      forces_mae     forces_rmse
                 57          0.0189        5.06e-05          0.0189         0.00593         0.00758          0.0124          0.0168
Train       # epoch      total_loss     energy_loss     forces_loss      energy_mae     energy_rmse      forces_mae     forces_rmse
                 57          0.0346         0.00217          0.0324          0.0438          0.0459          0.0161          0.0218


2025-11-20 16:53:50: Training
# epoch      batch      total_loss     energy_loss     forces_loss      energy_mae     energy_rmse      forces_mae     forces_rmse
     58          0          0.0423         0.00119          0.0411          0.0397          0.0423          0.0181          0.0249
     58         10          0.0574          0.0199          0.0375           0.172           0.173          0.0176          0.0238
     58         20          0.0266         0.00304          0.0236          0.0672          0.0677          0.0139          0.0188
     58         30          0.0244        0.000292          0.0241          0.0174           0.021          0.0141           0.019
     58         40          0.0195        8.99e-05          0.0194         0.00898          0.0116          0.0129          0.0171
     58         50          0.0208        0.000187          0.0206          0.0131          0.0168           0.013          0.0176
     58         60          0.0213        6.28e-05          0.0213         0.00823         0.00972          0.0137          0.0179
     58         70          0.0219        0.000475          0.0214          0.0233          0.0267          0.0136           0.018
     58         80          0.0207        0.000548          0.0202          0.0271          0.0287          0.0132          0.0174
     58         90          0.0226        0.000694          0.0219          0.0312          0.0323          0.0139          0.0181
     58        100          0.0257         0.00079          0.0249          0.0339          0.0345          0.0148          0.0194
     58        110          0.0233        0.000112          0.0232          0.0109           0.013          0.0142          0.0187


2025-11-20 16:54:02: Validating
# epoch      batch      total_loss     energy_loss     forces_loss      energy_mae     energy_rmse      forces_mae     forces_rmse
     58          0          0.0176        4.76e-05          0.0176          0.0064         0.00846          0.0121          0.0163
     58         10           0.016        1.33e-05           0.016         0.00369         0.00447          0.0115          0.0155
     58         20          0.0184        0.000486          0.0179           0.015           0.027          0.0121          0.0164


2025-11-20 16:54:03: Epoch summary:
Validation  # epoch      total_loss     energy_loss     forces_loss      energy_mae     energy_rmse      forces_mae     forces_rmse
                 58          0.0187        4.81e-05          0.0187         0.00565         0.00735          0.0123          0.0167
Train       # epoch      total_loss     energy_loss     forces_loss      energy_mae     energy_rmse      forces_mae     forces_rmse
                 58          0.0281         0.00165          0.0264          0.0336          0.0356          0.0146          0.0197


2025-11-20 16:54:03: Training
# epoch      batch      total_loss     energy_loss     forces_loss      energy_mae     energy_rmse      forces_mae     forces_rmse
     59          0           0.026        0.000145          0.0258          0.0123          0.0148          0.0148          0.0197
     59         10          0.0288        0.000945          0.0278          0.0237          0.0377          0.0149          0.0205
     59         20          0.0194        0.000237          0.0192          0.0176          0.0189          0.0129           0.017
     59         30          0.0189        1.77e-05          0.0189         0.00389         0.00516          0.0127          0.0169
     59         40          0.0226        0.000166          0.0225          0.0113          0.0158          0.0136          0.0184
     59         50          0.0346        0.000185          0.0344          0.0125          0.0167          0.0162          0.0228
     59         60          0.0299         0.00573          0.0241          0.0912          0.0929          0.0145          0.0191
     59         70          0.0372         0.00372          0.0334          0.0737          0.0748          0.0162          0.0224
     59         80           0.083        0.000799          0.0822           0.031          0.0347          0.0229          0.0352
     59         90          0.0532         0.00343          0.0497          0.0696          0.0719          0.0187          0.0274
     59        100           0.067         0.00673          0.0603          0.0988           0.101          0.0221          0.0301
     59        110          0.0477         0.00965          0.0381            0.12           0.121          0.0175          0.0239


2025-11-20 16:54:14: Validating
# epoch      batch      total_loss     energy_loss     forces_loss      energy_mae     energy_rmse      forces_mae     forces_rmse
     59          0           0.017         4.6e-05           0.017         0.00623         0.00832           0.012           0.016
     59         10          0.0158        1.32e-05          0.0158         0.00384         0.00447          0.0114          0.0154
     59         20          0.0183        0.000477          0.0178          0.0146          0.0268          0.0121          0.0164


2025-11-20 16:54:15: Epoch summary:
Validation  # epoch      total_loss     energy_loss     forces_loss      energy_mae     energy_rmse      forces_mae     forces_rmse
                 59          0.0185        4.49e-05          0.0185         0.00536         0.00702          0.0122          0.0166
Train       # epoch      total_loss     energy_loss     forces_loss      energy_mae     energy_rmse      forces_mae     forces_rmse
                 59          0.0374         0.00331           0.034          0.0507          0.0528          0.0162          0.0221


2025-11-20 16:54:16: Training
# epoch      batch      total_loss     energy_loss     forces_loss      energy_mae     energy_rmse      forces_mae     forces_rmse
     60          0          0.0596         0.00304          0.0565          0.0651          0.0676          0.0207          0.0292
     60         10          0.0448          0.0123          0.0325           0.136           0.136          0.0167          0.0221
     60         20          0.0468         0.00522          0.0416          0.0871          0.0886          0.0177           0.025
     60         30          0.0486         0.00366           0.045          0.0733          0.0743          0.0188           0.026
     60         40          0.0405         0.00144           0.039          0.0453          0.0465          0.0172          0.0242
     60         50          0.0869         0.00772          0.0792           0.105           0.108          0.0236          0.0345
     60         60          0.0343         0.00387          0.0305          0.0753          0.0763          0.0158          0.0214
     60         70          0.0491         0.00983          0.0393           0.121           0.122          0.0174          0.0243
     60         80          0.0381         0.00561          0.0325          0.0914          0.0919          0.0166          0.0221
     60         90          0.0602          0.0028          0.0574          0.0642          0.0649          0.0206          0.0294
     60        100          0.0602          0.0112          0.0489           0.128            0.13          0.0184          0.0271
     60        110          0.0345         0.00179          0.0327          0.0512          0.0519          0.0158          0.0222


2025-11-20 16:54:26: Validating
# epoch      batch      total_loss     energy_loss     forces_loss      energy_mae     energy_rmse      forces_mae     forces_rmse
     60          0          0.0169         7.1e-05          0.0169         0.00727          0.0103          0.0118          0.0159
     60         10          0.0159        1.59e-05          0.0159         0.00372         0.00489          0.0114          0.0155
     60         20           0.019        0.000529          0.0184          0.0155          0.0282          0.0123          0.0167


2025-11-20 16:54:27: Epoch summary:
Validation  # epoch      total_loss     energy_loss     forces_loss      energy_mae     energy_rmse      forces_mae     forces_rmse
                 60          0.0184        5.52e-05          0.0183          0.0062         0.00793          0.0121          0.0165
Train       # epoch      total_loss     energy_loss     forces_loss      energy_mae     energy_rmse      forces_mae     forces_rmse
                 60          0.0493         0.00554          0.0438          0.0785          0.0803          0.0183          0.0254


2025-11-20 16:54:27: Training
# epoch      batch      total_loss     energy_loss     forces_loss      energy_mae     energy_rmse      forces_mae     forces_rmse
     61          0          0.0341        0.000437          0.0336          0.0234          0.0256          0.0161          0.0225
     61         10          0.0383        0.000139          0.0382          0.0118          0.0145          0.0164           0.024
     61         20          0.0569         0.00589          0.0511          0.0931          0.0941          0.0204          0.0277
     61         30          0.0349         0.00375          0.0312          0.0745          0.0751          0.0164          0.0217
     61         40           0.052          0.0121            0.04           0.134           0.135          0.0185          0.0245
     61         50          0.0629          0.0225          0.0404           0.184           0.184          0.0185          0.0247
     61         60          0.0507         0.00369           0.047           0.073          0.0745          0.0202          0.0266
     61         70          0.0481        0.000605          0.0475           0.028          0.0302          0.0192          0.0267
     61         80            0.03         0.00458          0.0255          0.0824           0.083          0.0148          0.0196
     61         90          0.0442        0.000734          0.0435          0.0255          0.0332           0.018          0.0256
     61        100          0.0378         0.00587          0.0319          0.0931          0.0941          0.0161          0.0219
     61        110          0.0267        0.000124          0.0266         0.00912          0.0137          0.0131            0.02


2025-11-20 16:54:39: Validating
# epoch      batch      total_loss     energy_loss     forces_loss      energy_mae     energy_rmse      forces_mae     forces_rmse
     61          0          0.0163        5.99e-05          0.0163         0.00634          0.0095          0.0117          0.0157
     61         10          0.0155        1.46e-05          0.0155         0.00377         0.00469          0.0113          0.0153
     61         20           0.019        0.000495          0.0185           0.015          0.0273          0.0123          0.0167


2025-11-20 16:54:40: Epoch summary:
Validation  # epoch      total_loss     energy_loss     forces_loss      energy_mae     energy_rmse      forces_mae     forces_rmse
                 61          0.0184        4.87e-05          0.0184         0.00559         0.00734          0.0121          0.0166
Train       # epoch      total_loss     energy_loss     forces_loss      energy_mae     energy_rmse      forces_mae     forces_rmse
                 61          0.0493          0.0076          0.0417          0.0841          0.0861          0.0179          0.0247


2025-11-20 16:54:40: Training
# epoch      batch      total_loss     energy_loss     forces_loss      energy_mae     energy_rmse      forces_mae     forces_rmse
     62          0          0.0255         0.00303          0.0225          0.0671          0.0676          0.0139          0.0184
     62         10          0.0239        0.000697          0.0232          0.0308          0.0324          0.0139          0.0187
     62         20           0.065         0.00577          0.0593          0.0913          0.0932          0.0205          0.0299
     62         30          0.0434         0.00528          0.0381          0.0882          0.0892          0.0182          0.0239
     62         40          0.0286        5.43e-05          0.0285         0.00761         0.00904          0.0158          0.0207
     62         50          0.0264        5.99e-05          0.0264         0.00748         0.00949          0.0151          0.0199
     62         60          0.0503        0.000439          0.0499          0.0231          0.0257          0.0181          0.0274
     62         70          0.0237         0.00201          0.0217          0.0546           0.055          0.0138          0.0181
     62         80          0.0285        0.000689          0.0279          0.0297          0.0322          0.0152          0.0205
     62         90          0.0274          0.0018          0.0256          0.0516           0.052          0.0151          0.0196
     62        100          0.0274        8.99e-05          0.0273         0.00876          0.0116          0.0151          0.0203
     62        110          0.0225        0.000142          0.0223          0.0123          0.0146          0.0138          0.0183


2025-11-20 16:54:51: Validating
# epoch      batch      total_loss     energy_loss     forces_loss      energy_mae     energy_rmse      forces_mae     forces_rmse
     62          0          0.0155        5.58e-05          0.0154         0.00614         0.00917          0.0114          0.0152
     62         10          0.0155        1.27e-05          0.0155         0.00345         0.00437          0.0113          0.0153
     62         20          0.0186        0.000479          0.0181          0.0149          0.0269          0.0122          0.0165


2025-11-20 16:54:52: Epoch summary:
Validation  # epoch      total_loss     energy_loss     forces_loss      energy_mae     energy_rmse      forces_mae     forces_rmse
                 62          0.0183        4.73e-05          0.0182         0.00551         0.00724          0.0121          0.0165
Train       # epoch      total_loss     energy_loss     forces_loss      energy_mae     energy_rmse      forces_mae     forces_rmse
                 62          0.0334         0.00127          0.0321          0.0356          0.0377           0.016          0.0218


2025-11-20 16:54:52: Training
# epoch      batch      total_loss     energy_loss     forces_loss      energy_mae     energy_rmse      forces_mae     forces_rmse
     63          0          0.0316         0.00198          0.0296          0.0529          0.0546          0.0154          0.0211
     63         10          0.0203        0.000137          0.0201          0.0124          0.0144          0.0133          0.0174
     63         20          0.0444         0.00212          0.0423          0.0533          0.0565          0.0183          0.0252
     63         30          0.0193         0.00022          0.0191          0.0165          0.0182          0.0129          0.0169
     63         40          0.0218        7.06e-05          0.0217         0.00885          0.0103          0.0139          0.0181
     63         50          0.0329        0.000223          0.0327          0.0128          0.0183           0.016          0.0222
     63         60          0.0338        0.000465          0.0333          0.0245          0.0264          0.0159          0.0224
     63         70          0.0405        0.000272          0.0402          0.0176          0.0202          0.0172          0.0246
     63         80           0.143         0.00723           0.136             0.1           0.104           0.029          0.0452
     63         90          0.0473        0.000312           0.047          0.0185          0.0217          0.0188          0.0266
     63        100          0.0348        5.03e-05          0.0347          0.0071          0.0087          0.0173          0.0229
     63        110          0.0247        0.000505          0.0241          0.0268          0.0276          0.0144          0.0191


2025-11-20 16:55:03: Validating
# epoch      batch      total_loss     energy_loss     forces_loss      energy_mae     energy_rmse      forces_mae     forces_rmse
     63          0          0.0154        5.24e-05          0.0154         0.00653         0.00888          0.0114          0.0152
     63         10          0.0151        1.16e-05          0.0151          0.0032         0.00419          0.0112          0.0151
     63         20          0.0187        0.000467          0.0183          0.0141          0.0265          0.0122          0.0166


2025-11-20 16:55:05: Epoch summary:
Validation  # epoch      total_loss     energy_loss     forces_loss      energy_mae     energy_rmse      forces_mae     forces_rmse
                 63           0.018        4.69e-05           0.018         0.00556         0.00723           0.012          0.0164
Train       # epoch      total_loss     energy_loss     forces_loss      energy_mae     energy_rmse      forces_mae     forces_rmse
                 63          0.0367         0.00133          0.0354           0.029          0.0313          0.0164          0.0226


2025-11-20 16:55:05: Training
# epoch      batch      total_loss     energy_loss     forces_loss      energy_mae     energy_rmse      forces_mae     forces_rmse
     64          0          0.0205        0.000209          0.0203           0.014          0.0177          0.0135          0.0175
     64         10          0.0218         0.00156          0.0203          0.0479          0.0485           0.013          0.0175
     64         20          0.0251        0.000408          0.0247          0.0228          0.0248          0.0147          0.0193
     64         30          0.0334        0.000119          0.0332         0.00972          0.0134          0.0158          0.0224
     64         40          0.0277        0.000838          0.0269           0.034          0.0355          0.0146          0.0201
     64         50          0.0309         0.00214          0.0287          0.0565          0.0568          0.0156          0.0208
     64         60          0.0319        0.000531          0.0313          0.0265          0.0283          0.0162          0.0217
     64         70          0.0239          0.0016          0.0223          0.0488           0.049          0.0139          0.0183
     64         80          0.0163        0.000227          0.0161          0.0177          0.0185          0.0121          0.0156
     64         90          0.0291        9.81e-05           0.029          0.0102          0.0122          0.0151          0.0209
     64        100          0.0303          0.0022          0.0281          0.0568          0.0576          0.0149          0.0206
     64        110          0.0249         0.00175          0.0232          0.0508          0.0513          0.0141          0.0187


2025-11-20 16:55:16: Validating
# epoch      batch      total_loss     energy_loss     forces_loss      energy_mae     energy_rmse      forces_mae     forces_rmse
     64          0          0.0154        4.54e-05          0.0154         0.00587         0.00826          0.0114          0.0152
     64         10          0.0148         1.2e-05          0.0148         0.00341         0.00426          0.0111          0.0149
     64         20          0.0185        0.000461          0.0181          0.0139          0.0263          0.0121          0.0165


2025-11-20 16:55:17: Epoch summary:
Validation  # epoch      total_loss     energy_loss     forces_loss      energy_mae     energy_rmse      forces_mae     forces_rmse
                 64          0.0178        4.34e-05          0.0178         0.00522         0.00687          0.0119          0.0163
Train       # epoch      total_loss     energy_loss     forces_loss      energy_mae     energy_rmse      forces_mae     forces_rmse
                 64          0.0266        0.000907          0.0257          0.0298          0.0318          0.0146          0.0195


2025-11-20 16:55:17: Training
# epoch      batch      total_loss     energy_loss     forces_loss      energy_mae     energy_rmse      forces_mae     forces_rmse
     65          0          0.0233         0.00306          0.0202          0.0676          0.0679           0.013          0.0175
     65         10          0.0262         0.00037          0.0258          0.0215          0.0236          0.0146          0.0197
     65         20          0.0356          0.0026           0.033          0.0602          0.0626          0.0159          0.0223
     65         30          0.0319         0.00813          0.0238            0.11           0.111          0.0141          0.0189
     65         40          0.0311        0.000806          0.0303          0.0338          0.0348           0.016          0.0214
     65         50          0.0223        0.000304           0.022          0.0196          0.0214          0.0135          0.0182
     65         60          0.0271        4.47e-05          0.0271         0.00694         0.00821          0.0154          0.0202
     65         70          0.0206        6.84e-05          0.0205         0.00798          0.0101          0.0134          0.0176
     65         80          0.0252         0.00124           0.024          0.0422          0.0432           0.014           0.019
     65         90          0.0213         0.00157          0.0197           0.048          0.0486          0.0126          0.0172
     65        100          0.0178         0.00144          0.0164          0.0462          0.0465           0.012          0.0157
     65        110          0.0299        0.000209          0.0297          0.0159          0.0177          0.0156          0.0211


2025-11-20 16:55:27: Validating
# epoch      batch      total_loss     energy_loss     forces_loss      energy_mae     energy_rmse      forces_mae     forces_rmse
     65          0          0.0158        5.12e-05          0.0158         0.00636         0.00878          0.0114          0.0154
     65         10          0.0147         1.2e-05          0.0147         0.00332         0.00425          0.0109          0.0149
     65         20          0.0179        0.000491          0.0174          0.0147          0.0272          0.0119          0.0162


2025-11-20 16:55:29: Epoch summary:
Validation  # epoch      total_loss     energy_loss     forces_loss      energy_mae     energy_rmse      forces_mae     forces_rmse
                 65          0.0176        4.54e-05          0.0175         0.00535           0.007          0.0118          0.0162
Train       # epoch      total_loss     energy_loss     forces_loss      energy_mae     energy_rmse      forces_mae     forces_rmse
                 65          0.0277         0.00124          0.0265          0.0335          0.0356          0.0146          0.0198


2025-11-20 16:55:29: Training
# epoch      batch      total_loss     energy_loss     forces_loss      energy_mae     energy_rmse      forces_mae     forces_rmse
     66          0          0.0246        8.91e-05          0.0245         0.00932          0.0116          0.0146          0.0192
     66         10          0.0244        0.000246          0.0242          0.0182          0.0192          0.0146          0.0191
     66         20          0.0323        0.000413          0.0319          0.0234          0.0249          0.0159          0.0219
     66         30          0.0377         0.00393          0.0338          0.0756          0.0769          0.0157          0.0226
     66         40          0.0304         0.00332          0.0271          0.0695          0.0708          0.0153          0.0202
     66         50          0.0206        0.000681          0.0199          0.0312           0.032          0.0131          0.0173
     66         60          0.0256        0.000109          0.0255          0.0104          0.0128          0.0147          0.0196
     66         70           0.024        4.66e-05           0.024         0.00621         0.00838          0.0143           0.019
     66         80          0.0209        0.000515          0.0204          0.0265          0.0278          0.0134          0.0175
     66         90            0.03         0.00116          0.0288          0.0411          0.0418          0.0154          0.0208
     66        100          0.0176        0.000146          0.0174          0.0131          0.0148          0.0122          0.0162
     66        110          0.0237        9.38e-05          0.0236         0.00804          0.0119          0.0143          0.0188


2025-11-20 16:55:39: Validating
# epoch      batch      total_loss     energy_loss     forces_loss      energy_mae     energy_rmse      forces_mae     forces_rmse
     66          0          0.0156        5.14e-05          0.0155         0.00629          0.0088          0.0113          0.0153
     66         10          0.0145         1.3e-05          0.0144         0.00355         0.00443          0.0109          0.0147
     66         20          0.0181        0.000465          0.0176          0.0143          0.0265           0.012          0.0163


2025-11-20 16:55:41: Epoch summary:
Validation  # epoch      total_loss     energy_loss     forces_loss      energy_mae     energy_rmse      forces_mae     forces_rmse
                 66          0.0174        4.36e-05          0.0174         0.00527         0.00689          0.0117          0.0161
Train       # epoch      total_loss     energy_loss     forces_loss      energy_mae     energy_rmse      forces_mae     forces_rmse
                 66          0.0266        0.000898          0.0257           0.028          0.0299          0.0146          0.0196


2025-11-20 16:55:41: Training
# epoch      batch      total_loss     energy_loss     forces_loss      energy_mae     energy_rmse      forces_mae     forces_rmse
     67          0          0.0296        9.75e-05          0.0295          0.0101          0.0121          0.0153          0.0211
     67         10          0.0288        0.000296          0.0285          0.0197          0.0211          0.0148          0.0207
     67         20           0.025        0.000139          0.0249           0.013          0.0145           0.014          0.0194
     67         30          0.0349        0.000484          0.0344          0.0253           0.027          0.0169          0.0228
     67         40          0.0313        0.000137          0.0312          0.0107          0.0144          0.0163          0.0217
     67         50          0.0326         0.00213          0.0305          0.0557          0.0566          0.0164          0.0214
     67         60          0.0373        3.04e-05          0.0373         0.00416         0.00677          0.0144          0.0237
     67         70          0.0236        0.000126          0.0235          0.0127          0.0138          0.0141          0.0188
     67         80          0.0205        0.000259          0.0202          0.0182          0.0198          0.0131          0.0174
     67         90          0.0351         0.00169          0.0334          0.0482          0.0504          0.0163          0.0224
     67        100          0.0326         0.00695          0.0257           0.102           0.102          0.0146          0.0197
     67        110          0.0353         0.00641          0.0289          0.0978          0.0983          0.0157          0.0209


2025-11-20 16:55:52: Validating
# epoch      batch      total_loss     energy_loss     forces_loss      energy_mae     energy_rmse      forces_mae     forces_rmse
     67          0          0.0154        5.19e-05          0.0154         0.00626         0.00884          0.0112          0.0152
     67         10          0.0142        1.26e-05          0.0142         0.00359         0.00435          0.0108          0.0146
     67         20          0.0174        0.000479          0.0169          0.0144          0.0269          0.0117           0.016


2025-11-20 16:55:53: Epoch summary:
Validation  # epoch      total_loss     energy_loss     forces_loss      energy_mae     energy_rmse      forces_mae     forces_rmse
                 67          0.0172        4.44e-05          0.0172         0.00528         0.00692          0.0117           0.016
Train       # epoch      total_loss     energy_loss     forces_loss      energy_mae     energy_rmse      forces_mae     forces_rmse
                 67          0.0308         0.00183           0.029           0.042          0.0439          0.0153          0.0207


2025-11-20 16:55:53: Training
# epoch      batch      total_loss     energy_loss     forces_loss      energy_mae     energy_rmse      forces_mae     forces_rmse
     68          0          0.0321         0.00482          0.0272          0.0847          0.0852          0.0152          0.0203
     68         10          0.0343         0.00653          0.0277          0.0986          0.0991           0.015          0.0204
     68         20           0.035          0.0033          0.0317            0.07          0.0705          0.0164          0.0219
     68         30          0.0335        0.000928          0.0326          0.0365          0.0374          0.0162          0.0222
     68         40          0.0708         0.00112          0.0697          0.0319           0.041          0.0222          0.0324
     68         50          0.0382         0.00697          0.0312           0.102           0.102          0.0167          0.0217
     68         60          0.0355         0.00369          0.0318          0.0739          0.0745          0.0154          0.0219
     68         70          0.0268        4.75e-05          0.0267         0.00657         0.00846          0.0148          0.0201
     68         80          0.0244        0.000144          0.0243          0.0116          0.0147          0.0146          0.0191
     68         90          0.0165        7.18e-05          0.0164         0.00877          0.0104          0.0121          0.0157
     68        100          0.0236        8.53e-05          0.0235         0.00911          0.0113          0.0139          0.0188
     68        110          0.0253        0.000924          0.0243          0.0354          0.0373          0.0139          0.0191


2025-11-20 16:56:04: Validating
# epoch      batch      total_loss     energy_loss     forces_loss      energy_mae     energy_rmse      forces_mae     forces_rmse
     68          0          0.0155        5.52e-05          0.0154         0.00645         0.00912          0.0111          0.0152
     68         10          0.0139        1.26e-05          0.0139         0.00368         0.00435          0.0107          0.0145
     68         20          0.0172        0.000531          0.0167          0.0158          0.0283          0.0116          0.0159


2025-11-20 16:56:06: Epoch summary:
Validation  # epoch      total_loss     energy_loss     forces_loss      energy_mae     energy_rmse      forces_mae     forces_rmse
                 68          0.0171        4.72e-05          0.0171         0.00539         0.00706          0.0116          0.0159
Train       # epoch      total_loss     energy_loss     forces_loss      energy_mae     energy_rmse      forces_mae     forces_rmse
                 68          0.0336         0.00208          0.0316          0.0413          0.0435          0.0159          0.0214


2025-11-20 16:56:06: Training
# epoch      batch      total_loss     energy_loss     forces_loss      energy_mae     energy_rmse      forces_mae     forces_rmse
     69          0          0.0208         0.00153          0.0193          0.0473          0.0481          0.0129           0.017
     69         10          0.0235         0.00256           0.021          0.0612          0.0621          0.0124          0.0178
     69         20          0.0219        6.17e-05          0.0218         0.00884         0.00964          0.0137          0.0181
     69         30          0.0291        0.000118           0.029          0.0112          0.0134          0.0148          0.0209
     69         40           0.038         0.00175          0.0363          0.0475          0.0513          0.0177          0.0234
     69         50           0.138         0.00108           0.137          0.0372          0.0404          0.0323          0.0454
     69         60          0.0629          0.0016          0.0613          0.0457           0.049          0.0225          0.0304
     69         70          0.0888          0.0108           0.078           0.127           0.128          0.0253          0.0343
     69         80           0.113         0.00583           0.107          0.0887          0.0937          0.0295          0.0401
     69         90          0.0627          0.0115          0.0511           0.131           0.132          0.0214          0.0277
     69        100          0.0371        0.000672          0.0365          0.0298          0.0318          0.0182          0.0234
     69        110          0.0436         0.00089          0.0427          0.0354          0.0366           0.019          0.0253


2025-11-20 16:56:17: Validating
# epoch      batch      total_loss     energy_loss     forces_loss      energy_mae     energy_rmse      forces_mae     forces_rmse
     69          0          0.0154        6.03e-05          0.0154         0.00679         0.00953          0.0111          0.0152
     69         10          0.0138        1.09e-05          0.0138          0.0032         0.00406          0.0106          0.0144
     69         20          0.0173        0.000498          0.0168          0.0157          0.0274          0.0117          0.0159


2025-11-20 16:56:18: Epoch summary:
Validation  # epoch      total_loss     energy_loss     forces_loss      energy_mae     energy_rmse      forces_mae     forces_rmse
                 69          0.0171        4.69e-05           0.017         0.00547         0.00715          0.0116          0.0159
Train       # epoch      total_loss     energy_loss     forces_loss      energy_mae     energy_rmse      forces_mae     forces_rmse
                 69          0.0608         0.00427          0.0565          0.0659          0.0679          0.0203           0.028


2025-11-20 16:56:18: Training
# epoch      batch      total_loss     energy_loss     forces_loss      energy_mae     energy_rmse      forces_mae     forces_rmse
     70          0           0.066         0.00323          0.0627           0.066          0.0697          0.0225          0.0307
     70         10          0.0446          0.0137           0.031           0.143           0.143          0.0163          0.0216
     70         20          0.0754         0.00967          0.0657           0.118           0.121           0.022          0.0315
     70         30          0.0882          0.0472           0.041           0.266           0.266          0.0178          0.0248
     70         40            0.05         0.00156          0.0485          0.0472          0.0485          0.0192           0.027
     70         50           0.046         0.00267          0.0433          0.0617          0.0635          0.0196          0.0255
     70         60          0.0329         0.00179          0.0311          0.0515          0.0519          0.0157          0.0216
     70         70           0.037         0.00289          0.0341          0.0642          0.0659          0.0166          0.0227
     70         80          0.0288         0.00212          0.0267          0.0562          0.0565          0.0151            0.02
     70         90          0.0364        8.35e-05          0.0364         0.00779          0.0112          0.0176          0.0234
     70        100          0.0387         0.00666          0.0321          0.0993             0.1          0.0157           0.022
     70        110          0.0294          0.0024           0.027          0.0596          0.0602          0.0153          0.0201


2025-11-20 16:56:29: Validating
# epoch      batch      total_loss     energy_loss     forces_loss      energy_mae     energy_rmse      forces_mae     forces_rmse
     70          0          0.0158        6.12e-05          0.0157         0.00686          0.0096          0.0112          0.0154
     70         10          0.0139        1.12e-05          0.0139         0.00301         0.00411          0.0107          0.0145
     70         20          0.0174        0.000529          0.0169          0.0152          0.0282          0.0118          0.0159


2025-11-20 16:56:30: Epoch summary:
Validation  # epoch      total_loss     energy_loss     forces_loss      energy_mae     energy_rmse      forces_mae     forces_rmse
                 70          0.0171        5.08e-05           0.017          0.0057         0.00747          0.0116          0.0159
Train       # epoch      total_loss     energy_loss     forces_loss      energy_mae     energy_rmse      forces_mae     forces_rmse
                 70          0.0448         0.00585          0.0389          0.0727          0.0744          0.0174          0.0239


2025-11-20 16:56:31: Training
# epoch      batch      total_loss     energy_loss     forces_loss      energy_mae     energy_rmse      forces_mae     forces_rmse
     71          0          0.0234        0.000213          0.0232          0.0151          0.0179           0.014          0.0187
     71         10          0.0282         0.00228          0.0259          0.0579          0.0586          0.0152          0.0198
     71         20          0.0247        0.000159          0.0245          0.0121          0.0155          0.0144          0.0192
     71         30          0.0259         0.00183           0.024          0.0522          0.0525          0.0143           0.019
     71         40           0.015        8.43e-05           0.015         0.00956          0.0113          0.0117           0.015
     71         50          0.0202        6.92e-05          0.0202         0.00859          0.0102          0.0132          0.0174
     71         60          0.0214        6.74e-05          0.0213         0.00753          0.0101          0.0134          0.0179
     71         70          0.0243         0.00138          0.0229          0.0452          0.0456          0.0143          0.0186
     71         80          0.0288        0.000386          0.0285          0.0233          0.0241          0.0145          0.0207
     71         90          0.0232        0.000157          0.0231          0.0132          0.0154          0.0142          0.0186
     71        100          0.0217        2.83e-05          0.0216         0.00581         0.00653          0.0138           0.018
     71        110          0.0219        0.000118          0.0218          0.0121          0.0133          0.0137          0.0181


2025-11-20 16:56:41: Validating
# epoch      batch      total_loss     energy_loss     forces_loss      energy_mae     energy_rmse      forces_mae     forces_rmse
     71          0          0.0156        5.65e-05          0.0155         0.00647         0.00923          0.0112          0.0153
     71         10          0.0136        1.08e-05          0.0136          0.0032         0.00403          0.0107          0.0143
     71         20          0.0174        0.000525          0.0169          0.0152          0.0281          0.0117          0.0159


2025-11-20 16:56:42: Epoch summary:
Validation  # epoch      total_loss     energy_loss     forces_loss      energy_mae     energy_rmse      forces_mae     forces_rmse
                 71          0.0169        4.73e-05          0.0169          0.0053         0.00707          0.0116          0.0158
Train       # epoch      total_loss     energy_loss     forces_loss      energy_mae     energy_rmse      forces_mae     forces_rmse
                 71          0.0278         0.00127          0.0266          0.0352           0.037          0.0147          0.0198


2025-11-20 16:56:43: Training
# epoch      batch      total_loss     energy_loss     forces_loss      energy_mae     energy_rmse      forces_mae     forces_rmse
     72          0          0.0214        0.000525          0.0209          0.0272          0.0281          0.0135          0.0177
     72         10          0.0184        0.000546          0.0179          0.0267          0.0287          0.0124          0.0164
     72         20          0.0188         0.00038          0.0185          0.0222          0.0239          0.0125          0.0167
     72         30          0.0203        0.000187          0.0201          0.0158          0.0168          0.0128          0.0174
     72         40          0.0149        5.08e-05          0.0149         0.00683         0.00875          0.0115           0.015
     72         50          0.0245         0.00149          0.0231          0.0468          0.0473           0.014          0.0186
     72         60          0.0396        0.000418          0.0391          0.0235          0.0251          0.0172          0.0243
     72         70           0.023         0.00133          0.0217          0.0431          0.0447          0.0138          0.0181
     72         80          0.0188         0.00281           0.016          0.0645           0.065          0.0121          0.0155
     72         90          0.0222         0.00123           0.021          0.0424          0.0431          0.0133          0.0178
     72        100          0.0186        0.000179          0.0184           0.013          0.0164          0.0126          0.0167
     72        110          0.0292         0.00214          0.0271          0.0559          0.0568          0.0146          0.0202


2025-11-20 16:56:53: Validating
# epoch      batch      total_loss     energy_loss     forces_loss      energy_mae     energy_rmse      forces_mae     forces_rmse
     72          0          0.0153        4.84e-05          0.0152         0.00572         0.00853          0.0111          0.0152
     72         10          0.0135        9.56e-06          0.0135          0.0032         0.00379          0.0106          0.0142
     72         20           0.017        0.000501          0.0165          0.0145          0.0275          0.0115          0.0157


2025-11-20 16:56:55: Epoch summary:
Validation  # epoch      total_loss     energy_loss     forces_loss      energy_mae     energy_rmse      forces_mae     forces_rmse
                 72          0.0166        4.36e-05          0.0166         0.00503         0.00675          0.0115          0.0157
Train       # epoch      total_loss     energy_loss     forces_loss      energy_mae     energy_rmse      forces_mae     forces_rmse
                 72          0.0229        0.000829           0.022          0.0278          0.0299          0.0133           0.018


2025-11-20 16:56:55: Training
# epoch      batch      total_loss     energy_loss     forces_loss      energy_mae     energy_rmse      forces_mae     forces_rmse
     73          0          0.0293         0.00198          0.0273          0.0542          0.0546          0.0154          0.0203
     73         10          0.0182        0.000737          0.0175          0.0329          0.0333          0.0124          0.0162
     73         20          0.0261        5.53e-05           0.026         0.00765         0.00913          0.0143          0.0198
     73         30          0.0179        0.000848           0.017          0.0345          0.0357          0.0122           0.016
     73         40          0.0347         0.00405          0.0306          0.0766          0.0781          0.0149          0.0215
     73         50          0.0223         0.00137           0.021          0.0441          0.0455          0.0135          0.0178
     73         60          0.0217         0.00036          0.0213          0.0222          0.0233          0.0138          0.0179
     73         70          0.0213        0.000185          0.0211          0.0149          0.0167          0.0137          0.0178
     73         80          0.0207        0.000209          0.0205          0.0162          0.0177          0.0131          0.0176
     73         90          0.0226        0.000186          0.0225           0.011          0.0167          0.0138          0.0184
     73        100          0.0193         0.00127           0.018          0.0431          0.0438          0.0121          0.0165
     73        110          0.0277         0.00486          0.0228          0.0853          0.0855          0.0135          0.0185


2025-11-20 16:57:06: Validating
# epoch      batch      total_loss     energy_loss     forces_loss      energy_mae     energy_rmse      forces_mae     forces_rmse
     73          0          0.0152        5.23e-05          0.0151         0.00583         0.00887           0.011          0.0151
     73         10          0.0134        9.16e-06          0.0134         0.00317         0.00371          0.0105          0.0142
     73         20          0.0168        0.000526          0.0163          0.0144          0.0281          0.0115          0.0157


2025-11-20 16:57:07: Epoch summary:
Validation  # epoch      total_loss     energy_loss     forces_loss      energy_mae     energy_rmse      forces_mae     forces_rmse
                 73          0.0165        4.44e-05          0.0164         0.00502         0.00674          0.0114          0.0156
Train       # epoch      total_loss     energy_loss     forces_loss      energy_mae     energy_rmse      forces_mae     forces_rmse
                 73          0.0249         0.00113          0.0238          0.0333           0.035          0.0139          0.0188


2025-11-20 16:57:07: Training
# epoch      batch      total_loss     energy_loss     forces_loss      energy_mae     energy_rmse      forces_mae     forces_rmse
     74          0            0.03          0.0038          0.0262          0.0753          0.0757          0.0135          0.0199
     74         10           0.132        0.000898           0.131          0.0319          0.0368          0.0276          0.0444
     74         20          0.0798        0.000524          0.0792           0.024          0.0281          0.0255          0.0345
     74         30          0.0697        0.000486          0.0693          0.0248           0.027          0.0248          0.0323
     74         40          0.0522        0.000302          0.0519          0.0145          0.0213          0.0195           0.028
     74         50          0.0337          0.0026          0.0311          0.0616          0.0626          0.0167          0.0216
     74         60          0.0344          0.0072          0.0272           0.104           0.104          0.0153          0.0203
     74         70          0.0241         0.00121          0.0229          0.0415          0.0427          0.0138          0.0185
     74         80           0.029         0.00487          0.0241          0.0851          0.0856          0.0142          0.0191
     74         90           0.023          0.0036          0.0194          0.0733          0.0736           0.013          0.0171
     74        100          0.0257         0.00176          0.0239           0.051          0.0515          0.0144           0.019
     74        110          0.0217         0.00016          0.0216          0.0133          0.0155          0.0134           0.018


2025-11-20 16:57:18: Validating
# epoch      batch      total_loss     energy_loss     forces_loss      energy_mae     energy_rmse      forces_mae     forces_rmse
     74          0           0.015        6.38e-05          0.0149         0.00656          0.0098           0.011           0.015
     74         10          0.0131        9.29e-06          0.0131         0.00292         0.00374          0.0104          0.0141
     74         20          0.0169        0.000543          0.0164          0.0152          0.0286          0.0115          0.0157


2025-11-20 16:57:19: Epoch summary:
Validation  # epoch      total_loss     energy_loss     forces_loss      energy_mae     energy_rmse      forces_mae     forces_rmse
                 74          0.0165        4.87e-05          0.0164         0.00538         0.00717          0.0113          0.0156
Train       # epoch      total_loss     energy_loss     forces_loss      energy_mae     energy_rmse      forces_mae     forces_rmse
                 74          0.0412         0.00202          0.0392          0.0436          0.0457          0.0172          0.0234


2025-11-20 16:57:19: Training
# epoch      batch      total_loss     energy_loss     forces_loss      energy_mae     energy_rmse      forces_mae     forces_rmse
     75          0          0.0152        0.000158           0.015          0.0134          0.0154          0.0113          0.0151
     75         10          0.0164        0.000312          0.0161          0.0158          0.0217           0.012          0.0156
     75         20          0.0208         3.2e-05          0.0208         0.00524         0.00694          0.0133          0.0177
     75         30          0.0204         0.00188          0.0185          0.0527          0.0532          0.0126          0.0167
     75         40          0.0176         2.4e-05          0.0176         0.00478         0.00601          0.0124          0.0163
     75         50           0.023         0.00143          0.0216          0.0388          0.0464          0.0134           0.018
     75         60          0.0224         0.00217          0.0203          0.0569          0.0571          0.0132          0.0175
     75         70          0.0425         0.00225          0.0402          0.0563          0.0583          0.0174          0.0246
     75         80          0.0258        0.000203          0.0256          0.0129          0.0175          0.0143          0.0196
     75         90          0.0174        0.000194          0.0172           0.015          0.0171          0.0121          0.0161
     75        100          0.0298        0.000745          0.0291          0.0322          0.0335          0.0159          0.0209
     75        110          0.0301         0.00387          0.0262          0.0762          0.0764           0.015          0.0199


2025-11-20 16:57:30: Validating
# epoch      batch      total_loss     energy_loss     forces_loss      energy_mae     energy_rmse      forces_mae     forces_rmse
     75          0          0.0146        5.21e-05          0.0145         0.00572         0.00885          0.0109          0.0148
     75         10          0.0132        9.16e-06          0.0132         0.00315         0.00371          0.0104          0.0141
     75         20          0.0168        0.000519          0.0163          0.0143          0.0279          0.0114          0.0156


2025-11-20 16:57:31: Epoch summary:
Validation  # epoch      total_loss     energy_loss     forces_loss      energy_mae     energy_rmse      forces_mae     forces_rmse
                 75          0.0163        4.41e-05          0.0162           0.005         0.00674          0.0113          0.0155
Train       # epoch      total_loss     energy_loss     forces_loss      energy_mae     energy_rmse      forces_mae     forces_rmse
                 75          0.0226        0.000862          0.0218          0.0292          0.0312          0.0133          0.0179


2025-11-20 16:57:31: Training
# epoch      batch      total_loss     energy_loss     forces_loss      energy_mae     energy_rmse      forces_mae     forces_rmse
     76          0          0.0194          0.0023          0.0171          0.0587          0.0589          0.0123          0.0161
     76         10           0.023        0.000132          0.0229         0.00916          0.0141          0.0139          0.0186
     76         20          0.0292        0.000393          0.0288          0.0237          0.0243          0.0141          0.0208
     76         30           0.037          0.0041          0.0329          0.0741          0.0786          0.0162          0.0223
     76         40          0.0426         0.00708          0.0355           0.102           0.103           0.017          0.0231
     76         50          0.0249        0.000629          0.0243          0.0299          0.0308          0.0142          0.0191
     76         60          0.0274         0.00171          0.0257          0.0499          0.0508          0.0147          0.0197
     76         70          0.0213         0.00138          0.0199          0.0451          0.0457          0.0133          0.0173
     76         80          0.0259         0.00205          0.0238          0.0546          0.0556           0.014          0.0189
     76         90          0.0325         0.00775          0.0247           0.108           0.108          0.0145          0.0193
     76        100          0.0468         0.00603          0.0408           0.094          0.0953           0.017          0.0248
     76        110          0.0271         0.00148          0.0256          0.0464          0.0472          0.0149          0.0196


2025-11-20 16:57:42: Validating
# epoch      batch      total_loss     energy_loss     forces_loss      energy_mae     energy_rmse      forces_mae     forces_rmse
     76          0          0.0147        5.44e-05          0.0146         0.00584         0.00905          0.0109          0.0148
     76         10          0.0135        9.42e-06          0.0134         0.00306         0.00377          0.0104          0.0142
     76         20          0.0166        0.000539          0.0161          0.0148          0.0285          0.0114          0.0156


2025-11-20 16:57:43: Epoch summary:
Validation  # epoch      total_loss     energy_loss     forces_loss      energy_mae     energy_rmse      forces_mae     forces_rmse
                 76          0.0162        4.51e-05          0.0161         0.00505         0.00678          0.0112          0.0155
Train       # epoch      total_loss     energy_loss     forces_loss      energy_mae     energy_rmse      forces_mae     forces_rmse
                 76          0.0344         0.00222          0.0322          0.0465          0.0485          0.0157          0.0216


2025-11-20 16:57:43: Training
# epoch      batch      total_loss     energy_loss     forces_loss      energy_mae     energy_rmse      forces_mae     forces_rmse
     77          0           0.023        5.66e-05          0.0229         0.00677         0.00923          0.0141          0.0186
     77         10           0.023        0.000516          0.0225           0.027          0.0279          0.0137          0.0184
     77         20          0.0162        0.000306          0.0159          0.0203          0.0215          0.0119          0.0155
     77         30          0.0211        0.000221          0.0209          0.0112          0.0183          0.0133          0.0177
     77         40           0.116            0.01           0.106            0.12           0.123          0.0261            0.04
     77         50           0.059          0.0079          0.0511           0.108           0.109          0.0206          0.0277
     77         60          0.0687         0.00746          0.0613           0.105           0.106          0.0218          0.0304
     77         70           0.035         0.00308          0.0319          0.0667          0.0681          0.0168          0.0219
     77         80          0.0597          0.0205          0.0392           0.175           0.176          0.0185          0.0243
     77         90          0.0439          0.0111          0.0328           0.127           0.129          0.0164          0.0222
     77        100          0.0238          0.0022          0.0216          0.0572          0.0576          0.0135           0.018
     77        110          0.0335         0.00552           0.028          0.0905          0.0912          0.0153          0.0205


2025-11-20 16:57:54: Validating
# epoch      batch      total_loss     energy_loss     forces_loss      energy_mae     energy_rmse      forces_mae     forces_rmse
     77          0          0.0144        5.58e-05          0.0144         0.00621         0.00917          0.0108          0.0147
     77         10          0.0135        8.86e-06          0.0135         0.00296         0.00365          0.0104          0.0142
     77         20          0.0167        0.000569          0.0161          0.0151          0.0293          0.0113          0.0156


2025-11-20 16:57:55: Epoch summary:
Validation  # epoch      total_loss     energy_loss     forces_loss      energy_mae     energy_rmse      forces_mae     forces_rmse
                 77          0.0163        4.85e-05          0.0162         0.00533         0.00708          0.0113          0.0155
Train       # epoch      total_loss     energy_loss     forces_loss      energy_mae     energy_rmse      forces_mae     forces_rmse
                 77          0.0439         0.00697           0.037          0.0762          0.0778          0.0167          0.0229


2025-11-20 16:57:55: Training
# epoch      batch      total_loss     energy_loss     forces_loss      energy_mae     energy_rmse      forces_mae     forces_rmse
     78          0          0.0321         0.00174          0.0304          0.0502          0.0512          0.0156          0.0214
     78         10          0.0228        0.000143          0.0227          0.0134          0.0147          0.0141          0.0185
     78         20          0.0254        6.99e-05          0.0253         0.00813          0.0103          0.0144          0.0195
     78         30          0.0169        0.000685          0.0162          0.0317          0.0321          0.0121          0.0156
     78         40          0.0193          0.0023           0.017           0.058          0.0588          0.0121           0.016
     78         50          0.0198        0.000977          0.0188          0.0378          0.0384          0.0124          0.0168
     78         60          0.0196        0.000921          0.0186          0.0365          0.0372          0.0128          0.0168
     78         70          0.0175        3.83e-05          0.0175         0.00633         0.00759           0.012          0.0162
     78         80          0.0161         0.00122          0.0149          0.0393          0.0428          0.0113           0.015
     78         90            0.11          0.0066           0.104          0.0947          0.0997          0.0249          0.0395
     78        100          0.0808        0.000875          0.0799          0.0348          0.0363          0.0265          0.0347
     78        110          0.0827        0.000364          0.0824          0.0183          0.0234          0.0243          0.0352


2025-11-20 16:58:06: Validating
# epoch      batch      total_loss     energy_loss     forces_loss      energy_mae     energy_rmse      forces_mae     forces_rmse
     78          0          0.0146        5.61e-05          0.0146         0.00601         0.00919          0.0108          0.0148
     78         10          0.0135        9.91e-06          0.0134         0.00317         0.00386          0.0104          0.0142
     78         20           0.017        0.000551          0.0165          0.0146          0.0288          0.0113          0.0158


2025-11-20 16:58:07: Epoch summary:
Validation  # epoch      total_loss     energy_loss     forces_loss      energy_mae     energy_rmse      forces_mae     forces_rmse
                 78          0.0161         4.7e-05           0.016         0.00523         0.00697          0.0112          0.0154
Train       # epoch      total_loss     energy_loss     forces_loss      energy_mae     energy_rmse      forces_mae     forces_rmse
                 78          0.0313         0.00149          0.0297          0.0368          0.0387           0.015          0.0202


2025-11-20 16:58:07: Training
# epoch      batch      total_loss     energy_loss     forces_loss      energy_mae     energy_rmse      forces_mae     forces_rmse
     79          0          0.0433         0.00208          0.0413          0.0544          0.0559          0.0183          0.0249
     79         10          0.0476        0.000931          0.0467          0.0356          0.0374          0.0197          0.0265
     79         20          0.0311        0.000408          0.0307          0.0229          0.0248          0.0161          0.0215
     79         30          0.0261        0.000213          0.0259          0.0165          0.0179          0.0146          0.0198
     79         40          0.0285        0.000624          0.0279          0.0276          0.0306          0.0148          0.0205
     79         50          0.0249        0.000254          0.0246          0.0171          0.0196          0.0141          0.0193
     79         60          0.0211        0.000161           0.021           0.013          0.0156          0.0132          0.0178
     79         70          0.0247        0.000611          0.0241          0.0292          0.0303          0.0146           0.019
     79         80          0.0638          0.0087          0.0551           0.113           0.114          0.0191          0.0288
     79         90          0.0823         0.00813          0.0742           0.107           0.111           0.022          0.0334
     79        100          0.0432           0.013          0.0302            0.14            0.14          0.0161          0.0213
     79        110          0.0534           0.012          0.0414           0.134           0.135          0.0189           0.025


2025-11-20 16:58:18: Validating
# epoch      batch      total_loss     energy_loss     forces_loss      energy_mae     energy_rmse      forces_mae     forces_rmse
     79          0          0.0143        5.78e-05          0.0143          0.0064         0.00933          0.0108          0.0147
     79         10          0.0132           1e-05          0.0132         0.00311         0.00388          0.0103          0.0141
     79         20          0.0176        0.000527          0.0171           0.015          0.0282          0.0117           0.016


2025-11-20 16:58:20: Epoch summary:
Validation  # epoch      total_loss     energy_loss     forces_loss      energy_mae     energy_rmse      forces_mae     forces_rmse
                 79          0.0161        4.76e-05          0.0161         0.00541         0.00714          0.0112          0.0155
Train       # epoch      total_loss     energy_loss     forces_loss      energy_mae     energy_rmse      forces_mae     forces_rmse
                 79          0.0402         0.00263          0.0376          0.0477          0.0502          0.0167          0.0232


2025-11-20 16:58:20: Training
# epoch      batch      total_loss     energy_loss     forces_loss      energy_mae     energy_rmse      forces_mae     forces_rmse
     80          0            0.04          0.0136          0.0264           0.143           0.143          0.0148          0.0199
     80         10          0.0221         0.00111           0.021          0.0406           0.041          0.0137          0.0178
     80         20          0.0279        0.000306          0.0276          0.0198          0.0215          0.0151          0.0204
     80         30           0.031         0.00276          0.0283          0.0638          0.0645          0.0154          0.0206
     80         40          0.0237        0.000796          0.0229           0.033          0.0346          0.0139          0.0186
     80         50          0.0185        0.000583          0.0179           0.029          0.0296          0.0124          0.0164
     80         60          0.0152        0.000895          0.0143           0.022          0.0367          0.0111          0.0147
     80         70          0.0165        2.97e-05          0.0165         0.00528         0.00669          0.0119          0.0158
     80         80          0.0154        0.000461          0.0149           0.026          0.0263          0.0111           0.015
     80         90          0.0242        8.39e-05          0.0241         0.00996          0.0112          0.0141          0.0191
     80        100          0.0175        0.000124          0.0174          0.0122          0.0137          0.0123          0.0162
     80        110          0.0187        6.06e-05          0.0187         0.00757         0.00955          0.0124          0.0168


2025-11-20 16:58:30: Validating
# epoch      batch      total_loss     energy_loss     forces_loss      energy_mae     energy_rmse      forces_mae     forces_rmse
     80          0           0.014         5.5e-05          0.0139         0.00623          0.0091          0.0106          0.0145
     80         10          0.0132        9.85e-06          0.0132         0.00287         0.00385          0.0103          0.0141
     80         20          0.0177        0.000524          0.0172          0.0149          0.0281          0.0117          0.0161


2025-11-20 16:58:32: Epoch summary:
Validation  # epoch      total_loss     energy_loss     forces_loss      energy_mae     energy_rmse      forces_mae     forces_rmse
                 80           0.016        4.54e-05           0.016         0.00512         0.00687          0.0111          0.0154
Train       # epoch      total_loss     energy_loss     forces_loss      energy_mae     energy_rmse      forces_mae     forces_rmse
                 80          0.0227         0.00142          0.0213          0.0324          0.0339          0.0133          0.0178


2025-11-20 16:58:32: Training
# epoch      batch      total_loss     energy_loss     forces_loss      energy_mae     energy_rmse      forces_mae     forces_rmse
     81          0          0.0214        0.000403           0.021          0.0239          0.0246          0.0133          0.0178
     81         10          0.0134         0.00022          0.0131          0.0158          0.0182          0.0105          0.0141
     81         20           0.017        0.000654          0.0163          0.0296          0.0314          0.0118          0.0157
     81         30          0.0168        0.000129          0.0167           0.012          0.0139          0.0121          0.0159
     81         40          0.0172        8.76e-05          0.0171         0.00822          0.0115          0.0122           0.016
     81         50          0.0279         0.00173          0.0261          0.0505           0.051          0.0144          0.0198
     81         60          0.0159          0.0014          0.0145          0.0437           0.046          0.0112          0.0148
     81         70          0.0176        0.000378          0.0172           0.023          0.0239          0.0121          0.0161
     81         80          0.0424          0.0052          0.0372          0.0873          0.0885          0.0157          0.0237
     81         90          0.0861         0.00834          0.0778           0.109           0.112          0.0232          0.0342
     81        100          0.0688         0.00203          0.0668           0.051          0.0552          0.0238          0.0317
     81        110          0.0551          0.0159          0.0393           0.154           0.155          0.0179          0.0243


2025-11-20 16:58:42: Validating
# epoch      batch      total_loss     energy_loss     forces_loss      energy_mae     energy_rmse      forces_mae     forces_rmse
     81          0          0.0138        5.28e-05          0.0138         0.00587         0.00891          0.0105          0.0144
     81         10          0.0133        9.37e-06          0.0132         0.00299         0.00376          0.0104          0.0141
     81         20           0.017        0.000585          0.0164          0.0154          0.0297          0.0114          0.0157


2025-11-20 16:58:44: Epoch summary:
Validation  # epoch      total_loss     energy_loss     forces_loss      energy_mae     energy_rmse      forces_mae     forces_rmse
                 81          0.0158        4.66e-05          0.0158         0.00501         0.00678          0.0111          0.0153
Train       # epoch      total_loss     energy_loss     forces_loss      energy_mae     energy_rmse      forces_mae     forces_rmse
                 81          0.0305         0.00232          0.0282          0.0459          0.0476          0.0145          0.0197


2025-11-20 16:58:44: Training
# epoch      batch      total_loss     energy_loss     forces_loss      energy_mae     energy_rmse      forces_mae     forces_rmse
     82          0          0.0731          0.0139          0.0593            0.14           0.145          0.0217          0.0299
     82         10          0.0428          0.0123          0.0305           0.135           0.136          0.0163          0.0214
     82         20          0.0241         0.00181          0.0223          0.0515          0.0521          0.0141          0.0183
     82         30          0.0171        0.000945          0.0162          0.0364          0.0377           0.012          0.0156
     82         40          0.0202        0.000583          0.0196           0.023          0.0296          0.0132          0.0172
     82         50          0.0225        7.11e-05          0.0224         0.00841          0.0103          0.0134          0.0184
     82         60          0.0202        0.000243            0.02          0.0181          0.0191          0.0129          0.0174
     82         70          0.0289        6.99e-05          0.0288          0.0088          0.0103          0.0151          0.0208
     82         80          0.0225        0.000545          0.0219          0.0278          0.0286          0.0137          0.0182
     82         90          0.0154        5.97e-05          0.0153          0.0085         0.00948          0.0114          0.0152
     82        100          0.0195         0.00028          0.0193          0.0198          0.0205          0.0124           0.017
     82        110          0.0201        0.000241          0.0199          0.0179          0.0191          0.0133          0.0173


2025-11-20 16:58:54: Validating
# epoch      batch      total_loss     energy_loss     forces_loss      energy_mae     energy_rmse      forces_mae     forces_rmse
     82          0          0.0139        4.97e-05          0.0139         0.00567         0.00865          0.0105          0.0145
     82         10          0.0133        9.16e-06          0.0133         0.00282         0.00371          0.0103          0.0142
     82         20          0.0167        0.000589          0.0161          0.0155          0.0298          0.0113          0.0156


2025-11-20 16:58:55: Epoch summary:
Validation  # epoch      total_loss     energy_loss     forces_loss      energy_mae     energy_rmse      forces_mae     forces_rmse
                 82          0.0157        4.59e-05          0.0157         0.00493         0.00667           0.011          0.0153
Train       # epoch      total_loss     energy_loss     forces_loss      energy_mae     energy_rmse      forces_mae     forces_rmse
                 82          0.0263         0.00289          0.0234          0.0438          0.0453          0.0138          0.0185


2025-11-20 16:58:55: Training
# epoch      batch      total_loss     energy_loss     forces_loss      energy_mae     energy_rmse      forces_mae     forces_rmse
     83          0          0.0221        0.000117           0.022          0.0103          0.0133          0.0134          0.0182
     83         10          0.0357         0.00683          0.0289           0.101           0.101          0.0155          0.0209
     83         20          0.0383        0.000557          0.0377          0.0271           0.029          0.0179          0.0238
     83         30          0.0326         0.00213          0.0305          0.0477          0.0566          0.0159          0.0214
     83         40           0.047         0.00159          0.0454          0.0479           0.049          0.0175          0.0262
     83         50          0.0394         0.00114          0.0382          0.0377          0.0415          0.0181           0.024
     83         60          0.0297         0.00595          0.0237          0.0943          0.0947          0.0138          0.0189
     83         70          0.0232         0.00113          0.0221          0.0408          0.0412          0.0131          0.0182
     83         80          0.0474         0.00471          0.0427          0.0824          0.0842          0.0174          0.0253
     83         90          0.0278         0.00902          0.0188           0.116           0.117          0.0128          0.0168
     83        100          0.0326         0.00248          0.0301           0.059          0.0611          0.0161          0.0213
     83        110          0.0227        0.000208          0.0225          0.0122          0.0177          0.0141          0.0184


2025-11-20 16:59:06: Validating
# epoch      batch      total_loss     energy_loss     forces_loss      energy_mae     energy_rmse      forces_mae     forces_rmse
     83          0           0.014        4.82e-05          0.0139         0.00573         0.00852          0.0105          0.0145
     83         10          0.0131        8.94e-06          0.0131         0.00282         0.00367          0.0103           0.014
     83         20          0.0168        0.000605          0.0162          0.0156          0.0302          0.0113          0.0156


2025-11-20 16:59:07: Epoch summary:
Validation  # epoch      total_loss     energy_loss     forces_loss      energy_mae     energy_rmse      forces_mae     forces_rmse
                 83          0.0157        4.68e-05          0.0156         0.00502         0.00673           0.011          0.0152
Train       # epoch      total_loss     energy_loss     forces_loss      energy_mae     energy_rmse      forces_mae     forces_rmse
                 83          0.0323         0.00224            0.03          0.0481            0.05          0.0153           0.021


2025-11-20 16:59:07: Training
# epoch      batch      total_loss     energy_loss     forces_loss      energy_mae     energy_rmse      forces_mae     forces_rmse
     84          0          0.0216        0.000349          0.0212          0.0218          0.0229          0.0135          0.0179
     84         10          0.0891          0.0017          0.0874          0.0451          0.0506          0.0244          0.0363
     84         20          0.0288         0.00304          0.0258          0.0671          0.0676          0.0146          0.0197
     84         30          0.0423         0.00247          0.0398           0.059           0.061          0.0169          0.0245
     84         40          0.0254         0.00235           0.023          0.0591          0.0595          0.0139          0.0186
     84         50          0.0257         0.00447          0.0213          0.0817           0.082          0.0134          0.0179
     84         60          0.0196        2.55e-05          0.0196         0.00543          0.0062          0.0132          0.0172
     84         70          0.0161        0.000191          0.0159           0.016           0.017          0.0118          0.0155
     84         80          0.0196        7.91e-05          0.0195         0.00965          0.0109          0.0128          0.0171
     84         90          0.0272         0.00302          0.0242          0.0669          0.0674          0.0141          0.0191
     84        100          0.0163         0.00077          0.0155          0.0332          0.0341          0.0116          0.0153
     84        110          0.0273        0.000283           0.027          0.0183          0.0207          0.0148          0.0202


2025-11-20 16:59:18: Validating
# epoch      batch      total_loss     energy_loss     forces_loss      energy_mae     energy_rmse      forces_mae     forces_rmse
     84          0          0.0134        4.88e-05          0.0134         0.00582         0.00857          0.0103          0.0142
     84         10           0.013        8.85e-06          0.0129         0.00285         0.00365          0.0102           0.014
     84         20          0.0173        0.000592          0.0168          0.0151          0.0299          0.0115          0.0159


2025-11-20 16:59:19: Epoch summary:
Validation  # epoch      total_loss     energy_loss     forces_loss      energy_mae     energy_rmse      forces_mae     forces_rmse
                 84          0.0156        4.59e-05          0.0155          0.0049         0.00664           0.011          0.0152
Train       # epoch      total_loss     energy_loss     forces_loss      energy_mae     energy_rmse      forces_mae     forces_rmse
                 84          0.0282         0.00165          0.0266          0.0413          0.0432          0.0144          0.0196


2025-11-20 16:59:19: Training
# epoch      batch      total_loss     energy_loss     forces_loss      energy_mae     energy_rmse      forces_mae     forces_rmse
     85          0          0.0216         0.00253          0.0191          0.0607          0.0617          0.0129          0.0169
     85         10          0.0216        0.000259          0.0214          0.0183          0.0197          0.0139          0.0179
     85         20          0.0205        0.000263          0.0202          0.0195          0.0199          0.0134          0.0175
     85         30          0.0338        0.000377          0.0334          0.0213          0.0238          0.0162          0.0224
     85         40          0.0543        0.000645          0.0536          0.0291          0.0312          0.0193          0.0284
     85         50           0.207         0.00225           0.205          0.0529          0.0583          0.0298          0.0555
     85         60          0.0599        0.000556          0.0594          0.0247          0.0289          0.0219          0.0299
     85         70          0.0386        0.000745          0.0378          0.0321          0.0335          0.0167          0.0239
     85         80          0.0296         0.00134          0.0282          0.0442          0.0449          0.0157          0.0206
     85         90          0.0187        0.000982          0.0178          0.0369          0.0385          0.0125          0.0163
     85        100          0.0182        9.92e-05          0.0181          0.0111          0.0122          0.0126          0.0165
     85        110          0.0267         0.00177          0.0249          0.0457          0.0516          0.0142          0.0194


2025-11-20 16:59:31: Validating
# epoch      batch      total_loss     energy_loss     forces_loss      energy_mae     energy_rmse      forces_mae     forces_rmse
     85          0          0.0135        5.64e-05          0.0134         0.00593         0.00922          0.0103          0.0142
     85         10          0.0128        8.66e-06          0.0128         0.00286         0.00361          0.0101          0.0139
     85         20          0.0174        0.000587          0.0168          0.0158          0.0297          0.0115          0.0159


2025-11-20 16:59:32: Epoch summary:
Validation  # epoch      total_loss     energy_loss     forces_loss      energy_mae     energy_rmse      forces_mae     forces_rmse
                 85          0.0156        4.79e-05          0.0155         0.00515          0.0069          0.0109          0.0152
Train       # epoch      total_loss     energy_loss     forces_loss      energy_mae     energy_rmse      forces_mae     forces_rmse
                 85          0.0413         0.00218          0.0391          0.0418          0.0441          0.0167           0.023


2025-11-20 16:59:32: Training
# epoch      batch      total_loss     energy_loss     forces_loss      energy_mae     energy_rmse      forces_mae     forces_rmse
     86          0          0.0208        0.000106          0.0207          0.0117          0.0126          0.0134          0.0176
     86         10          0.0143        0.000371          0.0139          0.0227          0.0236          0.0112          0.0145
     86         20          0.0181        0.000595          0.0175           0.024          0.0299          0.0122          0.0162
     86         30           0.016        0.000161          0.0159          0.0142          0.0156          0.0117          0.0155
     86         40          0.0257        0.000218          0.0255          0.0165          0.0181           0.014          0.0196
     86         50          0.0206        0.000474          0.0201          0.0179          0.0267          0.0127          0.0174
     86         60          0.0238        2.44e-05          0.0238         0.00466         0.00606          0.0139          0.0189
     86         70          0.0739         0.00121          0.0727            0.04          0.0427          0.0236          0.0331
     86         80          0.0849         0.00867          0.0762            0.11           0.114          0.0235          0.0339
     86         90           0.056          0.0074          0.0486           0.105           0.106            0.02          0.0271
     86        100          0.0295        0.000389          0.0291          0.0232          0.0242          0.0158          0.0209
     86        110          0.0347         0.00735          0.0273           0.103           0.105          0.0153          0.0203


2025-11-20 16:59:43: Validating
# epoch      batch      total_loss     energy_loss     forces_loss      energy_mae     energy_rmse      forces_mae     forces_rmse
     86          0          0.0135        5.89e-05          0.0134         0.00614         0.00941          0.0102          0.0142
     86         10          0.0127        9.16e-06          0.0127         0.00293         0.00371          0.0101          0.0138
     86         20          0.0175        0.000604          0.0169          0.0156          0.0302          0.0115           0.016


2025-11-20 16:59:44: Epoch summary:
Validation  # epoch      total_loss     energy_loss     forces_loss      energy_mae     energy_rmse      forces_mae     forces_rmse
                 86          0.0155        4.95e-05          0.0154         0.00524         0.00699          0.0109          0.0151
Train       # epoch      total_loss     energy_loss     forces_loss      energy_mae     energy_rmse      forces_mae     forces_rmse
                 86          0.0346          0.0029          0.0317          0.0472          0.0492          0.0155          0.0212


2025-11-20 16:59:44: Training
# epoch      batch      total_loss     energy_loss     forces_loss      energy_mae     energy_rmse      forces_mae     forces_rmse
     87          0          0.0397          0.0054          0.0343          0.0888          0.0902          0.0166          0.0227
     87         10          0.0342        0.000675          0.0335          0.0275          0.0319          0.0159          0.0225
     87         20          0.0552         0.00601          0.0492          0.0934          0.0952          0.0196          0.0272
     87         30          0.0249        0.000344          0.0245          0.0224          0.0228          0.0144          0.0192
     87         40          0.0292         0.00418           0.025          0.0785          0.0794          0.0145          0.0194
     87         50          0.0176        0.000532           0.017          0.0278          0.0283          0.0118           0.016
     87         60           0.028         0.00137          0.0266          0.0427          0.0454          0.0152            0.02
     87         70          0.0196        0.000735          0.0189          0.0324          0.0333          0.0128          0.0169
     87         80          0.0192        2.67e-05          0.0192         0.00467         0.00634          0.0128           0.017
     87         90          0.0128        0.000181          0.0127          0.0155          0.0165          0.0104          0.0138
     87        100          0.0189        7.92e-05          0.0188         0.00932          0.0109          0.0128          0.0168
     87        110          0.0174        6.07e-05          0.0173         0.00675         0.00956          0.0121          0.0162


2025-11-20 16:59:55: Validating
# epoch      batch      total_loss     energy_loss     forces_loss      energy_mae     energy_rmse      forces_mae     forces_rmse
     87          0          0.0136        5.37e-05          0.0136         0.00596         0.00899          0.0103          0.0143
     87         10          0.0124        8.09e-06          0.0124         0.00277         0.00349          0.0101          0.0137
     87         20          0.0175        0.000605          0.0169          0.0152          0.0302          0.0114           0.016


2025-11-20 16:59:56: Epoch summary:
Validation  # epoch      total_loss     energy_loss     forces_loss      energy_mae     energy_rmse      forces_mae     forces_rmse
                 87          0.0153        4.59e-05          0.0153         0.00482         0.00657          0.0109          0.0151
Train       # epoch      total_loss     energy_loss     forces_loss      energy_mae     energy_rmse      forces_mae     forces_rmse
                 87          0.0269         0.00104          0.0259          0.0302          0.0323          0.0142          0.0193


2025-11-20 16:59:56: Training
# epoch      batch      total_loss     energy_loss     forces_loss      energy_mae     energy_rmse      forces_mae     forces_rmse
     88          0          0.0145        0.000411          0.0141          0.0238          0.0249          0.0112          0.0146
     88         10          0.0151        3.32e-05           0.015         0.00564         0.00707          0.0115          0.0151
     88         20          0.0123        0.000171          0.0121          0.0149          0.0161          0.0103          0.0135
     88         30          0.0194        0.000745          0.0186          0.0326          0.0335          0.0125          0.0168
     88         40          0.0158        0.000106          0.0157           0.011          0.0126          0.0116          0.0154
     88         50          0.0139        0.000165          0.0137          0.0145          0.0158           0.011          0.0144
     88         60          0.0185        0.000338          0.0182          0.0221          0.0226          0.0123          0.0165
     88         70          0.0211         5.1e-05           0.021         0.00706         0.00877          0.0125          0.0178
     88         80          0.0223          0.0022          0.0201          0.0569          0.0576          0.0128          0.0174
     88         90          0.0318        0.000752          0.0311          0.0319          0.0337          0.0159          0.0216
     88        100          0.0377         0.00172          0.0359           0.049          0.0508          0.0162          0.0233
     88        110          0.0353         0.00425           0.031          0.0773            0.08          0.0156          0.0216


2025-11-20 17:00:07: Validating
# epoch      batch      total_loss     energy_loss     forces_loss      energy_mae     energy_rmse      forces_mae     forces_rmse
     88          0          0.0136        5.27e-05          0.0136         0.00566         0.00891          0.0102          0.0143
     88         10          0.0126         8.3e-06          0.0126          0.0028         0.00353          0.0101          0.0138
     88         20          0.0167        0.000589          0.0162          0.0151          0.0298          0.0112          0.0156


2025-11-20 17:00:08: Epoch summary:
Validation  # epoch      total_loss     energy_loss     forces_loss      energy_mae     energy_rmse      forces_mae     forces_rmse
                 88          0.0153        4.42e-05          0.0152         0.00464         0.00641          0.0108           0.015
Train       # epoch      total_loss     energy_loss     forces_loss      energy_mae     energy_rmse      forces_mae     forces_rmse
                 88          0.0199        0.000684          0.0192          0.0246          0.0264          0.0124          0.0168


2025-11-20 17:00:08: Training
# epoch      batch      total_loss     energy_loss     forces_loss      energy_mae     energy_rmse      forces_mae     forces_rmse
     89          0          0.0826         0.00277          0.0798          0.0615          0.0646          0.0226          0.0347
     89         10           0.056        0.000381          0.0556          0.0205           0.024          0.0208          0.0289
     89         20          0.0439        0.000216          0.0437          0.0121           0.018          0.0171          0.0256
     89         30          0.0329         0.00841          0.0245           0.112           0.113          0.0144          0.0192
     89         40          0.0599         0.00646          0.0534          0.0976          0.0987          0.0192          0.0284
     89         50          0.0519         0.00497          0.0469          0.0849          0.0865          0.0167          0.0266
     89         60          0.0555          0.0104          0.0451           0.124           0.125          0.0185           0.026
     89         70          0.0338        0.000351          0.0334          0.0198           0.023          0.0167          0.0224
     89         80          0.0176        8.05e-05          0.0175          0.0101           0.011          0.0123          0.0162
     89         90          0.0287        0.000911          0.0278          0.0302           0.037           0.015          0.0205
     89        100          0.0214         0.00168          0.0197          0.0501          0.0503          0.0128          0.0172
     89        110          0.0225        0.000188          0.0223          0.0143          0.0168          0.0135          0.0183


2025-11-20 17:00:20: Validating
# epoch      batch      total_loss     energy_loss     forces_loss      energy_mae     energy_rmse      forces_mae     forces_rmse
     89          0           0.014        6.25e-05          0.0139          0.0063          0.0097          0.0103          0.0145
     89         10          0.0124        8.66e-06          0.0124         0.00283         0.00361            0.01          0.0137
     89         20          0.0167        0.000596          0.0161          0.0156            0.03          0.0112          0.0156


2025-11-20 17:00:21: Epoch summary:
Validation  # epoch      total_loss     energy_loss     forces_loss      energy_mae     energy_rmse      forces_mae     forces_rmse
                 89          0.0155        4.71e-05          0.0154         0.00503         0.00675          0.0109          0.0151
Train       # epoch      total_loss     energy_loss     forces_loss      energy_mae     energy_rmse      forces_mae     forces_rmse
                 89           0.041         0.00253          0.0385          0.0487           0.051          0.0169          0.0235


2025-11-20 17:00:21: Training
# epoch      batch      total_loss     energy_loss     forces_loss      energy_mae     energy_rmse      forces_mae     forces_rmse
     90          0          0.0188        0.000114          0.0187          0.0115          0.0131          0.0123          0.0168
     90         10          0.0253        0.000145          0.0251          0.0101          0.0148          0.0142          0.0194
     90         20          0.0158         0.00171           0.014          0.0501          0.0507           0.011          0.0145
     90         30          0.0171        0.000214          0.0169          0.0169          0.0179          0.0119           0.016
     90         40          0.0164         2.1e-05          0.0164         0.00453         0.00563          0.0119          0.0157
     90         50           0.034        0.000385          0.0336           0.018          0.0241          0.0157          0.0225
     90         60          0.0485         0.00386          0.0446           0.075          0.0763          0.0184          0.0259
     90         70          0.0329         0.00335          0.0296          0.0705          0.0711          0.0156          0.0211
     90         80          0.0255         0.00354           0.022          0.0723           0.073          0.0139          0.0182
     90         90          0.0222        0.000811          0.0214          0.0341          0.0349          0.0135          0.0179
     90        100          0.0227        0.000498          0.0222          0.0266          0.0274          0.0137          0.0183
     90        110          0.0211         0.00025          0.0208          0.0172          0.0194           0.013          0.0177


2025-11-20 17:00:32: Validating
# epoch      batch      total_loss     energy_loss     forces_loss      energy_mae     energy_rmse      forces_mae     forces_rmse
     90          0          0.0139        6.12e-05          0.0138         0.00617          0.0096          0.0102          0.0144
     90         10          0.0126        9.14e-06          0.0125         0.00285         0.00371            0.01          0.0137
     90         20          0.0168        0.000602          0.0162           0.016          0.0301          0.0112          0.0156


2025-11-20 17:00:34: Epoch summary:
Validation  # epoch      total_loss     energy_loss     forces_loss      energy_mae     energy_rmse      forces_mae     forces_rmse
                 90          0.0153        4.67e-05          0.0153         0.00494         0.00667          0.0108           0.015
Train       # epoch      total_loss     energy_loss     forces_loss      energy_mae     energy_rmse      forces_mae     forces_rmse
                 90          0.0244         0.00127          0.0231          0.0338          0.0355          0.0135          0.0183


2025-11-20 17:00:34: Training
# epoch      batch      total_loss     energy_loss     forces_loss      energy_mae     energy_rmse      forces_mae     forces_rmse
     91          0          0.0214        0.000217          0.0212          0.0138          0.0181          0.0132          0.0179
     91         10          0.0191         0.00167          0.0175          0.0496          0.0501          0.0119          0.0162
     91         20           0.016         0.00129          0.0147          0.0436          0.0441          0.0114          0.0149
     91         30          0.0282        0.000659          0.0275          0.0286          0.0315          0.0146          0.0204
     91         40          0.0292         0.00263          0.0266           0.061          0.0629          0.0147            0.02
     91         50          0.0358         0.00808          0.0277            0.11            0.11          0.0155          0.0204
     91         60          0.0297         0.00124          0.0285          0.0423          0.0432          0.0152          0.0207
     91         70          0.0406          0.0017          0.0389          0.0474          0.0506          0.0162          0.0242
     91         80           0.032         0.00458          0.0275           0.082           0.083          0.0156          0.0203
     91         90          0.0227        0.000999          0.0217          0.0384          0.0388          0.0132          0.0181
     91        100          0.0215         0.00063          0.0209          0.0301          0.0308           0.013          0.0177
     91        110          0.0289         0.00271          0.0262          0.0632          0.0639          0.0145          0.0199


2025-11-20 17:00:45: Validating
# epoch      batch      total_loss     energy_loss     forces_loss      energy_mae     energy_rmse      forces_mae     forces_rmse
     91          0          0.0137        6.78e-05          0.0136         0.00662          0.0101          0.0102          0.0143
     91         10          0.0128        8.38e-06          0.0128         0.00267         0.00355          0.0101          0.0139
     91         20           0.017        0.000601          0.0164          0.0159          0.0301          0.0112          0.0157


2025-11-20 17:00:46: Epoch summary:
Validation  # epoch      total_loss     energy_loss     forces_loss      energy_mae     energy_rmse      forces_mae     forces_rmse
                 91          0.0152         4.8e-05          0.0151          0.0051         0.00684          0.0108           0.015
Train       # epoch      total_loss     energy_loss     forces_loss      energy_mae     energy_rmse      forces_mae     forces_rmse
                 91          0.0286         0.00178          0.0269          0.0429          0.0447          0.0146          0.0199


2025-11-20 17:00:47: Training
# epoch      batch      total_loss     energy_loss     forces_loss      energy_mae     energy_rmse      forces_mae     forces_rmse
     92          0          0.0248         0.00186          0.0229          0.0519          0.0529          0.0139          0.0186
     92         10          0.0195        0.000259          0.0192          0.0178          0.0198          0.0126           0.017
     92         20          0.0214        0.000573          0.0208          0.0285          0.0294          0.0132          0.0177
     92         30          0.0219         0.00186            0.02          0.0522           0.053          0.0132          0.0174
     92         40           0.024         0.00169          0.0223          0.0491          0.0505          0.0137          0.0183
     92         50          0.0269         0.00112          0.0258            0.04          0.0411          0.0145          0.0197
     92         60          0.0194        0.000991          0.0184          0.0379          0.0386          0.0129          0.0167
     92         70          0.0172        4.86e-05          0.0172         0.00719         0.00855          0.0121          0.0161
     92         80          0.0323         0.00117          0.0312          0.0401           0.042          0.0156          0.0217
     92         90          0.0717        0.000901          0.0708          0.0348          0.0368          0.0218          0.0327
     92        100          0.0631         0.00091          0.0622           0.033           0.037          0.0221          0.0306
     92        110          0.0338         0.00427          0.0295          0.0794          0.0802          0.0158          0.0211


2025-11-20 17:00:57: Validating
# epoch      batch      total_loss     energy_loss     forces_loss      energy_mae     energy_rmse      forces_mae     forces_rmse
     92          0          0.0139        6.91e-05          0.0139         0.00673          0.0102          0.0103          0.0144
     92         10          0.0128        8.25e-06          0.0128          0.0027         0.00353          0.0101          0.0139
     92         20          0.0173        0.000586          0.0167          0.0157          0.0297          0.0113          0.0158


2025-11-20 17:00:59: Epoch summary:
Validation  # epoch      total_loss     energy_loss     forces_loss      energy_mae     energy_rmse      forces_mae     forces_rmse
                 92          0.0151        4.88e-05          0.0151         0.00528           0.007          0.0107          0.0149
Train       # epoch      total_loss     energy_loss     forces_loss      energy_mae     energy_rmse      forces_mae     forces_rmse
                 92          0.0335         0.00243           0.031          0.0493          0.0509          0.0153           0.021


2025-11-20 17:00:59: Training
# epoch      batch      total_loss     energy_loss     forces_loss      energy_mae     energy_rmse      forces_mae     forces_rmse
     93          0           0.056        0.000342          0.0556          0.0202          0.0227          0.0212          0.0289
     93         10          0.0349         0.00583           0.029           0.093          0.0937          0.0152          0.0209
     93         20          0.0212          0.0014          0.0198          0.0448          0.0459          0.0132          0.0173
     93         30          0.0302         0.00711          0.0231           0.103           0.103          0.0136          0.0186
     93         40          0.0207          0.0016          0.0191          0.0483          0.0491          0.0127          0.0169
     93         50          0.0494         0.00431          0.0451          0.0798          0.0805          0.0168          0.0261
     93         60          0.0238        0.000284          0.0235            0.02          0.0207          0.0135          0.0188
     93         70          0.0181         0.00172          0.0164          0.0506          0.0508           0.012          0.0157
     93         80          0.0189         0.00108          0.0178          0.0394          0.0404          0.0122          0.0164
     93         90           0.033        8.55e-05          0.0329         0.00991          0.0113          0.0165          0.0223
     93        100          0.0233         0.00147          0.0218          0.0465          0.0471          0.0137          0.0181
     93        110          0.0468         0.00074          0.0461          0.0321          0.0334          0.0195          0.0263


2025-11-20 17:01:10: Validating
# epoch      batch      total_loss     energy_loss     forces_loss      energy_mae     energy_rmse      forces_mae     forces_rmse
     93          0           0.014        6.24e-05          0.0139         0.00651         0.00969          0.0103          0.0145
     93         10          0.0123        7.85e-06          0.0123          0.0027         0.00344            0.01          0.0136
     93         20           0.017        0.000567          0.0164          0.0155          0.0292          0.0112          0.0157


2025-11-20 17:01:11: Epoch summary:
Validation  # epoch      total_loss     energy_loss     forces_loss      energy_mae     energy_rmse      forces_mae     forces_rmse
                 93          0.0151        4.62e-05           0.015         0.00502         0.00675          0.0107          0.0149
Train       # epoch      total_loss     energy_loss     forces_loss      energy_mae     energy_rmse      forces_mae     forces_rmse
                 93          0.0301         0.00226          0.0278          0.0503          0.0518          0.0149          0.0203


2025-11-20 17:01:11: Training
# epoch      batch      total_loss     energy_loss     forces_loss      energy_mae     energy_rmse      forces_mae     forces_rmse
     94          0          0.0309         0.00104          0.0298          0.0385          0.0395          0.0156          0.0212
     94         10          0.0277        0.000559          0.0271          0.0263           0.029          0.0151          0.0202
     94         20          0.0264        0.000841          0.0256          0.0342          0.0356          0.0151          0.0196
     94         30          0.0253        0.000247          0.0251          0.0177          0.0193          0.0137          0.0194
     94         40          0.0327        0.000607          0.0321          0.0284          0.0302          0.0159           0.022
     94         50           0.028        8.53e-05          0.0279         0.00978          0.0113          0.0153          0.0205
     94         60          0.0297         0.00293          0.0268          0.0647          0.0664          0.0152          0.0201
     94         70          0.0221        5.75e-05           0.022          0.0079         0.00931          0.0138          0.0182
     94         80          0.0404          0.0111          0.0293           0.129           0.129          0.0148           0.021
     94         90          0.0285        0.000351          0.0282          0.0219           0.023          0.0154          0.0206
     94        100          0.0267        0.000374          0.0263          0.0224          0.0237          0.0147          0.0199
     94        110           0.019        0.000691          0.0183          0.0263          0.0323          0.0125          0.0166


2025-11-20 17:01:22: Validating
# epoch      batch      total_loss     energy_loss     forces_loss      energy_mae     energy_rmse      forces_mae     forces_rmse
     94          0          0.0137        6.52e-05          0.0137         0.00644         0.00991          0.0103          0.0144
     94         10          0.0122        7.79e-06          0.0122         0.00269         0.00343         0.00991          0.0136
     94         20           0.017        0.000566          0.0164          0.0152          0.0292          0.0113          0.0157


2025-11-20 17:01:23: Epoch summary:
Validation  # epoch      total_loss     energy_loss     forces_loss      energy_mae     energy_rmse      forces_mae     forces_rmse
                 94          0.0152        4.75e-05          0.0151         0.00511          0.0069          0.0108           0.015
Train       # epoch      total_loss     energy_loss     forces_loss      energy_mae     energy_rmse      forces_mae     forces_rmse
                 94          0.0314         0.00155          0.0299           0.039          0.0412          0.0153           0.021


2025-11-20 17:01:23: Training
# epoch      batch      total_loss     energy_loss     forces_loss      energy_mae     energy_rmse      forces_mae     forces_rmse
     95          0          0.0223        0.000573          0.0217          0.0287          0.0294           0.013          0.0181
     95         10          0.0178        3.74e-05          0.0178         0.00608          0.0075          0.0121          0.0164
     95         20           0.014         0.00018          0.0138          0.0146          0.0165          0.0109          0.0144
     95         30          0.0232         0.00104          0.0222          0.0373          0.0396          0.0134          0.0183
     95         40           0.016         0.00299           0.013          0.0669          0.0671          0.0107           0.014
     95         50          0.0204        3.15e-05          0.0204         0.00533         0.00688          0.0126          0.0175
     95         60          0.0222        0.000978          0.0212          0.0372          0.0384          0.0135          0.0179
     95         70          0.0176         0.00283          0.0148          0.0646          0.0653          0.0111          0.0149
     95         80          0.0204         0.00129          0.0191          0.0431           0.044          0.0127           0.017
     95         90          0.0187        7.79e-05          0.0186         0.00813          0.0108          0.0126          0.0168
     95        100          0.0273         0.00227           0.025          0.0575          0.0584          0.0146          0.0194
     95        110          0.0252          0.0018          0.0234          0.0516           0.052          0.0135          0.0188


2025-11-20 17:01:33: Validating
# epoch      batch      total_loss     energy_loss     forces_loss      energy_mae     energy_rmse      forces_mae     forces_rmse
     95          0          0.0135        5.97e-05          0.0134         0.00577         0.00948          0.0102          0.0142
     95         10          0.0121        7.62e-06          0.0121         0.00251         0.00339         0.00986          0.0135
     95         20          0.0166         0.00054          0.0161          0.0148          0.0285          0.0112          0.0156


2025-11-20 17:01:35: Epoch summary:
Validation  # epoch      total_loss     energy_loss     forces_loss      energy_mae     energy_rmse      forces_mae     forces_rmse
                 95          0.0151        4.44e-05           0.015         0.00482         0.00661          0.0107          0.0149
Train       # epoch      total_loss     energy_loss     forces_loss      energy_mae     energy_rmse      forces_mae     forces_rmse
                 95          0.0188         0.00091          0.0179          0.0307          0.0325          0.0122          0.0163


2025-11-20 17:01:35: Training
# epoch      batch      total_loss     energy_loss     forces_loss      energy_mae     energy_rmse      forces_mae     forces_rmse
     96          0          0.0219        0.000301          0.0216          0.0192          0.0213          0.0135           0.018
     96         10          0.0172        0.000295          0.0169          0.0202          0.0211          0.0119          0.0159
     96         20          0.0133         0.00031          0.0129          0.0199          0.0216          0.0106           0.014
     96         30          0.0162        0.000205           0.016          0.0105          0.0176          0.0116          0.0155
     96         40          0.0185        0.000749          0.0177           0.033          0.0336          0.0118          0.0163
     96         50          0.0557         0.00047          0.0552          0.0225          0.0266          0.0203          0.0288
     96         60          0.0304        0.000959          0.0295          0.0356           0.038          0.0154          0.0211
     96         70          0.0284         0.00795          0.0204           0.109           0.109          0.0132          0.0175
     96         80          0.0363         0.00165          0.0346          0.0486          0.0498          0.0165          0.0228
     96         90          0.0444         0.00324          0.0411          0.0686          0.0699          0.0163          0.0249
     96        100          0.0529         0.00827          0.0446           0.111           0.112           0.019          0.0259
     96        110           0.062         0.00238          0.0596          0.0573          0.0599          0.0208            0.03


2025-11-20 17:01:46: Validating
# epoch      batch      total_loss     energy_loss     forces_loss      energy_mae     energy_rmse      forces_mae     forces_rmse
     96          0           0.014        5.84e-05          0.0139         0.00569         0.00938          0.0102          0.0145
     96         10          0.0122        6.47e-06          0.0122         0.00241         0.00312         0.00991          0.0136
     96         20          0.0159        0.000572          0.0153          0.0151          0.0294          0.0109          0.0152


2025-11-20 17:01:47: Epoch summary:
Validation  # epoch      total_loss     energy_loss     forces_loss      energy_mae     energy_rmse      forces_mae     forces_rmse
                 96          0.0149        4.51e-05          0.0148          0.0048         0.00658          0.0106          0.0148
Train       # epoch      total_loss     energy_loss     forces_loss      energy_mae     energy_rmse      forces_mae     forces_rmse
                 96           0.033         0.00287          0.0301          0.0474          0.0494          0.0146          0.0205


2025-11-20 17:01:47: Training
# epoch      batch      total_loss     energy_loss     forces_loss      energy_mae     energy_rmse      forces_mae     forces_rmse
     97          0          0.0409        0.000191          0.0407          0.0138          0.0169          0.0171          0.0247
     97         10          0.0948         0.00453          0.0903          0.0804          0.0826          0.0275          0.0369
     97         20          0.0738         0.00315          0.0706          0.0651          0.0689          0.0229          0.0326
     97         30          0.0332        0.000193           0.033           0.015          0.0171           0.016          0.0223
     97         40          0.0287        0.000218          0.0285          0.0169          0.0181          0.0146          0.0207
     97         50          0.0212        0.000203          0.0209          0.0118          0.0175          0.0131          0.0178
     97         60          0.0325         0.00135          0.0311          0.0438          0.0451          0.0152          0.0217
     97         70          0.0471        0.000634          0.0465          0.0284          0.0309          0.0182          0.0264
     97         80          0.0638         0.00172           0.062          0.0479           0.051          0.0216          0.0306
     97         90          0.0294         0.00109          0.0283          0.0393          0.0406          0.0154          0.0206
     97        100          0.0311        0.000474          0.0306           0.025          0.0267          0.0162          0.0215
     97        110          0.0293          0.0015          0.0278          0.0462          0.0476          0.0155          0.0204


2025-11-20 17:01:58: Validating
# epoch      batch      total_loss     energy_loss     forces_loss      energy_mae     energy_rmse      forces_mae     forces_rmse
     97          0          0.0136        6.19e-05          0.0135         0.00664         0.00965          0.0101          0.0143
     97         10           0.012        7.34e-06           0.012         0.00273         0.00332         0.00986          0.0134
     97         20          0.0162        0.000609          0.0156          0.0163          0.0303           0.011          0.0153


2025-11-20 17:01:59: Epoch summary:
Validation  # epoch      total_loss     energy_loss     forces_loss      energy_mae     energy_rmse      forces_mae     forces_rmse
                 97          0.0149        4.99e-05          0.0149         0.00534         0.00705          0.0107          0.0148
Train       # epoch      total_loss     energy_loss     forces_loss      energy_mae     energy_rmse      forces_mae     forces_rmse
                 97          0.0401         0.00104           0.039          0.0316          0.0342          0.0169          0.0237


2025-11-20 17:01:59: Training
# epoch      batch      total_loss     energy_loss     forces_loss      energy_mae     energy_rmse      forces_mae     forces_rmse
     98          0          0.0226        0.000359          0.0222          0.0222          0.0232          0.0134          0.0183
     98         10          0.0222        0.000201           0.022          0.0161          0.0174          0.0128          0.0182
     98         20          0.0371        0.000616          0.0365          0.0253          0.0305          0.0167          0.0234
     98         30          0.0382        0.000182           0.038          0.0145          0.0165          0.0176          0.0239
     98         40          0.0256        0.000539           0.025          0.0266          0.0285          0.0137          0.0194
     98         50          0.0251        0.000178          0.0249          0.0154          0.0164          0.0136          0.0194
     98         60          0.0168        5.57e-05          0.0167          0.0078         0.00916          0.0119          0.0159
     98         70          0.0277        0.000133          0.0276          0.0118          0.0141           0.015          0.0204
     98         80          0.0164        5.15e-05          0.0163         0.00763         0.00881          0.0117          0.0157
     98         90          0.0238        0.000367          0.0235          0.0224          0.0235          0.0142          0.0188
     98        100          0.0376        0.000433          0.0372          0.0228          0.0255          0.0172          0.0237
     98        110          0.0279        0.000426          0.0275          0.0236          0.0253          0.0144          0.0204


2025-11-20 17:02:10: Validating
# epoch      batch      total_loss     energy_loss     forces_loss      energy_mae     energy_rmse      forces_mae     forces_rmse
     98          0          0.0134        5.97e-05          0.0134         0.00656         0.00948          0.0101          0.0142
     98         10          0.0119         7.5e-06          0.0119         0.00285         0.00336         0.00978          0.0134
     98         20          0.0163        0.000592          0.0157          0.0164          0.0299           0.011          0.0154


2025-11-20 17:02:12: Epoch summary:
Validation  # epoch      total_loss     energy_loss     forces_loss      energy_mae     energy_rmse      forces_mae     forces_rmse
                 98          0.0148        4.78e-05          0.0147         0.00522         0.00688          0.0106          0.0148
Train       # epoch      total_loss     energy_loss     forces_loss      energy_mae     energy_rmse      forces_mae     forces_rmse
                 98          0.0265        0.000448           0.026          0.0203          0.0229          0.0144          0.0197


2025-11-20 17:02:12: Training
# epoch      batch      total_loss     energy_loss     forces_loss      energy_mae     energy_rmse      forces_mae     forces_rmse
     99          0          0.0291        0.000133           0.029          0.0123          0.0142           0.015          0.0209
     99         10          0.0221         0.00011          0.0219          0.0107          0.0129          0.0136          0.0182
     99         20           0.043         0.00134          0.0416          0.0428          0.0449          0.0175           0.025
     99         30          0.0443        0.000322           0.044          0.0167           0.022          0.0188          0.0257
     99         40          0.0555         0.00214          0.0533          0.0406          0.0568          0.0188          0.0283
     99         50          0.0484         0.00192          0.0465          0.0496          0.0537          0.0195          0.0265
     99         60          0.0225        0.000646          0.0218          0.0302          0.0312          0.0136          0.0181
     99         70          0.0296        0.000574           0.029           0.028          0.0294          0.0154          0.0209
     99         80           0.027        7.45e-05          0.0269         0.00824          0.0106          0.0151          0.0201
     99         90          0.0564          0.0002          0.0562          0.0116          0.0173           0.019          0.0291
     99        100          0.0267        0.000749          0.0259          0.0327          0.0336          0.0143          0.0198
     99        110          0.0253        0.000422          0.0249          0.0239          0.0252          0.0138          0.0194


2025-11-20 17:02:23: Validating
# epoch      batch      total_loss     energy_loss     forces_loss      energy_mae     energy_rmse      forces_mae     forces_rmse
     99          0          0.0136        6.44e-05          0.0135         0.00658         0.00985          0.0101          0.0143
     99         10          0.0119        8.12e-06          0.0119         0.00307          0.0035         0.00974          0.0134
     99         20          0.0162        0.000608          0.0156          0.0162          0.0303          0.0109          0.0153


2025-11-20 17:02:24: Epoch summary:
Validation  # epoch      total_loss     energy_loss     forces_loss      energy_mae     energy_rmse      forces_mae     forces_rmse
                 99          0.0147        4.87e-05          0.0147         0.00522         0.00692          0.0106          0.0148
Train       # epoch      total_loss     energy_loss     forces_loss      energy_mae     energy_rmse      forces_mae     forces_rmse
                 99          0.0316        0.000708          0.0309          0.0269          0.0294          0.0154          0.0213


2025-11-20 17:02:24: Training
# epoch      batch      total_loss     energy_loss     forces_loss      energy_mae     energy_rmse      forces_mae     forces_rmse
    100          0          0.0265          0.0014          0.0251          0.0448          0.0459          0.0142          0.0195
    100         10          0.0272        0.000286          0.0269          0.0184          0.0208          0.0153          0.0201
    100         20          0.0215        0.000174          0.0213          0.0154          0.0162          0.0134          0.0179
    100         30          0.0237        0.000203          0.0235          0.0151          0.0175          0.0135          0.0188
    100         40          0.0193        8.42e-05          0.0192         0.00846          0.0113          0.0125           0.017
    100         50           0.021        6.18e-05           0.021         0.00792         0.00965          0.0132          0.0178
    100         60           0.018         0.00093           0.017          0.0355          0.0374          0.0124           0.016
    100         70          0.0166        0.000496          0.0161          0.0266          0.0273          0.0115          0.0156
    100         80          0.0193          0.0011          0.0182          0.0402          0.0407          0.0125          0.0166
    100         90          0.0322         0.00024          0.0319           0.017           0.019          0.0157          0.0219
    100        100          0.0194        0.000167          0.0193          0.0135          0.0159          0.0124           0.017
    100        110          0.0224        0.000148          0.0223          0.0128          0.0149          0.0137          0.0183


2025-11-20 17:02:35: Validating
# epoch      batch      total_loss     energy_loss     forces_loss      energy_mae     energy_rmse      forces_mae     forces_rmse
    100          0          0.0133        6.21e-05          0.0133         0.00622         0.00967            0.01          0.0141
    100         10          0.0118        7.97e-06          0.0117         0.00305         0.00346         0.00974          0.0133
    100         20          0.0164        0.000613          0.0157           0.016          0.0304           0.011          0.0154


2025-11-20 17:02:36: Epoch summary:
Validation  # epoch      total_loss     energy_loss     forces_loss      energy_mae     energy_rmse      forces_mae     forces_rmse
                100          0.0146        4.76e-05          0.0146         0.00501         0.00673          0.0106          0.0147
Train       # epoch      total_loss     energy_loss     forces_loss      energy_mae     energy_rmse      forces_mae     forces_rmse
                100          0.0223        0.000396          0.0219          0.0196           0.022          0.0133          0.0181


2025-11-20 17:02:36: Training
# epoch      batch      total_loss     energy_loss     forces_loss      energy_mae     energy_rmse      forces_mae     forces_rmse
    101          0          0.0279         0.00141          0.0265          0.0446          0.0461          0.0141            0.02
    101         10           0.023        0.000721          0.0223          0.0314           0.033          0.0135          0.0183
    101         20          0.0468          0.0089          0.0379           0.115           0.116          0.0172          0.0239
    101         30          0.0382        0.000931          0.0372          0.0361          0.0374          0.0173          0.0237
    101         40          0.0244        4.85e-05          0.0243         0.00664         0.00855          0.0141          0.0191
    101         50          0.0213        0.000131          0.0211          0.0124          0.0141          0.0132          0.0178
    101         60          0.0402        0.000173            0.04          0.0136          0.0162          0.0177          0.0246
    101         70          0.0213         0.00128            0.02          0.0424          0.0439          0.0132          0.0173
    101         80          0.0215        0.000905          0.0206          0.0357          0.0369          0.0133          0.0176
    101         90          0.0241         0.00374          0.0203          0.0684           0.075          0.0126          0.0175
    101        100          0.0154        0.000349          0.0151          0.0221          0.0229          0.0113          0.0151
    101        110          0.0245        0.000129          0.0244          0.0111          0.0139           0.014          0.0192


2025-11-20 17:02:47: Validating
# epoch      batch      total_loss     energy_loss     forces_loss      energy_mae     energy_rmse      forces_mae     forces_rmse
    101          0           0.013        6.48e-05          0.0129         0.00647         0.00988         0.00993          0.0139
    101         10           0.012           8e-06           0.012         0.00321         0.00347         0.00972          0.0134
    101         20          0.0164        0.000601          0.0158          0.0156          0.0301           0.011          0.0154


2025-11-20 17:02:48: Epoch summary:
Validation  # epoch      total_loss     energy_loss     forces_loss      energy_mae     energy_rmse      forces_mae     forces_rmse
                101          0.0146        4.87e-05          0.0146         0.00515          0.0069          0.0105          0.0147
Train       # epoch      total_loss     energy_loss     forces_loss      energy_mae     energy_rmse      forces_mae     forces_rmse
                101          0.0271         0.00118           0.026          0.0352          0.0369          0.0142          0.0195


2025-11-20 17:02:48: Training
# epoch      batch      total_loss     energy_loss     forces_loss      energy_mae     energy_rmse      forces_mae     forces_rmse
    102          0          0.0211         0.00226          0.0189          0.0568          0.0584           0.012          0.0169
    102         10          0.0223        5.59e-05          0.0223         0.00703         0.00917          0.0135          0.0183
    102         20          0.0177         0.00033          0.0174           0.014          0.0223          0.0124          0.0162
    102         30          0.0163        0.000707          0.0156          0.0317          0.0326          0.0115          0.0153
    102         40          0.0139        0.000144          0.0137          0.0126          0.0147          0.0107          0.0144
    102         50          0.0198        0.000966          0.0188          0.0376          0.0381          0.0124          0.0168
    102         60          0.0127         0.00079          0.0119          0.0321          0.0345          0.0102          0.0134
    102         70          0.0217        0.000395          0.0213          0.0208          0.0244          0.0136          0.0179
    102         80          0.0202        7.76e-05          0.0201         0.00809          0.0108          0.0126          0.0174
    102         90          0.0164         9.3e-05          0.0163         0.00955          0.0118          0.0117          0.0157
    102        100          0.0153        0.000299           0.015          0.0207          0.0212          0.0112           0.015
    102        110          0.0261        0.000792          0.0253          0.0322          0.0345          0.0147          0.0195


2025-11-20 17:02:59: Validating
# epoch      batch      total_loss     energy_loss     forces_loss      energy_mae     energy_rmse      forces_mae     forces_rmse
    102          0          0.0133        6.06e-05          0.0132         0.00584         0.00955          0.0099          0.0141
    102         10           0.012        7.54e-06           0.012         0.00291         0.00337          0.0097          0.0134
    102         20          0.0165        0.000584          0.0159           0.015          0.0297           0.011          0.0155


2025-11-20 17:03:00: Epoch summary:
Validation  # epoch      total_loss     energy_loss     forces_loss      energy_mae     energy_rmse      forces_mae     forces_rmse
                102          0.0145        4.56e-05          0.0145         0.00487         0.00661          0.0105          0.0147
Train       # epoch      total_loss     energy_loss     forces_loss      energy_mae     energy_rmse      forces_mae     forces_rmse
                102          0.0172        0.000475          0.0168          0.0211           0.023          0.0117          0.0158


2025-11-20 17:03:00: Training
# epoch      batch      total_loss     energy_loss     forces_loss      energy_mae     energy_rmse      forces_mae     forces_rmse
    103          0          0.0152        0.000136           0.015           0.013          0.0143          0.0112          0.0151
    103         10          0.0142         0.00152          0.0127          0.0476          0.0478          0.0104          0.0138
    103         20          0.0153          0.0011          0.0142            0.04          0.0407          0.0108          0.0146
    103         30          0.0142        0.000956          0.0132          0.0375          0.0379          0.0103          0.0141
    103         40          0.0184        0.000606          0.0178          0.0297          0.0302          0.0122          0.0164
    103         50          0.0148         0.00104          0.0138           0.039          0.0395          0.0104          0.0144
    103         60           0.018        0.000445          0.0176          0.0244          0.0259          0.0121          0.0163
    103         70          0.0197         0.00145          0.0182          0.0462          0.0467          0.0125          0.0166
    103         80          0.0191        0.000986          0.0181          0.0367          0.0385          0.0123          0.0165
    103         90          0.0194        3.99e-05          0.0194         0.00647         0.00774          0.0123          0.0171
    103        100          0.0251        0.000168          0.0249          0.0143          0.0159          0.0142          0.0194
    103        110          0.0185        0.000588          0.0179          0.0291          0.0298          0.0126          0.0164


2025-11-20 17:03:11: Validating
# epoch      batch      total_loss     energy_loss     forces_loss      energy_mae     energy_rmse      forces_mae     forces_rmse
    103          0          0.0128        5.28e-05          0.0127         0.00522         0.00892         0.00972          0.0138
    103         10           0.012         7.8e-06           0.012          0.0028         0.00343          0.0097          0.0134
    103         20          0.0165        0.000572          0.0159          0.0148          0.0293           0.011          0.0155


2025-11-20 17:03:12: Epoch summary:
Validation  # epoch      total_loss     energy_loss     forces_loss      energy_mae     energy_rmse      forces_mae     forces_rmse
                103          0.0144        4.26e-05          0.0143         0.00453         0.00627          0.0104          0.0146
Train       # epoch      total_loss     energy_loss     forces_loss      energy_mae     energy_rmse      forces_mae     forces_rmse
                103          0.0186        0.000574          0.0181          0.0242          0.0261          0.0121          0.0164


2025-11-20 17:03:12: Training
# epoch      batch      total_loss     energy_loss     forces_loss      energy_mae     energy_rmse      forces_mae     forces_rmse
    104          0          0.0199         0.00367          0.0162          0.0741          0.0743          0.0118          0.0156
    104         10          0.0218         0.00165          0.0202          0.0493          0.0498          0.0127          0.0174
    104         20           0.019        0.000131          0.0188         0.00852          0.0141          0.0122          0.0168
    104         30          0.0291        0.000924          0.0282          0.0334          0.0373          0.0143          0.0206
    104         40           0.029         0.00241          0.0266          0.0595          0.0603          0.0157            0.02
    104         50          0.0629         0.00207          0.0608          0.0451          0.0558          0.0212          0.0303
    104         60           0.126          0.0295          0.0963            0.21           0.211          0.0258          0.0381
    104         70           0.243         0.00279            0.24          0.0613          0.0648          0.0427          0.0601
    104         80           0.124          0.0134            0.11           0.141           0.142          0.0314          0.0407
    104         90          0.0783         0.00234          0.0759           0.058          0.0594          0.0247          0.0338
    104        100          0.0452        0.000208           0.045          0.0148          0.0177          0.0191           0.026
    104        110          0.0287        0.000561          0.0281          0.0273          0.0291          0.0155          0.0206


2025-11-20 17:03:22: Validating
# epoch      batch      total_loss     energy_loss     forces_loss      energy_mae     energy_rmse      forces_mae     forces_rmse
    104          0          0.0128        5.48e-05          0.0127         0.00592         0.00909         0.00967          0.0139
    104         10          0.0118        7.44e-06          0.0118         0.00287         0.00335         0.00964          0.0133
    104         20          0.0169        0.000563          0.0163           0.015          0.0291          0.0112          0.0157


2025-11-20 17:03:24: Epoch summary:
Validation  # epoch      total_loss     energy_loss     forces_loss      energy_mae     energy_rmse      forces_mae     forces_rmse
                104          0.0146        4.36e-05          0.0146         0.00474         0.00645          0.0105          0.0147
Train       # epoch      total_loss     energy_loss     forces_loss      energy_mae     energy_rmse      forces_mae     forces_rmse
                104          0.0604         0.00369          0.0568           0.053          0.0554          0.0198           0.027


2025-11-20 17:03:24: Training
# epoch      batch      total_loss     energy_loss     forces_loss      energy_mae     energy_rmse      forces_mae     forces_rmse
    105          0           0.024          0.0028          0.0212          0.0646          0.0649          0.0135          0.0179
    105         10          0.0318          0.0055          0.0263          0.0905           0.091          0.0143          0.0199
    105         20          0.0256         0.00219          0.0234          0.0568          0.0574           0.014          0.0188
    105         30          0.0192         0.00288          0.0163          0.0655          0.0658          0.0121          0.0157
    105         40          0.0229          0.0012          0.0217          0.0417          0.0424          0.0133          0.0181
    105         50           0.026        5.86e-05           0.026         0.00785         0.00939          0.0143          0.0198
    105         60          0.0359        0.000547          0.0354          0.0254          0.0287          0.0161          0.0231
    105         70          0.0177        0.000379          0.0173          0.0226          0.0239          0.0121          0.0162
    105         80          0.0204        0.000447          0.0199          0.0251          0.0259          0.0123          0.0173
    105         90          0.0265         0.00249           0.024          0.0607          0.0612          0.0129           0.019
    105        100          0.0258         0.00536          0.0205          0.0894          0.0898          0.0133          0.0176
    105        110           0.032          0.0105          0.0215           0.125           0.125          0.0135           0.018


2025-11-20 17:03:35: Validating
# epoch      batch      total_loss     energy_loss     forces_loss      energy_mae     energy_rmse      forces_mae     forces_rmse
    105          0          0.0132        4.99e-05          0.0131         0.00586         0.00867         0.00974          0.0141
    105         10          0.0117        7.15e-06          0.0117         0.00267         0.00328         0.00962          0.0133
    105         20          0.0169         0.00059          0.0163          0.0158          0.0298          0.0112          0.0157


2025-11-20 17:03:36: Epoch summary:
Validation  # epoch      total_loss     energy_loss     forces_loss      energy_mae     energy_rmse      forces_mae     forces_rmse
                105          0.0146        4.39e-05          0.0146         0.00477          0.0064          0.0105          0.0147
Train       # epoch      total_loss     energy_loss     forces_loss      energy_mae     energy_rmse      forces_mae     forces_rmse
                105           0.026         0.00255          0.0235          0.0509          0.0523          0.0137          0.0187


2025-11-20 17:03:36: Training
# epoch      batch      total_loss     energy_loss     forces_loss      energy_mae     energy_rmse      forces_mae     forces_rmse
    106          0          0.0181        0.000222          0.0178          0.0166          0.0183          0.0124          0.0164
    106         10          0.0238         0.00033          0.0235          0.0202          0.0223          0.0139          0.0188
    106         20           0.015        0.000279          0.0147          0.0199          0.0205          0.0114          0.0149
    106         30          0.0697         0.00897          0.0607           0.115           0.116          0.0206          0.0302
    106         40          0.0286         0.00474          0.0238          0.0842          0.0845          0.0138          0.0189
    106         50          0.0232        0.000352          0.0228          0.0215           0.023          0.0136          0.0185
    106         60          0.0304         0.00454          0.0259          0.0823          0.0826          0.0141          0.0197
    106         70            0.02          0.0032          0.0168          0.0691          0.0694          0.0118          0.0159
    106         80          0.0196        0.000632           0.019          0.0299          0.0308          0.0124          0.0169
    106         90          0.0171        9.56e-05           0.017          0.0109           0.012          0.0118           0.016
    106        100           0.015        2.67e-05           0.015         0.00498         0.00634          0.0116           0.015
    106        110          0.0138        6.63e-05          0.0137         0.00663         0.00999          0.0108          0.0144


2025-11-20 17:03:47: Validating
# epoch      batch      total_loss     energy_loss     forces_loss      energy_mae     energy_rmse      forces_mae     forces_rmse
    106          0          0.0138        4.95e-05          0.0137         0.00569         0.00863         0.00987          0.0144
    106         10          0.0116        7.39e-06          0.0116         0.00268         0.00334         0.00954          0.0132
    106         20          0.0166        0.000617           0.016          0.0157          0.0305          0.0111          0.0155


2025-11-20 17:03:49: Epoch summary:
Validation  # epoch      total_loss     energy_loss     forces_loss      energy_mae     energy_rmse      forces_mae     forces_rmse
                106          0.0146        4.39e-05          0.0146         0.00464         0.00629          0.0105          0.0147
Train       # epoch      total_loss     energy_loss     forces_loss      energy_mae     energy_rmse      forces_mae     forces_rmse
                106          0.0242         0.00223           0.022          0.0424           0.044          0.0133           0.018


2025-11-20 17:03:49: Training
# epoch      batch      total_loss     energy_loss     forces_loss      energy_mae     energy_rmse      forces_mae     forces_rmse
    107          0          0.0133        0.000134          0.0131            0.01          0.0142          0.0105          0.0141
    107         10          0.0186        0.000586           0.018           0.027          0.0297          0.0122          0.0165
    107         20          0.0223         0.00495          0.0174          0.0862          0.0864          0.0114          0.0162
    107         30          0.0224        0.000732          0.0217           0.032          0.0332          0.0124          0.0181
    107         40          0.0216        0.000801          0.0208          0.0339          0.0347          0.0129          0.0177
    107         50          0.0141        0.000408          0.0137           0.024          0.0248          0.0111          0.0144
    107         60          0.0176         0.00219          0.0154          0.0569          0.0574          0.0115          0.0152
    107         70          0.0197        0.000638          0.0191          0.0302           0.031          0.0121           0.017
    107         80          0.0194         0.00179          0.0176          0.0506          0.0519          0.0122          0.0163
    107         90          0.0151         0.00403          0.0111          0.0776          0.0778         0.00955          0.0129
    107        100          0.0173        0.000319          0.0169          0.0115          0.0219          0.0119           0.016
    107        110          0.0147        4.85e-05          0.0147         0.00716         0.00854          0.0114          0.0149


2025-11-20 17:04:00: Validating
# epoch      batch      total_loss     energy_loss     forces_loss      energy_mae     energy_rmse      forces_mae     forces_rmse
    107          0          0.0139        4.78e-05          0.0138         0.00522         0.00848         0.00988          0.0144
    107         10          0.0118        7.99e-06          0.0118         0.00282         0.00347         0.00958          0.0133
    107         20          0.0158        0.000638          0.0152          0.0154           0.031          0.0108          0.0151


2025-11-20 17:04:01: Epoch summary:
Validation  # epoch      total_loss     energy_loss     forces_loss      energy_mae     energy_rmse      forces_mae     forces_rmse
                107          0.0145        4.41e-05          0.0145         0.00446         0.00621          0.0104          0.0146
Train       # epoch      total_loss     energy_loss     forces_loss      energy_mae     energy_rmse      forces_mae     forces_rmse
                107          0.0186         0.00121          0.0174          0.0359          0.0376          0.0119          0.0161


2025-11-20 17:04:01: Training
# epoch      batch      total_loss     energy_loss     forces_loss      energy_mae     energy_rmse      forces_mae     forces_rmse
    108          0          0.0132        2.65e-05          0.0132         0.00436         0.00632          0.0104          0.0141
    108         10            0.02        0.000557          0.0194          0.0275           0.029          0.0127          0.0171
    108         20           0.027         0.00427          0.0228          0.0788          0.0802          0.0135          0.0185
    108         30           0.024         0.00234          0.0216          0.0578          0.0594          0.0136           0.018
    108         40          0.0206         0.00115          0.0195          0.0326          0.0416           0.013          0.0171
    108         50           0.023         0.00184          0.0212          0.0514          0.0526          0.0137          0.0179
    108         60          0.0262        5.16e-05          0.0262         0.00662         0.00881          0.0139          0.0199
    108         70          0.0227         0.00103          0.0217          0.0355          0.0394          0.0134          0.0181
    108         80          0.0242        0.000215           0.024          0.0112           0.018          0.0139           0.019
    108         90          0.0293        0.000468          0.0289          0.0238          0.0265          0.0151          0.0208
    108        100          0.0252         0.00411          0.0211          0.0783          0.0787          0.0134          0.0178
    108        110          0.0411         0.00873          0.0324           0.114           0.115          0.0155          0.0221


2025-11-20 17:04:12: Validating
# epoch      batch      total_loss     energy_loss     forces_loss      energy_mae     energy_rmse      forces_mae     forces_rmse
    108          0          0.0134        5.13e-05          0.0133          0.0055         0.00879         0.00975          0.0142
    108         10          0.0118        8.46e-06          0.0118         0.00285         0.00357         0.00958          0.0133
    108         20          0.0158        0.000619          0.0152          0.0148          0.0305          0.0108          0.0151


2025-11-20 17:04:13: Epoch summary:
Validation  # epoch      total_loss     energy_loss     forces_loss      energy_mae     energy_rmse      forces_mae     forces_rmse
                108          0.0144        4.37e-05          0.0144         0.00451         0.00625          0.0104          0.0146
Train       # epoch      total_loss     energy_loss     forces_loss      energy_mae     energy_rmse      forces_mae     forces_rmse
                108          0.0231         0.00136          0.0217          0.0361           0.038          0.0132          0.0179


2025-11-20 17:04:13: Training
# epoch      batch      total_loss     energy_loss     forces_loss      energy_mae     energy_rmse      forces_mae     forces_rmse
    109          0          0.0206        0.000772          0.0199          0.0205          0.0341          0.0129          0.0173
    109         10          0.0329          0.0026          0.0303          0.0618          0.0625          0.0153          0.0214
    109         20          0.0296        7.52e-05          0.0295         0.00904          0.0106          0.0152          0.0211
    109         30          0.0194         0.00386          0.0156           0.076          0.0763          0.0117          0.0153
    109         40          0.0303         0.00236           0.028          0.0588          0.0596           0.015          0.0205
    109         50          0.0259         0.00144          0.0244          0.0456          0.0466          0.0148          0.0192
    109         60          0.0245         0.00294          0.0216          0.0656          0.0665          0.0136           0.018
    109         70          0.0212        0.000446          0.0207          0.0239          0.0259          0.0131          0.0177
    109         80          0.0152        3.91e-05          0.0151         0.00697         0.00768          0.0112          0.0151
    109         90          0.0156        0.000563           0.015          0.0284          0.0291          0.0115           0.015
    109        100          0.0177        0.000603          0.0171          0.0295          0.0301          0.0118           0.016
    109        110          0.0177        0.000514          0.0172          0.0261          0.0278          0.0117          0.0161


2025-11-20 17:04:24: Validating
# epoch      batch      total_loss     energy_loss     forces_loss      energy_mae     energy_rmse      forces_mae     forces_rmse
    109          0          0.0136        6.54e-05          0.0135         0.00597         0.00992          0.0098          0.0143
    109         10          0.0118        6.92e-06          0.0118         0.00262         0.00323          0.0096          0.0133
    109         20          0.0158          0.0006          0.0152          0.0148          0.0301          0.0108          0.0151


2025-11-20 17:04:26: Epoch summary:
Validation  # epoch      total_loss     energy_loss     forces_loss      energy_mae     energy_rmse      forces_mae     forces_rmse
                109          0.0144        4.47e-05          0.0143         0.00464         0.00641          0.0104          0.0146
Train       # epoch      total_loss     energy_loss     forces_loss      energy_mae     energy_rmse      forces_mae     forces_rmse
                109          0.0238         0.00173          0.0221          0.0401           0.042          0.0133           0.018


2025-11-20 17:04:26: Training
# epoch      batch      total_loss     energy_loss     forces_loss      energy_mae     energy_rmse      forces_mae     forces_rmse
    110          0          0.0154        0.000111          0.0153          0.0104          0.0129          0.0115          0.0152
    110         10          0.0203        0.000437          0.0199           0.024          0.0256          0.0125          0.0173
    110         20           0.033        0.000146          0.0329          0.0135          0.0148           0.015          0.0223
    110         30           0.025          0.0047          0.0203          0.0839          0.0841          0.0129          0.0175
    110         40          0.0167        0.000932          0.0157          0.0371          0.0375          0.0114          0.0154
    110         50          0.0224        0.000802          0.0216          0.0339          0.0348          0.0134           0.018
    110         60          0.0163        0.000421          0.0159          0.0245          0.0252          0.0117          0.0154
    110         70          0.0216        6.71e-05          0.0215         0.00869            0.01          0.0128           0.018
    110         80          0.0317        0.000527          0.0312          0.0261          0.0282           0.015          0.0217
    110         90          0.0496         0.00554          0.0441          0.0911          0.0913          0.0174          0.0258
    110        100          0.0567          0.0032          0.0535          0.0628          0.0694          0.0201          0.0284
    110        110          0.0537        0.000785          0.0529          0.0319          0.0344          0.0215          0.0282


2025-11-20 17:04:37: Validating
# epoch      batch      total_loss     energy_loss     forces_loss      energy_mae     energy_rmse      forces_mae     forces_rmse
    110          0           0.013        7.52e-05          0.0129           0.007          0.0106          0.0097           0.014
    110         10          0.0115        7.41e-06          0.0115         0.00288         0.00334         0.00957          0.0131
    110         20           0.016        0.000625          0.0153          0.0154          0.0307          0.0108          0.0152


2025-11-20 17:04:38: Epoch summary:
Validation  # epoch      total_loss     energy_loss     forces_loss      energy_mae     energy_rmse      forces_mae     forces_rmse
                110          0.0144        5.03e-05          0.0143         0.00526         0.00701          0.0104          0.0146
Train       # epoch      total_loss     energy_loss     forces_loss      energy_mae     energy_rmse      forces_mae     forces_rmse
                110          0.0477         0.00414          0.0436          0.0558          0.0577          0.0168          0.0237


2025-11-20 17:04:38: Training
# epoch      batch      total_loss     energy_loss     forces_loss      energy_mae     energy_rmse      forces_mae     forces_rmse
    111          0          0.0611        0.000853          0.0603          0.0319          0.0358          0.0222          0.0301
    111         10          0.0769        0.000597          0.0763          0.0259            0.03          0.0254          0.0339
    111         20          0.0466        0.000131          0.0465          0.0116          0.0141          0.0198          0.0265
    111         30          0.0943         0.00126           0.093          0.0379          0.0436          0.0257          0.0374
    111         40          0.0473        0.000183          0.0471          0.0153          0.0166          0.0191          0.0266
    111         50          0.0278        5.61e-05          0.0278         0.00755         0.00919          0.0155          0.0205
    111         60          0.0416        0.000789          0.0408           0.032          0.0345          0.0169          0.0248
    111         70          0.0257         0.00103          0.0246          0.0336          0.0395          0.0142          0.0193
    111         80          0.0214        8.71e-05          0.0213          0.0095          0.0115          0.0129          0.0179
    111         90          0.0211        0.000122           0.021          0.0124          0.0135          0.0127          0.0178
    111        100          0.0235        0.000407          0.0231          0.0215          0.0248          0.0136          0.0186
    111        110          0.0327         0.00011          0.0326          0.0108          0.0128          0.0157          0.0221


2025-11-20 17:04:50: Validating
# epoch      batch      total_loss     energy_loss     forces_loss      energy_mae     energy_rmse      forces_mae     forces_rmse
    111          0          0.0127        7.49e-05          0.0126         0.00679          0.0106         0.00971          0.0138
    111         10          0.0118        9.16e-06          0.0118         0.00333         0.00371         0.00971          0.0133
    111         20          0.0161        0.000594          0.0156          0.0152          0.0299          0.0109          0.0153


2025-11-20 17:04:51: Epoch summary:
Validation  # epoch      total_loss     energy_loss     forces_loss      energy_mae     energy_rmse      forces_mae     forces_rmse
                111          0.0144        4.86e-05          0.0143         0.00524         0.00694          0.0104          0.0146
Train       # epoch      total_loss     energy_loss     forces_loss      energy_mae     energy_rmse      forces_mae     forces_rmse
                111          0.0431         0.00172          0.0414          0.0382          0.0406          0.0174          0.0242


2025-11-20 17:04:51: Training
# epoch      batch      total_loss     energy_loss     forces_loss      energy_mae     energy_rmse      forces_mae     forces_rmse
    112          0          0.0238        0.000817          0.0229          0.0343          0.0351          0.0132          0.0186
    112         10          0.0752         0.00204          0.0731          0.0519          0.0554          0.0193          0.0332
    112         20          0.0453         0.00606          0.0393           0.094          0.0955          0.0172          0.0243
    112         30          0.0287          0.0045          0.0242          0.0813          0.0823          0.0142          0.0191
    112         40          0.0293         0.00483          0.0244          0.0844          0.0853          0.0139          0.0192
    112         50          0.0188         0.00124          0.0176          0.0423          0.0431          0.0122          0.0163
    112         60          0.0196        0.000249          0.0193          0.0176          0.0194          0.0125          0.0171
    112         70          0.0156        5.28e-05          0.0156         0.00739         0.00892          0.0118          0.0153
    112         80          0.0235        0.000795          0.0227          0.0332          0.0346          0.0139          0.0185
    112         90          0.0209          0.0007          0.0202          0.0294          0.0325          0.0129          0.0174
    112        100          0.0176         0.00125          0.0163           0.043          0.0434          0.0113          0.0157
    112        110          0.0161        0.000694          0.0154          0.0314          0.0323          0.0114          0.0152


2025-11-20 17:05:02: Validating
# epoch      batch      total_loss     energy_loss     forces_loss      energy_mae     energy_rmse      forces_mae     forces_rmse
    112          0          0.0124        6.77e-05          0.0124         0.00656          0.0101         0.00965          0.0136
    112         10          0.0116        8.45e-06          0.0116         0.00303         0.00357         0.00959          0.0132
    112         20          0.0161        0.000589          0.0155          0.0149          0.0298          0.0109          0.0153


2025-11-20 17:05:03: Epoch summary:
Validation  # epoch      total_loss     energy_loss     forces_loss      energy_mae     energy_rmse      forces_mae     forces_rmse
                112          0.0142         4.7e-05          0.0142         0.00503         0.00677          0.0104          0.0145
Train       # epoch      total_loss     energy_loss     forces_loss      energy_mae     energy_rmse      forces_mae     forces_rmse
                112          0.0261         0.00191          0.0242          0.0429          0.0446          0.0135          0.0187


2025-11-20 17:05:03: Training
# epoch      batch      total_loss     energy_loss     forces_loss      energy_mae     energy_rmse      forces_mae     forces_rmse
    113          0          0.0149        0.000279          0.0146          0.0198          0.0205          0.0112          0.0148
    113         10          0.0149        0.000685          0.0142          0.0234          0.0321          0.0106          0.0146
    113         20          0.0222        0.000104           0.022          0.0116          0.0125          0.0135          0.0182
    113         30          0.0288        0.000658          0.0281          0.0281          0.0315           0.015          0.0206
    113         40          0.0303         0.00417          0.0261          0.0787          0.0792           0.014          0.0198
    113         50          0.0923         0.00286          0.0895          0.0647          0.0656          0.0184          0.0367
    113         60           0.023         0.00088          0.0221          0.0345          0.0364          0.0139          0.0183
    113         70          0.0271         0.00115          0.0259          0.0302          0.0417          0.0144          0.0198
    113         80          0.0252        0.000255           0.025          0.0183          0.0196          0.0143          0.0194
    113         90           0.035         0.00415          0.0308          0.0781           0.079          0.0157          0.0215
    113        100           0.028         0.00386          0.0242          0.0754          0.0763          0.0144          0.0191
    113        110          0.0286        0.000371          0.0282          0.0205          0.0236          0.0154          0.0206


2025-11-20 17:05:14: Validating
# epoch      batch      total_loss     energy_loss     forces_loss      energy_mae     energy_rmse      forces_mae     forces_rmse
    113          0          0.0126        7.07e-05          0.0125         0.00682          0.0103         0.00962          0.0137
    113         10          0.0117        9.56e-06          0.0117         0.00318         0.00379         0.00956          0.0133
    113         20          0.0162        0.000645          0.0155          0.0156          0.0312          0.0109          0.0153


2025-11-20 17:05:16: Epoch summary:
Validation  # epoch      total_loss     energy_loss     forces_loss      energy_mae     energy_rmse      forces_mae     forces_rmse
                113          0.0142        5.07e-05          0.0142         0.00523         0.00699          0.0104          0.0145
Train       # epoch      total_loss     energy_loss     forces_loss      energy_mae     energy_rmse      forces_mae     forces_rmse
                113          0.0273          0.0016          0.0258          0.0392          0.0412           0.014          0.0194


2025-11-20 17:05:16: Training
# epoch      batch      total_loss     energy_loss     forces_loss      energy_mae     energy_rmse      forces_mae     forces_rmse
    114          0           0.018        0.000141          0.0178          0.0128          0.0146          0.0122          0.0164
    114         10          0.0388         0.00187           0.037           0.052           0.053           0.017          0.0236
    114         20          0.0728          0.0295          0.0433            0.21           0.211          0.0188          0.0255
    114         30          0.0275         0.00422          0.0232          0.0792          0.0797          0.0137          0.0187
    114         40          0.0212        0.000484          0.0208          0.0224           0.027          0.0135          0.0177
    114         50          0.0177        0.000677           0.017          0.0314          0.0319          0.0119           0.016
    114         60          0.0201        9.83e-05            0.02          0.0105          0.0122          0.0128          0.0174
    114         70          0.0148        0.000831          0.0139          0.0349          0.0354          0.0108          0.0145
    114         80          0.0224        0.000251          0.0221          0.0184          0.0194          0.0135          0.0182
    114         90          0.0178         0.00124          0.0165          0.0427          0.0433          0.0117          0.0158
    114        100          0.0207         0.00113          0.0196          0.0394          0.0412          0.0126          0.0172
    114        110          0.0139        0.000586          0.0133          0.0245          0.0297          0.0109          0.0141


2025-11-20 17:05:27: Validating
# epoch      batch      total_loss     energy_loss     forces_loss      energy_mae     energy_rmse      forces_mae     forces_rmse
    114          0          0.0124        6.77e-05          0.0124         0.00642          0.0101         0.00964          0.0136
    114         10          0.0114        7.95e-06          0.0114         0.00305         0.00346         0.00951          0.0131
    114         20          0.0156        0.000648          0.0149          0.0155          0.0312          0.0108           0.015


2025-11-20 17:05:28: Epoch summary:
Validation  # epoch      total_loss     energy_loss     forces_loss      energy_mae     energy_rmse      forces_mae     forces_rmse
                114          0.0141        4.95e-05          0.0141         0.00508         0.00682          0.0103          0.0144
Train       # epoch      total_loss     energy_loss     forces_loss      energy_mae     energy_rmse      forces_mae     forces_rmse
                114          0.0291         0.00229          0.0269          0.0419          0.0435          0.0141          0.0194


2025-11-20 17:05:28: Training
# epoch      batch      total_loss     energy_loss     forces_loss      energy_mae     energy_rmse      forces_mae     forces_rmse
    115          0          0.0172         0.00138          0.0158          0.0452          0.0455          0.0117          0.0154
    115         10          0.0173        0.000537          0.0168          0.0274          0.0284          0.0117          0.0159
    115         20          0.0202        0.000757          0.0194          0.0203          0.0338          0.0126          0.0171
    115         30          0.0343        8.46e-05          0.0343         0.00813          0.0113          0.0135          0.0227
    115         40          0.0167        0.000195          0.0165          0.0127          0.0171          0.0114          0.0157
    115         50            0.02        0.000238          0.0198          0.0174          0.0189          0.0128          0.0173
    115         60           0.015        0.000121          0.0148         0.00796          0.0135          0.0111          0.0149
    115         70          0.0193        9.56e-05          0.0192          0.0102           0.012          0.0126           0.017
    115         80          0.0176        0.000936          0.0167          0.0364          0.0375          0.0121          0.0159
    115         90          0.0209         0.00151          0.0194          0.0351          0.0477          0.0121          0.0171
    115        100          0.0159        0.000384          0.0156          0.0235           0.024          0.0117          0.0153
    115        110          0.0192        6.63e-05          0.0191         0.00871         0.00999          0.0128           0.017


2025-11-20 17:05:39: Validating
# epoch      batch      total_loss     energy_loss     forces_loss      energy_mae     energy_rmse      forces_mae     forces_rmse
    115          0          0.0125        6.15e-05          0.0124         0.00568         0.00963         0.00964          0.0137
    115         10          0.0111        7.82e-06          0.0111         0.00309         0.00343         0.00944          0.0129
    115         20          0.0155        0.000653          0.0149          0.0153          0.0314          0.0108           0.015


2025-11-20 17:05:40: Epoch summary:
Validation  # epoch      total_loss     energy_loss     forces_loss      energy_mae     energy_rmse      forces_mae     forces_rmse
                115           0.014        4.79e-05           0.014         0.00481         0.00662          0.0103          0.0144
Train       # epoch      total_loss     energy_loss     forces_loss      energy_mae     energy_rmse      forces_mae     forces_rmse
                115          0.0178        0.000478          0.0173          0.0211          0.0232          0.0119           0.016


2025-11-20 17:05:40: Training
# epoch      batch      total_loss     energy_loss     forces_loss      energy_mae     energy_rmse      forces_mae     forces_rmse
    116          0          0.0173        0.000209          0.0171          0.0163          0.0177           0.012          0.0161
    116         10          0.0235        0.000146          0.0233          0.0128          0.0148          0.0138          0.0187
    116         20          0.0284         0.00018          0.0282          0.0141          0.0165          0.0151          0.0206
    116         30          0.0142        3.14e-05          0.0142         0.00558         0.00687          0.0111          0.0146
    116         40          0.0238        0.000288          0.0235          0.0189          0.0208          0.0129          0.0188
    116         50          0.0175          0.0005           0.017          0.0265          0.0274          0.0118           0.016
    116         60          0.0143        3.53e-05          0.0142          0.0052         0.00729          0.0107          0.0146
    116         70           0.021         5.3e-05          0.0209         0.00724         0.00893          0.0131          0.0178
    116         80          0.0158         0.00135          0.0145          0.0449          0.0452          0.0111          0.0148
    116         90          0.0124        0.000133          0.0123          0.0115          0.0141          0.0101          0.0136
    116        100          0.0137        0.000142          0.0135         0.00905          0.0146           0.011          0.0143
    116        110          0.0189        0.000664          0.0182          0.0304          0.0316          0.0122          0.0166


2025-11-20 17:05:50: Validating
# epoch      batch      total_loss     energy_loss     forces_loss      energy_mae     energy_rmse      forces_mae     forces_rmse
    116          0          0.0131        5.88e-05           0.013         0.00558         0.00941         0.00969           0.014
    116         10          0.0111        6.22e-06          0.0111         0.00276         0.00306         0.00942          0.0129
    116         20          0.0153        0.000649          0.0146          0.0151          0.0313          0.0107          0.0148


2025-11-20 17:05:51: Epoch summary:
Validation  # epoch      total_loss     energy_loss     forces_loss      energy_mae     energy_rmse      forces_mae     forces_rmse
                116           0.014        4.65e-05           0.014         0.00473         0.00647          0.0103          0.0144
Train       # epoch      total_loss     energy_loss     forces_loss      energy_mae     energy_rmse      forces_mae     forces_rmse
                116          0.0186        0.000646           0.018           0.023          0.0249           0.012          0.0163


2025-11-20 17:05:52: Training
# epoch      batch      total_loss     energy_loss     forces_loss      energy_mae     energy_rmse      forces_mae     forces_rmse
    117          0          0.0192        0.000276          0.0189          0.0182          0.0204          0.0123          0.0169
    117         10          0.0157        2.78e-05          0.0157          0.0053         0.00648          0.0117          0.0154
    117         20          0.0123         5.6e-05          0.0123         0.00792         0.00918          0.0105          0.0136
    117         30          0.0133        0.000205          0.0131          0.0165          0.0176          0.0105           0.014
    117         40          0.0164        7.54e-05          0.0163         0.00889          0.0107          0.0118          0.0157
    117         50          0.0204         0.00067          0.0197          0.0312          0.0318           0.013          0.0172
    117         60          0.0178        0.000856           0.017          0.0306          0.0359          0.0121           0.016
    117         70          0.0154        0.000817          0.0146          0.0271          0.0351          0.0113          0.0148
    117         80           0.017        0.000794          0.0162          0.0338          0.0346          0.0118          0.0156
    117         90          0.0231         0.00318          0.0199          0.0687          0.0692           0.013          0.0173
    117        100          0.0228        0.000248          0.0225          0.0161          0.0193          0.0132          0.0184
    117        110          0.0353         0.00201          0.0333          0.0538           0.055          0.0155          0.0224


2025-11-20 17:06:02: Validating
# epoch      batch      total_loss     energy_loss     forces_loss      energy_mae     energy_rmse      forces_mae     forces_rmse
    117          0          0.0132         6.2e-05          0.0131          0.0055         0.00966         0.00971          0.0141
    117         10          0.0111        7.41e-06          0.0111         0.00289         0.00334         0.00938          0.0129
    117         20          0.0154        0.000675          0.0148          0.0152          0.0319          0.0107          0.0149


2025-11-20 17:06:03: Epoch summary:
Validation  # epoch      total_loss     energy_loss     forces_loss      energy_mae     energy_rmse      forces_mae     forces_rmse
                117          0.0139        4.69e-05          0.0138         0.00464          0.0064          0.0102          0.0143
Train       # epoch      total_loss     energy_loss     forces_loss      energy_mae     energy_rmse      forces_mae     forces_rmse
                117          0.0198        0.000754           0.019          0.0247          0.0268          0.0122          0.0167


2025-11-20 17:06:04: Training
# epoch      batch      total_loss     energy_loss     forces_loss      energy_mae     energy_rmse      forces_mae     forces_rmse
    118          0          0.0342         0.00212          0.0321           0.055          0.0565           0.016           0.022
    118         10          0.0392         0.00382          0.0354          0.0743          0.0759          0.0159          0.0231
    118         20          0.0298        0.000705          0.0291          0.0183          0.0326          0.0154          0.0209
    118         30          0.0313        0.000509          0.0308           0.026          0.0277          0.0162          0.0215
    118         40          0.0213        0.000393          0.0209          0.0218          0.0243          0.0133          0.0178
    118         50          0.0259         0.00305          0.0228          0.0674          0.0678          0.0139          0.0185
    118         60          0.0168        0.000293          0.0166          0.0201           0.021          0.0119          0.0158
    118         70          0.0167        0.000668          0.0161          0.0313          0.0317          0.0118          0.0156
    118         80          0.0224        0.000164          0.0223          0.0148          0.0157          0.0139          0.0183
    118         90          0.0172        4.74e-05          0.0171         0.00712         0.00845          0.0119          0.0161
    118        100          0.0236        0.000645          0.0229          0.0291          0.0312          0.0137          0.0186
    118        110          0.0293         0.00584          0.0234          0.0931          0.0938          0.0133          0.0188


2025-11-20 17:06:15: Validating
# epoch      batch      total_loss     energy_loss     forces_loss      energy_mae     energy_rmse      forces_mae     forces_rmse
    118          0           0.013        6.61e-05           0.013         0.00547         0.00998         0.00965           0.014
    118         10          0.0113        7.12e-06          0.0113         0.00293         0.00327         0.00943           0.013
    118         20          0.0155        0.000636          0.0148           0.015           0.031          0.0107          0.0149


2025-11-20 17:06:16: Epoch summary:
Validation  # epoch      total_loss     energy_loss     forces_loss      energy_mae     energy_rmse      forces_mae     forces_rmse
                118          0.0139        4.57e-05          0.0139         0.00456         0.00639          0.0102          0.0143
Train       # epoch      total_loss     energy_loss     forces_loss      energy_mae     energy_rmse      forces_mae     forces_rmse
                118          0.0264         0.00132           0.025          0.0364          0.0385           0.014          0.0191


2025-11-20 17:06:16: Training
# epoch      batch      total_loss     energy_loss     forces_loss      energy_mae     energy_rmse      forces_mae     forces_rmse
    119          0          0.0213         0.00503          0.0162          0.0868           0.087          0.0119          0.0156
    119         10          0.0207        3.02e-05          0.0206         0.00551         0.00674          0.0128          0.0176
    119         20          0.0154        1.66e-05          0.0154         0.00389           0.005          0.0116          0.0152
    119         30          0.0273        0.000722          0.0266            0.03           0.033           0.014            0.02
    119         40          0.0205         0.00394          0.0166          0.0766          0.0771          0.0118          0.0158
    119         50          0.0268        0.000285          0.0265          0.0165          0.0207          0.0148            0.02
    119         60          0.0198         0.00287          0.0169          0.0651          0.0658          0.0117          0.0159
    119         70          0.0182         0.00174          0.0165          0.0502          0.0511          0.0114          0.0158
    119         80          0.0126         3.6e-05          0.0126         0.00598         0.00736          0.0105          0.0138
    119         90           0.019         0.00529          0.0137          0.0891          0.0892          0.0107          0.0144
    119        100          0.0223        0.000303           0.022          0.0186          0.0213          0.0132          0.0182
    119        110          0.0179        6.85e-05          0.0178          0.0088          0.0102          0.0123          0.0164


2025-11-20 17:06:27: Validating
# epoch      batch      total_loss     energy_loss     forces_loss      energy_mae     energy_rmse      forces_mae     forces_rmse
    119          0           0.013        6.19e-05          0.0129         0.00537         0.00965         0.00959          0.0139
    119         10          0.0111        7.97e-06          0.0111         0.00311         0.00346         0.00936          0.0129
    119         20          0.0157        0.000646           0.015           0.015          0.0312          0.0107           0.015


2025-11-20 17:06:28: Epoch summary:
Validation  # epoch      total_loss     energy_loss     forces_loss      energy_mae     energy_rmse      forces_mae     forces_rmse
                119           0.014        4.66e-05          0.0139         0.00462         0.00649          0.0102          0.0144
Train       # epoch      total_loss     energy_loss     forces_loss      energy_mae     energy_rmse      forces_mae     forces_rmse
                119          0.0229         0.00149          0.0214          0.0376          0.0395           0.013          0.0178


2025-11-20 17:06:28: Training
# epoch      batch      total_loss     energy_loss     forces_loss      energy_mae     energy_rmse      forces_mae     forces_rmse
    120          0          0.0363        0.000667          0.0356          0.0219          0.0317          0.0175          0.0232
    120         10          0.0196         0.00027          0.0193          0.0185          0.0202          0.0124          0.0171
    120         20          0.0137        0.000912          0.0128          0.0369          0.0371          0.0107          0.0139
    120         30          0.0125        0.000634          0.0119          0.0302          0.0309          0.0101          0.0134
    120         40          0.0238        0.000713          0.0231           0.031          0.0328          0.0129          0.0186
    120         50          0.0305        7.61e-05          0.0305         0.00904          0.0107           0.015          0.0214
    120         60          0.0409          0.0219           0.019           0.182           0.182          0.0129          0.0169
    120         70           0.021         0.00076          0.0202          0.0318          0.0338          0.0126          0.0174
    120         80          0.0275          0.0042          0.0233           0.079          0.0796          0.0135          0.0187
    120         90          0.0208         0.00036          0.0204           0.022          0.0233          0.0131          0.0175
    120        100          0.0311         0.00128          0.0298          0.0433          0.0438          0.0154          0.0212
    120        110          0.0241          0.0016          0.0224          0.0483          0.0491          0.0138          0.0184


2025-11-20 17:06:40: Validating
# epoch      batch      total_loss     energy_loss     forces_loss      energy_mae     energy_rmse      forces_mae     forces_rmse
    120          0          0.0131        6.42e-05           0.013         0.00572         0.00984         0.00953           0.014
    120         10           0.011        8.06e-06           0.011         0.00319         0.00348         0.00932          0.0129
    120         20          0.0154         0.00062          0.0147          0.0148          0.0306          0.0106          0.0149


2025-11-20 17:06:41: Epoch summary:
Validation  # epoch      total_loss     energy_loss     forces_loss      energy_mae     energy_rmse      forces_mae     forces_rmse
                120          0.0138         4.6e-05          0.0138          0.0047          0.0065          0.0101          0.0143
Train       # epoch      total_loss     energy_loss     forces_loss      energy_mae     energy_rmse      forces_mae     forces_rmse
                120          0.0239          0.0024          0.0215          0.0468          0.0484           0.013          0.0178


2025-11-20 17:06:41: Training
# epoch      batch      total_loss     energy_loss     forces_loss      energy_mae     energy_rmse      forces_mae     forces_rmse
    121          0          0.0249        0.000209          0.0247          0.0161          0.0177          0.0145          0.0193
    121         10          0.0266         0.00499          0.0216           0.086          0.0867          0.0133          0.0181
    121         20           0.029         0.00055          0.0284          0.0265          0.0288          0.0141          0.0207
    121         30          0.0335        8.07e-05          0.0335         0.00806           0.011           0.014          0.0224
    121         40           0.044         0.00271          0.0413          0.0629          0.0639          0.0178          0.0249
    121         50          0.0294         0.00476          0.0246          0.0839          0.0847          0.0142          0.0193
    121         60          0.0254         0.00186          0.0235           0.052          0.0529          0.0143          0.0188
    121         70          0.0208        0.000715          0.0201          0.0323          0.0328          0.0126          0.0174
    121         80          0.0245         0.00146          0.0231          0.0458          0.0469          0.0135          0.0186
    121         90          0.0236         0.00536          0.0182          0.0896          0.0899          0.0124          0.0166
    121        100          0.0291         0.00242          0.0266          0.0594          0.0604          0.0151            0.02
    121        110          0.0218         0.00138          0.0204          0.0451          0.0455          0.0133          0.0175


2025-11-20 17:06:52: Validating
# epoch      batch      total_loss     energy_loss     forces_loss      energy_mae     energy_rmse      forces_mae     forces_rmse
    121          0          0.0123         7.1e-05          0.0122         0.00663          0.0103         0.00941          0.0136
    121         10           0.011        8.84e-06           0.011          0.0033         0.00365         0.00927          0.0129
    121         20          0.0157        0.000622          0.0151          0.0148          0.0306          0.0107          0.0151


2025-11-20 17:06:53: Epoch summary:
Validation  # epoch      total_loss     energy_loss     forces_loss      energy_mae     energy_rmse      forces_mae     forces_rmse
                121          0.0138        4.99e-05          0.0137         0.00525         0.00697          0.0102          0.0143
Train       # epoch      total_loss     energy_loss     forces_loss      energy_mae     energy_rmse      forces_mae     forces_rmse
                121          0.0303         0.00246          0.0278          0.0525          0.0541          0.0146          0.0202


2025-11-20 17:06:53: Training
# epoch      batch      total_loss     energy_loss     forces_loss      energy_mae     energy_rmse      forces_mae     forces_rmse
    122          0          0.0299        0.000251          0.0296          0.0157          0.0194          0.0156          0.0211
    122         10          0.0306        0.000333          0.0303          0.0197          0.0224          0.0156          0.0213
    122         20          0.0239         0.00128          0.0226          0.0428           0.044          0.0142          0.0185
    122         30          0.0244        0.000602          0.0237          0.0291          0.0301          0.0143          0.0189
    122         40          0.0726        0.000498          0.0721          0.0208          0.0274          0.0231          0.0329
    122         50          0.0454         0.00015          0.0452          0.0133           0.015          0.0189          0.0261
    122         60          0.0502        0.000448          0.0497          0.0241           0.026          0.0194          0.0274
    122         70          0.0371        0.000388          0.0367          0.0225          0.0242          0.0176          0.0235
    122         80          0.0271         0.00231          0.0248          0.0579          0.0589          0.0152          0.0193
    122         90          0.0275         0.00259          0.0249          0.0621          0.0625          0.0143          0.0194
    122        100           0.022         0.00016          0.0218          0.0126          0.0155          0.0135          0.0181
    122        110          0.0327        9.68e-05          0.0326          0.0104          0.0121          0.0157          0.0221


2025-11-20 17:07:04: Validating
# epoch      batch      total_loss     energy_loss     forces_loss      energy_mae     energy_rmse      forces_mae     forces_rmse
    122          0          0.0124        8.15e-05          0.0123         0.00772          0.0111          0.0095          0.0136
    122         10           0.011         1.1e-05           0.011         0.00352         0.00407          0.0093          0.0128
    122         20          0.0156        0.000666           0.015          0.0161          0.0317          0.0107           0.015


2025-11-20 17:07:05: Epoch summary:
Validation  # epoch      total_loss     energy_loss     forces_loss      energy_mae     energy_rmse      forces_mae     forces_rmse
                122           0.014        5.83e-05          0.0139         0.00601         0.00776          0.0102          0.0143
Train       # epoch      total_loss     energy_loss     forces_loss      energy_mae     energy_rmse      forces_mae     forces_rmse
                122           0.039         0.00149          0.0375           0.039          0.0414           0.017          0.0235


2025-11-20 17:07:05: Training
# epoch      batch      total_loss     energy_loss     forces_loss      energy_mae     energy_rmse      forces_mae     forces_rmse
    123          0          0.0207        0.000677            0.02          0.0307          0.0319          0.0125          0.0174
    123         10          0.0338         0.00479           0.029           0.084          0.0849          0.0153          0.0209
    123         20          0.0422        0.000236          0.0419          0.0149          0.0189          0.0169          0.0251
    123         30          0.0139        0.000228          0.0137          0.0161          0.0185           0.011          0.0144
    123         40          0.0186         0.00018          0.0184          0.0149          0.0165          0.0125          0.0167
    123         50          0.0172        0.000193           0.017          0.0158           0.017          0.0119           0.016
    123         60          0.0173        0.000279           0.017          0.0185          0.0205           0.012           0.016
    123         70           0.016          0.0024          0.0136          0.0598          0.0601          0.0108          0.0143
    123         80          0.0238        0.000404          0.0234          0.0226          0.0247          0.0136          0.0188
    123         90          0.0126        0.000282          0.0124          0.0204          0.0206          0.0104          0.0136
    123        100          0.0181        0.000257          0.0179          0.0182          0.0197           0.012          0.0164
    123        110          0.0178        3.51e-05          0.0178         0.00654         0.00727          0.0115          0.0164


2025-11-20 17:07:15: Validating
# epoch      batch      total_loss     energy_loss     forces_loss      energy_mae     energy_rmse      forces_mae     forces_rmse
    123          0          0.0124        6.29e-05          0.0123         0.00616         0.00974          0.0095          0.0136
    123         10           0.011        8.46e-06           0.011         0.00316         0.00357         0.00932          0.0129
    123         20          0.0158         0.00067          0.0151          0.0155          0.0318          0.0108          0.0151


2025-11-20 17:07:16: Epoch summary:
Validation  # epoch      total_loss     energy_loss     forces_loss      energy_mae     energy_rmse      forces_mae     forces_rmse
                123          0.0139        5.12e-05          0.0139         0.00513         0.00691          0.0102          0.0143
Train       # epoch      total_loss     energy_loss     forces_loss      energy_mae     energy_rmse      forces_mae     forces_rmse
                123          0.0215        0.000785          0.0207          0.0264          0.0284          0.0127          0.0174


2025-11-20 17:07:16: Training
# epoch      batch      total_loss     energy_loss     forces_loss      energy_mae     energy_rmse      forces_mae     forces_rmse
    124          0          0.0163         0.00278          0.0136          0.0645          0.0647          0.0107          0.0143
    124         10          0.0157        0.000563          0.0151          0.0276          0.0291          0.0111          0.0151
    124         20           0.014        0.000354          0.0136          0.0223          0.0231          0.0104          0.0143
    124         30          0.0184        0.000117          0.0183          0.0121          0.0132           0.012          0.0166
    124         40          0.0119        0.000467          0.0114          0.0253          0.0265         0.00985          0.0131
    124         50          0.0189         0.00138          0.0176          0.0444          0.0455          0.0121          0.0163
    124         60          0.0182        0.000129          0.0181          0.0128          0.0139           0.012          0.0165
    124         70          0.0176        0.000821          0.0168          0.0338          0.0352           0.012          0.0159
    124         80          0.0155         0.00028          0.0152          0.0186          0.0206          0.0111          0.0151
    124         90          0.0207        0.000179          0.0205          0.0149          0.0164          0.0133          0.0176
    124        100          0.0171        9.76e-05           0.017          0.0105          0.0121           0.012           0.016
    124        110           0.026        8.28e-05           0.026         0.00846          0.0112           0.014          0.0198


2025-11-20 17:07:28: Validating
# epoch      batch      total_loss     energy_loss     forces_loss      energy_mae     energy_rmse      forces_mae     forces_rmse
    124          0          0.0126        6.09e-05          0.0125         0.00594         0.00957         0.00949          0.0137
    124         10           0.011        7.84e-06           0.011         0.00294         0.00344         0.00929          0.0129
    124         20          0.0153        0.000655          0.0147          0.0154          0.0314          0.0106          0.0149


2025-11-20 17:07:29: Epoch summary:
Validation  # epoch      total_loss     energy_loss     forces_loss      energy_mae     energy_rmse      forces_mae     forces_rmse
                124          0.0138        4.95e-05          0.0137         0.00498         0.00677          0.0102          0.0143
Train       # epoch      total_loss     energy_loss     forces_loss      energy_mae     energy_rmse      forces_mae     forces_rmse
                124          0.0167        0.000556          0.0162          0.0233          0.0253          0.0115          0.0155


2025-11-20 17:07:29: Training
# epoch      batch      total_loss     energy_loss     forces_loss      energy_mae     energy_rmse      forces_mae     forces_rmse
    125          0          0.0146        7.95e-05          0.0145         0.00968          0.0109           0.011          0.0148
    125         10          0.0375         0.00199          0.0355          0.0523          0.0547          0.0164          0.0231
    125         20           0.046         0.00284          0.0431          0.0641          0.0654          0.0177          0.0255
    125         30          0.0338         0.00461          0.0292          0.0828          0.0833          0.0152           0.021
    125         40          0.0214        0.000311          0.0211          0.0192          0.0216          0.0132          0.0178
    125         50          0.0222        0.000548          0.0217           0.027          0.0287          0.0135          0.0181
    125         60          0.0202        0.000279          0.0199           0.019          0.0205          0.0128          0.0173
    125         70           0.022         0.00251          0.0195          0.0611          0.0615          0.0127          0.0171
    125         80          0.0221         0.00119          0.0209          0.0417          0.0423          0.0125          0.0177
    125         90          0.0204        0.000952          0.0195          0.0351          0.0379          0.0127          0.0171
    125        100          0.0164        0.000137          0.0163          0.0121          0.0144          0.0116          0.0156
    125        110          0.0185        6.52e-05          0.0184         0.00757         0.00991          0.0123          0.0166


2025-11-20 17:07:40: Validating
# epoch      batch      total_loss     energy_loss     forces_loss      energy_mae     energy_rmse      forces_mae     forces_rmse
    125          0          0.0128         6.2e-05          0.0127           0.006         0.00966         0.00955          0.0138
    125         10          0.0108        7.63e-06          0.0108         0.00276         0.00339          0.0092          0.0128
    125         20          0.0157         0.00066           0.015          0.0155          0.0315          0.0107           0.015


2025-11-20 17:07:41: Epoch summary:
Validation  # epoch      total_loss     energy_loss     forces_loss      energy_mae     energy_rmse      forces_mae     forces_rmse
                125          0.0137        4.81e-05          0.0137         0.00489         0.00659          0.0101          0.0142
Train       # epoch      total_loss     energy_loss     forces_loss      energy_mae     energy_rmse      forces_mae     forces_rmse
                125          0.0251        0.000961          0.0242          0.0299           0.032          0.0136          0.0187


2025-11-20 17:07:41: Training
# epoch      batch      total_loss     energy_loss     forces_loss      energy_mae     energy_rmse      forces_mae     forces_rmse
    126          0          0.0325        0.000301          0.0322          0.0136          0.0213          0.0155           0.022
    126         10          0.0223         0.00222          0.0201          0.0575          0.0578           0.013          0.0174
    126         20          0.0305         0.00343          0.0271          0.0709          0.0719          0.0142          0.0202
    126         30          0.0201         0.00115          0.0189          0.0405          0.0416          0.0127          0.0169
    126         40          0.0288        8.32e-05          0.0287         0.00794          0.0112           0.014          0.0208
    126         50          0.0208        0.000108          0.0207         0.00937          0.0128          0.0133          0.0177
    126         60          0.0152        0.000339          0.0149          0.0214          0.0226          0.0114           0.015
    126         70           0.021        7.07e-05          0.0209         0.00624          0.0103          0.0128          0.0177
    126         80          0.0443          0.0018          0.0425            0.05           0.052          0.0173          0.0253
    126         90          0.0466         0.00677          0.0398             0.1           0.101          0.0185          0.0245
    126        100          0.0309         0.00017          0.0307          0.0135           0.016          0.0169          0.0215
    126        110          0.0235        0.000605          0.0228          0.0277          0.0302          0.0138          0.0185


2025-11-20 17:07:52: Validating
# epoch      batch      total_loss     energy_loss     forces_loss      energy_mae     energy_rmse      forces_mae     forces_rmse
    126          0           0.013        6.52e-05           0.013         0.00634          0.0099         0.00961           0.014
    126         10          0.0111        8.24e-06          0.0111         0.00306         0.00352         0.00927          0.0129
    126         20          0.0158        0.000657          0.0152          0.0152          0.0315          0.0107          0.0151


2025-11-20 17:07:53: Epoch summary:
Validation  # epoch      total_loss     energy_loss     forces_loss      energy_mae     energy_rmse      forces_mae     forces_rmse
                126          0.0138        4.88e-05          0.0137         0.00496         0.00673          0.0101          0.0143
Train       # epoch      total_loss     energy_loss     forces_loss      energy_mae     energy_rmse      forces_mae     forces_rmse
                126          0.0282         0.00104          0.0272          0.0313          0.0336          0.0145          0.0199


2025-11-20 17:07:53: Training
# epoch      batch      total_loss     energy_loss     forces_loss      energy_mae     energy_rmse      forces_mae     forces_rmse
    127          0          0.0228        7.95e-05          0.0228         0.00844          0.0109          0.0137          0.0185
    127         10          0.0439        0.000544          0.0433          0.0257          0.0286          0.0186          0.0255
    127         20          0.0345         0.00257           0.032          0.0612          0.0622          0.0159          0.0219
    127         30          0.0482        0.000365          0.0478          0.0223          0.0234          0.0166          0.0268
    127         40          0.0535        0.000592           0.053          0.0273          0.0298          0.0179          0.0282
    127         50          0.0279         0.00134          0.0265          0.0435          0.0449          0.0151            0.02
    127         60          0.0178        0.000264          0.0176          0.0191          0.0199          0.0115          0.0163
    127         70          0.0179        3.33e-05          0.0179          0.0057         0.00708          0.0121          0.0164
    127         80          0.0131        0.000123          0.0129          0.0119          0.0136          0.0104           0.014
    127         90          0.0193        0.000718          0.0186          0.0315          0.0329          0.0125          0.0167
    127        100          0.0142        3.84e-05          0.0142         0.00588          0.0076          0.0107          0.0146
    127        110          0.0218         0.00233          0.0194          0.0583          0.0592          0.0125          0.0171


2025-11-20 17:08:05: Validating
# epoch      batch      total_loss     energy_loss     forces_loss      energy_mae     energy_rmse      forces_mae     forces_rmse
    127          0          0.0127        6.64e-05          0.0127         0.00636            0.01         0.00958          0.0138
    127         10           0.011        8.35e-06           0.011         0.00296         0.00355         0.00929          0.0129
    127         20          0.0153        0.000676          0.0147          0.0155          0.0319          0.0106          0.0149


2025-11-20 17:08:06: Epoch summary:
Validation  # epoch      total_loss     energy_loss     forces_loss      energy_mae     energy_rmse      forces_mae     forces_rmse
                127          0.0138        5.09e-05          0.0138         0.00509         0.00692          0.0101          0.0143
Train       # epoch      total_loss     energy_loss     forces_loss      energy_mae     energy_rmse      forces_mae     forces_rmse
                127          0.0256        0.000613           0.025          0.0228          0.0252          0.0136          0.0188


2025-11-20 17:08:06: Training
# epoch      batch      total_loss     energy_loss     forces_loss      energy_mae     energy_rmse      forces_mae     forces_rmse
    128          0          0.0182         0.00159          0.0166          0.0484          0.0489          0.0121          0.0158
    128         10          0.0144        4.64e-05          0.0144          0.0061         0.00835          0.0109          0.0147
    128         20         0.00984        0.000278         0.00956            0.02          0.0205         0.00892           0.012
    128         30          0.0177        0.000145          0.0175          0.0135          0.0148          0.0123          0.0163
    128         40          0.0225         0.00115          0.0214          0.0403          0.0417           0.013          0.0179
    128         50          0.0166        0.000567           0.016          0.0283          0.0292          0.0119          0.0155
    128         60          0.0161        5.71e-05          0.0161         0.00759         0.00927          0.0117          0.0156
    128         70          0.0132        0.000249           0.013           0.018          0.0194          0.0104           0.014
    128         80          0.0169        0.000294          0.0166          0.0188           0.021          0.0121          0.0158
    128         90          0.0173        0.000255          0.0171          0.0181          0.0196          0.0115           0.016
    128        100          0.0167        0.000382          0.0164          0.0206           0.024          0.0116          0.0157
    128        110          0.0178        0.000741           0.017          0.0311          0.0334          0.0116           0.016


2025-11-20 17:08:18: Validating
# epoch      batch      total_loss     energy_loss     forces_loss      energy_mae     energy_rmse      forces_mae     forces_rmse
    128          0          0.0126        6.29e-05          0.0125         0.00579         0.00973         0.00946          0.0137
    128         10          0.0109         8.5e-06          0.0109         0.00307         0.00358         0.00921          0.0128
    128         20          0.0152        0.000658          0.0145          0.0152          0.0315          0.0105          0.0148


2025-11-20 17:08:19: Epoch summary:
Validation  # epoch      total_loss     energy_loss     forces_loss      energy_mae     energy_rmse      forces_mae     forces_rmse
                128          0.0137        4.79e-05          0.0136         0.00475         0.00659          0.0101          0.0142
Train       # epoch      total_loss     energy_loss     forces_loss      energy_mae     energy_rmse      forces_mae     forces_rmse
                128          0.0155        0.000451           0.015          0.0209          0.0227          0.0111           0.015


2025-11-20 17:08:19: Training
# epoch      batch      total_loss     energy_loss     forces_loss      energy_mae     energy_rmse      forces_mae     forces_rmse
    129          0          0.0158        0.000764           0.015          0.0334          0.0339          0.0112          0.0151
    129         10          0.0166        0.000331          0.0163            0.02          0.0223          0.0119          0.0157
    129         20          0.0168        0.000324          0.0164          0.0196          0.0221          0.0119          0.0157
    129         30          0.0213        0.000146          0.0212          0.0138          0.0149          0.0128          0.0179
    129         40           0.012        3.91e-05           0.012         0.00606         0.00767          0.0101          0.0134
    129         50            0.03        0.000243          0.0297          0.0145          0.0191          0.0158          0.0212
    129         60          0.0349         0.00332          0.0316          0.0696          0.0707          0.0151          0.0218
    129         70          0.0321          0.0055          0.0266          0.0905           0.091          0.0146            0.02
    129         80          0.0279         0.00356          0.0243          0.0722          0.0733          0.0147          0.0191
    129         90          0.0221        0.000209          0.0219          0.0163          0.0177          0.0135          0.0181
    129        100          0.0154         0.00196          0.0134           0.054          0.0543          0.0109          0.0142
    129        110          0.0196         0.00185          0.0178          0.0489          0.0528          0.0119          0.0164


2025-11-20 17:08:30: Validating
# epoch      batch      total_loss     energy_loss     forces_loss      energy_mae     energy_rmse      forces_mae     forces_rmse
    129          0          0.0123        7.16e-05          0.0122         0.00626          0.0104         0.00934          0.0136
    129         10          0.0109         8.9e-06          0.0109         0.00317         0.00366         0.00921          0.0128
    129         20          0.0158        0.000646          0.0152          0.0153          0.0312          0.0107          0.0151


2025-11-20 17:08:32: Epoch summary:
Validation  # epoch      total_loss     energy_loss     forces_loss      energy_mae     energy_rmse      forces_mae     forces_rmse
                129          0.0137        4.94e-05          0.0136         0.00494         0.00682          0.0101          0.0142
Train       # epoch      total_loss     energy_loss     forces_loss      energy_mae     energy_rmse      forces_mae     forces_rmse
                129          0.0204          0.0014           0.019          0.0377          0.0393          0.0124          0.0167


2025-11-20 17:08:32: Training
# epoch      batch      total_loss     energy_loss     forces_loss      energy_mae     energy_rmse      forces_mae     forces_rmse
    130          0          0.0185        0.000158          0.0183          0.0142          0.0154          0.0124          0.0166
    130         10          0.0162        0.000343          0.0159          0.0211          0.0227          0.0119          0.0155
    130         20          0.0176        4.28e-05          0.0175          0.0067         0.00803          0.0122          0.0162
    130         30          0.0127        3.61e-05          0.0127         0.00613         0.00737          0.0103          0.0138
    130         40          0.0137        0.000115          0.0136         0.00781          0.0132          0.0107          0.0143
    130         50          0.0147        0.000248          0.0144          0.0188          0.0193          0.0108          0.0147
    130         60          0.0319        0.000154          0.0318           0.014          0.0152          0.0129          0.0219
    130         70          0.0152        2.97e-05          0.0152         0.00525         0.00669          0.0114          0.0151
    130         80           0.028         0.00016          0.0279          0.0128          0.0155          0.0147          0.0205
    130         90          0.0244        0.000125          0.0243           0.011          0.0137          0.0135          0.0191
    130        100          0.0322         0.00193          0.0303          0.0521          0.0539          0.0154          0.0214
    130        110          0.0429         0.00406          0.0388          0.0773          0.0782          0.0166          0.0242


2025-11-20 17:08:43: Validating
# epoch      batch      total_loss     energy_loss     forces_loss      energy_mae     energy_rmse      forces_mae     forces_rmse
    130          0          0.0122        6.96e-05          0.0121         0.00614          0.0102         0.00935          0.0135
    130         10           0.011        8.64e-06           0.011         0.00315         0.00361         0.00928          0.0129
    130         20          0.0157        0.000636          0.0151          0.0153           0.031          0.0107          0.0151


2025-11-20 17:08:45: Epoch summary:
Validation  # epoch      total_loss     energy_loss     forces_loss      energy_mae     energy_rmse      forces_mae     forces_rmse
                130          0.0136        4.86e-05          0.0136         0.00494         0.00677            0.01          0.0142
Train       # epoch      total_loss     energy_loss     forces_loss      energy_mae     energy_rmse      forces_mae     forces_rmse
                130          0.0191         0.00082          0.0182           0.026           0.028          0.0119          0.0162


2025-11-20 17:08:45: Training
# epoch      batch      total_loss     energy_loss     forces_loss      energy_mae     energy_rmse      forces_mae     forces_rmse
    131          0          0.0727         0.00352          0.0692          0.0641          0.0728          0.0219          0.0323
    131         10          0.0322         0.00173          0.0305          0.0492          0.0511          0.0157          0.0214
    131         20          0.0358        0.000298          0.0355            0.02          0.0212          0.0152          0.0231
    131         30           0.019        0.000192          0.0189          0.0144           0.017          0.0124          0.0168
    131         40          0.0272        0.000132           0.027          0.0127          0.0141          0.0146          0.0202
    131         50           0.018        8.16e-05          0.0179         0.00703          0.0111          0.0124          0.0164
    131         60          0.0179        0.000194          0.0177          0.0153          0.0171           0.012          0.0163
    131         70          0.0173        0.000166          0.0171          0.0148          0.0158          0.0118          0.0161
    131         80          0.0181        0.000786          0.0174          0.0298          0.0344          0.0119          0.0162
    131         90          0.0154         0.00061          0.0148          0.0294          0.0303          0.0115          0.0149
    131        100          0.0208         0.00208          0.0188          0.0554           0.056          0.0127          0.0168
    131        110          0.0222         0.00232          0.0199          0.0588          0.0591          0.0123          0.0173


2025-11-20 17:08:56: Validating
# epoch      batch      total_loss     energy_loss     forces_loss      energy_mae     energy_rmse      forces_mae     forces_rmse
    131          0          0.0124        6.51e-05          0.0123         0.00605          0.0099         0.00939          0.0136
    131         10          0.0108         7.9e-06          0.0108         0.00311         0.00345         0.00923          0.0127
    131         20          0.0156        0.000638           0.015          0.0151           0.031          0.0107           0.015


2025-11-20 17:08:57: Epoch summary:
Validation  # epoch      total_loss     energy_loss     forces_loss      energy_mae     energy_rmse      forces_mae     forces_rmse
                131          0.0137        4.76e-05          0.0136         0.00486         0.00664          0.0101          0.0142
Train       # epoch      total_loss     energy_loss     forces_loss      energy_mae     energy_rmse      forces_mae     forces_rmse
                131          0.0247           0.001          0.0238          0.0294          0.0315          0.0137          0.0186


2025-11-20 17:08:57: Training
# epoch      batch      total_loss     energy_loss     forces_loss      energy_mae     energy_rmse      forces_mae     forces_rmse
    132          0          0.0165        0.000873          0.0157          0.0354          0.0363          0.0117          0.0154
    132         10          0.0229        0.000727          0.0222          0.0315          0.0331          0.0132          0.0183
    132         20          0.0138        6.71e-05          0.0137          0.0075          0.0101          0.0108          0.0144
    132         30          0.0156         0.00018          0.0154          0.0145          0.0165          0.0114          0.0152
    132         40          0.0323         0.00529           0.027          0.0883          0.0892          0.0145          0.0202
    132         50          0.0248         0.00157          0.0232          0.0475          0.0487           0.014          0.0187
    132         60          0.0146        0.000701          0.0139          0.0321          0.0325          0.0106          0.0145
    132         70          0.0231        0.000349          0.0227          0.0128          0.0229          0.0139          0.0185
    132         80           0.017        0.000258          0.0167          0.0188          0.0197          0.0119          0.0159
    132         90           0.017         0.00033          0.0167          0.0213          0.0223           0.012          0.0158
    132        100          0.0233        0.000956          0.0223          0.0361          0.0379          0.0138          0.0183
    132        110          0.0182        0.000559          0.0177          0.0282           0.029          0.0124          0.0163


2025-11-20 17:09:09: Validating
# epoch      batch      total_loss     energy_loss     forces_loss      energy_mae     energy_rmse      forces_mae     forces_rmse
    132          0          0.0124         6.9e-05          0.0123         0.00599          0.0102         0.00939          0.0136
    132         10          0.0109        8.44e-06          0.0109         0.00321         0.00357         0.00927          0.0128
    132         20          0.0154        0.000649          0.0147           0.015          0.0313          0.0105          0.0149


2025-11-20 17:09:10: Epoch summary:
Validation  # epoch      total_loss     energy_loss     forces_loss      energy_mae     energy_rmse      forces_mae     forces_rmse
                132          0.0136        4.88e-05          0.0136         0.00487          0.0067            0.01          0.0142
Train       # epoch      total_loss     energy_loss     forces_loss      energy_mae     energy_rmse      forces_mae     forces_rmse
                132          0.0205        0.000952          0.0195          0.0307          0.0327          0.0125           0.017


2025-11-20 17:09:10: Training
# epoch      batch      total_loss     energy_loss     forces_loss      energy_mae     energy_rmse      forces_mae     forces_rmse
    133          0          0.0398         0.00053          0.0393          0.0252          0.0282          0.0164          0.0243
    133         10          0.0279         0.00179          0.0261          0.0514           0.052          0.0137          0.0198
    133         20          0.0428         0.00407          0.0387          0.0764          0.0783          0.0164          0.0242
    133         30           0.031         0.00539          0.0257          0.0892          0.0901          0.0146          0.0197
    133         40           0.031         0.00396           0.027          0.0765          0.0772          0.0146          0.0202
    133         50          0.0342        0.000232           0.034          0.0149          0.0187          0.0168          0.0226
    133         60          0.0504         0.00485          0.0455          0.0849          0.0854          0.0183          0.0262
    133         70          0.0347        0.000741           0.034          0.0314          0.0334          0.0159          0.0226
    133         80          0.0333         0.00203          0.0313          0.0543          0.0553           0.016          0.0217
    133         90          0.0432         0.00527          0.0379          0.0865          0.0891          0.0168          0.0239
    133        100          0.0307         0.00947          0.0213           0.119           0.119          0.0134          0.0179
    133        110          0.0357         0.00449          0.0312          0.0817          0.0823          0.0148          0.0217


2025-11-20 17:09:21: Validating
# epoch      batch      total_loss     energy_loss     forces_loss      energy_mae     energy_rmse      forces_mae     forces_rmse
    133          0          0.0118        7.46e-05          0.0117         0.00651          0.0106          0.0093          0.0133
    133         10          0.0105        8.42e-06          0.0105         0.00328         0.00356         0.00914          0.0126
    133         20          0.0162        0.000666          0.0155          0.0158          0.0317          0.0108          0.0153


2025-11-20 17:09:23: Epoch summary:
Validation  # epoch      total_loss     energy_loss     forces_loss      energy_mae     energy_rmse      forces_mae     forces_rmse
                133          0.0137        5.18e-05          0.0137         0.00517           0.007          0.0101          0.0142
Train       # epoch      total_loss     energy_loss     forces_loss      energy_mae     energy_rmse      forces_mae     forces_rmse
                133          0.0387         0.00289          0.0358          0.0539          0.0561          0.0161          0.0229


2025-11-20 17:09:23: Training
# epoch      batch      total_loss     energy_loss     forces_loss      energy_mae     energy_rmse      forces_mae     forces_rmse
    134          0          0.0254         0.00301          0.0224          0.0659          0.0673          0.0136          0.0184
    134         10          0.0301        0.000331          0.0298          0.0173          0.0223          0.0153          0.0212
    134         20          0.0227        0.000138          0.0225          0.0102          0.0144          0.0137          0.0184
    134         30           0.019        0.000646          0.0184          0.0299          0.0312          0.0122          0.0166
    134         40          0.0333         0.00142          0.0319           0.045          0.0462          0.0152          0.0219
    134         50          0.0332         0.00614           0.027          0.0949          0.0961          0.0139          0.0202
    134         60          0.0354        0.000539          0.0349          0.0247          0.0285          0.0156          0.0229
    134         70            0.02         0.00198           0.018          0.0542          0.0547          0.0124          0.0165
    134         80          0.0142        8.94e-05          0.0141          0.0101          0.0116          0.0114          0.0146
    134         90          0.0226         0.00128          0.0213          0.0333           0.044          0.0137          0.0179
    134        100          0.0169        0.000279          0.0166            0.02          0.0205           0.012          0.0158
    134        110          0.0179        0.000391          0.0175           0.021          0.0243          0.0117          0.0162


2025-11-20 17:09:34: Validating
# epoch      batch      total_loss     energy_loss     forces_loss      energy_mae     energy_rmse      forces_mae     forces_rmse
    134          0           0.012        7.43e-05          0.0119         0.00624          0.0106         0.00939          0.0134
    134         10          0.0109        9.28e-06          0.0109         0.00351         0.00374         0.00929          0.0128
    134         20          0.0162        0.000644          0.0156          0.0153          0.0311          0.0107          0.0153


2025-11-20 17:09:35: Epoch summary:
Validation  # epoch      total_loss     energy_loss     forces_loss      energy_mae     energy_rmse      forces_mae     forces_rmse
                134          0.0137        5.02e-05          0.0137         0.00503         0.00689          0.0101          0.0142
Train       # epoch      total_loss     energy_loss     forces_loss      energy_mae     energy_rmse      forces_mae     forces_rmse
                134          0.0236         0.00126          0.0223          0.0362          0.0378          0.0133          0.0181


2025-11-20 17:09:35: Training
# epoch      batch      total_loss     energy_loss     forces_loss      energy_mae     energy_rmse      forces_mae     forces_rmse
    135          0          0.0259          0.0011          0.0248          0.0395          0.0408          0.0139          0.0193
    135         10          0.0219        0.000338          0.0216          0.0204          0.0226          0.0133           0.018
    135         20          0.0302         0.00142          0.0288          0.0455          0.0463          0.0147          0.0208
    135         30           0.023         0.00518          0.0178          0.0881          0.0883          0.0117          0.0164
    135         40          0.0281         0.00392          0.0242          0.0766          0.0768          0.0137          0.0191
    135         50          0.0267         0.00579          0.0209          0.0933          0.0933          0.0123          0.0178
    135         60          0.0148        0.000546          0.0142          0.0282          0.0287           0.011          0.0146
    135         70          0.0473          0.0037          0.0436          0.0721          0.0747          0.0185          0.0256
    135         80          0.0257         0.00216          0.0236          0.0566          0.0571          0.0142          0.0188
    135         90          0.0162        0.000499          0.0157          0.0264          0.0274          0.0118          0.0154
    135        100          0.0169        0.000123          0.0168          0.0121          0.0136          0.0119          0.0159
    135        110          0.0246        0.000439          0.0242          0.0231          0.0257          0.0133          0.0191


2025-11-20 17:09:46: Validating
# epoch      batch      total_loss     energy_loss     forces_loss      energy_mae     energy_rmse      forces_mae     forces_rmse
    135          0           0.012        7.79e-05          0.0119         0.00641          0.0108         0.00933          0.0134
    135         10          0.0111        9.18e-06           0.011         0.00334         0.00372         0.00931          0.0129
    135         20           0.016        0.000687          0.0154          0.0156          0.0322          0.0107          0.0152


2025-11-20 17:09:48: Epoch summary:
Validation  # epoch      total_loss     energy_loss     forces_loss      energy_mae     energy_rmse      forces_mae     forces_rmse
                135          0.0136        5.23e-05          0.0136         0.00507         0.00697            0.01          0.0142
Train       # epoch      total_loss     energy_loss     forces_loss      energy_mae     energy_rmse      forces_mae     forces_rmse
                135          0.0255         0.00206          0.0235          0.0467          0.0484          0.0136          0.0187


2025-11-20 17:09:48: Training
# epoch      batch      total_loss     energy_loss     forces_loss      energy_mae     energy_rmse      forces_mae     forces_rmse
    136          0          0.0231         0.00131          0.0218          0.0429          0.0444          0.0139          0.0181
    136         10          0.0153         0.00136          0.0139          0.0449          0.0453          0.0109          0.0145
    136         20          0.0213        0.000135          0.0212          0.0133          0.0143          0.0129          0.0179
    136         30          0.0447         0.00524          0.0394          0.0872          0.0888          0.0161          0.0244
    136         40          0.0383          0.0111          0.0272           0.129           0.129          0.0137          0.0202
    136         50          0.0214        0.000549          0.0208          0.0223          0.0288          0.0133          0.0177
    136         60          0.0222        0.000414          0.0217          0.0242           0.025          0.0133          0.0181
    136         70          0.0237        0.000731           0.023          0.0306          0.0332          0.0136          0.0186
    136         80          0.0173         0.00196          0.0153          0.0541          0.0544          0.0115          0.0152
    136         90           0.023        5.26e-05          0.0229         0.00712          0.0089          0.0139          0.0186
    136        100          0.0194         0.00247          0.0169          0.0607           0.061          0.0118           0.016
    136        110          0.0156        3.71e-05          0.0156         0.00575         0.00747          0.0111          0.0153


2025-11-20 17:09:59: Validating
# epoch      batch      total_loss     energy_loss     forces_loss      energy_mae     energy_rmse      forces_mae     forces_rmse
    136          0          0.0122        7.57e-05          0.0121         0.00633          0.0107         0.00939          0.0135
    136         10          0.0109        8.31e-06          0.0109         0.00306         0.00354         0.00921          0.0128
    136         20          0.0158        0.000693          0.0152          0.0159          0.0323          0.0107          0.0151


2025-11-20 17:10:00: Epoch summary:
Validation  # epoch      total_loss     energy_loss     forces_loss      energy_mae     energy_rmse      forces_mae     forces_rmse
                136          0.0136        5.23e-05          0.0135         0.00502         0.00691            0.01          0.0141
Train       # epoch      total_loss     energy_loss     forces_loss      energy_mae     energy_rmse      forces_mae     forces_rmse
                136           0.026         0.00196          0.0241          0.0457          0.0472          0.0137          0.0188


2025-11-20 17:10:00: Training
# epoch      batch      total_loss     energy_loss     forces_loss      energy_mae     energy_rmse      forces_mae     forces_rmse
    137          0          0.0188        0.000644          0.0182          0.0297          0.0312          0.0127          0.0166
    137         10          0.0129        0.000507          0.0124          0.0268          0.0276          0.0103          0.0137
    137         20          0.0112        0.000351          0.0108          0.0225           0.023         0.00967          0.0128
    137         30          0.0119        0.000185          0.0117          0.0156          0.0167         0.00979          0.0133
    137         40          0.0108         5.4e-05          0.0108         0.00733         0.00902         0.00955          0.0127
    137         50          0.0155        0.000463           0.015          0.0249          0.0264          0.0114           0.015
    137         60          0.0176          0.0002          0.0174           0.011          0.0174          0.0121          0.0162
    137         70          0.0133        0.000567          0.0127          0.0291          0.0292          0.0102          0.0138
    137         80          0.0151        0.000829          0.0143          0.0349          0.0353          0.0112          0.0147
    137         90          0.0172        0.000607          0.0166          0.0297          0.0302          0.0117          0.0158
    137        100          0.0148         4.1e-05          0.0147          0.0066         0.00786          0.0111          0.0149
    137        110          0.0151         0.00183          0.0133          0.0519          0.0525          0.0108          0.0141


2025-11-20 17:10:11: Validating
# epoch      batch      total_loss     energy_loss     forces_loss      energy_mae     energy_rmse      forces_mae     forces_rmse
    137          0          0.0121        7.38e-05           0.012         0.00606          0.0105         0.00928          0.0134
    137         10          0.0109        7.41e-06          0.0109         0.00298         0.00334         0.00917          0.0128
    137         20          0.0157        0.000681           0.015          0.0155           0.032          0.0106           0.015


2025-11-20 17:10:13: Epoch summary:
Validation  # epoch      total_loss     energy_loss     forces_loss      energy_mae     energy_rmse      forces_mae     forces_rmse
                137          0.0135        5.04e-05          0.0135         0.00479         0.00671         0.00998          0.0141
Train       # epoch      total_loss     energy_loss     forces_loss      energy_mae     energy_rmse      forces_mae     forces_rmse
                137          0.0153        0.000343           0.015           0.018            0.02          0.0111          0.0149


2025-11-20 17:10:13: Training
# epoch      batch      total_loss     energy_loss     forces_loss      energy_mae     energy_rmse      forces_mae     forces_rmse
    138          0          0.0247        0.000585          0.0241           0.028          0.0297          0.0131          0.0191
    138         10          0.0154         0.00221          0.0132          0.0572          0.0577          0.0106          0.0141
    138         20          0.0127        0.000856          0.0118          0.0353          0.0359          0.0104          0.0133
    138         30           0.014         0.00058          0.0134          0.0285          0.0296          0.0105          0.0142
    138         40          0.0136        0.000583           0.013          0.0281          0.0296          0.0106           0.014
    138         50          0.0187        0.000383          0.0183          0.0222           0.024          0.0122          0.0166
    138         60          0.0155        6.37e-05          0.0154         0.00872          0.0098          0.0114          0.0152
    138         70          0.0146         3.1e-05          0.0146         0.00501         0.00683          0.0111          0.0148
    138         80          0.0178        8.93e-05          0.0177         0.00757          0.0116          0.0121          0.0163
    138         90          0.0153        0.000277           0.015          0.0192          0.0204          0.0111          0.0151
    138        100           0.015         0.00013          0.0149          0.0135           0.014          0.0113           0.015
    138        110          0.0187        8.79e-05          0.0186         0.00768          0.0115          0.0122          0.0167


2025-11-20 17:10:25: Validating
# epoch      batch      total_loss     energy_loss     forces_loss      energy_mae     energy_rmse      forces_mae     forces_rmse
    138          0          0.0123        6.92e-05          0.0123           0.006          0.0102         0.00934          0.0136
    138         10          0.0108        6.67e-06          0.0108         0.00286         0.00317         0.00915          0.0127
    138         20          0.0159        0.000674          0.0152          0.0154          0.0319          0.0107          0.0151


2025-11-20 17:10:26: Epoch summary:
Validation  # epoch      total_loss     energy_loss     forces_loss      energy_mae     energy_rmse      forces_mae     forces_rmse
                138          0.0135        4.99e-05          0.0135         0.00481         0.00673         0.00998          0.0141
Train       # epoch      total_loss     energy_loss     forces_loss      energy_mae     energy_rmse      forces_mae     forces_rmse
                138          0.0178        0.000647          0.0171          0.0248          0.0266          0.0118           0.016


2025-11-20 17:10:26: Training
# epoch      batch      total_loss     energy_loss     forces_loss      energy_mae     energy_rmse      forces_mae     forces_rmse
    139          0          0.0231        0.000838          0.0223          0.0334          0.0355          0.0131          0.0183
    139         10          0.0164        4.48e-05          0.0164         0.00603         0.00822          0.0116          0.0157
    139         20          0.0177        7.93e-05          0.0176         0.00806          0.0109          0.0122          0.0163
    139         30          0.0245        0.000494           0.024           0.026          0.0273          0.0141           0.019
    139         40          0.0185        7.98e-05          0.0184         0.00797           0.011          0.0128          0.0167
    139         50          0.0158        0.000209          0.0156          0.0121          0.0177          0.0112          0.0153
    139         60          0.0213          0.0017          0.0196          0.0497          0.0506          0.0123          0.0172
    139         70           0.037           0.011          0.0259           0.126           0.129          0.0144          0.0197
    139         80           0.035         0.00527          0.0298          0.0883          0.0891           0.016          0.0212
    139         90          0.0189        0.000259          0.0186          0.0176          0.0197          0.0127          0.0168
    139        100          0.0227         0.00246          0.0202          0.0606          0.0609          0.0127          0.0174
    139        110            0.03        0.000803          0.0292           0.032          0.0348          0.0155           0.021


2025-11-20 17:10:38: Validating
# epoch      batch      total_loss     energy_loss     forces_loss      energy_mae     energy_rmse      forces_mae     forces_rmse
    139          0           0.012        6.73e-05           0.012         0.00589          0.0101         0.00931          0.0134
    139         10          0.0109        6.62e-06          0.0109         0.00278         0.00316         0.00913          0.0128
    139         20          0.0162        0.000687          0.0155          0.0156          0.0322          0.0107          0.0153


2025-11-20 17:10:39: Epoch summary:
Validation  # epoch      total_loss     energy_loss     forces_loss      energy_mae     energy_rmse      forces_mae     forces_rmse
                139          0.0136        5.14e-05          0.0135         0.00495         0.00688         0.00999          0.0141
Train       # epoch      total_loss     energy_loss     forces_loss      energy_mae     energy_rmse      forces_mae     forces_rmse
                139          0.0244         0.00256          0.0218          0.0398          0.0422          0.0131          0.0179


2025-11-20 17:10:39: Training
# epoch      batch      total_loss     energy_loss     forces_loss      energy_mae     energy_rmse      forces_mae     forces_rmse
    140          0          0.0265        0.000564          0.0259          0.0269          0.0291          0.0142          0.0197
    140         10          0.0157        2.59e-05          0.0157          0.0044         0.00624          0.0115          0.0154
    140         20          0.0265        0.000687          0.0258          0.0313          0.0322          0.0145          0.0197
    140         30          0.0231        0.000858          0.0222          0.0345          0.0359          0.0131          0.0183
    140         40          0.0179        0.000104          0.0178         0.00827          0.0125          0.0121          0.0164
    140         50          0.0269        0.000832           0.026          0.0344          0.0354          0.0141          0.0198
    140         60          0.0377         0.00697          0.0307           0.102           0.102          0.0158          0.0215
    140         70           0.027         0.00716          0.0198           0.104           0.104          0.0129          0.0173
    140         80          0.0245        0.000865          0.0236          0.0341          0.0361          0.0144          0.0189
    140         90          0.0208        0.000277          0.0205           0.013          0.0204          0.0131          0.0176
    140        100           0.013        0.000292          0.0127          0.0199           0.021          0.0105          0.0138
    140        110          0.0165        0.000912          0.0156          0.0365          0.0371          0.0117          0.0153


2025-11-20 17:10:50: Validating
# epoch      batch      total_loss     energy_loss     forces_loss      energy_mae     energy_rmse      forces_mae     forces_rmse
    140          0           0.012        6.23e-05          0.0119          0.0061         0.00968         0.00925          0.0134
    140         10          0.0108        7.84e-06          0.0108         0.00302         0.00344         0.00911          0.0127
    140         20          0.0162        0.000709          0.0155          0.0162          0.0327          0.0107          0.0153


2025-11-20 17:10:52: Epoch summary:
Validation  # epoch      total_loss     energy_loss     forces_loss      energy_mae     energy_rmse      forces_mae     forces_rmse
                140          0.0135        5.12e-05          0.0135         0.00497         0.00678         0.00997          0.0141
Train       # epoch      total_loss     energy_loss     forces_loss      energy_mae     energy_rmse      forces_mae     forces_rmse
                140          0.0219         0.00131          0.0206          0.0335          0.0355          0.0129          0.0174


2025-11-20 17:10:52: Training
# epoch      batch      total_loss     energy_loss     forces_loss      energy_mae     energy_rmse      forces_mae     forces_rmse
    141          0          0.0144        0.000496          0.0139          0.0262          0.0273          0.0109          0.0145
    141         10          0.0166        0.000427          0.0162          0.0235          0.0253           0.012          0.0156
    141         20          0.0215         0.00151            0.02          0.0456          0.0476          0.0128          0.0174
    141         30          0.0195        0.000165          0.0194          0.0141          0.0158          0.0131          0.0171
    141         40          0.0195        0.000132          0.0194          0.0133          0.0141          0.0124          0.0171
    141         50          0.0213         0.00291          0.0184          0.0642          0.0662          0.0124          0.0166
    141         60          0.0443        0.000662          0.0436          0.0306          0.0316          0.0176          0.0256
    141         70          0.0249        0.000348          0.0245          0.0208          0.0229          0.0145          0.0192
    141         80          0.0266         0.00488          0.0217          0.0854          0.0857          0.0135          0.0181
    141         90          0.0231        0.000221          0.0229          0.0161          0.0183          0.0134          0.0186
    141        100          0.0179         0.00266          0.0152          0.0563          0.0633          0.0112          0.0151
    141        110          0.0213         0.00022           0.021          0.0149          0.0182          0.0131          0.0178


2025-11-20 17:11:03: Validating
# epoch      batch      total_loss     energy_loss     forces_loss      energy_mae     energy_rmse      forces_mae     forces_rmse
    141          0          0.0121        6.16e-05           0.012         0.00587         0.00963         0.00925          0.0135
    141         10          0.0108        7.31e-06          0.0108         0.00291         0.00332         0.00915          0.0127
    141         20          0.0157        0.000725           0.015           0.016           0.033          0.0106           0.015


2025-11-20 17:11:04: Epoch summary:
Validation  # epoch      total_loss     energy_loss     forces_loss      energy_mae     energy_rmse      forces_mae     forces_rmse
                141          0.0135         5.2e-05          0.0134         0.00499         0.00683         0.00997          0.0141
Train       # epoch      total_loss     energy_loss     forces_loss      energy_mae     energy_rmse      forces_mae     forces_rmse
                141          0.0228         0.00132          0.0215           0.036          0.0378           0.013          0.0177


2025-11-20 17:11:04: Training
# epoch      batch      total_loss     energy_loss     forces_loss      energy_mae     energy_rmse      forces_mae     forces_rmse
    142          0          0.0265         0.00141          0.0251          0.0452          0.0461          0.0141          0.0195
    142         10          0.0209         0.00113          0.0198          0.0398          0.0412          0.0128          0.0172
    142         20          0.0259         0.00014          0.0257          0.0115          0.0145          0.0144          0.0197
    142         30          0.0302         0.00182          0.0283          0.0514          0.0524          0.0145          0.0207
    142         40          0.0351        0.000395          0.0347          0.0217          0.0244          0.0164          0.0228
    142         50          0.0287        0.000185          0.0286          0.0156          0.0167          0.0154          0.0207
    142         60          0.0199         0.00246          0.0175          0.0599          0.0609          0.0121          0.0162
    142         70          0.0262        0.000184          0.0261          0.0155          0.0166          0.0147          0.0198
    142         80          0.0174        5.63e-05          0.0174         0.00766         0.00921           0.012          0.0162
    142         90          0.0258          0.0036          0.0222           0.073          0.0737          0.0135          0.0183
    142        100          0.0304        0.000271          0.0301          0.0167          0.0202          0.0152          0.0213
    142        110          0.0198         0.00208          0.0177          0.0556           0.056          0.0122          0.0163


2025-11-20 17:11:15: Validating
# epoch      batch      total_loss     energy_loss     forces_loss      energy_mae     energy_rmse      forces_mae     forces_rmse
    142          0           0.012        6.37e-05           0.012         0.00662         0.00979         0.00921          0.0134
    142         10          0.0108        7.78e-06          0.0108          0.0029         0.00342         0.00909          0.0127
    142         20          0.0166        0.000716          0.0158          0.0161          0.0328          0.0109          0.0154


2025-11-20 17:11:16: Epoch summary:
Validation  # epoch      total_loss     energy_loss     forces_loss      energy_mae     energy_rmse      forces_mae     forces_rmse
                142          0.0135        5.32e-05          0.0134         0.00523         0.00704         0.00998          0.0141
Train       # epoch      total_loss     energy_loss     forces_loss      energy_mae     energy_rmse      forces_mae     forces_rmse
                142           0.026         0.00108           0.025          0.0342          0.0362           0.014          0.0192


2025-11-20 17:11:16: Training
# epoch      batch      total_loss     energy_loss     forces_loss      energy_mae     energy_rmse      forces_mae     forces_rmse
    143          0          0.0337        0.000137          0.0335          0.0107          0.0144          0.0162          0.0225
    143         10          0.0164         0.00153          0.0148          0.0449           0.048          0.0112          0.0149
    143         20          0.0339         5.8e-05          0.0339         0.00694         0.00935          0.0142          0.0226
    143         30          0.0309         0.00428          0.0266          0.0739          0.0803          0.0139            0.02
    143         40          0.0222         0.00118           0.021          0.0412          0.0422          0.0135          0.0178
    143         50          0.0151        0.000222          0.0149          0.0169          0.0183          0.0111           0.015
    143         60          0.0266        0.000479          0.0261          0.0257          0.0269          0.0138          0.0198
    143         70          0.0258         0.00295          0.0228          0.0662          0.0666          0.0137          0.0185
    143         80          0.0208         0.00186          0.0189           0.051          0.0529          0.0128          0.0169
    143         90          0.0216        0.000141          0.0214          0.0132          0.0146          0.0136           0.018
    143        100          0.0158         0.00058          0.0152          0.0289          0.0296          0.0115          0.0152
    143        110           0.014        0.000365          0.0137          0.0226          0.0234          0.0106          0.0143


2025-11-20 17:11:28: Validating
# epoch      batch      total_loss     energy_loss     forces_loss      energy_mae     energy_rmse      forces_mae     forces_rmse
    143          0          0.0118         7.3e-05          0.0118         0.00665          0.0105         0.00917          0.0133
    143         10          0.0109        7.96e-06          0.0109          0.0029         0.00346         0.00914          0.0128
    143         20          0.0165        0.000674          0.0159          0.0156          0.0319          0.0109          0.0154


2025-11-20 17:11:29: Epoch summary:
Validation  # epoch      total_loss     energy_loss     forces_loss      energy_mae     energy_rmse      forces_mae     forces_rmse
                143          0.0135        5.18e-05          0.0135         0.00517         0.00699         0.00998          0.0141
Train       # epoch      total_loss     energy_loss     forces_loss      energy_mae     energy_rmse      forces_mae     forces_rmse
                143          0.0218        0.000919          0.0208          0.0301           0.032          0.0129          0.0176


2025-11-20 17:11:29: Training
# epoch      batch      total_loss     energy_loss     forces_loss      energy_mae     energy_rmse      forces_mae     forces_rmse
    144          0          0.0137        0.000455          0.0133          0.0137          0.0262          0.0103          0.0141
    144         10          0.0165        0.000223          0.0163          0.0176          0.0183          0.0117          0.0157
    144         20          0.0152        0.000709          0.0145          0.0319          0.0327          0.0111          0.0148
    144         30          0.0158        3.25e-05          0.0158         0.00464         0.00699          0.0113          0.0154
    144         40          0.0122        8.79e-05          0.0121         0.00721          0.0115          0.0101          0.0135
    144         50          0.0154        4.08e-05          0.0154         0.00704         0.00784           0.011          0.0152
    144         60          0.0333         0.00231           0.031          0.0563          0.0589          0.0143          0.0216
    144         70          0.0414         0.00661          0.0348          0.0988          0.0998          0.0167          0.0229
    144         80           0.034        0.000914          0.0331          0.0355          0.0371          0.0163          0.0223
    144         90          0.0313         0.00247          0.0289          0.0589           0.061          0.0147          0.0208
    144        100            0.05          0.0133          0.0367            0.14           0.141          0.0176          0.0235
    144        110           0.023         0.00743          0.0155           0.106           0.106          0.0114          0.0153


2025-11-20 17:11:41: Validating
# epoch      batch      total_loss     energy_loss     forces_loss      energy_mae     energy_rmse      forces_mae     forces_rmse
    144          0          0.0119        8.33e-05          0.0118         0.00697          0.0112         0.00913          0.0133
    144         10          0.0109         8.5e-06          0.0109         0.00301         0.00358         0.00915          0.0128
    144         20          0.0163        0.000706          0.0156          0.0165          0.0326          0.0108          0.0153


2025-11-20 17:11:42: Epoch summary:
Validation  # epoch      total_loss     energy_loss     forces_loss      energy_mae     energy_rmse      forces_mae     forces_rmse
                144          0.0135        5.32e-05          0.0135         0.00516         0.00699         0.00997          0.0141
Train       # epoch      total_loss     energy_loss     forces_loss      energy_mae     energy_rmse      forces_mae     forces_rmse
                144          0.0276         0.00224          0.0254          0.0421          0.0442          0.0136          0.0189


2025-11-20 17:11:42: Training
# epoch      batch      total_loss     energy_loss     forces_loss      energy_mae     energy_rmse      forces_mae     forces_rmse
    145          0          0.0288         0.00241          0.0264          0.0584          0.0602          0.0148          0.0199
    145         10          0.0278         0.00521          0.0226          0.0877          0.0886          0.0139          0.0184
    145         20          0.0294         0.00031          0.0291          0.0207          0.0216           0.014          0.0209
    145         30          0.0214        0.000392           0.021          0.0229          0.0243          0.0131          0.0178
    145         40          0.0202        0.000113          0.0201          0.0113          0.0131          0.0124          0.0174
    145         50          0.0217         0.00161          0.0201          0.0487          0.0492          0.0128          0.0174
    145         60          0.0158        0.000173          0.0156          0.0147          0.0161          0.0115          0.0153
    145         70          0.0127        0.000188          0.0125          0.0154          0.0168          0.0104          0.0137
    145         80          0.0143        0.000102          0.0142          0.0109          0.0124          0.0109          0.0146
    145         90           0.021         0.00048          0.0205          0.0252          0.0269          0.0122          0.0176
    145        100           0.037        8.32e-05          0.0369           0.009          0.0112           0.017          0.0236
    145        110          0.0283         0.00114          0.0272          0.0407          0.0414          0.0142          0.0202


2025-11-20 17:11:54: Validating
# epoch      batch      total_loss     energy_loss     forces_loss      energy_mae     energy_rmse      forces_mae     forces_rmse
    145          0           0.012        8.42e-05          0.0119         0.00703          0.0113         0.00913          0.0134
    145         10          0.0114         7.6e-06          0.0114         0.00297         0.00338          0.0093          0.0131
    145         20          0.0162        0.000698          0.0155          0.0163          0.0324          0.0108          0.0153


2025-11-20 17:11:55: Epoch summary:
Validation  # epoch      total_loss     energy_loss     forces_loss      energy_mae     energy_rmse      forces_mae     forces_rmse
                145          0.0136        5.29e-05          0.0135         0.00512           0.007         0.00998          0.0141
Train       # epoch      total_loss     energy_loss     forces_loss      energy_mae     energy_rmse      forces_mae     forces_rmse
                145          0.0224        0.000925          0.0215          0.0279          0.0301           0.013          0.0178


2025-11-20 17:11:55: Training
# epoch      batch      total_loss     energy_loss     forces_loss      energy_mae     energy_rmse      forces_mae     forces_rmse
    146          0          0.0179        0.000122          0.0178          0.0105          0.0135          0.0123          0.0164
    146         10           0.017        9.01e-05          0.0169         0.00981          0.0116          0.0118           0.016
    146         20          0.0218        0.000867          0.0209          0.0352          0.0361          0.0129          0.0177
    146         30          0.0211         0.00286          0.0182          0.0651          0.0656          0.0122          0.0166
    146         40          0.0291        0.000196          0.0289          0.0146          0.0172          0.0151          0.0209
    146         50          0.0197        0.000968          0.0187          0.0372          0.0382          0.0126          0.0168
    146         60          0.0148        0.000374          0.0144          0.0221          0.0237          0.0112          0.0147
    146         70          0.0322        0.000152          0.0321          0.0142          0.0151          0.0136           0.022
    146         80          0.0181        5.67e-05           0.018         0.00695         0.00924          0.0118          0.0165
    146         90          0.0206        2.77e-05          0.0206         0.00502         0.00645          0.0119          0.0176
    146        100          0.0301         0.00029          0.0299          0.0187          0.0209          0.0157          0.0212
    146        110          0.0216         0.00301          0.0186          0.0662          0.0673          0.0123          0.0167


2025-11-20 17:12:07: Validating
# epoch      batch      total_loss     energy_loss     forces_loss      energy_mae     energy_rmse      forces_mae     forces_rmse
    146          0          0.0119        7.34e-05          0.0118          0.0065          0.0105         0.00914          0.0133
    146         10          0.0111        7.41e-06          0.0111         0.00299         0.00334          0.0092          0.0129
    146         20          0.0161         0.00069          0.0155          0.0161          0.0322          0.0107          0.0153


2025-11-20 17:12:08: Epoch summary:
Validation  # epoch      total_loss     energy_loss     forces_loss      energy_mae     energy_rmse      forces_mae     forces_rmse
                146          0.0134        5.04e-05          0.0134         0.00486         0.00674         0.00993          0.0141
Train       # epoch      total_loss     energy_loss     forces_loss      energy_mae     energy_rmse      forces_mae     forces_rmse
                146          0.0209        0.000674          0.0202           0.024           0.026          0.0127          0.0173


2025-11-20 17:12:08: Training
# epoch      batch      total_loss     energy_loss     forces_loss      energy_mae     energy_rmse      forces_mae     forces_rmse
    147          0          0.0237         0.00214          0.0215          0.0556          0.0567          0.0134           0.018
    147         10          0.0223         0.00116          0.0211          0.0404          0.0418          0.0134          0.0178
    147         20           0.027        0.000944          0.0261          0.0353          0.0377          0.0142          0.0198
    147         30          0.0365        9.93e-05          0.0364          0.0104          0.0122          0.0171          0.0234
    147         40          0.0239        0.000967          0.0229          0.0146          0.0382          0.0138          0.0186
    147         50           0.039         0.00564          0.0333          0.0899          0.0922           0.016          0.0224
    147         60          0.0208        4.22e-05          0.0207         0.00551         0.00797          0.0129          0.0177
    147         70          0.0251          0.0002          0.0249          0.0144          0.0173          0.0142          0.0194
    147         80          0.0147         0.00014          0.0146          0.0134          0.0145          0.0115          0.0148
    147         90          0.0156        0.000982          0.0146          0.0376          0.0384          0.0111          0.0148
    147        100          0.0168        0.000215          0.0166          0.0165           0.018          0.0114          0.0158
    147        110          0.0119        0.000151          0.0117          0.0122          0.0151          0.0102          0.0133


2025-11-20 17:12:18: Validating
# epoch      batch      total_loss     energy_loss     forces_loss      energy_mae     energy_rmse      forces_mae     forces_rmse
    147          0          0.0122        7.88e-05          0.0122         0.00676          0.0109         0.00923          0.0135
    147         10          0.0111        6.88e-06          0.0111         0.00281         0.00322         0.00919          0.0129
    147         20          0.0164        0.000713          0.0157          0.0165          0.0328          0.0108          0.0154


2025-11-20 17:12:20: Epoch summary:
Validation  # epoch      total_loss     energy_loss     forces_loss      energy_mae     energy_rmse      forces_mae     forces_rmse
                147          0.0135        5.17e-05          0.0134          0.0049         0.00679         0.00992          0.0141
Train       # epoch      total_loss     energy_loss     forces_loss      energy_mae     energy_rmse      forces_mae     forces_rmse
                147          0.0234        0.000714          0.0227          0.0251          0.0275          0.0133          0.0183


2025-11-20 17:12:20: Training
# epoch      batch      total_loss     energy_loss     forces_loss      energy_mae     energy_rmse      forces_mae     forces_rmse
    148          0           0.023        0.000456          0.0226          0.0247          0.0262          0.0135          0.0184
    148         10          0.0345         0.00387          0.0306          0.0757          0.0764           0.015          0.0215
    148         20          0.0267         0.00451          0.0222          0.0806          0.0824          0.0133          0.0183
    148         30          0.0386          0.0112          0.0274           0.129            0.13          0.0149          0.0203
    148         40          0.0303         0.00651          0.0238          0.0987           0.099          0.0138          0.0189
    148         50          0.0249         0.00108          0.0238          0.0392          0.0404          0.0137          0.0189
    148         60          0.0237        0.000181          0.0236          0.0153          0.0165          0.0134          0.0188
    148         70          0.0149         0.00103          0.0139          0.0389          0.0393          0.0108          0.0145
    148         80          0.0142         0.00231          0.0119          0.0586          0.0589          0.0101          0.0134
    148         90          0.0172        0.000352          0.0168          0.0219           0.023           0.012          0.0159
    148        100          0.0181         0.00015           0.018          0.0133           0.015          0.0124          0.0164
    148        110          0.0124        8.05e-05          0.0123         0.00949           0.011          0.0103          0.0136


2025-11-20 17:12:32: Validating
# epoch      batch      total_loss     energy_loss     forces_loss      energy_mae     energy_rmse      forces_mae     forces_rmse
    148          0           0.012        8.16e-05           0.012         0.00712          0.0111         0.00919          0.0134
    148         10          0.0111        8.09e-06          0.0111         0.00304         0.00349         0.00922          0.0129
    148         20           0.016        0.000691          0.0153          0.0164          0.0323          0.0107          0.0152


2025-11-20 17:12:33: Epoch summary:
Validation  # epoch      total_loss     energy_loss     forces_loss      energy_mae     energy_rmse      forces_mae     forces_rmse
                148          0.0134        5.29e-05          0.0133         0.00525         0.00704          0.0099           0.014
Train       # epoch      total_loss     energy_loss     forces_loss      energy_mae     energy_rmse      forces_mae     forces_rmse
                148          0.0251         0.00185          0.0232          0.0398          0.0418          0.0133          0.0184


2025-11-20 17:12:33: Training
# epoch      batch      total_loss     energy_loss     forces_loss      energy_mae     energy_rmse      forces_mae     forces_rmse
    149          0          0.0134        0.000302          0.0131          0.0205          0.0213          0.0105           0.014
    149         10          0.0171         0.00176          0.0154          0.0509          0.0515          0.0115          0.0152
    149         20          0.0147        0.000123          0.0145          0.0108          0.0136          0.0108          0.0148
    149         30          0.0217         0.00169            0.02          0.0493          0.0504          0.0127          0.0174
    149         40          0.0143        0.000302           0.014          0.0178          0.0213          0.0108          0.0145
    149         50          0.0124        2.51e-05          0.0124         0.00483         0.00615          0.0101          0.0136
    149         60           0.016        0.000254          0.0157          0.0176          0.0196          0.0115          0.0154
    149         70           0.017        0.000974           0.016          0.0378          0.0383          0.0117          0.0155
    149         80          0.0156        0.000138          0.0155          0.0132          0.0144          0.0114          0.0153
    149         90          0.0195        0.000357          0.0192          0.0227          0.0232          0.0122           0.017
    149        100          0.0288         0.00289          0.0259          0.0648          0.0659          0.0146          0.0198
    149        110          0.0269          0.0057          0.0212          0.0921          0.0926          0.0137          0.0179


2025-11-20 17:12:45: Validating
# epoch      batch      total_loss     energy_loss     forces_loss      energy_mae     energy_rmse      forces_mae     forces_rmse
    149          0          0.0124        7.71e-05          0.0123         0.00667          0.0108         0.00919          0.0136
    149         10          0.0107        5.94e-06          0.0107         0.00259         0.00299         0.00906          0.0127
    149         20          0.0161        0.000679          0.0154          0.0159           0.032          0.0107          0.0152


2025-11-20 17:12:47: Epoch summary:
Validation  # epoch      total_loss     energy_loss     forces_loss      energy_mae     energy_rmse      forces_mae     forces_rmse
                149          0.0135        5.09e-05          0.0134         0.00498         0.00686         0.00991          0.0141
Train       # epoch      total_loss     energy_loss     forces_loss      energy_mae     energy_rmse      forces_mae     forces_rmse
                149           0.019         0.00108          0.0179          0.0317          0.0335           0.012          0.0163


2025-11-20 17:12:47: Training
# epoch      batch      total_loss     energy_loss     forces_loss      energy_mae     energy_rmse      forces_mae     forces_rmse
    150          0          0.0205        0.000678          0.0198           0.031          0.0319          0.0133          0.0173
    150         10          0.0151        0.000338          0.0147          0.0215          0.0226          0.0111          0.0149
    150         20           0.051         0.00515          0.0459           0.086           0.088           0.019          0.0263
    150         30          0.0308         0.00351          0.0273          0.0718          0.0727          0.0147          0.0203
    150         40          0.0383         0.00116          0.0372          0.0372          0.0419          0.0166          0.0237
    150         50          0.0559        0.000659          0.0552          0.0291          0.0315          0.0208          0.0288
    150         60          0.0495        0.000277          0.0492          0.0163          0.0204          0.0188          0.0272
    150         70          0.0295         0.00151           0.028          0.0456          0.0476          0.0151          0.0205
    150         80          0.0507         0.00212          0.0486          0.0552          0.0564          0.0163           0.027
    150         90           0.087          0.0153          0.0718           0.151           0.152          0.0221          0.0329
    150        100          0.0367         0.00542          0.0313          0.0893          0.0903          0.0161          0.0217
    150        110          0.0254        0.000383           0.025           0.023           0.024          0.0145          0.0194


2025-11-20 17:12:58: Validating
# epoch      batch      total_loss     energy_loss     forces_loss      energy_mae     energy_rmse      forces_mae     forces_rmse
    150          0          0.0126        8.23e-05          0.0125         0.00771          0.0111          0.0092          0.0137
    150         10          0.0108        8.14e-06          0.0107          0.0028          0.0035         0.00914          0.0127
    150         20           0.016        0.000664          0.0154          0.0162          0.0316          0.0107          0.0152


2025-11-20 17:13:00: Epoch summary:
Validation  # epoch      total_loss     energy_loss     forces_loss      energy_mae     energy_rmse      forces_mae     forces_rmse
                150          0.0136         5.4e-05          0.0135         0.00546          0.0073         0.00996          0.0141
Train       # epoch      total_loss     energy_loss     forces_loss      energy_mae     energy_rmse      forces_mae     forces_rmse
                150          0.0437          0.0028          0.0409          0.0514          0.0535          0.0171          0.0239


2025-11-20 17:13:00: Training
# epoch      batch      total_loss     energy_loss     forces_loss      energy_mae     energy_rmse      forces_mae     forces_rmse
    151          0          0.0325        0.000238          0.0323          0.0165          0.0189          0.0164           0.022
    151         10          0.0252        0.000233          0.0249          0.0175          0.0187          0.0148          0.0194
    151         20          0.0281         0.00229          0.0258          0.0581          0.0587          0.0149          0.0197
    151         30            0.02        0.000652          0.0194           0.031          0.0313          0.0125          0.0171
    151         40          0.0158        0.000177          0.0157          0.0127          0.0163          0.0115          0.0154
    151         50          0.0156        0.000946          0.0146          0.0372          0.0377          0.0113          0.0148
    151         60          0.0165        0.000117          0.0164          0.0112          0.0133          0.0118          0.0157
    151         70          0.0168         0.00029          0.0166          0.0199          0.0209          0.0121          0.0158
    151         80          0.0176        0.000482          0.0171          0.0247          0.0269          0.0117          0.0161
    151         90          0.0124        0.000209          0.0122          0.0171          0.0178          0.0103          0.0136
    151        100          0.0157        6.87e-05          0.0157         0.00736          0.0102          0.0113          0.0154
    151        110          0.0137        2.34e-05          0.0136         0.00538         0.00593          0.0111          0.0143


2025-11-20 17:13:11: Validating
# epoch      batch      total_loss     energy_loss     forces_loss      energy_mae     energy_rmse      forces_mae     forces_rmse
    151          0           0.013        7.29e-05           0.013         0.00696          0.0105          0.0092           0.014
    151         10          0.0107        6.98e-06          0.0107         0.00264         0.00324         0.00912          0.0127
    151         20          0.0158        0.000643          0.0152          0.0155          0.0311          0.0107          0.0151


2025-11-20 17:13:12: Epoch summary:
Validation  # epoch      total_loss     energy_loss     forces_loss      energy_mae     energy_rmse      forces_mae     forces_rmse
                151          0.0136        4.96e-05          0.0135         0.00505         0.00688         0.00997          0.0141
Train       # epoch      total_loss     energy_loss     forces_loss      energy_mae     energy_rmse      forces_mae     forces_rmse
                151          0.0189        0.000528          0.0184          0.0217          0.0237          0.0123          0.0164


2025-11-20 17:13:12: Training
# epoch      batch      total_loss     energy_loss     forces_loss      energy_mae     energy_rmse      forces_mae     forces_rmse
    152          0          0.0136        0.000923          0.0127           0.037          0.0373          0.0106          0.0138
    152         10          0.0164        0.000789          0.0156          0.0337          0.0345          0.0112          0.0153
    152         20          0.0165         0.00142          0.0151          0.0453          0.0462          0.0109          0.0151
    152         30          0.0126        0.000243          0.0124          0.0173          0.0191          0.0103          0.0136
    152         40          0.0119        0.000381          0.0115          0.0232          0.0239          0.0101          0.0132
    152         50          0.0153        0.000554          0.0148          0.0275          0.0289          0.0115          0.0149
    152         60          0.0165        0.000673          0.0159          0.0267          0.0318          0.0117          0.0155
    152         70          0.0203        0.000134          0.0202          0.0115          0.0142          0.0122          0.0174
    152         80          0.0132        0.000462          0.0127          0.0251          0.0264          0.0104          0.0138
    152         90          0.0203        0.000874          0.0194          0.0346          0.0363          0.0127          0.0171
    152        100          0.0253        0.000331           0.025          0.0194          0.0223          0.0133          0.0194
    152        110          0.0164        0.000642          0.0157          0.0296          0.0311          0.0116          0.0154


2025-11-20 17:13:24: Validating
# epoch      batch      total_loss     energy_loss     forces_loss      energy_mae     energy_rmse      forces_mae     forces_rmse
    152          0          0.0134        7.23e-05          0.0133         0.00663          0.0104         0.00922          0.0142
    152         10          0.0106        6.55e-06          0.0105         0.00265         0.00314         0.00907          0.0126
    152         20          0.0159        0.000654          0.0153          0.0157          0.0314          0.0107          0.0152


2025-11-20 17:13:25: Epoch summary:
Validation  # epoch      total_loss     energy_loss     forces_loss      energy_mae     energy_rmse      forces_mae     forces_rmse
                152          0.0135        4.87e-05          0.0135         0.00481         0.00672         0.00992          0.0141
Train       # epoch      total_loss     energy_loss     forces_loss      energy_mae     energy_rmse      forces_mae     forces_rmse
                152          0.0163        0.000663          0.0156          0.0259          0.0278          0.0112          0.0152


2025-11-20 17:13:25: Training
# epoch      batch      total_loss     energy_loss     forces_loss      energy_mae     energy_rmse      forces_mae     forces_rmse
    153          0          0.0145        0.000981          0.0135          0.0378          0.0384          0.0105          0.0143
    153         10          0.0127        2.07e-05          0.0127         0.00439         0.00558          0.0106          0.0138
    153         20          0.0143         0.00019          0.0141          0.0162          0.0169          0.0107          0.0146
    153         30          0.0174        0.000657          0.0168          0.0312          0.0315          0.0116          0.0159
    153         40          0.0113        6.72e-05          0.0113         0.00872          0.0101         0.00976           0.013
    153         50          0.0128        4.25e-05          0.0128         0.00673           0.008          0.0105          0.0139
    153         60          0.0217        0.000446          0.0213          0.0218          0.0259          0.0125          0.0179
    153         70          0.0546         0.00115          0.0534          0.0389          0.0417          0.0186          0.0284
    153         80          0.0408         0.00163          0.0392          0.0481          0.0496          0.0167          0.0243
    153         90          0.0458         0.00184          0.0439          0.0509          0.0526          0.0182          0.0257
    153        100          0.0341        0.000772          0.0333            0.03          0.0341          0.0171          0.0224
    153        110          0.0453        0.000244          0.0451          0.0163          0.0192          0.0194          0.0261


2025-11-20 17:13:37: Validating
# epoch      batch      total_loss     energy_loss     forces_loss      energy_mae     energy_rmse      forces_mae     forces_rmse
    153          0          0.0132         7.3e-05          0.0131         0.00662          0.0105         0.00922          0.0141
    153         10          0.0106        5.91e-06          0.0106         0.00259         0.00298         0.00907          0.0126
    153         20           0.016        0.000667          0.0153          0.0153          0.0317          0.0106          0.0152


2025-11-20 17:13:38: Epoch summary:
Validation  # epoch      total_loss     energy_loss     forces_loss      energy_mae     energy_rmse      forces_mae     forces_rmse
                153          0.0134        4.95e-05          0.0134         0.00479         0.00674         0.00989          0.0141
Train       # epoch      total_loss     energy_loss     forces_loss      energy_mae     energy_rmse      forces_mae     forces_rmse
                153          0.0242        0.000546          0.0235           0.022          0.0244           0.013           0.018


2025-11-20 17:13:38: Training
# epoch      batch      total_loss     energy_loss     forces_loss      energy_mae     energy_rmse      forces_mae     forces_rmse
    154          0          0.0375         0.00115          0.0363          0.0389          0.0416           0.018          0.0234
    154         10          0.0482         0.00349          0.0447          0.0641          0.0725          0.0189          0.0259
    154         20          0.0544        0.000612          0.0538          0.0269          0.0304          0.0197          0.0285
    154         30          0.0615         0.00239          0.0591          0.0543            0.06          0.0186          0.0298
    154         40          0.0236        0.000741          0.0228           0.032          0.0334          0.0134          0.0185
    154         50          0.0251        0.000611          0.0245          0.0273          0.0303          0.0144          0.0192
    154         60          0.0356        0.000893          0.0347          0.0362          0.0367           0.015          0.0229
    154         70          0.0294        0.000245          0.0291          0.0165          0.0192          0.0146          0.0209
    154         80          0.0208        0.000316          0.0205          0.0198          0.0218          0.0122          0.0176
    154         90          0.0183        2.77e-05          0.0183         0.00556         0.00646          0.0124          0.0166
    154        100          0.0211        0.000189          0.0209           0.013          0.0169          0.0133          0.0178
    154        110          0.0289          0.0005          0.0284          0.0241          0.0274          0.0153          0.0207


2025-11-20 17:13:49: Validating
# epoch      batch      total_loss     energy_loss     forces_loss      energy_mae     energy_rmse      forces_mae     forces_rmse
    154          0          0.0137        7.53e-05          0.0137         0.00678          0.0106         0.00934          0.0143
    154         10          0.0108        8.27e-06          0.0108         0.00308         0.00353         0.00915          0.0128
    154         20          0.0166        0.000686          0.0159          0.0153          0.0321          0.0107          0.0155


2025-11-20 17:13:50: Epoch summary:
Validation  # epoch      total_loss     energy_loss     forces_loss      energy_mae     energy_rmse      forces_mae     forces_rmse
                154          0.0136        5.33e-05          0.0136         0.00522         0.00716         0.00997          0.0142
Train       # epoch      total_loss     energy_loss     forces_loss      energy_mae     energy_rmse      forces_mae     forces_rmse
                154          0.0289        0.000805          0.0281          0.0276          0.0299          0.0146          0.0203


2025-11-20 17:13:50: Training
# epoch      batch      total_loss     energy_loss     forces_loss      energy_mae     energy_rmse      forces_mae     forces_rmse
    155          0          0.0283        0.000254          0.0281          0.0173          0.0195          0.0145          0.0206
    155         10          0.0156        0.000647          0.0149          0.0245          0.0312          0.0111           0.015
    155         20          0.0161        0.000692          0.0154          0.0318          0.0323          0.0113          0.0152
    155         30           0.017         0.00016          0.0169          0.0127          0.0155          0.0116          0.0159
    155         40          0.0156          0.0001          0.0155         0.00953          0.0123          0.0119          0.0153
    155         50          0.0192        0.000124           0.019          0.0123          0.0137          0.0122          0.0169
    155         60          0.0203         0.00155          0.0187          0.0418          0.0482          0.0121          0.0168
    155         70          0.0207        0.000304          0.0204          0.0197          0.0214          0.0128          0.0175
    155         80          0.0112        0.000299          0.0109          0.0206          0.0212         0.00976          0.0128
    155         90          0.0112        0.000359          0.0109          0.0226          0.0232         0.00952          0.0128
    155        100          0.0162        0.000114          0.0161          0.0111          0.0131          0.0115          0.0155
    155        110          0.0129        0.000572          0.0124          0.0147          0.0294          0.0104          0.0136


2025-11-20 17:14:00: Validating
# epoch      batch      total_loss     energy_loss     forces_loss      energy_mae     energy_rmse      forces_mae     forces_rmse
    155          0          0.0133        7.44e-05          0.0132         0.00635          0.0106         0.00927          0.0141
    155         10          0.0106        7.07e-06          0.0106         0.00289         0.00326          0.0091          0.0126
    155         20          0.0161        0.000685          0.0154          0.0154          0.0321          0.0106          0.0152


2025-11-20 17:14:02: Epoch summary:
Validation  # epoch      total_loss     energy_loss     forces_loss      energy_mae     energy_rmse      forces_mae     forces_rmse
                155          0.0135        5.14e-05          0.0135         0.00498         0.00693         0.00994          0.0141
Train       # epoch      total_loss     energy_loss     forces_loss      energy_mae     energy_rmse      forces_mae     forces_rmse
                155          0.0174        0.000594          0.0168          0.0239           0.026          0.0117          0.0158


2025-11-20 17:14:02: Training
# epoch      batch      total_loss     energy_loss     forces_loss      energy_mae     energy_rmse      forces_mae     forces_rmse
    156          0          0.0119        3.99e-05          0.0119         0.00554         0.00775          0.0099          0.0134
    156         10          0.0122        5.09e-05          0.0122           0.008         0.00875          0.0102          0.0135
    156         20          0.0197        0.000233          0.0194          0.0142          0.0187          0.0128          0.0171
    156         30          0.0229        6.66e-05          0.0229         0.00881            0.01          0.0138          0.0186
    156         40          0.0197         0.00125          0.0185          0.0416          0.0434          0.0123          0.0167
    156         50           0.014        5.49e-05           0.014         0.00719         0.00909           0.011          0.0145
    156         60          0.0204        2.29e-05          0.0204         0.00429         0.00587          0.0125          0.0175
    156         70          0.0204        0.000141          0.0203          0.0119          0.0146          0.0129          0.0175
    156         80          0.0161        0.000155          0.0159          0.0138          0.0153           0.011          0.0155
    156         90          0.0186        7.23e-05          0.0186         0.00747          0.0104           0.012          0.0167
    156        100          0.0197        0.000199          0.0195           0.016          0.0173          0.0127          0.0171
    156        110          0.0174        0.000176          0.0173          0.0147          0.0163          0.0119          0.0161


2025-11-20 17:14:13: Validating
# epoch      batch      total_loss     energy_loss     forces_loss      energy_mae     energy_rmse      forces_mae     forces_rmse
    156          0          0.0129         7.5e-05          0.0128         0.00652          0.0106         0.00909          0.0139
    156         10          0.0106         5.8e-06          0.0106         0.00264         0.00296          0.0091          0.0126
    156         20          0.0156        0.000663           0.015          0.0148          0.0316          0.0106           0.015


2025-11-20 17:14:14: Epoch summary:
Validation  # epoch      total_loss     energy_loss     forces_loss      energy_mae     energy_rmse      forces_mae     forces_rmse
                156          0.0134        5.02e-05          0.0134         0.00489         0.00684         0.00989          0.0141
Train       # epoch      total_loss     energy_loss     forces_loss      energy_mae     energy_rmse      forces_mae     forces_rmse
                156          0.0175        0.000266          0.0172          0.0152          0.0178          0.0118           0.016


2025-11-20 17:14:14: Training
# epoch      batch      total_loss     energy_loss     forces_loss      energy_mae     energy_rmse      forces_mae     forces_rmse
    157          0          0.0278        0.000131          0.0277          0.0112           0.014          0.0145          0.0204
    157         10          0.0239         0.00331          0.0206          0.0695          0.0706          0.0123          0.0176
    157         20          0.0268        0.000512          0.0263          0.0254          0.0278           0.015          0.0199
    157         30          0.0191        0.000769          0.0183          0.0336           0.034          0.0123          0.0166
    157         40          0.0188        0.000448          0.0184          0.0242           0.026          0.0124          0.0166
    157         50          0.0169        0.000324          0.0165          0.0206          0.0221          0.0121          0.0158
    157         60          0.0212        5.27e-05          0.0212         0.00604         0.00891           0.013          0.0179
    157         70          0.0186          0.0017          0.0169          0.0504          0.0506          0.0115          0.0159
    157         80          0.0281         0.00014          0.0279          0.0123          0.0145          0.0142          0.0205
    157         90           0.031         0.00104          0.0299          0.0385          0.0397          0.0151          0.0212
    157        100          0.0206        0.000232          0.0204          0.0171          0.0187          0.0135          0.0175
    157        110          0.0425        0.000326          0.0421          0.0195          0.0222          0.0173          0.0252


2025-11-20 17:14:29: Validating
# epoch      batch      total_loss     energy_loss     forces_loss      energy_mae     energy_rmse      forces_mae     forces_rmse
    157          0          0.0127        6.94e-05          0.0126         0.00632          0.0102         0.00906          0.0138
    157         10          0.0105        6.59e-06          0.0104         0.00281         0.00315         0.00905          0.0125
    157         20          0.0152        0.000649          0.0146           0.015          0.0313          0.0104          0.0148


2025-11-20 17:14:31: Epoch summary:
Validation  # epoch      total_loss     energy_loss     forces_loss      energy_mae     energy_rmse      forces_mae     forces_rmse
                157          0.0133        4.99e-05          0.0132         0.00496         0.00688         0.00985           0.014
Train       # epoch      total_loss     energy_loss     forces_loss      energy_mae     energy_rmse      forces_mae     forces_rmse
                157          0.0216        0.000952          0.0206          0.0323          0.0342          0.0128          0.0175


2025-11-20 17:14:31: Training
# epoch      batch      total_loss     energy_loss     forces_loss      energy_mae     energy_rmse      forces_mae     forces_rmse
    158          0          0.0423         0.00213          0.0402          0.0546          0.0566          0.0174          0.0246
    158         10          0.0197        0.000222          0.0195          0.0163          0.0183          0.0126          0.0171
    158         20          0.0221        3.56e-05           0.022         0.00591         0.00733          0.0133          0.0182
    158         30          0.0368         0.00255          0.0342          0.0604          0.0619          0.0157          0.0227
    158         40           0.033         0.00523          0.0278          0.0881          0.0887          0.0151          0.0204
    158         50          0.0378           0.006          0.0318          0.0944           0.095          0.0155          0.0219
    158         60          0.0204         0.00298          0.0174          0.0667           0.067          0.0117          0.0162
    158         70          0.0233        0.000563          0.0227          0.0268          0.0291          0.0137          0.0185
    158         80          0.0261         0.00198          0.0241           0.054          0.0546          0.0144          0.0191
    158         90           0.024          0.0046          0.0194          0.0829          0.0832          0.0126          0.0171
    158        100          0.0259        0.000613          0.0253          0.0285          0.0304          0.0137          0.0195
    158        110          0.0196        0.000779          0.0188          0.0332          0.0342          0.0127          0.0168


2025-11-20 17:14:48: Validating
# epoch      batch      total_loss     energy_loss     forces_loss      energy_mae     energy_rmse      forces_mae     forces_rmse
    158          0          0.0124        6.92e-05          0.0123         0.00632          0.0102         0.00901          0.0136
    158         10          0.0105        6.34e-06          0.0105         0.00268         0.00309         0.00911          0.0126
    158         20          0.0155        0.000672          0.0149          0.0157          0.0318          0.0105           0.015


2025-11-20 17:14:50: Epoch summary:
Validation  # epoch      total_loss     energy_loss     forces_loss      energy_mae     energy_rmse      forces_mae     forces_rmse
                158          0.0135        5.09e-05          0.0134         0.00495         0.00691         0.00988          0.0141
Train       # epoch      total_loss     energy_loss     forces_loss      energy_mae     energy_rmse      forces_mae     forces_rmse
                158          0.0285         0.00212          0.0264          0.0468          0.0488          0.0142          0.0197


2025-11-20 17:14:50: Training
# epoch      batch      total_loss     energy_loss     forces_loss      energy_mae     energy_rmse      forces_mae     forces_rmse
    159          0          0.0179         0.00189           0.016          0.0526          0.0533          0.0114          0.0155
    159         10          0.0182        5.94e-05          0.0181         0.00658         0.00946          0.0124          0.0165
    159         20           0.016        0.000179          0.0159           0.015          0.0164          0.0117          0.0155
    159         30          0.0157        5.62e-05          0.0156         0.00727          0.0092          0.0113          0.0153
    159         40          0.0176        4.31e-05          0.0175         0.00602         0.00806          0.0118          0.0162
    159         50          0.0192         0.00144          0.0178          0.0332          0.0466          0.0117          0.0164
    159         60          0.0168        0.000656          0.0161          0.0306          0.0314          0.0115          0.0156
    159         70          0.0182         0.00158          0.0167          0.0482          0.0487          0.0118          0.0158
    159         80          0.0142        4.49e-05          0.0141         0.00595         0.00822           0.011          0.0146
    159         90           0.013        2.39e-05           0.013         0.00474           0.006          0.0104           0.014
    159        100          0.0146        0.000153          0.0144          0.0143          0.0152           0.011          0.0147
    159        110          0.0151        0.000132           0.015           0.012          0.0141          0.0111           0.015


2025-11-20 17:15:07: Validating
# epoch      batch      total_loss     energy_loss     forces_loss      energy_mae     energy_rmse      forces_mae     forces_rmse
    159          0          0.0123        7.28e-05          0.0123         0.00638          0.0105         0.00903          0.0136
    159         10          0.0104        6.43e-06          0.0104         0.00262         0.00311         0.00905          0.0125
    159         20          0.0153        0.000671          0.0147          0.0157          0.0318          0.0105          0.0149


2025-11-20 17:15:09: Epoch summary:
Validation  # epoch      total_loss     energy_loss     forces_loss      energy_mae     energy_rmse      forces_mae     forces_rmse
                159          0.0134           5e-05          0.0133         0.00483         0.00676         0.00985           0.014
Train       # epoch      total_loss     energy_loss     forces_loss      energy_mae     energy_rmse      forces_mae     forces_rmse
                159          0.0159        0.000666          0.0153          0.0242          0.0261          0.0112          0.0151


2025-11-20 17:15:09: Training
# epoch      batch      total_loss     energy_loss     forces_loss      energy_mae     energy_rmse      forces_mae     forces_rmse
    160          0          0.0111          0.0001           0.011          0.0114          0.0123          0.0097          0.0129
    160         10          0.0123        3.02e-05          0.0123         0.00556         0.00675          0.0102          0.0136
    160         20          0.0158        0.000372          0.0154          0.0225          0.0237          0.0111          0.0152
    160         30          0.0179         0.00118          0.0167          0.0411          0.0422          0.0115          0.0159
    160         40          0.0406         0.00672          0.0339             0.1           0.101          0.0162          0.0226
    160         50          0.0197         0.00148          0.0182          0.0465          0.0472           0.012          0.0166
    160         60          0.0189         0.00103          0.0178          0.0378          0.0394          0.0123          0.0164
    160         70          0.0215        0.000129          0.0214          0.0121          0.0139          0.0134          0.0179
    160         80          0.0137        0.000438          0.0133           0.011          0.0257          0.0106          0.0142
    160         90          0.0145        0.000388          0.0142          0.0236          0.0242           0.011          0.0146
    160        100           0.015        0.000887          0.0141          0.0362          0.0365          0.0108          0.0146
    160        110          0.0225        8.02e-05          0.0224         0.00847           0.011          0.0134          0.0184


2025-11-20 17:15:23: Validating
# epoch      batch      total_loss     energy_loss     forces_loss      energy_mae     energy_rmse      forces_mae     forces_rmse
    160          0          0.0122        7.33e-05          0.0121         0.00629          0.0105         0.00901          0.0135
    160         10          0.0103        6.26e-06          0.0103         0.00276         0.00307         0.00899          0.0125
    160         20          0.0152        0.000661          0.0145          0.0151          0.0316          0.0104          0.0148


2025-11-20 17:15:24: Epoch summary:
Validation  # epoch      total_loss     energy_loss     forces_loss      energy_mae     energy_rmse      forces_mae     forces_rmse
                160          0.0133        4.89e-05          0.0133         0.00469         0.00666         0.00982           0.014
Train       # epoch      total_loss     energy_loss     forces_loss      energy_mae     energy_rmse      forces_mae     forces_rmse
                160          0.0203         0.00115          0.0192          0.0308          0.0328          0.0122          0.0167


2025-11-20 17:15:24: Training
# epoch      batch      total_loss     energy_loss     forces_loss      energy_mae     energy_rmse      forces_mae     forces_rmse
    161          0          0.0206         0.00129          0.0194          0.0433           0.044          0.0129          0.0171
    161         10          0.0253        5.32e-05          0.0253         0.00689         0.00895          0.0153          0.0195
    161         20          0.0153        0.000901          0.0144          0.0363          0.0368          0.0113          0.0147
    161         30          0.0145          0.0017          0.0128          0.0503          0.0506          0.0104          0.0139
    161         40          0.0158        0.000101          0.0157         0.00996          0.0123          0.0116          0.0154
    161         50          0.0127        7.61e-05          0.0126         0.00935          0.0107          0.0104          0.0138
    161         60          0.0155        5.32e-05          0.0155         0.00635         0.00895          0.0112          0.0153
    161         70          0.0156        0.000304          0.0153          0.0186          0.0214          0.0112          0.0152
    161         80          0.0142        0.000125           0.014           0.011          0.0137          0.0108          0.0145
    161         90          0.0315        0.000208          0.0313          0.0149          0.0177           0.015          0.0217
    161        100          0.0363        0.000304           0.036          0.0189          0.0214          0.0164          0.0233
    161        110          0.0382         0.00214          0.0361          0.0557          0.0567          0.0168          0.0233


2025-11-20 17:15:35: Validating
# epoch      batch      total_loss     energy_loss     forces_loss      energy_mae     energy_rmse      forces_mae     forces_rmse
    161          0          0.0119         7.5e-05          0.0118         0.00644          0.0106         0.00897          0.0134
    161         10          0.0105         6.2e-06          0.0105         0.00281         0.00306         0.00903          0.0126
    161         20           0.015        0.000656          0.0144          0.0154          0.0314          0.0104          0.0147


2025-11-20 17:15:36: Epoch summary:
Validation  # epoch      total_loss     energy_loss     forces_loss      energy_mae     energy_rmse      forces_mae     forces_rmse
                161          0.0133        5.02e-05          0.0133         0.00492         0.00685         0.00982           0.014
Train       # epoch      total_loss     energy_loss     forces_loss      energy_mae     energy_rmse      forces_mae     forces_rmse
                161          0.0203        0.000759          0.0195          0.0268          0.0287          0.0124          0.0168


2025-11-20 17:15:36: Training
# epoch      batch      total_loss     energy_loss     forces_loss      energy_mae     energy_rmse      forces_mae     forces_rmse
    162          0          0.0318         0.00818          0.0236            0.11           0.111          0.0137          0.0189
    162         10          0.0269         0.00221          0.0247          0.0573          0.0577          0.0142          0.0193
    162         20          0.0297        0.000633          0.0291          0.0271          0.0309          0.0149          0.0209
    162         30          0.0203        0.000935          0.0193          0.0163          0.0375          0.0126          0.0171
    162         40          0.0158         0.00119          0.0146          0.0421          0.0424          0.0112          0.0148
    162         50          0.0136        0.000227          0.0134          0.0177          0.0185          0.0107          0.0142
    162         60          0.0213        0.000293           0.021          0.0198           0.021          0.0128          0.0178
    162         70          0.0203         0.00376          0.0166          0.0747          0.0752          0.0119          0.0158
    162         80          0.0234        0.000274          0.0231          0.0186          0.0203          0.0137          0.0187
    162         90          0.0224         0.00418          0.0183          0.0783          0.0793          0.0125          0.0166
    162        100          0.0159        0.000345          0.0156          0.0221          0.0228          0.0111          0.0153
    162        110          0.0257        5.65e-05          0.0257         0.00704         0.00923          0.0132          0.0197


2025-11-20 17:15:48: Validating
# epoch      batch      total_loss     energy_loss     forces_loss      energy_mae     energy_rmse      forces_mae     forces_rmse
    162          0          0.0121        7.22e-05          0.0121         0.00615          0.0104           0.009          0.0135
    162         10          0.0105        6.42e-06          0.0105         0.00283         0.00311         0.00903          0.0126
    162         20           0.015        0.000642          0.0144           0.015          0.0311          0.0104          0.0147


2025-11-20 17:15:49: Epoch summary:
Validation  # epoch      total_loss     energy_loss     forces_loss      energy_mae     energy_rmse      forces_mae     forces_rmse
                162          0.0133        4.97e-05          0.0132         0.00484         0.00684         0.00982           0.014
Train       # epoch      total_loss     energy_loss     forces_loss      energy_mae     energy_rmse      forces_mae     forces_rmse
                162          0.0207         0.00142          0.0193          0.0359          0.0377          0.0124          0.0169


2025-11-20 17:15:49: Training
# epoch      batch      total_loss     energy_loss     forces_loss      energy_mae     energy_rmse      forces_mae     forces_rmse
    163          0          0.0212        0.000486          0.0207          0.0255           0.027          0.0127          0.0177
    163         10          0.0179        0.000505          0.0174          0.0259          0.0276          0.0122          0.0162
    163         20          0.0163        4.87e-05          0.0162         0.00714         0.00857          0.0117          0.0156
    163         30          0.0169         0.00045          0.0165          0.0241           0.026          0.0115          0.0157
    163         40           0.019        0.000354          0.0187          0.0218          0.0231           0.012          0.0168
    163         50          0.0138        0.000121          0.0137          0.0109          0.0135          0.0108          0.0144
    163         60          0.0314        0.000678          0.0307          0.0285          0.0319          0.0139          0.0215
    163         70           0.022        0.000758          0.0212          0.0208          0.0338          0.0133          0.0179
    163         80          0.0184         0.00207          0.0164          0.0548          0.0558          0.0121          0.0157
    163         90          0.0143          0.0006          0.0137          0.0117            0.03          0.0109          0.0144
    163        100          0.0147        0.000229          0.0145          0.0171          0.0186          0.0113          0.0148
    163        110           0.015        8.84e-05          0.0149         0.00895          0.0115          0.0108           0.015


2025-11-20 17:16:00: Validating
# epoch      batch      total_loss     energy_loss     forces_loss      energy_mae     energy_rmse      forces_mae     forces_rmse
    163          0          0.0124        7.25e-05          0.0124         0.00604          0.0104         0.00903          0.0137
    163         10          0.0103        5.95e-06          0.0103         0.00259         0.00299         0.00893          0.0125
    163         20          0.0151        0.000669          0.0144           0.015          0.0317          0.0104          0.0147


2025-11-20 17:16:01: Epoch summary:
Validation  # epoch      total_loss     energy_loss     forces_loss      energy_mae     energy_rmse      forces_mae     forces_rmse
                163          0.0133        4.92e-05          0.0132         0.00466         0.00666         0.00981           0.014
Train       # epoch      total_loss     energy_loss     forces_loss      energy_mae     energy_rmse      forces_mae     forces_rmse
                163          0.0181        0.000616          0.0175          0.0242          0.0264          0.0118          0.0161


2025-11-20 17:16:01: Training
# epoch      batch      total_loss     energy_loss     forces_loss      energy_mae     energy_rmse      forces_mae     forces_rmse
    164          0          0.0152        0.000144          0.0151          0.0099          0.0147          0.0114          0.0151
    164         10          0.0216        0.000244          0.0214          0.0172          0.0192          0.0124           0.018
    164         20          0.0332         0.00211          0.0311          0.0536          0.0564          0.0145          0.0216
    164         30          0.0391        0.000809          0.0383          0.0299          0.0349           0.016           0.024
    164         40          0.0363         0.00275          0.0335          0.0631          0.0644          0.0169          0.0225
    164         50          0.0551          0.0126          0.0424           0.136           0.138          0.0177          0.0253
    164         60          0.0668          0.0304          0.0364           0.214           0.214          0.0169          0.0234
    164         70          0.0287         0.00341          0.0253           0.069          0.0717          0.0151          0.0195
    164         80          0.0206        0.000717          0.0199          0.0316          0.0329          0.0133          0.0173
    164         90          0.0229        0.000586          0.0224          0.0285          0.0297          0.0138          0.0183
    164        100          0.0161         0.00236          0.0138          0.0591          0.0596          0.0107          0.0144
    164        110           0.017        7.68e-05          0.0169            0.01          0.0108          0.0123           0.016


2025-11-20 17:16:12: Validating
# epoch      batch      total_loss     energy_loss     forces_loss      energy_mae     energy_rmse      forces_mae     forces_rmse
    164          0          0.0126        8.56e-05          0.0125         0.00659          0.0114         0.00905          0.0137
    164         10          0.0105        5.76e-06          0.0105         0.00259         0.00295         0.00905          0.0126
    164         20          0.0152        0.000666          0.0146          0.0153          0.0317          0.0105          0.0148


2025-11-20 17:16:14: Epoch summary:
Validation  # epoch      total_loss     energy_loss     forces_loss      energy_mae     energy_rmse      forces_mae     forces_rmse
                164          0.0133        5.18e-05          0.0133         0.00499         0.00696         0.00984           0.014
Train       # epoch      total_loss     energy_loss     forces_loss      energy_mae     energy_rmse      forces_mae     forces_rmse
                164          0.0315         0.00342          0.0281          0.0503          0.0524          0.0145            0.02


2025-11-20 17:16:14: Training
# epoch      batch      total_loss     energy_loss     forces_loss      energy_mae     energy_rmse      forces_mae     forces_rmse
    165          0          0.0202        0.000149            0.02          0.0133           0.015          0.0127          0.0174
    165         10          0.0199           0.002          0.0179          0.0545          0.0548          0.0119          0.0164
    165         20          0.0138         0.00168          0.0121          0.0498          0.0504          0.0101          0.0135
    165         30          0.0184         0.00137           0.017          0.0451          0.0454           0.012           0.016
    165         40           0.027         0.00466          0.0223          0.0836          0.0837          0.0135          0.0183
    165         50          0.0256          0.0027          0.0229          0.0635          0.0638          0.0139          0.0186
    165         60          0.0157         0.00162           0.014          0.0488          0.0494           0.011          0.0145
    165         70          0.0175        0.000187          0.0174          0.0142          0.0168          0.0118          0.0162
    165         80          0.0149        8.09e-05          0.0149         0.00847           0.011           0.011           0.015
    165         90          0.0176         0.00107          0.0165           0.039          0.0402          0.0118          0.0158
    165        100          0.0167        0.000297          0.0164          0.0188          0.0212          0.0117          0.0157
    165        110          0.0168        0.000208          0.0166          0.0159          0.0177          0.0117          0.0158


2025-11-20 17:16:24: Validating
# epoch      batch      total_loss     energy_loss     forces_loss      energy_mae     energy_rmse      forces_mae     forces_rmse
    165          0          0.0125        9.33e-05          0.0124         0.00669          0.0119         0.00897          0.0136
    165         10          0.0105        5.63e-06          0.0105         0.00252         0.00291         0.00908          0.0126
    165         20          0.0149        0.000657          0.0142          0.0152          0.0315          0.0103          0.0146


2025-11-20 17:16:25: Epoch summary:
Validation  # epoch      total_loss     energy_loss     forces_loss      energy_mae     energy_rmse      forces_mae     forces_rmse
                165          0.0133        5.06e-05          0.0133         0.00477         0.00676         0.00983           0.014
Train       # epoch      total_loss     energy_loss     forces_loss      energy_mae     energy_rmse      forces_mae     forces_rmse
                165          0.0191        0.000886          0.0182          0.0281          0.0301          0.0121          0.0165


2025-11-20 17:16:25: Training
# epoch      batch      total_loss     energy_loss     forces_loss      energy_mae     energy_rmse      forces_mae     forces_rmse
    166          0          0.0103         0.00018          0.0101          0.0148          0.0165         0.00934          0.0124
    166         10          0.0155        2.47e-05          0.0155         0.00513          0.0061          0.0109          0.0153
    166         20          0.0122        0.000462          0.0118          0.0255          0.0264          0.0101          0.0133
    166         30          0.0153        5.82e-05          0.0153         0.00731         0.00936          0.0113          0.0152
    166         40          0.0147        6.08e-05          0.0146         0.00802         0.00957           0.011          0.0149
    166         50          0.0132        6.25e-05          0.0131         0.00778          0.0097          0.0102           0.014
    166         60          0.0232        0.000726          0.0225          0.0324          0.0331          0.0131          0.0184
    166         70          0.0239        0.000363          0.0235          0.0222          0.0234          0.0136          0.0188
    166         80          0.0717        0.000814          0.0709          0.0276           0.035          0.0219          0.0327
    166         90          0.0527         0.00752          0.0452           0.106           0.106          0.0178          0.0261
    166        100          0.0307        0.000102          0.0306          0.0103          0.0124          0.0163          0.0215
    166        110          0.0264        0.000359           0.026          0.0222          0.0233          0.0151          0.0198


2025-11-20 17:16:36: Validating
# epoch      batch      total_loss     energy_loss     forces_loss      energy_mae     energy_rmse      forces_mae     forces_rmse
    166          0          0.0128        8.66e-05          0.0127           0.007          0.0114         0.00908          0.0138
    166         10          0.0106        6.21e-06          0.0106         0.00273         0.00306         0.00912          0.0126
    166         20           0.015        0.000689          0.0143          0.0159          0.0322          0.0104          0.0147


2025-11-20 17:16:37: Epoch summary:
Validation  # epoch      total_loss     energy_loss     forces_loss      energy_mae     energy_rmse      forces_mae     forces_rmse
                166          0.0133        5.42e-05          0.0133          0.0052         0.00716         0.00982           0.014
Train       # epoch      total_loss     energy_loss     forces_loss      energy_mae     energy_rmse      forces_mae     forces_rmse
                166          0.0243         0.00115          0.0231          0.0284          0.0308           0.013           0.018


2025-11-20 17:16:37: Training
# epoch      batch      total_loss     energy_loss     forces_loss      energy_mae     energy_rmse      forces_mae     forces_rmse
    167          0          0.0321         0.00275          0.0293          0.0619          0.0644          0.0158           0.021
    167         10          0.0185         0.00199          0.0165          0.0542          0.0548          0.0121          0.0158
    167         20          0.0252         0.00482          0.0204          0.0846          0.0852           0.013          0.0175
    167         30          0.0225         0.00152           0.021          0.0461          0.0478          0.0132          0.0178
    167         40          0.0141         0.00112           0.013          0.0387          0.0411          0.0107           0.014
    167         50          0.0241        0.000353          0.0238          0.0214          0.0231          0.0143          0.0189
    167         60          0.0197         0.00141          0.0183          0.0452          0.0461          0.0121          0.0166
    167         70          0.0209         0.00286           0.018          0.0649          0.0656          0.0124          0.0165
    167         80          0.0242        0.000251           0.024          0.0151          0.0194          0.0138           0.019
    167         90          0.0199        0.000455          0.0195          0.0237          0.0262          0.0128          0.0171
    167        100          0.0153        4.73e-05          0.0153         0.00763         0.00844          0.0114          0.0152
    167        110          0.0114        0.000554          0.0109          0.0283          0.0289          0.0097          0.0128


2025-11-20 17:16:48: Validating
# epoch      batch      total_loss     energy_loss     forces_loss      energy_mae     energy_rmse      forces_mae     forces_rmse
    167          0          0.0126        8.32e-05          0.0125         0.00694          0.0112         0.00905          0.0137
    167         10          0.0106        6.87e-06          0.0106         0.00289         0.00322         0.00911          0.0126
    167         20           0.015         0.00068          0.0143          0.0156           0.032          0.0104          0.0147


2025-11-20 17:16:49: Epoch summary:
Validation  # epoch      total_loss     energy_loss     forces_loss      energy_mae     energy_rmse      forces_mae     forces_rmse
                167          0.0133        5.36e-05          0.0133         0.00514         0.00714         0.00981           0.014
Train       # epoch      total_loss     energy_loss     forces_loss      energy_mae     energy_rmse      forces_mae     forces_rmse
                167          0.0209         0.00134          0.0195          0.0379          0.0398          0.0125           0.017


2025-11-20 17:16:49: Training
# epoch      batch      total_loss     energy_loss     forces_loss      energy_mae     energy_rmse      forces_mae     forces_rmse
    168          0          0.0174          0.0015          0.0159          0.0472          0.0475          0.0118          0.0155
    168         10          0.0166         0.00136          0.0152          0.0449          0.0453          0.0112          0.0151
    168         20          0.0125        0.000738          0.0118          0.0246          0.0333          0.0101          0.0133
    168         30          0.0141        3.61e-05           0.014         0.00521         0.00737          0.0106          0.0145
    168         40          0.0164         0.00045          0.0159          0.0246           0.026          0.0112          0.0155
    168         50          0.0206         0.00139          0.0192          0.0433          0.0458          0.0128           0.017
    168         60          0.0112        0.000383          0.0109          0.0237           0.024          0.0098          0.0128
    168         70          0.0184        0.000631          0.0177          0.0297          0.0308          0.0123          0.0163
    168         80          0.0145        0.000454          0.0141          0.0255          0.0261          0.0109          0.0146
    168         90          0.0123        0.000647          0.0117          0.0308          0.0312         0.00962          0.0133
    168        100          0.0118        0.000208          0.0116           0.015          0.0177         0.00986          0.0132
    168        110          0.0124        0.000144          0.0123          0.0142          0.0148            0.01          0.0136


2025-11-20 17:17:00: Validating
# epoch      batch      total_loss     energy_loss     forces_loss      energy_mae     energy_rmse      forces_mae     forces_rmse
    168          0          0.0127        7.96e-05          0.0127         0.00659          0.0109         0.00905          0.0138
    168         10          0.0104        6.98e-06          0.0104         0.00303         0.00324         0.00902          0.0125
    168         20          0.0152        0.000675          0.0146          0.0151          0.0319          0.0104          0.0148


2025-11-20 17:17:01: Epoch summary:
Validation  # epoch      total_loss     energy_loss     forces_loss      energy_mae     energy_rmse      forces_mae     forces_rmse
                168          0.0133        5.14e-05          0.0132         0.00488         0.00689          0.0098           0.014
Train       # epoch      total_loss     energy_loss     forces_loss      energy_mae     energy_rmse      forces_mae     forces_rmse
                168          0.0146        0.000557           0.014          0.0246          0.0264          0.0107          0.0145


2025-11-20 17:17:01: Training
# epoch      batch      total_loss     energy_loss     forces_loss      energy_mae     energy_rmse      forces_mae     forces_rmse
    169          0            0.01        0.000483         0.00954          0.0262           0.027         0.00935           0.012
    169         10          0.0119         0.00143          0.0105           0.046          0.0463         0.00947          0.0126
    169         20          0.0199        2.55e-05          0.0199         0.00526         0.00619          0.0126          0.0173
    169         30          0.0139         0.00171          0.0122          0.0503          0.0507         0.00992          0.0135
    169         40          0.0221         0.00503          0.0171          0.0867           0.087          0.0115           0.016
    169         50          0.0176        0.000545           0.017          0.0282          0.0286          0.0121           0.016
    169         60          0.0195        0.000122          0.0194          0.0118          0.0135          0.0129          0.0171
    169         70          0.0209        0.000735          0.0202          0.0315          0.0333          0.0124          0.0174
    169         80          0.0186        0.000811          0.0178          0.0218           0.035          0.0123          0.0164
    169         90          0.0134        3.37e-05          0.0133         0.00498         0.00713          0.0103          0.0142
    169        100          0.0178        0.000569          0.0173           0.028          0.0293          0.0124          0.0161
    169        110          0.0141        0.000125          0.0139          0.0129          0.0137          0.0109          0.0145


2025-11-20 17:17:12: Validating
# epoch      batch      total_loss     energy_loss     forces_loss      energy_mae     energy_rmse      forces_mae     forces_rmse
    169          0           0.013        8.34e-05          0.0129         0.00653          0.0112         0.00908          0.0139
    169         10          0.0104        7.27e-06          0.0104         0.00309         0.00331         0.00899          0.0125
    169         20          0.0154        0.000673          0.0147          0.0151          0.0318          0.0104          0.0149


2025-11-20 17:17:14: Epoch summary:
Validation  # epoch      total_loss     energy_loss     forces_loss      energy_mae     energy_rmse      forces_mae     forces_rmse
                169          0.0133        5.11e-05          0.0133         0.00483         0.00684          0.0098           0.014
Train       # epoch      total_loss     energy_loss     forces_loss      energy_mae     energy_rmse      forces_mae     forces_rmse
                169          0.0168        0.000937          0.0159          0.0304          0.0322          0.0114          0.0154


2025-11-20 17:17:14: Training
# epoch      batch      total_loss     energy_loss     forces_loss      energy_mae     energy_rmse      forces_mae     forces_rmse
    170          0           0.012        0.000602          0.0114          0.0266          0.0301         0.00996          0.0131
    170         10           0.015        0.000857          0.0142          0.0354          0.0359          0.0111          0.0146
    170         20          0.0116        0.000415          0.0112          0.0241           0.025         0.00969           0.013
    170         30          0.0106         0.00012          0.0105          0.0119          0.0135         0.00942          0.0126
    170         40          0.0184         0.00127          0.0171          0.0427          0.0437          0.0119          0.0161
    170         50          0.0333         0.00049          0.0328          0.0235          0.0272          0.0151          0.0222
    170         60          0.0147        0.000751           0.014          0.0332          0.0336          0.0109          0.0145
    170         70          0.0146        9.75e-05          0.0145         0.00972          0.0121          0.0112          0.0148
    170         80          0.0141        0.000595          0.0135          0.0289          0.0299          0.0108          0.0143
    170         90          0.0102        0.000115          0.0101          0.0124          0.0132         0.00936          0.0123
    170        100           0.022        0.000326          0.0216           0.018          0.0221           0.013           0.018
    170        110          0.0112        0.000259          0.0109           0.019          0.0198         0.00928          0.0128


2025-11-20 17:17:25: Validating
# epoch      batch      total_loss     energy_loss     forces_loss      energy_mae     energy_rmse      forces_mae     forces_rmse
    170          0          0.0131        8.04e-05           0.013         0.00652           0.011         0.00904           0.014
    170         10          0.0104        7.29e-06          0.0104         0.00306         0.00331         0.00898          0.0125
    170         20          0.0156        0.000681          0.0149          0.0148           0.032          0.0105           0.015


2025-11-20 17:17:27: Epoch summary:
Validation  # epoch      total_loss     energy_loss     forces_loss      energy_mae     energy_rmse      forces_mae     forces_rmse
                170          0.0133        5.02e-05          0.0132          0.0047          0.0067         0.00977           0.014
Train       # epoch      total_loss     energy_loss     forces_loss      energy_mae     energy_rmse      forces_mae     forces_rmse
                170          0.0162        0.000469          0.0158          0.0211          0.0231          0.0113          0.0153


2025-11-20 17:17:27: Training
# epoch      batch      total_loss     energy_loss     forces_loss      energy_mae     energy_rmse      forces_mae     forces_rmse
    171          0          0.0152         0.00127          0.0139          0.0399          0.0438          0.0108          0.0145
    171         10          0.0121        0.000357          0.0117          0.0217          0.0232          0.0096          0.0133
    171         20          0.0157        0.000786          0.0149          0.0296          0.0344          0.0115           0.015
    171         30          0.0157        0.000626          0.0151          0.0301          0.0307          0.0111          0.0151
    171         40           0.018        2.23e-05           0.018         0.00452         0.00579          0.0123          0.0165
    171         50          0.0172        0.000112          0.0171          0.0101           0.013          0.0119           0.016
    171         60          0.0248        0.000184          0.0246          0.0144          0.0167          0.0144          0.0192
    171         70          0.0213        0.000846          0.0204           0.017          0.0357          0.0129          0.0175
    171         80          0.0187         0.00122          0.0175           0.042          0.0429          0.0122          0.0162
    171         90           0.027         0.00124          0.0257           0.037          0.0432          0.0139          0.0197
    171        100          0.0376        0.000179          0.0374          0.0105          0.0164          0.0163          0.0237
    171        110          0.0456         0.00124          0.0444          0.0407          0.0432          0.0175          0.0259


2025-11-20 17:17:38: Validating
# epoch      batch      total_loss     energy_loss     forces_loss      energy_mae     energy_rmse      forces_mae     forces_rmse
    171          0           0.013        8.34e-05          0.0129         0.00668          0.0112           0.009          0.0139
    171         10          0.0103        6.57e-06          0.0103         0.00289         0.00315         0.00896          0.0125
    171         20          0.0156        0.000697           0.015          0.0153          0.0324          0.0105           0.015


2025-11-20 17:17:39: Epoch summary:
Validation  # epoch      total_loss     energy_loss     forces_loss      energy_mae     energy_rmse      forces_mae     forces_rmse
                171          0.0133        5.17e-05          0.0133         0.00479         0.00681         0.00978           0.014
Train       # epoch      total_loss     energy_loss     forces_loss      energy_mae     energy_rmse      forces_mae     forces_rmse
                171          0.0228        0.000517          0.0223          0.0219          0.0245           0.013           0.018


2025-11-20 17:17:39: Training
# epoch      batch      total_loss     energy_loss     forces_loss      energy_mae     energy_rmse      forces_mae     forces_rmse
    172          0          0.0437         0.00017          0.0436          0.0146           0.016          0.0175          0.0256
    172         10          0.0255        0.000825          0.0247          0.0345          0.0352          0.0141          0.0193
    172         20          0.0562         0.00157          0.0546          0.0451          0.0486          0.0192          0.0287
    172         30          0.0288         0.00325          0.0256          0.0693            0.07          0.0147          0.0196
    172         40          0.0288          0.0018           0.027           0.051          0.0521          0.0149          0.0201
    172         50          0.0223         0.00013          0.0222          0.0121           0.014          0.0138          0.0183
    172         60          0.0143        2.78e-05          0.0143         0.00518         0.00647           0.011          0.0147
    172         70          0.0238        0.000294          0.0235          0.0172          0.0211          0.0136          0.0188
    172         80          0.0229        0.000785          0.0221          0.0326          0.0344          0.0133          0.0182
    172         90          0.0148        5.72e-05          0.0147         0.00746         0.00928          0.0112          0.0149
    172        100          0.0151        4.52e-05          0.0151         0.00633         0.00825          0.0112          0.0151
    172        110          0.0153        3.09e-05          0.0153         0.00512         0.00683          0.0112          0.0152


2025-11-20 17:17:50: Validating
# epoch      batch      total_loss     energy_loss     forces_loss      energy_mae     energy_rmse      forces_mae     forces_rmse
    172          0          0.0131         8.2e-05           0.013         0.00685          0.0111         0.00905           0.014
    172         10          0.0103        6.63e-06          0.0103         0.00293         0.00316         0.00906          0.0125
    172         20          0.0154        0.000654          0.0148          0.0152          0.0314          0.0105          0.0149


2025-11-20 17:17:51: Epoch summary:
Validation  # epoch      total_loss     energy_loss     forces_loss      energy_mae     energy_rmse      forces_mae     forces_rmse
                172          0.0133        5.01e-05          0.0132         0.00486          0.0068          0.0098           0.014
Train       # epoch      total_loss     energy_loss     forces_loss      energy_mae     energy_rmse      forces_mae     forces_rmse
                172          0.0256        0.000761          0.0249          0.0268          0.0291          0.0138           0.019


2025-11-20 17:17:51: Training
# epoch      batch      total_loss     energy_loss     forces_loss      energy_mae     energy_rmse      forces_mae     forces_rmse
    173          0          0.0143         0.00108          0.0132          0.0395          0.0404          0.0107          0.0141
    173         10          0.0108        0.000211          0.0106          0.0169          0.0178         0.00963          0.0126
    173         20          0.0241        0.000403          0.0237          0.0192          0.0246          0.0133          0.0189
    173         30          0.0143        0.000452          0.0138          0.0243          0.0261          0.0108          0.0144
    173         40          0.0137        2.49e-05          0.0137         0.00516         0.00612          0.0106          0.0144
    173         50          0.0156        0.000116          0.0155          0.0116          0.0132           0.011          0.0153
    173         60           0.019        0.000114          0.0189          0.0104          0.0131          0.0122          0.0168
    173         70          0.0203        3.11e-05          0.0203         0.00602         0.00685          0.0128          0.0175
    173         80          0.0197         5.9e-05          0.0196          0.0083         0.00942          0.0126          0.0172
    173         90          0.0119        6.33e-06          0.0119         0.00275         0.00309          0.0103          0.0134
    173        100          0.0218        0.000104          0.0217          0.0107          0.0125          0.0129          0.0181
    173        110          0.0271        0.000708          0.0264          0.0313          0.0326          0.0145            0.02


2025-11-20 17:18:02: Validating
# epoch      batch      total_loss     energy_loss     forces_loss      energy_mae     energy_rmse      forces_mae     forces_rmse
    173          0           0.013        7.43e-05          0.0129         0.00621          0.0106         0.00903          0.0139
    173         10          0.0104        6.16e-06          0.0103          0.0028         0.00305         0.00908          0.0125
    173         20          0.0157        0.000656          0.0151          0.0153          0.0314          0.0106          0.0151


2025-11-20 17:18:04: Epoch summary:
Validation  # epoch      total_loss     energy_loss     forces_loss      energy_mae     energy_rmse      forces_mae     forces_rmse
                173          0.0132        4.89e-05          0.0132         0.00475         0.00667         0.00977          0.0139
Train       # epoch      total_loss     energy_loss     forces_loss      energy_mae     energy_rmse      forces_mae     forces_rmse
                173          0.0172        0.000288          0.0169          0.0164          0.0185          0.0116          0.0158


2025-11-20 17:18:04: Training
# epoch      batch      total_loss     energy_loss     forces_loss      energy_mae     energy_rmse      forces_mae     forces_rmse
    174          0          0.0181         0.00216          0.0159          0.0562           0.057          0.0114          0.0155
    174         10          0.0266         0.00031          0.0262          0.0177          0.0216          0.0142          0.0199
    174         20           0.033        9.22e-05          0.0329         0.00986          0.0118          0.0158          0.0222
    174         30          0.0324         0.00539           0.027          0.0896            0.09          0.0149          0.0202
    174         40          0.0256         0.00218          0.0234          0.0563          0.0573          0.0135          0.0188
    174         50          0.0289         0.00234          0.0265          0.0587          0.0593          0.0145            0.02
    174         60          0.0286        7.89e-05          0.0285         0.00863          0.0109          0.0149          0.0207
    174         70          0.0249         0.00124          0.0237          0.0417          0.0432          0.0137          0.0189
    174         80          0.0198         0.00158          0.0183          0.0484          0.0488          0.0121          0.0166
    174         90          0.0198         0.00107          0.0188          0.0393            0.04          0.0127          0.0168
    174        100          0.0121        0.000312          0.0118          0.0213          0.0217          0.0101          0.0133
    174        110          0.0171        5.37e-05          0.0171         0.00788         0.00899           0.012           0.016


2025-11-20 17:18:15: Validating
# epoch      batch      total_loss     energy_loss     forces_loss      energy_mae     energy_rmse      forces_mae     forces_rmse
    174          0          0.0129        6.87e-05          0.0128         0.00633          0.0102         0.00902          0.0139
    174         10          0.0103        6.04e-06          0.0103          0.0028         0.00302         0.00902          0.0125
    174         20          0.0157        0.000678          0.0151          0.0155          0.0319          0.0106          0.0151


2025-11-20 17:18:17: Epoch summary:
Validation  # epoch      total_loss     energy_loss     forces_loss      energy_mae     energy_rmse      forces_mae     forces_rmse
                174          0.0132        5.02e-05          0.0132         0.00488          0.0068         0.00975          0.0139
Train       # epoch      total_loss     energy_loss     forces_loss      energy_mae     energy_rmse      forces_mae     forces_rmse
                174          0.0237        0.000877          0.0229          0.0292          0.0312          0.0133          0.0183


2025-11-20 17:18:17: Training
# epoch      batch      total_loss     energy_loss     forces_loss      energy_mae     energy_rmse      forces_mae     forces_rmse
    175          0          0.0182         0.00034          0.0179          0.0219          0.0226          0.0122          0.0164
    175         10          0.0342         0.00311          0.0311          0.0672          0.0684          0.0162          0.0216
    175         20          0.0354         0.00488          0.0305          0.0846          0.0857          0.0152          0.0214
    175         30          0.0296        0.000934          0.0286          0.0322          0.0375          0.0149          0.0208
    175         40          0.0208        0.000985          0.0199          0.0377          0.0385          0.0131          0.0173
    175         50          0.0157         0.00102          0.0147           0.039          0.0392          0.0111          0.0149
    175         60           0.018        0.000716          0.0172           0.032          0.0328          0.0119          0.0161
    175         70          0.0185         0.00015          0.0183          0.0114           0.015          0.0124          0.0166
    175         80          0.0159        0.000201          0.0157          0.0167          0.0174          0.0113          0.0154
    175         90          0.0132        0.000711          0.0125          0.0254          0.0327          0.0107          0.0137
    175        100          0.0191        0.000651          0.0184          0.0189          0.0313          0.0127          0.0167
    175        110          0.0217        0.000226          0.0214          0.0153          0.0184          0.0129           0.018


2025-11-20 17:18:27: Validating
# epoch      batch      total_loss     energy_loss     forces_loss      energy_mae     energy_rmse      forces_mae     forces_rmse
    175          0          0.0129        7.07e-05          0.0128         0.00604          0.0103         0.00909          0.0139
    175         10          0.0105        7.71e-06          0.0105         0.00316         0.00341         0.00901          0.0125
    175         20          0.0151        0.000709          0.0144          0.0155          0.0327          0.0103          0.0147


2025-11-20 17:18:28: Epoch summary:
Validation  # epoch      total_loss     energy_loss     forces_loss      energy_mae     energy_rmse      forces_mae     forces_rmse
                175          0.0132        5.03e-05          0.0131         0.00472         0.00667         0.00975          0.0139
Train       # epoch      total_loss     energy_loss     forces_loss      energy_mae     energy_rmse      forces_mae     forces_rmse
                175          0.0214        0.000913          0.0205          0.0291          0.0312          0.0126          0.0173


2025-11-20 17:18:28: Training
# epoch      batch      total_loss     energy_loss     forces_loss      energy_mae     energy_rmse      forces_mae     forces_rmse
    176          0          0.0175         0.00489          0.0126          0.0855          0.0858          0.0105          0.0138
    176         10          0.0147        9.21e-05          0.0146            0.01          0.0118          0.0112          0.0148
    176         20          0.0105        0.000125          0.0104          0.0122          0.0137          0.0096          0.0125
    176         30          0.0159        0.000614          0.0153           0.029          0.0304          0.0113          0.0152
    176         40          0.0163         0.00268          0.0136          0.0633          0.0635          0.0108          0.0143
    176         50          0.0187        0.000106          0.0186          0.0106          0.0127          0.0124          0.0167
    176         60          0.0139           8e-05          0.0138         0.00836           0.011           0.011          0.0144
    176         70          0.0142        0.000115          0.0141          0.0117          0.0132          0.0109          0.0146
    176         80          0.0124        0.000368          0.0121          0.0221          0.0235         0.00981          0.0135
    176         90          0.0138        6.69e-05          0.0137         0.00869            0.01          0.0106          0.0144
    176        100           0.015         6.6e-05          0.0149         0.00907         0.00997          0.0112           0.015
    176        110          0.0188        0.000275          0.0185          0.0174          0.0203          0.0122          0.0167


2025-11-20 17:18:39: Validating
# epoch      batch      total_loss     energy_loss     forces_loss      energy_mae     energy_rmse      forces_mae     forces_rmse
    176          0          0.0128        7.69e-05          0.0127         0.00605          0.0108         0.00904          0.0138
    176         10          0.0104        6.82e-06          0.0104         0.00289          0.0032         0.00896          0.0125
    176         20          0.0153        0.000672          0.0146          0.0151          0.0318          0.0104          0.0148


2025-11-20 17:18:40: Epoch summary:
Validation  # epoch      total_loss     energy_loss     forces_loss      energy_mae     energy_rmse      forces_mae     forces_rmse
                176          0.0133        4.99e-05          0.0132         0.00473         0.00674         0.00976           0.014
Train       # epoch      total_loss     energy_loss     forces_loss      energy_mae     energy_rmse      forces_mae     forces_rmse
                176          0.0162         0.00067          0.0156          0.0247          0.0264          0.0113          0.0152


2025-11-20 17:18:40: Training
# epoch      batch      total_loss     energy_loss     forces_loss      energy_mae     energy_rmse      forces_mae     forces_rmse
    177          0         0.00993        0.000123         0.00981          0.0117          0.0136         0.00945          0.0122
    177         10          0.0149        0.000717          0.0142          0.0316          0.0328           0.011          0.0146
    177         20          0.0148        0.000127          0.0147          0.0124          0.0139          0.0113          0.0149
    177         30          0.0197         0.00128          0.0185           0.043           0.044          0.0126          0.0167
    177         40          0.0144         0.00123          0.0132           0.043          0.0431          0.0104          0.0141
    177         50          0.0174        6.43e-05          0.0173         0.00795         0.00984          0.0119          0.0162
    177         60          0.0135         0.00343            0.01          0.0717          0.0719         0.00934          0.0123
    177         70          0.0189        0.000206          0.0187          0.0166          0.0176          0.0118          0.0168
    177         80          0.0216         0.00257          0.0191          0.0617          0.0622          0.0121          0.0169
    177         90          0.0233         0.00107          0.0223          0.0374          0.0402          0.0136          0.0183
    177        100          0.0162        0.000292          0.0159           0.019           0.021          0.0117          0.0155
    177        110          0.0159        0.000364          0.0155          0.0221          0.0234          0.0111          0.0153


2025-11-20 17:18:50: Validating
# epoch      batch      total_loss     energy_loss     forces_loss      energy_mae     energy_rmse      forces_mae     forces_rmse
    177          0          0.0131        8.98e-05           0.013         0.00643          0.0116         0.00912           0.014
    177         10          0.0103        6.54e-06          0.0103         0.00286         0.00314         0.00892          0.0124
    177         20           0.015        0.000667          0.0144           0.015          0.0317          0.0103          0.0147


2025-11-20 17:18:51: Epoch summary:
Validation  # epoch      total_loss     energy_loss     forces_loss      energy_mae     energy_rmse      forces_mae     forces_rmse
                177          0.0133         5.1e-05          0.0132         0.00476         0.00683         0.00976           0.014
Train       # epoch      total_loss     energy_loss     forces_loss      energy_mae     energy_rmse      forces_mae     forces_rmse
                177          0.0184         0.00115          0.0172          0.0352           0.037          0.0118           0.016


2025-11-20 17:18:51: Training
# epoch      batch      total_loss     energy_loss     forces_loss      energy_mae     energy_rmse      forces_mae     forces_rmse
    178          0          0.0144        1.18e-05          0.0144         0.00318         0.00421          0.0109          0.0147
    178         10          0.0163        0.000284           0.016          0.0188          0.0207          0.0116          0.0155
    178         20          0.0127        0.000531          0.0121          0.0279          0.0283         0.00996          0.0135
    178         30           0.017        0.000399          0.0166          0.0229          0.0245          0.0121          0.0158
    178         40          0.0328         0.00106          0.0317          0.0391          0.0399          0.0134          0.0219
    178         50          0.0274        0.000227          0.0272           0.014          0.0185          0.0125          0.0202
    178         60          0.0243         0.00149          0.0228          0.0462          0.0474          0.0132          0.0185
    178         70          0.0171        0.000183          0.0169          0.0151          0.0166          0.0118           0.016
    178         80          0.0336         0.00127          0.0323          0.0393          0.0438          0.0152          0.0221
    178         90          0.0268          0.0021          0.0247          0.0547          0.0562          0.0141          0.0193
    178        100          0.0273        0.000588          0.0268          0.0284          0.0298          0.0143          0.0201
    178        110          0.0245        0.000111          0.0244         0.00981          0.0129           0.014          0.0192


2025-11-20 17:19:02: Validating
# epoch      batch      total_loss     energy_loss     forces_loss      energy_mae     energy_rmse      forces_mae     forces_rmse
    178          0          0.0134        8.16e-05          0.0133         0.00642          0.0111         0.00916          0.0141
    178         10          0.0102         5.5e-06          0.0102         0.00265         0.00288         0.00884          0.0124
    178         20          0.0153        0.000643          0.0146          0.0147          0.0311          0.0104          0.0149


2025-11-20 17:19:03: Epoch summary:
Validation  # epoch      total_loss     energy_loss     forces_loss      energy_mae     energy_rmse      forces_mae     forces_rmse
                178          0.0133        5.09e-05          0.0133          0.0049         0.00696         0.00976           0.014
Train       # epoch      total_loss     energy_loss     forces_loss      energy_mae     energy_rmse      forces_mae     forces_rmse
                178          0.0235        0.000667          0.0229           0.026          0.0283          0.0131          0.0182


2025-11-20 17:19:03: Training
# epoch      batch      total_loss     energy_loss     forces_loss      energy_mae     energy_rmse      forces_mae     forces_rmse
    179          0           0.021         3.9e-05          0.0209         0.00616         0.00767          0.0129          0.0177
    179         10          0.0218         0.00036          0.0215          0.0177          0.0233          0.0126           0.018
    179         20           0.042        0.000715          0.0413          0.0294          0.0328          0.0185          0.0249
    179         30          0.0209         0.00195          0.0189          0.0538          0.0542          0.0128          0.0169
    179         40          0.0281        0.000422          0.0277          0.0214          0.0252          0.0147          0.0204
    179         50          0.0272         0.00313          0.0241          0.0678          0.0687          0.0142           0.019
    179         60          0.0174        0.000176          0.0172          0.0132          0.0163          0.0122          0.0161
    179         70          0.0153        2.74e-05          0.0153         0.00505         0.00643          0.0115          0.0152
    179         80          0.0165        0.000241          0.0163          0.0185           0.019          0.0114          0.0157
    179         90          0.0177        0.000225          0.0175          0.0162          0.0184          0.0123          0.0162
    179        100          0.0187        0.000361          0.0184          0.0223          0.0233          0.0124          0.0166
    179        110           0.016         4.3e-05           0.016         0.00654         0.00805          0.0117          0.0155


2025-11-20 17:19:14: Validating
# epoch      batch      total_loss     energy_loss     forces_loss      energy_mae     energy_rmse      forces_mae     forces_rmse
    179          0          0.0139        9.37e-05          0.0138         0.00693          0.0119          0.0092          0.0144
    179         10          0.0104        4.95e-06          0.0104         0.00248         0.00273         0.00895          0.0125
    179         20          0.0156        0.000671           0.015          0.0152          0.0318          0.0105           0.015


2025-11-20 17:19:15: Epoch summary:
Validation  # epoch      total_loss     energy_loss     forces_loss      energy_mae     energy_rmse      forces_mae     forces_rmse
                179          0.0133        5.32e-05          0.0133         0.00493         0.00707         0.00976           0.014
Train       # epoch      total_loss     energy_loss     forces_loss      energy_mae     energy_rmse      forces_mae     forces_rmse
                179          0.0221        0.000804          0.0213          0.0254          0.0278           0.013          0.0177


2025-11-20 17:19:15: Training
# epoch      batch      total_loss     energy_loss     forces_loss      energy_mae     energy_rmse      forces_mae     forces_rmse
    180          0          0.0137        0.000563          0.0132          0.0175          0.0291          0.0104          0.0141
    180         10          0.0203        7.47e-05          0.0202          0.0078          0.0106          0.0133          0.0174
    180         20            0.04         0.00368          0.0363          0.0729          0.0745          0.0166          0.0234
    180         30          0.0442         0.00293          0.0412          0.0633          0.0664          0.0167          0.0249
    180         40          0.0288         0.00246          0.0263          0.0605          0.0609           0.015          0.0199
    180         50          0.0572         0.00341          0.0538           0.071          0.0717          0.0209          0.0285
    180         60          0.0279        0.000881           0.027          0.0359          0.0364          0.0151          0.0202
    180         70          0.0346         0.00253          0.0321          0.0606          0.0617          0.0149           0.022
    180         80          0.0358         0.00447          0.0313          0.0788           0.082          0.0156          0.0217
    180         90          0.0294         0.00208          0.0273          0.0552          0.0559          0.0144          0.0203
    180        100          0.0171         0.00165          0.0154          0.0494          0.0498          0.0114          0.0152
    180        110          0.0161        0.000511          0.0156          0.0261          0.0277          0.0113          0.0153


2025-11-20 17:19:27: Validating
# epoch      batch      total_loss     energy_loss     forces_loss      energy_mae     energy_rmse      forces_mae     forces_rmse
    180          0          0.0145        9.98e-05          0.0144         0.00739          0.0123         0.00929          0.0147
    180         10          0.0102        5.91e-06          0.0102         0.00259         0.00298         0.00887          0.0124
    180         20          0.0156        0.000715          0.0149          0.0164          0.0328          0.0105           0.015


2025-11-20 17:19:28: Epoch summary:
Validation  # epoch      total_loss     energy_loss     forces_loss      energy_mae     energy_rmse      forces_mae     forces_rmse
                180          0.0134        5.77e-05          0.0133          0.0053          0.0074         0.00978           0.014
Train       # epoch      total_loss     energy_loss     forces_loss      energy_mae     energy_rmse      forces_mae     forces_rmse
                180          0.0347         0.00251          0.0322          0.0489           0.051          0.0155          0.0214


2025-11-20 17:19:28: Training
# epoch      batch      total_loss     energy_loss     forces_loss      energy_mae     energy_rmse      forces_mae     forces_rmse
    181          0          0.0192        5.97e-05          0.0191         0.00751         0.00948          0.0124           0.017
    181         10          0.0179        0.000116          0.0178          0.0121          0.0132          0.0122          0.0164
    181         20          0.0172        0.000647          0.0166          0.0293          0.0312          0.0117          0.0158
    181         30          0.0147        0.000119          0.0146         0.00815          0.0134          0.0109          0.0148
    181         40          0.0122        0.000356          0.0119           0.022          0.0232         0.00993          0.0134
    181         50          0.0153        0.000104          0.0152          0.0115          0.0125          0.0104          0.0151
    181         60          0.0238        9.63e-05          0.0237         0.00954           0.012           0.014          0.0189
    181         70          0.0411        0.000141           0.041          0.0122          0.0146          0.0174          0.0248
    181         80          0.0232        0.000862          0.0223          0.0336           0.036          0.0129          0.0183
    181         90          0.0182        0.000409          0.0178           0.018          0.0248           0.012          0.0164
    181        100          0.0174        0.000123          0.0173          0.0132          0.0136          0.0121          0.0161
    181        110          0.0209        6.42e-05          0.0208         0.00775         0.00983           0.013          0.0177


2025-11-20 17:19:39: Validating
# epoch      batch      total_loss     energy_loss     forces_loss      energy_mae     energy_rmse      forces_mae     forces_rmse
    181          0           0.014        8.57e-05          0.0139         0.00675          0.0114         0.00921          0.0144
    181         10            0.01         5.8e-06            0.01         0.00267         0.00296         0.00883          0.0123
    181         20          0.0147        0.000707           0.014          0.0159          0.0326          0.0103          0.0145


2025-11-20 17:19:40: Epoch summary:
Validation  # epoch      total_loss     energy_loss     forces_loss      energy_mae     energy_rmse      forces_mae     forces_rmse
                181          0.0132        5.34e-05          0.0132         0.00495         0.00698         0.00973          0.0139
Train       # epoch      total_loss     energy_loss     forces_loss      energy_mae     energy_rmse      forces_mae     forces_rmse
                181          0.0189        0.000492          0.0184          0.0212          0.0237          0.0119          0.0164


2025-11-20 17:19:40: Training
# epoch      batch      total_loss     energy_loss     forces_loss      energy_mae     energy_rmse      forces_mae     forces_rmse
    182          0          0.0168         0.00216          0.0147          0.0567           0.057          0.0108          0.0149
    182         10            0.05         0.00317          0.0468          0.0682          0.0691          0.0189          0.0265
    182         20          0.0297         0.00305          0.0267          0.0656          0.0677          0.0152            0.02
    182         30          0.0202        0.000775          0.0195          0.0322          0.0342          0.0126          0.0171
    182         40          0.0145        3.92e-05          0.0144         0.00667         0.00768          0.0112          0.0147
    182         50           0.017         0.00131          0.0157          0.0441          0.0444          0.0114          0.0154
    182         60          0.0127        0.000277          0.0124          0.0187          0.0204          0.0102          0.0137
    182         70          0.0137        5.78e-05          0.0136         0.00647         0.00933          0.0107          0.0143
    182         80          0.0184        4.25e-05          0.0183         0.00711           0.008          0.0122          0.0166
    182         90          0.0214        0.000126          0.0213          0.0122          0.0138          0.0121          0.0179
    182        100          0.0117        3.77e-05          0.0116         0.00626         0.00753         0.00989          0.0132
    182        110           0.021         0.00104            0.02          0.0275          0.0396          0.0125          0.0174


2025-11-20 17:19:51: Validating
# epoch      batch      total_loss     energy_loss     forces_loss      energy_mae     energy_rmse      forces_mae     forces_rmse
    182          0           0.014        7.85e-05          0.0139         0.00634          0.0109         0.00924          0.0145
    182         10          0.0102        6.16e-06          0.0102         0.00286         0.00305         0.00887          0.0124
    182         20          0.0152        0.000665          0.0146          0.0153          0.0316          0.0104          0.0148


2025-11-20 17:19:52: Epoch summary:
Validation  # epoch      total_loss     energy_loss     forces_loss      energy_mae     energy_rmse      forces_mae     forces_rmse
                182          0.0133        4.95e-05          0.0133         0.00471         0.00673         0.00976           0.014
Train       # epoch      total_loss     energy_loss     forces_loss      energy_mae     energy_rmse      forces_mae     forces_rmse
                182          0.0208        0.000675          0.0201          0.0229          0.0255          0.0124           0.017


2025-11-20 17:19:52: Training
# epoch      batch      total_loss     energy_loss     forces_loss      energy_mae     energy_rmse      forces_mae     forces_rmse
    183          0          0.0159        0.000271          0.0157          0.0184          0.0202          0.0117          0.0154
    183         10          0.0153        7.54e-05          0.0152          0.0083          0.0107          0.0113          0.0151
    183         20          0.0131        0.000132           0.013         0.00843          0.0141          0.0103           0.014
    183         30           0.015         0.00201           0.013          0.0542           0.055          0.0102           0.014
    183         40          0.0135         0.00049           0.013          0.0244          0.0272          0.0104           0.014
    183         50          0.0184        2.32e-05          0.0184         0.00419         0.00591          0.0124          0.0166
    183         60          0.0141        0.000702          0.0134           0.032          0.0325           0.011          0.0142
    183         70          0.0105        0.000274          0.0102            0.02          0.0203          0.0093          0.0124
    183         80          0.0113        0.000301           0.011            0.02          0.0213          0.0096          0.0129
    183         90          0.0166        0.000948          0.0157          0.0374          0.0378          0.0114          0.0154
    183        100          0.0119        0.000979          0.0109          0.0307          0.0384         0.00955          0.0128
    183        110          0.0167        0.000189          0.0165          0.0154          0.0169          0.0118          0.0158


2025-11-20 17:20:03: Validating
# epoch      batch      total_loss     energy_loss     forces_loss      energy_mae     energy_rmse      forces_mae     forces_rmse
    183          0          0.0137        8.17e-05          0.0136          0.0062          0.0111         0.00913          0.0143
    183         10          0.0101         6.4e-06          0.0101         0.00287          0.0031         0.00885          0.0123
    183         20          0.0149        0.000666          0.0142           0.015          0.0317          0.0102          0.0146


2025-11-20 17:20:04: Epoch summary:
Validation  # epoch      total_loss     energy_loss     forces_loss      energy_mae     energy_rmse      forces_mae     forces_rmse
                183          0.0133        4.88e-05          0.0132         0.00451         0.00658         0.00973          0.0139
Train       # epoch      total_loss     energy_loss     forces_loss      energy_mae     energy_rmse      forces_mae     forces_rmse
                183          0.0152        0.000569          0.0146          0.0233          0.0253          0.0109          0.0147


2025-11-20 17:20:04: Training
# epoch      batch      total_loss     energy_loss     forces_loss      energy_mae     energy_rmse      forces_mae     forces_rmse
    184          0          0.0123        9.94e-05          0.0122         0.00981          0.0122          0.0103          0.0136
    184         10          0.0112        3.75e-05          0.0111         0.00626         0.00752         0.00971           0.013
    184         20          0.0138        0.000389          0.0134          0.0219          0.0242          0.0106          0.0142
    184         30          0.0149        0.000313          0.0146          0.0206          0.0217          0.0112          0.0148
    184         40          0.0111         5.5e-05           0.011         0.00761          0.0091         0.00976          0.0129
    184         50          0.0123        0.000266           0.012          0.0189            0.02         0.00983          0.0135
    184         60          0.0125        6.44e-05          0.0124          0.0083         0.00984          0.0103          0.0137
    184         70          0.0135        5.84e-05          0.0135         0.00775         0.00938          0.0105          0.0142
    184         80          0.0167        3.83e-05          0.0166         0.00584         0.00759          0.0114          0.0158
    184         90          0.0148        5.76e-05          0.0148         0.00853         0.00931          0.0109          0.0149
    184        100          0.0135        0.000319          0.0132          0.0205          0.0219          0.0107          0.0141
    184        110          0.0152        0.000372          0.0149          0.0222          0.0237          0.0113           0.015


2025-11-20 17:20:14: Validating
# epoch      batch      total_loss     energy_loss     forces_loss      energy_mae     energy_rmse      forces_mae     forces_rmse
    184          0          0.0136        7.94e-05          0.0135         0.00579          0.0109         0.00911          0.0143
    184         10          0.0101        6.87e-06          0.0101         0.00294         0.00322         0.00885          0.0123
    184         20          0.0145        0.000669          0.0139          0.0149          0.0317          0.0101          0.0145


2025-11-20 17:20:16: Epoch summary:
Validation  # epoch      total_loss     energy_loss     forces_loss      energy_mae     energy_rmse      forces_mae     forces_rmse
                184          0.0132        4.89e-05          0.0131         0.00449         0.00658          0.0097          0.0139
Train       # epoch      total_loss     energy_loss     forces_loss      energy_mae     energy_rmse      forces_mae     forces_rmse
                184           0.014          0.0002          0.0138          0.0134          0.0156          0.0106          0.0143


2025-11-20 17:20:16: Training
# epoch      batch      total_loss     energy_loss     forces_loss      energy_mae     energy_rmse      forces_mae     forces_rmse
    185          0          0.0115        0.000553          0.0109          0.0282          0.0289         0.00974          0.0128
    185         10          0.0158        0.000138          0.0157          0.0116          0.0144          0.0111          0.0154
    185         20          0.0173         0.00186          0.0155          0.0515          0.0529          0.0117          0.0153
    185         30          0.0156        9.24e-05          0.0155          0.0103          0.0118          0.0112          0.0153
    185         40           0.012        0.000177          0.0118          0.0117          0.0163          0.0101          0.0133
    185         50          0.0243        0.000388          0.0239           0.022          0.0242          0.0134           0.019
    185         60          0.0119        0.000378          0.0115          0.0183          0.0239          0.0102          0.0131
    185         70          0.0223         0.00141          0.0209          0.0447          0.0461          0.0131          0.0177
    185         80          0.0158        0.000279          0.0155          0.0188          0.0205          0.0116          0.0153
    185         90          0.0123        2.28e-05          0.0123         0.00447         0.00585          0.0105          0.0136
    185        100          0.0126         9.7e-05          0.0125          0.0113          0.0121         0.00997          0.0137
    185        110          0.0186        0.000142          0.0184          0.0137          0.0146          0.0115          0.0167


2025-11-20 17:20:27: Validating
# epoch      batch      total_loss     energy_loss     forces_loss      energy_mae     energy_rmse      forces_mae     forces_rmse
    185          0          0.0136        8.54e-05          0.0136         0.00617          0.0113         0.00918          0.0143
    185         10          0.0103        6.36e-06          0.0103         0.00286         0.00309         0.00889          0.0124
    185         20          0.0148        0.000662          0.0141          0.0145          0.0316          0.0102          0.0146


2025-11-20 17:20:28: Epoch summary:
Validation  # epoch      total_loss     energy_loss     forces_loss      energy_mae     energy_rmse      forces_mae     forces_rmse
                185          0.0132        4.97e-05          0.0131         0.00458         0.00671         0.00969          0.0139
Train       # epoch      total_loss     energy_loss     forces_loss      energy_mae     energy_rmse      forces_mae     forces_rmse
                185          0.0175        0.000747          0.0168           0.026          0.0283          0.0116          0.0157


2025-11-20 17:20:28: Training
# epoch      batch      total_loss     energy_loss     forces_loss      energy_mae     energy_rmse      forces_mae     forces_rmse
    186          0          0.0228        0.000137          0.0226          0.0108          0.0143          0.0129          0.0185
    186         10          0.0217        0.000931          0.0208          0.0352          0.0374          0.0132          0.0177
    186         20          0.0155         0.00201          0.0135          0.0547           0.055          0.0108          0.0143
    186         30          0.0155        0.000331          0.0152            0.02          0.0223          0.0113          0.0151
    186         40          0.0605         0.00272          0.0578           0.051          0.0641          0.0195          0.0295
    186         50          0.0191         8.7e-05           0.019         0.00789          0.0114          0.0122          0.0169
    186         60          0.0306          0.0022          0.0284           0.056          0.0575          0.0144          0.0207
    186         70           0.017        5.32e-05          0.0169          0.0074         0.00895          0.0122           0.016
    186         80          0.0167        0.000153          0.0166          0.0146          0.0152          0.0119          0.0158
    186         90          0.0183        0.000777          0.0175          0.0335          0.0342          0.0119          0.0162
    186        100          0.0137        0.000247          0.0135          0.0177          0.0193          0.0106          0.0142
    186        110          0.0178        9.75e-05          0.0177          0.0111          0.0121          0.0118          0.0163


2025-11-20 17:20:39: Validating
# epoch      batch      total_loss     energy_loss     forces_loss      energy_mae     energy_rmse      forces_mae     forces_rmse
    186          0          0.0135        8.57e-05          0.0134         0.00628          0.0114         0.00908          0.0142
    186         10          0.0104        6.29e-06          0.0104         0.00285         0.00308         0.00898          0.0125
    186         20          0.0149        0.000667          0.0142          0.0144          0.0317          0.0102          0.0146


2025-11-20 17:20:40: Epoch summary:
Validation  # epoch      total_loss     energy_loss     forces_loss      energy_mae     energy_rmse      forces_mae     forces_rmse
                186          0.0133        5.08e-05          0.0132         0.00471         0.00683         0.00971          0.0139
Train       # epoch      total_loss     energy_loss     forces_loss      energy_mae     energy_rmse      forces_mae     forces_rmse
                186          0.0193        0.000863          0.0184          0.0296          0.0314          0.0121          0.0165


2025-11-20 17:20:40: Training
# epoch      batch      total_loss     energy_loss     forces_loss      energy_mae     energy_rmse      forces_mae     forces_rmse
    187          0          0.0133        0.000363           0.013          0.0176          0.0234          0.0106           0.014
    187         10          0.0143        7.89e-05          0.0142          0.0099          0.0109          0.0108          0.0146
    187         20          0.0169         3.8e-05          0.0168         0.00636         0.00756          0.0121          0.0159
    187         30           0.018        0.000199          0.0178          0.0157          0.0173          0.0112          0.0164
    187         40          0.0154         8.1e-05          0.0153         0.00795           0.011          0.0112          0.0152
    187         50          0.0149        0.000841           0.014          0.0352          0.0356          0.0107          0.0145
    187         60          0.0138        0.000146          0.0136          0.0136          0.0148          0.0107          0.0143
    187         70          0.0207        4.75e-05          0.0206         0.00715         0.00846          0.0131          0.0176
    187         80          0.0197        0.000978          0.0187          0.0372          0.0384          0.0125          0.0168
    187         90           0.017        2.82e-05          0.0169         0.00453         0.00652           0.012           0.016
    187        100          0.0215        0.000871          0.0206          0.0206          0.0362          0.0135          0.0176
    187        110          0.0215         0.00136          0.0202          0.0446          0.0452          0.0129          0.0174


2025-11-20 17:20:51: Validating
# epoch      batch      total_loss     energy_loss     forces_loss      energy_mae     energy_rmse      forces_mae     forces_rmse
    187          0           0.014        8.37e-05          0.0139         0.00625          0.0112         0.00911          0.0145
    187         10          0.0103        5.14e-06          0.0103         0.00253         0.00278         0.00895          0.0125
    187         20          0.0153        0.000684          0.0147           0.015          0.0321          0.0103          0.0149


2025-11-20 17:20:53: Epoch summary:
Validation  # epoch      total_loss     energy_loss     forces_loss      energy_mae     energy_rmse      forces_mae     forces_rmse
                187          0.0133        5.07e-05          0.0132         0.00466         0.00675         0.00969          0.0139
Train       # epoch      total_loss     energy_loss     forces_loss      energy_mae     energy_rmse      forces_mae     forces_rmse
                187          0.0177        0.000405          0.0173          0.0195          0.0219          0.0118           0.016


2025-11-20 17:20:53: Training
# epoch      batch      total_loss     energy_loss     forces_loss      energy_mae     energy_rmse      forces_mae     forces_rmse
    188          0          0.0272        0.000102          0.0271         0.00965          0.0124           0.015          0.0202
    188         10          0.0182        0.000859          0.0174          0.0305           0.036          0.0122          0.0162
    188         20          0.0268         0.00055          0.0263          0.0255          0.0288          0.0147          0.0199
    188         30          0.0302        0.000192          0.0301          0.0137           0.017          0.0153          0.0213
    188         40          0.0183         0.00197          0.0163          0.0528          0.0545          0.0119          0.0157
    188         50           0.032          0.0052          0.0268           0.088          0.0885          0.0149          0.0201
    188         60           0.048         0.00234          0.0456          0.0587          0.0594          0.0176          0.0262
    188         70          0.0501         0.00486          0.0452          0.0847          0.0856          0.0184          0.0261
    188         80          0.0346         0.00189          0.0327          0.0516          0.0534          0.0164          0.0222
    188         90          0.0328         0.00172          0.0311          0.0496          0.0509          0.0167          0.0216
    188        100           0.018        8.58e-05          0.0179         0.00942          0.0114          0.0127          0.0164
    188        110          0.0179        9.38e-05          0.0178         0.00886          0.0119          0.0121          0.0164


2025-11-20 17:21:04: Validating
# epoch      batch      total_loss     energy_loss     forces_loss      energy_mae     energy_rmse      forces_mae     forces_rmse
    188          0          0.0136        9.46e-05          0.0135          0.0073          0.0119         0.00904          0.0143
    188         10          0.0106        4.73e-06          0.0106         0.00231         0.00267         0.00903          0.0126
    188         20          0.0153        0.000734          0.0146          0.0157          0.0332          0.0103          0.0148


2025-11-20 17:21:05: Epoch summary:
Validation  # epoch      total_loss     energy_loss     forces_loss      energy_mae     energy_rmse      forces_mae     forces_rmse
                188          0.0133        5.56e-05          0.0133         0.00491         0.00707         0.00973           0.014
Train       # epoch      total_loss     energy_loss     forces_loss      energy_mae     energy_rmse      forces_mae     forces_rmse
                188          0.0299         0.00111          0.0288           0.033          0.0353          0.0146          0.0204


2025-11-20 17:21:05: Training
# epoch      batch      total_loss     energy_loss     forces_loss      energy_mae     energy_rmse      forces_mae     forces_rmse
    189          0           0.018        0.000428          0.0176          0.0242          0.0254           0.012          0.0163
    189         10          0.0227        0.000712          0.0219          0.0306          0.0327          0.0133          0.0182
    189         20          0.0181        0.000121           0.018          0.0101          0.0135          0.0123          0.0165
    189         30          0.0157        3.07e-05          0.0157         0.00552         0.00679          0.0114          0.0154
    189         40           0.017          0.0014          0.0156           0.045          0.0459          0.0115          0.0153
    189         50          0.0116        0.000332          0.0113          0.0215          0.0224         0.00972           0.013
    189         60          0.0207        4.01e-05          0.0207          0.0063         0.00776          0.0128          0.0176
    189         70          0.0353         0.00244          0.0329          0.0598          0.0607          0.0163          0.0222
    189         80          0.0235         0.00437          0.0191          0.0805          0.0811          0.0122           0.017
    189         90          0.0219        0.000168          0.0218          0.0103          0.0159          0.0137          0.0181
    189        100          0.0242         0.00169          0.0225            0.05          0.0505          0.0124          0.0184
    189        110          0.0224         0.00276          0.0196          0.0639          0.0645          0.0131          0.0172


2025-11-20 17:21:17: Validating
# epoch      batch      total_loss     energy_loss     forces_loss      energy_mae     energy_rmse      forces_mae     forces_rmse
    189          0          0.0128        8.91e-05          0.0127         0.00718          0.0116         0.00897          0.0138
    189         10          0.0105        5.65e-06          0.0105         0.00262         0.00292         0.00904          0.0126
    189         20          0.0154         0.00073          0.0147          0.0164          0.0331          0.0103          0.0149


2025-11-20 17:21:18: Epoch summary:
Validation  # epoch      total_loss     energy_loss     forces_loss      energy_mae     energy_rmse      forces_mae     forces_rmse
                189          0.0132        5.56e-05          0.0131         0.00508         0.00712         0.00972          0.0139
Train       # epoch      total_loss     energy_loss     forces_loss      energy_mae     energy_rmse      forces_mae     forces_rmse
                189          0.0213        0.000885          0.0204          0.0284          0.0309          0.0127          0.0173


2025-11-20 17:21:18: Training
# epoch      batch      total_loss     energy_loss     forces_loss      energy_mae     energy_rmse      forces_mae     forces_rmse
    190          0          0.0242        0.000764          0.0234          0.0323          0.0339          0.0143          0.0188
    190         10          0.0162        7.04e-05          0.0161         0.00864          0.0103          0.0116          0.0156
    190         20          0.0318        4.71e-05          0.0317         0.00672         0.00842          0.0144          0.0218
    190         30          0.0184        0.000355           0.018          0.0215          0.0231          0.0122          0.0165
    190         40          0.0196        0.000257          0.0194           0.018          0.0197          0.0124          0.0171
    190         50          0.0219        8.94e-05          0.0219          0.0103          0.0116          0.0132          0.0181
    190         60          0.0142        0.000781          0.0134          0.0336          0.0343          0.0108          0.0142
    190         70          0.0126        0.000482          0.0121          0.0259          0.0269          0.0099          0.0135
    190         80          0.0166        8.64e-05          0.0165         0.00986          0.0114          0.0118          0.0158
    190         90          0.0149        5.14e-05          0.0148           0.007          0.0088          0.0112           0.015
    190        100          0.0129        0.000195          0.0127          0.0165          0.0171         0.00976          0.0138
    190        110          0.0118        6.44e-05          0.0118          0.0083         0.00985         0.00991          0.0133


2025-11-20 17:21:29: Validating
# epoch      batch      total_loss     energy_loss     forces_loss      energy_mae     energy_rmse      forces_mae     forces_rmse
    190          0          0.0127        8.12e-05          0.0126         0.00672          0.0111         0.00896          0.0138
    190         10          0.0105        5.51e-06          0.0105         0.00261         0.00288         0.00903          0.0126
    190         20          0.0153        0.000714          0.0146          0.0161          0.0328          0.0104          0.0148


2025-11-20 17:21:31: Epoch summary:
Validation  # epoch      total_loss     energy_loss     forces_loss      energy_mae     energy_rmse      forces_mae     forces_rmse
                190          0.0132        5.35e-05          0.0131         0.00499         0.00699         0.00971          0.0139
Train       # epoch      total_loss     energy_loss     forces_loss      energy_mae     energy_rmse      forces_mae     forces_rmse
                190          0.0176        0.000483          0.0171          0.0218          0.0239          0.0117          0.0159


2025-11-20 17:21:31: Training
# epoch      batch      total_loss     energy_loss     forces_loss      energy_mae     energy_rmse      forces_mae     forces_rmse
    191          0          0.0164        0.000144          0.0163          0.0101          0.0147          0.0116          0.0157
    191         10           0.012        0.000207          0.0118          0.0157          0.0176         0.00995          0.0133
    191         20          0.0121        7.51e-05           0.012         0.00997          0.0106          0.0104          0.0134
    191         30          0.0126        0.000543           0.012          0.0273          0.0286         0.00992          0.0135
    191         40          0.0194        0.000566          0.0188          0.0273          0.0292           0.012          0.0168
    191         50          0.0178        7.91e-05          0.0177         0.00896          0.0109          0.0122          0.0163
    191         60          0.0127        0.000336          0.0123          0.0216          0.0225          0.0105          0.0136
    191         70          0.0192         0.00027          0.0189          0.0178          0.0202          0.0123          0.0169
    191         80          0.0257        0.000999          0.0247           0.037          0.0388           0.014          0.0193
    191         90          0.0383         0.00262          0.0356          0.0612          0.0628          0.0165          0.0232
    191        100          0.0259        0.000172          0.0257          0.0113          0.0161           0.014          0.0197
    191        110          0.0282         0.00476          0.0235          0.0842          0.0847          0.0143          0.0188


2025-11-20 17:21:42: Validating
# epoch      batch      total_loss     energy_loss     forces_loss      energy_mae     energy_rmse      forces_mae     forces_rmse
    191          0          0.0129        7.88e-05          0.0128         0.00618          0.0109         0.00901          0.0139
    191         10          0.0103        6.54e-06          0.0103         0.00286         0.00314         0.00894          0.0124
    191         20          0.0149        0.000732          0.0142          0.0157          0.0332          0.0102          0.0146


2025-11-20 17:21:44: Epoch summary:
Validation  # epoch      total_loss     energy_loss     forces_loss      energy_mae     energy_rmse      forces_mae     forces_rmse
                191          0.0132        5.32e-05          0.0131         0.00481         0.00686         0.00968          0.0139
Train       # epoch      total_loss     energy_loss     forces_loss      energy_mae     energy_rmse      forces_mae     forces_rmse
                191          0.0201        0.000598          0.0195          0.0231          0.0256          0.0122          0.0168


2025-11-20 17:21:44: Training
# epoch      batch      total_loss     energy_loss     forces_loss      energy_mae     energy_rmse      forces_mae     forces_rmse
    192          0          0.0282         0.00128          0.0269          0.0427          0.0439          0.0144          0.0201
    192         10          0.0509        0.000133          0.0508          0.0101          0.0141          0.0175          0.0277
    192         20          0.0362         0.00196          0.0342           0.052          0.0544          0.0162          0.0227
    192         30           0.021         0.00034          0.0207          0.0162          0.0226          0.0137          0.0176
    192         40          0.0237        0.000164          0.0235          0.0124          0.0157          0.0136          0.0188
    192         50          0.0166         0.00104          0.0155          0.0387          0.0396          0.0114          0.0153
    192         60          0.0137        0.000204          0.0135           0.016          0.0175          0.0104          0.0143
    192         70          0.0183        0.000205          0.0181          0.0157          0.0176           0.012          0.0165
    192         80          0.0109        0.000112          0.0108         0.00842           0.013         0.00944          0.0127
    192         90          0.0202        0.000141          0.0201          0.0118          0.0146          0.0124          0.0174
    192        100          0.0165        0.000147          0.0164          0.0136          0.0149          0.0118          0.0157
    192        110          0.0224         0.00194          0.0204          0.0539          0.0541          0.0131          0.0175


2025-11-20 17:21:55: Validating
# epoch      batch      total_loss     energy_loss     forces_loss      energy_mae     energy_rmse      forces_mae     forces_rmse
    192          0          0.0134        9.46e-05          0.0133         0.00665          0.0119         0.00914          0.0142
    192         10          0.0103        6.03e-06          0.0103         0.00274         0.00301         0.00896          0.0124
    192         20          0.0148        0.000723           0.014           0.016           0.033          0.0102          0.0145


2025-11-20 17:21:56: Epoch summary:
Validation  # epoch      total_loss     energy_loss     forces_loss      energy_mae     energy_rmse      forces_mae     forces_rmse
                192          0.0132        5.49e-05          0.0132         0.00491         0.00703         0.00971          0.0139
Train       # epoch      total_loss     energy_loss     forces_loss      energy_mae     energy_rmse      forces_mae     forces_rmse
                192          0.0224        0.000822          0.0216          0.0282          0.0305          0.0129          0.0177


2025-11-20 17:21:56: Training
# epoch      batch      total_loss     energy_loss     forces_loss      energy_mae     energy_rmse      forces_mae     forces_rmse
    193          0          0.0288         0.00133          0.0274          0.0426          0.0448          0.0149          0.0203
    193         10          0.0153         0.00033           0.015          0.0215          0.0223          0.0114           0.015
    193         20          0.0141         0.00028          0.0138          0.0195          0.0205          0.0107          0.0144
    193         30          0.0183        0.000219          0.0181          0.0176          0.0181          0.0123          0.0165
    193         40          0.0155        0.000943          0.0146          0.0365          0.0377          0.0112          0.0148
    193         50           0.012        0.000535          0.0115          0.0278          0.0284          0.0101          0.0131
    193         60          0.0106         9.4e-05          0.0105          0.0111          0.0119         0.00937          0.0126
    193         70          0.0166        0.000474          0.0161          0.0253          0.0267          0.0118          0.0156
    193         80          0.0133        3.18e-05          0.0133           0.006         0.00692          0.0104          0.0141
    193         90          0.0162        0.000134           0.016          0.0109          0.0142          0.0116          0.0155
    193        100          0.0172        0.000425          0.0168          0.0238          0.0253          0.0118          0.0159
    193        110          0.0136        0.000227          0.0134           0.017          0.0185          0.0101          0.0142


2025-11-20 17:22:08: Validating
# epoch      batch      total_loss     energy_loss     forces_loss      energy_mae     energy_rmse      forces_mae     forces_rmse
    193          0          0.0136        8.97e-05          0.0135         0.00655          0.0116         0.00917          0.0142
    193         10          0.0102        5.78e-06          0.0102         0.00277         0.00295         0.00889          0.0124
    193         20          0.0149         0.00073          0.0142          0.0158          0.0332          0.0102          0.0146


2025-11-20 17:22:09: Epoch summary:
Validation  # epoch      total_loss     energy_loss     forces_loss      energy_mae     energy_rmse      forces_mae     forces_rmse
                193          0.0132        5.27e-05          0.0131         0.00469         0.00678          0.0097          0.0139
Train       # epoch      total_loss     energy_loss     forces_loss      energy_mae     energy_rmse      forces_mae     forces_rmse
                193          0.0155        0.000413          0.0151          0.0201          0.0222          0.0111           0.015


2025-11-20 17:22:09: Training
# epoch      batch      total_loss     energy_loss     forces_loss      energy_mae     energy_rmse      forces_mae     forces_rmse
    194          0          0.0108        3.91e-05          0.0108         0.00664         0.00767         0.00968          0.0127
    194         10           0.011        9.26e-05          0.0109          0.0106          0.0118          0.0094          0.0128
    194         20          0.0111        0.000799          0.0103          0.0342          0.0347          0.0096          0.0125
    194         30         0.00932         3.5e-05         0.00929         0.00601         0.00726         0.00903          0.0118
    194         40          0.0121        0.000332          0.0118          0.0214          0.0224         0.00989          0.0133
    194         50          0.0121        0.000301          0.0118          0.0123          0.0213          0.0103          0.0133
    194         60          0.0232        0.000492          0.0227          0.0242          0.0272           0.013          0.0185
    194         70          0.0251         0.00191          0.0231          0.0533          0.0536          0.0139          0.0187
    194         80          0.0143        0.000355          0.0139          0.0214          0.0231          0.0107          0.0145
    194         90          0.0151        0.000421          0.0147          0.0242          0.0252          0.0113          0.0149
    194        100          0.0105        0.000106          0.0104          0.0107          0.0126         0.00974          0.0125
    194        110          0.0146        0.000153          0.0145          0.0141          0.0152          0.0109          0.0148


2025-11-20 17:22:21: Validating
# epoch      batch      total_loss     energy_loss     forces_loss      energy_mae     energy_rmse      forces_mae     forces_rmse
    194          0          0.0129        8.38e-05          0.0128          0.0063          0.0112         0.00905          0.0139
    194         10          0.0101        4.85e-06          0.0101         0.00252          0.0027         0.00888          0.0123
    194         20          0.0152        0.000713          0.0144          0.0153          0.0328          0.0103          0.0147


2025-11-20 17:22:22: Epoch summary:
Validation  # epoch      total_loss     energy_loss     forces_loss      energy_mae     energy_rmse      forces_mae     forces_rmse
                194          0.0131         5.1e-05           0.013         0.00457         0.00664         0.00965          0.0138
Train       # epoch      total_loss     energy_loss     forces_loss      energy_mae     energy_rmse      forces_mae     forces_rmse
                194          0.0142        0.000532          0.0137          0.0232           0.025          0.0106          0.0142


2025-11-20 17:22:22: Training
# epoch      batch      total_loss     energy_loss     forces_loss      energy_mae     energy_rmse      forces_mae     forces_rmse
    195          0          0.0103         0.00021            0.01          0.0169          0.0178         0.00932          0.0123
    195         10          0.0106        0.000113          0.0105          0.0118           0.013         0.00933          0.0126
    195         20          0.0142         0.00013          0.0141         0.00954           0.014          0.0105          0.0146
    195         30          0.0117        0.000223          0.0115          0.0161          0.0183         0.00986          0.0132
    195         40          0.0157        0.000239          0.0155          0.0117           0.019          0.0111          0.0153
    195         50          0.0162        0.000883          0.0153          0.0331          0.0365          0.0108          0.0152
    195         60          0.0156        3.36e-05          0.0155         0.00592         0.00711          0.0109          0.0153
    195         70          0.0231         0.00377          0.0193          0.0751          0.0753          0.0125          0.0171
    195         80          0.0159        0.000272          0.0156          0.0183          0.0202          0.0108          0.0153
    195         90          0.0131        3.76e-05          0.0131         0.00496         0.00753          0.0107           0.014
    195        100          0.0249         0.00118          0.0237          0.0399          0.0421          0.0136          0.0189
    195        110           0.023        0.000152          0.0229          0.0108          0.0151          0.0132          0.0186


2025-11-20 17:22:33: Validating
# epoch      batch      total_loss     energy_loss     forces_loss      energy_mae     energy_rmse      forces_mae     forces_rmse
    195          0          0.0125        8.16e-05          0.0124         0.00608          0.0111           0.009          0.0137
    195         10          0.0101         5.4e-06          0.0101         0.00253         0.00285         0.00887          0.0123
    195         20          0.0155        0.000698          0.0148          0.0156          0.0324          0.0103          0.0149


2025-11-20 17:22:35: Epoch summary:
Validation  # epoch      total_loss     energy_loss     forces_loss      energy_mae     energy_rmse      forces_mae     forces_rmse
                195          0.0131        4.94e-05          0.0131         0.00451         0.00652         0.00965          0.0139
Train       # epoch      total_loss     energy_loss     forces_loss      energy_mae     energy_rmse      forces_mae     forces_rmse
                195          0.0176        0.000708          0.0169          0.0249          0.0271          0.0116          0.0157


2025-11-20 17:22:35: Training
# epoch      batch      total_loss     energy_loss     forces_loss      energy_mae     energy_rmse      forces_mae     forces_rmse
    196          0          0.0186        0.000493          0.0181          0.0263          0.0272          0.0124          0.0165
    196         10          0.0387        0.000167          0.0385           0.011          0.0158           0.017          0.0241
    196         20          0.0198        0.000319          0.0195          0.0201          0.0219          0.0132          0.0171
    196         30          0.0232        0.000246          0.0229          0.0141          0.0193          0.0134          0.0186
    196         40          0.0206        0.000594            0.02          0.0288          0.0299          0.0133          0.0174
    196         50            0.02        9.23e-05          0.0199         0.00941          0.0118          0.0121          0.0173
    196         60          0.0206        3.69e-05          0.0206         0.00591         0.00746           0.013          0.0176
    196         70          0.0188        0.000531          0.0183          0.0258          0.0283          0.0126          0.0166
    196         80          0.0156        0.000679          0.0149            0.03           0.032          0.0107           0.015
    196         90          0.0219        0.000684          0.0212          0.0316          0.0321          0.0126          0.0179
    196        100          0.0135        0.000465           0.013          0.0246          0.0265          0.0102           0.014
    196        110          0.0263         0.00164          0.0247          0.0491          0.0497          0.0144          0.0193


2025-11-20 17:22:46: Validating
# epoch      batch      total_loss     energy_loss     forces_loss      energy_mae     energy_rmse      forces_mae     forces_rmse
    196          0          0.0121        8.54e-05           0.012         0.00644          0.0113         0.00896          0.0135
    196         10         0.00996        6.31e-06         0.00996         0.00277         0.00308         0.00877          0.0122
    196         20          0.0155        0.000743          0.0147          0.0167          0.0335          0.0104          0.0149


2025-11-20 17:22:47: Epoch summary:
Validation  # epoch      total_loss     energy_loss     forces_loss      energy_mae     energy_rmse      forces_mae     forces_rmse
                196           0.013        5.41e-05          0.0129          0.0049         0.00693         0.00962          0.0138
Train       # epoch      total_loss     energy_loss     forces_loss      energy_mae     energy_rmse      forces_mae     forces_rmse
                196           0.021        0.000642          0.0204          0.0247          0.0269          0.0126          0.0173


2025-11-20 17:22:47: Training
# epoch      batch      total_loss     energy_loss     forces_loss      energy_mae     energy_rmse      forces_mae     forces_rmse
    197          0          0.0235        8.62e-05          0.0234         0.00899          0.0114          0.0133          0.0188
    197         10          0.0193         0.00203          0.0173          0.0545          0.0553          0.0121          0.0161
    197         20          0.0186        0.000335          0.0182          0.0203          0.0225          0.0123          0.0166
    197         30          0.0148        0.000442          0.0144          0.0248          0.0258           0.011          0.0147
    197         40          0.0144        6.65e-05          0.0143         0.00717            0.01           0.011          0.0147
    197         50          0.0168         0.00196          0.0148          0.0524          0.0543          0.0112           0.015
    197         60          0.0178        9.68e-05          0.0177         0.00934          0.0121          0.0122          0.0163
    197         70          0.0242        5.21e-05          0.0241         0.00783         0.00886          0.0134          0.0191
    197         80          0.0288          0.0027          0.0261          0.0624          0.0637           0.014          0.0198
    197         90          0.0288         0.00374          0.0251          0.0739           0.075           0.014          0.0194
    197        100          0.0303         0.00235          0.0279          0.0585          0.0594          0.0149          0.0205
    197        110           0.018        0.000619          0.0174          0.0263          0.0305          0.0122          0.0162


2025-11-20 17:22:58: Validating
# epoch      batch      total_loss     energy_loss     forces_loss      energy_mae     energy_rmse      forces_mae     forces_rmse
    197          0          0.0118        7.84e-05          0.0117         0.00629          0.0109         0.00884          0.0133
    197         10         0.00992        5.34e-06         0.00992         0.00253         0.00284         0.00875          0.0122
    197         20          0.0157        0.000754          0.0149          0.0171          0.0337          0.0104           0.015


2025-11-20 17:22:59: Epoch summary:
Validation  # epoch      total_loss     energy_loss     forces_loss      energy_mae     energy_rmse      forces_mae     forces_rmse
                197           0.013        5.43e-05          0.0129         0.00486         0.00693         0.00964          0.0138
Train       # epoch      total_loss     energy_loss     forces_loss      energy_mae     energy_rmse      forces_mae     forces_rmse
                197          0.0223         0.00176          0.0205          0.0404          0.0424          0.0127          0.0174


2025-11-20 17:22:59: Training
# epoch      batch      total_loss     energy_loss     forces_loss      energy_mae     energy_rmse      forces_mae     forces_rmse
    198          0          0.0209          0.0035          0.0174          0.0724          0.0726          0.0125          0.0162
    198         10          0.0167         0.00116          0.0155           0.041          0.0419          0.0115          0.0153
    198         20          0.0147         0.00263          0.0121          0.0586           0.063          0.0103          0.0135
    198         30          0.0176         9.3e-05          0.0176         0.00828          0.0118          0.0119          0.0163
    198         40          0.0194        0.000151          0.0192          0.0105          0.0151           0.012           0.017
    198         50           0.014        0.000954          0.0131          0.0231          0.0379          0.0105           0.014
    198         60          0.0115         5.4e-05          0.0114         0.00807         0.00901         0.00984          0.0131
    198         70          0.0294         0.00152          0.0279           0.047          0.0478           0.014          0.0205
    198         80          0.0224        0.000408           0.022          0.0228          0.0248          0.0132          0.0182
    198         90           0.026         0.00261          0.0234          0.0582          0.0626           0.014          0.0188
    198        100          0.0185        0.000373          0.0181          0.0226          0.0237          0.0124          0.0165
    198        110          0.0283        8.51e-05          0.0282         0.00968          0.0113          0.0146          0.0206


2025-11-20 17:23:11: Validating
# epoch      batch      total_loss     energy_loss     forces_loss      energy_mae     energy_rmse      forces_mae     forces_rmse
    198          0          0.0119        9.01e-05          0.0118         0.00675          0.0116         0.00886          0.0133
    198         10            0.01        6.28e-06         0.00999         0.00274         0.00307         0.00873          0.0123
    198         20          0.0155        0.000706          0.0148          0.0165          0.0326          0.0104          0.0149


2025-11-20 17:23:12: Epoch summary:
Validation  # epoch      total_loss     energy_loss     forces_loss      energy_mae     energy_rmse      forces_mae     forces_rmse
                198           0.013        5.43e-05           0.013         0.00502         0.00707         0.00963          0.0138
Train       # epoch      total_loss     energy_loss     forces_loss      energy_mae     energy_rmse      forces_mae     forces_rmse
                198          0.0195          0.0011          0.0184          0.0321           0.034           0.012          0.0164


2025-11-20 17:23:12: Training
# epoch      batch      total_loss     energy_loss     forces_loss      energy_mae     energy_rmse      forces_mae     forces_rmse
    199          0          0.0268         0.00274           0.024          0.0634          0.0643          0.0143           0.019
    199         10          0.0263         0.00468          0.0216          0.0836          0.0839          0.0138           0.018
    199         20          0.0294         0.00427          0.0251          0.0796          0.0802          0.0146          0.0195
    199         30          0.0214        2.84e-05          0.0214         0.00546         0.00654          0.0131           0.018
    199         40          0.0303         0.00258          0.0278          0.0615          0.0623          0.0147          0.0204
    199         50           0.033        0.000578          0.0324          0.0274          0.0295          0.0159          0.0221
    199         60          0.0225          0.0013          0.0212          0.0432          0.0442          0.0133          0.0179
    199         70          0.0286          0.0011          0.0275          0.0394          0.0407           0.015          0.0203
    199         80          0.0709         0.00552          0.0654          0.0898          0.0912          0.0219          0.0314
    199         90          0.0483        7.43e-05          0.0483         0.00723          0.0106          0.0195           0.027
    199        100           0.022        9.05e-05          0.0219         0.00954          0.0117          0.0133          0.0181
    199        110          0.0203        0.000125          0.0201          0.0117          0.0137          0.0129          0.0174


2025-11-20 17:23:24: Validating
# epoch      batch      total_loss     energy_loss     forces_loss      energy_mae     energy_rmse      forces_mae     forces_rmse
    199          0          0.0127        0.000113          0.0126         0.00807           0.013           0.009          0.0138
    199         10          0.0102        7.68e-06          0.0102         0.00276          0.0034         0.00888          0.0124
    199         20          0.0158        0.000718           0.015          0.0165          0.0329          0.0105           0.015


2025-11-20 17:23:25: Epoch summary:
Validation  # epoch      total_loss     energy_loss     forces_loss      energy_mae     energy_rmse      forces_mae     forces_rmse
                199          0.0132         6.1e-05          0.0132         0.00567         0.00776         0.00969          0.0139
Train       # epoch      total_loss     energy_loss     forces_loss      energy_mae     energy_rmse      forces_mae     forces_rmse
                199          0.0366         0.00212          0.0345          0.0454          0.0479          0.0159          0.0222


2025-11-20 17:23:25: Training
# epoch      batch      total_loss     energy_loss     forces_loss      energy_mae     energy_rmse      forces_mae     forces_rmse
    200          0          0.0184        0.000101          0.0183          0.0106          0.0124          0.0122          0.0166
    200         10          0.0209         0.00178          0.0191          0.0496          0.0517          0.0126           0.017
    200         20          0.0172        0.000608          0.0166          0.0294          0.0303          0.0119          0.0158
    200         30          0.0161        0.000874          0.0152          0.0354          0.0363          0.0117          0.0151
    200         40          0.0252        0.000576          0.0247          0.0291          0.0294          0.0137          0.0193
    200         50          0.0248        8.15e-05          0.0247         0.00749          0.0111          0.0138          0.0193
    200         60          0.0369        0.000329          0.0366          0.0194          0.0223          0.0162          0.0235
    200         70          0.0268        0.000609          0.0262          0.0292          0.0303          0.0139          0.0199
    200         80          0.0167         6.2e-05          0.0167         0.00656         0.00966          0.0118          0.0158
    200         90          0.0133        9.65e-05          0.0132          0.0111          0.0121          0.0105          0.0141
    200        100          0.0165         0.00112          0.0154            0.04           0.041          0.0115          0.0152
    200        110          0.0119        0.000296          0.0116          0.0202          0.0211          0.0101          0.0132


2025-11-20 17:23:36: Validating
# epoch      batch      total_loss     energy_loss     forces_loss      energy_mae     energy_rmse      forces_mae     forces_rmse
    200          0          0.0126         9.5e-05          0.0125         0.00725           0.012         0.00894          0.0137
    200         10          0.0102        8.27e-06          0.0102         0.00293         0.00353         0.00881          0.0124
    200         20          0.0154         0.00074          0.0147          0.0165          0.0334          0.0104          0.0149


2025-11-20 17:23:37: Epoch summary:
Validation  # epoch      total_loss     energy_loss     forces_loss      energy_mae     energy_rmse      forces_mae     forces_rmse
                200          0.0131        5.78e-05          0.0131         0.00535         0.00734         0.00967          0.0139
Train       # epoch      total_loss     energy_loss     forces_loss      energy_mae     energy_rmse      forces_mae     forces_rmse
                200          0.0222        0.000524          0.0217          0.0233          0.0257          0.0128          0.0177


2025-11-20 17:23:37: Training
# epoch      batch      total_loss     energy_loss     forces_loss      energy_mae     energy_rmse      forces_mae     forces_rmse
    201          0          0.0148         5.2e-05          0.0148         0.00645         0.00885          0.0108          0.0149
    201         10          0.0111        0.000116           0.011          0.0112          0.0132         0.00969          0.0129
    201         20          0.0099        0.000122         0.00977         0.00933          0.0136         0.00922          0.0121
    201         30          0.0161        0.000152          0.0159          0.0121          0.0151          0.0108          0.0155
    201         40          0.0126         0.00036          0.0122          0.0225          0.0233          0.0103          0.0136
    201         50          0.0167        0.000285          0.0164           0.019          0.0207          0.0119          0.0157
    201         60          0.0121        2.36e-05          0.0121         0.00512         0.00597          0.0102          0.0135
    201         70          0.0109         0.00018          0.0107          0.0138          0.0164         0.00948          0.0127
    201         80          0.0133        0.000858          0.0124          0.0351          0.0359          0.0103          0.0137
    201         90          0.0152         8.5e-05          0.0151         0.00816          0.0113          0.0111          0.0151
    201        100          0.0131        4.95e-05           0.013         0.00731         0.00863          0.0103           0.014
    201        110          0.0133        0.000173          0.0132           0.015          0.0161          0.0105          0.0141


2025-11-20 17:23:48: Validating
# epoch      batch      total_loss     energy_loss     forces_loss      energy_mae     energy_rmse      forces_mae     forces_rmse
    201          0          0.0129        8.35e-05          0.0128          0.0065          0.0112         0.00901          0.0139
    201         10          0.0101        7.02e-06          0.0101         0.00291         0.00325         0.00879          0.0123
    201         20          0.0151        0.000733          0.0143          0.0158          0.0332          0.0102          0.0147


2025-11-20 17:23:50: Epoch summary:
Validation  # epoch      total_loss     energy_loss     forces_loss      energy_mae     energy_rmse      forces_mae     forces_rmse
                201          0.0131        5.32e-05           0.013         0.00489         0.00687         0.00965          0.0139
Train       # epoch      total_loss     energy_loss     forces_loss      energy_mae     energy_rmse      forces_mae     forces_rmse
                201          0.0129        0.000314          0.0126          0.0171          0.0191          0.0102          0.0137


2025-11-20 17:23:50: Training
# epoch      batch      total_loss     energy_loss     forces_loss      energy_mae     energy_rmse      forces_mae     forces_rmse
    202          0          0.0127        0.000102          0.0126          0.0081          0.0124          0.0103          0.0138
    202         10          0.0134        0.000239          0.0132           0.017           0.019          0.0108          0.0141
    202         20          0.0192        0.000541          0.0186           0.027          0.0285          0.0123          0.0167
    202         30          0.0305         0.00109          0.0294          0.0388          0.0406          0.0142          0.0211
    202         40          0.0209        0.000501          0.0204          0.0252          0.0275          0.0132          0.0175
    202         50           0.015        0.000111          0.0149          0.0114          0.0129           0.011           0.015
    202         60          0.0139        7.13e-05          0.0138         0.00923          0.0104          0.0106          0.0144
    202         70          0.0157        0.000274          0.0154          0.0192          0.0203          0.0112          0.0152
    202         80          0.0135           0.001          0.0125          0.0377          0.0389          0.0103          0.0137
    202         90          0.0157        0.000206          0.0155           0.016          0.0176          0.0114          0.0153
    202        100           0.019         0.00015          0.0188          0.0108           0.015          0.0122          0.0168
    202        110          0.0223         0.00193          0.0204          0.0525           0.054          0.0125          0.0175


2025-11-20 17:24:01: Validating
# epoch      batch      total_loss     energy_loss     forces_loss      energy_mae     energy_rmse      forces_mae     forces_rmse
    202          0          0.0128        8.15e-05          0.0127         0.00628          0.0111         0.00894          0.0138
    202         10         0.00994        6.82e-06         0.00993          0.0029          0.0032         0.00875          0.0122
    202         20          0.0152        0.000686          0.0145          0.0155          0.0321          0.0103          0.0148


2025-11-20 17:24:03: Epoch summary:
Validation  # epoch      total_loss     energy_loss     forces_loss      energy_mae     energy_rmse      forces_mae     forces_rmse
                202          0.0131         5.1e-05          0.0131         0.00481         0.00679         0.00966          0.0139
Train       # epoch      total_loss     energy_loss     forces_loss      energy_mae     energy_rmse      forces_mae     forces_rmse
                202          0.0186         0.00054          0.0181          0.0233          0.0256          0.0118          0.0163


2025-11-20 17:24:03: Training
# epoch      batch      total_loss     energy_loss     forces_loss      energy_mae     energy_rmse      forces_mae     forces_rmse
    203          0          0.0235         6.2e-05          0.0234         0.00836         0.00966          0.0137          0.0188
    203         10          0.0223         0.00366          0.0186          0.0737          0.0742           0.013          0.0167
    203         20          0.0205         0.00144           0.019          0.0458          0.0466          0.0124          0.0169
    203         30          0.0131        5.26e-05           0.013          0.0076          0.0089          0.0106           0.014
    203         40          0.0128         0.00012          0.0127           0.012          0.0135          0.0103          0.0138
    203         50         0.00933        0.000244         0.00909          0.0183          0.0192         0.00883          0.0117
    203         60          0.0113        9.77e-05          0.0112         0.00893          0.0121         0.00995           0.013
    203         70          0.0137        0.000366          0.0133          0.0211          0.0235          0.0105          0.0142
    203         80          0.0103        0.000735          0.0096          0.0326          0.0333         0.00883           0.012
    203         90         0.00947        0.000144         0.00932          0.0135          0.0147         0.00903          0.0118
    203        100         0.00899        0.000293          0.0087          0.0202           0.021         0.00836          0.0114
    203        110          0.0139        0.000196          0.0137          0.0161          0.0172          0.0107          0.0144


2025-11-20 17:24:14: Validating
# epoch      batch      total_loss     energy_loss     forces_loss      energy_mae     energy_rmse      forces_mae     forces_rmse
    203          0          0.0129        8.36e-05          0.0129         0.00634          0.0112         0.00887          0.0139
    203         10         0.00992        6.63e-06         0.00991         0.00269         0.00316         0.00872          0.0122
    203         20          0.0151        0.000694          0.0144          0.0155          0.0323          0.0102          0.0147


2025-11-20 17:24:15: Epoch summary:
Validation  # epoch      total_loss     energy_loss     forces_loss      energy_mae     energy_rmse      forces_mae     forces_rmse
                203          0.0132        5.15e-05          0.0131         0.00473          0.0068         0.00965          0.0139
Train       # epoch      total_loss     energy_loss     forces_loss      energy_mae     energy_rmse      forces_mae     forces_rmse
                203          0.0153        0.000706          0.0146          0.0235          0.0257          0.0109          0.0147


2025-11-20 17:24:15: Training
# epoch      batch      total_loss     energy_loss     forces_loss      energy_mae     energy_rmse      forces_mae     forces_rmse
    204          0          0.0123        0.000188          0.0121          0.0157          0.0168          0.0101          0.0135
    204         10           0.017        0.000509          0.0165          0.0206          0.0277          0.0111          0.0158
    204         20          0.0374          0.0051          0.0323          0.0786          0.0876          0.0146          0.0221
    204         30          0.0402          0.0041          0.0361          0.0776          0.0786           0.016          0.0233
    204         40          0.0363         0.00595          0.0303          0.0943          0.0947           0.016          0.0214
    204         50          0.0303          0.0074          0.0229           0.105           0.106          0.0135          0.0186
    204         60          0.0224         0.00287          0.0195          0.0651          0.0657          0.0124          0.0171
    204         70           0.022        6.47e-05          0.0219         0.00654         0.00987          0.0133          0.0182
    204         80           0.025         0.00157          0.0235           0.047          0.0486          0.0138          0.0188
    204         90          0.0151         0.00139          0.0138          0.0454          0.0457           0.011          0.0144
    204        100          0.0137        0.000179          0.0135          0.0161          0.0164          0.0105          0.0143
    204        110          0.0162        9.54e-05          0.0161          0.0106           0.012          0.0117          0.0156


2025-11-20 17:24:27: Validating
# epoch      batch      total_loss     energy_loss     forces_loss      energy_mae     energy_rmse      forces_mae     forces_rmse
    204          0          0.0128        9.12e-05          0.0127         0.00676          0.0117         0.00887          0.0139
    204         10         0.00986        7.47e-06         0.00986         0.00292         0.00335         0.00874          0.0122
    204         20          0.0147        0.000733           0.014          0.0159          0.0332          0.0102          0.0145


2025-11-20 17:24:28: Epoch summary:
Validation  # epoch      total_loss     energy_loss     forces_loss      energy_mae     energy_rmse      forces_mae     forces_rmse
                204          0.0132        5.56e-05          0.0131         0.00506         0.00715         0.00965          0.0139
Train       # epoch      total_loss     energy_loss     forces_loss      energy_mae     energy_rmse      forces_mae     forces_rmse
                204          0.0242         0.00147          0.0227          0.0342          0.0363          0.0131          0.0181


2025-11-20 17:24:28: Training
# epoch      batch      total_loss     energy_loss     forces_loss      energy_mae     energy_rmse      forces_mae     forces_rmse
    205          0          0.0105        3.81e-05          0.0105         0.00471         0.00758         0.00956          0.0126
    205         10          0.0184        0.000156          0.0182          0.0138          0.0153          0.0119          0.0166
    205         20          0.0139        0.000857           0.013          0.0355          0.0359          0.0105           0.014
    205         30          0.0127        2.75e-05          0.0127         0.00485         0.00643          0.0105          0.0138
    205         40          0.0155        0.000193          0.0153          0.0158           0.017          0.0118          0.0152
    205         50          0.0132        0.000171          0.0131          0.0156           0.016          0.0104           0.014
    205         60          0.0177        0.000146          0.0175          0.0125          0.0148          0.0112          0.0163
    205         70            0.01        0.000942         0.00909          0.0365          0.0377         0.00871          0.0117
    205         80          0.0087        2.33e-05         0.00868         0.00446         0.00593         0.00863          0.0114
    205         90          0.0128        0.000468          0.0123          0.0258          0.0265         0.00992          0.0136
    205        100          0.0131        0.000303          0.0128          0.0201          0.0213          0.0106          0.0139
    205        110          0.0135        0.000881          0.0126          0.0316          0.0364          0.0101          0.0138


2025-11-20 17:24:40: Validating
# epoch      batch      total_loss     energy_loss     forces_loss      energy_mae     energy_rmse      forces_mae     forces_rmse
    205          0          0.0128        8.68e-05          0.0127         0.00639          0.0114         0.00886          0.0138
    205         10         0.00994        6.81e-06         0.00993         0.00277          0.0032         0.00877          0.0122
    205         20          0.0146        0.000706          0.0139          0.0157          0.0326          0.0101          0.0145


2025-11-20 17:24:41: Epoch summary:
Validation  # epoch      total_loss     energy_loss     forces_loss      energy_mae     energy_rmse      forces_mae     forces_rmse
                205          0.0131        5.27e-05          0.0131         0.00482         0.00692         0.00963          0.0139
Train       # epoch      total_loss     energy_loss     forces_loss      energy_mae     energy_rmse      forces_mae     forces_rmse
                205          0.0142        0.000531          0.0137          0.0232          0.0251          0.0106          0.0143


2025-11-20 17:24:41: Training
# epoch      batch      total_loss     energy_loss     forces_loss      energy_mae     energy_rmse      forces_mae     forces_rmse
    206          0          0.0133         0.00015          0.0131          0.0138           0.015          0.0101          0.0141
    206         10          0.0199         0.00255          0.0174          0.0612          0.0619          0.0119          0.0162
    206         20          0.0151        0.000976          0.0141          0.0293          0.0383          0.0109          0.0146
    206         30          0.0146        0.000508          0.0141          0.0269          0.0277          0.0108          0.0146
    206         40          0.0132         0.00112           0.012          0.0387          0.0411          0.0102          0.0135
    206         50          0.0149         0.00114          0.0138          0.0351          0.0415          0.0106          0.0144
    206         60          0.0123        0.000141          0.0121           0.014          0.0146          0.0101          0.0135
    206         70          0.0102        0.000533         0.00963          0.0279          0.0283         0.00919           0.012
    206         80          0.0172         0.00113           0.016          0.0398          0.0413          0.0114          0.0155
    206         90          0.0189        2.66e-05          0.0189         0.00506         0.00632          0.0123          0.0169
    206        100          0.0219        0.000309          0.0216          0.0204          0.0216          0.0133           0.018
    206        110          0.0147        0.000285          0.0144           0.016          0.0207          0.0108          0.0147


2025-11-20 17:24:52: Validating
# epoch      batch      total_loss     energy_loss     forces_loss      energy_mae     energy_rmse      forces_mae     forces_rmse
    206          0          0.0135        8.63e-05          0.0134         0.00653          0.0114         0.00897          0.0142
    206         10          0.0101        6.86e-06          0.0101         0.00275         0.00321         0.00882          0.0123
    206         20          0.0146        0.000685          0.0139          0.0153          0.0321          0.0101          0.0145


2025-11-20 17:24:53: Epoch summary:
Validation  # epoch      total_loss     energy_loss     forces_loss      energy_mae     energy_rmse      forces_mae     forces_rmse
                206          0.0131        5.16e-05          0.0131         0.00478         0.00687         0.00961          0.0139
Train       # epoch      total_loss     energy_loss     forces_loss      energy_mae     energy_rmse      forces_mae     forces_rmse
                206           0.015        0.000575          0.0144          0.0246          0.0263          0.0108          0.0147


2025-11-20 17:24:53: Training
# epoch      batch      total_loss     energy_loss     forces_loss      energy_mae     energy_rmse      forces_mae     forces_rmse
    207          0          0.0135        6.49e-05          0.0134         0.00816         0.00989          0.0104          0.0142
    207         10          0.0117         6.7e-05          0.0117         0.00909            0.01          0.0101          0.0132
    207         20          0.0157        0.000137          0.0156          0.0127          0.0144          0.0114          0.0153
    207         30          0.0107        4.66e-05          0.0107         0.00726         0.00837         0.00937          0.0127
    207         40          0.0104        1.89e-05          0.0104         0.00397         0.00534         0.00931          0.0125
    207         50          0.0137         4.9e-05          0.0136         0.00695         0.00859          0.0107          0.0143
    207         60          0.0186        0.000152          0.0184          0.0127          0.0151          0.0113          0.0166
    207         70          0.0178        0.000924          0.0169          0.0357          0.0373          0.0119           0.016
    207         80          0.0171         0.00183          0.0153          0.0517          0.0525          0.0111          0.0152
    207         90          0.0167         0.00113          0.0155          0.0406          0.0412          0.0114          0.0153
    207        100            0.01         0.00013         0.00991          0.0127           0.014         0.00917          0.0122
    207        110          0.0109        4.36e-05          0.0109          0.0067          0.0081         0.00935          0.0128


2025-11-20 17:25:04: Validating
# epoch      batch      total_loss     energy_loss     forces_loss      energy_mae     energy_rmse      forces_mae     forces_rmse
    207          0          0.0133         9.3e-05          0.0132         0.00663          0.0118         0.00897          0.0141
    207         10          0.0101        6.28e-06          0.0101         0.00261         0.00307         0.00882          0.0123
    207         20          0.0148        0.000684          0.0141           0.015          0.0321          0.0102          0.0146


2025-11-20 17:25:05: Epoch summary:
Validation  # epoch      total_loss     energy_loss     forces_loss      energy_mae     energy_rmse      forces_mae     forces_rmse
                207          0.0132        5.19e-05          0.0131         0.00475         0.00687         0.00961          0.0139
Train       # epoch      total_loss     energy_loss     forces_loss      energy_mae     energy_rmse      forces_mae     forces_rmse
                207          0.0147        0.000443          0.0143          0.0203          0.0223          0.0108          0.0146


2025-11-20 17:25:05: Training
# epoch      batch      total_loss     energy_loss     forces_loss      energy_mae     energy_rmse      forces_mae     forces_rmse
    208          0          0.0096        0.000115         0.00948          0.0117          0.0131         0.00891          0.0119
    208         10          0.0122        3.48e-05          0.0122         0.00561         0.00724            0.01          0.0135
    208         20          0.0115        5.14e-05          0.0114         0.00656         0.00879         0.00984          0.0131
    208         30            0.01        0.000192         0.00982          0.0156           0.017         0.00929          0.0122
    208         40           0.014         0.00167          0.0124          0.0499          0.0501          0.0103          0.0136
    208         50          0.0181        0.000312          0.0178          0.0191          0.0217          0.0122          0.0164
    208         60           0.021        0.000434          0.0206          0.0235          0.0256          0.0126          0.0176
    208         70           0.035         0.00219          0.0328          0.0558          0.0574          0.0165          0.0222
    208         80          0.0306         0.00254          0.0281          0.0611          0.0619          0.0146          0.0206
    208         90          0.0242         0.00676          0.0175           0.101           0.101          0.0123          0.0162
    208        100          0.0211        0.000294          0.0208          0.0203           0.021          0.0133          0.0177
    208        110          0.0351        0.000641          0.0344          0.0288          0.0311          0.0166          0.0228


2025-11-20 17:25:16: Validating
# epoch      batch      total_loss     energy_loss     forces_loss      energy_mae     energy_rmse      forces_mae     forces_rmse
    208          0          0.0134        9.82e-05          0.0133         0.00722          0.0122         0.00902          0.0142
    208         10          0.0102        6.87e-06          0.0102         0.00274         0.00322         0.00886          0.0124
    208         20          0.0152        0.000722          0.0145          0.0157           0.033          0.0103          0.0148


2025-11-20 17:25:17: Epoch summary:
Validation  # epoch      total_loss     energy_loss     forces_loss      energy_mae     energy_rmse      forces_mae     forces_rmse
                208          0.0132        5.59e-05          0.0131         0.00506          0.0072         0.00963          0.0139
Train       # epoch      total_loss     energy_loss     forces_loss      energy_mae     energy_rmse      forces_mae     forces_rmse
                208           0.023         0.00147          0.0216           0.038            0.04          0.0127          0.0175


2025-11-20 17:25:17: Training
# epoch      batch      total_loss     energy_loss     forces_loss      energy_mae     energy_rmse      forces_mae     forces_rmse
    209          0          0.0233         0.00301          0.0203          0.0663          0.0673           0.013          0.0175
    209         10          0.0181         0.00021          0.0179          0.0162          0.0178          0.0123          0.0164
    209         20          0.0202        0.000212            0.02           0.015          0.0179          0.0129          0.0173
    209         30           0.015        0.000148          0.0148          0.0133          0.0149          0.0112          0.0149
    209         40          0.0167        0.000273          0.0164          0.0186          0.0203           0.012          0.0157
    209         50          0.0199         0.00151          0.0184          0.0468          0.0477          0.0125          0.0166
    209         60          0.0147        0.000483          0.0142          0.0266           0.027          0.0108          0.0146
    209         70          0.0188         0.00251          0.0163          0.0608          0.0615          0.0117          0.0156
    209         80          0.0149        0.000931           0.014           0.036          0.0374          0.0108          0.0145
    209         90          0.0163        0.000476          0.0158          0.0233          0.0268          0.0115          0.0154
    209        100          0.0163        7.69e-05          0.0162         0.00799          0.0108          0.0117          0.0156
    209        110          0.0121         0.00018           0.012          0.0158          0.0165          0.0102          0.0134


2025-11-20 17:25:28: Validating
# epoch      batch      total_loss     energy_loss     forces_loss      energy_mae     energy_rmse      forces_mae     forces_rmse
    209          0          0.0134        0.000103          0.0133         0.00778          0.0125         0.00897          0.0141
    209         10          0.0103        8.53e-06          0.0103         0.00317         0.00358         0.00885          0.0124
    209         20          0.0148        0.000703          0.0141          0.0159          0.0325          0.0102          0.0146


2025-11-20 17:25:30: Epoch summary:
Validation  # epoch      total_loss     energy_loss     forces_loss      energy_mae     energy_rmse      forces_mae     forces_rmse
                209          0.0132        5.75e-05          0.0132         0.00541         0.00747         0.00964          0.0139
Train       # epoch      total_loss     energy_loss     forces_loss      energy_mae     energy_rmse      forces_mae     forces_rmse
                209          0.0199        0.000931           0.019            0.03          0.0318          0.0123          0.0167


2025-11-20 17:25:30: Training
# epoch      batch      total_loss     energy_loss     forces_loss      energy_mae     energy_rmse      forces_mae     forces_rmse
    210          0          0.0158        7.19e-05          0.0157         0.00878          0.0104          0.0113          0.0154
    210         10          0.0152        5.78e-05          0.0151          0.0079         0.00933          0.0114          0.0151
    210         20          0.0269        0.000275          0.0266          0.0166          0.0203          0.0141            0.02
    210         30          0.0202        0.000439          0.0198          0.0241          0.0257          0.0133          0.0173
    210         40          0.0274        0.000829          0.0266          0.0341          0.0353          0.0146            0.02
    210         50          0.0389         0.00559          0.0333           0.091          0.0918          0.0163          0.0224
    210         60          0.0233        0.000694          0.0226          0.0316          0.0323          0.0138          0.0185
    210         70          0.0192        3.41e-05          0.0192         0.00445         0.00717          0.0128           0.017
    210         80          0.0378         0.00547          0.0323            0.09          0.0907          0.0168          0.0221
    210         90          0.0288         0.00345          0.0253          0.0717          0.0721          0.0148          0.0195
    210        100          0.0362        0.000774          0.0354          0.0299          0.0341          0.0165          0.0231
    210        110          0.0225         0.00229          0.0202          0.0582          0.0588          0.0131          0.0175


2025-11-20 17:25:41: Validating
# epoch      batch      total_loss     energy_loss     forces_loss      energy_mae     energy_rmse      forces_mae     forces_rmse
    210          0          0.0133        0.000101          0.0132         0.00739          0.0123         0.00896          0.0141
    210         10          0.0104        7.41e-06          0.0104         0.00283         0.00334         0.00882          0.0125
    210         20          0.0148        0.000703          0.0141           0.016          0.0325          0.0102          0.0146


2025-11-20 17:25:43: Epoch summary:
Validation  # epoch      total_loss     energy_loss     forces_loss      energy_mae     energy_rmse      forces_mae     forces_rmse
                210          0.0133        5.68e-05          0.0132         0.00531         0.00739         0.00967          0.0139
Train       # epoch      total_loss     energy_loss     forces_loss      energy_mae     energy_rmse      forces_mae     forces_rmse
                210          0.0326         0.00166           0.031          0.0362           0.039           0.015          0.0211


2025-11-20 17:25:43: Training
# epoch      batch      total_loss     energy_loss     forces_loss      energy_mae     energy_rmse      forces_mae     forces_rmse
    211          0          0.0271          0.0019          0.0252          0.0526          0.0535          0.0146          0.0195
    211         10          0.0409         0.00361          0.0373          0.0727          0.0737          0.0173          0.0237
    211         20          0.0327         0.00779          0.0249           0.108           0.108          0.0143          0.0194
    211         30          0.0265        0.000122          0.0264          0.0119          0.0136          0.0148          0.0199
    211         40          0.0214        6.49e-05          0.0214         0.00787         0.00988           0.013          0.0179
    211         50          0.0232        0.000158          0.0231           0.011          0.0154          0.0135          0.0186
    211         60          0.0204        0.000831          0.0195          0.0343          0.0354          0.0126          0.0172
    211         70          0.0321        0.000872          0.0312          0.0359          0.0362          0.0129          0.0217
    211         80          0.0195        7.12e-05          0.0194         0.00867          0.0104          0.0125          0.0171
    211         90          0.0162        5.69e-05          0.0161         0.00701         0.00926          0.0112          0.0156
    211        100          0.0135         0.00256          0.0109          0.0619          0.0621         0.00982          0.0128
    211        110          0.0131         0.00109           0.012          0.0404          0.0405          0.0101          0.0134


2025-11-20 17:25:54: Validating
# epoch      batch      total_loss     energy_loss     forces_loss      energy_mae     energy_rmse      forces_mae     forces_rmse
    211          0           0.013        0.000101          0.0129          0.0074          0.0123         0.00887          0.0139
    211         10          0.0102         8.2e-06          0.0102         0.00298         0.00351         0.00882          0.0124
    211         20           0.015        0.000695          0.0143          0.0157          0.0323          0.0102          0.0147


2025-11-20 17:25:56: Epoch summary:
Validation  # epoch      total_loss     energy_loss     forces_loss      energy_mae     energy_rmse      forces_mae     forces_rmse
                211          0.0134        5.63e-05          0.0133         0.00521         0.00734          0.0097           0.014
Train       # epoch      total_loss     energy_loss     forces_loss      energy_mae     energy_rmse      forces_mae     forces_rmse
                211          0.0224        0.000914          0.0215          0.0265          0.0287           0.013          0.0177


2025-11-20 17:25:56: Training
# epoch      batch      total_loss     energy_loss     forces_loss      energy_mae     energy_rmse      forces_mae     forces_rmse
    212          0          0.0146        0.000286          0.0143            0.02          0.0207          0.0109          0.0147
    212         10           0.017         0.00082          0.0162          0.0163          0.0351          0.0115          0.0156
    212         20          0.0175        0.000323          0.0172          0.0207           0.022          0.0116          0.0161
    212         30          0.0158         0.00118          0.0146          0.0409          0.0421          0.0111          0.0148
    212         40          0.0159        4.33e-05          0.0159         0.00473         0.00807          0.0111          0.0155
    212         50          0.0148         0.00147          0.0134          0.0465          0.0471          0.0105          0.0142
    212         60          0.0125          0.0011          0.0114          0.0406          0.0408         0.00962          0.0131
    212         70          0.0181        0.000187          0.0179          0.0159          0.0168          0.0122          0.0164
    212         80          0.0137         0.00109          0.0126          0.0398          0.0404          0.0101          0.0138
    212         90          0.0162         0.00185          0.0144          0.0526          0.0527          0.0106          0.0147
    212        100          0.0132         0.00112          0.0121          0.0401           0.041         0.00997          0.0135
    212        110          0.0164         0.00146          0.0149          0.0465          0.0469          0.0105           0.015


2025-11-20 17:26:07: Validating
# epoch      batch      total_loss     energy_loss     forces_loss      energy_mae     energy_rmse      forces_mae     forces_rmse
    212          0          0.0128        9.36e-05          0.0127         0.00672          0.0119         0.00892          0.0138
    212         10          0.0105        6.57e-06          0.0105         0.00272         0.00315         0.00886          0.0125
    212         20          0.0144        0.000688          0.0137          0.0151          0.0322            0.01          0.0144


2025-11-20 17:26:09: Epoch summary:
Validation  # epoch      total_loss     energy_loss     forces_loss      energy_mae     energy_rmse      forces_mae     forces_rmse
                212          0.0133        5.32e-05          0.0132         0.00487         0.00702         0.00967          0.0139
Train       # epoch      total_loss     energy_loss     forces_loss      energy_mae     energy_rmse      forces_mae     forces_rmse
                212          0.0158        0.000906          0.0149          0.0314           0.033           0.011          0.0149


2025-11-20 17:26:09: Training
# epoch      batch      total_loss     energy_loss     forces_loss      energy_mae     energy_rmse      forces_mae     forces_rmse
    213          0          0.0187        8.69e-05          0.0186          0.0097          0.0114          0.0125          0.0168
    213         10          0.0131        3.76e-05          0.0131         0.00524         0.00753          0.0106           0.014
    213         20          0.0162        0.000527          0.0157          0.0278          0.0282          0.0118          0.0154
    213         30          0.0157         0.00225          0.0135          0.0574          0.0582          0.0103          0.0142
    213         40          0.0129         0.00114          0.0117          0.0405          0.0414         0.00991          0.0133
    213         50          0.0128        0.000735          0.0121          0.0316          0.0333            0.01          0.0135
    213         60         0.00986        0.000124         0.00973          0.0122          0.0137         0.00926          0.0121
    213         70          0.0135        5.01e-05          0.0134         0.00801         0.00868          0.0107          0.0142
    213         80          0.0159        8.14e-05          0.0158         0.00782          0.0111          0.0111          0.0154
    213         90          0.0131        4.42e-05           0.013         0.00643         0.00816          0.0104           0.014
    213        100         0.00997        0.000102         0.00986          0.0107          0.0124         0.00933          0.0122
    213        110          0.0133        0.000197          0.0131          0.0164          0.0172          0.0108           0.014


2025-11-20 17:26:20: Validating
# epoch      batch      total_loss     energy_loss     forces_loss      energy_mae     energy_rmse      forces_mae     forces_rmse
    213          0          0.0127        8.96e-05          0.0126         0.00637          0.0116         0.00887          0.0138
    213         10          0.0104        5.42e-06          0.0104         0.00259         0.00286         0.00887          0.0125
    213         20          0.0145        0.000686          0.0138          0.0148          0.0322            0.01          0.0144


2025-11-20 17:26:21: Epoch summary:
Validation  # epoch      total_loss     energy_loss     forces_loss      energy_mae     energy_rmse      forces_mae     forces_rmse
                213          0.0132        5.14e-05          0.0131         0.00462         0.00678         0.00964          0.0139
Train       # epoch      total_loss     energy_loss     forces_loss      energy_mae     energy_rmse      forces_mae     forces_rmse
                213          0.0133        0.000444          0.0128          0.0194          0.0215          0.0103          0.0138


2025-11-20 17:26:21: Training
# epoch      batch      total_loss     energy_loss     forces_loss      energy_mae     energy_rmse      forces_mae     forces_rmse
    214          0          0.0144        0.000235          0.0142          0.0159          0.0188          0.0106          0.0146
    214         10          0.0126        6.85e-05          0.0126         0.00867          0.0102          0.0102          0.0138
    214         20          0.0116        8.18e-05          0.0115          0.0102          0.0111         0.00975          0.0132
    214         30          0.0117        0.000193          0.0115          0.0165          0.0171         0.00984          0.0132
    214         40           0.015        0.000451          0.0146          0.0254          0.0261          0.0108          0.0148
    214         50          0.0198         0.00118          0.0186          0.0406          0.0422          0.0121          0.0167
    214         60          0.0164        9.35e-05          0.0164          0.0107          0.0119          0.0117          0.0157
    214         70          0.0375        0.000123          0.0374          0.0105          0.0136          0.0166          0.0237
    214         80          0.0467         0.00107          0.0456          0.0388          0.0402          0.0195          0.0262
    214         90          0.0393         0.00127           0.038           0.042          0.0438          0.0177          0.0239
    214        100          0.0148        7.58e-05          0.0148         0.00891          0.0107          0.0115          0.0149
    214        110          0.0197        0.000144          0.0196          0.0129          0.0147          0.0128          0.0172


2025-11-20 17:26:32: Validating
# epoch      batch      total_loss     energy_loss     forces_loss      energy_mae     energy_rmse      forces_mae     forces_rmse
    214          0          0.0131        9.59e-05           0.013         0.00683           0.012          0.0089           0.014
    214         10          0.0104         5.9e-06          0.0104         0.00268         0.00298         0.00891          0.0125
    214         20          0.0147        0.000704           0.014          0.0153          0.0326          0.0101          0.0145


2025-11-20 17:26:33: Epoch summary:
Validation  # epoch      total_loss     energy_loss     forces_loss      energy_mae     energy_rmse      forces_mae     forces_rmse
                214          0.0132        5.39e-05          0.0132         0.00486         0.00701         0.00965          0.0139
Train       # epoch      total_loss     energy_loss     forces_loss      energy_mae     energy_rmse      forces_mae     forces_rmse
                214          0.0208        0.000867          0.0199           0.027          0.0293          0.0122          0.0167


2025-11-20 17:26:33: Training
# epoch      batch      total_loss     energy_loss     forces_loss      energy_mae     energy_rmse      forces_mae     forces_rmse
    215          0          0.0218        8.06e-05          0.0217         0.00903           0.011          0.0131          0.0181
    215         10          0.0269         0.00496          0.0219           0.086          0.0864          0.0138          0.0182
    215         20          0.0204         0.00341           0.017          0.0709          0.0717          0.0122           0.016
    215         30           0.012        0.000139          0.0119          0.0135          0.0145          0.0101          0.0134
    215         40          0.0199          0.0023          0.0176          0.0578          0.0588          0.0122          0.0163
    215         50          0.0175         0.00166          0.0158          0.0494            0.05          0.0114          0.0154
    215         60          0.0175        0.000129          0.0174         0.00969          0.0139          0.0117          0.0162
    215         70          0.0151         0.00151          0.0136          0.0474          0.0477          0.0102          0.0143
    215         80          0.0215         0.00195          0.0195           0.053          0.0541          0.0127          0.0172
    215         90          0.0175        0.000427          0.0171           0.024          0.0254          0.0115           0.016
    215        100          0.0165        4.85e-05          0.0165         0.00685         0.00855          0.0116          0.0157
    215        110          0.0178        0.000244          0.0176          0.0166          0.0192          0.0121          0.0163


2025-11-20 17:26:44: Validating
# epoch      batch      total_loss     energy_loss     forces_loss      energy_mae     energy_rmse      forces_mae     forces_rmse
    215          0          0.0129        8.86e-05          0.0128         0.00665          0.0115         0.00878          0.0139
    215         10          0.0104        7.28e-06          0.0104         0.00289         0.00331          0.0089          0.0125
    215         20          0.0151        0.000708          0.0143          0.0157          0.0327          0.0102          0.0147


2025-11-20 17:26:45: Epoch summary:
Validation  # epoch      total_loss     energy_loss     forces_loss      energy_mae     energy_rmse      forces_mae     forces_rmse
                215          0.0132        5.37e-05          0.0131         0.00497         0.00702         0.00964          0.0139
Train       # epoch      total_loss     energy_loss     forces_loss      energy_mae     energy_rmse      forces_mae     forces_rmse
                215          0.0199          0.0012          0.0187          0.0356          0.0375          0.0121          0.0166


2025-11-20 17:26:45: Training
# epoch      batch      total_loss     energy_loss     forces_loss      energy_mae     energy_rmse      forces_mae     forces_rmse
    216          0          0.0182        4.86e-05          0.0181         0.00694         0.00856          0.0117          0.0165
    216         10          0.0225         0.00108          0.0214          0.0397          0.0403          0.0129           0.018
    216         20          0.0184        0.000106          0.0183          0.0112          0.0126          0.0118          0.0166
    216         30          0.0218         0.00123          0.0205          0.0418           0.043          0.0131          0.0176
    216         40          0.0174         0.00108          0.0163          0.0395          0.0404          0.0114          0.0157
    216         50          0.0173        0.000201          0.0171          0.0152          0.0174          0.0119          0.0161
    216         60          0.0386        0.000887          0.0377          0.0355          0.0365          0.0154          0.0238
    216         70          0.0171          0.0016          0.0155          0.0486          0.0491          0.0114          0.0153
    216         80          0.0222        0.000856          0.0213          0.0333          0.0359          0.0132          0.0179
    216         90          0.0155        0.000198          0.0153          0.0156          0.0173          0.0113          0.0152
    216        100          0.0199        0.000477          0.0194          0.0254          0.0268          0.0126          0.0171
    216        110          0.0195         0.00012          0.0194          0.0123          0.0135          0.0126          0.0171


2025-11-20 17:26:56: Validating
# epoch      batch      total_loss     energy_loss     forces_loss      energy_mae     energy_rmse      forces_mae     forces_rmse
    216          0          0.0128        8.04e-05          0.0127         0.00618           0.011         0.00878          0.0138
    216         10          0.0102        5.87e-06          0.0102         0.00264         0.00297         0.00888          0.0124
    216         20          0.0149        0.000733          0.0141          0.0158          0.0332          0.0101          0.0146


2025-11-20 17:26:57: Epoch summary:
Validation  # epoch      total_loss     energy_loss     forces_loss      energy_mae     energy_rmse      forces_mae     forces_rmse
                216          0.0132        5.36e-05          0.0132          0.0049         0.00695         0.00964          0.0139
Train       # epoch      total_loss     energy_loss     forces_loss      energy_mae     energy_rmse      forces_mae     forces_rmse
                216          0.0195        0.000536           0.019          0.0232          0.0256          0.0123          0.0168


2025-11-20 17:26:57: Training
# epoch      batch      total_loss     energy_loss     forces_loss      energy_mae     energy_rmse      forces_mae     forces_rmse
    217          0          0.0114        0.000363           0.011          0.0222          0.0234         0.00962          0.0129
    217         10          0.0151        3.38e-05           0.015         0.00578         0.00713          0.0112          0.0151
    217         20          0.0167        0.000395          0.0163          0.0234          0.0244          0.0113          0.0157
    217         30          0.0436        0.000249          0.0434          0.0153          0.0194          0.0173          0.0256
    217         40          0.0175         8.1e-05          0.0174         0.00927           0.011          0.0115          0.0162
    217         50          0.0299        0.000165          0.0298          0.0132          0.0158          0.0152          0.0212
    217         60          0.0183        3.86e-05          0.0182         0.00677         0.00762          0.0125          0.0166
    217         70          0.0161        9.96e-05           0.016          0.0106          0.0122          0.0113          0.0155
    217         80           0.017        0.000158          0.0168          0.0134          0.0154          0.0113          0.0159
    217         90          0.0133        0.000142          0.0132          0.0133          0.0146          0.0106          0.0141
    217        100           0.015         0.00039          0.0146          0.0236          0.0242          0.0112          0.0148
    217        110          0.0159         0.00102          0.0149          0.0388          0.0391          0.0111           0.015


2025-11-20 17:27:09: Validating
# epoch      batch      total_loss     energy_loss     forces_loss      energy_mae     energy_rmse      forces_mae     forces_rmse
    217          0          0.0129        7.95e-05          0.0129         0.00619          0.0109         0.00887          0.0139
    217         10         0.00992        4.93e-06         0.00992         0.00241         0.00272         0.00878          0.0122
    217         20          0.0147        0.000735          0.0139          0.0154          0.0333          0.0101          0.0145


2025-11-20 17:27:10: Epoch summary:
Validation  # epoch      total_loss     energy_loss     forces_loss      energy_mae     energy_rmse      forces_mae     forces_rmse
                217          0.0133         5.4e-05          0.0132         0.00488           0.007         0.00964          0.0139
Train       # epoch      total_loss     energy_loss     forces_loss      energy_mae     energy_rmse      forces_mae     forces_rmse
                217          0.0165        0.000376          0.0161          0.0172          0.0194          0.0113          0.0154


2025-11-20 17:27:10: Training
# epoch      batch      total_loss     energy_loss     forces_loss      energy_mae     energy_rmse      forces_mae     forces_rmse
    218          0          0.0123        0.000125          0.0121          0.0123          0.0137         0.00999          0.0135
    218         10          0.0216        6.95e-05          0.0215          0.0087          0.0102          0.0129           0.018
    218         20          0.0269         0.00113          0.0258          0.0401          0.0413          0.0134          0.0197
    218         30          0.0392        0.000788          0.0384           0.033          0.0345          0.0144           0.024
    218         40          0.0239        5.24e-05          0.0238          0.0075         0.00889          0.0143          0.0189
    218         50          0.0242        7.97e-05          0.0241         0.00927           0.011          0.0143          0.0191
    218         60          0.0146        4.36e-05          0.0146          0.0068          0.0081          0.0111          0.0148
    218         70          0.0154        7.52e-05          0.0153         0.00594          0.0106          0.0113          0.0152
    218         80          0.0154        0.000663          0.0148          0.0305          0.0316           0.011          0.0149
    218         90          0.0114        0.000988          0.0104          0.0278          0.0386         0.00931          0.0125
    218        100          0.0119        0.000112          0.0118          0.0114           0.013            0.01          0.0133
    218        110         0.00952        2.91e-05         0.00949         0.00496         0.00662         0.00902           0.012


2025-11-20 17:27:21: Validating
# epoch      batch      total_loss     energy_loss     forces_loss      energy_mae     energy_rmse      forces_mae     forces_rmse
    218          0          0.0132        8.13e-05          0.0131         0.00614          0.0111         0.00889           0.014
    218         10          0.0101         6.2e-06            0.01         0.00264         0.00306         0.00884          0.0123
    218         20          0.0152        0.000723          0.0145          0.0152           0.033          0.0102          0.0148


2025-11-20 17:27:22: Epoch summary:
Validation  # epoch      total_loss     energy_loss     forces_loss      energy_mae     energy_rmse      forces_mae     forces_rmse
                218          0.0133        5.27e-05          0.0132         0.00474         0.00686         0.00964          0.0139
Train       # epoch      total_loss     energy_loss     forces_loss      energy_mae     energy_rmse      forces_mae     forces_rmse
                218          0.0188         0.00062          0.0182          0.0212          0.0237          0.0119          0.0163


2025-11-20 17:27:22: Training
# epoch      batch      total_loss     energy_loss     forces_loss      energy_mae     energy_rmse      forces_mae     forces_rmse
    219          0          0.0112        8.11e-05          0.0111         0.00709           0.011         0.00956          0.0129
    219         10           0.013        0.000679          0.0123          0.0128           0.032          0.0102          0.0136
    219         20          0.0256        0.000188          0.0254          0.0155          0.0168          0.0116          0.0196
    219         30          0.0134        0.000162          0.0132          0.0138          0.0156          0.0108          0.0141
    219         40          0.0117        0.000103          0.0116          0.0106          0.0125         0.00972          0.0132
    219         50           0.012        0.000436          0.0116          0.0248          0.0256         0.00959          0.0132
    219         60          0.0132        0.000233           0.013          0.0167          0.0187          0.0103           0.014
    219         70          0.0144        0.000241          0.0142          0.0181           0.019          0.0108          0.0146
    219         80          0.0141        0.000145          0.0139         0.00872          0.0148          0.0108          0.0145
    219         90          0.0154         0.00093          0.0145          0.0367          0.0374          0.0108          0.0148
    219        100          0.0168        0.000153          0.0166          0.0141          0.0152          0.0115          0.0158
    219        110          0.0228        0.000116          0.0226           0.012          0.0132          0.0134          0.0185


2025-11-20 17:27:33: Validating
# epoch      batch      total_loss     energy_loss     forces_loss      energy_mae     energy_rmse      forces_mae     forces_rmse
    219          0          0.0132        7.86e-05          0.0131           0.006          0.0109         0.00884           0.014
    219         10          0.0101        7.13e-06          0.0101         0.00273         0.00328         0.00888          0.0123
    219         20          0.0154        0.000709          0.0147          0.0151          0.0327          0.0103          0.0149


2025-11-20 17:27:34: Epoch summary:
Validation  # epoch      total_loss     energy_loss     forces_loss      energy_mae     energy_rmse      forces_mae     forces_rmse
                219          0.0132        5.13e-05          0.0132         0.00465         0.00675         0.00963          0.0139
Train       # epoch      total_loss     energy_loss     forces_loss      energy_mae     energy_rmse      forces_mae     forces_rmse
                219          0.0141        0.000203          0.0139           0.013          0.0155          0.0106          0.0144


2025-11-20 17:27:34: Training
# epoch      batch      total_loss     energy_loss     forces_loss      energy_mae     energy_rmse      forces_mae     forces_rmse
    220          0          0.0168        0.000348          0.0165          0.0216          0.0229          0.0118          0.0158
    220         10          0.0144         0.00048          0.0139           0.024          0.0269          0.0108          0.0145
    220         20          0.0249        0.000379          0.0245          0.0191          0.0239          0.0133          0.0192
    220         30          0.0183         0.00159          0.0167          0.0481          0.0489          0.0122          0.0159
    220         40          0.0168         0.00132          0.0155           0.044          0.0445          0.0114          0.0153
    220         50          0.0157         0.00116          0.0145          0.0279          0.0418           0.011          0.0148
    220         60          0.0182        0.000677          0.0175          0.0295          0.0319           0.012          0.0162
    220         70          0.0155        3.98e-05          0.0155         0.00632         0.00774           0.011          0.0153
    220         80          0.0135         0.00027          0.0132          0.0195          0.0202          0.0101          0.0141
    220         90          0.0259         0.00113          0.0247          0.0376          0.0413          0.0136          0.0193
    220        100          0.0267        0.000983          0.0257          0.0365          0.0385          0.0147          0.0197
    220        110          0.0172        0.000549          0.0166          0.0276          0.0288          0.0115          0.0158


2025-11-20 17:27:46: Validating
# epoch      batch      total_loss     energy_loss     forces_loss      energy_mae     energy_rmse      forces_mae     forces_rmse
    220          0          0.0131        8.99e-05           0.013         0.00634          0.0116         0.00882           0.014
    220         10          0.0103        8.74e-06          0.0103         0.00315         0.00363         0.00894          0.0124
    220         20          0.0159        0.000709          0.0152          0.0151          0.0327          0.0104          0.0151


2025-11-20 17:27:47: Epoch summary:
Validation  # epoch      total_loss     energy_loss     forces_loss      energy_mae     energy_rmse      forces_mae     forces_rmse
                220          0.0133         5.3e-05          0.0132         0.00478          0.0069         0.00964          0.0139
Train       # epoch      total_loss     energy_loss     forces_loss      energy_mae     energy_rmse      forces_mae     forces_rmse
                220          0.0205        0.000614          0.0199          0.0243          0.0268          0.0124           0.017


2025-11-20 17:27:47: Training
# epoch      batch      total_loss     energy_loss     forces_loss      energy_mae     energy_rmse      forces_mae     forces_rmse
    221          0          0.0279        0.000155          0.0277         0.00882          0.0153          0.0142          0.0204
    221         10          0.0218        0.000121          0.0216          0.0121          0.0135          0.0133           0.018
    221         20          0.0129        6.39e-05          0.0129         0.00712         0.00981          0.0102          0.0139
    221         30          0.0148        7.73e-05          0.0147         0.00813          0.0108          0.0111          0.0149
    221         40          0.0188        0.000158          0.0186           0.014          0.0154          0.0123          0.0167
    221         50          0.0144        0.000701          0.0137          0.0276          0.0325          0.0106          0.0143
    221         60          0.0157        0.000162          0.0156          0.0135          0.0156          0.0111          0.0153
    221         70          0.0133        6.63e-05          0.0132         0.00897         0.00999          0.0106          0.0141
    221         80          0.0378         0.00147          0.0364          0.0456           0.047           0.016          0.0234
    221         90          0.0239        0.000445          0.0234          0.0242          0.0259          0.0138          0.0188
    221        100          0.0208        0.000734          0.0201          0.0322          0.0332          0.0124          0.0174
    221        110           0.017        3.39e-05          0.0169         0.00566         0.00714          0.0123           0.016


2025-11-20 17:27:58: Validating
# epoch      batch      total_loss     energy_loss     forces_loss      energy_mae     energy_rmse      forces_mae     forces_rmse
    221          0          0.0134        8.84e-05          0.0133         0.00666          0.0115         0.00888          0.0142
    221         10          0.0101        1.01e-05          0.0101         0.00331          0.0039         0.00888          0.0123
    221         20          0.0161        0.000715          0.0154          0.0157          0.0328          0.0104          0.0152


2025-11-20 17:27:59: Epoch summary:
Validation  # epoch      total_loss     energy_loss     forces_loss      energy_mae     energy_rmse      forces_mae     forces_rmse
                221          0.0133        5.26e-05          0.0132         0.00479         0.00684         0.00964          0.0139
Train       # epoch      total_loss     energy_loss     forces_loss      energy_mae     energy_rmse      forces_mae     forces_rmse
                221          0.0183        0.000432          0.0179          0.0199          0.0222          0.0119          0.0163


2025-11-20 17:27:59: Training
# epoch      batch      total_loss     energy_loss     forces_loss      energy_mae     energy_rmse      forces_mae     forces_rmse
    222          0          0.0166        0.000488          0.0161          0.0264          0.0271          0.0117          0.0156
    222         10          0.0156          0.0003          0.0153            0.02          0.0212          0.0112          0.0152
    222         20          0.0123        0.000655          0.0117          0.0195          0.0314          0.0101          0.0133
    222         30           0.018        2.53e-05          0.0179         0.00442         0.00618          0.0114          0.0164
    222         40          0.0193        8.25e-05          0.0192          0.0101          0.0111          0.0127           0.017
    222         50          0.0142        0.000352          0.0139          0.0224           0.023          0.0109          0.0144
    222         60          0.0195        7.15e-05          0.0194          0.0082          0.0104          0.0123          0.0171
    222         70          0.0382        0.000576          0.0376          0.0247          0.0294          0.0175          0.0238
    222         80          0.0396         0.00158           0.038           0.047          0.0487          0.0169          0.0239
    222         90          0.0304        0.000798          0.0296          0.0325          0.0347          0.0158          0.0211
    222        100          0.0258        0.000591          0.0252          0.0289          0.0298          0.0147          0.0195
    222        110          0.0189        3.17e-05          0.0189         0.00572          0.0069          0.0127          0.0169


2025-11-20 17:28:11: Validating
# epoch      batch      total_loss     energy_loss     forces_loss      energy_mae     energy_rmse      forces_mae     forces_rmse
    222          0          0.0142        9.35e-05          0.0141         0.00688          0.0119         0.00906          0.0146
    222         10          0.0104         8.2e-06          0.0104         0.00294         0.00351         0.00893          0.0125
    222         20          0.0159        0.000745          0.0151          0.0166          0.0335          0.0104          0.0151


2025-11-20 17:28:12: Epoch summary:
Validation  # epoch      total_loss     energy_loss     forces_loss      energy_mae     energy_rmse      forces_mae     forces_rmse
                222          0.0134        5.61e-05          0.0134         0.00507         0.00715         0.00968           0.014
Train       # epoch      total_loss     energy_loss     forces_loss      energy_mae     energy_rmse      forces_mae     forces_rmse
                222          0.0233         0.00087          0.0225          0.0264          0.0285           0.013           0.018


2025-11-20 17:28:12: Training
# epoch      batch      total_loss     energy_loss     forces_loss      energy_mae     energy_rmse      forces_mae     forces_rmse
    223          0          0.0235        5.13e-05          0.0234         0.00608         0.00879          0.0138          0.0188
    223         10          0.0171         0.00155          0.0155          0.0479          0.0483          0.0114          0.0153
    223         20          0.0229        0.000527          0.0223           0.027          0.0282          0.0131          0.0183
    223         30          0.0262         0.00357          0.0226          0.0726          0.0733          0.0137          0.0185
    223         40          0.0227         0.00236          0.0204          0.0588          0.0596          0.0128          0.0175
    223         50          0.0171        5.13e-05           0.017         0.00654         0.00879           0.012           0.016
    223         60          0.0139         0.00044          0.0134          0.0231          0.0257          0.0107          0.0142
    223         70          0.0162        0.000504          0.0157          0.0172          0.0276          0.0112          0.0154
    223         80          0.0173        6.78e-05          0.0172         0.00846          0.0101          0.0117          0.0161
    223         90          0.0169         0.00123          0.0157          0.0425           0.043           0.011          0.0154
    223        100          0.0306         0.00104          0.0296          0.0389          0.0395          0.0123          0.0211
    223        110          0.0204        0.000168          0.0203          0.0123          0.0159          0.0125          0.0175


2025-11-20 17:28:23: Validating
# epoch      batch      total_loss     energy_loss     forces_loss      energy_mae     energy_rmse      forces_mae     forces_rmse
    223          0          0.0137        9.17e-05          0.0136         0.00657          0.0117         0.00903          0.0143
    223         10          0.0106        8.52e-06          0.0106         0.00303         0.00358         0.00901          0.0126
    223         20          0.0153        0.000735          0.0145          0.0161          0.0333          0.0103          0.0148


2025-11-20 17:28:24: Epoch summary:
Validation  # epoch      total_loss     energy_loss     forces_loss      energy_mae     energy_rmse      forces_mae     forces_rmse
                223          0.0132        5.56e-05          0.0132         0.00504         0.00714         0.00965          0.0139
Train       # epoch      total_loss     energy_loss     forces_loss      energy_mae     energy_rmse      forces_mae     forces_rmse
                223          0.0193        0.000727          0.0186          0.0255          0.0278          0.0121          0.0166


2025-11-20 17:28:24: Training
# epoch      batch      total_loss     energy_loss     forces_loss      energy_mae     energy_rmse      forces_mae     forces_rmse
    224          0          0.0202         0.00174          0.0185          0.0504          0.0511          0.0125          0.0167
    224         10          0.0249        0.000321          0.0246          0.0176           0.022          0.0141          0.0193
    224         20          0.0193        0.000582          0.0187          0.0279          0.0296          0.0118          0.0168
    224         30          0.0266         0.00391          0.0227          0.0758          0.0768          0.0135          0.0185
    224         40          0.0358        0.000557          0.0353          0.0247           0.029          0.0163          0.0231
    224         50          0.0378         0.00165          0.0362          0.0482          0.0499          0.0157          0.0233
    224         60          0.0311         0.00342          0.0277          0.0715          0.0718          0.0151          0.0204
    224         70          0.0399         0.00842          0.0315           0.112           0.113          0.0155          0.0218
    224         80          0.0218        0.000872          0.0209          0.0284          0.0362          0.0131          0.0177
    224         90          0.0244         0.00388          0.0205           0.076          0.0764          0.0132          0.0176
    224        100          0.0173         0.00125          0.0161           0.043          0.0434          0.0118          0.0156
    224        110          0.0176        0.000632           0.017          0.0192          0.0308          0.0119           0.016


2025-11-20 17:28:34: Validating
# epoch      batch      total_loss     energy_loss     forces_loss      energy_mae     energy_rmse      forces_mae     forces_rmse
    224          0           0.014        0.000115          0.0138         0.00745          0.0131         0.00909          0.0144
    224         10          0.0111        1.15e-05          0.0111         0.00361         0.00417         0.00914          0.0129
    224         20          0.0141        0.000738          0.0133          0.0161          0.0333            0.01          0.0142


2025-11-20 17:28:36: Epoch summary:
Validation  # epoch      total_loss     energy_loss     forces_loss      energy_mae     energy_rmse      forces_mae     forces_rmse
                224          0.0133         6.1e-05          0.0133         0.00556         0.00767         0.00966           0.014
Train       # epoch      total_loss     energy_loss     forces_loss      energy_mae     energy_rmse      forces_mae     forces_rmse
                224          0.0278         0.00161          0.0262          0.0374          0.0398           0.014          0.0195


2025-11-20 17:28:36: Training
# epoch      batch      total_loss     energy_loss     forces_loss      energy_mae     energy_rmse      forces_mae     forces_rmse
    225          0           0.018        0.000798          0.0172          0.0304          0.0347          0.0118          0.0161
    225         10          0.0114        0.000419           0.011          0.0241          0.0251         0.00954          0.0128
    225         20          0.0137         6.6e-05          0.0137         0.00889         0.00997          0.0106          0.0143
    225         30          0.0143        0.000219          0.0141          0.0165          0.0181          0.0108          0.0146
    225         40          0.0156        0.000184          0.0154          0.0159          0.0167          0.0109          0.0152
    225         50          0.0225        0.000568          0.0219           0.027          0.0292          0.0118          0.0182
    225         60          0.0183        7.02e-05          0.0183         0.00775          0.0103          0.0119          0.0166
    225         70          0.0144         0.00089          0.0135          0.0362          0.0366          0.0105          0.0142
    225         80           0.013        0.000187          0.0128          0.0156          0.0168          0.0104          0.0139
    225         90          0.0153        0.000457          0.0149          0.0244          0.0262          0.0111           0.015
    225        100          0.0129        0.000159          0.0128         0.00998          0.0155          0.0102          0.0139
    225        110           0.018        0.000134          0.0179          0.0113          0.0142           0.012          0.0164


2025-11-20 17:28:46: Validating
# epoch      batch      total_loss     energy_loss     forces_loss      energy_mae     energy_rmse      forces_mae     forces_rmse
    225          0          0.0139        9.89e-05          0.0138         0.00694          0.0122         0.00901          0.0144
    225         10          0.0107        1.05e-05          0.0107          0.0034         0.00398         0.00904          0.0127
    225         20           0.014         0.00072          0.0133          0.0153          0.0329         0.00991          0.0141


2025-11-20 17:28:48: Epoch summary:
Validation  # epoch      total_loss     energy_loss     forces_loss      energy_mae     energy_rmse      forces_mae     forces_rmse
                225          0.0132         5.6e-05          0.0131         0.00516         0.00721         0.00961          0.0139
Train       # epoch      total_loss     energy_loss     forces_loss      energy_mae     energy_rmse      forces_mae     forces_rmse
                225          0.0155        0.000467           0.015          0.0219          0.0239          0.0109          0.0149


2025-11-20 17:28:48: Training
# epoch      batch      total_loss     energy_loss     forces_loss      energy_mae     energy_rmse      forces_mae     forces_rmse
    226          0          0.0146        0.000547          0.0141          0.0273          0.0287          0.0109          0.0146
    226         10          0.0147        3.23e-05          0.0147         0.00531         0.00698          0.0111          0.0149
    226         20          0.0102        0.000642         0.00961          0.0305          0.0311         0.00902           0.012
    226         30          0.0141         9.1e-05           0.014         0.00887          0.0117          0.0108          0.0145
    226         40          0.0144        0.000314          0.0141           0.021          0.0218          0.0109          0.0146
    226         50          0.0172        0.000153          0.0171          0.0141          0.0152          0.0115           0.016
    226         60          0.0159        0.000425          0.0154          0.0231          0.0253          0.0112          0.0152
    226         70          0.0206        0.000279          0.0203          0.0187          0.0205          0.0117          0.0175
    226         80          0.0243         0.00254          0.0217            0.06          0.0618          0.0129          0.0181
    226         90          0.0313          0.0033           0.028          0.0698          0.0705          0.0142          0.0205
    226        100          0.0288         0.00677          0.0221          0.0987           0.101          0.0135          0.0182
    226        110           0.021        0.000199          0.0208          0.0158          0.0173          0.0138          0.0177


2025-11-20 17:28:58: Validating
# epoch      batch      total_loss     energy_loss     forces_loss      energy_mae     energy_rmse      forces_mae     forces_rmse
    226          0          0.0138        8.29e-05          0.0138         0.00673          0.0112         0.00904          0.0144
    226         10          0.0106        1.03e-05          0.0106         0.00333         0.00393         0.00899          0.0127
    226         20          0.0143        0.000737          0.0136          0.0157          0.0333          0.0101          0.0143


2025-11-20 17:29:00: Epoch summary:
Validation  # epoch      total_loss     energy_loss     forces_loss      energy_mae     energy_rmse      forces_mae     forces_rmse
                226          0.0131        5.55e-05          0.0131         0.00515         0.00716          0.0096          0.0139
Train       # epoch      total_loss     energy_loss     forces_loss      energy_mae     energy_rmse      forces_mae     forces_rmse
                226          0.0203         0.00112          0.0191          0.0317          0.0336           0.012          0.0167


2025-11-20 17:29:00: Training
# epoch      batch      total_loss     energy_loss     forces_loss      energy_mae     energy_rmse      forces_mae     forces_rmse
    227          0          0.0381         0.00118          0.0369          0.0414          0.0421          0.0153          0.0236
    227         10          0.0177        0.000681           0.017           0.031           0.032          0.0121           0.016
    227         20          0.0284         0.00045          0.0279           0.023           0.026          0.0154          0.0205
    227         30          0.0229         0.00138          0.0215          0.0438          0.0456          0.0134           0.018
    227         40          0.0122        0.000524          0.0117          0.0277          0.0281          0.0101          0.0133
    227         50          0.0126        4.47e-05          0.0125         0.00696          0.0082          0.0102          0.0137
    227         60          0.0117        3.92e-05          0.0116         0.00628         0.00768         0.00996          0.0132
    227         70          0.0164        0.000349          0.0161          0.0221          0.0229          0.0116          0.0155
    227         80          0.0146          0.0003          0.0143          0.0204          0.0212           0.011          0.0147
    227         90          0.0153         7.5e-05          0.0153         0.00853          0.0106          0.0114          0.0152
    227        100          0.0231        0.000504          0.0226          0.0258          0.0275           0.013          0.0185
    227        110          0.0167         0.00161           0.015          0.0488          0.0493          0.0114          0.0151


2025-11-20 17:29:11: Validating
# epoch      batch      total_loss     energy_loss     forces_loss      energy_mae     energy_rmse      forces_mae     forces_rmse
    227          0          0.0137        7.75e-05          0.0136         0.00634          0.0108         0.00903          0.0143
    227         10          0.0106        8.26e-06          0.0106         0.00298         0.00353         0.00891          0.0126
    227         20          0.0149        0.000751          0.0142          0.0158          0.0336          0.0102          0.0146


2025-11-20 17:29:12: Epoch summary:
Validation  # epoch      total_loss     energy_loss     forces_loss      energy_mae     energy_rmse      forces_mae     forces_rmse
                227          0.0131        5.25e-05           0.013         0.00479         0.00675         0.00958          0.0138
Train       # epoch      total_loss     energy_loss     forces_loss      energy_mae     energy_rmse      forces_mae     forces_rmse
                227          0.0176        0.000848          0.0168          0.0289          0.0306          0.0116          0.0157


2025-11-20 17:29:12: Training
# epoch      batch      total_loss     energy_loss     forces_loss      energy_mae     energy_rmse      forces_mae     forces_rmse
    228          0          0.0135        0.000613          0.0129          0.0292          0.0304          0.0105          0.0139
    228         10          0.0195        0.000137          0.0194          0.0131          0.0143          0.0126          0.0171
    228         20          0.0147        0.000265          0.0144          0.0186            0.02           0.011          0.0147
    228         30          0.0152        5.05e-05          0.0151         0.00786         0.00872          0.0115          0.0151
    228         40          0.0121        4.94e-05          0.0121         0.00753         0.00863          0.0103          0.0135
    228         50          0.0187        5.01e-05          0.0187         0.00732         0.00869          0.0123          0.0168
    228         60          0.0161        0.000418          0.0157          0.0215          0.0251          0.0116          0.0154
    228         70          0.0156        0.000964          0.0146          0.0364          0.0381          0.0112          0.0148
    228         80          0.0126        0.000979          0.0116          0.0379          0.0384          0.0102          0.0132
    228         90           0.016        0.000662          0.0154          0.0306          0.0316          0.0109          0.0152
    228        100          0.0146        3.49e-05          0.0145         0.00625         0.00725           0.011          0.0148
    228        110          0.0145        0.000225          0.0143          0.0155          0.0184          0.0106          0.0147


2025-11-20 17:29:24: Validating
# epoch      batch      total_loss     energy_loss     forces_loss      energy_mae     energy_rmse      forces_mae     forces_rmse
    228          0           0.014        8.51e-05          0.0139         0.00648          0.0113         0.00907          0.0145
    228         10          0.0105        8.21e-06          0.0105         0.00295         0.00352          0.0089          0.0125
    228         20          0.0149         0.00073          0.0142          0.0153          0.0332          0.0102          0.0146


2025-11-20 17:29:25: Epoch summary:
Validation  # epoch      total_loss     energy_loss     forces_loss      energy_mae     energy_rmse      forces_mae     forces_rmse
                228          0.0132        5.36e-05          0.0131         0.00489         0.00695         0.00959          0.0139
Train       # epoch      total_loss     energy_loss     forces_loss      energy_mae     energy_rmse      forces_mae     forces_rmse
                228          0.0152        0.000428          0.0147          0.0199          0.0221           0.011          0.0148


2025-11-20 17:29:25: Training
# epoch      batch      total_loss     energy_loss     forces_loss      energy_mae     energy_rmse      forces_mae     forces_rmse
    229          0          0.0113        0.000206          0.0111          0.0159          0.0176         0.00985          0.0129
    229         10          0.0124         0.00019          0.0123          0.0154          0.0169          0.0102          0.0136
    229         20           0.012        0.000163          0.0119          0.0143          0.0157          0.0101          0.0134
    229         30          0.0185        0.000547           0.018          0.0227          0.0287          0.0122          0.0165
    229         40          0.0145        0.000574          0.0139          0.0286          0.0294          0.0108          0.0145
    229         50          0.0107        0.000544          0.0102          0.0268          0.0286         0.00921          0.0124
    229         60         0.00964        0.000119         0.00952           0.012          0.0134         0.00886           0.012
    229         70          0.0167         0.00038          0.0163          0.0228          0.0239          0.0113          0.0157
    229         80          0.0155         0.00118          0.0143          0.0366          0.0422          0.0107          0.0147
    229         90          0.0171        5.65e-05           0.017          0.0072         0.00923          0.0119           0.016
    229        100          0.0263         0.00206          0.0242          0.0551          0.0557          0.0137          0.0191
    229        110          0.0352          0.0018          0.0334          0.0512          0.0521           0.016          0.0224


2025-11-20 17:29:36: Validating
# epoch      batch      total_loss     energy_loss     forces_loss      energy_mae     energy_rmse      forces_mae     forces_rmse
    229          0          0.0139        8.62e-05          0.0138         0.00606          0.0114         0.00906          0.0144
    229         10          0.0104         7.6e-06          0.0104         0.00299         0.00338         0.00893          0.0125
    229         20          0.0146        0.000731          0.0139          0.0147          0.0332          0.0101          0.0145


2025-11-20 17:29:38: Epoch summary:
Validation  # epoch      total_loss     energy_loss     forces_loss      energy_mae     energy_rmse      forces_mae     forces_rmse
                229          0.0132        5.29e-05          0.0131          0.0047         0.00684          0.0096          0.0139
Train       # epoch      total_loss     energy_loss     forces_loss      energy_mae     energy_rmse      forces_mae     forces_rmse
                229          0.0191         0.00088          0.0182          0.0254          0.0279          0.0116          0.0161


2025-11-20 17:29:38: Training
# epoch      batch      total_loss     energy_loss     forces_loss      energy_mae     energy_rmse      forces_mae     forces_rmse
    230          0          0.0278         0.00731          0.0205           0.105           0.105          0.0133          0.0176
    230         10          0.0198        0.000389          0.0195          0.0236          0.0242          0.0125          0.0171
    230         20          0.0503        0.000691          0.0496          0.0293          0.0323          0.0181          0.0273
    230         30          0.0295        0.000901          0.0286          0.0349          0.0368          0.0142          0.0207
    230         40          0.0292         0.00188          0.0274          0.0526          0.0531          0.0152          0.0203
    230         50          0.0217        0.000739           0.021          0.0321          0.0334           0.013          0.0178
    230         60          0.0174         0.00115          0.0162           0.041          0.0416          0.0118          0.0156
    230         70          0.0116        0.000483          0.0111          0.0263           0.027         0.00966           0.013
    230         80          0.0183         0.00039          0.0179          0.0229          0.0242          0.0121          0.0164
    230         90          0.0189         0.00265          0.0163          0.0591          0.0632          0.0115          0.0157
    230        100           0.013        0.000504          0.0125          0.0272          0.0275          0.0102          0.0137
    230        110          0.0125        0.000433          0.0121          0.0243          0.0255         0.00993          0.0135


2025-11-20 17:29:49: Validating
# epoch      batch      total_loss     energy_loss     forces_loss      energy_mae     energy_rmse      forces_mae     forces_rmse
    230          0          0.0136        0.000102          0.0135         0.00729          0.0124         0.00893          0.0142
    230         10          0.0104        7.53e-06          0.0104         0.00288         0.00337         0.00894          0.0125
    230         20          0.0149        0.000721          0.0141          0.0152          0.0329          0.0101          0.0146


2025-11-20 17:29:50: Epoch summary:
Validation  # epoch      total_loss     energy_loss     forces_loss      energy_mae     energy_rmse      forces_mae     forces_rmse
                230          0.0132        5.61e-05          0.0132          0.0051         0.00721         0.00962          0.0139
Train       # epoch      total_loss     energy_loss     forces_loss      energy_mae     energy_rmse      forces_mae     forces_rmse
                230           0.022        0.000983          0.0211          0.0319           0.034          0.0127          0.0175


2025-11-20 17:29:50: Training
# epoch      batch      total_loss     energy_loss     forces_loss      energy_mae     energy_rmse      forces_mae     forces_rmse
    231          0          0.0115        0.000575           0.011          0.0125          0.0294         0.00981          0.0129
    231         10          0.0131        0.000722          0.0123          0.0322           0.033          0.0104          0.0136
    231         20          0.0124        0.000624          0.0118          0.0299          0.0307          0.0097          0.0133
    231         30          0.0107         0.00101         0.00972          0.0385          0.0389         0.00929          0.0121
    231         40          0.0134        0.000435          0.0129          0.0225          0.0256          0.0104           0.014
    231         50          0.0121        0.000448          0.0116          0.0245           0.026         0.00979          0.0132
    231         60          0.0155        0.000492          0.0151          0.0261          0.0272          0.0113          0.0151
    231         70          0.0121        0.000243          0.0119          0.0172          0.0191          0.0101          0.0134
    231         80          0.0159        0.000116          0.0158          0.0115          0.0132          0.0114          0.0154
    231         90          0.0123        0.000365           0.012          0.0231          0.0234            0.01          0.0134
    231        100          0.0227         0.00101          0.0217          0.0367           0.039          0.0135          0.0181
    231        110          0.0181         0.00099          0.0171          0.0383          0.0386          0.0119          0.0161


2025-11-20 17:30:01: Validating
# epoch      batch      total_loss     energy_loss     forces_loss      energy_mae     energy_rmse      forces_mae     forces_rmse
    231          0          0.0133        9.82e-05          0.0132         0.00683          0.0122         0.00893          0.0141
    231         10          0.0101        6.89e-06          0.0101          0.0028         0.00322         0.00888          0.0124
    231         20          0.0149        0.000708          0.0142          0.0151          0.0326          0.0101          0.0146


2025-11-20 17:30:03: Epoch summary:
Validation  # epoch      total_loss     energy_loss     forces_loss      energy_mae     energy_rmse      forces_mae     forces_rmse
                231          0.0132        5.37e-05          0.0132         0.00484         0.00695         0.00962          0.0139
Train       # epoch      total_loss     energy_loss     forces_loss      energy_mae     energy_rmse      forces_mae     forces_rmse
                231          0.0146        0.000609           0.014          0.0255          0.0274          0.0107          0.0144


2025-11-20 17:30:03: Training
# epoch      batch      total_loss     energy_loss     forces_loss      energy_mae     energy_rmse      forces_mae     forces_rmse
    232          0          0.0188        0.000172          0.0186          0.0135          0.0161          0.0121          0.0167
    232         10          0.0122        0.000493          0.0117          0.0259          0.0272         0.00956          0.0133
    232         20           0.014        0.000114          0.0139         0.00903          0.0131          0.0106          0.0145
    232         30          0.0228        0.000301          0.0225          0.0191          0.0213          0.0126          0.0184
    232         40          0.0125        0.000162          0.0123          0.0137          0.0156          0.0104          0.0136
    232         50          0.0117        7.47e-05          0.0116         0.00869          0.0106         0.00985          0.0132
    232         60          0.0117        0.000531          0.0112          0.0279          0.0283         0.00984           0.013
    232         70           0.016        0.000127          0.0158          0.0109          0.0138          0.0114          0.0154
    232         80          0.0113        0.000482          0.0108          0.0268          0.0269         0.00955          0.0128
    232         90          0.0173        0.000508          0.0168          0.0268          0.0277           0.012          0.0159
    232        100          0.0166         0.00121          0.0154          0.0415          0.0426          0.0115          0.0152
    232        110          0.0211        0.000642          0.0204          0.0294          0.0311          0.0129          0.0175


2025-11-20 17:30:14: Validating
# epoch      batch      total_loss     energy_loss     forces_loss      energy_mae     energy_rmse      forces_mae     forces_rmse
    232          0          0.0133        9.17e-05          0.0132         0.00638          0.0117          0.0089          0.0141
    232         10            0.01        7.37e-06            0.01         0.00293         0.00333         0.00888          0.0123
    232         20          0.0148        0.000727           0.014          0.0155          0.0331          0.0102          0.0145


2025-11-20 17:30:15: Epoch summary:
Validation  # epoch      total_loss     energy_loss     forces_loss      energy_mae     energy_rmse      forces_mae     forces_rmse
                232          0.0132        5.44e-05          0.0132         0.00486         0.00699         0.00962          0.0139
Train       # epoch      total_loss     energy_loss     forces_loss      energy_mae     energy_rmse      forces_mae     forces_rmse
                232          0.0164        0.000532          0.0158          0.0226          0.0247          0.0112          0.0153


2025-11-20 17:30:15: Training
# epoch      batch      total_loss     energy_loss     forces_loss      energy_mae     energy_rmse      forces_mae     forces_rmse
    233          0          0.0137        6.17e-05          0.0137         0.00707         0.00964          0.0108          0.0143
    233         10          0.0139        0.000605          0.0133          0.0197          0.0302          0.0106          0.0142
    233         20          0.0133         0.00038          0.0129          0.0228          0.0239          0.0102          0.0139
    233         30          0.0155        0.000128          0.0154          0.0108          0.0139           0.011          0.0152
    233         40          0.0157        0.000327          0.0154          0.0195          0.0222           0.011          0.0152
    233         50          0.0127        0.000233          0.0125          0.0176          0.0187          0.0101          0.0137
    233         60          0.0096        0.000828         0.00877          0.0349          0.0353          0.0087          0.0115
    233         70           0.021         0.00283          0.0182          0.0647          0.0653          0.0126          0.0165
    233         80          0.0226        0.000398          0.0222          0.0201          0.0245          0.0123          0.0183
    233         90          0.0175         0.00211          0.0154          0.0554          0.0563          0.0113          0.0152
    233        100          0.0244         0.00239           0.022          0.0583          0.0599           0.014          0.0182
    233        110          0.0213        0.000413          0.0209          0.0236           0.025          0.0123          0.0177


2025-11-20 17:30:26: Validating
# epoch      batch      total_loss     energy_loss     forces_loss      energy_mae     energy_rmse      forces_mae     forces_rmse
    233          0           0.014        9.26e-05           0.014         0.00659          0.0118         0.00904          0.0145
    233         10         0.00994        6.01e-06         0.00993         0.00255         0.00301         0.00879          0.0122
    233         20          0.0152        0.000713          0.0145          0.0156          0.0328          0.0103          0.0148


2025-11-20 17:30:28: Epoch summary:
Validation  # epoch      total_loss     energy_loss     forces_loss      energy_mae     energy_rmse      forces_mae     forces_rmse
                233          0.0133         5.5e-05          0.0132         0.00499         0.00716         0.00962          0.0139
Train       # epoch      total_loss     energy_loss     forces_loss      energy_mae     energy_rmse      forces_mae     forces_rmse
                233          0.0188         0.00129          0.0175          0.0351          0.0371          0.0117           0.016


2025-11-20 17:30:28: Training
# epoch      batch      total_loss     energy_loss     forces_loss      energy_mae     energy_rmse      forces_mae     forces_rmse
    234          0          0.0155         0.00114          0.0143          0.0405          0.0415          0.0114          0.0147
    234         10          0.0264        7.67e-05          0.0264         0.00858          0.0107           0.014          0.0199
    234         20          0.0224        0.000632          0.0218          0.0271          0.0309          0.0135          0.0181
    234         30          0.0156        0.000592           0.015          0.0281          0.0298          0.0115           0.015
    234         40          0.0202         0.00154          0.0186          0.0325          0.0482          0.0124          0.0167
    234         50          0.0181        4.56e-05           0.018         0.00604         0.00828          0.0126          0.0165
    234         60          0.0164        0.000129          0.0163          0.0116          0.0139          0.0113          0.0157
    234         70          0.0151        2.15e-05          0.0151         0.00506         0.00569           0.011          0.0151
    234         80          0.0126        6.96e-05          0.0126         0.00922          0.0102          0.0103          0.0138
    234         90          0.0123        8.88e-05          0.0123          0.0091          0.0116         0.00986          0.0136
    234        100          0.0201        0.000732          0.0194          0.0325          0.0332          0.0127          0.0171
    234        110          0.0144        0.000433          0.0139          0.0247          0.0255          0.0106          0.0145


2025-11-20 17:30:39: Validating
# epoch      batch      total_loss     energy_loss     forces_loss      energy_mae     energy_rmse      forces_mae     forces_rmse
    234          0          0.0138        9.93e-05          0.0137         0.00679          0.0122           0.009          0.0144
    234         10            0.01        6.11e-06         0.00999         0.00273         0.00303         0.00883          0.0123
    234         20          0.0152        0.000677          0.0145           0.016          0.0319          0.0104          0.0148


2025-11-20 17:30:40: Epoch summary:
Validation  # epoch      total_loss     energy_loss     forces_loss      energy_mae     energy_rmse      forces_mae     forces_rmse
                234          0.0133        5.44e-05          0.0133          0.0051          0.0072         0.00965           0.014
Train       # epoch      total_loss     energy_loss     forces_loss      energy_mae     energy_rmse      forces_mae     forces_rmse
                234          0.0184        0.000439          0.0179          0.0196          0.0222           0.012          0.0163


2025-11-20 17:30:40: Training
# epoch      batch      total_loss     energy_loss     forces_loss      energy_mae     energy_rmse      forces_mae     forces_rmse
    235          0          0.0201        0.000151            0.02         0.00891          0.0151          0.0128          0.0173
    235         10          0.0183        7.56e-05          0.0182         0.00857          0.0107          0.0125          0.0166
    235         20          0.0142          0.0014          0.0128          0.0452          0.0459          0.0105          0.0139
    235         30          0.0155        0.000621          0.0149          0.0299          0.0306          0.0113           0.015
    235         40          0.0138        0.000196          0.0136          0.0158          0.0172          0.0108          0.0143
    235         50          0.0137        0.000469          0.0133          0.0255          0.0266          0.0106          0.0141
    235         60          0.0152        7.52e-05          0.0151          0.0095          0.0106          0.0112          0.0151
    235         70            0.02        0.000296          0.0197          0.0127          0.0211          0.0128          0.0172
    235         80          0.0225        0.000132          0.0224          0.0115          0.0141          0.0138          0.0184
    235         90          0.0126        0.000443          0.0122          0.0244          0.0258          0.0102          0.0135
    235        100          0.0138        5.94e-05          0.0138         0.00794         0.00946          0.0105          0.0144
    235        110          0.0168         0.00012          0.0167          0.0112          0.0134          0.0118          0.0158


2025-11-20 17:30:51: Validating
# epoch      batch      total_loss     energy_loss     forces_loss      energy_mae     energy_rmse      forces_mae     forces_rmse
    235          0          0.0138        9.67e-05          0.0137         0.00683          0.0121         0.00901          0.0143
    235         10         0.00989        5.94e-06         0.00988         0.00265         0.00299         0.00877          0.0122
    235         20          0.0152        0.000724          0.0145          0.0165           0.033          0.0103          0.0148


2025-11-20 17:30:52: Epoch summary:
Validation  # epoch      total_loss     energy_loss     forces_loss      energy_mae     energy_rmse      forces_mae     forces_rmse
                235          0.0133        5.51e-05          0.0132         0.00503         0.00711         0.00963          0.0139
Train       # epoch      total_loss     energy_loss     forces_loss      energy_mae     energy_rmse      forces_mae     forces_rmse
                235           0.017        0.000335          0.0167          0.0167          0.0193          0.0115          0.0157


2025-11-20 17:30:52: Training
# epoch      batch      total_loss     energy_loss     forces_loss      energy_mae     energy_rmse      forces_mae     forces_rmse
    236          0          0.0182        0.000279          0.0179          0.0188          0.0205          0.0119          0.0164
    236         10          0.0171        0.000353          0.0167          0.0212          0.0231          0.0114          0.0159
    236         20          0.0207        0.000292          0.0204          0.0186           0.021          0.0128          0.0175
    236         30          0.0155         6.4e-05          0.0154         0.00774         0.00982          0.0108          0.0152
    236         40          0.0139        5.63e-05          0.0138         0.00729         0.00921          0.0108          0.0144
    236         50          0.0134        0.000316          0.0131          0.0185          0.0218          0.0106           0.014
    236         60          0.0138         0.00182           0.012          0.0517          0.0523          0.0102          0.0135
    236         70          0.0106         0.00052          0.0101          0.0277           0.028         0.00943          0.0123
    236         80          0.0177        0.000602          0.0171          0.0281          0.0301          0.0118          0.0161
    236         90          0.0112        0.000473          0.0108          0.0264          0.0267         0.00945          0.0127
    236        100          0.0144        0.000141          0.0143          0.0128          0.0146          0.0109          0.0147
    236        110           0.013        0.000278          0.0127          0.0197          0.0205          0.0101          0.0138


2025-11-20 17:31:03: Validating
# epoch      batch      total_loss     energy_loss     forces_loss      energy_mae     energy_rmse      forces_mae     forces_rmse
    236          0          0.0137        8.81e-05          0.0136         0.00642          0.0115           0.009          0.0143
    236         10          0.0101        7.12e-06          0.0101         0.00277         0.00327         0.00881          0.0123
    236         20          0.0147        0.000742           0.014          0.0163          0.0334          0.0101          0.0145


2025-11-20 17:31:04: Epoch summary:
Validation  # epoch      total_loss     energy_loss     forces_loss      energy_mae     energy_rmse      forces_mae     forces_rmse
                236          0.0131        5.52e-05          0.0131         0.00502         0.00711         0.00959          0.0139
Train       # epoch      total_loss     energy_loss     forces_loss      energy_mae     energy_rmse      forces_mae     forces_rmse
                236          0.0151        0.000417          0.0147          0.0193          0.0216          0.0109          0.0148


2025-11-20 17:31:04: Training
# epoch      batch      total_loss     energy_loss     forces_loss      energy_mae     energy_rmse      forces_mae     forces_rmse
    237          0          0.0122        4.11e-05          0.0121         0.00618         0.00787          0.0104          0.0135
    237         10          0.0175        6.68e-05          0.0174          0.0082            0.01          0.0116          0.0162
    237         20          0.0152        0.000344          0.0149           0.021          0.0228          0.0109           0.015
    237         30          0.0134        8.93e-05          0.0133         0.00945          0.0116          0.0108          0.0142
    237         40          0.0145        3.64e-05          0.0144         0.00632          0.0074           0.011          0.0147
    237         50          0.0121         0.00184          0.0102          0.0524          0.0527          0.0093          0.0124
    237         60          0.0149        0.000596          0.0143          0.0286            0.03          0.0107          0.0147
    237         70          0.0103        2.96e-05          0.0103         0.00543         0.00668         0.00951          0.0124
    237         80          0.0291        9.76e-05           0.029         0.00919          0.0121          0.0133          0.0209
    237         90           0.012        0.000295          0.0117          0.0201          0.0211         0.00975          0.0133
    237        100          0.0128        0.000581          0.0122          0.0292          0.0296          0.0104          0.0136
    237        110          0.0145        0.000531           0.014          0.0265          0.0283          0.0106          0.0145


2025-11-20 17:31:15: Validating
# epoch      batch      total_loss     energy_loss     forces_loss      energy_mae     energy_rmse      forces_mae     forces_rmse
    237          0          0.0134        8.97e-05          0.0133          0.0061          0.0116         0.00888          0.0141
    237         10          0.0101        7.38e-06          0.0101          0.0029         0.00333         0.00877          0.0123
    237         20          0.0147        0.000756           0.014          0.0162          0.0337          0.0101          0.0145


2025-11-20 17:31:16: Epoch summary:
Validation  # epoch      total_loss     energy_loss     forces_loss      energy_mae     energy_rmse      forces_mae     forces_rmse
                237          0.0131        5.48e-05           0.013         0.00485         0.00696         0.00956          0.0138
Train       # epoch      total_loss     energy_loss     forces_loss      energy_mae     energy_rmse      forces_mae     forces_rmse
                237           0.014         0.00038          0.0136          0.0192          0.0212          0.0105          0.0142


2025-11-20 17:31:16: Training
# epoch      batch      total_loss     energy_loss     forces_loss      energy_mae     energy_rmse      forces_mae     forces_rmse
    238          0          0.0111        0.000133           0.011          0.0128          0.0142         0.00959          0.0129
    238         10          0.0116        7.59e-05          0.0115          0.0097          0.0107         0.00999          0.0132
    238         20           0.013        0.000554          0.0125          0.0286          0.0289          0.0101          0.0137
    238         30          0.0174        6.13e-05          0.0173         0.00689          0.0096          0.0112          0.0161
    238         40          0.0175        0.000706          0.0167          0.0172          0.0326           0.012          0.0159
    238         50          0.0145        0.000127          0.0144          0.0117          0.0138          0.0106          0.0147
    238         60          0.0154        0.000517          0.0149           0.026          0.0279          0.0108           0.015
    238         70          0.0119        9.07e-05          0.0119         0.00926          0.0117          0.0101          0.0134
    238         80          0.0198        0.000836           0.019          0.0236          0.0355          0.0123          0.0169
    238         90          0.0237         0.00354          0.0202          0.0723           0.073          0.0128          0.0174
    238        100          0.0335        0.000382          0.0332          0.0184           0.024          0.0154          0.0223
    238        110          0.0166        0.000178          0.0165          0.0151          0.0164          0.0115          0.0157


2025-11-20 17:31:27: Validating
# epoch      batch      total_loss     energy_loss     forces_loss      energy_mae     energy_rmse      forces_mae     forces_rmse
    238          0          0.0139        9.44e-05          0.0138         0.00648          0.0119         0.00903          0.0144
    238         10            0.01        6.87e-06            0.01         0.00259         0.00322         0.00875          0.0123
    238         20          0.0153        0.000766          0.0145          0.0161           0.034          0.0103          0.0148


2025-11-20 17:31:28: Epoch summary:
Validation  # epoch      total_loss     energy_loss     forces_loss      energy_mae     energy_rmse      forces_mae     forces_rmse
                238          0.0131        5.55e-05          0.0131         0.00485         0.00696         0.00957          0.0139
Train       # epoch      total_loss     energy_loss     forces_loss      energy_mae     energy_rmse      forces_mae     forces_rmse
                238           0.016        0.000349          0.0157          0.0172          0.0196          0.0112          0.0152


2025-11-20 17:31:28: Training
# epoch      batch      total_loss     energy_loss     forces_loss      energy_mae     energy_rmse      forces_mae     forces_rmse
    239          0          0.0173        8.63e-05          0.0172         0.00899          0.0114           0.012          0.0161
    239         10          0.0219         0.00014          0.0217          0.0134          0.0145          0.0124          0.0181
    239         20          0.0249        0.000176          0.0248          0.0147          0.0163          0.0136          0.0193
    239         30          0.0273        0.000622          0.0267          0.0299          0.0306          0.0149            0.02
    239         40          0.0221        0.000346          0.0217          0.0215          0.0228          0.0129          0.0181
    239         50          0.0167        0.000875          0.0158          0.0361          0.0363          0.0114          0.0154
    239         60          0.0168         0.00127          0.0155          0.0428          0.0437          0.0113          0.0153
    239         70          0.0192         0.00016           0.019          0.0105          0.0155          0.0127          0.0169
    239         80          0.0309        7.52e-05          0.0308         0.00843          0.0106          0.0152          0.0215
    239         90          0.0477         0.00045          0.0472          0.0201           0.026          0.0189          0.0267
    239        100          0.0187        3.31e-05          0.0187         0.00545         0.00706          0.0125          0.0168
    239        110          0.0258        0.000635          0.0252           0.029          0.0309          0.0141          0.0195


2025-11-20 17:31:39: Validating
# epoch      batch      total_loss     energy_loss     forces_loss      energy_mae     energy_rmse      forces_mae     forces_rmse
    239          0          0.0134        0.000106          0.0133          0.0071          0.0127         0.00899          0.0141
    239         10          0.0104        9.22e-06          0.0104         0.00323         0.00373         0.00894          0.0125
    239         20          0.0153        0.000776          0.0145          0.0173          0.0342          0.0103          0.0148


2025-11-20 17:31:41: Epoch summary:
Validation  # epoch      total_loss     energy_loss     forces_loss      energy_mae     energy_rmse      forces_mae     forces_rmse
                239          0.0133        5.94e-05          0.0132         0.00532          0.0074         0.00962          0.0139
Train       # epoch      total_loss     energy_loss     forces_loss      energy_mae     energy_rmse      forces_mae     forces_rmse
                239          0.0253        0.000577          0.0248          0.0238          0.0266          0.0135           0.019


2025-11-20 17:31:41: Training
# epoch      batch      total_loss     energy_loss     forces_loss      energy_mae     energy_rmse      forces_mae     forces_rmse
    240          0          0.0235        8.95e-05          0.0234         0.00789          0.0116          0.0136          0.0188
    240         10          0.0205         0.00017          0.0204          0.0135           0.016          0.0127          0.0175
    240         20          0.0252        0.000126          0.0251          0.0119          0.0138          0.0143          0.0194
    240         30          0.0168        0.000267          0.0165          0.0185            0.02          0.0115          0.0158
    240         40          0.0285         6.9e-05          0.0284         0.00843          0.0102          0.0146          0.0207
    240         50          0.0194        0.000702          0.0187          0.0317          0.0325          0.0123          0.0168
    240         60          0.0193        0.000127          0.0192          0.0114          0.0138          0.0124           0.017
    240         70           0.016        0.000649          0.0153          0.0303          0.0313          0.0112          0.0152
    240         80          0.0173        0.000974          0.0163          0.0377          0.0383          0.0112          0.0157
    240         90          0.0119        0.000133          0.0118          0.0126          0.0142          0.0101          0.0133
    240        100          0.0156        0.000109          0.0155         0.00961          0.0128          0.0117          0.0153
    240        110          0.0123         0.00032           0.012          0.0214           0.022         0.00998          0.0134


2025-11-20 17:31:51: Validating
# epoch      batch      total_loss     energy_loss     forces_loss      energy_mae     energy_rmse      forces_mae     forces_rmse
    240          0           0.014        0.000107          0.0138         0.00727          0.0127         0.00906          0.0144
    240         10          0.0106        7.78e-06          0.0106         0.00312         0.00342         0.00902          0.0126
    240         20          0.0156        0.000718          0.0149          0.0167          0.0329          0.0105           0.015


2025-11-20 17:31:53: Epoch summary:
Validation  # epoch      total_loss     energy_loss     forces_loss      energy_mae     energy_rmse      forces_mae     forces_rmse
                240          0.0134        5.74e-05          0.0134         0.00536         0.00739         0.00965           0.014
Train       # epoch      total_loss     energy_loss     forces_loss      energy_mae     energy_rmse      forces_mae     forces_rmse
                240          0.0195        0.000528           0.019          0.0227          0.0248          0.0122          0.0167


2025-11-20 17:31:53: Training
# epoch      batch      total_loss     energy_loss     forces_loss      energy_mae     energy_rmse      forces_mae     forces_rmse
    241          0          0.0178        0.000117          0.0177         0.00963          0.0133          0.0119          0.0163
    241         10          0.0149        0.000595          0.0143           0.029          0.0299           0.011          0.0147
    241         20          0.0335         0.00331          0.0302          0.0686          0.0706          0.0147          0.0213
    241         30           0.017         0.00149          0.0155          0.0467          0.0474          0.0116          0.0153
    241         40          0.0173        0.000474          0.0168          0.0246          0.0267          0.0119          0.0159
    241         50          0.0138        6.37e-05          0.0138         0.00862          0.0098          0.0106          0.0144
    241         60          0.0178         0.00083          0.0169          0.0343          0.0353           0.012           0.016
    241         70          0.0142        0.000502          0.0137           0.026          0.0275          0.0106          0.0144
    241         80          0.0126        0.000536          0.0121           0.028          0.0284         0.00978          0.0135
    241         90          0.0121        0.000123           0.012          0.0101          0.0136          0.0101          0.0135
    241        100          0.0153        1.93e-05          0.0153         0.00455         0.00539          0.0114          0.0152
    241        110          0.0223         0.00103          0.0213          0.0383          0.0394          0.0134          0.0179


2025-11-20 17:32:03: Validating
# epoch      batch      total_loss     energy_loss     forces_loss      energy_mae     energy_rmse      forces_mae     forces_rmse
    241          0          0.0139        0.000104          0.0138          0.0068          0.0125         0.00909          0.0144
    241         10          0.0106        8.47e-06          0.0106         0.00296         0.00357         0.00901          0.0126
    241         20          0.0151        0.000695          0.0144          0.0159          0.0324          0.0103          0.0147


2025-11-20 17:32:04: Epoch summary:
Validation  # epoch      total_loss     energy_loss     forces_loss      energy_mae     energy_rmse      forces_mae     forces_rmse
                241          0.0133        5.55e-05          0.0133         0.00516         0.00725         0.00963           0.014
Train       # epoch      total_loss     energy_loss     forces_loss      energy_mae     energy_rmse      forces_mae     forces_rmse
                241          0.0201         0.00105           0.019          0.0292          0.0315          0.0121          0.0166


2025-11-20 17:32:04: Training
# epoch      batch      total_loss     energy_loss     forces_loss      energy_mae     energy_rmse      forces_mae     forces_rmse
    242          0          0.0375        0.000736          0.0367          0.0306          0.0333          0.0159          0.0235
    242         10          0.0326        0.000881          0.0318          0.0353          0.0364          0.0137          0.0219
    242         20          0.0195         0.00116          0.0184          0.0404          0.0418          0.0122          0.0166
    242         30          0.0265         0.00322          0.0232          0.0688          0.0696          0.0132          0.0187
    242         40          0.0135         0.00125          0.0123          0.0325          0.0433          0.0103          0.0136
    242         50          0.0128        0.000351          0.0124           0.022           0.023          0.0102          0.0137
    242         60          0.0121        0.000133          0.0119          0.0131          0.0142         0.00963          0.0134
    242         70          0.0105        9.84e-05          0.0104          0.0109          0.0122          0.0092          0.0125
    242         80          0.0124        0.000155          0.0123          0.0139          0.0153          0.0103          0.0136
    242         90          0.0136        7.24e-05          0.0135         0.00951          0.0104          0.0105          0.0142
    242        100          0.0184        0.000224          0.0181           0.016          0.0183          0.0122          0.0165
    242        110           0.016        5.76e-05          0.0159         0.00637         0.00932          0.0114          0.0155


2025-11-20 17:32:15: Validating
# epoch      batch      total_loss     energy_loss     forces_loss      energy_mae     energy_rmse      forces_mae     forces_rmse
    242          0          0.0138        9.05e-05          0.0137         0.00656          0.0117         0.00899          0.0143
    242         10          0.0105        7.14e-06          0.0104          0.0027         0.00328         0.00898          0.0125
    242         20          0.0154        0.000696          0.0147          0.0159          0.0324          0.0104          0.0149


2025-11-20 17:32:16: Epoch summary:
Validation  # epoch      total_loss     energy_loss     forces_loss      energy_mae     energy_rmse      forces_mae     forces_rmse
                242          0.0132        5.37e-05          0.0132         0.00498         0.00707         0.00959          0.0139
Train       # epoch      total_loss     energy_loss     forces_loss      energy_mae     energy_rmse      forces_mae     forces_rmse
                242          0.0189         0.00122          0.0177          0.0327          0.0344          0.0117          0.0161


2025-11-20 17:32:16: Training
# epoch      batch      total_loss     energy_loss     forces_loss      energy_mae     energy_rmse      forces_mae     forces_rmse
    243          0          0.0158         0.00244          0.0134            0.06          0.0606          0.0108          0.0142
    243         10          0.0168         0.00133          0.0155           0.042          0.0447          0.0114          0.0153
    243         20          0.0141         0.00144          0.0126          0.0459          0.0466          0.0101          0.0138
    243         30          0.0226         0.00166          0.0209          0.0479          0.0501          0.0127          0.0177
    243         40          0.0154        0.000173          0.0152           0.014          0.0162          0.0116          0.0151
    243         50          0.0265         0.00116          0.0253          0.0388          0.0418          0.0138          0.0195
    243         60           0.016          0.0016          0.0144          0.0482          0.0491          0.0109          0.0147
    243         70          0.0162          0.0011          0.0151          0.0402          0.0408          0.0108          0.0151
    243         80          0.0156         6.5e-05          0.0155         0.00885         0.00989          0.0112          0.0153
    243         90          0.0385        0.000848          0.0377           0.031          0.0357          0.0172          0.0238
    243        100          0.0241        0.000201          0.0239          0.0162          0.0174          0.0134           0.019
    243        110          0.0232        0.000173          0.0231          0.0143          0.0161          0.0137          0.0186


2025-11-20 17:32:27: Validating
# epoch      batch      total_loss     energy_loss     forces_loss      energy_mae     energy_rmse      forces_mae     forces_rmse
    243          0          0.0137        9.44e-05          0.0136         0.00666          0.0119         0.00893          0.0143
    243         10          0.0104        6.41e-06          0.0104         0.00272         0.00311         0.00895          0.0125
    243         20          0.0154        0.000712          0.0147          0.0157          0.0327          0.0104          0.0149


2025-11-20 17:32:28: Epoch summary:
Validation  # epoch      total_loss     energy_loss     forces_loss      energy_mae     energy_rmse      forces_mae     forces_rmse
                243          0.0133        5.52e-05          0.0132         0.00504         0.00717         0.00961          0.0139
Train       # epoch      total_loss     energy_loss     forces_loss      energy_mae     energy_rmse      forces_mae     forces_rmse
                243          0.0197         0.00173           0.018          0.0422          0.0437          0.0119          0.0163


2025-11-20 17:32:28: Training
# epoch      batch      total_loss     energy_loss     forces_loss      energy_mae     energy_rmse      forces_mae     forces_rmse
    244          0          0.0314         0.00195          0.0295          0.0531          0.0542          0.0155          0.0211
    244         10          0.0167        4.01e-05          0.0167          0.0057         0.00777           0.012          0.0159
    244         20          0.0186        7.06e-05          0.0185         0.00888          0.0103          0.0124          0.0167
    244         30          0.0162         5.2e-05          0.0161         0.00656         0.00885          0.0118          0.0156
    244         40          0.0114        0.000259          0.0111          0.0191          0.0198         0.00983          0.0129
    244         50          0.0126         5.1e-05          0.0125         0.00722         0.00877         0.00999          0.0137
    244         60          0.0141        0.000278          0.0138          0.0197          0.0205          0.0108          0.0144
    244         70            0.01        0.000227         0.00979          0.0177          0.0185         0.00914          0.0121
    244         80          0.0105        0.000717         0.00981          0.0291          0.0328         0.00922          0.0122
    244         90           0.016        0.000317          0.0157          0.0206          0.0219           0.011          0.0154
    244        100          0.0172         0.00139          0.0158          0.0451          0.0458          0.0117          0.0154
    244        110           0.021        0.000477          0.0205          0.0245          0.0268           0.013          0.0176


2025-11-20 17:32:39: Validating
# epoch      batch      total_loss     energy_loss     forces_loss      energy_mae     energy_rmse      forces_mae     forces_rmse
    244          0          0.0135        9.44e-05          0.0134          0.0067          0.0119         0.00889          0.0142
    244         10          0.0102        6.15e-06          0.0102         0.00272         0.00304         0.00887          0.0124
    244         20          0.0154        0.000712          0.0147          0.0155          0.0327          0.0104          0.0149


2025-11-20 17:32:40: Epoch summary:
Validation  # epoch      total_loss     energy_loss     forces_loss      energy_mae     energy_rmse      forces_mae     forces_rmse
                244          0.0132        5.47e-05          0.0132           0.005         0.00711         0.00959          0.0139
Train       # epoch      total_loss     energy_loss     forces_loss      energy_mae     energy_rmse      forces_mae     forces_rmse
                244          0.0159         0.00035          0.0156          0.0177          0.0199          0.0113          0.0153


2025-11-20 17:32:40: Training
# epoch      batch      total_loss     energy_loss     forces_loss      energy_mae     energy_rmse      forces_mae     forces_rmse
    245          0          0.0213        0.000639          0.0207          0.0299           0.031          0.0128          0.0177
    245         10          0.0182        0.000674          0.0175          0.0299          0.0318          0.0115          0.0162
    245         20          0.0206        0.000582          0.0201          0.0271          0.0296          0.0129          0.0174
    245         30          0.0162         0.00015           0.016          0.0143           0.015          0.0119          0.0155
    245         40          0.0139        0.000177          0.0137          0.0158          0.0163          0.0107          0.0144
    245         50          0.0147        0.000243          0.0145          0.0182          0.0191           0.011          0.0148
    245         60         0.00985        0.000165         0.00968          0.0149          0.0157         0.00922          0.0121
    245         70          0.0104        3.17e-05          0.0103         0.00411          0.0069         0.00929          0.0125
    245         80          0.0152        0.000104          0.0151          0.0113          0.0125          0.0108          0.0151
    245         90          0.0123        5.79e-05          0.0122         0.00765         0.00934            0.01          0.0136
    245        100          0.0152         0.00149          0.0137          0.0466          0.0473          0.0108          0.0144
    245        110          0.0169        5.66e-05          0.0168         0.00689         0.00923          0.0116          0.0159


2025-11-20 17:32:52: Validating
# epoch      batch      total_loss     energy_loss     forces_loss      energy_mae     energy_rmse      forces_mae     forces_rmse
    245          0          0.0132        9.27e-05          0.0131         0.00651          0.0118         0.00888           0.014
    245         10          0.0102        7.98e-06          0.0102         0.00311         0.00347         0.00892          0.0124
    245         20          0.0151        0.000741          0.0143          0.0157          0.0334          0.0103          0.0147


2025-11-20 17:32:53: Epoch summary:
Validation  # epoch      total_loss     energy_loss     forces_loss      energy_mae     energy_rmse      forces_mae     forces_rmse
                245          0.0132        5.61e-05          0.0131         0.00501         0.00718         0.00957          0.0139
Train       # epoch      total_loss     energy_loss     forces_loss      energy_mae     energy_rmse      forces_mae     forces_rmse
                245          0.0163        0.000461          0.0158            0.02          0.0223          0.0112          0.0153


2025-11-20 17:32:53: Training
# epoch      batch      total_loss     energy_loss     forces_loss      energy_mae     energy_rmse      forces_mae     forces_rmse
    246          0          0.0298        0.000237          0.0296          0.0136          0.0189          0.0135          0.0211
    246         10          0.0145        0.000284          0.0142          0.0193          0.0207          0.0107          0.0146
    246         20          0.0203         0.00127           0.019          0.0435          0.0437          0.0121          0.0169
    246         30          0.0368          0.0015          0.0353          0.0461          0.0476          0.0159          0.0231
    246         40          0.0285         0.00173          0.0268          0.0504          0.0511          0.0148          0.0201
    246         50          0.0155        1.27e-05          0.0155         0.00316         0.00438          0.0114          0.0153
    246         60          0.0175        0.000292          0.0172          0.0194           0.021          0.0118          0.0161
    246         70          0.0176        0.000156          0.0175          0.0133          0.0153          0.0123          0.0162
    246         80          0.0163        2.59e-05          0.0162         0.00499         0.00625          0.0117          0.0156
    246         90          0.0139         0.00028          0.0137          0.0114          0.0205          0.0105          0.0143
    246        100         0.00917        2.95e-05         0.00914         0.00533         0.00666         0.00879          0.0117
    246        110          0.0147         0.00038          0.0143            0.02          0.0239          0.0108          0.0147


2025-11-20 17:33:04: Validating
# epoch      batch      total_loss     energy_loss     forces_loss      energy_mae     energy_rmse      forces_mae     forces_rmse
    246          0          0.0131        9.96e-05           0.013           0.007          0.0122         0.00896           0.014
    246         10          0.0103        7.78e-06          0.0103         0.00301         0.00342         0.00894          0.0124
    246         20          0.0155        0.000721          0.0148          0.0155          0.0329          0.0104          0.0149


2025-11-20 17:33:06: Epoch summary:
Validation  # epoch      total_loss     energy_loss     forces_loss      energy_mae     energy_rmse      forces_mae     forces_rmse
                246          0.0133         5.7e-05          0.0132         0.00519         0.00733         0.00961          0.0139
Train       # epoch      total_loss     energy_loss     forces_loss      energy_mae     energy_rmse      forces_mae     forces_rmse
                246          0.0201         0.00083          0.0193           0.025          0.0275          0.0122          0.0168


2025-11-20 17:33:06: Training
# epoch      batch      total_loss     energy_loss     forces_loss      energy_mae     energy_rmse      forces_mae     forces_rmse
    247          0          0.0113        0.000298           0.011           0.012          0.0212         0.00965          0.0128
    247         10         0.00891        0.000233         0.00867           0.018          0.0187          0.0088          0.0114
    247         20         0.00963         0.00016         0.00947          0.0141          0.0155         0.00906          0.0119
    247         30          0.0143        0.000519          0.0138          0.0267          0.0279          0.0105          0.0144
    247         40          0.0137         0.00203          0.0117          0.0547          0.0553         0.00978          0.0133
    247         50          0.0147        0.000866          0.0138          0.0358          0.0361          0.0106          0.0144
    247         60          0.0121        0.000453          0.0117          0.0259          0.0261         0.00987          0.0133
    247         70          0.0102        4.67e-05          0.0102         0.00667         0.00839         0.00922          0.0124
    247         80         0.00858        0.000443         0.00813          0.0249          0.0258         0.00826          0.0111
    247         90          0.0119        0.000174          0.0117          0.0157          0.0162         0.00987          0.0133
    247        100          0.0135        0.000463          0.0131          0.0256          0.0264          0.0103           0.014
    247        110          0.0129        5.48e-05          0.0129         0.00657         0.00908          0.0105          0.0139


2025-11-20 17:33:17: Validating
# epoch      batch      total_loss     energy_loss     forces_loss      energy_mae     energy_rmse      forces_mae     forces_rmse
    247          0          0.0129        9.41e-05          0.0128         0.00637          0.0119         0.00895          0.0139
    247         10          0.0104        7.32e-06          0.0104         0.00285         0.00332         0.00896          0.0125
    247         20          0.0157        0.000716           0.015          0.0149          0.0328          0.0104           0.015


2025-11-20 17:33:18: Epoch summary:
Validation  # epoch      total_loss     energy_loss     forces_loss      energy_mae     energy_rmse      forces_mae     forces_rmse
                247          0.0133        5.48e-05          0.0132         0.00488         0.00707          0.0096          0.0139
Train       # epoch      total_loss     energy_loss     forces_loss      energy_mae     energy_rmse      forces_mae     forces_rmse
                247          0.0122        0.000377          0.0118          0.0183          0.0207          0.0098          0.0133


2025-11-20 17:33:18: Training
# epoch      batch      total_loss     energy_loss     forces_loss      energy_mae     energy_rmse      forces_mae     forces_rmse
    248          0          0.0133        0.000531          0.0127          0.0275          0.0283          0.0105          0.0139
    248         10          0.0106        0.000421          0.0102           0.021          0.0252         0.00914          0.0124
    248         20          0.0111        0.000945          0.0101          0.0272          0.0377          0.0092          0.0123
    248         30         0.00831        8.28e-05         0.00823         0.00986          0.0112         0.00805          0.0111
    248         40         0.00944        2.09e-05         0.00942         0.00408         0.00561          0.0086          0.0119
    248         50         0.00874        0.000325         0.00842          0.0213          0.0221         0.00838          0.0113
    248         60         0.00993        0.000234          0.0097          0.0171          0.0188         0.00886          0.0121
    248         70         0.00997        2.52e-05         0.00995         0.00476         0.00615         0.00907          0.0122
    248         80          0.0103        6.53e-05          0.0103         0.00728         0.00991          0.0092          0.0124
    248         90         0.00967        0.000108         0.00956          0.0116          0.0128         0.00851           0.012
    248        100          0.0101        8.94e-05            0.01           0.011          0.0116         0.00849          0.0123
    248        110         0.00779        5.02e-05         0.00774         0.00817          0.0087         0.00796          0.0108


2025-11-20 17:33:28: Validating
# epoch      batch      total_loss     energy_loss     forces_loss      energy_mae     energy_rmse      forces_mae     forces_rmse
    248          0          0.0133        8.89e-05          0.0132         0.00592          0.0116         0.00895          0.0141
    248         10          0.0103         8.2e-06          0.0103         0.00293         0.00351         0.00888          0.0124
    248         20           0.016        0.000709          0.0153          0.0148          0.0327          0.0104          0.0152


2025-11-20 17:33:30: Epoch summary:
Validation  # epoch      total_loss     energy_loss     forces_loss      energy_mae     energy_rmse      forces_mae     forces_rmse
                248          0.0133        5.36e-05          0.0132         0.00471         0.00697         0.00959          0.0139
Train       # epoch      total_loss     energy_loss     forces_loss      energy_mae     energy_rmse      forces_mae     forces_rmse
                248          0.0101        0.000214         0.00985          0.0131          0.0154         0.00885          0.0121


2025-11-20 17:33:30: Training
# epoch      batch      total_loss     energy_loss     forces_loss      energy_mae     energy_rmse      forces_mae     forces_rmse
    249          0          0.0071        4.07e-05         0.00706         0.00639         0.00783         0.00761          0.0103
    249         10         0.00788        0.000191         0.00769          0.0159           0.017         0.00805          0.0108
    249         20         0.00854        0.000527         0.00801          0.0141          0.0282         0.00818           0.011
    249         30         0.00826        8.32e-05         0.00817          0.0104          0.0112          0.0081          0.0111
    249         40         0.00686        3.07e-05         0.00683         0.00636         0.00679          0.0077          0.0101
    249         50         0.00903        0.000162         0.00887          0.0139          0.0156         0.00877          0.0116
    249         60         0.00987        4.08e-05         0.00983         0.00596         0.00784         0.00893          0.0122
    249         70          0.0115        6.73e-05          0.0115         0.00886          0.0101         0.00979          0.0131
    249         80         0.00905         0.00017         0.00888          0.0151           0.016         0.00869          0.0116
    249         90          0.0088        0.000119         0.00868          0.0121          0.0134         0.00837          0.0114
    249        100         0.00693        6.03e-05         0.00687         0.00913         0.00953         0.00759          0.0102
    249        110         0.00736        0.000145         0.00721          0.0139          0.0148         0.00768          0.0104


2025-11-20 17:33:41: Validating
# epoch      batch      total_loss     energy_loss     forces_loss      energy_mae     energy_rmse      forces_mae     forces_rmse
    249          0          0.0137        9.09e-05          0.0136         0.00569          0.0117         0.00902          0.0143
    249         10          0.0102        8.63e-06          0.0102           0.003         0.00361         0.00885          0.0124
    249         20          0.0157        0.000709           0.015          0.0148          0.0327          0.0104           0.015


2025-11-20 17:33:42: Epoch summary:
Validation  # epoch      total_loss     energy_loss     forces_loss      energy_mae     energy_rmse      forces_mae     forces_rmse
                249          0.0133        5.35e-05          0.0132         0.00463         0.00695         0.00958          0.0139
Train       # epoch      total_loss     energy_loss     forces_loss      energy_mae     energy_rmse      forces_mae     forces_rmse
                249         0.00908        0.000135         0.00895          0.0104          0.0129         0.00849          0.0115


2025-11-20 17:33:42: Training
# epoch      batch      total_loss     energy_loss     forces_loss      energy_mae     energy_rmse      forces_mae     forces_rmse
    250          0           0.009        0.000118         0.00888          0.0118          0.0134         0.00847          0.0116
    250         10         0.00803        2.24e-05           0.008         0.00471         0.00581         0.00814           0.011
    250         20         0.00861        0.000249         0.00836          0.0172          0.0194         0.00831          0.0112
    250         30         0.00764        1.89e-05         0.00762         0.00429         0.00533         0.00782          0.0107
    250         40           0.009        0.000142         0.00886          0.0131          0.0146         0.00838          0.0116
    250         50         0.00901        0.000409         0.00861          0.0237          0.0248         0.00835          0.0114
    250         60         0.00981         0.00016         0.00965          0.0107          0.0155         0.00901          0.0121
    250         70         0.00962        4.57e-05         0.00957         0.00715          0.0083         0.00871           0.012
    250         80            0.01        4.55e-05         0.00997         0.00715         0.00828         0.00912          0.0123
    250         90         0.00987        1.13e-05         0.00986         0.00331         0.00413         0.00889          0.0122
    250        100         0.00797        8.49e-05         0.00789          0.0101          0.0113         0.00789          0.0109
    250        110          0.0248        8.86e-05          0.0248         0.00956          0.0116          0.0111          0.0193


2025-11-20 17:33:54: Validating
# epoch      batch      total_loss     energy_loss     forces_loss      energy_mae     energy_rmse      forces_mae     forces_rmse
    250          0          0.0138         9.1e-05          0.0137         0.00555          0.0117         0.00903          0.0143
    250         10          0.0102        8.77e-06          0.0102         0.00297         0.00363         0.00884          0.0124
    250         20          0.0155        0.000703          0.0148          0.0144          0.0325          0.0103          0.0149


2025-11-20 17:33:55: Epoch summary:
Validation  # epoch      total_loss     energy_loss     forces_loss      energy_mae     energy_rmse      forces_mae     forces_rmse
                250          0.0133        5.36e-05          0.0133         0.00464         0.00698         0.00959          0.0139
Train       # epoch      total_loss     energy_loss     forces_loss      energy_mae     energy_rmse      forces_mae     forces_rmse
                250         0.00892        0.000111         0.00881         0.00856          0.0113         0.00839          0.0115


2025-11-20 17:33:55: Training
# epoch      batch      total_loss     energy_loss     forces_loss      energy_mae     energy_rmse      forces_mae     forces_rmse
    251          0         0.00913        0.000153         0.00897         0.00928          0.0152         0.00845          0.0116
    251         10         0.00977        0.000269          0.0095          0.0186          0.0201         0.00876           0.012
    251         20          0.0118        6.61e-05          0.0117          0.0073         0.00998         0.00987          0.0133
