2025-11-20 16:40:17: Running on host: ca571a5a3664
2025-11-20 16:40:17: Seed with <2407>
2025-11-20 16:40:17: Instantiating datamodule <curator.data.AtomsDataModule> from dataset ../../../LiFePO4.traj
2025-11-20 16:40:17: Instantiating task <curator.model.LitNNP>
2025-11-20 16:40:17: Energy loss weight: 1 Forces loss weight: 100
2025-11-20 16:40:17: Instantiating model <class 'curator.model.base.NeuralNetworkPotential'> with GNN representation <class 'curator.model.painn.PainnModel'>
2025-11-20 16:40:17: Instantiating trainer <pytorch_lightning.Trainer>
2025-11-20 16:40:18: Using reference energies for elements: None.
2025-11-20 16:40:20: Forces will be scaled by forces_rms: 1.228.
2025-11-20 16:40:20: Atomwise model outputs will be normalized.
2025-11-20 16:40:20: Model output properties will be scaled by 1.228, shifted by -6.520.
2025-11-20 16:40:20: Using reference energies for elements: None.
NeuralNetworkPotential(
  (representation): PainnModel(
    (atom_embedding): Embedding(119, 128)
    (message_layers): ModuleList(
      (0-2): 3 x PainnMessage(
        (cutoff_fn): CosineCutoff()
        (radial_basis): SineBasis()
        (scalar_message_mlp): Sequential(
          (0): Linear(in_features=128, out_features=128, bias=True)
          (1): SiLU()
          (2): Linear(in_features=128, out_features=384, bias=True)
        )
        (filter_layer): Linear(in_features=20, out_features=384, bias=True)
      )
    )
    (update_layers): ModuleList(
      (0-2): 3 x PainnUpdate(
        (update_U): Linear(in_features=128, out_features=128, bias=True)
        (update_V): Linear(in_features=128, out_features=128, bias=True)
        (update_mlp): Sequential(
          (0): Linear(in_features=256, out_features=128, bias=True)
          (1): SiLU()
          (2): Linear(in_features=128, out_features=384, bias=True)
        )
      )
    )
    (readout_mlp): Sequential(
      (0): Linear(in_features=128, out_features=128, bias=True)
      (1): SiLU()
      (2): Linear(in_features=128, out_features=1, bias=True)
    )
  )
  (input_modules): ModuleList(
    (0): PairwiseDistance(compute_neighbor_list=True, compute_distance_from_R=False, compute_forces=True)
  )
  (output_modules): CallbackModuleList(
    (0): AtomwiseReduce()
    (1): GradientOutput(grad_on_edge_diff=True, grad_on_positions=False, model_outputs=['energy', 'forces', 'virial'])
    (2): GlobalRescaleShift(scale_by=tensor([1.2279]), shift_by=tensor([-6.5202]), shift_by_E0=False, atomic_energies={}, scale_keys=['energy', 'forces'], shift_keys=['energy'], atomwise_normalization=True)
  )
)
2025-11-20 16:40:20: Model parameters: 600,577


2025-11-20 16:40:20: Validating
# epoch      batch      total_loss     energy_loss     forces_loss      energy_mae     energy_rmse      forces_mae     forces_rmse
      0          0            74.4            3.32            71.1            2.09            2.24           0.634            1.04
      0         10            95.8            2.83              93            1.91            2.06           0.714            1.18
      0         20            62.8             3.5            59.3            2.22             2.3           0.585           0.945


2025-11-20 16:40:22: Epoch summary:
Validation  # epoch      total_loss     energy_loss     forces_loss      energy_mae     energy_rmse      forces_mae     forces_rmse
                  0            94.7            2.85            91.9            1.86            2.06           0.703            1.17


2025-11-20 16:40:22: Start training model
LightningAdamW (
Parameter Group 0
    amsgrad: False
    betas: [0.9, 0.999]
    capturable: False
    decoupled_weight_decay: True
    differentiable: False
    eps: 1e-08
    foreach: None
    fused: None
    lr: 0.0005
    maximize: False
    weight_decay: 0.01
)


2025-11-20 16:40:22: Training
# epoch      batch      total_loss     energy_loss     forces_loss      energy_mae     energy_rmse      forces_mae     forces_rmse
      0          0            93.4            2.64            90.8            1.83               2             0.7            1.17
      0         10            22.9            1.49            21.4            1.45             1.5           0.406           0.569
      0         20            12.4          0.0898            12.3           0.201           0.368            0.32           0.431
      0         30            10.1           0.699            9.35            1.02            1.03           0.273           0.376
      0         40            13.7            1.91            11.8            1.69             1.7           0.302           0.422
      0         50            11.9             1.7            10.2            1.57             1.6           0.285           0.392
      0         60            7.61           0.611               7           0.944            0.96           0.236           0.325
      0         70            5.89           0.204            5.68           0.522           0.554            0.21           0.293
      0         80            7.22           0.593            6.63           0.916           0.946           0.218           0.316
      0         90            4.14           0.205            3.94           0.531           0.556            0.18           0.244
      0        100            3.61          0.0836            3.53           0.345           0.355           0.174           0.231
      0        110            4.26          0.0152            4.24            0.13           0.152           0.179           0.253


2025-11-20 16:40:33: Validating
# epoch      batch      total_loss     energy_loss     forces_loss      energy_mae     energy_rmse      forces_mae     forces_rmse
      0          0            2.51           0.018             2.5          0.0905           0.165           0.139           0.194
      0         10            2.76          0.0239            2.73           0.103            0.19           0.146           0.203
      0         20            2.55         0.00192            2.55          0.0451          0.0538           0.136           0.196


2025-11-20 16:40:34: Epoch summary:
Validation  # epoch      total_loss     energy_loss     forces_loss      energy_mae     energy_rmse      forces_mae     forces_rmse
                  0            3.15          0.0151            3.13          0.0943           0.139           0.149           0.215
Train       # epoch      total_loss     energy_loss     forces_loss      energy_mae     energy_rmse      forces_mae     forces_rmse
                  0            12.8            1.38            11.4            1.02            1.05           0.269           0.382


2025-11-20 16:40:34: Training
# epoch      batch      total_loss     energy_loss     forces_loss      energy_mae     energy_rmse      forces_mae     forces_rmse
      1          0            2.21          0.0304            2.18             0.2           0.214           0.133           0.181
      1         10            2.18           0.105            2.08           0.397           0.398           0.127           0.177
      1         20            1.84          0.0126            1.83            0.12           0.138           0.118           0.166
      1         30            1.98           0.279             1.7           0.643           0.649           0.118            0.16
      1         40            1.68            0.15            1.53           0.463           0.476           0.109           0.152
      1         50            1.19           0.124            1.06            0.43           0.432          0.0961           0.127
      1         60            1.42           0.436           0.984           0.809           0.811          0.0909           0.122
      1         70            1.39           0.361            1.03           0.733           0.738          0.0889           0.125
      1         80           0.992           0.221            0.77           0.577           0.578          0.0784           0.108
      1         90            1.35           0.291            1.06           0.661           0.663          0.0918           0.126
      1        100            1.25           0.217            1.04           0.571           0.573          0.0916           0.125
      1        110            1.15           0.289           0.863           0.657            0.66          0.0859           0.114


2025-11-20 16:40:44: Validating
# epoch      batch      total_loss     energy_loss     forces_loss      energy_mae     energy_rmse      forces_mae     forces_rmse
      1          0           0.663         0.00266            0.66          0.0392          0.0633           0.074          0.0997
      1         10           0.705         0.00325           0.702          0.0413            0.07          0.0761           0.103
      1         20           0.609        0.000684           0.608          0.0243          0.0321          0.0699          0.0958


2025-11-20 16:40:46: Epoch summary:
Validation  # epoch      total_loss     energy_loss     forces_loss      energy_mae     energy_rmse      forces_mae     forces_rmse
                  1           0.825         0.00214           0.823          0.0412           0.054          0.0786            0.11
Train       # epoch      total_loss     energy_loss     forces_loss      energy_mae     energy_rmse      forces_mae     forces_rmse
                  1            1.59           0.183            1.41           0.482           0.489           0.103           0.142


2025-11-20 16:40:46: Training
# epoch      batch      total_loss     energy_loss     forces_loss      energy_mae     energy_rmse      forces_mae     forces_rmse
      2          0            1.19           0.337           0.853            0.71           0.713          0.0815           0.113
      2         10           0.798           0.268            0.53           0.634           0.635          0.0681          0.0894
      2         20           0.964           0.286           0.678           0.656           0.657          0.0756           0.101
      2         30           0.755           0.195            0.56            0.54           0.542          0.0698          0.0919
      2         40           0.762           0.185           0.577           0.527           0.528          0.0676          0.0933
      2         50            0.99           0.148           0.842            0.47           0.473          0.0818           0.113
      2         60           0.771           0.143           0.629           0.462           0.464          0.0705          0.0974
      2         70           0.847           0.243           0.604           0.604           0.605           0.071          0.0954
      2         80           0.774           0.276           0.499           0.644           0.645          0.0643          0.0867
      2         90           0.644           0.277           0.367           0.645           0.646          0.0563          0.0744
      2        100           0.684           0.259           0.425           0.623           0.624          0.0585          0.0801
      2        110           0.651           0.133           0.519           0.445           0.447          0.0653          0.0884


2025-11-20 16:40:56: Validating
# epoch      batch      total_loss     energy_loss     forces_loss      energy_mae     energy_rmse      forces_mae     forces_rmse
      2          0           0.398         0.00178           0.396          0.0347          0.0518          0.0575          0.0772
      2         10           0.437         0.00168           0.435          0.0359          0.0504          0.0605           0.081
      2         20           0.343          0.0005           0.342           0.023          0.0274          0.0538          0.0718


2025-11-20 16:40:58: Epoch summary:
Validation  # epoch      total_loss     energy_loss     forces_loss      energy_mae     energy_rmse      forces_mae     forces_rmse
                  2           0.481          0.0013           0.479          0.0343          0.0427          0.0613          0.0843
Train       # epoch      total_loss     energy_loss     forces_loss      energy_mae     energy_rmse      forces_mae     forces_rmse
                  2           0.775           0.179           0.596           0.511           0.513          0.0696          0.0943


2025-11-20 16:40:58: Training
# epoch      batch      total_loss     energy_loss     forces_loss      energy_mae     energy_rmse      forces_mae     forces_rmse
      3          0           0.496          0.0332           0.463           0.218           0.224          0.0616          0.0835
      3         10            1.11           0.199           0.907           0.541           0.547           0.086           0.117
      3         20            1.29            0.08            1.21           0.344           0.347          0.0983           0.135
      3         30           0.877         0.00393           0.873          0.0569           0.077          0.0861           0.115
      3         40           0.862         0.00538           0.857           0.076            0.09          0.0842           0.114
      3         50           0.899          0.0422           0.857           0.249           0.252          0.0842           0.114
      3         60           0.627          0.0258           0.601           0.193           0.197          0.0694          0.0952
      3         70           0.609           0.104           0.506           0.393           0.396          0.0647          0.0873
      3         80           0.395          0.0646            0.33           0.311           0.312          0.0534          0.0706
      3         90           0.499           0.085           0.414           0.357           0.358          0.0593           0.079
      3        100           0.716           0.122           0.595           0.426           0.428          0.0698          0.0947
      3        110           0.582           0.115           0.468           0.415           0.416          0.0604           0.084


2025-11-20 16:41:08: Validating
# epoch      batch      total_loss     energy_loss     forces_loss      energy_mae     energy_rmse      forces_mae     forces_rmse
      3          0           0.279        0.000789           0.278          0.0223          0.0345          0.0484          0.0647
      3         10           0.313        0.000752           0.313          0.0225          0.0337          0.0517          0.0686
      3         20           0.243        0.000262           0.243          0.0162          0.0199          0.0457          0.0605


2025-11-20 16:41:09: Epoch summary:
Validation  # epoch      total_loss     energy_loss     forces_loss      energy_mae     energy_rmse      forces_mae     forces_rmse
                  3           0.352         0.00058           0.351          0.0209          0.0283          0.0529          0.0721
Train       # epoch      total_loss     energy_loss     forces_loss      energy_mae     energy_rmse      forces_mae     forces_rmse
                  3           0.723          0.0822           0.641           0.309           0.314          0.0719          0.0965


2025-11-20 16:41:09: Training
# epoch      batch      total_loss     energy_loss     forces_loss      energy_mae     energy_rmse      forces_mae     forces_rmse
      4          0           0.721           0.181           0.541            0.52           0.522          0.0629          0.0903
      4         10           0.551           0.187           0.364            0.53           0.531          0.0545          0.0741
      4         20           0.511           0.155           0.357           0.481           0.483          0.0538          0.0733
      4         30           0.583           0.266           0.316           0.633           0.634          0.0505          0.0691
      4         40           0.542           0.247           0.296            0.61            0.61          0.0509          0.0668
      4         50           0.446           0.104           0.342           0.394           0.395          0.0546          0.0718
      4         60           0.276          0.0508           0.225           0.275           0.277          0.0448          0.0583
      4         70           0.355          0.0819           0.273            0.35           0.351          0.0478          0.0642
      4         80           0.408          0.0551           0.353           0.287           0.288          0.0534           0.073
      4         90           0.709           0.327           0.382           0.702           0.702          0.0561          0.0759
      4        100           0.871          0.0379           0.833           0.234           0.239          0.0792           0.112
      4        110           0.328          0.0315           0.296           0.217           0.218          0.0506          0.0668


2025-11-20 16:41:20: Validating
# epoch      batch      total_loss     energy_loss     forces_loss      energy_mae     energy_rmse      forces_mae     forces_rmse
      4          0           0.211        0.000664            0.21          0.0257          0.0316          0.0424          0.0563
      4         10            0.24        0.000686           0.239          0.0262          0.0322          0.0456          0.0601
      4         20           0.179        0.000583           0.179          0.0259          0.0296          0.0396          0.0519


2025-11-20 16:41:21: Epoch summary:
Validation  # epoch      total_loss     energy_loss     forces_loss      energy_mae     energy_rmse      forces_mae     forces_rmse
                  4           0.268        0.000667           0.267          0.0253          0.0309          0.0464          0.0629
Train       # epoch      total_loss     energy_loss     forces_loss      energy_mae     energy_rmse      forces_mae     forces_rmse
                  4           0.494           0.121           0.372           0.399             0.4          0.0546          0.0735


2025-11-20 16:41:21: Training
# epoch      batch      total_loss     energy_loss     forces_loss      energy_mae     energy_rmse      forces_mae     forces_rmse
      5          0           0.412          0.0444           0.368           0.254           0.259          0.0555          0.0745
      5         10           0.322          0.0424            0.28           0.252           0.253           0.049           0.065
      5         20           0.439           0.044           0.395           0.255           0.258          0.0577          0.0771
      5         30           0.594          0.0114           0.582           0.127           0.131          0.0696          0.0937
      5         40           0.534          0.0174           0.517           0.156           0.162          0.0594          0.0883
      5         50           0.637          0.0144           0.623           0.141           0.148          0.0698          0.0969
      5         60           0.448           0.157            0.29           0.487           0.487          0.0504          0.0662
      5         70           0.799          0.0223           0.777           0.177           0.183          0.0831           0.108
      5         80           0.536          0.0584           0.478           0.295           0.297          0.0648          0.0849
      5         90           0.387          0.0381           0.348           0.239            0.24          0.0551          0.0725
      5        100           0.229          0.0381           0.191           0.239            0.24          0.0408          0.0537
      5        110           0.357          0.0685           0.288           0.321           0.321          0.0507          0.0659


2025-11-20 16:41:32: Validating
# epoch      batch      total_loss     energy_loss     forces_loss      energy_mae     energy_rmse      forces_mae     forces_rmse
      5          0            0.17        0.000447            0.17          0.0183           0.026          0.0386          0.0506
      5         10           0.198        0.000499           0.198          0.0203          0.0274          0.0415          0.0546
      5         20           0.149        0.000187           0.149          0.0147          0.0168           0.036          0.0474


2025-11-20 16:41:33: Epoch summary:
Validation  # epoch      total_loss     energy_loss     forces_loss      energy_mae     energy_rmse      forces_mae     forces_rmse
                  5           0.221        0.000361           0.221          0.0169          0.0223          0.0424          0.0572
Train       # epoch      total_loss     energy_loss     forces_loss      energy_mae     energy_rmse      forces_mae     forces_rmse
                  5           0.439          0.0487           0.391            0.24           0.243          0.0565          0.0759


2025-11-20 16:41:33: Training
# epoch      batch      total_loss     energy_loss     forces_loss      energy_mae     energy_rmse      forces_mae     forces_rmse
      6          0           0.308          0.0445           0.264           0.258           0.259          0.0472           0.063
      6         10           0.306          0.0897           0.216           0.367           0.368          0.0435           0.057
      6         20           0.304          0.0844            0.22           0.356           0.357           0.043          0.0575
      6         30           0.266           0.077           0.189            0.34           0.341          0.0394          0.0534
      6         40           0.267          0.0558           0.211           0.288            0.29          0.0423          0.0564
      6         50           0.213          0.0582           0.155           0.296           0.296          0.0371          0.0483
      6         60           0.266          0.0897           0.177           0.367           0.368          0.0382          0.0516
      6         70           0.256          0.0932           0.163           0.374           0.375          0.0379          0.0496
      6         80           0.201          0.0733           0.128           0.332           0.332          0.0338          0.0439
      6         90           0.205          0.0582           0.147           0.296           0.296          0.0365           0.047
      6        100           0.267          0.0903           0.177           0.368           0.369          0.0387          0.0517
      6        110           0.237          0.0409           0.196           0.247           0.248          0.0411          0.0544


2025-11-20 16:41:44: Validating
# epoch      batch      total_loss     energy_loss     forces_loss      energy_mae     energy_rmse      forces_mae     forces_rmse
      6          0           0.138        0.000415           0.138          0.0152           0.025          0.0351          0.0456
      6         10            0.16        0.000432            0.16          0.0186          0.0255          0.0379          0.0491
      6         20           0.127        7.82e-05           0.127         0.00921          0.0109          0.0332          0.0437


2025-11-20 16:41:45: Epoch summary:
Validation  # epoch      total_loss     energy_loss     forces_loss      energy_mae     energy_rmse      forces_mae     forces_rmse
                  6           0.182        0.000293           0.181          0.0157          0.0201          0.0387          0.0519
Train       # epoch      total_loss     energy_loss     forces_loss      energy_mae     energy_rmse      forces_mae     forces_rmse
                  6           0.277          0.0775             0.2           0.335           0.336          0.0413          0.0546


2025-11-20 16:41:45: Training
# epoch      batch      total_loss     energy_loss     forces_loss      energy_mae     energy_rmse      forces_mae     forces_rmse
      7          0           0.161          0.0028           0.158          0.0625          0.0649          0.0374          0.0488
      7         10           0.452          0.0836           0.368           0.354           0.355          0.0536          0.0745
      7         20           0.341          0.0134           0.327           0.141           0.142          0.0522          0.0702
      7         30           0.358          0.0302           0.328           0.212           0.214          0.0552          0.0703
      7         40           0.369          0.0827           0.286            0.35           0.353          0.0487          0.0657
      7         50           0.245          0.0282           0.217           0.205           0.206          0.0423          0.0572
      7         60           0.228            0.09           0.138           0.368           0.368          0.0341          0.0456
      7         70           0.264          0.0387           0.225           0.241           0.242          0.0446          0.0583
      7         80           0.204          0.0296           0.174           0.209           0.211          0.0388          0.0513
      7         90           0.177           0.033           0.144           0.223           0.223          0.0353          0.0466
      7        100           0.355          0.0199           0.335           0.167           0.173          0.0535          0.0711
      7        110           0.519        0.000972           0.518          0.0324          0.0383           0.061          0.0884


2025-11-20 16:41:56: Validating
# epoch      batch      total_loss     energy_loss     forces_loss      energy_mae     energy_rmse      forces_mae     forces_rmse
      7          0           0.119        0.000256           0.119          0.0137          0.0197          0.0327          0.0424
      7         10           0.137        0.000351           0.137          0.0167           0.023          0.0352          0.0454
      7         20           0.111        6.54e-05           0.111         0.00917         0.00993          0.0311          0.0409


2025-11-20 16:41:57: Epoch summary:
Validation  # epoch      total_loss     energy_loss     forces_loss      energy_mae     energy_rmse      forces_mae     forces_rmse
                  7           0.156        0.000223           0.155          0.0134          0.0176          0.0358           0.048
Train       # epoch      total_loss     energy_loss     forces_loss      energy_mae     energy_rmse      forces_mae     forces_rmse
                  7           0.309          0.0348           0.274           0.201           0.204          0.0474          0.0634


2025-11-20 16:41:57: Training
# epoch      batch      total_loss     energy_loss     forces_loss      energy_mae     energy_rmse      forces_mae     forces_rmse
      8          0             0.4          0.0521           0.348           0.277            0.28          0.0516          0.0725
      8         10            0.36         0.00231           0.358          0.0549          0.0591          0.0559          0.0735
      8         20           0.425         0.00395           0.421          0.0694          0.0772          0.0584          0.0796
      8         30             0.3         0.00233           0.297          0.0511          0.0593          0.0505           0.067
      8         40           0.527         0.00119           0.525          0.0344          0.0424          0.0606           0.089
      8         50           0.316          0.0019           0.314          0.0464          0.0535          0.0535          0.0688
      8         60           0.272         0.00354           0.268          0.0677          0.0731          0.0479          0.0636
      8         70           0.304          0.0161           0.288            0.15           0.156          0.0493          0.0659
      8         80           0.305         0.00961           0.296           0.117            0.12          0.0504          0.0667
      8         90           0.212         0.00107           0.211          0.0346          0.0402          0.0427          0.0564
      8        100           0.227         0.00905           0.218           0.115           0.117          0.0442          0.0573
      8        110           0.344           0.104           0.239           0.396           0.397          0.0439          0.0601


2025-11-20 16:42:07: Validating
# epoch      batch      total_loss     energy_loss     forces_loss      energy_mae     energy_rmse      forces_mae     forces_rmse
      8          0           0.105         0.00024           0.105          0.0134           0.019          0.0308          0.0397
      8         10           0.122        0.000305           0.122          0.0152          0.0214           0.033          0.0429
      8         20          0.0989        4.28e-05          0.0989         0.00738         0.00803          0.0295          0.0386


2025-11-20 16:42:08: Epoch summary:
Validation  # epoch      total_loss     energy_loss     forces_loss      energy_mae     energy_rmse      forces_mae     forces_rmse
                  8           0.137        0.000201           0.137          0.0125          0.0167          0.0338          0.0451
Train       # epoch      total_loss     energy_loss     forces_loss      energy_mae     energy_rmse      forces_mae     forces_rmse
                  8           0.316          0.0154           0.301           0.113           0.118          0.0502          0.0665


2025-11-20 16:42:09: Training
# epoch      batch      total_loss     energy_loss     forces_loss      energy_mae     energy_rmse      forces_mae     forces_rmse
      9          0           0.208          0.0507           0.158           0.276           0.276          0.0368          0.0487
      9         10           0.212          0.0132           0.199           0.138           0.141          0.0402          0.0547
      9         20           0.223          0.0806           0.142           0.348           0.349          0.0342          0.0463
      9         30           0.231          0.0926           0.139           0.373           0.374           0.035          0.0457
      9         40           0.174          0.0556           0.119           0.289           0.289          0.0324          0.0423
      9         50           0.245           0.102           0.143           0.392           0.392          0.0345          0.0464
      9         60           0.225          0.0583           0.167           0.296           0.297          0.0376          0.0502
      9         70           0.179          0.0403           0.139           0.246           0.246          0.0346          0.0457
      9         80            0.15          0.0259           0.125           0.197           0.198          0.0325          0.0433
      9         90           0.219           0.108           0.111           0.403           0.403          0.0313          0.0409
      9        100           0.283          0.0475           0.236           0.266           0.268          0.0441          0.0596
      9        110           0.251        0.000554           0.251          0.0249          0.0289          0.0478          0.0615


2025-11-20 16:42:19: Validating
# epoch      batch      total_loss     energy_loss     forces_loss      energy_mae     energy_rmse      forces_mae     forces_rmse
      9          0          0.0918        0.000181          0.0916           0.012          0.0165           0.029          0.0372
      9         10           0.106        0.000286           0.106          0.0144          0.0207          0.0309          0.0399
      9         20           0.085        2.89e-05           0.085         0.00593          0.0066          0.0275          0.0358


2025-11-20 16:42:20: Epoch summary:
Validation  # epoch      total_loss     energy_loss     forces_loss      energy_mae     energy_rmse      forces_mae     forces_rmse
                  9            0.12        0.000179            0.12          0.0117          0.0157          0.0316          0.0422
Train       # epoch      total_loss     energy_loss     forces_loss      energy_mae     energy_rmse      forces_mae     forces_rmse
                  9           0.206          0.0472           0.159           0.247           0.249          0.0366          0.0484


2025-11-20 16:42:20: Training
# epoch      batch      total_loss     energy_loss     forces_loss      energy_mae     energy_rmse      forces_mae     forces_rmse
     10          0           0.171         0.00189           0.169          0.0521          0.0533          0.0393          0.0505
     10         10           0.165          0.0424           0.122           0.252           0.253          0.0329          0.0429
     10         20           0.209          0.0444           0.165           0.258           0.259          0.0381          0.0498
     10         30           0.272          0.0273           0.244           0.202           0.203          0.0433          0.0607
     10         40           0.178          0.0528           0.125           0.282           0.282          0.0335          0.0434
     10         50           0.171          0.0368           0.134           0.235           0.236          0.0336          0.0449
     10         60           0.157        0.000584           0.156          0.0215          0.0297           0.036          0.0486
     10         70           0.178          0.0118           0.166            0.13           0.133          0.0362            0.05
     10         80           0.266          0.0172           0.249           0.157           0.161          0.0452          0.0612
     10         90           0.263          0.0466           0.217           0.264           0.265          0.0442          0.0572
     10        100           0.182          0.0373           0.145           0.236           0.237          0.0365          0.0467
     10        110           0.163          0.0138            0.15           0.143           0.144           0.036          0.0475


2025-11-20 16:42:31: Validating
# epoch      batch      total_loss     energy_loss     forces_loss      energy_mae     energy_rmse      forces_mae     forces_rmse
     10          0          0.0827        0.000167          0.0826          0.0117          0.0159          0.0275          0.0353
     10         10          0.0957        0.000271          0.0955           0.014          0.0202          0.0295          0.0379
     10         20          0.0767        2.14e-05          0.0767         0.00506         0.00567          0.0262           0.034


2025-11-20 16:42:32: Epoch summary:
Validation  # epoch      total_loss     energy_loss     forces_loss      energy_mae     energy_rmse      forces_mae     forces_rmse
                 10           0.108        0.000168           0.107          0.0109          0.0151            0.03          0.0399
Train       # epoch      total_loss     energy_loss     forces_loss      energy_mae     energy_rmse      forces_mae     forces_rmse
                 10           0.204          0.0235            0.18           0.164           0.167          0.0386          0.0516


2025-11-20 16:42:32: Training
# epoch      batch      total_loss     energy_loss     forces_loss      energy_mae     energy_rmse      forces_mae     forces_rmse
     11          0           0.225          0.0528           0.172           0.281           0.282          0.0398           0.051
     11         10           0.188           0.052           0.136           0.279            0.28          0.0334          0.0452
     11         20           0.209          0.0625           0.146           0.306           0.307          0.0356          0.0469
     11         30           0.166          0.0531           0.113           0.282           0.283          0.0311          0.0413
     11         40           0.184          0.0469           0.137           0.265           0.266           0.034          0.0454
     11         50           0.171          0.0499           0.121           0.274           0.274          0.0326          0.0426
     11         60           0.106         0.00566             0.1          0.0894          0.0924          0.0288          0.0389
     11         70            0.24        0.000472            0.24          0.0194          0.0267          0.0456          0.0601
     11         80            0.12        0.000333            0.12          0.0189          0.0224          0.0336          0.0426
     11         90           0.372          0.0118            0.36           0.126           0.133          0.0533          0.0737
     11        100           0.585         0.00706           0.578          0.0946           0.103          0.0641          0.0934
     11        110           0.378         0.00499           0.373          0.0841          0.0867          0.0586           0.075


2025-11-20 16:42:44: Validating
# epoch      batch      total_loss     energy_loss     forces_loss      energy_mae     energy_rmse      forces_mae     forces_rmse
     11          0          0.0739        0.000136          0.0737          0.0107          0.0143          0.0261          0.0333
     11         10          0.0873        0.000257           0.087          0.0138          0.0197          0.0282          0.0362
     11         20          0.0705        1.96e-05          0.0705         0.00477         0.00543          0.0251          0.0326


2025-11-20 16:42:45: Epoch summary:
Validation  # epoch      total_loss     energy_loss     forces_loss      energy_mae     energy_rmse      forces_mae     forces_rmse
                 11          0.0982        0.000154           0.098          0.0103          0.0144          0.0287          0.0382
Train       # epoch      total_loss     energy_loss     forces_loss      energy_mae     energy_rmse      forces_mae     forces_rmse
                 11           0.236          0.0309           0.204           0.189           0.192          0.0399          0.0534


2025-11-20 16:42:45: Training
# epoch      batch      total_loss     energy_loss     forces_loss      energy_mae     energy_rmse      forces_mae     forces_rmse
     12          0           0.426        0.000977           0.425          0.0336          0.0384          0.0611          0.0801
     12         10           0.284         0.00262           0.282          0.0511          0.0629          0.0471          0.0652
     12         20           0.194          0.0294           0.164           0.209            0.21          0.0377          0.0498
     12         30           0.194         0.00775           0.187           0.107           0.108          0.0401          0.0531
     12         40           0.155          0.0414           0.114           0.249            0.25          0.0318          0.0414
     12         50            0.15          0.0633           0.087           0.309           0.309          0.0275          0.0362
     12         60           0.135          0.0347             0.1           0.228           0.229          0.0293          0.0388
     12         70           0.118          0.0268          0.0912             0.2           0.201          0.0283          0.0371
     12         80           0.165          0.0556            0.11           0.289           0.289          0.0307          0.0407
     12         90           0.162          0.0666          0.0949           0.316           0.317          0.0289          0.0378
     12        100            0.13          0.0452          0.0844           0.261           0.261           0.027          0.0357
     12        110           0.139          0.0501          0.0892           0.274           0.275          0.0279          0.0367


2025-11-20 16:42:55: Validating
# epoch      batch      total_loss     energy_loss     forces_loss      energy_mae     energy_rmse      forces_mae     forces_rmse
     12          0          0.0688        0.000112          0.0687          0.0101           0.013          0.0251          0.0322
     12         10          0.0801        0.000238          0.0799           0.013          0.0189          0.0271          0.0347
     12         20          0.0653         1.6e-05          0.0652          0.0042         0.00491           0.024          0.0314


2025-11-20 16:42:57: Epoch summary:
Validation  # epoch      total_loss     energy_loss     forces_loss      energy_mae     energy_rmse      forces_mae     forces_rmse
                 12          0.0911        0.000138          0.0909         0.00977          0.0136          0.0276          0.0368
Train       # epoch      total_loss     energy_loss     forces_loss      energy_mae     energy_rmse      forces_mae     forces_rmse
                 12            0.17          0.0306           0.139           0.196           0.197          0.0337          0.0447


2025-11-20 16:42:57: Training
# epoch      batch      total_loss     energy_loss     forces_loss      energy_mae     energy_rmse      forces_mae     forces_rmse
     13          0           0.124          0.0528          0.0717           0.282           0.282          0.0248          0.0329
     13         10           0.114         0.00442            0.11          0.0792          0.0816          0.0305          0.0406
     13         20           0.191         0.00458           0.186          0.0766          0.0831          0.0376          0.0529
     13         30           0.113         0.00296            0.11          0.0656          0.0669          0.0307          0.0407
     13         40           0.332          0.0525            0.28           0.281           0.281          0.0473          0.0649
     13         50           0.289          0.0149           0.274           0.146            0.15          0.0453          0.0643
     13         60           0.183        0.000916           0.182          0.0351          0.0372          0.0395          0.0523
     13         70            0.23           0.029           0.201           0.208           0.209          0.0406          0.0551
     13         80           0.169         0.00393           0.165          0.0718          0.0769          0.0383          0.0498
     13         90            0.19          0.0196            0.17           0.171           0.172          0.0377          0.0507
     13        100           0.208          0.0544           0.153           0.286           0.286          0.0367          0.0481
     13        110            0.11        0.000166            0.11          0.0133          0.0158          0.0306          0.0407


2025-11-20 16:43:08: Validating
# epoch      batch      total_loss     energy_loss     forces_loss      energy_mae     energy_rmse      forces_mae     forces_rmse
     13          0          0.0638         0.00011          0.0637            0.01          0.0129          0.0241           0.031
     13         10          0.0736         0.00021          0.0734          0.0121          0.0178           0.026          0.0333
     13         20          0.0621        1.16e-05           0.062         0.00349         0.00418          0.0235          0.0306


2025-11-20 16:43:09: Epoch summary:
Validation  # epoch      total_loss     energy_loss     forces_loss      energy_mae     energy_rmse      forces_mae     forces_rmse
                 13          0.0847        0.000127          0.0846         0.00917          0.0129          0.0267          0.0355
Train       # epoch      total_loss     energy_loss     forces_loss      energy_mae     energy_rmse      forces_mae     forces_rmse
                 13           0.214          0.0162           0.198           0.129           0.132           0.039           0.053


2025-11-20 16:43:09: Training
# epoch      batch      total_loss     energy_loss     forces_loss      energy_mae     energy_rmse      forces_mae     forces_rmse
     14          0          0.0937         0.00797          0.0857           0.109            0.11          0.0278           0.036
     14         10          0.0989           0.015          0.0838           0.149            0.15          0.0274          0.0356
     14         20           0.119        0.000331           0.118          0.0196          0.0223          0.0324          0.0422
     14         30           0.123         0.00248           0.121          0.0579          0.0611          0.0326          0.0427
     14         40           0.198          0.0185            0.18           0.164           0.167          0.0375          0.0521
     14         50           0.148          0.0621          0.0856           0.305           0.306           0.028          0.0359
     14         60           0.125          0.0493           0.076           0.272           0.273          0.0255          0.0338
     14         70           0.106          0.0107          0.0953           0.125           0.127          0.0284          0.0379
     14         80           0.113          0.0186          0.0947           0.167           0.167          0.0282          0.0378
     14         90             0.1        0.000151          0.0999          0.0129          0.0151            0.03          0.0388
     14        100           0.212          0.0307           0.182           0.214           0.215          0.0385          0.0523
     14        110           0.162          0.0571           0.105           0.293           0.294          0.0308          0.0397


2025-11-20 16:43:20: Validating
# epoch      batch      total_loss     energy_loss     forces_loss      energy_mae     energy_rmse      forces_mae     forces_rmse
     14          0          0.0584        0.000106          0.0583          0.0101          0.0126          0.0231          0.0297
     14         10          0.0668        0.000184          0.0667          0.0116          0.0167          0.0248          0.0317
     14         20          0.0571        1.12e-05          0.0571         0.00333          0.0041          0.0226          0.0293


2025-11-20 16:43:22: Epoch summary:
Validation  # epoch      total_loss     energy_loss     forces_loss      energy_mae     energy_rmse      forces_mae     forces_rmse
                 14          0.0775        0.000122          0.0774         0.00889          0.0126          0.0255          0.0339
Train       # epoch      total_loss     energy_loss     forces_loss      energy_mae     energy_rmse      forces_mae     forces_rmse
                 14           0.138          0.0217           0.116           0.154           0.156           0.031          0.0413


2025-11-20 16:43:22: Training
# epoch      batch      total_loss     energy_loss     forces_loss      energy_mae     energy_rmse      forces_mae     forces_rmse
     15          0           0.152          0.0396           0.112           0.244           0.244          0.0313          0.0411
     15         10           0.104          0.0424          0.0617           0.253           0.253          0.0233          0.0305
     15         20          0.0935         0.00478          0.0887          0.0842          0.0849          0.0288          0.0366
     15         30           0.173          0.0281           0.145           0.205           0.206           0.036          0.0468
     15         40           0.157         0.00978           0.148           0.121           0.121          0.0357          0.0472
     15         50           0.174          0.0573           0.116           0.293           0.294          0.0329          0.0419
     15         60           0.128           0.034          0.0939           0.226           0.226          0.0281          0.0376
     15         70           0.121          0.0367          0.0844           0.235           0.235           0.027          0.0357
     15         80           0.135          0.0404          0.0946           0.246           0.247          0.0278          0.0378
     15         90           0.104          0.0252          0.0786           0.195           0.195           0.026          0.0344
     15        100           0.139          0.0313           0.108           0.217           0.217            0.03          0.0404
     15        110           0.105          0.0316          0.0736           0.218           0.218          0.0255          0.0333


2025-11-20 16:43:34: Validating
# epoch      batch      total_loss     energy_loss     forces_loss      energy_mae     energy_rmse      forces_mae     forces_rmse
     15          0          0.0538        0.000104          0.0537         0.00982          0.0125          0.0222          0.0284
     15         10          0.0614        0.000167          0.0612          0.0114          0.0159          0.0239          0.0304
     15         20          0.0532        1.48e-05          0.0532         0.00358         0.00472          0.0218          0.0283


2025-11-20 16:43:35: Epoch summary:
Validation  # epoch      total_loss     energy_loss     forces_loss      energy_mae     energy_rmse      forces_mae     forces_rmse
                 15          0.0716        0.000113          0.0715         0.00858           0.012          0.0246          0.0326
Train       # epoch      total_loss     energy_loss     forces_loss      energy_mae     energy_rmse      forces_mae     forces_rmse
                 15           0.136          0.0278           0.108           0.189            0.19          0.0303          0.0399


2025-11-20 16:43:35: Training
# epoch      batch      total_loss     energy_loss     forces_loss      energy_mae     energy_rmse      forces_mae     forces_rmse
     16          0           0.107          0.0063           0.101          0.0946          0.0975          0.0275           0.039
     16         10           0.156          0.0254           0.131           0.194           0.196          0.0332          0.0444
     16         20          0.0876         0.00442          0.0832          0.0805          0.0817          0.0276          0.0354
     16         30           0.158          0.0652          0.0933           0.312           0.314          0.0281          0.0375
     16         40          0.0943          0.0136          0.0807           0.141           0.143          0.0268          0.0349
     16         50          0.0878          0.0138           0.074           0.143           0.144          0.0257          0.0334
     16         60          0.0854         0.00971          0.0757           0.119           0.121          0.0262          0.0338
     16         70           0.104          0.0285          0.0755           0.207           0.207          0.0249          0.0337
     16         80           0.117          0.0336          0.0832           0.225           0.225          0.0265          0.0354
     16         90          0.0782         0.00657          0.0716          0.0979          0.0996          0.0247          0.0329
     16        100           0.161           0.012           0.149           0.133           0.135          0.0354          0.0474
     16        110           0.133         0.00164           0.132          0.0448          0.0497          0.0336          0.0446


2025-11-20 16:43:47: Validating
# epoch      batch      total_loss     energy_loss     forces_loss      energy_mae     energy_rmse      forces_mae     forces_rmse
     16          0          0.0492        7.35e-05          0.0491         0.00883          0.0105          0.0212          0.0272
     16         10          0.0563        0.000133          0.0562          0.0101          0.0141          0.0229          0.0291
     16         20          0.0497        1.52e-05          0.0496         0.00387         0.00479           0.021          0.0274


2025-11-20 16:43:48: Epoch summary:
Validation  # epoch      total_loss     energy_loss     forces_loss      energy_mae     energy_rmse      forces_mae     forces_rmse
                 16          0.0665        0.000108          0.0664         0.00861           0.012          0.0237          0.0314
Train       # epoch      total_loss     energy_loss     forces_loss      energy_mae     energy_rmse      forces_mae     forces_rmse
                 16           0.118          0.0249          0.0936           0.176           0.177          0.0282          0.0372


2025-11-20 16:43:48: Training
# epoch      batch      total_loss     energy_loss     forces_loss      energy_mae     energy_rmse      forces_mae     forces_rmse
     17          0          0.0876        0.000174          0.0874          0.0122          0.0162          0.0276          0.0363
     17         10          0.0688        0.000714          0.0681          0.0286          0.0328          0.0242          0.0321
     17         20           0.106           0.033           0.073           0.222           0.223          0.0252          0.0332
     17         30          0.0851         0.00219          0.0829          0.0539          0.0575          0.0262          0.0354
     17         40           0.199          0.0279           0.171           0.204           0.205          0.0387          0.0508
     17         50            0.13          0.0133           0.116            0.14           0.142          0.0311          0.0419
     17         60          0.0671        0.000471          0.0666          0.0221          0.0266          0.0242          0.0317
     17         70          0.0793         0.00626           0.073          0.0963          0.0972          0.0257          0.0332
     17         80          0.0895         0.00277          0.0867          0.0633          0.0646          0.0275          0.0362
     17         90           0.134         0.00632           0.128          0.0949          0.0976          0.0307          0.0439
     17        100          0.0902          0.0241          0.0661           0.189           0.191          0.0239          0.0316
     17        110           0.106          0.0287          0.0773           0.207           0.208           0.026          0.0341


2025-11-20 16:44:00: Validating
# epoch      batch      total_loss     energy_loss     forces_loss      energy_mae     energy_rmse      forces_mae     forces_rmse
     17          0          0.0453        7.35e-05          0.0453         0.00876          0.0105          0.0204          0.0261
     17         10          0.0527        0.000117          0.0526          0.0097          0.0133          0.0222          0.0282
     17         20           0.047        1.69e-05           0.047          0.0035         0.00505          0.0204          0.0266


2025-11-20 16:44:01: Epoch summary:
Validation  # epoch      total_loss     energy_loss     forces_loss      energy_mae     energy_rmse      forces_mae     forces_rmse
                 17           0.062          0.0001          0.0619         0.00832          0.0115          0.0229          0.0303
Train       # epoch      total_loss     energy_loss     forces_loss      energy_mae     energy_rmse      forces_mae     forces_rmse
                 17           0.109          0.0144          0.0949           0.124           0.126          0.0282          0.0375


2025-11-20 16:44:01: Training
# epoch      batch      total_loss     energy_loss     forces_loss      energy_mae     energy_rmse      forces_mae     forces_rmse
     18          0           0.104          0.0455          0.0581           0.262           0.262          0.0225          0.0296
     18         10           0.113          0.0451          0.0677            0.26           0.261          0.0241          0.0319
     18         20          0.0894         0.00616          0.0832          0.0947          0.0964          0.0256          0.0354
     18         30          0.0906          0.0141          0.0765           0.145           0.146          0.0259           0.034
     18         40           0.157          0.0242           0.133            0.19           0.191          0.0328          0.0448
     18         50           0.174         0.00121           0.172          0.0345          0.0428          0.0352           0.051
     18         60           0.122          0.0256          0.0968           0.196           0.196          0.0288          0.0382
     18         70           0.093        0.000693          0.0923          0.0301          0.0323          0.0271          0.0373
     18         80          0.0807           0.012          0.0686           0.133           0.135          0.0243          0.0322
     18         90          0.0812         0.00118          0.0801          0.0411          0.0422          0.0267          0.0347
     18        100           0.088         0.00857          0.0794           0.113           0.114          0.0252          0.0346
     18        110          0.0726         0.00306          0.0695          0.0667          0.0679          0.0247          0.0324


2025-11-20 16:44:12: Validating
# epoch      batch      total_loss     energy_loss     forces_loss      energy_mae     energy_rmse      forces_mae     forces_rmse
     18          0          0.0422        7.82e-05          0.0421          0.0089          0.0109          0.0197          0.0252
     18         10          0.0491        0.000113           0.049         0.00979          0.0131          0.0215          0.0272
     18         20          0.0444        2.72e-05          0.0444         0.00489          0.0064          0.0198          0.0259


2025-11-20 16:44:14: Epoch summary:
Validation  # epoch      total_loss     energy_loss     forces_loss      energy_mae     energy_rmse      forces_mae     forces_rmse
                 18          0.0581        9.88e-05           0.058         0.00843          0.0113          0.0221          0.0293
Train       # epoch      total_loss     energy_loss     forces_loss      energy_mae     energy_rmse      forces_mae     forces_rmse
                 18           0.102          0.0143          0.0878           0.123           0.124           0.027          0.0359


2025-11-20 16:44:14: Training
# epoch      batch      total_loss     energy_loss     forces_loss      energy_mae     energy_rmse      forces_mae     forces_rmse
     19          0          0.0808        0.000455          0.0804          0.0143          0.0262          0.0261          0.0348
     19         10          0.0618        0.000137          0.0617          0.0119          0.0144          0.0237          0.0305
     19         20          0.0712        0.000143          0.0711          0.0115          0.0147          0.0254          0.0327
     19         30          0.0709         0.00691           0.064           0.101           0.102          0.0236          0.0311
     19         40          0.0558        0.000115          0.0557          0.0109          0.0132          0.0222           0.029
     19         50          0.0676        0.000246          0.0673          0.0174          0.0193          0.0239          0.0319
     19         60          0.0788         0.00976           0.069           0.121           0.121          0.0238          0.0323
     19         70           0.159        0.000324           0.158          0.0165          0.0221          0.0377          0.0489
     19         80           0.131         0.00757           0.123           0.105           0.107           0.033          0.0431
     19         90           0.168          0.0106           0.157           0.123           0.126          0.0343          0.0487
     19        100           0.165           0.014           0.151           0.141           0.145           0.036          0.0477
     19        110            0.16          0.0234           0.137           0.184           0.188          0.0335          0.0454


2025-11-20 16:44:24: Validating
# epoch      batch      total_loss     energy_loss     forces_loss      energy_mae     energy_rmse      forces_mae     forces_rmse
     19          0          0.0389        6.99e-05          0.0388         0.00855          0.0103          0.0187          0.0242
     19         10          0.0455        0.000109          0.0454         0.00997          0.0128          0.0208          0.0262
     19         20          0.0416         3.2e-05          0.0415         0.00548         0.00694          0.0191           0.025


2025-11-20 16:44:26: Epoch summary:
Validation  # epoch      total_loss     energy_loss     forces_loss      energy_mae     energy_rmse      forces_mae     forces_rmse
                 19          0.0539        9.21e-05          0.0539         0.00819          0.0108          0.0213          0.0283
Train       # epoch      total_loss     energy_loss     forces_loss      energy_mae     energy_rmse      forces_mae     forces_rmse
                 19           0.104         0.00569          0.0981          0.0745           0.077          0.0283          0.0375


2025-11-20 16:44:26: Training
# epoch      batch      total_loss     energy_loss     forces_loss      energy_mae     energy_rmse      forces_mae     forces_rmse
     20          0           0.132         0.00115           0.131          0.0329          0.0416          0.0331          0.0444
     20         10           0.142          0.0329           0.109           0.222           0.223          0.0298          0.0405
     20         20          0.0738        0.000842           0.073          0.0309          0.0356          0.0249          0.0332
     20         30          0.0993          0.0217          0.0776            0.18           0.181          0.0258          0.0342
     20         40            0.11         0.00303           0.107           0.063          0.0676          0.0291          0.0402
     20         50          0.0888          0.0158           0.073           0.154           0.154          0.0248          0.0332
     20         60          0.0786          0.0158          0.0629           0.154           0.154          0.0233          0.0308
     20         70           0.111          0.0171          0.0942           0.159           0.161          0.0289          0.0377
     20         80           0.113          0.0192          0.0934           0.169            0.17          0.0289          0.0375
     20         90           0.137          0.0337           0.104           0.224           0.225          0.0286          0.0395
     20        100          0.0701          0.0185          0.0516           0.167           0.167          0.0216          0.0279
     20        110           0.088          0.0291          0.0589           0.209           0.209          0.0226          0.0298


2025-11-20 16:44:36: Validating
# epoch      batch      total_loss     energy_loss     forces_loss      energy_mae     energy_rmse      forces_mae     forces_rmse
     20          0          0.0363        5.87e-05          0.0362         0.00802          0.0094          0.0181          0.0234
     20         10          0.0427        9.58e-05          0.0426         0.00941           0.012          0.0201          0.0254
     20         20          0.0395        3.12e-05          0.0395         0.00509         0.00686          0.0186          0.0244


2025-11-20 16:44:38: Epoch summary:
Validation  # epoch      total_loss     energy_loss     forces_loss      energy_mae     energy_rmse      forces_mae     forces_rmse
                 20          0.0509        8.87e-05          0.0508         0.00795          0.0105          0.0207          0.0274
Train       # epoch      total_loss     energy_loss     forces_loss      energy_mae     energy_rmse      forces_mae     forces_rmse
                 20          0.0984          0.0152          0.0832           0.133           0.135          0.0263          0.0351


2025-11-20 16:44:38: Training
# epoch      batch      total_loss     energy_loss     forces_loss      energy_mae     energy_rmse      forces_mae     forces_rmse
     21          0           0.111          0.0395          0.0717           0.244           0.244          0.0253          0.0329
     21         10           0.173           0.023            0.15           0.185           0.186          0.0325          0.0475
     21         20           0.112          0.0376          0.0743           0.238           0.238          0.0254          0.0335
     21         30          0.0728          0.0182          0.0547           0.165           0.166          0.0216          0.0287
     21         40          0.0615          0.0122          0.0492           0.135           0.136          0.0206          0.0272
     21         50          0.0686          0.0124          0.0563           0.136           0.137          0.0225          0.0291
     21         60          0.0802          0.0238          0.0564           0.189            0.19          0.0218          0.0292
     21         70          0.0852          0.0126          0.0726           0.137           0.138          0.0251          0.0331
     21         80          0.0819         0.00505          0.0768          0.0848          0.0872          0.0247           0.034
     21         90           0.081        0.000315          0.0807          0.0191          0.0218          0.0255          0.0349
     21        100           0.123         0.00421           0.118          0.0769          0.0797          0.0304          0.0422
     21        110           0.128          0.0386          0.0898           0.241           0.241          0.0265          0.0368


2025-11-20 16:44:49: Validating
# epoch      batch      total_loss     energy_loss     forces_loss      energy_mae     energy_rmse      forces_mae     forces_rmse
     21          0          0.0343        4.86e-05          0.0342         0.00727         0.00856          0.0175          0.0227
     21         10          0.0407        8.01e-05          0.0406         0.00859           0.011          0.0196          0.0247
     21         20          0.0378        2.37e-05          0.0378         0.00396         0.00598          0.0182          0.0239


2025-11-20 16:44:50: Epoch summary:
Validation  # epoch      total_loss     energy_loss     forces_loss      energy_mae     energy_rmse      forces_mae     forces_rmse
                 21          0.0481         8.4e-05          0.0481         0.00758          0.0102          0.0201          0.0267
Train       # epoch      total_loss     energy_loss     forces_loss      energy_mae     energy_rmse      forces_mae     forces_rmse
                 21          0.0934          0.0177          0.0757           0.153           0.154           0.025          0.0336


2025-11-20 16:44:50: Training
# epoch      batch      total_loss     energy_loss     forces_loss      energy_mae     energy_rmse      forces_mae     forces_rmse
     22          0           0.093          0.0308          0.0622           0.215           0.215          0.0236          0.0306
     22         10          0.0694           0.004          0.0654          0.0726          0.0777           0.024          0.0314
     22         20          0.0899          0.0175          0.0724           0.161           0.162          0.0242           0.033
     22         30           0.082          0.0148          0.0672           0.149            0.15          0.0237          0.0318
     22         40          0.0797          0.0112          0.0685           0.129            0.13          0.0241          0.0321
     22         50          0.0584         0.00549          0.0529          0.0892           0.091          0.0214          0.0282
     22         60           0.363          0.0192           0.344           0.165            0.17          0.0518           0.072
     22         70           0.265         0.00122           0.264          0.0344          0.0429          0.0442           0.063
     22         80          0.0948         0.00747          0.0873           0.105           0.106          0.0263          0.0363
     22         90          0.0575         0.00155           0.056          0.0473          0.0484           0.022          0.0291
     22        100          0.0545         0.00118          0.0533           0.041          0.0423           0.022          0.0283
     22        110          0.0705        0.000657          0.0699          0.0244          0.0315          0.0247          0.0325


2025-11-20 16:45:00: Validating
# epoch      batch      total_loss     energy_loss     forces_loss      energy_mae     energy_rmse      forces_mae     forces_rmse
     22          0          0.0328        4.38e-05          0.0327         0.00687         0.00812           0.017          0.0222
     22         10          0.0392        7.74e-05          0.0392         0.00845          0.0108          0.0192          0.0243
     22         20          0.0361         2.7e-05          0.0361         0.00428         0.00638          0.0176          0.0233


2025-11-20 16:45:02: Epoch summary:
Validation  # epoch      total_loss     energy_loss     forces_loss      energy_mae     energy_rmse      forces_mae     forces_rmse
                 22           0.046         8.4e-05           0.046         0.00753          0.0101          0.0197          0.0261
Train       # epoch      total_loss     energy_loss     forces_loss      energy_mae     energy_rmse      forces_mae     forces_rmse
                 22           0.107          0.0106          0.0962           0.105           0.107          0.0275          0.0369


2025-11-20 16:45:02: Training
# epoch      batch      total_loss     energy_loss     forces_loss      energy_mae     energy_rmse      forces_mae     forces_rmse
     23          0          0.0771        0.000974          0.0761          0.0364          0.0383          0.0258          0.0339
     23         10          0.0601        0.000384          0.0597          0.0211          0.0241          0.0223            0.03
     23         20           0.111         0.00148           0.109          0.0429          0.0473           0.029          0.0406
     23         30            0.11        0.000633           0.109          0.0263          0.0309          0.0291          0.0406
     23         40           0.125        0.000674           0.125          0.0277          0.0319          0.0307          0.0434
     23         50          0.0779        0.000772          0.0771          0.0312          0.0341          0.0263          0.0341
     23         60          0.0511        0.000232          0.0508          0.0174          0.0187          0.0212          0.0277
     23         70          0.0582        0.000388          0.0579          0.0232          0.0242          0.0223          0.0295
     23         80          0.0602        0.000255            0.06           0.014          0.0196          0.0222          0.0301
     23         90           0.117        0.000399           0.117          0.0217          0.0245          0.0297          0.0419
     23        100           0.103        0.000632           0.103          0.0273          0.0309          0.0278          0.0393
     23        110          0.0709        0.000502          0.0704          0.0257          0.0275           0.025          0.0326


2025-11-20 16:45:12: Validating
# epoch      batch      total_loss     energy_loss     forces_loss      energy_mae     energy_rmse      forces_mae     forces_rmse
     23          0          0.0309        4.29e-05          0.0309         0.00702         0.00804          0.0165          0.0216
     23         10          0.0371        6.91e-05           0.037         0.00791          0.0102          0.0187          0.0236
     23         20          0.0343        2.77e-05          0.0343         0.00437         0.00646          0.0172          0.0227


2025-11-20 16:45:13: Epoch summary:
Validation  # epoch      total_loss     energy_loss     forces_loss      energy_mae     energy_rmse      forces_mae     forces_rmse
                 23           0.044        8.13e-05          0.0439         0.00742         0.00991          0.0192          0.0255
Train       # epoch      total_loss     energy_loss     forces_loss      energy_mae     energy_rmse      forces_mae     forces_rmse
                 23            0.09        0.000934          0.0891          0.0295           0.033          0.0267           0.036


2025-11-20 16:45:14: Training
# epoch      batch      total_loss     energy_loss     forces_loss      energy_mae     energy_rmse      forces_mae     forces_rmse
     24          0          0.0998         0.00493          0.0948          0.0851          0.0862          0.0252          0.0378
     24         10           0.106        0.000302           0.105          0.0169          0.0214            0.03          0.0398
     24         20            0.11        0.000957           0.109          0.0347           0.038          0.0304          0.0405
     24         30          0.0732         0.00272          0.0705          0.0626          0.0641          0.0246          0.0326
     24         40          0.0575        0.000243          0.0572          0.0155          0.0191          0.0216          0.0294
     24         50          0.0822         0.00448          0.0778          0.0812          0.0822          0.0267          0.0342
     24         60           0.077         0.00246          0.0745          0.0595           0.061          0.0251          0.0335
     24         70          0.0855          0.0238          0.0617           0.189           0.189          0.0229          0.0305
     24         80           0.128         0.00321           0.125          0.0648          0.0695          0.0304          0.0434
     24         90          0.0925          0.0133          0.0792           0.137           0.142           0.025          0.0345
     24        100          0.0545        0.000178          0.0543           0.012          0.0164          0.0219          0.0286
     24        110          0.0439        0.000334          0.0436          0.0175          0.0224          0.0198          0.0256


2025-11-20 16:45:24: Validating
# epoch      batch      total_loss     energy_loss     forces_loss      energy_mae     energy_rmse      forces_mae     forces_rmse
     24          0          0.0297        3.94e-05          0.0296         0.00676         0.00771          0.0162          0.0211
     24         10          0.0353        6.39e-05          0.0353         0.00741         0.00982          0.0182          0.0231
     24         20           0.033        2.45e-05           0.033         0.00411         0.00608          0.0168          0.0223


2025-11-20 16:45:26: Epoch summary:
Validation  # epoch      total_loss     energy_loss     forces_loss      energy_mae     energy_rmse      forces_mae     forces_rmse
                 24           0.042        7.79e-05           0.042         0.00713         0.00961          0.0188          0.0249
Train       # epoch      total_loss     energy_loss     forces_loss      energy_mae     energy_rmse      forces_mae     forces_rmse
                 24           0.082          0.0053          0.0767          0.0689          0.0714           0.025          0.0336


2025-11-20 16:45:26: Training
# epoch      batch      total_loss     energy_loss     forces_loss      energy_mae     energy_rmse      forces_mae     forces_rmse
     25          0          0.0528        0.000127          0.0526          0.0104          0.0139          0.0215          0.0282
     25         10          0.0444        0.000433          0.0439          0.0172          0.0256          0.0198          0.0257
     25         20          0.0415        0.000918          0.0405          0.0363          0.0372          0.0187          0.0247
     25         30          0.0668          0.0047          0.0621          0.0814          0.0842          0.0229          0.0306
     25         40          0.0446         0.00143          0.0432          0.0454          0.0464          0.0197          0.0255
     25         50          0.0542        0.000225           0.054          0.0153          0.0184          0.0217          0.0285
     25         60          0.0498         0.00194          0.0479          0.0532          0.0541          0.0204          0.0269
     25         70          0.0442         0.00162          0.0425          0.0481          0.0495          0.0193          0.0253
     25         80          0.0621        0.000628          0.0614           0.028          0.0308           0.023          0.0304
     25         90          0.0608         0.00349          0.0573          0.0719          0.0726          0.0218          0.0294
     25        100          0.0673         0.00178          0.0655          0.0486          0.0518          0.0232          0.0314
     25        110          0.0612          0.0171          0.0442            0.16            0.16            0.02          0.0258


2025-11-20 16:45:37: Validating
# epoch      batch      total_loss     energy_loss     forces_loss      energy_mae     energy_rmse      forces_mae     forces_rmse
     25          0          0.0282        4.06e-05          0.0281         0.00672         0.00782          0.0157          0.0206
     25         10          0.0332        6.07e-05          0.0332          0.0075         0.00957          0.0176          0.0224
     25         20          0.0318        3.34e-05          0.0318         0.00533          0.0071          0.0164          0.0219


2025-11-20 16:45:38: Epoch summary:
Validation  # epoch      total_loss     energy_loss     forces_loss      energy_mae     energy_rmse      forces_mae     forces_rmse
                 25          0.0398        7.73e-05          0.0397         0.00711         0.00946          0.0182          0.0242
Train       # epoch      total_loss     energy_loss     forces_loss      energy_mae     energy_rmse      forces_mae     forces_rmse
                 25          0.0571         0.00267          0.0544          0.0465          0.0487          0.0214          0.0285


2025-11-20 16:45:38: Training
# epoch      batch      total_loss     energy_loss     forces_loss      energy_mae     energy_rmse      forces_mae     forces_rmse
     26          0           0.144          0.0179           0.126           0.161           0.164          0.0286          0.0436
     26         10          0.0972         0.00898          0.0882           0.115           0.116           0.028          0.0365
     26         20          0.0803         0.00822           0.072            0.11           0.111          0.0253           0.033
     26         30          0.0736        0.000772          0.0728          0.0323          0.0341          0.0249          0.0331
     26         40          0.0515         0.00181          0.0497          0.0504          0.0522          0.0209          0.0274
     26         50          0.0517         0.00318          0.0485          0.0681          0.0692          0.0203           0.027
     26         60          0.0418        0.000788           0.041          0.0326          0.0345          0.0194          0.0249
     26         70          0.0615         0.00081          0.0607          0.0333          0.0349          0.0233          0.0302
     26         80          0.0559         0.00451          0.0514          0.0802          0.0824          0.0212          0.0278
     26         90          0.0365        0.000127          0.0364          0.0112          0.0138           0.018          0.0234
     26        100          0.0461         0.00341          0.0427          0.0692          0.0717          0.0194          0.0254
     26        110           0.055         0.00413          0.0509          0.0767          0.0789           0.021          0.0277


2025-11-20 16:45:49: Validating
# epoch      batch      total_loss     energy_loss     forces_loss      energy_mae     energy_rmse      forces_mae     forces_rmse
     26          0          0.0271        3.81e-05           0.027         0.00641         0.00758          0.0154          0.0202
     26         10          0.0317        5.89e-05          0.0317         0.00723         0.00943          0.0172          0.0219
     26         20          0.0302        3.08e-05          0.0302         0.00485         0.00681          0.0159          0.0213


2025-11-20 16:45:50: Epoch summary:
Validation  # epoch      total_loss     energy_loss     forces_loss      energy_mae     energy_rmse      forces_mae     forces_rmse
                 26           0.038        7.68e-05           0.038          0.0069         0.00925          0.0178          0.0237
Train       # epoch      total_loss     energy_loss     forces_loss      energy_mae     energy_rmse      forces_mae     forces_rmse
                 26          0.0674          0.0041          0.0633          0.0638          0.0657          0.0226            0.03


2025-11-20 16:45:50: Training
# epoch      batch      total_loss     energy_loss     forces_loss      energy_mae     energy_rmse      forces_mae     forces_rmse
     27          0          0.0541         0.00389          0.0502          0.0754          0.0765          0.0203          0.0275
     27         10          0.0405        0.000163          0.0404          0.0127          0.0157          0.0188          0.0247
     27         20          0.0378           0.001          0.0368          0.0378          0.0389          0.0182          0.0236
     27         30          0.0411        9.61e-05           0.041          0.0103           0.012          0.0189          0.0249
     27         40          0.0506        0.000101          0.0505          0.0101          0.0123          0.0203          0.0276
     27         50          0.0403        0.000372          0.0399          0.0223          0.0237           0.019          0.0245
     27         60          0.0779         0.00507          0.0728          0.0867          0.0874          0.0246          0.0331
     27         70          0.0709         0.00157          0.0693          0.0443          0.0487           0.024          0.0323
     27         80          0.0712           0.013          0.0582            0.14            0.14          0.0216          0.0296
     27         90           0.128         0.00097           0.127          0.0274          0.0382          0.0311          0.0438
     27        100          0.0968          0.0344          0.0624           0.227           0.228          0.0222          0.0307
     27        110           0.129           0.029          0.0999           0.209           0.209          0.0281          0.0388


2025-11-20 16:46:01: Validating
# epoch      batch      total_loss     energy_loss     forces_loss      energy_mae     energy_rmse      forces_mae     forces_rmse
     27          0          0.0256        4.54e-05          0.0256         0.00712         0.00827           0.015          0.0196
     27         10          0.0303        5.71e-05          0.0303         0.00728         0.00927          0.0167          0.0214
     27         20          0.0292        3.83e-05          0.0292         0.00586          0.0076          0.0156           0.021


2025-11-20 16:46:02: Epoch summary:
Validation  # epoch      total_loss     energy_loss     forces_loss      energy_mae     energy_rmse      forces_mae     forces_rmse
                 27          0.0363         7.8e-05          0.0363         0.00709         0.00933          0.0174          0.0231
Train       # epoch      total_loss     energy_loss     forces_loss      energy_mae     energy_rmse      forces_mae     forces_rmse
                 27          0.0667         0.00461          0.0621           0.062          0.0644          0.0223          0.0301


2025-11-20 16:46:02: Training
# epoch      batch      total_loss     energy_loss     forces_loss      energy_mae     energy_rmse      forces_mae     forces_rmse
     28          0          0.0654          0.0213          0.0441           0.179           0.179          0.0198          0.0258
     28         10           0.156          0.0947          0.0617           0.378           0.378          0.0235          0.0305
     28         20          0.0869          0.0331          0.0539           0.223           0.223          0.0219          0.0285
     28         30           0.083          0.0427          0.0403           0.254           0.254           0.019          0.0246
     28         40          0.0785         0.00178          0.0768          0.0475          0.0518           0.025           0.034
     28         50          0.0926        0.000549           0.092          0.0256          0.0288          0.0258          0.0372
     28         60          0.0674         0.00481          0.0626          0.0839          0.0852          0.0225          0.0307
     28         70           0.102         0.00459          0.0971          0.0814          0.0832          0.0276          0.0383
     28         80           0.101          0.0521          0.0485            0.28            0.28          0.0206           0.027
     28         90           0.102          0.0503          0.0513           0.275           0.276          0.0214          0.0278
     28        100          0.0835         0.00917          0.0744           0.116           0.118          0.0246          0.0335
     28        110          0.0368        0.000377          0.0364          0.0211          0.0238          0.0179          0.0234


2025-11-20 16:46:13: Validating
# epoch      batch      total_loss     energy_loss     forces_loss      energy_mae     energy_rmse      forces_mae     forces_rmse
     28          0          0.0249        4.84e-05          0.0248         0.00746         0.00854          0.0148          0.0193
     28         10          0.0294        6.71e-05          0.0294         0.00809          0.0101          0.0165           0.021
     28         20          0.0284        4.32e-05          0.0284         0.00646         0.00807          0.0153          0.0207


2025-11-20 16:46:14: Epoch summary:
Validation  # epoch      total_loss     energy_loss     forces_loss      energy_mae     energy_rmse      forces_mae     forces_rmse
                 28          0.0353        8.43e-05          0.0353         0.00741         0.00966          0.0171          0.0228
Train       # epoch      total_loss     energy_loss     forces_loss      energy_mae     energy_rmse      forces_mae     forces_rmse
                 28          0.0831          0.0167          0.0665           0.134           0.135          0.0233          0.0312


2025-11-20 16:46:14: Training
# epoch      batch      total_loss     energy_loss     forces_loss      energy_mae     energy_rmse      forces_mae     forces_rmse
     29          0          0.0508        0.000195          0.0506          0.0136          0.0172          0.0211          0.0276
     29         10          0.0449         0.00623          0.0386          0.0968          0.0969          0.0184          0.0241
     29         20          0.0559         0.00251          0.0534          0.0604          0.0615          0.0219          0.0284
     29         30          0.0455         0.00767          0.0379           0.107           0.108          0.0186          0.0239
     29         40          0.0428         0.00286          0.0399          0.0648          0.0656          0.0191          0.0245
     29         50          0.0486         0.00166          0.0469          0.0495            0.05          0.0199          0.0266
     29         60          0.0412         0.00101          0.0402          0.0381           0.039          0.0187          0.0246
     29         70          0.0371        0.000214          0.0369           0.013           0.018           0.018          0.0236
     29         80          0.0493         0.00104          0.0483          0.0365          0.0396          0.0198           0.027
     29         90          0.0555         0.00614          0.0493          0.0957          0.0962          0.0207          0.0273
     29        100          0.0546         0.00654          0.0481          0.0979          0.0993          0.0203          0.0269
     29        110          0.0489          0.0127          0.0362           0.138           0.138          0.0181          0.0234


2025-11-20 16:46:25: Validating
# epoch      batch      total_loss     energy_loss     forces_loss      energy_mae     energy_rmse      forces_mae     forces_rmse
     29          0          0.0235        3.48e-05          0.0235         0.00579         0.00724          0.0143          0.0188
     29         10          0.0279        5.75e-05          0.0278         0.00713         0.00931          0.0161          0.0205
     29         20           0.027        3.14e-05           0.027         0.00519         0.00688          0.0149          0.0202


2025-11-20 16:46:27: Epoch summary:
Validation  # epoch      total_loss     energy_loss     forces_loss      energy_mae     energy_rmse      forces_mae     forces_rmse
                 29          0.0339        7.53e-05          0.0338         0.00675         0.00895          0.0167          0.0223
Train       # epoch      total_loss     energy_loss     forces_loss      energy_mae     energy_rmse      forces_mae     forces_rmse
                 29          0.0452         0.00334          0.0418          0.0575          0.0592           0.019           0.025


2025-11-20 16:46:27: Training
# epoch      batch      total_loss     energy_loss     forces_loss      energy_mae     energy_rmse      forces_mae     forces_rmse
     30          0          0.0548          0.0117          0.0431           0.132           0.133          0.0197          0.0255
     30         10          0.0352        0.000254           0.035          0.0182          0.0196          0.0175           0.023
     30         20          0.0502         0.00852          0.0417           0.111           0.113          0.0193          0.0251
     30         30          0.0567        0.000737           0.056          0.0304          0.0333          0.0209           0.029
     30         40           0.118         0.00507           0.113          0.0853          0.0874          0.0284          0.0412
     30         50           0.081          0.0214          0.0596           0.179            0.18          0.0214            0.03
     30         60          0.0568          0.0137          0.0432           0.143           0.144          0.0196          0.0255
     30         70          0.0728          0.0331          0.0397           0.223           0.223          0.0184          0.0245
     30         80          0.0805          0.0353          0.0452            0.23           0.231          0.0199          0.0261
     30         90           0.118          0.0341          0.0842           0.226           0.227          0.0257          0.0356
     30        100          0.0926          0.0414          0.0512           0.249            0.25          0.0211          0.0278
     30        110           0.112          0.0071           0.105           0.103           0.103          0.0308          0.0398


2025-11-20 16:46:38: Validating
# epoch      batch      total_loss     energy_loss     forces_loss      energy_mae     energy_rmse      forces_mae     forces_rmse
     30          0          0.0227        3.06e-05          0.0227           0.005         0.00679           0.014          0.0185
     30         10          0.0266        4.65e-05          0.0266         0.00585         0.00837          0.0158            0.02
     30         20          0.0261        2.14e-05          0.0261         0.00395         0.00567          0.0147          0.0198


2025-11-20 16:46:39: Epoch summary:
Validation  # epoch      total_loss     energy_loss     forces_loss      energy_mae     energy_rmse      forces_mae     forces_rmse
                 30          0.0326        7.35e-05          0.0325         0.00635         0.00876          0.0164          0.0219
Train       # epoch      total_loss     energy_loss     forces_loss      energy_mae     energy_rmse      forces_mae     forces_rmse
                 30          0.0671          0.0164          0.0506           0.137           0.138          0.0205          0.0273


2025-11-20 16:46:39: Training
# epoch      batch      total_loss     energy_loss     forces_loss      energy_mae     energy_rmse      forces_mae     forces_rmse
     31          0          0.0996          0.0201          0.0795           0.173           0.174          0.0265          0.0346
     31         10           0.111          0.0191          0.0924           0.169            0.17          0.0284          0.0373
     31         20          0.0874         0.00384          0.0836          0.0734          0.0761          0.0262          0.0355
     31         30          0.0968          0.0058           0.091          0.0926          0.0935          0.0266           0.037
     31         40          0.0654          0.0038          0.0616          0.0732          0.0757          0.0222          0.0305
     31         50          0.0464         0.00164          0.0447          0.0481          0.0497          0.0195           0.026
     31         60          0.0813         0.00703          0.0743           0.102           0.103          0.0253          0.0335
     31         70           0.078         0.00497          0.0731          0.0853          0.0866          0.0256          0.0332
     31         80           0.054        0.000939          0.0531          0.0356          0.0376          0.0219          0.0283
     31         90          0.0375         0.00311          0.0344           0.068          0.0685          0.0176          0.0228
     31        100          0.0347         0.00112          0.0336          0.0402          0.0411          0.0172          0.0225
     31        110          0.0409         0.00845          0.0324           0.113           0.113          0.0171          0.0221


2025-11-20 16:46:51: Validating
# epoch      batch      total_loss     energy_loss     forces_loss      energy_mae     energy_rmse      forces_mae     forces_rmse
     31          0          0.0223        3.22e-05          0.0222         0.00524         0.00697          0.0139          0.0183
     31         10          0.0258        4.47e-05          0.0257          0.0059         0.00821          0.0155          0.0197
     31         20          0.0254        2.38e-05          0.0254         0.00422         0.00599          0.0144          0.0196


2025-11-20 16:46:52: Epoch summary:
Validation  # epoch      total_loss     energy_loss     forces_loss      energy_mae     energy_rmse      forces_mae     forces_rmse
                 31          0.0319        7.54e-05          0.0319         0.00635          0.0087          0.0162          0.0216
Train       # epoch      total_loss     energy_loss     forces_loss      energy_mae     energy_rmse      forces_mae     forces_rmse
                 31          0.0713         0.00814          0.0632           0.093          0.0946          0.0226          0.0304


2025-11-20 16:46:52: Training
# epoch      batch      total_loss     energy_loss     forces_loss      energy_mae     energy_rmse      forces_mae     forces_rmse
     32          0          0.0506          0.0134          0.0372           0.142           0.142          0.0179          0.0237
     32         10          0.0281        0.000795          0.0273          0.0332          0.0346          0.0156          0.0203
     32         20          0.0354         0.00345          0.0319           0.071          0.0721          0.0168          0.0219
     32         30          0.0311        0.000306          0.0308          0.0198          0.0215          0.0165          0.0216
     32         40          0.0517        0.000412          0.0513          0.0213          0.0249          0.0209          0.0278
     32         50          0.0381         0.00599          0.0321          0.0947           0.095          0.0166           0.022
     32         60           0.196         0.00737           0.188          0.0973           0.105          0.0342          0.0533
     32         70          0.0835          0.0121          0.0715           0.134           0.135          0.0238          0.0328
     32         80          0.0675         0.00639          0.0611          0.0962          0.0982          0.0231          0.0304
     32         90            0.07          0.0118          0.0582           0.133           0.134          0.0218          0.0296
     32        100          0.0606        0.000266          0.0603          0.0176            0.02          0.0217          0.0302
     32        110          0.0661         0.00949          0.0566           0.119            0.12          0.0217          0.0292


2025-11-20 16:47:03: Validating
# epoch      batch      total_loss     energy_loss     forces_loss      energy_mae     energy_rmse      forces_mae     forces_rmse
     32          0          0.0219         3.1e-05          0.0219         0.00509         0.00684          0.0137          0.0182
     32         10          0.0246        4.21e-05          0.0246         0.00522         0.00797          0.0151          0.0192
     32         20          0.0244        1.85e-05          0.0244         0.00366         0.00529          0.0141          0.0192


2025-11-20 16:47:05: Epoch summary:
Validation  # epoch      total_loss     energy_loss     forces_loss      energy_mae     energy_rmse      forces_mae     forces_rmse
                 32          0.0311        7.31e-05           0.031         0.00619         0.00865          0.0159          0.0213
Train       # epoch      total_loss     energy_loss     forces_loss      energy_mae     energy_rmse      forces_mae     forces_rmse
                 32          0.0616         0.00726          0.0544          0.0889          0.0907          0.0207           0.028


2025-11-20 16:47:05: Training
# epoch      batch      total_loss     energy_loss     forces_loss      energy_mae     energy_rmse      forces_mae     forces_rmse
     33          0          0.0395         0.00593          0.0336          0.0935          0.0945          0.0173          0.0225
     33         10          0.0846          0.0413          0.0433           0.249            0.25          0.0193          0.0255
     33         20          0.0574         0.00855          0.0489           0.113           0.114          0.0204          0.0271
     33         30           0.182           0.007           0.175          0.0985           0.103          0.0345          0.0513
     33         40          0.0616          0.0095           0.052           0.119            0.12           0.021           0.028
     33         50          0.0521         0.00071          0.0514          0.0304          0.0327           0.021          0.0278
     33         60          0.0411        0.000841          0.0403          0.0346          0.0356          0.0188          0.0246
     33         70          0.0397         0.00295          0.0368          0.0662          0.0666          0.0179          0.0235
     33         80          0.0627        0.000277          0.0625          0.0159          0.0204          0.0232          0.0307
     33         90          0.0886          0.0134          0.0752           0.141           0.142           0.025          0.0337
     33        100          0.0611         0.00801          0.0531           0.109            0.11          0.0215          0.0283
     33        110          0.0341         0.00259          0.0315          0.0615          0.0624          0.0168          0.0218


2025-11-20 16:47:16: Validating
# epoch      batch      total_loss     energy_loss     forces_loss      energy_mae     energy_rmse      forces_mae     forces_rmse
     33          0          0.0215        2.86e-05          0.0214         0.00493         0.00656          0.0136           0.018
     33         10          0.0242        3.86e-05          0.0242         0.00493         0.00763           0.015          0.0191
     33         20          0.0235        2.06e-05          0.0235         0.00409         0.00557          0.0139          0.0188


2025-11-20 16:47:17: Epoch summary:
Validation  # epoch      total_loss     energy_loss     forces_loss      energy_mae     energy_rmse      forces_mae     forces_rmse
                 33          0.0302           7e-05          0.0302         0.00606         0.00841          0.0157           0.021
Train       # epoch      total_loss     energy_loss     forces_loss      energy_mae     energy_rmse      forces_mae     forces_rmse
                 33          0.0552         0.00632          0.0489          0.0784          0.0801            0.02          0.0267


2025-11-20 16:47:17: Training
# epoch      batch      total_loss     energy_loss     forces_loss      energy_mae     energy_rmse      forces_mae     forces_rmse
     34          0          0.0405           0.004          0.0365          0.0771          0.0776          0.0186          0.0235
     34         10          0.0383        4.05e-05          0.0382         0.00625         0.00781          0.0187           0.024
     34         20          0.0247         0.00044          0.0243          0.0172          0.0258          0.0146          0.0191
     34         30          0.0329         0.00224          0.0306          0.0574           0.058          0.0161          0.0215
     34         40          0.0409        0.000668          0.0402          0.0295          0.0317          0.0181          0.0246
     34         50          0.0554          0.0175           0.038           0.162           0.162          0.0177          0.0239
     34         60           0.047        0.000168          0.0468          0.0126          0.0159          0.0199          0.0266
     34         70          0.0369        0.000817           0.036           0.034          0.0351          0.0181          0.0233
     34         80          0.0368        0.000433          0.0364          0.0159          0.0256          0.0178          0.0234
     34         90          0.0352         0.00159          0.0336          0.0476           0.049          0.0175          0.0225
     34        100          0.0349         0.00264          0.0323          0.0627          0.0631          0.0169          0.0221
     34        110          0.0288        5.54e-05          0.0287         0.00696         0.00914          0.0158          0.0208


2025-11-20 16:47:29: Validating
# epoch      batch      total_loss     energy_loss     forces_loss      energy_mae     energy_rmse      forces_mae     forces_rmse
     34          0          0.0206        2.83e-05          0.0206         0.00476         0.00654          0.0133          0.0176
     34         10          0.0235        3.57e-05          0.0235         0.00503         0.00734          0.0147          0.0188
     34         20          0.0227        2.36e-05          0.0226         0.00436         0.00597          0.0137          0.0185


2025-11-20 16:47:30: Epoch summary:
Validation  # epoch      total_loss     energy_loss     forces_loss      energy_mae     energy_rmse      forces_mae     forces_rmse
                 34          0.0292        6.91e-05          0.0291         0.00598         0.00827          0.0154          0.0207
Train       # epoch      total_loss     energy_loss     forces_loss      energy_mae     energy_rmse      forces_mae     forces_rmse
                 34          0.0379           0.002          0.0359          0.0424          0.0443          0.0176          0.0232


2025-11-20 16:47:30: Training
# epoch      batch      total_loss     energy_loss     forces_loss      energy_mae     energy_rmse      forces_mae     forces_rmse
     35          0          0.0318        0.000281          0.0315          0.0187          0.0206          0.0168          0.0218
     35         10          0.0393         0.00883          0.0305           0.115           0.115          0.0164          0.0214
     35         20          0.0505          0.0156          0.0349           0.153           0.153          0.0174          0.0229
     35         30          0.0589        0.000939          0.0579          0.0341          0.0376          0.0207          0.0296
     35         40          0.0725          0.0297          0.0428           0.211           0.212          0.0193          0.0254
     35         50          0.0794          0.0192          0.0602           0.168            0.17          0.0222          0.0301
     35         60          0.0618        0.000435          0.0614          0.0216          0.0256          0.0226          0.0304
     35         70          0.0448          0.0115          0.0333           0.132           0.132          0.0176          0.0224
     35         80          0.0262         3.7e-05          0.0262         0.00627         0.00747          0.0152          0.0199
     35         90          0.0334         0.00301          0.0304          0.0668          0.0674          0.0165          0.0214
     35        100          0.0324        0.000125          0.0322          0.0106          0.0137          0.0169           0.022
     35        110          0.0306        0.000635            0.03          0.0288          0.0309          0.0159          0.0213


2025-11-20 16:47:42: Validating
# epoch      batch      total_loss     energy_loss     forces_loss      energy_mae     energy_rmse      forces_mae     forces_rmse
     35          0            0.02        3.16e-05            0.02         0.00547          0.0069          0.0131          0.0173
     35         10          0.0228        3.52e-05          0.0227         0.00576         0.00728          0.0145          0.0185
     35         20          0.0218        3.49e-05          0.0217         0.00576         0.00726          0.0134          0.0181


2025-11-20 16:47:44: Epoch summary:
Validation  # epoch      total_loss     energy_loss     forces_loss      energy_mae     energy_rmse      forces_mae     forces_rmse
                 35          0.0283        7.23e-05          0.0282         0.00622         0.00844          0.0151          0.0203
Train       # epoch      total_loss     energy_loss     forces_loss      energy_mae     energy_rmse      forces_mae     forces_rmse
                 35          0.0453         0.00568          0.0396          0.0698          0.0716          0.0182          0.0242


2025-11-20 16:47:44: Training
# epoch      batch      total_loss     energy_loss     forces_loss      energy_mae     energy_rmse      forces_mae     forces_rmse
     36          0          0.0405        0.000124          0.0404          0.0118          0.0137          0.0174          0.0247
     36         10          0.0292        0.000154          0.0291          0.0131          0.0153          0.0157          0.0209
     36         20          0.0338        0.000643          0.0332          0.0304          0.0311          0.0167          0.0224
     36         30           0.034         0.00188          0.0321          0.0524          0.0533          0.0167           0.022
     36         40          0.0568         0.00828          0.0486            0.11           0.112          0.0207          0.0271
     36         50           0.065            0.02           0.045           0.173           0.174            0.02           0.026
     36         60          0.0963          0.0229          0.0734           0.185           0.186          0.0251          0.0333
     36         70          0.0754          0.0298          0.0456           0.212           0.212          0.0199          0.0262
     36         80          0.0591          0.0266          0.0324           0.199             0.2          0.0168          0.0221
     36         90          0.0933        0.000181          0.0932          0.0131          0.0165           0.028          0.0375
     36        100          0.0874        0.000698          0.0867          0.0289          0.0324          0.0265          0.0361
     36        110          0.0686        0.000284          0.0683          0.0174          0.0207           0.024          0.0321


2025-11-20 16:47:55: Validating
# epoch      batch      total_loss     energy_loss     forces_loss      energy_mae     energy_rmse      forces_mae     forces_rmse
     36          0          0.0193        3.58e-05          0.0193         0.00596         0.00735          0.0129           0.017
     36         10          0.0215        3.01e-05          0.0215          0.0057         0.00674          0.0141           0.018
     36         20          0.0214        3.66e-05          0.0214         0.00607         0.00743          0.0133           0.018


2025-11-20 16:47:57: Epoch summary:
Validation  # epoch      total_loss     energy_loss     forces_loss      energy_mae     energy_rmse      forces_mae     forces_rmse
                 36          0.0276        7.68e-05          0.0275         0.00622         0.00851          0.0149            0.02
Train       # epoch      total_loss     energy_loss     forces_loss      energy_mae     energy_rmse      forces_mae     forces_rmse
                 36          0.0602         0.00747          0.0527          0.0791          0.0808          0.0207          0.0276


2025-11-20 16:47:57: Training
# epoch      batch      total_loss     energy_loss     forces_loss      energy_mae     energy_rmse      forces_mae     forces_rmse
     37          0          0.0553        0.000833          0.0545          0.0322          0.0354          0.0206          0.0287
     37         10           0.069          0.0174          0.0515           0.161           0.162          0.0204          0.0279
     37         20          0.0479         0.00464          0.0433          0.0827          0.0836          0.0195          0.0255
     37         30          0.0554         0.00842           0.047           0.112           0.113          0.0192          0.0266
     37         40          0.0925          0.0132          0.0793           0.139           0.141          0.0246          0.0346
     37         50          0.0688         0.00166          0.0671          0.0485          0.0501          0.0223          0.0318
     37         60           0.101          0.0116          0.0893           0.131           0.132          0.0255          0.0367
     37         70          0.0541         0.00129          0.0528          0.0407          0.0441          0.0205          0.0282
     37         80          0.0332         0.00023           0.033          0.0166          0.0186          0.0171          0.0223
     37         90           0.043         0.00209          0.0409          0.0547          0.0562          0.0189          0.0248
     37        100          0.0356         0.00184          0.0338          0.0469          0.0526          0.0168          0.0226
     37        110          0.0304         0.00066          0.0297          0.0305          0.0315           0.016          0.0212


2025-11-20 16:48:09: Validating
# epoch      batch      total_loss     energy_loss     forces_loss      energy_mae     energy_rmse      forces_mae     forces_rmse
     37          0          0.0191        3.69e-05          0.0191         0.00603         0.00746          0.0128           0.017
     37         10          0.0208        2.82e-05          0.0208         0.00544         0.00652          0.0138          0.0177
     37         20           0.021         3.3e-05           0.021         0.00569         0.00705          0.0131          0.0178


2025-11-20 16:48:10: Epoch summary:
Validation  # epoch      total_loss     energy_loss     forces_loss      energy_mae     energy_rmse      forces_mae     forces_rmse
                 37          0.0272        8.08e-05          0.0271         0.00611         0.00844          0.0148          0.0199
Train       # epoch      total_loss     energy_loss     forces_loss      energy_mae     energy_rmse      forces_mae     forces_rmse
                 37          0.0655         0.00979          0.0557          0.0989           0.101          0.0207          0.0283


2025-11-20 16:48:10: Training
# epoch      batch      total_loss     energy_loss     forces_loss      energy_mae     energy_rmse      forces_mae     forces_rmse
     38          0          0.0319         0.00436          0.0276          0.0808          0.0811          0.0157          0.0204
     38         10          0.0445          0.0138          0.0307           0.144           0.145          0.0163          0.0215
     38         20          0.0391        0.000228          0.0388          0.0134          0.0185          0.0185          0.0242
     38         30          0.0297         0.00111          0.0286          0.0388          0.0409          0.0161          0.0208
     38         40          0.0314         0.00254          0.0289          0.0614          0.0619           0.016          0.0209
     38         50          0.0346        0.000758          0.0338          0.0322          0.0338           0.017          0.0226
     38         60          0.0302        6.43e-05          0.0302         0.00815         0.00985          0.0161          0.0213
     38         70          0.0249        6.43e-05          0.0248         0.00737         0.00985          0.0151          0.0194
     38         80          0.0378         0.00973           0.028           0.121           0.121          0.0158          0.0206
     38         90          0.0315        0.000648          0.0308          0.0306          0.0313          0.0162          0.0216
     38        100          0.0384        0.000109          0.0382          0.0105          0.0128          0.0184           0.024
     38        110          0.0489         0.00246          0.0464          0.0575          0.0609          0.0186          0.0265


2025-11-20 16:48:21: Validating
# epoch      batch      total_loss     energy_loss     forces_loss      energy_mae     energy_rmse      forces_mae     forces_rmse
     38          0          0.0184        3.11e-05          0.0184         0.00523         0.00685          0.0126          0.0166
     38         10          0.0196        2.75e-05          0.0196         0.00493         0.00644          0.0134          0.0172
     38         20          0.0204        2.55e-05          0.0203         0.00468          0.0062          0.0129          0.0175


2025-11-20 16:48:23: Epoch summary:
Validation  # epoch      total_loss     energy_loss     forces_loss      energy_mae     energy_rmse      forces_mae     forces_rmse
                 38          0.0263        7.62e-05          0.0263         0.00577         0.00812          0.0145          0.0196
Train       # epoch      total_loss     energy_loss     forces_loss      energy_mae     energy_rmse      forces_mae     forces_rmse
                 38          0.0342         0.00208          0.0321          0.0431           0.045          0.0166           0.022


2025-11-20 16:48:23: Training
# epoch      batch      total_loss     energy_loss     forces_loss      energy_mae     energy_rmse      forces_mae     forces_rmse
     39          0          0.0495          0.0022          0.0473          0.0558          0.0576          0.0196          0.0267
     39         10          0.0924          0.0193          0.0731           0.169           0.171          0.0225          0.0332
     39         20          0.0925          0.0412          0.0512           0.249           0.249            0.02          0.0278
     39         30           0.137          0.0217           0.115           0.179           0.181          0.0287          0.0417
     39         40          0.0829        0.000969           0.082          0.0337          0.0382          0.0256          0.0352
     39         50          0.0809         0.00402          0.0769          0.0768          0.0779          0.0249           0.034
     39         60           0.088         0.00175          0.0863            0.05          0.0513          0.0261          0.0361
     39         70          0.0526         0.00629          0.0463          0.0968          0.0974          0.0204          0.0264
     39         80          0.0726         0.00325          0.0694          0.0686          0.0699          0.0241          0.0323
     39         90          0.0629          0.0232          0.0396           0.187           0.187          0.0188          0.0244
     39        100          0.0467          0.0129          0.0338           0.139            0.14          0.0174          0.0226
     39        110          0.0834          0.0042          0.0792           0.077          0.0796          0.0242          0.0346


2025-11-20 16:48:34: Validating
# epoch      batch      total_loss     energy_loss     forces_loss      energy_mae     energy_rmse      forces_mae     forces_rmse
     39          0          0.0184        3.63e-05          0.0184         0.00611         0.00739          0.0126          0.0167
     39         10          0.0193        3.25e-05          0.0192         0.00568           0.007          0.0133           0.017
     39         20          0.0202        3.06e-05          0.0202         0.00545         0.00679          0.0129          0.0175


2025-11-20 16:48:35: Epoch summary:
Validation  # epoch      total_loss     energy_loss     forces_loss      energy_mae     energy_rmse      forces_mae     forces_rmse
                 39           0.026        7.84e-05          0.0259         0.00612         0.00843          0.0144          0.0195
Train       # epoch      total_loss     energy_loss     forces_loss      energy_mae     energy_rmse      forces_mae     forces_rmse
                 39          0.0856          0.0122          0.0734           0.113           0.115          0.0237          0.0325


2025-11-20 16:48:35: Training
# epoch      batch      total_loss     energy_loss     forces_loss      energy_mae     energy_rmse      forces_mae     forces_rmse
     40          0          0.0517          0.0157           0.036           0.154           0.154          0.0176          0.0233
     40         10          0.0513         0.00469          0.0466           0.083          0.0841          0.0205          0.0265
     40         20          0.0322         0.00023           0.032          0.0173          0.0186          0.0163          0.0219
     40         30          0.0237        0.000389          0.0233          0.0234          0.0242          0.0143          0.0188
     40         40          0.0347        0.000501          0.0342          0.0257          0.0275           0.017          0.0227
     40         50          0.0359        0.000819          0.0351          0.0336          0.0351          0.0169           0.023
     40         60          0.0303         0.00161          0.0287          0.0485          0.0492          0.0159          0.0208
     40         70          0.0312        5.35e-05          0.0312         0.00695         0.00898          0.0164          0.0217
     40         80          0.0308        0.000353          0.0304          0.0217          0.0231          0.0165          0.0214
     40         90          0.0356        0.000578          0.0351          0.0283          0.0295          0.0173           0.023
     40        100          0.0362        0.000681          0.0355          0.0311           0.032          0.0174          0.0231
     40        110          0.0327         0.00127          0.0314          0.0419          0.0437           0.016          0.0218


2025-11-20 16:48:46: Validating
# epoch      batch      total_loss     energy_loss     forces_loss      energy_mae     energy_rmse      forces_mae     forces_rmse
     40          0          0.0182        3.33e-05          0.0181         0.00566         0.00709          0.0125          0.0165
     40         10           0.019        2.86e-05           0.019         0.00514         0.00657          0.0131          0.0169
     40         20          0.0197         2.8e-05          0.0196         0.00512          0.0065          0.0127          0.0172


2025-11-20 16:48:47: Epoch summary:
Validation  # epoch      total_loss     energy_loss     forces_loss      energy_mae     energy_rmse      forces_mae     forces_rmse
                 40          0.0255        7.39e-05          0.0254         0.00592         0.00821          0.0143          0.0193
Train       # epoch      total_loss     energy_loss     forces_loss      energy_mae     energy_rmse      forces_mae     forces_rmse
                 40          0.0344         0.00151          0.0329           0.034          0.0359          0.0168          0.0222


2025-11-20 16:48:47: Training
# epoch      batch      total_loss     energy_loss     forces_loss      energy_mae     energy_rmse      forces_mae     forces_rmse
     41          0          0.0265        0.000705          0.0258          0.0319          0.0326          0.0152          0.0197
     41         10          0.0237        2.37e-05          0.0237         0.00491         0.00598          0.0146          0.0189
     41         20          0.0276        0.000185          0.0274          0.0138          0.0167          0.0154          0.0203
     41         30          0.0253        0.000269           0.025          0.0191          0.0201          0.0148          0.0194
     41         40          0.0375         0.00193          0.0356           0.053          0.0539           0.017          0.0232
     41         50          0.0305        8.59e-05          0.0304         0.00953          0.0114           0.016          0.0214
     41         60           0.044         0.00248          0.0416          0.0588          0.0611          0.0186           0.025
     41         70          0.0363         0.00777          0.0285           0.108           0.108          0.0159          0.0207
     41         80          0.0473        0.000132          0.0472           0.011          0.0141          0.0196          0.0267
     41         90           0.117          0.0472          0.0702           0.266           0.267          0.0248          0.0325
     41        100          0.0838         0.00237          0.0814           0.058          0.0598          0.0251           0.035
     41        110          0.0839          0.0431          0.0408           0.255           0.255          0.0188          0.0248


2025-11-20 16:48:58: Validating
# epoch      batch      total_loss     energy_loss     forces_loss      energy_mae     energy_rmse      forces_mae     forces_rmse
     41          0          0.0176        2.66e-05          0.0176          0.0045         0.00633          0.0124          0.0163
     41         10          0.0183        2.42e-05          0.0182         0.00405         0.00604          0.0129          0.0166
     41         20           0.019        2.19e-05          0.0189         0.00416         0.00575          0.0125          0.0169


2025-11-20 16:48:59: Epoch summary:
Validation  # epoch      total_loss     energy_loss     forces_loss      energy_mae     energy_rmse      forces_mae     forces_rmse
                 41          0.0248        7.08e-05          0.0247         0.00556         0.00792           0.014           0.019
Train       # epoch      total_loss     energy_loss     forces_loss      energy_mae     energy_rmse      forces_mae     forces_rmse
                 41           0.048         0.00482          0.0432          0.0644          0.0664          0.0184          0.0248


2025-11-20 16:48:59: Training
# epoch      batch      total_loss     energy_loss     forces_loss      energy_mae     energy_rmse      forces_mae     forces_rmse
     42          0           0.088          0.0546          0.0333           0.287           0.287          0.0171          0.0224
     42         10           0.112          0.0032           0.108          0.0652          0.0694          0.0274          0.0404
     42         20          0.0505         0.00725          0.0432           0.104           0.105          0.0188          0.0255
     42         30          0.0447          0.0123          0.0324           0.133           0.136          0.0166          0.0221
     42         40          0.0918         0.00126          0.0905          0.0378          0.0436          0.0258          0.0369
     42         50          0.0632          0.0121          0.0511           0.135           0.135            0.02          0.0277
     42         60          0.0579           0.015          0.0429            0.15            0.15          0.0192          0.0254
     42         70          0.0777         0.00725          0.0705           0.102           0.105           0.023          0.0326
     42         80          0.0755        0.000621          0.0749          0.0269          0.0306           0.023          0.0336
     42         90          0.0367         0.00983          0.0269           0.122           0.122          0.0154          0.0201
     42        100           0.105          0.0264          0.0785           0.198             0.2          0.0245          0.0344
     42        110          0.0625          0.0023          0.0602          0.0563          0.0588          0.0206          0.0301


2025-11-20 16:49:10: Validating
# epoch      batch      total_loss     energy_loss     forces_loss      energy_mae     energy_rmse      forces_mae     forces_rmse
     42          0          0.0174        2.88e-05          0.0174          0.0046         0.00659          0.0123          0.0162
     42         10          0.0179        2.32e-05          0.0179         0.00382         0.00591          0.0127          0.0164
     42         20          0.0186        1.53e-05          0.0185         0.00344         0.00481          0.0123          0.0167


2025-11-20 16:49:11: Epoch summary:
Validation  # epoch      total_loss     energy_loss     forces_loss      energy_mae     energy_rmse      forces_mae     forces_rmse
                 42          0.0244         7.2e-05          0.0244         0.00554         0.00794          0.0139          0.0188
Train       # epoch      total_loss     energy_loss     forces_loss      energy_mae     energy_rmse      forces_mae     forces_rmse
                 42          0.0598          0.0121          0.0476           0.118           0.119          0.0193          0.0264


2025-11-20 16:49:11: Training
# epoch      batch      total_loss     energy_loss     forces_loss      energy_mae     energy_rmse      forces_mae     forces_rmse
     43          0          0.0819          0.0444          0.0375           0.258           0.259          0.0181          0.0238
     43         10          0.0538          0.0119          0.0419           0.134           0.134          0.0191          0.0251
     43         20          0.0367         0.00324          0.0334          0.0688          0.0699           0.017          0.0224
     43         30          0.0331        0.000445          0.0327          0.0248          0.0259           0.017          0.0222
     43         40          0.0385         0.00021          0.0383           0.012          0.0178          0.0179           0.024
     43         50          0.0271        0.000309          0.0268          0.0202          0.0216          0.0154          0.0201
     43         60          0.0245        0.000226          0.0242          0.0175          0.0185          0.0148          0.0191
     43         70           0.025        0.000768          0.0243          0.0331           0.034          0.0149          0.0191
     43         80          0.0417         0.00166            0.04          0.0485            0.05          0.0178          0.0246
     43         90          0.0406        0.000135          0.0404         0.00939          0.0142          0.0187          0.0247
     43        100          0.0835          0.0458          0.0377           0.263           0.263          0.0178          0.0239
     43        110          0.0604           0.033          0.0275           0.223           0.223          0.0155          0.0204


2025-11-20 16:49:22: Validating
# epoch      batch      total_loss     energy_loss     forces_loss      energy_mae     energy_rmse      forces_mae     forces_rmse
     43          0          0.0168        3.07e-05          0.0168           0.005         0.00681           0.012          0.0159
     43         10          0.0176        2.21e-05          0.0176         0.00382         0.00578          0.0126          0.0163
     43         20          0.0182        1.65e-05          0.0182         0.00354         0.00498          0.0122          0.0165


2025-11-20 16:49:23: Epoch summary:
Validation  # epoch      total_loss     energy_loss     forces_loss      energy_mae     energy_rmse      forces_mae     forces_rmse
                 43           0.024        7.32e-05           0.024         0.00559         0.00797          0.0138          0.0187
Train       # epoch      total_loss     energy_loss     forces_loss      energy_mae     energy_rmse      forces_mae     forces_rmse
                 43          0.0437         0.00669           0.037          0.0734          0.0751          0.0176          0.0234


2025-11-20 16:49:23: Training
# epoch      batch      total_loss     energy_loss     forces_loss      energy_mae     energy_rmse      forces_mae     forces_rmse
     44          0          0.0748          0.0247          0.0501            0.19           0.193          0.0206          0.0275
     44         10          0.0577          0.0207           0.037           0.176           0.177          0.0177          0.0236
     44         20          0.0514          0.0133          0.0381           0.141           0.142           0.018           0.024
     44         30          0.0335        5.78e-05          0.0335         0.00795         0.00933          0.0166          0.0225
     44         40           0.028        0.000724          0.0272          0.0326           0.033           0.015          0.0203
     44         50          0.0253        0.000176          0.0252          0.0151          0.0163          0.0149          0.0195
     44         60          0.0376         0.00607          0.0315          0.0951          0.0957          0.0156          0.0218
     44         70          0.0482         0.00386          0.0444          0.0738          0.0763          0.0198          0.0259
     44         80           0.048         0.00322          0.0448           0.068          0.0697          0.0194           0.026
     44         90          0.0502        0.000345          0.0498           0.016          0.0228          0.0204          0.0274
     44        100          0.0385          0.0012          0.0373          0.0411          0.0426          0.0181          0.0237
     44        110          0.0392         0.00127           0.038          0.0431          0.0437          0.0183          0.0239


2025-11-20 16:49:34: Validating
# epoch      batch      total_loss     energy_loss     forces_loss      energy_mae     energy_rmse      forces_mae     forces_rmse
     44          0          0.0165        2.94e-05          0.0165          0.0049         0.00665          0.0119          0.0158
     44         10          0.0174        2.32e-05          0.0173         0.00377         0.00592          0.0124          0.0162
     44         20          0.0179        1.53e-05          0.0179          0.0033          0.0048           0.012          0.0164


2025-11-20 16:49:36: Epoch summary:
Validation  # epoch      total_loss     energy_loss     forces_loss      energy_mae     energy_rmse      forces_mae     forces_rmse
                 44          0.0237         7.2e-05          0.0236         0.00551         0.00788          0.0137          0.0185
Train       # epoch      total_loss     energy_loss     forces_loss      energy_mae     energy_rmse      forces_mae     forces_rmse
                 44          0.0449          0.0054          0.0395          0.0697          0.0715           0.018          0.0242


2025-11-20 16:49:36: Training
# epoch      batch      total_loss     energy_loss     forces_loss      energy_mae     energy_rmse      forces_mae     forces_rmse
     45          0          0.0373         0.00113          0.0362          0.0405          0.0412          0.0174          0.0233
     45         10          0.0419         0.00018          0.0417          0.0152          0.0165          0.0179          0.0251
     45         20          0.0339        0.000265          0.0336          0.0187            0.02          0.0169          0.0225
     45         30          0.0342         0.00164          0.0326          0.0483          0.0498          0.0169          0.0222
     45         40          0.0468         0.00161          0.0452          0.0482          0.0493          0.0194          0.0261
     45         50          0.0337        0.000767          0.0329          0.0324           0.034          0.0166          0.0223
     45         60           0.032        0.000385          0.0316          0.0218          0.0241          0.0163          0.0218
     45         70           0.039        0.000384          0.0386          0.0189          0.0241          0.0173          0.0241
     45         80          0.0291        0.000211          0.0289          0.0151          0.0178          0.0157          0.0209
     45         90          0.0316         0.00123          0.0304          0.0425          0.0431          0.0158          0.0214
     45        100          0.0351        0.000132           0.035         0.00923          0.0141          0.0174           0.023
     45        110          0.0306        0.000266          0.0303          0.0141            0.02          0.0166          0.0214


2025-11-20 16:49:47: Validating
# epoch      batch      total_loss     energy_loss     forces_loss      energy_mae     energy_rmse      forces_mae     forces_rmse
     45          0          0.0163        2.94e-05          0.0163         0.00497         0.00666          0.0118          0.0157
     45         10           0.017        2.21e-05          0.0169         0.00361         0.00577          0.0123           0.016
     45         20          0.0175        1.78e-05          0.0175         0.00359         0.00518          0.0119          0.0162


2025-11-20 16:49:48: Epoch summary:
Validation  # epoch      total_loss     energy_loss     forces_loss      energy_mae     energy_rmse      forces_mae     forces_rmse
                 45          0.0232        7.11e-05          0.0232         0.00545          0.0078          0.0135          0.0183
Train       # epoch      total_loss     energy_loss     forces_loss      energy_mae     energy_rmse      forces_mae     forces_rmse
                 45          0.0337         0.00163           0.032            0.04          0.0418          0.0164          0.0219


2025-11-20 16:49:48: Training
# epoch      batch      total_loss     energy_loss     forces_loss      energy_mae     energy_rmse      forces_mae     forces_rmse
     46          0          0.0233        0.000156          0.0232          0.0139          0.0153          0.0146          0.0187
     46         10          0.0248        7.04e-05          0.0247         0.00866          0.0103          0.0147          0.0193
     46         20          0.0283        0.000313           0.028          0.0196          0.0217          0.0153          0.0205
     46         30            0.12         0.00212           0.118          0.0485          0.0565          0.0267          0.0422
     46         40          0.0542          0.0157          0.0385           0.153           0.154           0.018          0.0241
     46         50          0.0403        0.000244          0.0401          0.0179          0.0192          0.0183          0.0246
     46         60          0.0419         0.00261          0.0393          0.0614          0.0627          0.0185          0.0243
     46         70          0.0309        4.11e-05          0.0309         0.00601         0.00787          0.0159          0.0216
     46         80          0.0358         0.00201          0.0338          0.0523          0.0551          0.0165          0.0226
     46         90          0.0388        0.000161          0.0386          0.0131          0.0156          0.0184          0.0241
     46        100          0.0342         0.00155          0.0327          0.0474          0.0484          0.0169          0.0222
     46        110          0.0446          0.0027          0.0419          0.0634          0.0638          0.0181          0.0251


2025-11-20 16:50:00: Validating
# epoch      batch      total_loss     energy_loss     forces_loss      energy_mae     energy_rmse      forces_mae     forces_rmse
     46          0          0.0157        2.95e-05          0.0157         0.00515         0.00667          0.0116          0.0154
     46         10          0.0164        1.93e-05          0.0164         0.00366         0.00539          0.0121          0.0157
     46         20           0.017        2.08e-05           0.017         0.00417          0.0056          0.0117           0.016


2025-11-20 16:50:01: Epoch summary:
Validation  # epoch      total_loss     energy_loss     forces_loss      energy_mae     energy_rmse      forces_mae     forces_rmse
                 46          0.0228        7.51e-05          0.0227         0.00559         0.00797          0.0134          0.0182
Train       # epoch      total_loss     energy_loss     forces_loss      energy_mae     energy_rmse      forces_mae     forces_rmse
                 46          0.0422         0.00401          0.0382          0.0584          0.0604          0.0176          0.0236


2025-11-20 16:50:01: Training
# epoch      batch      total_loss     energy_loss     forces_loss      energy_mae     energy_rmse      forces_mae     forces_rmse
     47          0          0.0394        0.000966          0.0385           0.035          0.0382          0.0175          0.0241
     47         10          0.0284        6.27e-05          0.0283         0.00637         0.00972          0.0157          0.0207
     47         20          0.0257        0.000255          0.0254          0.0174          0.0196          0.0152          0.0196
     47         30          0.0259        0.000335          0.0256          0.0213          0.0225          0.0149          0.0196
     47         40          0.0422         0.00206          0.0401           0.055          0.0557          0.0182          0.0246
     47         50          0.0521          0.0117          0.0405            0.13           0.133          0.0181          0.0247
     47         60          0.0455         0.00733          0.0382           0.104           0.105          0.0178           0.024
     47         70          0.0856          0.0103          0.0752           0.122           0.125          0.0255          0.0337
     47         80          0.0551        0.000152          0.0549          0.0112          0.0151          0.0194          0.0288
     47         90          0.0372         0.00343          0.0337          0.0712           0.072           0.017          0.0226
     47        100          0.0351        0.000222          0.0349          0.0159          0.0183          0.0172          0.0229
     47        110          0.0293         0.00196          0.0273          0.0538          0.0544          0.0154          0.0203


2025-11-20 16:50:12: Validating
# epoch      batch      total_loss     energy_loss     forces_loss      energy_mae     energy_rmse      forces_mae     forces_rmse
     47          0          0.0155        3.04e-05          0.0155         0.00537         0.00677          0.0116          0.0153
     47         10           0.016        1.87e-05           0.016         0.00331          0.0053           0.012          0.0155
     47         20          0.0165        2.08e-05          0.0165          0.0041         0.00561          0.0116          0.0158


2025-11-20 16:50:13: Epoch summary:
Validation  # epoch      total_loss     energy_loss     forces_loss      energy_mae     energy_rmse      forces_mae     forces_rmse
                 47          0.0225        7.45e-05          0.0224         0.00548         0.00787          0.0133           0.018
Train       # epoch      total_loss     energy_loss     forces_loss      energy_mae     energy_rmse      forces_mae     forces_rmse
                 47          0.0449         0.00375          0.0412          0.0601           0.062           0.018          0.0243


2025-11-20 16:50:13: Training
# epoch      batch      total_loss     energy_loss     forces_loss      energy_mae     energy_rmse      forces_mae     forces_rmse
     48          0          0.0224         0.00262          0.0198          0.0626          0.0628          0.0134          0.0173
     48         10          0.0302         0.00233          0.0279          0.0589          0.0593          0.0155          0.0205
     48         20          0.0335         0.00218          0.0314          0.0565          0.0574          0.0162          0.0217
     48         30          0.0368        0.000265          0.0366          0.0163            0.02          0.0173          0.0235
     48         40          0.0254        4.42e-05          0.0254         0.00675         0.00816          0.0149          0.0196
     48         50          0.0299        0.000805          0.0291          0.0334          0.0348           0.016           0.021
     48         60          0.0301         0.00385          0.0262          0.0759          0.0762          0.0151          0.0199
     48         70          0.0704         0.00571          0.0647          0.0917          0.0928          0.0224          0.0312
     48         80           0.064          0.0267          0.0374             0.2             0.2          0.0181          0.0237
     48         90          0.0628         0.00348          0.0593          0.0704          0.0725          0.0213          0.0299
     48        100          0.0347         0.00131          0.0334          0.0438          0.0444           0.017          0.0224
     48        110          0.0287         0.00271           0.026          0.0632          0.0639          0.0153          0.0198


2025-11-20 16:50:23: Validating
# epoch      batch      total_loss     energy_loss     forces_loss      energy_mae     energy_rmse      forces_mae     forces_rmse
     48          0          0.0151        2.88e-05          0.0151         0.00513         0.00659          0.0114          0.0151
     48         10          0.0157         1.9e-05          0.0157         0.00371         0.00535          0.0119          0.0154
     48         20          0.0163        2.43e-05          0.0163         0.00471         0.00605          0.0115          0.0157


2025-11-20 16:50:25: Epoch summary:
Validation  # epoch      total_loss     energy_loss     forces_loss      energy_mae     energy_rmse      forces_mae     forces_rmse
                 48          0.0221        7.26e-05           0.022         0.00542         0.00778          0.0131          0.0178
Train       # epoch      total_loss     energy_loss     forces_loss      energy_mae     energy_rmse      forces_mae     forces_rmse
                 48          0.0407         0.00582          0.0349            0.07          0.0718          0.0168          0.0227


2025-11-20 16:50:25: Training
# epoch      batch      total_loss     energy_loss     forces_loss      energy_mae     energy_rmse      forces_mae     forces_rmse
     49          0          0.0418         0.00125          0.0406          0.0429          0.0434          0.0183          0.0247
     49         10          0.0289        0.000453          0.0284          0.0243          0.0261          0.0157          0.0207
     49         20          0.0267        0.000135          0.0266          0.0133          0.0143          0.0152            0.02
     49         30          0.0533         0.00731           0.046           0.104           0.105          0.0201          0.0263
     49         40          0.0246        0.000198          0.0244          0.0092          0.0173           0.015          0.0192
     49         50          0.0248        0.000419          0.0244           0.024          0.0251          0.0146          0.0192
     49         60          0.0235        0.000841          0.0227          0.0342          0.0356           0.014          0.0185
     49         70          0.0291        0.000375          0.0287          0.0226          0.0238          0.0161          0.0208
     49         80          0.0733         0.00232           0.071          0.0565          0.0592          0.0229          0.0327
     49         90           0.125          0.0422          0.0825           0.252           0.252          0.0262          0.0353
     49        100          0.0717        0.000166          0.0715          0.0133          0.0158          0.0245          0.0328
     49        110           0.063         0.00383          0.0592          0.0748           0.076          0.0228          0.0299


2025-11-20 16:50:35: Validating
# epoch      batch      total_loss     energy_loss     forces_loss      energy_mae     energy_rmse      forces_mae     forces_rmse
     49          0           0.015        2.94e-05           0.015         0.00515         0.00665          0.0114           0.015
     49         10          0.0155        1.71e-05          0.0155         0.00366         0.00508          0.0117          0.0153
     49         20           0.016        2.32e-05           0.016         0.00455         0.00592          0.0114          0.0155


2025-11-20 16:50:36: Epoch summary:
Validation  # epoch      total_loss     energy_loss     forces_loss      energy_mae     energy_rmse      forces_mae     forces_rmse
                 49          0.0218        7.34e-05          0.0217         0.00533         0.00767           0.013          0.0177
Train       # epoch      total_loss     energy_loss     forces_loss      energy_mae     energy_rmse      forces_mae     forces_rmse
                 49          0.0466         0.00391          0.0427          0.0561          0.0579          0.0185          0.0249


2025-11-20 16:50:37: Training
# epoch      batch      total_loss     energy_loss     forces_loss      energy_mae     energy_rmse      forces_mae     forces_rmse
     50          0          0.0651         0.00215           0.063          0.0553          0.0569          0.0226          0.0308
     50         10          0.0319        0.000337          0.0316           0.021          0.0225           0.017          0.0218
     50         20          0.0447         0.00215          0.0426          0.0562          0.0569          0.0196          0.0253
     50         30          0.0497        0.000219          0.0495          0.0144          0.0182          0.0199          0.0273
     50         40          0.0382         0.00619           0.032           0.093          0.0966          0.0167           0.022
     50         50          0.0316         0.00129          0.0303          0.0427          0.0441          0.0163          0.0214
     50         60          0.0309        0.000808          0.0301          0.0338          0.0349          0.0156          0.0213
     50         70          0.0702         0.00563          0.0645          0.0899          0.0922          0.0216          0.0312
     50         80           0.048         0.00858          0.0395           0.113           0.114          0.0183          0.0244
     50         90          0.0459         0.00035          0.0455          0.0125           0.023          0.0198          0.0262
     50        100          0.0901          0.0028          0.0873          0.0623          0.0649          0.0234          0.0363
     50        110          0.0438         0.00119          0.0426          0.0404          0.0424          0.0186          0.0253


2025-11-20 16:50:47: Validating
# epoch      batch      total_loss     energy_loss     forces_loss      energy_mae     energy_rmse      forces_mae     forces_rmse
     50          0          0.0151        2.82e-05          0.0151         0.00514         0.00652          0.0114          0.0151
     50         10          0.0155        1.28e-05          0.0155         0.00263         0.00439          0.0117          0.0153
     50         20           0.016        1.58e-05           0.016         0.00362         0.00488          0.0114          0.0155


2025-11-20 16:50:49: Epoch summary:
Validation  # epoch      total_loss     energy_loss     forces_loss      energy_mae     energy_rmse      forces_mae     forces_rmse
                 50          0.0217        7.31e-05          0.0216          0.0053         0.00761           0.013          0.0177
Train       # epoch      total_loss     energy_loss     forces_loss      energy_mae     energy_rmse      forces_mae     forces_rmse
                 50          0.0569         0.00585          0.0511          0.0781          0.0802          0.0201          0.0274


2025-11-20 16:50:49: Training
# epoch      batch      total_loss     energy_loss     forces_loss      energy_mae     energy_rmse      forces_mae     forces_rmse
     51          0           0.078         0.00205          0.0759          0.0524          0.0556          0.0246          0.0338
     51         10          0.0574         0.00383          0.0536          0.0753           0.076          0.0208          0.0284
     51         20          0.0614          0.0101          0.0514           0.123           0.123          0.0195          0.0278
     51         30          0.0429         0.00176          0.0411          0.0485          0.0515          0.0186          0.0249
     51         40           0.114         0.00754           0.106           0.104           0.107          0.0271            0.04
     51         50          0.0728          0.0199          0.0529           0.172           0.173          0.0212          0.0283
     51         60          0.0663          0.0178          0.0485           0.163           0.164          0.0197          0.0271
     51         70          0.0641          0.0237          0.0404           0.189           0.189          0.0186          0.0247
     51         80          0.0303        0.000511          0.0298          0.0264          0.0278           0.016          0.0212
     51         90          0.0554          0.0103          0.0452           0.124           0.124          0.0182          0.0261
     51        100          0.0302         0.00607          0.0241          0.0955          0.0957          0.0145          0.0191
     51        110          0.0373        0.000923          0.0364          0.0358          0.0373          0.0179          0.0234


2025-11-20 16:50:59: Validating
# epoch      batch      total_loss     energy_loss     forces_loss      energy_mae     energy_rmse      forces_mae     forces_rmse
     51          0          0.0153        3.38e-05          0.0153         0.00557         0.00714          0.0114          0.0152
     51         10          0.0154        1.17e-05          0.0154         0.00326          0.0042          0.0116          0.0152
     51         20          0.0159        2.87e-05          0.0158         0.00528         0.00658          0.0113          0.0155


2025-11-20 16:51:01: Epoch summary:
Validation  # epoch      total_loss     energy_loss     forces_loss      energy_mae     energy_rmse      forces_mae     forces_rmse
                 51          0.0217         8.1e-05          0.0217         0.00568         0.00813           0.013          0.0177
Train       # epoch      total_loss     energy_loss     forces_loss      energy_mae     energy_rmse      forces_mae     forces_rmse
                 51          0.0551         0.00895          0.0462          0.0986             0.1          0.0191          0.0259


2025-11-20 16:51:01: Training
# epoch      batch      total_loss     energy_loss     forces_loss      energy_mae     energy_rmse      forces_mae     forces_rmse
     52          0          0.0329         0.00331          0.0296           0.066          0.0706          0.0165          0.0211
     52         10          0.0479         0.00315          0.0447          0.0677          0.0689          0.0192           0.026
     52         20          0.0569         0.00244          0.0544          0.0582          0.0607          0.0202          0.0286
     52         30          0.0493         0.00343          0.0459          0.0709          0.0719          0.0198          0.0263
     52         40          0.0351         0.00648          0.0286          0.0983          0.0988          0.0154          0.0208
     52         50          0.0332         0.00493          0.0283          0.0852          0.0862          0.0158          0.0206
     52         60          0.0348        0.000844           0.034          0.0343          0.0357           0.017          0.0226
     52         70          0.0367         0.00244          0.0342          0.0579          0.0606          0.0163          0.0227
     52         80           0.077          0.0028          0.0742          0.0617           0.065          0.0245          0.0334
     52         90          0.0681         0.00448          0.0636          0.0807          0.0821          0.0238           0.031
     52        100          0.0423        0.000462          0.0418          0.0244          0.0264          0.0191          0.0251
     52        110           0.041        0.000673          0.0404          0.0291          0.0318          0.0182          0.0247


2025-11-20 16:51:12: Validating
# epoch      batch      total_loss     energy_loss     forces_loss      energy_mae     energy_rmse      forces_mae     forces_rmse
     52          0          0.0154        3.41e-05          0.0154         0.00566         0.00717          0.0115          0.0152
     52         10          0.0151        1.41e-05          0.0151         0.00371         0.00461          0.0115          0.0151
     52         20          0.0156        3.34e-05          0.0155         0.00595          0.0071          0.0112          0.0153


2025-11-20 16:51:13: Epoch summary:
Validation  # epoch      total_loss     energy_loss     forces_loss      energy_mae     energy_rmse      forces_mae     forces_rmse
                 52          0.0215         8.4e-05          0.0214         0.00586         0.00832          0.0129          0.0176
Train       # epoch      total_loss     energy_loss     forces_loss      energy_mae     energy_rmse      forces_mae     forces_rmse
                 52          0.0528         0.00426          0.0486          0.0665          0.0684          0.0195          0.0264


2025-11-20 16:51:13: Training
# epoch      batch      total_loss     energy_loss     forces_loss      energy_mae     energy_rmse      forces_mae     forces_rmse
     53          0          0.0659        0.000296          0.0656          0.0179          0.0211          0.0218          0.0315
     53         10          0.0393          0.0069          0.0324           0.102           0.102          0.0168          0.0221
     53         20          0.0282        5.47e-05          0.0282         0.00773         0.00908          0.0157          0.0206
     53         30          0.0371         0.00761          0.0295           0.107           0.107          0.0159          0.0211
     53         40          0.0301        0.000398          0.0297          0.0233          0.0245          0.0155          0.0212
     53         50          0.0254         0.00236           0.023          0.0591          0.0596          0.0145          0.0186
     53         60          0.0321        0.000367          0.0318          0.0198          0.0235          0.0165          0.0219
     53         70           0.034         0.00248          0.0315          0.0605          0.0612          0.0154          0.0218
     53         80          0.0293        0.000319           0.029          0.0203          0.0219          0.0149          0.0209
     53         90          0.0238        0.000511          0.0233          0.0266          0.0278          0.0144          0.0187
     53        100          0.0384         0.00216          0.0362          0.0561           0.057          0.0168          0.0234
     53        110          0.0282        0.000943          0.0273          0.0357          0.0377          0.0157          0.0203


2025-11-20 16:51:24: Validating
# epoch      batch      total_loss     energy_loss     forces_loss      energy_mae     energy_rmse      forces_mae     forces_rmse
     53          0          0.0151        2.95e-05           0.015         0.00526         0.00667          0.0113          0.0151
     53         10          0.0149         1.4e-05          0.0149         0.00343         0.00459          0.0114           0.015
     53         20          0.0156        2.65e-05          0.0156         0.00503         0.00632          0.0111          0.0153


2025-11-20 16:51:25: Epoch summary:
Validation  # epoch      total_loss     energy_loss     forces_loss      energy_mae     energy_rmse      forces_mae     forces_rmse
                 53          0.0211         7.9e-05           0.021         0.00551          0.0079          0.0128          0.0174
Train       # epoch      total_loss     energy_loss     forces_loss      energy_mae     energy_rmse      forces_mae     forces_rmse
                 53           0.033         0.00214          0.0308          0.0485          0.0499           0.016          0.0214


2025-11-20 16:51:25: Training
# epoch      batch      total_loss     energy_loss     forces_loss      energy_mae     energy_rmse      forces_mae     forces_rmse
     54          0          0.0371         0.00635          0.0307          0.0974          0.0978          0.0157          0.0215
     54         10          0.0308         0.00463          0.0262          0.0832          0.0835          0.0152          0.0199
     54         20          0.0243        0.000293           0.024          0.0199           0.021          0.0144           0.019
     54         30           0.022        0.000351          0.0216          0.0224           0.023          0.0135          0.0181
     54         40           0.023        0.000433          0.0225          0.0245          0.0255          0.0142          0.0184
     54         50          0.0414        0.000261          0.0411          0.0139          0.0198          0.0182          0.0249
     54         60           0.025         0.00356          0.0214          0.0687          0.0732          0.0139           0.018
     54         70           0.026         0.00521          0.0208          0.0883          0.0886           0.013          0.0177
     54         80          0.0234          0.0006          0.0228          0.0285          0.0301          0.0144          0.0186
     54         90          0.0285         0.00107          0.0274          0.0389          0.0402          0.0153          0.0203
     54        100          0.0204        0.000231          0.0202          0.0177          0.0187          0.0134          0.0174
     54        110          0.0202        0.000235            0.02          0.0182          0.0188          0.0132          0.0173


2025-11-20 16:51:37: Validating
# epoch      batch      total_loss     energy_loss     forces_loss      energy_mae     energy_rmse      forces_mae     forces_rmse
     54          0          0.0145        2.76e-05          0.0144         0.00506         0.00645          0.0111          0.0148
     54         10          0.0144        1.27e-05          0.0144         0.00305         0.00437          0.0112          0.0147
     54         20          0.0152        2.49e-05          0.0151         0.00474         0.00613           0.011          0.0151


2025-11-20 16:51:38: Epoch summary:
Validation  # epoch      total_loss     energy_loss     forces_loss      energy_mae     energy_rmse      forces_mae     forces_rmse
                 54          0.0206        7.69e-05          0.0205         0.00535         0.00773          0.0126          0.0172
Train       # epoch      total_loss     energy_loss     forces_loss      energy_mae     energy_rmse      forces_mae     forces_rmse
                 54          0.0262         0.00152          0.0247          0.0386          0.0403          0.0144          0.0192


2025-11-20 16:51:38: Training
# epoch      batch      total_loss     energy_loss     forces_loss      energy_mae     energy_rmse      forces_mae     forces_rmse
     55          0          0.0242         0.00038          0.0238          0.0227          0.0239          0.0143          0.0189
     55         10          0.0188         4.3e-05          0.0188         0.00596         0.00805           0.013          0.0168
     55         20           0.024        4.71e-05           0.024         0.00657         0.00842          0.0142           0.019
     55         30          0.0237        0.000387          0.0233          0.0227          0.0241          0.0142          0.0187
     55         40          0.0241        8.34e-05           0.024         0.00915          0.0112          0.0145           0.019
     55         50           0.032        0.000643          0.0314           0.029          0.0311          0.0157          0.0217
     55         60          0.0265         7.1e-05          0.0264         0.00863          0.0103           0.015            0.02
     55         70          0.0285        0.000188          0.0283          0.0135          0.0168           0.016          0.0207
     55         80          0.0222        0.000222          0.0219          0.0166          0.0183           0.014          0.0182
     55         90            0.02        0.000109          0.0199          0.0121          0.0128          0.0136          0.0173
     55        100          0.0216          0.0003          0.0213          0.0199          0.0213          0.0137          0.0179
     55        110          0.0213        0.000384           0.021          0.0231          0.0241          0.0136          0.0178


2025-11-20 16:51:50: Validating
# epoch      batch      total_loss     energy_loss     forces_loss      energy_mae     energy_rmse      forces_mae     forces_rmse
     55          0          0.0141         2.6e-05           0.014         0.00493         0.00627          0.0109          0.0145
     55         10           0.014         1.1e-05           0.014         0.00294         0.00407          0.0111          0.0145
     55         20          0.0148        2.49e-05          0.0148          0.0047         0.00613          0.0109          0.0149


2025-11-20 16:51:51: Epoch summary:
Validation  # epoch      total_loss     energy_loss     forces_loss      energy_mae     energy_rmse      forces_mae     forces_rmse
                 55          0.0201        7.65e-05          0.0201         0.00526         0.00768          0.0124           0.017
Train       # epoch      total_loss     energy_loss     forces_loss      energy_mae     energy_rmse      forces_mae     forces_rmse
                 55          0.0256         0.00074          0.0248          0.0266          0.0283          0.0146          0.0193


2025-11-20 16:51:51: Training
# epoch      batch      total_loss     energy_loss     forces_loss      energy_mae     energy_rmse      forces_mae     forces_rmse
     56          0           0.029        0.000108          0.0289         0.00974          0.0127          0.0156          0.0209
     56         10          0.0225         0.00134          0.0211          0.0445          0.0449          0.0139          0.0178
     56         20           0.027         0.00169          0.0253          0.0398          0.0505          0.0146          0.0195
     56         30          0.0193         6.2e-05          0.0192         0.00876         0.00967          0.0124           0.017
     56         40          0.0245        0.000814          0.0237          0.0342           0.035          0.0147          0.0189
     56         50          0.0303        0.000188          0.0301          0.0114          0.0169          0.0156          0.0213
     56         60           0.033         0.00087          0.0322          0.0348          0.0362          0.0164           0.022
     56         70          0.0214          0.0015          0.0199          0.0472          0.0476          0.0132          0.0173
     56         80          0.0546         0.00915          0.0454           0.115           0.117           0.018          0.0262
     56         90          0.0594          0.0209          0.0384           0.177           0.178          0.0177          0.0241
     56        100          0.0387        0.000318          0.0384          0.0177          0.0219          0.0171          0.0241
     56        110          0.0924         0.00506          0.0873          0.0857          0.0873          0.0249          0.0363


2025-11-20 16:52:03: Validating
# epoch      batch      total_loss     energy_loss     forces_loss      energy_mae     energy_rmse      forces_mae     forces_rmse
     56          0          0.0138        2.84e-05          0.0138         0.00529         0.00654          0.0108          0.0144
     56         10          0.0136        1.22e-05          0.0136         0.00332         0.00429          0.0109          0.0143
     56         20          0.0146         2.5e-05          0.0146         0.00495         0.00614          0.0109          0.0148


2025-11-20 16:52:04: Epoch summary:
Validation  # epoch      total_loss     energy_loss     forces_loss      energy_mae     energy_rmse      forces_mae     forces_rmse
                 56          0.0199         7.8e-05          0.0198         0.00533         0.00774          0.0123          0.0169
Train       # epoch      total_loss     energy_loss     forces_loss      energy_mae     energy_rmse      forces_mae     forces_rmse
                 56          0.0374         0.00388          0.0334          0.0605          0.0623          0.0162           0.022


2025-11-20 16:52:04: Training
# epoch      batch      total_loss     energy_loss     forces_loss      energy_mae     energy_rmse      forces_mae     forces_rmse
     57          0           0.098           0.014           0.084           0.143           0.145          0.0262          0.0356
     57         10           0.105         0.00658          0.0981          0.0975          0.0996           0.026          0.0385
     57         20          0.0608         0.00414          0.0566          0.0746           0.079          0.0221          0.0292
     57         30          0.0646          0.0199          0.0447           0.173           0.173          0.0198           0.026
     57         40          0.0853          0.0406          0.0447           0.247           0.247          0.0197           0.026
     57         50          0.0312        0.000297          0.0309          0.0193          0.0212          0.0162          0.0216
     57         60          0.0347        2.81e-05          0.0346          0.0057         0.00651          0.0167          0.0229
     57         70          0.0363         0.00111          0.0351          0.0397          0.0409          0.0174           0.023
     57         80          0.0302          0.0023          0.0279          0.0577          0.0589          0.0154          0.0205
     57         90           0.024          0.0033          0.0207          0.0701          0.0706          0.0134          0.0177
     57        100          0.0263        0.000498          0.0258          0.0262          0.0274          0.0148          0.0197
     57        110            0.03        0.000623          0.0294          0.0292          0.0306          0.0157          0.0211


2025-11-20 16:52:16: Validating
# epoch      batch      total_loss     energy_loss     forces_loss      energy_mae     energy_rmse      forces_mae     forces_rmse
     57          0          0.0134        2.83e-05          0.0133         0.00521         0.00654          0.0106          0.0142
     57         10          0.0136        1.12e-05          0.0136         0.00306         0.00411          0.0109          0.0143
     57         20          0.0144        1.81e-05          0.0144         0.00382         0.00522          0.0107          0.0147


2025-11-20 16:52:17: Epoch summary:
Validation  # epoch      total_loss     energy_loss     forces_loss      energy_mae     energy_rmse      forces_mae     forces_rmse
                 57          0.0198         7.6e-05          0.0198         0.00512         0.00754          0.0123          0.0169
Train       # epoch      total_loss     energy_loss     forces_loss      energy_mae     energy_rmse      forces_mae     forces_rmse
                 57          0.0477         0.00698          0.0407          0.0814          0.0829          0.0178          0.0242


2025-11-20 16:52:18: Training
# epoch      batch      total_loss     energy_loss     forces_loss      energy_mae     energy_rmse      forces_mae     forces_rmse
     58          0          0.0279        8.68e-05          0.0278         0.00907          0.0114          0.0153          0.0205
     58         10          0.0185        0.000835          0.0176          0.0341          0.0355          0.0125          0.0163
     58         20          0.0192        2.68e-05          0.0191         0.00505         0.00636          0.0126           0.017
     58         30          0.0363        7.65e-05          0.0362         0.00948          0.0107          0.0166          0.0234
     58         40          0.0523          0.0182          0.0341           0.165           0.165          0.0167          0.0227
     58         50          0.0664          0.0363            0.03           0.234           0.234          0.0163          0.0213
     58         60          0.0663          0.0149          0.0514           0.149            0.15          0.0186          0.0278
     58         70          0.0731         0.00908           0.064           0.114           0.117          0.0217          0.0311
     58         80          0.0617          0.0208          0.0409           0.177           0.177          0.0177          0.0248
     58         90          0.0597          0.0143          0.0455           0.145           0.147          0.0193          0.0262
     58        100          0.0376           0.003          0.0346          0.0664          0.0672          0.0177          0.0228
     58        110          0.0372         0.00847          0.0288           0.112           0.113          0.0149          0.0208


2025-11-20 16:52:29: Validating
# epoch      batch      total_loss     energy_loss     forces_loss      energy_mae     energy_rmse      forces_mae     forces_rmse
     58          0           0.013        2.71e-05           0.013         0.00507         0.00639          0.0105           0.014
     58         10          0.0133         1.2e-05          0.0133         0.00294         0.00426          0.0109          0.0142
     58         20          0.0139        1.57e-05          0.0139         0.00346         0.00486          0.0106          0.0145


2025-11-20 16:52:30: Epoch summary:
Validation  # epoch      total_loss     energy_loss     forces_loss      energy_mae     energy_rmse      forces_mae     forces_rmse
                 58          0.0196        8.09e-05          0.0195         0.00512          0.0076          0.0122          0.0167
Train       # epoch      total_loss     energy_loss     forces_loss      energy_mae     energy_rmse      forces_mae     forces_rmse
                 58          0.0464          0.0094           0.037          0.0953          0.0968          0.0168          0.0231


2025-11-20 16:52:30: Training
# epoch      batch      total_loss     energy_loss     forces_loss      energy_mae     energy_rmse      forces_mae     forces_rmse
     59          0          0.0432         0.00873          0.0345           0.114           0.115          0.0169          0.0228
     59         10          0.0832         0.00177          0.0815          0.0446          0.0517          0.0234           0.035
     59         20          0.0698            0.03          0.0398           0.213           0.213          0.0195          0.0245
     59         30           0.107         0.00142           0.106          0.0417          0.0462          0.0271            0.04
     59         40          0.0634          0.0132          0.0502            0.14           0.141          0.0207          0.0275
     59         50          0.0636         0.00788          0.0557           0.108           0.109          0.0205           0.029
     59         60          0.0454         0.00365          0.0417          0.0731          0.0742          0.0189          0.0251
     59         70          0.0332         0.00097          0.0322          0.0373          0.0382          0.0165           0.022
     59         80           0.029         0.00308          0.0259          0.0677          0.0682          0.0151          0.0198
     59         90          0.0225        7.71e-05          0.0224           0.008          0.0108          0.0136          0.0184
     59        100          0.0407         0.00035          0.0404          0.0215           0.023          0.0176          0.0247
     59        110          0.0359         0.00152          0.0344          0.0467          0.0479          0.0168          0.0228


2025-11-20 16:52:42: Validating
# epoch      batch      total_loss     energy_loss     forces_loss      energy_mae     energy_rmse      forces_mae     forces_rmse
     59          0           0.013        3.16e-05          0.0129         0.00552          0.0069          0.0105           0.014
     59         10          0.0133        1.06e-05          0.0133          0.0032           0.004          0.0109          0.0142
     59         20          0.0139        2.34e-05          0.0139         0.00469         0.00594          0.0106          0.0145


2025-11-20 16:52:43: Epoch summary:
Validation  # epoch      total_loss     energy_loss     forces_loss      energy_mae     energy_rmse      forces_mae     forces_rmse
                 59          0.0197        8.69e-05          0.0196         0.00541         0.00798          0.0122          0.0168
Train       # epoch      total_loss     energy_loss     forces_loss      energy_mae     energy_rmse      forces_mae     forces_rmse
                 59          0.0468         0.00584           0.041          0.0752          0.0769           0.018          0.0245


2025-11-20 16:52:43: Training
# epoch      batch      total_loss     energy_loss     forces_loss      energy_mae     energy_rmse      forces_mae     forces_rmse
     60          0           0.041         0.00603          0.0349          0.0937          0.0953          0.0178           0.023
     60         10          0.0243         0.00157          0.0227           0.048          0.0486          0.0142          0.0185
     60         20          0.0326         0.00206          0.0306          0.0503          0.0557          0.0162          0.0215
     60         30          0.0248        0.000159          0.0247          0.0141          0.0155          0.0149          0.0193
     60         40          0.0338         0.00126          0.0325          0.0265          0.0436          0.0165          0.0221
     60         50          0.0346         0.00266           0.032           0.062          0.0633          0.0164           0.022
     60         60          0.0423         0.00126           0.041          0.0426          0.0435           0.018          0.0249
     60         70          0.0282        6.07e-05          0.0281         0.00724         0.00957          0.0158          0.0206
     60         80           0.028        0.000622          0.0274          0.0293          0.0306          0.0154          0.0203
     60         90          0.0345        0.000178          0.0343          0.0141          0.0164          0.0166          0.0228
     60        100          0.0644         0.00395          0.0604          0.0762          0.0771          0.0188          0.0302
     60        110          0.0272         0.00303          0.0241          0.0669          0.0676          0.0145          0.0191


2025-11-20 16:52:54: Validating
# epoch      batch      total_loss     energy_loss     forces_loss      energy_mae     energy_rmse      forces_mae     forces_rmse
     60          0          0.0133        2.93e-05          0.0133         0.00562         0.00665          0.0106          0.0141
     60         10          0.0131        9.36e-06          0.0131         0.00307         0.00376          0.0108          0.0141
     60         20          0.0136         2.3e-05          0.0136         0.00463         0.00589          0.0105          0.0143


2025-11-20 16:52:56: Epoch summary:
Validation  # epoch      total_loss     energy_loss     forces_loss      energy_mae     energy_rmse      forces_mae     forces_rmse
                 60          0.0195        8.49e-05          0.0194          0.0053         0.00783          0.0122          0.0167
Train       # epoch      total_loss     energy_loss     forces_loss      energy_mae     energy_rmse      forces_mae     forces_rmse
                 60          0.0336         0.00167          0.0319          0.0419          0.0439          0.0161          0.0218


2025-11-20 16:52:56: Training
# epoch      batch      total_loss     energy_loss     forces_loss      energy_mae     energy_rmse      forces_mae     forces_rmse
     61          0          0.0239        0.000408          0.0235          0.0238          0.0248          0.0143          0.0188
     61         10          0.0338         0.00103          0.0328          0.0387          0.0393          0.0163          0.0222
     61         20          0.0868        0.000637          0.0862          0.0282           0.031          0.0239           0.036
     61         30          0.0925          0.0567          0.0359           0.292           0.292          0.0171          0.0233
     61         40          0.0411          0.0129          0.0282           0.139           0.139          0.0152          0.0206
     61         50           0.027         0.00711          0.0199           0.103           0.104          0.0134          0.0173
     61         60          0.0235        0.000183          0.0234          0.0137          0.0166          0.0141          0.0188
     61         70          0.0242         0.00159          0.0226          0.0473           0.049          0.0135          0.0185
     61         80          0.0226         0.00194          0.0206          0.0514           0.054          0.0131          0.0176
     61         90          0.0236         0.00329          0.0203          0.0703          0.0704          0.0131          0.0175
     61        100          0.0234         0.00102          0.0224          0.0274          0.0393          0.0141          0.0184
     61        110          0.0201        0.000137            0.02          0.0123          0.0144          0.0131          0.0174


2025-11-20 16:53:07: Validating
# epoch      batch      total_loss     energy_loss     forces_loss      energy_mae     energy_rmse      forces_mae     forces_rmse
     61          0           0.013        2.66e-05           0.013         0.00522         0.00633          0.0104           0.014
     61         10          0.0129        9.25e-06          0.0129         0.00304         0.00373          0.0108           0.014
     61         20          0.0134        1.89e-05          0.0134         0.00439         0.00534          0.0104          0.0142


2025-11-20 16:53:08: Epoch summary:
Validation  # epoch      total_loss     energy_loss     forces_loss      energy_mae     energy_rmse      forces_mae     forces_rmse
                 61          0.0193        8.25e-05          0.0192         0.00529         0.00777          0.0121          0.0166
Train       # epoch      total_loss     energy_loss     forces_loss      energy_mae     energy_rmse      forces_mae     forces_rmse
                 61           0.035         0.00554          0.0295          0.0655           0.067          0.0154          0.0207


2025-11-20 16:53:09: Training
# epoch      batch      total_loss     energy_loss     forces_loss      energy_mae     energy_rmse      forces_mae     forces_rmse
     62          0          0.0201        8.42e-05          0.0201            0.01          0.0113          0.0131          0.0174
     62         10           0.022        7.38e-05          0.0219         0.00958          0.0105          0.0137          0.0182
     62         20          0.0219         0.00026          0.0216          0.0171          0.0198          0.0136          0.0181
     62         30          0.0231        4.41e-05          0.0231         0.00703         0.00815          0.0138          0.0187
     62         40          0.0196        0.000312          0.0192           0.021          0.0217          0.0131           0.017
     62         50          0.0217        7.38e-05          0.0216         0.00918          0.0106          0.0131           0.018
     62         60           0.021        4.72e-05          0.0209         0.00632         0.00843          0.0134          0.0178
     62         70          0.0168        7.65e-05          0.0168         0.00726          0.0107          0.0123          0.0159
     62         80          0.0249        8.25e-05          0.0248         0.00967          0.0112          0.0145          0.0193
     62         90          0.0284        0.000444           0.028          0.0246          0.0259          0.0151          0.0205
     62        100          0.0235         0.00164          0.0218          0.0493          0.0497          0.0138          0.0181
     62        110          0.0241        0.000237          0.0239          0.0167          0.0189          0.0141           0.019


2025-11-20 16:53:20: Validating
# epoch      batch      total_loss     energy_loss     forces_loss      energy_mae     energy_rmse      forces_mae     forces_rmse
     62          0          0.0128        2.32e-05          0.0128         0.00476         0.00591          0.0104          0.0139
     62         10          0.0125        9.17e-06          0.0125         0.00268         0.00372          0.0105          0.0137
     62         20          0.0133        1.56e-05          0.0133         0.00379         0.00486          0.0104          0.0142


2025-11-20 16:53:21: Epoch summary:
Validation  # epoch      total_loss     energy_loss     forces_loss      energy_mae     energy_rmse      forces_mae     forces_rmse
                 62          0.0189        7.84e-05          0.0188           0.005         0.00746          0.0119          0.0164
Train       # epoch      total_loss     energy_loss     forces_loss      energy_mae     energy_rmse      forces_mae     forces_rmse
                 62          0.0203        0.000295            0.02           0.016          0.0182          0.0131          0.0173


2025-11-20 16:53:21: Training
# epoch      batch      total_loss     energy_loss     forces_loss      energy_mae     energy_rmse      forces_mae     forces_rmse
     63          0          0.0291        0.000145          0.0289          0.0119          0.0148          0.0154          0.0209
     63         10          0.0214        5.44e-05          0.0213         0.00716         0.00905          0.0136          0.0179
     63         20          0.0206        5.53e-05          0.0205         0.00709         0.00913          0.0135          0.0176
     63         30          0.0228        0.000918          0.0219          0.0357          0.0372          0.0137          0.0182
     63         40          0.0329         0.00512          0.0278          0.0838          0.0878          0.0155          0.0205
     63         50          0.0264        0.000684          0.0258          0.0313          0.0321          0.0146          0.0197
     63         60          0.0378        0.000418          0.0374           0.022          0.0251          0.0161          0.0237
     63         70          0.0774          0.0333          0.0441           0.224           0.224          0.0188          0.0258
     63         80          0.0312         0.00198          0.0292          0.0529          0.0547          0.0154           0.021
     63         90           0.105         0.00144           0.104          0.0412          0.0465          0.0253          0.0395
     63        100          0.0442         0.00337          0.0409          0.0683          0.0712          0.0191          0.0248
     63        110           0.044        0.000831          0.0432           0.032          0.0354          0.0189          0.0255


2025-11-20 16:53:33: Validating
# epoch      batch      total_loss     energy_loss     forces_loss      energy_mae     energy_rmse      forces_mae     forces_rmse
     63          0          0.0125        2.51e-05          0.0125         0.00526         0.00615          0.0102          0.0137
     63         10          0.0122        8.95e-06          0.0122         0.00309         0.00367          0.0104          0.0136
     63         20           0.013        1.93e-05           0.013         0.00441         0.00539          0.0103           0.014


2025-11-20 16:53:34: Epoch summary:
Validation  # epoch      total_loss     energy_loss     forces_loss      energy_mae     energy_rmse      forces_mae     forces_rmse
                 63          0.0187        7.79e-05          0.0186         0.00512         0.00752          0.0118          0.0163
Train       # epoch      total_loss     energy_loss     forces_loss      energy_mae     energy_rmse      forces_mae     forces_rmse
                 63          0.0366         0.00356          0.0331          0.0543          0.0561          0.0162           0.022


2025-11-20 16:53:34: Training
# epoch      batch      total_loss     energy_loss     forces_loss      energy_mae     energy_rmse      forces_mae     forces_rmse
     64          0          0.0285        0.000292          0.0282          0.0131           0.021          0.0158          0.0206
     64         10          0.0422         0.00362          0.0385          0.0728          0.0739          0.0178          0.0241
     64         20          0.0293        0.000927          0.0284          0.0354          0.0374          0.0153          0.0207
     64         30          0.0402        0.000449          0.0398          0.0252           0.026          0.0168          0.0245
     64         40          0.0762         0.00269          0.0735          0.0626          0.0637          0.0241          0.0333
     64         50          0.0383          0.0101          0.0281           0.123           0.124          0.0159          0.0206
     64         60          0.0414         0.00953          0.0319           0.119            0.12          0.0162          0.0219
     64         70          0.0356         0.00133          0.0342          0.0427          0.0448          0.0168          0.0227
     64         80          0.0305          0.0036          0.0269          0.0731          0.0737          0.0154          0.0201
     64         90          0.0241         0.00522          0.0189          0.0886          0.0887          0.0129          0.0169
     64        100          0.0226        0.000305          0.0223           0.012          0.0214          0.0141          0.0183
     64        110          0.0248         0.00118          0.0236          0.0417          0.0421          0.0143          0.0189


2025-11-20 16:53:46: Validating
# epoch      batch      total_loss     energy_loss     forces_loss      energy_mae     energy_rmse      forces_mae     forces_rmse
     64          0          0.0123        2.48e-05          0.0123         0.00529         0.00611          0.0102          0.0136
     64         10          0.0123        9.16e-06          0.0123          0.0031         0.00372          0.0105          0.0136
     64         20           0.013        1.68e-05           0.013          0.0041         0.00504          0.0103           0.014


2025-11-20 16:53:47: Epoch summary:
Validation  # epoch      total_loss     energy_loss     forces_loss      energy_mae     energy_rmse      forces_mae     forces_rmse
                 64          0.0186        8.17e-05          0.0185         0.00515          0.0076          0.0118          0.0163
Train       # epoch      total_loss     energy_loss     forces_loss      energy_mae     energy_rmse      forces_mae     forces_rmse
                 64          0.0375         0.00333          0.0342           0.059          0.0606          0.0165          0.0223


2025-11-20 16:53:47: Training
# epoch      batch      total_loss     energy_loss     forces_loss      energy_mae     energy_rmse      forces_mae     forces_rmse
     65          0          0.0297         0.00165          0.0281          0.0492          0.0498          0.0146          0.0206
     65         10          0.0422         0.00688          0.0353           0.101           0.102          0.0172          0.0231
     65         20          0.0257        0.000658           0.025          0.0304          0.0315          0.0148          0.0194
     65         30          0.0236        0.000424          0.0232          0.0246          0.0253          0.0145          0.0187
     65         40           0.022        0.000218          0.0218          0.0165          0.0181           0.014          0.0181
     65         50          0.0197        0.000755          0.0189          0.0334          0.0337          0.0128          0.0169
     65         60          0.0216        8.03e-05          0.0215         0.00818           0.011          0.0135           0.018
     65         70          0.0224        0.000626          0.0218          0.0295          0.0307          0.0139          0.0181
     65         80          0.0212        0.000375          0.0209          0.0225          0.0238          0.0135          0.0177
     65         90           0.018        9.33e-05          0.0179          0.0101          0.0119          0.0127          0.0164
     65        100          0.0225         0.00129          0.0212          0.0438          0.0441          0.0133          0.0179
     65        110          0.0275        0.000601          0.0269          0.0287          0.0301          0.0147          0.0201


2025-11-20 16:53:59: Validating
# epoch      batch      total_loss     energy_loss     forces_loss      energy_mae     energy_rmse      forces_mae     forces_rmse
     65          0           0.012        2.58e-05           0.012         0.00532         0.00624          0.0101          0.0134
     65         10           0.012         7.5e-06           0.012         0.00262         0.00336          0.0103          0.0134
     65         20          0.0129        1.48e-05          0.0129         0.00366         0.00472          0.0102           0.014


2025-11-20 16:54:00: Epoch summary:
Validation  # epoch      total_loss     energy_loss     forces_loss      energy_mae     energy_rmse      forces_mae     forces_rmse
                 65          0.0183        7.86e-05          0.0182         0.00492         0.00739          0.0117          0.0161
Train       # epoch      total_loss     energy_loss     forces_loss      energy_mae     energy_rmse      forces_mae     forces_rmse
                 65          0.0249          0.0011          0.0239          0.0311           0.033          0.0141          0.0188


2025-11-20 16:54:00: Training
# epoch      batch      total_loss     energy_loss     forces_loss      energy_mae     energy_rmse      forces_mae     forces_rmse
     66          0          0.0278        0.000375          0.0274          0.0204          0.0238           0.015          0.0203
     66         10          0.0234         0.00069          0.0227          0.0308          0.0323          0.0141          0.0185
     66         20          0.0177        0.000103          0.0176          0.0115          0.0125          0.0124          0.0163
     66         30          0.0157        0.000124          0.0155          0.0119          0.0137          0.0116          0.0153
     66         40          0.0257         0.00177          0.0239          0.0511          0.0517          0.0142           0.019
     66         50          0.0286         0.00247          0.0261          0.0605           0.061          0.0141          0.0198
     66         60          0.0194        0.000363          0.0191          0.0219          0.0234          0.0127           0.017
     66         70          0.0248        0.000514          0.0243           0.027          0.0278          0.0143          0.0191
     66         80          0.0212        8.45e-05          0.0211         0.00882          0.0113          0.0135          0.0179
     66         90          0.0223        0.000203          0.0221          0.0153          0.0175           0.014          0.0183
     66        100          0.0293        0.000614          0.0287           0.028          0.0304          0.0153          0.0208
     66        110          0.0205        0.000189          0.0203          0.0158          0.0169          0.0131          0.0175


2025-11-20 16:54:11: Validating
# epoch      batch      total_loss     energy_loss     forces_loss      energy_mae     energy_rmse      forces_mae     forces_rmse
     66          0          0.0119        2.32e-05          0.0119         0.00488         0.00591         0.00997          0.0134
     66         10          0.0119        7.57e-06          0.0118         0.00257         0.00338          0.0102          0.0134
     66         20          0.0128        1.19e-05          0.0128         0.00324         0.00423          0.0102          0.0139


2025-11-20 16:54:13: Epoch summary:
Validation  # epoch      total_loss     energy_loss     forces_loss      energy_mae     energy_rmse      forces_mae     forces_rmse
                 66           0.018        7.61e-05          0.0179         0.00476         0.00719          0.0116           0.016
Train       # epoch      total_loss     energy_loss     forces_loss      energy_mae     energy_rmse      forces_mae     forces_rmse
                 66          0.0236         0.00134          0.0223          0.0364           0.038          0.0137          0.0182


2025-11-20 16:54:13: Training
# epoch      batch      total_loss     energy_loss     forces_loss      energy_mae     energy_rmse      forces_mae     forces_rmse
     67          0          0.0257        0.000503          0.0252           0.027          0.0275          0.0146          0.0195
     67         10          0.0173        0.000173          0.0172          0.0147          0.0162          0.0123          0.0161
     67         20          0.0281        0.000196          0.0279          0.0135          0.0172          0.0149          0.0205
     67         30          0.0172        0.000126          0.0171          0.0121          0.0138          0.0125           0.016
     67         40          0.0184        0.000537          0.0178          0.0272          0.0285          0.0124          0.0164
     67         50          0.0179        2.58e-05          0.0179         0.00494         0.00623          0.0127          0.0164
     67         60          0.0304        0.000406            0.03          0.0223          0.0247          0.0156          0.0213
     67         70          0.0433        0.000292           0.043          0.0175           0.021          0.0185          0.0255
     67         80          0.0533          0.0122          0.0411           0.135           0.136          0.0182          0.0249
     67         90           0.047          0.0165          0.0304           0.157           0.158          0.0158          0.0214
     67        100          0.0552          0.0316          0.0236           0.218           0.218          0.0143          0.0189
     67        110          0.0347         0.00739          0.0273           0.105           0.106          0.0154          0.0203


2025-11-20 16:54:24: Validating
# epoch      batch      total_loss     energy_loss     forces_loss      energy_mae     energy_rmse      forces_mae     forces_rmse
     67          0          0.0118        2.19e-05          0.0117          0.0046         0.00575         0.00989          0.0133
     67         10          0.0116        6.88e-06          0.0116         0.00235         0.00322          0.0101          0.0132
     67         20          0.0128        9.17e-06          0.0128         0.00287         0.00372          0.0102          0.0139


2025-11-20 16:54:25: Epoch summary:
Validation  # epoch      total_loss     energy_loss     forces_loss      energy_mae     energy_rmse      forces_mae     forces_rmse
                 67          0.0179        7.66e-05          0.0178         0.00475         0.00714          0.0116          0.0159
Train       # epoch      total_loss     energy_loss     forces_loss      energy_mae     energy_rmse      forces_mae     forces_rmse
                 67          0.0347         0.00446          0.0302          0.0538          0.0556          0.0154          0.0208


2025-11-20 16:54:25: Training
# epoch      batch      total_loss     energy_loss     forces_loss      energy_mae     energy_rmse      forces_mae     forces_rmse
     68          0          0.0276        0.000773          0.0268          0.0334          0.0341          0.0152          0.0201
     68         10          0.0268         0.00264          0.0242          0.0624          0.0631          0.0142          0.0191
     68         20          0.0319        0.000221          0.0316          0.0153          0.0183          0.0162          0.0218
     68         30          0.0498          0.0198            0.03           0.173           0.173          0.0155          0.0213
     68         40          0.0654          0.0326          0.0328           0.221           0.222          0.0172          0.0222
     68         50          0.0718          0.0106          0.0612           0.124           0.127            0.02          0.0304
     68         60          0.0656          0.0135          0.0521           0.142           0.143          0.0206           0.028
     68         70          0.0504          0.0118          0.0386           0.133           0.134          0.0176          0.0241
     68         80          0.0255         0.00159          0.0239          0.0486           0.049          0.0143           0.019
     68         90          0.0281         0.00422          0.0239           0.079          0.0798          0.0145           0.019
     68        100           0.019        0.000734          0.0183           0.032          0.0333          0.0126          0.0166
     68        110          0.0198         0.00353          0.0162          0.0726           0.073          0.0122          0.0156


2025-11-20 16:54:36: Validating
# epoch      batch      total_loss     energy_loss     forces_loss      energy_mae     energy_rmse      forces_mae     forces_rmse
     68          0          0.0115        2.32e-05          0.0115         0.00488         0.00591         0.00981          0.0131
     68         10          0.0116        5.64e-06          0.0116          0.0022         0.00292          0.0101          0.0132
     68         20          0.0133         1.3e-05          0.0133         0.00374         0.00442          0.0103          0.0142


2025-11-20 16:54:37: Epoch summary:
Validation  # epoch      total_loss     energy_loss     forces_loss      energy_mae     energy_rmse      forces_mae     forces_rmse
                 68          0.0179        8.17e-05          0.0178           0.005         0.00746          0.0115          0.0159
Train       # epoch      total_loss     energy_loss     forces_loss      energy_mae     energy_rmse      forces_mae     forces_rmse
                 68           0.042         0.00689          0.0352          0.0766          0.0785          0.0166          0.0224


2025-11-20 16:54:38: Training
# epoch      batch      total_loss     energy_loss     forces_loss      energy_mae     energy_rmse      forces_mae     forces_rmse
     69          0          0.0187         0.00097          0.0177          0.0377          0.0383          0.0127          0.0163
     69         10           0.023         0.00101           0.022          0.0386          0.0391           0.014          0.0182
     69         20          0.0217         0.00135          0.0203          0.0445          0.0452          0.0132          0.0175
     69         30          0.0189        0.000394          0.0185           0.017          0.0244          0.0125          0.0167
     69         40          0.0297        0.000264          0.0294           0.016            0.02          0.0154          0.0211
     69         50           0.046          0.0106          0.0354           0.126           0.127          0.0169          0.0231
     69         60          0.0572          0.0211          0.0361           0.178           0.179           0.017          0.0233
     69         70          0.0412         0.00258          0.0386          0.0617          0.0623          0.0182          0.0241
     69         80          0.0614         0.00239           0.059          0.0579            0.06          0.0202          0.0298
     69         90          0.0513           0.016          0.0353           0.153           0.155          0.0171          0.0231
     69        100          0.0276        0.000112          0.0275          0.0117           0.013          0.0151          0.0204
     69        110          0.0299        0.000133          0.0298           0.009          0.0142          0.0159          0.0212


2025-11-20 16:54:49: Validating
# epoch      batch      total_loss     energy_loss     forces_loss      energy_mae     energy_rmse      forces_mae     forces_rmse
     69          0          0.0114        2.49e-05          0.0114          0.0051         0.00613         0.00979          0.0131
     69         10          0.0114        5.57e-06          0.0114         0.00228          0.0029          0.0101          0.0131
     69         20          0.0129        1.31e-05          0.0129         0.00371         0.00445          0.0102          0.0139


2025-11-20 16:54:50: Epoch summary:
Validation  # epoch      total_loss     energy_loss     forces_loss      energy_mae     energy_rmse      forces_mae     forces_rmse
                 69          0.0177        8.16e-05          0.0177         0.00499         0.00744          0.0115          0.0159
Train       # epoch      total_loss     energy_loss     forces_loss      energy_mae     energy_rmse      forces_mae     forces_rmse
                 69          0.0347         0.00329          0.0315          0.0515          0.0533          0.0158          0.0214


2025-11-20 16:54:50: Training
# epoch      batch      total_loss     energy_loss     forces_loss      energy_mae     energy_rmse      forces_mae     forces_rmse
     70          0          0.0368         0.00125          0.0355          0.0413          0.0434          0.0172          0.0231
     70         10          0.0269        0.000597          0.0263          0.0282            0.03          0.0146          0.0199
     70         20          0.0508         0.00855          0.0422           0.113           0.114          0.0183          0.0252
     70         30          0.0486         0.00325          0.0453          0.0684            0.07          0.0199          0.0261
     70         40           0.035        0.000251          0.0348          0.0155          0.0194          0.0171          0.0229
     70         50          0.0378         0.00287           0.035          0.0646          0.0658          0.0168           0.023
     70         60          0.0327         0.00172          0.0309          0.0508           0.051          0.0164          0.0216
     70         70          0.0329        0.000157          0.0327          0.0107          0.0154          0.0171          0.0222
     70         80          0.0367         0.00599          0.0307          0.0946          0.0951          0.0155          0.0215
     70         90          0.0265         0.00142          0.0251          0.0447          0.0463          0.0143          0.0194
     70        100          0.0571         0.00331          0.0538          0.0673          0.0707          0.0199          0.0285
     70        110          0.0436         0.00812          0.0354            0.11           0.111          0.0172          0.0231


2025-11-20 16:55:01: Validating
# epoch      batch      total_loss     energy_loss     forces_loss      energy_mae     energy_rmse      forces_mae     forces_rmse
     70          0          0.0112        2.49e-05          0.0112         0.00511         0.00613         0.00975           0.013
     70         10          0.0111        6.49e-06          0.0111         0.00246         0.00313          0.0099           0.013
     70         20          0.0128        1.52e-05          0.0128         0.00401         0.00479          0.0101          0.0139


2025-11-20 16:55:03: Epoch summary:
Validation  # epoch      total_loss     energy_loss     forces_loss      energy_mae     energy_rmse      forces_mae     forces_rmse
                 70          0.0177        8.26e-05          0.0176         0.00499         0.00747          0.0114          0.0158
Train       # epoch      total_loss     energy_loss     forces_loss      energy_mae     energy_rmse      forces_mae     forces_rmse
                 70          0.0374          0.0027          0.0347          0.0525          0.0544          0.0166          0.0226


2025-11-20 16:55:03: Training
# epoch      batch      total_loss     energy_loss     forces_loss      energy_mae     energy_rmse      forces_mae     forces_rmse
     71          0          0.0524         0.00466          0.0478          0.0815          0.0839          0.0194          0.0268
     71         10           0.045          0.0154          0.0297           0.152           0.152          0.0156          0.0211
     71         20          0.0388        0.000353          0.0385          0.0188          0.0231          0.0177          0.0241
     71         30          0.0268         0.00586          0.0209          0.0938           0.094          0.0139          0.0178
     71         40          0.0209        0.000598          0.0203          0.0292            0.03          0.0134          0.0175
     71         50          0.0264        0.000152          0.0262          0.0135          0.0151          0.0146          0.0199
     71         60          0.0241         0.00294          0.0211          0.0663          0.0666          0.0136          0.0179
     71         70          0.0233        0.000499          0.0228          0.0265          0.0274           0.014          0.0185
     71         80          0.0212         0.00146          0.0197           0.046          0.0469          0.0127          0.0173
     71         90          0.0229         0.00101          0.0219          0.0357           0.039          0.0137          0.0182
     71        100          0.0236        0.000829          0.0228          0.0348          0.0354          0.0142          0.0185
     71        110          0.0237        0.000406          0.0233          0.0232          0.0248          0.0141          0.0187


2025-11-20 16:55:13: Validating
# epoch      batch      total_loss     energy_loss     forces_loss      energy_mae     energy_rmse      forces_mae     forces_rmse
     71          0           0.011        2.17e-05           0.011         0.00484         0.00573         0.00969          0.0129
     71         10          0.0112        6.46e-06          0.0112         0.00251         0.00312         0.00987           0.013
     71         20          0.0126        1.44e-05          0.0126         0.00366         0.00466            0.01          0.0138


2025-11-20 16:55:15: Epoch summary:
Validation  # epoch      total_loss     energy_loss     forces_loss      energy_mae     energy_rmse      forces_mae     forces_rmse
                 71          0.0175        7.71e-05          0.0175         0.00485         0.00724          0.0114          0.0158
Train       # epoch      total_loss     energy_loss     forces_loss      energy_mae     energy_rmse      forces_mae     forces_rmse
                 71          0.0273         0.00232           0.025          0.0469          0.0483          0.0145          0.0193


2025-11-20 16:55:15: Training
# epoch      batch      total_loss     energy_loss     forces_loss      energy_mae     energy_rmse      forces_mae     forces_rmse
     72          0          0.0204        4.33e-05          0.0204         0.00676         0.00808           0.013          0.0175
     72         10           0.105          0.0129          0.0922           0.137            0.14          0.0262          0.0373
     72         20          0.0548          0.0107          0.0441           0.126           0.127          0.0195          0.0258
     72         30          0.0412        0.000824          0.0403          0.0343          0.0352          0.0188          0.0247
     72         40           0.036         0.00183          0.0341          0.0517          0.0525          0.0163          0.0227
     72         50          0.0399        0.000427          0.0394          0.0205          0.0254          0.0177          0.0244
     72         60          0.0655         0.00519          0.0604          0.0861          0.0885          0.0212          0.0302
     72         70           0.059          0.0137          0.0453           0.143           0.144          0.0176          0.0261
     72         80          0.0475          0.0152          0.0322           0.151           0.152          0.0158           0.022
     72         90           0.033         0.00673          0.0262           0.101           0.101          0.0148          0.0199
     72        100          0.0346        0.000367          0.0342          0.0216          0.0235          0.0164          0.0227
     72        110          0.0228        0.000735          0.0221          0.0232          0.0333          0.0138          0.0182


2025-11-20 16:55:25: Validating
# epoch      batch      total_loss     energy_loss     forces_loss      energy_mae     energy_rmse      forces_mae     forces_rmse
     72          0          0.0111        2.16e-05          0.0111         0.00493         0.00571         0.00976           0.013
     72         10          0.0111        5.35e-06          0.0111         0.00234         0.00284         0.00982          0.0129
     72         20          0.0129        1.75e-05          0.0129         0.00416         0.00514          0.0101          0.0139


2025-11-20 16:55:27: Epoch summary:
Validation  # epoch      total_loss     energy_loss     forces_loss      energy_mae     energy_rmse      forces_mae     forces_rmse
                 72          0.0176        7.96e-05          0.0175         0.00508         0.00752          0.0114          0.0158
Train       # epoch      total_loss     energy_loss     forces_loss      energy_mae     energy_rmse      forces_mae     forces_rmse
                 72          0.0477          0.0075          0.0402          0.0887          0.0903          0.0175          0.0241


2025-11-20 16:55:27: Training
# epoch      batch      total_loss     energy_loss     forces_loss      energy_mae     energy_rmse      forces_mae     forces_rmse
     73          0           0.029        8.58e-05          0.0289         0.00862          0.0114          0.0149          0.0209
     73         10          0.0249        0.000219          0.0247           0.016          0.0182          0.0145          0.0193
     73         20          0.0246        0.000239          0.0244          0.0155           0.019          0.0144          0.0192
     73         30          0.0227         0.00189          0.0208          0.0527          0.0534          0.0134          0.0177
     73         40           0.022        0.000147          0.0219          0.0136          0.0149          0.0137          0.0182
     73         50          0.0205         0.00104          0.0195          0.0387          0.0395           0.013          0.0171
     73         60          0.0196        2.84e-05          0.0196         0.00538         0.00655          0.0127          0.0172
     73         70          0.0215        0.000121          0.0214          0.0114          0.0135          0.0134           0.018
     73         80          0.0227        0.000368          0.0224          0.0217          0.0236          0.0135          0.0184
     73         90          0.0206         0.00041          0.0202          0.0237          0.0249          0.0134          0.0175
     73        100          0.0285         0.00036          0.0281          0.0221          0.0233          0.0156          0.0206
     73        110          0.0221        0.000265          0.0219          0.0184            0.02          0.0135          0.0182


2025-11-20 16:55:37: Validating
# epoch      batch      total_loss     energy_loss     forces_loss      energy_mae     energy_rmse      forces_mae     forces_rmse
     73          0           0.011        1.87e-05           0.011         0.00451         0.00531         0.00969          0.0129
     73         10          0.0111        5.03e-06          0.0111         0.00196         0.00275         0.00987          0.0129
     73         20          0.0126        1.22e-05          0.0126         0.00333         0.00429         0.00996          0.0138


2025-11-20 16:55:38: Epoch summary:
Validation  # epoch      total_loss     energy_loss     forces_loss      energy_mae     energy_rmse      forces_mae     forces_rmse
                 73          0.0173        7.43e-05          0.0173         0.00464         0.00704          0.0113          0.0156
Train       # epoch      total_loss     energy_loss     forces_loss      energy_mae     energy_rmse      forces_mae     forces_rmse
                 73          0.0222        0.000399          0.0218          0.0197          0.0218          0.0135          0.0181


2025-11-20 16:55:38: Training
# epoch      batch      total_loss     energy_loss     forces_loss      energy_mae     energy_rmse      forces_mae     forces_rmse
     74          0          0.0307        0.000684            0.03          0.0298          0.0321          0.0155          0.0213
     74         10          0.0195        0.000897          0.0186          0.0365          0.0368           0.013          0.0168
     74         20          0.0369         0.00296           0.034          0.0636          0.0668          0.0163          0.0226
     74         30          0.0243        0.000366          0.0239          0.0156          0.0235          0.0145           0.019
     74         40          0.0265        0.000129          0.0264         0.00903           0.014          0.0149          0.0199
     74         50          0.0256         0.00199          0.0236          0.0521          0.0547          0.0143          0.0189
     74         60          0.0221        0.000457          0.0216          0.0253          0.0263          0.0138          0.0181
     74         70          0.0229        0.000451          0.0224          0.0248          0.0261          0.0138          0.0184
     74         80          0.0575         0.00263          0.0549          0.0606           0.063          0.0191          0.0288
     74         90          0.0264         0.00263          0.0238          0.0628           0.063           0.014          0.0189
     74        100          0.0287         4.8e-05          0.0286         0.00712         0.00851          0.0148          0.0208
     74        110           0.055         0.00294          0.0521          0.0647          0.0666          0.0205           0.028


2025-11-20 16:55:49: Validating
# epoch      batch      total_loss     energy_loss     forces_loss      energy_mae     energy_rmse      forces_mae     forces_rmse
     74          0          0.0108        1.81e-05          0.0107         0.00461         0.00523         0.00956          0.0127
     74         10          0.0108        6.56e-06          0.0108         0.00239         0.00314         0.00976          0.0128
     74         20          0.0123        1.42e-05          0.0123          0.0038         0.00463         0.00983          0.0136


2025-11-20 16:55:51: Epoch summary:
Validation  # epoch      total_loss     energy_loss     forces_loss      energy_mae     energy_rmse      forces_mae     forces_rmse
                 74          0.0172        7.54e-05          0.0171         0.00475         0.00715          0.0113          0.0156
Train       # epoch      total_loss     energy_loss     forces_loss      energy_mae     energy_rmse      forces_mae     forces_rmse
                 74          0.0292          0.0013          0.0279          0.0371          0.0391           0.015          0.0203


2025-11-20 16:55:51: Training
# epoch      batch      total_loss     energy_loss     forces_loss      energy_mae     energy_rmse      forces_mae     forces_rmse
     75          0           0.051         0.00325          0.0477          0.0678            0.07          0.0197          0.0268
     75         10          0.0379        0.000711          0.0371          0.0309          0.0328           0.018          0.0237
     75         20          0.0345         0.00203          0.0325          0.0541          0.0553          0.0163          0.0221
     75         30          0.0285         0.00132          0.0272           0.041          0.0446          0.0153          0.0203
     75         40          0.0497        0.000258          0.0495          0.0166          0.0197          0.0191          0.0273
     75         50          0.0269        0.000288          0.0266          0.0197          0.0208          0.0154            0.02
     75         60          0.0228        0.000363          0.0225          0.0225          0.0234          0.0139          0.0184
     75         70          0.0166        9.87e-05          0.0165         0.00877          0.0122          0.0121          0.0158
     75         80          0.0218         0.00057          0.0212          0.0277          0.0293          0.0136          0.0179
     75         90          0.0269        0.000585          0.0264          0.0287          0.0297          0.0142          0.0199
     75        100          0.0375        0.000165          0.0373          0.0113          0.0158           0.017          0.0237
     75        110          0.0218        9.76e-05          0.0217         0.00999          0.0121          0.0138          0.0181


2025-11-20 16:56:02: Validating
# epoch      batch      total_loss     energy_loss     forces_loss      energy_mae     energy_rmse      forces_mae     forces_rmse
     75          0          0.0107        1.87e-05          0.0107         0.00473         0.00531         0.00953          0.0127
     75         10          0.0108         6.9e-06          0.0108          0.0026         0.00323         0.00969          0.0128
     75         20          0.0121        1.28e-05          0.0121         0.00361         0.00439         0.00967          0.0135


2025-11-20 16:56:03: Epoch summary:
Validation  # epoch      total_loss     energy_loss     forces_loss      energy_mae     energy_rmse      forces_mae     forces_rmse
                 75          0.0171        7.61e-05           0.017         0.00477         0.00714          0.0112          0.0155
Train       # epoch      total_loss     energy_loss     forces_loss      energy_mae     energy_rmse      forces_mae     forces_rmse
                 75          0.0274        0.000704          0.0267          0.0265          0.0285          0.0148          0.0199


2025-11-20 16:56:03: Training
# epoch      batch      total_loss     energy_loss     forces_loss      energy_mae     energy_rmse      forces_mae     forces_rmse
     76          0          0.0214        3.82e-05          0.0214         0.00669         0.00759          0.0139           0.018
     76         10           0.018        9.78e-05          0.0179          0.0113          0.0121          0.0126          0.0164
     76         20          0.0183        0.000813          0.0175          0.0341           0.035          0.0124          0.0162
     76         30          0.0263        0.000354           0.026          0.0196          0.0231          0.0141          0.0198
     76         40          0.0197        0.000523          0.0192          0.0244          0.0281          0.0131           0.017
     76         50          0.0171        0.000629          0.0164          0.0304          0.0308           0.012          0.0157
     76         60          0.0331         0.00165          0.0315          0.0489          0.0499          0.0156          0.0218
     76         70          0.0399         0.00382           0.036          0.0734          0.0758          0.0173          0.0233
     76         80          0.0252         0.00229          0.0229          0.0584          0.0587          0.0143          0.0186
     76         90          0.0304         0.00129          0.0291          0.0427          0.0441          0.0156           0.021
     76        100          0.0231        0.000982          0.0222          0.0372          0.0385          0.0141          0.0183
     76        110          0.0363         0.00159          0.0347          0.0473           0.049          0.0162          0.0229


2025-11-20 16:56:14: Validating
# epoch      batch      total_loss     energy_loss     forces_loss      energy_mae     energy_rmse      forces_mae     forces_rmse
     76          0          0.0106           2e-05          0.0106         0.00496          0.0055         0.00945          0.0127
     76         10          0.0109        6.22e-06          0.0109         0.00262         0.00306         0.00976          0.0128
     76         20          0.0121         1.3e-05          0.0121         0.00369         0.00443         0.00962          0.0135


2025-11-20 16:56:15: Epoch summary:
Validation  # epoch      total_loss     energy_loss     forces_loss      energy_mae     energy_rmse      forces_mae     forces_rmse
                 76           0.017        7.43e-05          0.0169         0.00473          0.0071          0.0112          0.0155
Train       # epoch      total_loss     energy_loss     forces_loss      energy_mae     energy_rmse      forces_mae     forces_rmse
                 76          0.0254        0.000943          0.0245          0.0302          0.0322          0.0142          0.0191


2025-11-20 16:56:15: Training
# epoch      batch      total_loss     energy_loss     forces_loss      energy_mae     energy_rmse      forces_mae     forces_rmse
     77          0          0.0324        0.000378           0.032          0.0109          0.0239          0.0159           0.022
     77         10          0.0253        0.000173          0.0251          0.0142          0.0161          0.0141          0.0195
     77         20           0.041         0.00233          0.0387          0.0573          0.0593          0.0172          0.0241
     77         30            0.11         0.00124           0.109          0.0397          0.0432          0.0252          0.0406
     77         40           0.059          0.0062          0.0528          0.0951          0.0967          0.0208          0.0282
     77         50          0.0428         0.00812          0.0347            0.11           0.111          0.0172          0.0229
     77         60          0.0389         0.00423          0.0347          0.0793          0.0799          0.0175          0.0229
     77         70          0.0273        0.000204          0.0271          0.0163          0.0175          0.0151          0.0202
     77         80          0.0246         0.00359           0.021          0.0731          0.0736          0.0132          0.0178
     77         90           0.025         1.7e-05           0.025         0.00431         0.00507          0.0142          0.0194
     77        100           0.045        0.000217          0.0448          0.0153          0.0181           0.018           0.026
     77        110          0.0433         0.00265          0.0407          0.0625          0.0632          0.0182          0.0248


2025-11-20 16:56:26: Validating
# epoch      batch      total_loss     energy_loss     forces_loss      energy_mae     energy_rmse      forces_mae     forces_rmse
     77          0          0.0108        2.35e-05          0.0108         0.00543         0.00595         0.00951          0.0127
     77         10          0.0107        7.37e-06          0.0107         0.00286         0.00333         0.00969          0.0127
     77         20          0.0123        1.72e-05          0.0123         0.00447         0.00509         0.00976          0.0136


2025-11-20 16:56:28: Epoch summary:
Validation  # epoch      total_loss     energy_loss     forces_loss      energy_mae     energy_rmse      forces_mae     forces_rmse
                 77          0.0169        7.74e-05          0.0169         0.00503         0.00736          0.0111          0.0155
Train       # epoch      total_loss     energy_loss     forces_loss      energy_mae     energy_rmse      forces_mae     forces_rmse
                 77          0.0422          0.0029          0.0393          0.0559           0.058          0.0171          0.0238


2025-11-20 16:56:28: Training
# epoch      batch      total_loss     energy_loss     forces_loss      energy_mae     energy_rmse      forces_mae     forces_rmse
     78          0          0.0456         0.00793          0.0376           0.109           0.109          0.0165          0.0238
     78         10          0.0386        0.000274          0.0383          0.0162          0.0203          0.0172           0.024
     78         20          0.0312          0.0004          0.0308           0.023          0.0245          0.0159          0.0215
     78         30          0.0198        0.000906          0.0189            0.03           0.037           0.013          0.0169
     78         40          0.0217         0.00166            0.02          0.0494          0.0501          0.0127          0.0174
     78         50          0.0261        0.000144          0.0259           0.011          0.0147          0.0142          0.0198
     78         60          0.0263         0.00171          0.0246          0.0499          0.0508          0.0141          0.0192
     78         70          0.0277        5.18e-05          0.0276         0.00758         0.00884          0.0149          0.0204
     78         80          0.0249        3.09e-05          0.0249         0.00561         0.00683          0.0147          0.0194
     78         90          0.0245        8.48e-05          0.0244          0.0096          0.0113          0.0143          0.0192
     78        100          0.0186        8.32e-05          0.0185          0.0101          0.0112          0.0128          0.0167
     78        110          0.0161         0.00041          0.0157          0.0154          0.0249          0.0118          0.0154


2025-11-20 16:56:39: Validating
# epoch      batch      total_loss     energy_loss     forces_loss      energy_mae     energy_rmse      forces_mae     forces_rmse
     78          0          0.0109        1.93e-05          0.0109         0.00479          0.0054         0.00956          0.0128
     78         10          0.0107        5.77e-06          0.0107         0.00242         0.00295         0.00973          0.0127
     78         20          0.0119        1.37e-05          0.0118         0.00405         0.00455         0.00965          0.0134


2025-11-20 16:56:40: Epoch summary:
Validation  # epoch      total_loss     energy_loss     forces_loss      energy_mae     energy_rmse      forces_mae     forces_rmse
                 78          0.0167        7.39e-05          0.0167          0.0047           0.007          0.0111          0.0154
Train       # epoch      total_loss     energy_loss     forces_loss      energy_mae     energy_rmse      forces_mae     forces_rmse
                 78          0.0246          0.0011          0.0235          0.0305          0.0325           0.014          0.0187


2025-11-20 16:56:40: Training
# epoch      batch      total_loss     energy_loss     forces_loss      energy_mae     energy_rmse      forces_mae     forces_rmse
     79          0          0.0243        0.000242          0.0241           0.017          0.0191          0.0138           0.019
     79         10          0.0184         0.00185          0.0165          0.0522          0.0529          0.0119          0.0158
     79         20           0.014        0.000231          0.0138          0.0176          0.0187          0.0112          0.0144
     79         30          0.0237         0.00164           0.022          0.0493          0.0497          0.0137          0.0182
     79         40          0.0189        0.000869           0.018          0.0357          0.0362          0.0122          0.0165
     79         50          0.0192         0.00157          0.0177          0.0481          0.0487          0.0122          0.0163
     79         60          0.0216        0.000738          0.0209           0.032          0.0334          0.0135          0.0177
     79         70          0.0196         9.3e-05          0.0195         0.00955          0.0118           0.013          0.0171
     79         80           0.025         0.00467          0.0204          0.0837          0.0839          0.0131          0.0175
     79         90          0.0245         0.00346           0.021          0.0715          0.0722          0.0134          0.0178
     79        100          0.0278         0.00632          0.0214          0.0975          0.0976          0.0137           0.018
     79        110          0.0238         0.00185           0.022          0.0513          0.0528          0.0137          0.0182


2025-11-20 16:56:51: Validating
# epoch      batch      total_loss     energy_loss     forces_loss      energy_mae     energy_rmse      forces_mae     forces_rmse
     79          0          0.0107        1.78e-05          0.0107         0.00449         0.00518          0.0095          0.0127
     79         10          0.0104        4.61e-06          0.0104         0.00197         0.00264         0.00957          0.0125
     79         20          0.0116        1.15e-05          0.0116         0.00365         0.00416         0.00958          0.0132


2025-11-20 16:56:52: Epoch summary:
Validation  # epoch      total_loss     energy_loss     forces_loss      energy_mae     energy_rmse      forces_mae     forces_rmse
                 79          0.0166        7.43e-05          0.0165         0.00451         0.00683           0.011          0.0153
Train       # epoch      total_loss     energy_loss     forces_loss      energy_mae     energy_rmse      forces_mae     forces_rmse
                 79          0.0227         0.00216          0.0205          0.0481          0.0494          0.0131          0.0175


2025-11-20 16:56:52: Training
# epoch      batch      total_loss     energy_loss     forces_loss      energy_mae     energy_rmse      forces_mae     forces_rmse
     80          0          0.0234         0.00256          0.0209          0.0616          0.0621          0.0134          0.0177
     80         10          0.0249        9.57e-05          0.0248         0.00787           0.012          0.0141          0.0193
     80         20           0.026        0.000437          0.0256          0.0244          0.0257          0.0143          0.0196
     80         30          0.0485         0.00156           0.047          0.0445          0.0485          0.0187          0.0266
     80         40          0.0447         0.00155          0.0431          0.0387          0.0483           0.018          0.0255
     80         50          0.0735         0.00256          0.0709          0.0595          0.0621           0.024          0.0327
     80         60          0.0549          0.0134          0.0415           0.142           0.142           0.019           0.025
     80         70          0.0575          0.0167          0.0408           0.158           0.159          0.0195          0.0248
     80         80          0.0753         0.00261          0.0727          0.0606          0.0628          0.0249          0.0331
     80         90           0.122         0.00383           0.118          0.0723           0.076          0.0291          0.0421
     80        100          0.0914          0.0118          0.0796           0.132           0.133          0.0243          0.0346
     80        110          0.0459         0.00379          0.0421          0.0751          0.0756          0.0181          0.0252


2025-11-20 16:57:03: Validating
# epoch      batch      total_loss     energy_loss     forces_loss      energy_mae     energy_rmse      forces_mae     forces_rmse
     80          0          0.0106         1.6e-05          0.0106         0.00427         0.00492         0.00945          0.0126
     80         10          0.0104        5.56e-06          0.0104         0.00215          0.0029         0.00958          0.0125
     80         20          0.0115        1.17e-05          0.0115         0.00376         0.00419         0.00948          0.0132


2025-11-20 16:57:04: Epoch summary:
Validation  # epoch      total_loss     energy_loss     forces_loss      energy_mae     energy_rmse      forces_mae     forces_rmse
                 80          0.0166        7.47e-05          0.0165          0.0045         0.00685           0.011          0.0153
Train       # epoch      total_loss     energy_loss     forces_loss      energy_mae     energy_rmse      forces_mae     forces_rmse
                 80          0.0562         0.00778          0.0484          0.0872          0.0888          0.0191          0.0262


2025-11-20 16:57:04: Training
# epoch      batch      total_loss     energy_loss     forces_loss      energy_mae     energy_rmse      forces_mae     forces_rmse
     81          0          0.0473         0.00047          0.0468          0.0247          0.0266          0.0194          0.0266
     81         10          0.0467        0.000221          0.0464          0.0167          0.0183          0.0201          0.0265
     81         20          0.0829         0.00877          0.0741           0.112           0.115          0.0237          0.0334
     81         30          0.0581          0.0128          0.0453           0.138           0.139          0.0193          0.0261
     81         40          0.0272         0.00105          0.0261           0.038          0.0398          0.0147          0.0198
     81         50          0.0324        0.000926          0.0315           0.036          0.0374          0.0161          0.0218
     81         60          0.0331         0.00568          0.0274          0.0902          0.0925          0.0151          0.0203
     81         70          0.0333         0.00402          0.0293          0.0766          0.0778          0.0158           0.021
     81         80           0.034        9.37e-05          0.0339          0.0102          0.0119          0.0167          0.0226
     81         90          0.0267         0.00142          0.0253          0.0454          0.0462          0.0146          0.0195
     81        100          0.0329         0.00147          0.0314          0.0462          0.0471          0.0163          0.0218
     81        110          0.0267         0.00361          0.0231          0.0736          0.0737          0.0138          0.0187


2025-11-20 16:57:15: Validating
# epoch      batch      total_loss     energy_loss     forces_loss      energy_mae     energy_rmse      forces_mae     forces_rmse
     81          0          0.0107        1.73e-05          0.0107         0.00453         0.00511         0.00949          0.0127
     81         10          0.0102        5.43e-06          0.0102         0.00205         0.00286         0.00952          0.0124
     81         20          0.0117        1.03e-05          0.0117         0.00349         0.00394          0.0096          0.0133


2025-11-20 16:57:16: Epoch summary:
Validation  # epoch      total_loss     energy_loss     forces_loss      energy_mae     energy_rmse      forces_mae     forces_rmse
                 81          0.0166        7.39e-05          0.0166         0.00444         0.00678           0.011          0.0153
Train       # epoch      total_loss     energy_loss     forces_loss      energy_mae     energy_rmse      forces_mae     forces_rmse
                 81          0.0399         0.00374          0.0362          0.0654          0.0667          0.0168           0.023


2025-11-20 16:57:16: Training
# epoch      batch      total_loss     energy_loss     forces_loss      energy_mae     energy_rmse      forces_mae     forces_rmse
     82          0          0.0332         0.00156          0.0316           0.047          0.0485          0.0165          0.0218
     82         10          0.0318          0.0032          0.0286          0.0677          0.0694          0.0151          0.0208
     82         20          0.0402        0.000502          0.0397          0.0249          0.0275          0.0169          0.0245
     82         30          0.0411        0.000165          0.0409          0.0134          0.0158          0.0177          0.0248
     82         40          0.0279        0.000726          0.0272          0.0318          0.0331          0.0155          0.0203
     82         50          0.0607         0.00389          0.0568          0.0753          0.0766          0.0218          0.0293
     82         60          0.0346         0.00573          0.0289          0.0925           0.093          0.0159          0.0209
     82         70          0.0254        0.000842          0.0245           0.035          0.0356          0.0145          0.0192
     82         80          0.0295         0.00104          0.0285           0.038          0.0397          0.0148          0.0207
     82         90           0.037         0.00356          0.0334          0.0717          0.0732          0.0158          0.0225
     82        100          0.0233        0.000345          0.0229           0.022          0.0228          0.0138          0.0186
     82        110          0.0281          0.0011           0.027          0.0394          0.0407          0.0144          0.0202


2025-11-20 16:57:27: Validating
# epoch      batch      total_loss     energy_loss     forces_loss      energy_mae     energy_rmse      forces_mae     forces_rmse
     82          0          0.0105        1.67e-05          0.0105         0.00439         0.00502         0.00941          0.0126
     82         10          0.0104        4.82e-06          0.0104         0.00205         0.00269         0.00958          0.0125
     82         20          0.0117         1.1e-05          0.0116         0.00345         0.00406         0.00961          0.0132


2025-11-20 16:57:29: Epoch summary:
Validation  # epoch      total_loss     energy_loss     forces_loss      energy_mae     energy_rmse      forces_mae     forces_rmse
                 82          0.0166        7.76e-05          0.0166          0.0044         0.00683           0.011          0.0153
Train       # epoch      total_loss     energy_loss     forces_loss      energy_mae     energy_rmse      forces_mae     forces_rmse
                 82          0.0357         0.00284          0.0329          0.0524          0.0544          0.0161          0.0219


2025-11-20 16:57:29: Training
# epoch      batch      total_loss     energy_loss     forces_loss      energy_mae     energy_rmse      forces_mae     forces_rmse
     83          0          0.0234        0.000314          0.0231          0.0198          0.0218          0.0134          0.0186
     83         10          0.0187        0.000241          0.0185          0.0181           0.019          0.0124          0.0167
     83         20          0.0167        0.000107          0.0166          0.0118          0.0127           0.012          0.0158
     83         30          0.0184         0.00029          0.0181            0.02          0.0209          0.0124          0.0165
     83         40          0.0126        0.000112          0.0124          0.0119           0.013          0.0106          0.0137
     83         50          0.0151        7.54e-05          0.0151         0.00987          0.0107          0.0113          0.0151
     83         60          0.0181          0.0025          0.0156          0.0608          0.0614          0.0116          0.0153
     83         70          0.0148         0.00121          0.0136           0.042          0.0428          0.0108          0.0143
     83         80          0.0182        0.000807          0.0174          0.0341          0.0349          0.0115          0.0162
     83         90          0.0272         0.00127           0.026          0.0426          0.0438          0.0135          0.0198
     83        100          0.0283         0.00381          0.0245          0.0743          0.0758           0.015          0.0192
     83        110           0.086         0.00672          0.0792          0.0983           0.101          0.0225          0.0346


2025-11-20 16:57:39: Validating
# epoch      batch      total_loss     energy_loss     forces_loss      energy_mae     energy_rmse      forces_mae     forces_rmse
     83          0          0.0102        1.74e-05          0.0102         0.00443         0.00512         0.00928          0.0124
     83         10          0.0102        5.12e-06          0.0101         0.00219         0.00278         0.00948          0.0124
     83         20          0.0113        1.05e-05          0.0113         0.00334         0.00398         0.00949          0.0131


2025-11-20 16:57:40: Epoch summary:
Validation  # epoch      total_loss     energy_loss     forces_loss      energy_mae     energy_rmse      forces_mae     forces_rmse
                 83          0.0163        7.61e-05          0.0163         0.00434         0.00676          0.0109          0.0152
Train       # epoch      total_loss     energy_loss     forces_loss      energy_mae     energy_rmse      forces_mae     forces_rmse
                 83          0.0242         0.00109           0.023          0.0278            0.03          0.0132           0.018


2025-11-20 16:57:40: Training
# epoch      batch      total_loss     energy_loss     forces_loss      energy_mae     energy_rmse      forces_mae     forces_rmse
     84          0          0.0672          0.0259          0.0414           0.197           0.197          0.0182           0.025
     84         10          0.0473          0.0194          0.0279           0.171           0.171          0.0156          0.0205
     84         20          0.0357        0.000144          0.0356          0.0118          0.0147          0.0175          0.0232
     84         30          0.0208        0.000412          0.0204          0.0238          0.0249           0.013          0.0175
     84         40          0.0282         0.00175          0.0264          0.0508          0.0514           0.015            0.02
     84         50          0.0182         0.00162          0.0166          0.0486          0.0494           0.012          0.0158
     84         60          0.0203        7.21e-05          0.0202         0.00931          0.0104          0.0129          0.0175
     84         70          0.0255         0.00121          0.0242          0.0421          0.0428          0.0145          0.0191
     84         80           0.023        3.94e-05          0.0229         0.00636         0.00771          0.0141          0.0186
     84         90          0.0283         0.00198          0.0263          0.0537          0.0546           0.015          0.0199
     84        100          0.0205        0.000394          0.0201          0.0237          0.0244          0.0132          0.0174
     84        110          0.0177         0.00174           0.016           0.051          0.0513          0.0117          0.0155


2025-11-20 16:57:51: Validating
# epoch      batch      total_loss     energy_loss     forces_loss      energy_mae     energy_rmse      forces_mae     forces_rmse
     84          0          0.0103        2.03e-05          0.0102         0.00477         0.00553         0.00929          0.0124
     84         10          0.0102         4.6e-06          0.0102          0.0021         0.00263         0.00947          0.0124
     84         20          0.0114        1.33e-05          0.0114         0.00378         0.00447         0.00951          0.0131


2025-11-20 16:57:52: Epoch summary:
Validation  # epoch      total_loss     energy_loss     forces_loss      energy_mae     energy_rmse      forces_mae     forces_rmse
                 84          0.0163        7.97e-05          0.0162         0.00438         0.00693          0.0109          0.0151
Train       # epoch      total_loss     energy_loss     forces_loss      energy_mae     energy_rmse      forces_mae     forces_rmse
                 84            0.03         0.00254          0.0275           0.042           0.044           0.015            0.02


2025-11-20 16:57:52: Training
# epoch      batch      total_loss     energy_loss     forces_loss      energy_mae     energy_rmse      forces_mae     forces_rmse
     85          0          0.0165        0.000478           0.016          0.0259          0.0269          0.0117          0.0155
     85         10          0.0143        2.15e-05          0.0143         0.00379         0.00569          0.0111          0.0147
     85         20          0.0142         0.00065          0.0136          0.0307          0.0313          0.0111          0.0143
     85         30          0.0207        0.000394          0.0203          0.0221          0.0244          0.0128          0.0175
     85         40          0.0231         0.00073          0.0223          0.0326          0.0332           0.014          0.0183
     85         50          0.0179         0.00133          0.0166          0.0442          0.0448          0.0118          0.0158
     85         60          0.0162        0.000927          0.0152           0.037          0.0374          0.0116          0.0152
     85         70          0.0214        0.000141          0.0212          0.0135          0.0146          0.0136          0.0179
     85         80           0.017         0.00072          0.0163          0.0323           0.033          0.0118          0.0157
     85         90          0.0184        0.000314          0.0181          0.0172          0.0218          0.0125          0.0165
     85        100          0.0264        0.000608          0.0258          0.0268          0.0303          0.0146          0.0197
     85        110          0.0271        9.88e-05           0.027          0.0101          0.0122          0.0147          0.0202


2025-11-20 16:58:04: Validating
# epoch      batch      total_loss     energy_loss     forces_loss      energy_mae     energy_rmse      forces_mae     forces_rmse
     85          0          0.0103        1.78e-05          0.0103         0.00447         0.00517          0.0093          0.0124
     85         10          0.0102        4.08e-06          0.0102         0.00205         0.00248         0.00945          0.0124
     85         20          0.0113        1.24e-05          0.0113         0.00349         0.00433         0.00945           0.013


2025-11-20 16:58:05: Epoch summary:
Validation  # epoch      total_loss     energy_loss     forces_loss      energy_mae     energy_rmse      forces_mae     forces_rmse
                 85          0.0161        7.71e-05          0.0161         0.00434          0.0068          0.0108          0.0151
Train       # epoch      total_loss     energy_loss     forces_loss      energy_mae     energy_rmse      forces_mae     forces_rmse
                 85          0.0218         0.00102          0.0208          0.0322          0.0341          0.0131          0.0176


2025-11-20 16:58:05: Training
# epoch      batch      total_loss     energy_loss     forces_loss      energy_mae     energy_rmse      forces_mae     forces_rmse
     86          0          0.0172         0.00102          0.0161           0.039          0.0393          0.0118          0.0156
     86         10          0.0274        0.000611          0.0268          0.0289          0.0303           0.015          0.0201
     86         20            0.02        5.06e-05            0.02         0.00729         0.00873          0.0129          0.0173
     86         30          0.0162         0.00122          0.0149          0.0425          0.0429          0.0117           0.015
     86         40          0.0174        0.000171          0.0172           0.014          0.0161          0.0122          0.0161
     86         50          0.0195        0.000319          0.0192          0.0208          0.0219          0.0127           0.017
     86         60          0.0151        6.74e-05          0.0151         0.00812          0.0101          0.0115          0.0151
     86         70          0.0184         0.00017          0.0182          0.0138           0.016          0.0126          0.0166
     86         80          0.0235        0.000613          0.0229           0.029          0.0304          0.0131          0.0186
     86         90          0.0185        0.000987          0.0175          0.0379          0.0386          0.0124          0.0163
     86        100          0.0223        0.000869          0.0215          0.0355          0.0362          0.0132           0.018
     86        110          0.0342         0.00226           0.032          0.0576          0.0583          0.0161           0.022


2025-11-20 16:58:16: Validating
# epoch      batch      total_loss     energy_loss     forces_loss      energy_mae     energy_rmse      forces_mae     forces_rmse
     86          0          0.0101        1.91e-05          0.0101         0.00467         0.00537         0.00921          0.0123
     86         10         0.00991        4.04e-06         0.00991         0.00208         0.00247         0.00932          0.0122
     86         20          0.0112        1.24e-05          0.0112         0.00346         0.00433         0.00942           0.013


2025-11-20 16:58:17: Epoch summary:
Validation  # epoch      total_loss     energy_loss     forces_loss      energy_mae     energy_rmse      forces_mae     forces_rmse
                 86           0.016        7.48e-05           0.016         0.00434         0.00678          0.0108           0.015
Train       # epoch      total_loss     energy_loss     forces_loss      energy_mae     energy_rmse      forces_mae     forces_rmse
                 86          0.0197        0.000508          0.0192          0.0223          0.0241          0.0127          0.0169


2025-11-20 16:58:17: Training
# epoch      batch      total_loss     energy_loss     forces_loss      energy_mae     energy_rmse      forces_mae     forces_rmse
     87          0          0.0255         0.00166          0.0238          0.0494            0.05          0.0138          0.0189
     87         10          0.0235        0.000131          0.0233           0.011          0.0141           0.014          0.0188
     87         20          0.0191        0.000235          0.0189          0.0122          0.0188          0.0127          0.0169
     87         30          0.0179        6.27e-05          0.0178         0.00873         0.00972          0.0126          0.0164
     87         40          0.0146        3.72e-05          0.0145         0.00532         0.00749          0.0113          0.0148
     87         50          0.0227        0.000813          0.0219          0.0338           0.035          0.0135          0.0182
     87         60          0.0283         0.00259          0.0257          0.0613          0.0625          0.0133          0.0197
     87         70          0.0198         0.00159          0.0182          0.0485           0.049          0.0123          0.0166
     87         80          0.0172        0.000105          0.0171          0.0115          0.0126          0.0123          0.0161
     87         90          0.0175        2.39e-05          0.0175         0.00461           0.006          0.0121          0.0163
     87        100          0.0245        0.000582          0.0239          0.0287          0.0296          0.0137           0.019
     87        110          0.0333        0.000154          0.0332          0.0143          0.0152          0.0158          0.0224


2025-11-20 16:58:28: Validating
# epoch      batch      total_loss     energy_loss     forces_loss      energy_mae     energy_rmse      forces_mae     forces_rmse
     87          0         0.00997        1.84e-05         0.00995         0.00449         0.00527         0.00917          0.0122
     87         10          0.0099        3.94e-06          0.0099         0.00198         0.00244         0.00928          0.0122
     87         20           0.011        1.09e-05           0.011         0.00328         0.00405         0.00934          0.0129


2025-11-20 16:58:29: Epoch summary:
Validation  # epoch      total_loss     energy_loss     forces_loss      energy_mae     energy_rmse      forces_mae     forces_rmse
                 87           0.016         7.4e-05          0.0159         0.00432         0.00676          0.0107           0.015
Train       # epoch      total_loss     energy_loss     forces_loss      energy_mae     energy_rmse      forces_mae     forces_rmse
                 87          0.0227          0.0014          0.0213           0.036          0.0378          0.0132          0.0178


2025-11-20 16:58:29: Training
# epoch      batch      total_loss     energy_loss     forces_loss      energy_mae     energy_rmse      forces_mae     forces_rmse
     88          0          0.0236        0.000964          0.0226          0.0373          0.0381          0.0143          0.0185
     88         10          0.0211        0.000707          0.0204          0.0191          0.0326          0.0136          0.0175
     88         20           0.018        0.000482          0.0176          0.0258           0.027          0.0127          0.0163
     88         30          0.0174         0.00104          0.0164          0.0391          0.0397          0.0119          0.0157
     88         40          0.0212        0.000429          0.0207          0.0246          0.0254          0.0133          0.0177
     88         50          0.0206        0.000724          0.0199          0.0324           0.033          0.0133          0.0173
     88         60          0.0158         0.00048          0.0153          0.0262          0.0269          0.0115          0.0152
     88         70           0.022        0.000167          0.0219         0.00817          0.0159          0.0133          0.0182
     88         80          0.0219        9.95e-05          0.0218         0.00967          0.0123          0.0134          0.0181
     88         90          0.0246         0.00246          0.0221          0.0605          0.0609          0.0137          0.0183
     88        100          0.0335         0.00169          0.0318          0.0496          0.0505          0.0167          0.0219
     88        110          0.0245        0.000987          0.0235          0.0382          0.0386          0.0143          0.0188


2025-11-20 16:58:40: Validating
# epoch      batch      total_loss     energy_loss     forces_loss      energy_mae     energy_rmse      forces_mae     forces_rmse
     88          0         0.00992        1.69e-05         0.00991         0.00429         0.00505         0.00917          0.0122
     88         10            0.01        3.28e-06            0.01          0.0018         0.00222         0.00932          0.0123
     88         20          0.0107        1.03e-05          0.0107         0.00326         0.00394         0.00923          0.0127


2025-11-20 16:58:41: Epoch summary:
Validation  # epoch      total_loss     energy_loss     forces_loss      energy_mae     energy_rmse      forces_mae     forces_rmse
                 88          0.0159        7.46e-05          0.0159         0.00437         0.00677          0.0107           0.015
Train       # epoch      total_loss     energy_loss     forces_loss      energy_mae     energy_rmse      forces_mae     forces_rmse
                 88          0.0227        0.000787          0.0219          0.0286          0.0305          0.0135           0.018


2025-11-20 16:58:41: Training
# epoch      batch      total_loss     energy_loss     forces_loss      energy_mae     energy_rmse      forces_mae     forces_rmse
     89          0          0.0176        8.03e-05          0.0175         0.00621           0.011          0.0123          0.0162
     89         10          0.0202        0.000526          0.0197          0.0277          0.0281          0.0131          0.0172
     89         20          0.0508         0.00289          0.0479          0.0641           0.066          0.0187          0.0269
     89         30          0.0711         0.00915          0.0619           0.117           0.117           0.023          0.0306
     89         40          0.0444         0.00113          0.0433          0.0379          0.0413           0.019          0.0256
     89         50          0.0899         0.00378          0.0862          0.0711          0.0755          0.0227           0.036
     89         60          0.0353         0.00209          0.0332          0.0546          0.0561          0.0168          0.0224
     89         70          0.0494         0.00459          0.0448           0.081          0.0832          0.0198           0.026
     89         80          0.0258        0.000261          0.0256          0.0173          0.0198          0.0144          0.0196
     89         90          0.0284        0.000737          0.0276          0.0325          0.0333           0.015          0.0204
     89        100          0.0261         0.00206          0.0241          0.0544          0.0558          0.0146           0.019
     89        110          0.0558         0.00524          0.0506           0.088          0.0889          0.0201          0.0276


2025-11-20 16:58:52: Validating
# epoch      batch      total_loss     energy_loss     forces_loss      energy_mae     energy_rmse      forces_mae     forces_rmse
     89          0         0.00995        2.66e-05         0.00992         0.00586         0.00634          0.0092          0.0122
     89         10         0.00994        4.53e-06         0.00993         0.00242         0.00261         0.00927          0.0122
     89         20           0.011        2.02e-05           0.011         0.00487         0.00552         0.00925          0.0129


2025-11-20 16:58:53: Epoch summary:
Validation  # epoch      total_loss     energy_loss     forces_loss      energy_mae     energy_rmse      forces_mae     forces_rmse
                 89           0.016        8.38e-05          0.0159         0.00519         0.00768          0.0107           0.015
Train       # epoch      total_loss     energy_loss     forces_loss      energy_mae     energy_rmse      forces_mae     forces_rmse
                 89          0.0495         0.00263          0.0468          0.0482          0.0508          0.0185          0.0258


2025-11-20 16:58:53: Training
# epoch      batch      total_loss     energy_loss     forces_loss      energy_mae     energy_rmse      forces_mae     forces_rmse
     90          0            0.04         0.00179          0.0382          0.0505          0.0519          0.0169           0.024
     90         10          0.0563          0.0131          0.0432            0.14           0.141          0.0178          0.0255
     90         20          0.0525        0.000352          0.0521          0.0174           0.023          0.0196           0.028
     90         30          0.0242         0.00111          0.0231          0.0382          0.0408          0.0143          0.0187
     90         40          0.0249        0.000613          0.0243           0.027          0.0304          0.0145          0.0191
     90         50          0.0365         0.00293          0.0336          0.0662          0.0665           0.016          0.0225
     90         60           0.023         0.00934          0.0137           0.119           0.119           0.011          0.0143
     90         70          0.0282         0.00074          0.0275          0.0322          0.0334           0.015          0.0203
     90         80          0.0312         0.00407          0.0271          0.0777          0.0783          0.0139          0.0202
     90         90          0.0252         0.00487          0.0204          0.0855          0.0857          0.0134          0.0175
     90        100          0.0232        0.000198           0.023          0.0114          0.0173          0.0138          0.0186
     90        110          0.0242         0.00108          0.0232          0.0399          0.0403           0.014          0.0187


2025-11-20 16:59:04: Validating
# epoch      batch      total_loss     energy_loss     forces_loss      energy_mae     energy_rmse      forces_mae     forces_rmse
     90          0         0.00972        2.34e-05         0.00969         0.00533         0.00594         0.00912          0.0121
     90         10          0.0102        4.15e-06          0.0102         0.00211          0.0025         0.00939          0.0124
     90         20          0.0111        1.36e-05          0.0111         0.00389         0.00453         0.00922          0.0129


2025-11-20 16:59:05: Epoch summary:
Validation  # epoch      total_loss     energy_loss     forces_loss      energy_mae     energy_rmse      forces_mae     forces_rmse
                 90          0.0161        7.89e-05           0.016          0.0047         0.00714          0.0108           0.015
Train       # epoch      total_loss     energy_loss     forces_loss      energy_mae     energy_rmse      forces_mae     forces_rmse
                 90          0.0312         0.00249          0.0287           0.049          0.0506          0.0151          0.0205


2025-11-20 16:59:05: Training
# epoch      batch      total_loss     energy_loss     forces_loss      energy_mae     energy_rmse      forces_mae     forces_rmse
     91          0          0.0204         0.00176          0.0187          0.0509          0.0516          0.0125          0.0168
     91         10          0.0237         0.00043          0.0233           0.024          0.0254          0.0139          0.0187
     91         20          0.0173        0.000445          0.0168          0.0253          0.0259          0.0118          0.0159
     91         30          0.0215        0.000699          0.0208          0.0314          0.0325          0.0134          0.0177
     91         40          0.0175        0.000154          0.0173          0.0142          0.0152           0.012          0.0162
     91         50          0.0185        9.38e-05          0.0184          0.0106          0.0119          0.0127          0.0167
     91         60          0.0179        6.58e-05          0.0179         0.00804         0.00996          0.0122          0.0164
     91         70          0.0477        0.000894          0.0468          0.0339          0.0367           0.018          0.0266
     91         80          0.0576          0.0326           0.025           0.222           0.222          0.0145          0.0194
     91         90          0.0577          0.0177            0.04           0.163           0.163          0.0186          0.0246
     91        100          0.0375        0.000218          0.0373          0.0137          0.0181          0.0176          0.0237
     91        110          0.0362          0.0152           0.021           0.151           0.151          0.0135          0.0178


2025-11-20 16:59:16: Validating
# epoch      batch      total_loss     energy_loss     forces_loss      energy_mae     energy_rmse      forces_mae     forces_rmse
     91          0         0.00964         2.2e-05         0.00962         0.00517         0.00577         0.00904           0.012
     91         10          0.0102        3.24e-06          0.0102         0.00171         0.00221          0.0094          0.0124
     91         20          0.0111        9.58e-06          0.0111         0.00322          0.0038         0.00922          0.0129


2025-11-20 16:59:17: Epoch summary:
Validation  # epoch      total_loss     energy_loss     forces_loss      energy_mae     energy_rmse      forces_mae     forces_rmse
                 91           0.016        7.59e-05          0.0159         0.00451         0.00691          0.0107           0.015
Train       # epoch      total_loss     energy_loss     forces_loss      energy_mae     energy_rmse      forces_mae     forces_rmse
                 91          0.0322          0.0046          0.0276          0.0566          0.0584          0.0146          0.0198


2025-11-20 16:59:17: Training
# epoch      batch      total_loss     energy_loss     forces_loss      energy_mae     energy_rmse      forces_mae     forces_rmse
     92          0          0.0239         0.00337          0.0205           0.071          0.0712          0.0131          0.0176
     92         10          0.0215         0.00109          0.0204          0.0401          0.0405          0.0132          0.0175
     92         20          0.0482         0.00079          0.0474          0.0321          0.0345          0.0179          0.0267
     92         30          0.0367          0.0131          0.0236            0.14           0.141          0.0141          0.0189
     92         40          0.0282         0.00304          0.0251          0.0664          0.0677          0.0147          0.0195
     92         50          0.0185         0.00145           0.017          0.0462          0.0468          0.0121           0.016
     92         60          0.0207        2.26e-05          0.0206         0.00494         0.00584          0.0134          0.0176
     92         70          0.0138        0.000537          0.0133          0.0277          0.0285          0.0103          0.0141
     92         80          0.0204        0.000681          0.0197          0.0314           0.032          0.0129          0.0172
     92         90          0.0491          0.0182          0.0309           0.165           0.166           0.015          0.0216
     92        100           0.059          0.0284          0.0305           0.207           0.207          0.0159          0.0215
     92        110           0.046         0.00897           0.037           0.115           0.116          0.0166          0.0236


2025-11-20 16:59:28: Validating
# epoch      batch      total_loss     energy_loss     forces_loss      energy_mae     energy_rmse      forces_mae     forces_rmse
     92          0         0.00963        2.02e-05         0.00961         0.00495         0.00552         0.00904           0.012
     92         10          0.0104        2.11e-06          0.0104         0.00148         0.00178         0.00942          0.0125
     92         20          0.0111        9.01e-06          0.0111         0.00306         0.00369         0.00914          0.0129


2025-11-20 16:59:29: Epoch summary:
Validation  # epoch      total_loss     energy_loss     forces_loss      energy_mae     energy_rmse      forces_mae     forces_rmse
                 92          0.0159        7.68e-05          0.0158         0.00449         0.00689          0.0107          0.0149
Train       # epoch      total_loss     energy_loss     forces_loss      energy_mae     energy_rmse      forces_mae     forces_rmse
                 92          0.0333         0.00504          0.0282          0.0638          0.0655          0.0148          0.0202


2025-11-20 16:59:29: Training
# epoch      batch      total_loss     energy_loss     forces_loss      energy_mae     energy_rmse      forces_mae     forces_rmse
     93          0           0.057          0.0143          0.0426           0.146           0.147          0.0174          0.0253
     93         10           0.111         0.00507           0.106          0.0841          0.0874          0.0244          0.0399
     93         20           0.143        0.000888           0.143          0.0253          0.0366           0.028          0.0464
     93         30           0.141         0.00257           0.139          0.0567          0.0623          0.0348          0.0458
     93         40           0.057        6.81e-05           0.057         0.00899          0.0101          0.0223          0.0293
     93         50          0.0516        0.000812          0.0508           0.033           0.035          0.0214          0.0277
     93         60           0.052         0.00041          0.0515          0.0158          0.0249          0.0203          0.0279
     93         70          0.0299         0.00139          0.0285          0.0455          0.0457          0.0156          0.0207
     93         80          0.0334         0.00753          0.0258           0.106           0.107          0.0146          0.0197
     93         90          0.0171         0.00122          0.0158          0.0418          0.0428           0.012          0.0155
     93        100          0.0281         0.00048          0.0276           0.026          0.0269          0.0153          0.0204
     93        110          0.0211        3.58e-05          0.0211         0.00585         0.00735          0.0132          0.0178


2025-11-20 16:59:40: Validating
# epoch      batch      total_loss     energy_loss     forces_loss      energy_mae     energy_rmse      forces_mae     forces_rmse
     93          0         0.00975        1.97e-05         0.00973         0.00506         0.00545         0.00909          0.0121
     93         10          0.0106        2.79e-06          0.0106         0.00166         0.00205          0.0095          0.0126
     93         20          0.0111        1.22e-05          0.0111         0.00351         0.00429         0.00917          0.0129


2025-11-20 16:59:41: Epoch summary:
Validation  # epoch      total_loss     energy_loss     forces_loss      energy_mae     energy_rmse      forces_mae     forces_rmse
                 93          0.0161        7.99e-05           0.016         0.00468         0.00717          0.0108           0.015
Train       # epoch      total_loss     energy_loss     forces_loss      energy_mae     energy_rmse      forces_mae     forces_rmse
                 93          0.0539         0.00253          0.0514          0.0495          0.0518          0.0193          0.0263


2025-11-20 16:59:41: Training
# epoch      batch      total_loss     energy_loss     forces_loss      energy_mae     energy_rmse      forces_mae     forces_rmse
     94          0          0.0202        5.03e-05          0.0201         0.00729          0.0087          0.0134          0.0174
     94         10          0.0258         0.00108          0.0248          0.0391          0.0403          0.0134          0.0193
     94         20          0.0226         0.00159           0.021          0.0482          0.0489          0.0131          0.0178
     94         30          0.0302         0.00258          0.0277           0.062          0.0624          0.0147          0.0204
     94         40          0.0352         0.00584          0.0293          0.0935          0.0938          0.0157           0.021
     94         50          0.0398        0.000859          0.0389          0.0349           0.036           0.018          0.0242
     94         60          0.0362         0.00427           0.032          0.0796          0.0802          0.0165           0.022
     94         70          0.0253         0.00426           0.021          0.0744          0.0801          0.0139          0.0178
     94         80          0.0242        0.000807          0.0234          0.0341          0.0349          0.0138          0.0188
     94         90          0.0263        0.000243          0.0261          0.0165          0.0191          0.0146          0.0198
     94        100          0.0178        0.000505          0.0173          0.0269          0.0276           0.012          0.0161
     94        110          0.0195         0.00121          0.0183          0.0416          0.0427          0.0126          0.0166


2025-11-20 16:59:51: Validating
# epoch      batch      total_loss     energy_loss     forces_loss      energy_mae     energy_rmse      forces_mae     forces_rmse
     94          0         0.00977        1.79e-05         0.00975         0.00485          0.0052         0.00908          0.0121
     94         10          0.0105        4.44e-06          0.0105         0.00204         0.00259         0.00946          0.0126
     94         20          0.0108        1.21e-05          0.0108         0.00354         0.00427          0.0091          0.0128


2025-11-20 16:59:53: Epoch summary:
Validation  # epoch      total_loss     energy_loss     forces_loss      energy_mae     energy_rmse      forces_mae     forces_rmse
                 94           0.016        7.74e-05          0.0159         0.00445         0.00694          0.0107           0.015
Train       # epoch      total_loss     energy_loss     forces_loss      energy_mae     energy_rmse      forces_mae     forces_rmse
                 94          0.0292         0.00198          0.0272          0.0449          0.0466          0.0146            0.02


2025-11-20 16:59:53: Training
# epoch      batch      total_loss     energy_loss     forces_loss      energy_mae     energy_rmse      forces_mae     forces_rmse
     95          0          0.0179        0.000721          0.0172          0.0326           0.033           0.012          0.0161
     95         10          0.0171        0.000225          0.0169          0.0168          0.0184          0.0122           0.016
     95         20          0.0186        0.000167          0.0184          0.0139          0.0159          0.0124          0.0167
     95         30           0.017         0.00161          0.0154          0.0438          0.0493          0.0112          0.0153
     95         40           0.018        0.000187          0.0178          0.0152          0.0168          0.0122          0.0164
     95         50          0.0228        0.000522          0.0222          0.0271          0.0281           0.013          0.0183
     95         60          0.0212        0.000884          0.0204          0.0356          0.0365          0.0128          0.0175
     95         70          0.0207         0.00186          0.0189          0.0524           0.053          0.0128          0.0169
     95         80          0.0203        0.000201          0.0201          0.0164          0.0174          0.0128          0.0174
     95         90           0.031        0.000624          0.0304          0.0288          0.0307          0.0148          0.0214
     95        100          0.0202        0.000686          0.0195          0.0314          0.0322          0.0125          0.0172
     95        110          0.0143        3.44e-05          0.0143         0.00467          0.0072          0.0112          0.0147


2025-11-20 17:00:04: Validating
# epoch      batch      total_loss     energy_loss     forces_loss      energy_mae     energy_rmse      forces_mae     forces_rmse
     95          0         0.00972        1.88e-05          0.0097         0.00491         0.00532         0.00903          0.0121
     95         10            0.01         3.9e-06            0.01         0.00191         0.00242         0.00933          0.0123
     95         20          0.0108         9.9e-06          0.0108         0.00327         0.00386         0.00907          0.0127


2025-11-20 17:00:05: Epoch summary:
Validation  # epoch      total_loss     energy_loss     forces_loss      energy_mae     energy_rmse      forces_mae     forces_rmse
                 95          0.0158        7.63e-05          0.0157          0.0043         0.00677          0.0106          0.0148
Train       # epoch      total_loss     energy_loss     forces_loss      energy_mae     energy_rmse      forces_mae     forces_rmse
                 95          0.0193        0.000649          0.0187          0.0262          0.0279          0.0124          0.0167


2025-11-20 17:00:05: Training
# epoch      batch      total_loss     energy_loss     forces_loss      energy_mae     energy_rmse      forces_mae     forces_rmse
     96          0          0.0156        0.000165          0.0155         0.00813          0.0158          0.0116          0.0153
     96         10          0.0201        7.26e-05            0.02         0.00836          0.0105          0.0133          0.0174
     96         20          0.0278        0.000225          0.0276          0.0147          0.0184          0.0151          0.0204
     96         30           0.026         0.00171          0.0243          0.0505          0.0508           0.014          0.0192
     96         40          0.0149        7.41e-05          0.0149         0.00746          0.0106          0.0113           0.015
     96         50          0.0149        0.000175          0.0148          0.0146          0.0163          0.0116          0.0149
     96         60          0.0225        0.000738          0.0217          0.0331          0.0334          0.0134          0.0181
     96         70          0.0286        0.000215          0.0283          0.0164           0.018          0.0147          0.0207
     96         80          0.0388         0.00434          0.0344          0.0799          0.0809           0.017          0.0228
     96         90          0.0268         0.00108          0.0257          0.0392          0.0404          0.0149          0.0197
     96        100          0.0317         0.00021          0.0315          0.0154          0.0178          0.0158          0.0218
     96        110          0.0325        0.000131          0.0324          0.0111          0.0141          0.0165          0.0221


2025-11-20 17:00:17: Validating
# epoch      batch      total_loss     energy_loss     forces_loss      energy_mae     energy_rmse      forces_mae     forces_rmse
     96          0         0.00956        2.15e-05         0.00954         0.00525         0.00569         0.00901           0.012
     96         10         0.00975        3.67e-06         0.00974         0.00187         0.00235         0.00922          0.0121
     96         20          0.0107        1.09e-05          0.0107         0.00343         0.00406         0.00905          0.0127


2025-11-20 17:00:18: Epoch summary:
Validation  # epoch      total_loss     energy_loss     forces_loss      energy_mae     energy_rmse      forces_mae     forces_rmse
                 96          0.0156         7.5e-05          0.0155         0.00435          0.0068          0.0106          0.0148
Train       # epoch      total_loss     energy_loss     forces_loss      energy_mae     energy_rmse      forces_mae     forces_rmse
                 96          0.0274         0.00167          0.0257          0.0389          0.0409          0.0141          0.0193


2025-11-20 17:00:18: Training
# epoch      batch      total_loss     energy_loss     forces_loss      energy_mae     energy_rmse      forces_mae     forces_rmse
     97          0          0.0336         0.00916          0.0245           0.117           0.118          0.0142          0.0192
     97         10          0.0222         0.00235          0.0198          0.0591          0.0596           0.013          0.0173
     97         20          0.0167        0.000421          0.0163          0.0249          0.0252          0.0116          0.0157
     97         30          0.0222        0.000298          0.0219          0.0207          0.0212          0.0134          0.0182
     97         40          0.0114        0.000355          0.0111          0.0221          0.0231         0.00984          0.0129
     97         50          0.0195         0.00192          0.0176          0.0535          0.0538          0.0121          0.0163
     97         60          0.0201        0.000692          0.0194          0.0311          0.0323          0.0129          0.0171
     97         70          0.0179        0.000124          0.0177          0.0114          0.0137          0.0125          0.0164
     97         80          0.0257         0.00362          0.0221          0.0735          0.0739          0.0134          0.0182
     97         90          0.0202         0.00217           0.018          0.0565          0.0572          0.0126          0.0165
     97        100          0.0306        8.92e-05          0.0306         0.00971          0.0116          0.0153          0.0215
     97        110          0.0279         0.00395          0.0239          0.0739          0.0772          0.0142           0.019


2025-11-20 17:00:30: Validating
# epoch      batch      total_loss     energy_loss     forces_loss      energy_mae     energy_rmse      forces_mae     forces_rmse
     97          0         0.00943        2.11e-05         0.00941         0.00522         0.00564         0.00891          0.0119
     97         10         0.00945        3.19e-06         0.00945         0.00185         0.00219         0.00911          0.0119
     97         20          0.0106        1.33e-05          0.0106         0.00384         0.00449           0.009          0.0127


2025-11-20 17:00:31: Epoch summary:
Validation  # epoch      total_loss     energy_loss     forces_loss      energy_mae     energy_rmse      forces_mae     forces_rmse
                 97          0.0155        7.49e-05          0.0154         0.00446          0.0069          0.0105          0.0147
Train       # epoch      total_loss     energy_loss     forces_loss      energy_mae     energy_rmse      forces_mae     forces_rmse
                 97           0.022         0.00151          0.0205          0.0395          0.0411           0.013          0.0175


2025-11-20 17:00:31: Training
# epoch      batch      total_loss     energy_loss     forces_loss      energy_mae     energy_rmse      forces_mae     forces_rmse
     98          0          0.0231         0.00331          0.0197          0.0703          0.0707          0.0132          0.0173
     98         10           0.021         0.00139          0.0196          0.0453          0.0458           0.013          0.0172
     98         20           0.019        0.000322          0.0187          0.0196           0.022          0.0128          0.0168
     98         30          0.0158        0.000885          0.0149          0.0361          0.0365          0.0116           0.015
     98         40          0.0179         0.00118          0.0167          0.0412          0.0421          0.0121          0.0159
     98         50          0.0167        0.000437          0.0162           0.025          0.0257          0.0118          0.0157
     98         60           0.017        0.000294          0.0167          0.0199          0.0211           0.012          0.0159
     98         70          0.0252         0.00159          0.0236           0.048          0.0489          0.0137          0.0189
     98         80          0.0181        0.000359          0.0178          0.0225          0.0233          0.0122          0.0164
     98         90          0.0143        0.000357           0.014          0.0225          0.0232           0.011          0.0145
     98        100          0.0141        3.39e-05          0.0141         0.00622         0.00715          0.0109          0.0146
     98        110          0.0157        1.28e-05          0.0156         0.00392          0.0044          0.0117          0.0154


2025-11-20 17:00:43: Validating
# epoch      batch      total_loss     energy_loss     forces_loss      energy_mae     energy_rmse      forces_mae     forces_rmse
     98          0         0.00936        1.93e-05         0.00934         0.00484         0.00539         0.00887          0.0119
     98         10         0.00933        2.95e-06         0.00933         0.00162         0.00211         0.00904          0.0119
     98         20          0.0107        1.18e-05          0.0107         0.00363         0.00421           0.009          0.0127


2025-11-20 17:00:44: Epoch summary:
Validation  # epoch      total_loss     energy_loss     forces_loss      energy_mae     energy_rmse      forces_mae     forces_rmse
                 98          0.0154        7.22e-05          0.0153         0.00424         0.00665          0.0105          0.0147
Train       # epoch      total_loss     energy_loss     forces_loss      energy_mae     energy_rmse      forces_mae     forces_rmse
                 98           0.018        0.000676          0.0173          0.0246          0.0265           0.012          0.0161


2025-11-20 17:00:44: Training
# epoch      batch      total_loss     energy_loss     forces_loss      energy_mae     energy_rmse      forces_mae     forces_rmse
     99          0          0.0136        0.000164          0.0135          0.0151          0.0157          0.0109          0.0143
     99         10          0.0125        0.000373          0.0121           0.023          0.0237          0.0103          0.0135
     99         20          0.0141         1.6e-05          0.0141         0.00388         0.00492          0.0112          0.0146
     99         30          0.0283         0.00152          0.0268           0.046          0.0479          0.0139          0.0201
     99         40          0.0184         0.00114          0.0172          0.0409          0.0414          0.0123          0.0161
     99         50          0.0217        0.000444          0.0213          0.0245          0.0259          0.0137          0.0179
     99         60          0.0153        0.000108          0.0152          0.0119          0.0128          0.0114          0.0151
     99         70          0.0174        0.000209          0.0172          0.0159          0.0178          0.0123          0.0161
     99         80          0.0227         0.00109          0.0216          0.0398          0.0405          0.0132          0.0181
     99         90          0.0441        0.000134           0.044           0.011          0.0142           0.018          0.0257
     99        100          0.0527         0.00749          0.0452           0.105           0.106          0.0187          0.0261
     99        110          0.0506          0.0106            0.04           0.123           0.126          0.0182          0.0246


2025-11-20 17:00:56: Validating
# epoch      batch      total_loss     energy_loss     forces_loss      energy_mae     energy_rmse      forces_mae     forces_rmse
     99          0         0.00924        1.91e-05         0.00922         0.00493         0.00537         0.00883          0.0118
     99         10         0.00913        1.58e-06         0.00913         0.00126         0.00154         0.00897          0.0117
     99         20          0.0106        1.34e-05          0.0105         0.00404         0.00449          0.0089          0.0126


2025-11-20 17:00:58: Epoch summary:
Validation  # epoch      total_loss     energy_loss     forces_loss      energy_mae     energy_rmse      forces_mae     forces_rmse
                 99          0.0153        7.59e-05          0.0152         0.00435         0.00681          0.0104          0.0146
Train       # epoch      total_loss     energy_loss     forces_loss      energy_mae     energy_rmse      forces_mae     forces_rmse
                 99          0.0249         0.00149          0.0234          0.0349          0.0366          0.0135          0.0184


2025-11-20 17:00:58: Training
# epoch      batch      total_loss     energy_loss     forces_loss      energy_mae     energy_rmse      forces_mae     forces_rmse
    100          0          0.0324         0.00455          0.0278          0.0824          0.0828          0.0152          0.0205
    100         10          0.0407        0.000535          0.0402          0.0269          0.0284          0.0175          0.0246
    100         20          0.0232         0.00185          0.0213          0.0522          0.0528           0.014          0.0179
    100         30          0.0263         0.00263          0.0237          0.0624           0.063          0.0145          0.0189
    100         40          0.0156         0.00023          0.0154          0.0174          0.0186          0.0117          0.0152
    100         50          0.0218        3.65e-05          0.0217         0.00547         0.00742          0.0134          0.0181
    100         60          0.0156        2.13e-05          0.0155         0.00478         0.00567           0.012          0.0153
    100         70          0.0252        0.000286          0.0249          0.0191          0.0208          0.0148          0.0194
    100         80          0.0174        4.89e-05          0.0174         0.00646         0.00859          0.0123          0.0162
    100         90          0.0263         0.00017          0.0261          0.0133           0.016          0.0144          0.0198
    100        100          0.0152        0.000429          0.0148          0.0248          0.0254          0.0113          0.0149
    100        110          0.0165        0.000147          0.0164           0.013          0.0149          0.0116          0.0157


2025-11-20 17:01:09: Validating
# epoch      batch      total_loss     energy_loss     forces_loss      energy_mae     energy_rmse      forces_mae     forces_rmse
    100          0         0.00933        1.85e-05         0.00931          0.0047         0.00528         0.00884          0.0118
    100         10          0.0092        1.89e-06         0.00919         0.00134         0.00169         0.00896          0.0118
    100         20          0.0106        1.23e-05          0.0105         0.00376         0.00431         0.00897          0.0126


2025-11-20 17:01:10: Epoch summary:
Validation  # epoch      total_loss     energy_loss     forces_loss      energy_mae     energy_rmse      forces_mae     forces_rmse
                100          0.0153        7.69e-05          0.0153         0.00427         0.00676          0.0104          0.0146
Train       # epoch      total_loss     energy_loss     forces_loss      energy_mae     energy_rmse      forces_mae     forces_rmse
                100          0.0263         0.00199          0.0243          0.0389          0.0408          0.0141          0.0188


2025-11-20 17:01:10: Training
# epoch      batch      total_loss     energy_loss     forces_loss      energy_mae     energy_rmse      forces_mae     forces_rmse
    101          0          0.0192        0.000785          0.0184          0.0338          0.0344          0.0124          0.0167
    101         10          0.0128        0.000239          0.0125          0.0179           0.019          0.0106          0.0137
    101         20          0.0128        0.000965          0.0118          0.0378          0.0381          0.0101          0.0133
    101         30          0.0193        0.000455          0.0189          0.0211          0.0262          0.0125          0.0169
    101         40           0.013        0.000668          0.0123          0.0309          0.0317          0.0104          0.0136
    101         50          0.0152        0.000272          0.0149         0.00924          0.0202          0.0112           0.015
    101         60          0.0133        2.69e-05          0.0133         0.00505         0.00637          0.0107          0.0142
    101         70          0.0145         0.00134          0.0132          0.0417           0.045          0.0106          0.0141
    101         80          0.0235         0.00144          0.0221          0.0461          0.0467          0.0132          0.0182
    101         90          0.0189        0.000264          0.0186          0.0179          0.0199          0.0122          0.0168
    101        100           0.018         0.00219          0.0158          0.0572          0.0575          0.0121          0.0154
    101        110          0.0269          0.0038          0.0231          0.0752          0.0757          0.0139          0.0187


2025-11-20 17:01:21: Validating
# epoch      batch      total_loss     energy_loss     forces_loss      energy_mae     energy_rmse      forces_mae     forces_rmse
    101          0         0.00906        1.64e-05         0.00905         0.00449         0.00497          0.0087          0.0117
    101         10         0.00897        1.87e-06         0.00897         0.00135         0.00168         0.00884          0.0116
    101         20          0.0103        1.02e-05          0.0103         0.00334         0.00391         0.00888          0.0125


2025-11-20 17:01:22: Epoch summary:
Validation  # epoch      total_loss     energy_loss     forces_loss      energy_mae     energy_rmse      forces_mae     forces_rmse
                101          0.0152        7.55e-05          0.0151         0.00415         0.00664          0.0104          0.0145
Train       # epoch      total_loss     energy_loss     forces_loss      energy_mae     energy_rmse      forces_mae     forces_rmse
                101          0.0177        0.000712           0.017          0.0261          0.0281           0.012          0.0159


2025-11-20 17:01:22: Training
# epoch      batch      total_loss     energy_loss     forces_loss      energy_mae     energy_rmse      forces_mae     forces_rmse
    102          0          0.0203         0.00103          0.0193          0.0367          0.0393          0.0131          0.0171
    102         10          0.0184        0.000443           0.018          0.0255          0.0258          0.0124          0.0165
    102         20          0.0236         0.00154           0.022          0.0475          0.0482          0.0137          0.0182
    102         30          0.0144        2.58e-05          0.0144         0.00466         0.00624          0.0113          0.0147
    102         40          0.0149           0.001          0.0139          0.0387          0.0389          0.0109          0.0145
    102         50          0.0319         0.00211          0.0298          0.0509          0.0565          0.0148          0.0212
    102         60          0.0187         0.00122          0.0174          0.0425          0.0429          0.0121          0.0162
    102         70           0.023         0.00126          0.0217          0.0431          0.0437          0.0134          0.0181
    102         80          0.0254        6.32e-05          0.0253         0.00772         0.00976          0.0145          0.0195
    102         90          0.0277         0.00121          0.0265          0.0422          0.0427          0.0145            0.02
    102        100          0.0331         0.00151          0.0316          0.0468          0.0477          0.0153          0.0218
    102        110           0.023         7.8e-05           0.023         0.00773          0.0108          0.0137          0.0186


2025-11-20 17:01:33: Validating
# epoch      batch      total_loss     energy_loss     forces_loss      energy_mae     energy_rmse      forces_mae     forces_rmse
    102          0           0.009        1.61e-05         0.00899         0.00456         0.00493         0.00866          0.0116
    102         10         0.00907        1.62e-06         0.00906         0.00137         0.00156         0.00887          0.0117
    102         20          0.0104         1.2e-05          0.0104         0.00352         0.00425          0.0089          0.0125


2025-11-20 17:01:34: Epoch summary:
Validation  # epoch      total_loss     energy_loss     forces_loss      energy_mae     energy_rmse      forces_mae     forces_rmse
                102          0.0152        7.82e-05          0.0151         0.00426         0.00678          0.0103          0.0145
Train       # epoch      total_loss     energy_loss     forces_loss      energy_mae     energy_rmse      forces_mae     forces_rmse
                102          0.0215        0.000953          0.0205          0.0312          0.0329          0.0131          0.0175


2025-11-20 17:01:34: Training
# epoch      batch      total_loss     energy_loss     forces_loss      energy_mae     energy_rmse      forces_mae     forces_rmse
    103          0          0.0213         0.00371          0.0176          0.0744          0.0748          0.0124          0.0163
    103         10          0.0399          0.0151          0.0248           0.149           0.151          0.0143          0.0194
    103         20          0.0322         0.00988          0.0223           0.122           0.122          0.0139          0.0184
    103         30          0.0197         0.00183          0.0179          0.0521          0.0525          0.0123          0.0164
    103         40          0.0231        1.94e-05           0.023         0.00451         0.00541          0.0136          0.0186
    103         50          0.0278        0.000269          0.0275          0.0154          0.0201          0.0144          0.0204
    103         60          0.0287         0.00753          0.0211           0.106           0.107          0.0133          0.0179
    103         70          0.0333          0.0102          0.0231           0.122           0.124           0.014          0.0186
    103         80          0.0237         0.00148          0.0223          0.0463          0.0472          0.0138          0.0183
    103         90          0.0751         0.00269          0.0724          0.0605          0.0637          0.0221           0.033
    103        100          0.0424          0.0046          0.0378          0.0827          0.0832           0.018          0.0239
    103        110          0.0465          0.0164          0.0301           0.157           0.157          0.0162          0.0213


2025-11-20 17:01:45: Validating
# epoch      batch      total_loss     energy_loss     forces_loss      energy_mae     energy_rmse      forces_mae     forces_rmse
    103          0         0.00925        1.79e-05         0.00923         0.00494          0.0052         0.00883          0.0118
    103         10         0.00946        2.68e-06         0.00945         0.00182         0.00201         0.00903          0.0119
    103         20          0.0109        1.58e-05          0.0109         0.00423         0.00488         0.00897          0.0128


2025-11-20 17:01:46: Epoch summary:
Validation  # epoch      total_loss     energy_loss     forces_loss      energy_mae     energy_rmse      forces_mae     forces_rmse
                103          0.0152        8.52e-05          0.0151          0.0048          0.0073          0.0104          0.0146
Train       # epoch      total_loss     energy_loss     forces_loss      energy_mae     energy_rmse      forces_mae     forces_rmse
                103          0.0352         0.00565          0.0296           0.078          0.0792          0.0152          0.0207


2025-11-20 17:01:46: Training
# epoch      batch      total_loss     energy_loss     forces_loss      energy_mae     energy_rmse      forces_mae     forces_rmse
    104          0          0.0469         0.00244          0.0444          0.0602          0.0606          0.0178          0.0259
    104         10          0.0226        0.000968          0.0216          0.0368          0.0382          0.0138          0.0181
    104         20          0.0243        0.000237          0.0241           0.015          0.0189          0.0141          0.0191
    104         30          0.0268         0.00464          0.0222          0.0833          0.0837          0.0136          0.0183
    104         40          0.0413         0.00301          0.0383          0.0641          0.0674           0.017           0.024
    104         50          0.0194         0.00185          0.0175          0.0524          0.0528          0.0125          0.0163
    104         60          0.0175        0.000791          0.0167          0.0341          0.0345          0.0118          0.0159
    104         70          0.0149        0.000105          0.0148          0.0114          0.0126          0.0113          0.0149
    104         80          0.0151        0.000829          0.0143          0.0256          0.0353          0.0109          0.0147
    104         90          0.0234        0.000311          0.0231            0.02          0.0216          0.0132          0.0187
    104        100          0.0567         0.00435          0.0524          0.0794           0.081          0.0189          0.0281
    104        110          0.0567         0.00195          0.0547          0.0522          0.0543          0.0195          0.0287


2025-11-20 17:01:57: Validating
# epoch      batch      total_loss     energy_loss     forces_loss      energy_mae     energy_rmse      forces_mae     forces_rmse
    104          0         0.00926        1.66e-05         0.00925         0.00482         0.00501         0.00882          0.0118
    104         10         0.00929        1.62e-06         0.00929         0.00117         0.00156         0.00897          0.0118
    104         20           0.011        1.33e-05           0.011         0.00375         0.00448         0.00905          0.0129


2025-11-20 17:01:58: Epoch summary:
Validation  # epoch      total_loss     energy_loss     forces_loss      energy_mae     energy_rmse      forces_mae     forces_rmse
                104          0.0153        8.02e-05          0.0152         0.00456         0.00704          0.0104          0.0146
Train       # epoch      total_loss     energy_loss     forces_loss      energy_mae     energy_rmse      forces_mae     forces_rmse
                104           0.028         0.00139          0.0265          0.0371          0.0392          0.0143          0.0196


2025-11-20 17:01:58: Training
# epoch      batch      total_loss     energy_loss     forces_loss      energy_mae     energy_rmse      forces_mae     forces_rmse
    105          0          0.0297        0.000297          0.0294          0.0196          0.0212          0.0156          0.0211
    105         10          0.0208        0.000303          0.0205          0.0206          0.0214           0.013          0.0176
    105         20          0.0318        0.000112          0.0317            0.01           0.013          0.0161          0.0219
    105         30          0.0281         0.00119          0.0269          0.0415          0.0424          0.0144          0.0201
    105         40          0.0253         0.00549          0.0198          0.0899          0.0909          0.0127          0.0173
    105         50          0.0227         0.00266            0.02          0.0629          0.0634          0.0123          0.0174
    105         60          0.0196         8.1e-05          0.0196         0.00916           0.011          0.0123          0.0172
    105         70          0.0197        0.000757           0.019           0.033          0.0338          0.0126          0.0169
    105         80          0.0168        0.000804           0.016          0.0338          0.0348          0.0118          0.0155
    105         90          0.0151         0.00041          0.0147          0.0244          0.0249          0.0111          0.0149
    105        100           0.018        4.06e-05          0.0179          0.0059         0.00782          0.0119          0.0164
    105        110          0.0244         0.00145          0.0229          0.0455          0.0467          0.0133          0.0186


2025-11-20 17:02:09: Validating
# epoch      batch      total_loss     energy_loss     forces_loss      energy_mae     energy_rmse      forces_mae     forces_rmse
    105          0         0.00919        1.57e-05         0.00917         0.00463         0.00486         0.00875          0.0118
    105         10         0.00956        1.93e-06         0.00956         0.00136         0.00171         0.00903           0.012
    105         20          0.0107        1.32e-05          0.0107         0.00376         0.00445         0.00894          0.0127


2025-11-20 17:02:10: Epoch summary:
Validation  # epoch      total_loss     energy_loss     forces_loss      energy_mae     energy_rmse      forces_mae     forces_rmse
                105          0.0152        7.79e-05          0.0151         0.00447         0.00694          0.0103          0.0146
Train       # epoch      total_loss     energy_loss     forces_loss      energy_mae     energy_rmse      forces_mae     forces_rmse
                105          0.0217         0.00115          0.0206          0.0334          0.0351           0.013          0.0175


2025-11-20 17:02:10: Training
# epoch      batch      total_loss     energy_loss     forces_loss      energy_mae     energy_rmse      forces_mae     forces_rmse
    106          0          0.0316        0.000664          0.0309          0.0304          0.0316          0.0159          0.0216
    106         10           0.022         0.00273          0.0192          0.0639          0.0642          0.0132           0.017
    106         20          0.0215        0.000133          0.0214          0.0119          0.0142          0.0134           0.018
    106         30          0.0199        0.000655          0.0192          0.0304          0.0314           0.013           0.017
    106         40          0.0177        0.000436          0.0173           0.025          0.0256          0.0123          0.0161
    106         50          0.0259         0.00163          0.0243          0.0477          0.0495          0.0146          0.0191
    106         60          0.0537         0.00983          0.0439           0.121           0.122          0.0187          0.0257
    106         70          0.0378         0.00104          0.0367          0.0373          0.0396          0.0178          0.0235
    106         80          0.0246        0.000209          0.0244          0.0138          0.0177           0.014          0.0192
    106         90          0.0363         0.00144          0.0348          0.0444          0.0466          0.0171          0.0229
    106        100          0.0429        0.000982           0.042           0.033          0.0385          0.0181          0.0252
    106        110           0.031        0.000933          0.0301          0.0364          0.0375          0.0159          0.0213


2025-11-20 17:02:21: Validating
# epoch      batch      total_loss     energy_loss     forces_loss      energy_mae     energy_rmse      forces_mae     forces_rmse
    106          0         0.00922        1.61e-05          0.0092         0.00467         0.00492         0.00882          0.0118
    106         10         0.00937        2.98e-06         0.00936         0.00171         0.00212         0.00896          0.0119
    106         20          0.0105        1.55e-05          0.0105         0.00417         0.00484         0.00888          0.0126


2025-11-20 17:02:23: Epoch summary:
Validation  # epoch      total_loss     energy_loss     forces_loss      energy_mae     energy_rmse      forces_mae     forces_rmse
                106          0.0153        8.19e-05          0.0152         0.00463         0.00718          0.0103          0.0146
Train       # epoch      total_loss     energy_loss     forces_loss      energy_mae     energy_rmse      forces_mae     forces_rmse
                106          0.0338         0.00143          0.0323          0.0366          0.0388          0.0157          0.0215


2025-11-20 17:02:23: Training
# epoch      batch      total_loss     energy_loss     forces_loss      energy_mae     energy_rmse      forces_mae     forces_rmse
    107          0          0.0175        0.000684          0.0168          0.0314          0.0321          0.0123          0.0159
    107         10          0.0223         0.00015          0.0221         0.00934           0.015          0.0137          0.0183
    107         20          0.0213        0.000206          0.0211          0.0165          0.0176          0.0134          0.0178
    107         30          0.0207        0.000819          0.0199          0.0347          0.0351          0.0134          0.0173
    107         40          0.0235        0.000481           0.023           0.024          0.0269          0.0139          0.0186
    107         50          0.0186         0.00213          0.0164            0.05          0.0566          0.0118          0.0157
    107         60          0.0184        0.000244          0.0181          0.0168          0.0192           0.012          0.0165
    107         70          0.0201        4.75e-05          0.0201          0.0066         0.00846          0.0132          0.0174
    107         80          0.0174        2.97e-05          0.0174         0.00567         0.00669          0.0125          0.0162
    107         90          0.0228         4.8e-05          0.0228         0.00582         0.00851          0.0134          0.0185
    107        100          0.0144         0.00073          0.0136          0.0328          0.0332           0.011          0.0143
    107        110          0.0248         0.00277           0.022          0.0643          0.0647          0.0135          0.0182


2025-11-20 17:02:34: Validating
# epoch      batch      total_loss     energy_loss     forces_loss      energy_mae     energy_rmse      forces_mae     forces_rmse
    107          0         0.00894         1.6e-05         0.00893         0.00457         0.00492         0.00867          0.0116
    107         10         0.00924        2.22e-06         0.00923          0.0014         0.00183         0.00888          0.0118
    107         20          0.0103        1.26e-05          0.0103         0.00382         0.00436          0.0088          0.0125


2025-11-20 17:02:35: Epoch summary:
Validation  # epoch      total_loss     energy_loss     forces_loss      energy_mae     energy_rmse      forces_mae     forces_rmse
                107          0.0152        8.08e-05          0.0151         0.00438         0.00692          0.0103          0.0145
Train       # epoch      total_loss     energy_loss     forces_loss      energy_mae     energy_rmse      forces_mae     forces_rmse
                107          0.0203        0.000458          0.0198          0.0202          0.0224          0.0128          0.0172


2025-11-20 17:02:35: Training
# epoch      batch      total_loss     energy_loss     forces_loss      energy_mae     energy_rmse      forces_mae     forces_rmse
    108          0          0.0176          0.0017          0.0159          0.0504          0.0507          0.0117          0.0155
    108         10          0.0187          0.0013          0.0174          0.0433          0.0442          0.0118          0.0162
    108         20          0.0201        0.000195          0.0199          0.0141          0.0171          0.0126          0.0173
    108         30          0.0122        0.000163          0.0121          0.0146          0.0157          0.0103          0.0135
    108         40          0.0203        8.56e-05          0.0203         0.00938          0.0114          0.0129          0.0175
    108         50          0.0263        0.000194          0.0261          0.0159          0.0171          0.0147          0.0198
    108         60          0.0574         0.00438           0.053          0.0789          0.0813          0.0205          0.0283
    108         70          0.0484        0.000449           0.048           0.023           0.026          0.0181          0.0269
    108         80          0.0321         0.00705          0.0251           0.102           0.103           0.015          0.0195
    108         90          0.0795        0.000631          0.0788          0.0254          0.0308          0.0236          0.0345
    108        100           0.107         0.00878          0.0982           0.113           0.115          0.0261          0.0385
    108        110          0.0534        0.000563          0.0529          0.0279          0.0291          0.0194          0.0282


2025-11-20 17:02:45: Validating
# epoch      batch      total_loss     energy_loss     forces_loss      energy_mae     energy_rmse      forces_mae     forces_rmse
    108          0           0.009         1.9e-05         0.00898         0.00475         0.00535          0.0087          0.0116
    108         10         0.00926        1.38e-06         0.00925         0.00109         0.00144         0.00888          0.0118
    108         20          0.0103        1.07e-05          0.0103         0.00344         0.00401         0.00881          0.0125


2025-11-20 17:02:47: Epoch summary:
Validation  # epoch      total_loss     energy_loss     forces_loss      energy_mae     energy_rmse      forces_mae     forces_rmse
                108          0.0153        8.05e-05          0.0152         0.00442         0.00694          0.0104          0.0146
Train       # epoch      total_loss     energy_loss     forces_loss      energy_mae     energy_rmse      forces_mae     forces_rmse
                108          0.0406         0.00352           0.037          0.0538          0.0561          0.0163          0.0227


2025-11-20 17:02:47: Training
# epoch      batch      total_loss     energy_loss     forces_loss      energy_mae     energy_rmse      forces_mae     forces_rmse
    109          0          0.0544         0.00325          0.0512          0.0669          0.0701          0.0207          0.0278
    109         10          0.0487        0.000752           0.048          0.0309          0.0337            0.02          0.0269
    109         20          0.0314           0.011          0.0204           0.129           0.129          0.0134          0.0175
    109         30          0.0641          0.0201           0.044           0.174           0.174          0.0186          0.0258
    109         40          0.0365        0.000142          0.0364          0.0135          0.0146          0.0174          0.0234
    109         50          0.0661         0.00149          0.0646          0.0437          0.0474          0.0191          0.0312
    109         60           0.032         0.00363          0.0284          0.0736           0.074          0.0158          0.0207
    109         70          0.0182        0.000286          0.0179          0.0186          0.0208          0.0124          0.0164
    109         80          0.0204         0.00158          0.0188          0.0484          0.0488          0.0125          0.0168
    109         90          0.0221         0.00208            0.02          0.0554          0.0559          0.0127          0.0174
    109        100          0.0189        0.000204          0.0187          0.0151          0.0175          0.0127          0.0168
    109        110          0.0141        1.88e-05          0.0141         0.00446         0.00533          0.0111          0.0146


2025-11-20 17:02:57: Validating
# epoch      batch      total_loss     energy_loss     forces_loss      energy_mae     energy_rmse      forces_mae     forces_rmse
    109          0          0.0092        2.02e-05         0.00918         0.00508         0.00552         0.00881          0.0118
    109         10         0.00915        3.26e-06         0.00914         0.00166         0.00222          0.0089          0.0117
    109         20          0.0101        9.56e-06          0.0101         0.00319          0.0038         0.00874          0.0123


2025-11-20 17:02:58: Epoch summary:
Validation  # epoch      total_loss     energy_loss     forces_loss      energy_mae     energy_rmse      forces_mae     forces_rmse
                109          0.0153        8.19e-05          0.0153         0.00458         0.00705          0.0104          0.0146
Train       # epoch      total_loss     energy_loss     forces_loss      energy_mae     energy_rmse      forces_mae     forces_rmse
                109          0.0332          0.0023          0.0309          0.0459          0.0475          0.0156          0.0211


2025-11-20 17:02:58: Training
# epoch      batch      total_loss     energy_loss     forces_loss      energy_mae     energy_rmse      forces_mae     forces_rmse
    110          0          0.0177        5.11e-05          0.0176         0.00676         0.00878          0.0118          0.0163
    110         10          0.0205        0.000239          0.0202          0.0172           0.019          0.0123          0.0175
    110         20          0.0201        0.000749          0.0193          0.0144          0.0336          0.0126          0.0171
    110         30          0.0158         0.00191          0.0139          0.0534          0.0537          0.0111          0.0145
    110         40          0.0173          0.0001          0.0172           0.011          0.0123          0.0122          0.0161
    110         50           0.017        0.000401          0.0166          0.0234          0.0246          0.0118          0.0158
    110         60          0.0167        0.000217          0.0165          0.0175          0.0181          0.0118          0.0158
    110         70          0.0145        0.000118          0.0144          0.0122          0.0134          0.0111          0.0147
    110         80           0.014           9e-06           0.014         0.00286         0.00368           0.011          0.0145
    110         90           0.012        0.000597          0.0114          0.0152            0.03          0.0101          0.0131
    110        100          0.0194        0.000326           0.019          0.0217          0.0222          0.0128          0.0169
    110        110          0.0132        0.000909          0.0123          0.0368           0.037          0.0101          0.0136


2025-11-20 17:03:09: Validating
# epoch      batch      total_loss     energy_loss     forces_loss      energy_mae     energy_rmse      forces_mae     forces_rmse
    110          0         0.00887        1.74e-05         0.00886         0.00447         0.00512         0.00863          0.0116
    110         10          0.0092        3.63e-06         0.00919         0.00185         0.00234         0.00889          0.0118
    110         20          0.0101        7.95e-06          0.0101           0.003         0.00346         0.00875          0.0123


2025-11-20 17:03:10: Epoch summary:
Validation  # epoch      total_loss     energy_loss     forces_loss      energy_mae     energy_rmse      forces_mae     forces_rmse
                110          0.0151        8.11e-05           0.015         0.00439         0.00683          0.0103          0.0145
Train       # epoch      total_loss     energy_loss     forces_loss      energy_mae     energy_rmse      forces_mae     forces_rmse
                110          0.0169        0.000437          0.0165          0.0188          0.0212          0.0118          0.0157


2025-11-20 17:03:10: Training
# epoch      batch      total_loss     energy_loss     forces_loss      energy_mae     energy_rmse      forces_mae     forces_rmse
    111          0          0.0147        0.000521          0.0142          0.0137           0.028          0.0112          0.0146
    111         10          0.0192        0.000212           0.019          0.0131          0.0179          0.0123          0.0169
    111         20          0.0333        0.000853          0.0324          0.0345          0.0359          0.0158          0.0221
    111         30          0.0255        0.000421           0.025          0.0246          0.0252          0.0143          0.0194
    111         40          0.0314         0.00171          0.0297          0.0489          0.0508           0.015          0.0212
    111         50          0.0432        0.000331          0.0429          0.0177          0.0223           0.017          0.0254
    111         60          0.0206         0.00264           0.018          0.0624          0.0631          0.0123          0.0165
    111         70          0.0302        0.000748          0.0295          0.0328          0.0336          0.0155          0.0211
    111         80          0.0712         0.00108          0.0701          0.0384          0.0404          0.0233          0.0325
    111         90          0.0515         0.00363          0.0478          0.0721           0.074          0.0204          0.0269
    111        100          0.0404         0.00286          0.0375          0.0648          0.0657          0.0176          0.0238
    111        110          0.0301         0.00208           0.028          0.0549           0.056          0.0151          0.0206


2025-11-20 17:03:21: Validating
# epoch      batch      total_loss     energy_loss     forces_loss      energy_mae     energy_rmse      forces_mae     forces_rmse
    111          0         0.00882        1.78e-05          0.0088          0.0048         0.00518         0.00856          0.0115
    111         10         0.00925        2.25e-06         0.00925          0.0016         0.00184         0.00894          0.0118
    111         20          0.0102        1.13e-05          0.0102         0.00357         0.00412         0.00877          0.0124


2025-11-20 17:03:22: Epoch summary:
Validation  # epoch      total_loss     energy_loss     forces_loss      energy_mae     energy_rmse      forces_mae     forces_rmse
                111          0.0151        8.33e-05           0.015         0.00465         0.00708          0.0103          0.0145
Train       # epoch      total_loss     energy_loss     forces_loss      energy_mae     energy_rmse      forces_mae     forces_rmse
                111          0.0325         0.00306          0.0294          0.0551           0.057          0.0151          0.0206


2025-11-20 17:03:22: Training
# epoch      batch      total_loss     energy_loss     forces_loss      energy_mae     energy_rmse      forces_mae     forces_rmse
    112          0          0.0224         0.00105          0.0213          0.0395          0.0399          0.0138          0.0179
    112         10          0.0302        0.000423          0.0298          0.0224          0.0252          0.0156          0.0212
    112         20          0.0289         0.00647          0.0224          0.0985          0.0987          0.0136          0.0184
    112         30            0.02        0.000558          0.0194          0.0274           0.029          0.0124          0.0171
    112         40          0.0242        0.000169           0.024          0.0149           0.016          0.0139           0.019
    112         50          0.0173        0.000756          0.0166          0.0335          0.0338          0.0121          0.0158
    112         60          0.0181        0.000234          0.0179          0.0175          0.0188          0.0126          0.0164
    112         70          0.0215         0.00108          0.0204          0.0397          0.0403          0.0128          0.0176
    112         80          0.0178        0.000165          0.0177          0.0131          0.0158           0.012          0.0163
    112         90          0.0332        0.000244           0.033          0.0165          0.0192          0.0157          0.0223
    112        100          0.0173        0.000748          0.0166           0.033          0.0336          0.0117          0.0158
    112        110          0.0207          0.0032          0.0175          0.0678          0.0695          0.0112          0.0163


2025-11-20 17:03:33: Validating
# epoch      batch      total_loss     energy_loss     forces_loss      energy_mae     energy_rmse      forces_mae     forces_rmse
    112          0          0.0088        1.82e-05         0.00878         0.00468         0.00524         0.00856          0.0115
    112         10         0.00943        3.15e-06         0.00943         0.00185         0.00218           0.009          0.0119
    112         20          0.0101        1.14e-05          0.0101         0.00357         0.00415         0.00876          0.0123


2025-11-20 17:03:34: Epoch summary:
Validation  # epoch      total_loss     energy_loss     forces_loss      energy_mae     energy_rmse      forces_mae     forces_rmse
                112           0.015        8.21e-05          0.0149         0.00459         0.00708          0.0103          0.0145
Train       # epoch      total_loss     energy_loss     forces_loss      energy_mae     energy_rmse      forces_mae     forces_rmse
                112          0.0218         0.00113          0.0206          0.0341          0.0359          0.0131          0.0176


2025-11-20 17:03:34: Training
# epoch      batch      total_loss     energy_loss     forces_loss      energy_mae     energy_rmse      forces_mae     forces_rmse
    113          0           0.037         0.00275          0.0343           0.063          0.0644          0.0167          0.0227
    113         10          0.0207        0.000597          0.0201          0.0284            0.03          0.0132          0.0174
    113         20          0.0209         8.5e-05          0.0208         0.00974          0.0113          0.0131          0.0177
    113         30          0.0149        0.000743          0.0142          0.0329          0.0335          0.0113          0.0146
    113         40          0.0157        2.16e-05          0.0156         0.00501         0.00571          0.0118          0.0154
    113         50          0.0181         0.00169          0.0164          0.0501          0.0505          0.0118          0.0157
    113         60          0.0131        0.000502          0.0126          0.0272          0.0275          0.0103          0.0138
    113         70          0.0192        0.000449          0.0188          0.0163           0.026          0.0122          0.0168
    113         80          0.0151        5.76e-05          0.0151         0.00714         0.00932          0.0116          0.0151
    113         90          0.0126        0.000427          0.0122           0.025          0.0254          0.0102          0.0136
    113        100          0.0136         0.00057          0.0131          0.0288          0.0293          0.0106           0.014
    113        110          0.0142        6.39e-05          0.0141         0.00801         0.00982          0.0109          0.0146


2025-11-20 17:03:44: Validating
# epoch      batch      total_loss     energy_loss     forces_loss      energy_mae     energy_rmse      forces_mae     forces_rmse
    113          0          0.0088        1.69e-05         0.00878         0.00451         0.00505         0.00855          0.0115
    113         10         0.00907        2.84e-06         0.00906         0.00169         0.00207         0.00884          0.0117
    113         20          0.0101        1.08e-05          0.0101         0.00346         0.00404         0.00872          0.0123


2025-11-20 17:03:46: Epoch summary:
Validation  # epoch      total_loss     energy_loss     forces_loss      energy_mae     energy_rmse      forces_mae     forces_rmse
                113          0.0149        8.19e-05          0.0148         0.00446         0.00693          0.0102          0.0144
Train       # epoch      total_loss     energy_loss     forces_loss      energy_mae     energy_rmse      forces_mae     forces_rmse
                113           0.018        0.000695          0.0173          0.0256          0.0274           0.012           0.016


2025-11-20 17:03:46: Training
# epoch      batch      total_loss     energy_loss     forces_loss      energy_mae     energy_rmse      forces_mae     forces_rmse
    114          0          0.0132        4.69e-05          0.0132         0.00713         0.00841          0.0108          0.0141
    114         10          0.0131           2e-05          0.0131         0.00448          0.0055          0.0105           0.014
    114         20          0.0191        0.000988          0.0181           0.038          0.0386           0.012          0.0165
    114         30          0.0162        0.000487          0.0157          0.0227          0.0271          0.0112          0.0154
    114         40          0.0151         0.00123          0.0139          0.0426          0.0431          0.0109          0.0145
    114         50          0.0267        0.000342          0.0263           0.012          0.0227          0.0148          0.0199
    114         60           0.027        0.000111          0.0269         0.00896           0.013          0.0153          0.0201
    114         70          0.0214        0.000388           0.021          0.0225          0.0242          0.0135          0.0178
    114         80          0.0283         0.00324          0.0251          0.0692          0.0699          0.0148          0.0195
    114         90          0.0271         0.00254          0.0245          0.0616          0.0619          0.0143          0.0192
    114        100          0.0244        0.000358           0.024          0.0221          0.0232          0.0133           0.019
    114        110          0.0237        0.000509          0.0232           0.027          0.0277           0.014          0.0187


2025-11-20 17:03:57: Validating
# epoch      batch      total_loss     energy_loss     forces_loss      energy_mae     energy_rmse      forces_mae     forces_rmse
    114          0         0.00884        1.78e-05         0.00882         0.00451         0.00518         0.00856          0.0115
    114         10         0.00923        3.03e-06         0.00923         0.00171         0.00214         0.00886          0.0118
    114         20          0.0103        1.08e-05          0.0103          0.0034         0.00403         0.00876          0.0125


2025-11-20 17:03:59: Epoch summary:
Validation  # epoch      total_loss     energy_loss     forces_loss      energy_mae     energy_rmse      forces_mae     forces_rmse
                114          0.0149        8.22e-05          0.0148         0.00438         0.00686          0.0102          0.0144
Train       # epoch      total_loss     energy_loss     forces_loss      energy_mae     energy_rmse      forces_mae     forces_rmse
                114          0.0197        0.000826          0.0189          0.0281          0.0299          0.0125          0.0168


2025-11-20 17:03:59: Training
# epoch      batch      total_loss     energy_loss     forces_loss      energy_mae     energy_rmse      forces_mae     forces_rmse
    115          0          0.0149        0.000296          0.0146          0.0205          0.0211          0.0114          0.0148
    115         10          0.0217        0.000119          0.0216          0.0118          0.0134          0.0132          0.0181
    115         20           0.022         0.00193            0.02          0.0514           0.054          0.0125          0.0174
    115         30          0.0203        0.000812          0.0195          0.0342           0.035          0.0126          0.0171
    115         40          0.0165        8.25e-05          0.0164          0.0094          0.0112          0.0118          0.0157
    115         50          0.0161         0.00073          0.0154          0.0326          0.0332          0.0115          0.0152
    115         60          0.0187         0.00021          0.0185          0.0172          0.0178          0.0126          0.0167
    115         70           0.017        3.39e-05           0.017         0.00543         0.00715          0.0117           0.016
    115         80          0.0154         0.00025          0.0152          0.0185          0.0194          0.0117          0.0151
    115         90          0.0131        0.000119          0.0129          0.0126          0.0134          0.0107           0.014
    115        100          0.0143        9.69e-05          0.0142           0.011          0.0121           0.011          0.0146
    115        110          0.0415        0.000455           0.041          0.0242          0.0262          0.0172          0.0249


2025-11-20 17:04:10: Validating
# epoch      batch      total_loss     energy_loss     forces_loss      energy_mae     energy_rmse      forces_mae     forces_rmse
    115          0          0.0088        1.79e-05         0.00879         0.00441         0.00519         0.00854          0.0115
    115         10          0.0091        2.86e-06         0.00909         0.00173         0.00207         0.00882          0.0117
    115         20          0.0101        9.38e-06          0.0101         0.00322         0.00376         0.00863          0.0123


2025-11-20 17:04:11: Epoch summary:
Validation  # epoch      total_loss     energy_loss     forces_loss      energy_mae     energy_rmse      forces_mae     forces_rmse
                115          0.0148        8.07e-05          0.0147         0.00431         0.00676          0.0101          0.0143
Train       # epoch      total_loss     energy_loss     forces_loss      energy_mae     energy_rmse      forces_mae     forces_rmse
                115          0.0188         0.00048          0.0182           0.021          0.0231          0.0122          0.0164


2025-11-20 17:04:11: Training
# epoch      batch      total_loss     energy_loss     forces_loss      energy_mae     energy_rmse      forces_mae     forces_rmse
    116          0          0.0274        0.000797          0.0266          0.0324          0.0347          0.0146            0.02
    116         10          0.0347          0.0115          0.0232           0.131           0.132          0.0134          0.0187
    116         20          0.0248         0.00188           0.023          0.0528          0.0532          0.0142          0.0186
    116         30           0.024        0.000322          0.0237          0.0211           0.022          0.0133          0.0189
    116         40          0.0235        5.49e-05          0.0235         0.00803          0.0091          0.0141          0.0188
    116         50          0.0156         0.00156           0.014           0.048          0.0484           0.011          0.0145
    116         60          0.0161        3.78e-05          0.0161         0.00665         0.00755          0.0117          0.0156
    116         70          0.0202        0.000428          0.0198          0.0242          0.0254          0.0129          0.0173
    116         80          0.0224         0.00137          0.0211          0.0446          0.0454          0.0132          0.0178
    116         90          0.0151        0.000668          0.0145          0.0311          0.0317          0.0113          0.0148
    116        100          0.0186        5.47e-05          0.0186         0.00792         0.00908          0.0128          0.0167
    116        110          0.0159        0.000916           0.015          0.0369          0.0372          0.0115           0.015


2025-11-20 17:04:22: Validating
# epoch      batch      total_loss     energy_loss     forces_loss      energy_mae     energy_rmse      forces_mae     forces_rmse
    116          0         0.00875        1.66e-05         0.00873          0.0042           0.005         0.00855          0.0115
    116         10         0.00881           2e-06         0.00881         0.00153         0.00173         0.00871          0.0115
    116         20          0.0101        8.98e-06          0.0101         0.00311         0.00368         0.00866          0.0124


2025-11-20 17:04:24: Epoch summary:
Validation  # epoch      total_loss     energy_loss     forces_loss      energy_mae     energy_rmse      forces_mae     forces_rmse
                116          0.0147        7.74e-05          0.0147         0.00422         0.00666          0.0101          0.0143
Train       # epoch      total_loss     energy_loss     forces_loss      energy_mae     energy_rmse      forces_mae     forces_rmse
                116          0.0216         0.00128          0.0203          0.0335          0.0351          0.0129          0.0174


2025-11-20 17:04:24: Training
# epoch      batch      total_loss     energy_loss     forces_loss      energy_mae     energy_rmse      forces_mae     forces_rmse
    117          0           0.015        0.000551          0.0144           0.028          0.0288          0.0113          0.0147
    117         10          0.0202        0.000279          0.0199          0.0196          0.0205          0.0129          0.0173
    117         20          0.0205        4.96e-05          0.0205         0.00716         0.00865           0.013          0.0176
    117         30          0.0145        0.000451          0.0141          0.0252          0.0261          0.0106          0.0146
    117         40          0.0243        9.09e-05          0.0242         0.00791          0.0117          0.0147          0.0191
    117         50          0.0312         0.00119            0.03          0.0413          0.0423          0.0159          0.0213
    117         60          0.0198        9.02e-05          0.0197          0.0102          0.0117          0.0129          0.0172
    117         70          0.0152        0.000876          0.0143          0.0361          0.0364          0.0112          0.0147
    117         80          0.0292         0.00543          0.0238          0.0895          0.0905          0.0137          0.0189
    117         90          0.0209        0.000259          0.0206          0.0189          0.0198          0.0136          0.0176
    117        100          0.0253         0.00143          0.0238          0.0452          0.0464          0.0141           0.019
    117        110          0.0459          0.0157          0.0302           0.153           0.154           0.015          0.0213


2025-11-20 17:04:35: Validating
# epoch      batch      total_loss     energy_loss     forces_loss      energy_mae     energy_rmse      forces_mae     forces_rmse
    117          0         0.00856        1.71e-05         0.00854         0.00453         0.00508         0.00846          0.0113
    117         10         0.00885        1.91e-06         0.00885         0.00148         0.00169         0.00873          0.0116
    117         20          0.0101        9.89e-06          0.0101         0.00325         0.00386         0.00866          0.0123


2025-11-20 17:04:37: Epoch summary:
Validation  # epoch      total_loss     energy_loss     forces_loss      energy_mae     energy_rmse      forces_mae     forces_rmse
                117          0.0147        8.27e-05          0.0146         0.00438         0.00689          0.0101          0.0143
Train       # epoch      total_loss     energy_loss     forces_loss      energy_mae     energy_rmse      forces_mae     forces_rmse
                117          0.0248         0.00177           0.023          0.0388          0.0405          0.0135          0.0183


2025-11-20 17:04:37: Training
# epoch      batch      total_loss     energy_loss     forces_loss      energy_mae     energy_rmse      forces_mae     forces_rmse
    118          0          0.0327        0.000187          0.0325          0.0143          0.0168          0.0158          0.0221
    118         10          0.0797        0.000555          0.0792          0.0263          0.0289          0.0221          0.0345
    118         20          0.0243         0.00539          0.0189            0.09          0.0902          0.0126          0.0169
    118         30          0.0336         0.00771          0.0259           0.107           0.108          0.0141          0.0198
    118         40          0.0178        0.000377          0.0174           0.023          0.0238          0.0122          0.0162
    118         50          0.0255        6.59e-05          0.0255         0.00767         0.00997          0.0146          0.0196
    118         60          0.0332         0.00408          0.0291          0.0777          0.0784          0.0149           0.021
    118         70          0.0199        0.000164          0.0198          0.0144          0.0157          0.0127          0.0173
    118         80          0.0274        0.000288          0.0271          0.0192          0.0208          0.0148          0.0202
    118         90          0.0202         0.00331          0.0169          0.0705          0.0707           0.012           0.016
    118        100          0.0336          0.0015          0.0321          0.0461          0.0476          0.0157           0.022
    118        110          0.0247        0.000285          0.0244          0.0196          0.0207          0.0142          0.0192


2025-11-20 17:04:48: Validating
# epoch      batch      total_loss     energy_loss     forces_loss      energy_mae     energy_rmse      forces_mae     forces_rmse
    118          0          0.0085        1.56e-05         0.00848          0.0043         0.00485         0.00845          0.0113
    118         10         0.00879        1.15e-06         0.00878         0.00108         0.00132         0.00871          0.0115
    118         20         0.00994        1.05e-05         0.00993         0.00337         0.00397          0.0087          0.0122


2025-11-20 17:04:49: Epoch summary:
Validation  # epoch      total_loss     energy_loss     forces_loss      energy_mae     energy_rmse      forces_mae     forces_rmse
                118          0.0147        8.44e-05          0.0146         0.00443         0.00694          0.0101          0.0143
Train       # epoch      total_loss     energy_loss     forces_loss      energy_mae     energy_rmse      forces_mae     forces_rmse
                118           0.026         0.00265          0.0233           0.052          0.0535          0.0135          0.0184


2025-11-20 17:04:49: Training
# epoch      batch      total_loss     energy_loss     forces_loss      energy_mae     energy_rmse      forces_mae     forces_rmse
    119          0          0.0242         0.00257          0.0216          0.0617          0.0623          0.0134           0.018
    119         10          0.0246         0.00339          0.0212          0.0711          0.0715          0.0133          0.0179
    119         20          0.0638          0.0158           0.048           0.153           0.154            0.02          0.0269
    119         30          0.0435         0.00809          0.0354           0.109            0.11          0.0158          0.0231
    119         40          0.0582         0.00264          0.0555           0.061          0.0631          0.0206          0.0289
    119         50          0.0475        0.000292          0.0472          0.0173           0.021          0.0187          0.0267
    119         60           0.056         0.00543          0.0505          0.0896          0.0905          0.0196          0.0276
    119         70          0.0414        0.000805          0.0406          0.0323          0.0348          0.0184          0.0247
    119         80          0.0442         0.00367          0.0405          0.0732          0.0744          0.0171          0.0247
    119         90          0.0513         0.00279          0.0485          0.0607          0.0648          0.0183           0.027
    119        100          0.0339        0.000789          0.0331          0.0318          0.0345          0.0162          0.0223
    119        110          0.0323         0.00111          0.0312          0.0394          0.0408          0.0161          0.0217


2025-11-20 17:05:00: Validating
# epoch      batch      total_loss     energy_loss     forces_loss      energy_mae     energy_rmse      forces_mae     forces_rmse
    119          0          0.0085        2.23e-05         0.00847         0.00549          0.0058         0.00846          0.0113
    119         10         0.00878        2.88e-06         0.00877         0.00158         0.00208         0.00866          0.0115
    119         20          0.0101         1.5e-05          0.0101         0.00419         0.00475         0.00877          0.0123


2025-11-20 17:05:01: Epoch summary:
Validation  # epoch      total_loss     energy_loss     forces_loss      energy_mae     energy_rmse      forces_mae     forces_rmse
                119          0.0148        8.87e-05          0.0147         0.00515         0.00765          0.0101          0.0143
Train       # epoch      total_loss     energy_loss     forces_loss      energy_mae     energy_rmse      forces_mae     forces_rmse
                119          0.0457         0.00441          0.0414          0.0679            0.07          0.0174          0.0247


2025-11-20 17:05:01: Training
# epoch      batch      total_loss     energy_loss     forces_loss      energy_mae     energy_rmse      forces_mae     forces_rmse
    120          0          0.0266         0.00704          0.0195          0.0988           0.103           0.013          0.0172
    120         10          0.0244        0.000335           0.024          0.0216          0.0225          0.0143           0.019
    120         20          0.0253        0.000609          0.0247          0.0293          0.0303          0.0141          0.0193
    120         30          0.0188         0.00101          0.0178          0.0385          0.0391          0.0122          0.0164
    120         40          0.0176        0.000592           0.017          0.0288          0.0299          0.0122           0.016
    120         50           0.016        0.000201          0.0158          0.0109          0.0174          0.0117          0.0154
    120         60          0.0302        0.000352          0.0299          0.0184           0.023          0.0153          0.0212
    120         70          0.0226         0.00094          0.0217          0.0368          0.0376          0.0131          0.0181
    120         80          0.0159        6.44e-05          0.0158         0.00881         0.00985          0.0118          0.0155
    120         90          0.0135        0.000471          0.0131          0.0261          0.0266          0.0107           0.014
    120        100          0.0204        0.000713          0.0197          0.0324          0.0328           0.013          0.0172
    120        110          0.0184        0.000388           0.018          0.0235          0.0242          0.0124          0.0165


2025-11-20 17:05:12: Validating
# epoch      batch      total_loss     energy_loss     forces_loss      energy_mae     energy_rmse      forces_mae     forces_rmse
    120          0         0.00839        1.72e-05         0.00838         0.00473         0.00509          0.0084          0.0112
    120         10         0.00875        2.58e-06         0.00874         0.00152         0.00197          0.0086          0.0115
    120         20         0.00963        1.31e-05         0.00962         0.00388         0.00444         0.00864           0.012


2025-11-20 17:05:13: Epoch summary:
Validation  # epoch      total_loss     energy_loss     forces_loss      energy_mae     energy_rmse      forces_mae     forces_rmse
                120          0.0147        8.36e-05          0.0147         0.00468         0.00714          0.0101          0.0143
Train       # epoch      total_loss     energy_loss     forces_loss      energy_mae     energy_rmse      forces_mae     forces_rmse
                120          0.0202        0.000848          0.0194          0.0283          0.0303          0.0126           0.017


2025-11-20 17:05:13: Training
# epoch      batch      total_loss     energy_loss     forces_loss      energy_mae     energy_rmse      forces_mae     forces_rmse
    121          0          0.0167        2.26e-05          0.0167         0.00441         0.00583          0.0117          0.0158
    121         10          0.0154         0.00136           0.014          0.0451          0.0453          0.0114          0.0145
    121         20          0.0285          0.0004          0.0281          0.0223          0.0245          0.0144          0.0206
    121         30          0.0455          0.0014          0.0441          0.0449           0.046          0.0182          0.0258
    121         40          0.0374         0.00992          0.0275           0.122           0.122          0.0154          0.0204
    121         50          0.0544          0.0312          0.0232           0.216           0.217          0.0138          0.0187
    121         60          0.0368          0.0121          0.0247           0.135           0.135          0.0147          0.0193
    121         70          0.0284         0.00404          0.0244          0.0776           0.078          0.0141          0.0192
    121         80          0.0188           4e-05          0.0187          0.0058         0.00777          0.0125          0.0168
    121         90          0.0262         0.00104          0.0252          0.0379          0.0397          0.0142          0.0195
    121        100          0.0177        0.000226          0.0174          0.0171          0.0184          0.0122          0.0162
    121        110          0.0218        0.000249          0.0216          0.0176          0.0194          0.0128           0.018


2025-11-20 17:05:24: Validating
# epoch      batch      total_loss     energy_loss     forces_loss      energy_mae     energy_rmse      forces_mae     forces_rmse
    121          0         0.00847        1.78e-05         0.00846         0.00476         0.00518         0.00845          0.0113
    121         10         0.00884         2.7e-06         0.00884         0.00154         0.00202         0.00857          0.0115
    121         20         0.00957        1.33e-05         0.00956         0.00387         0.00448         0.00861           0.012


2025-11-20 17:05:26: Epoch summary:
Validation  # epoch      total_loss     energy_loss     forces_loss      energy_mae     energy_rmse      forces_mae     forces_rmse
                121          0.0147         8.3e-05          0.0146         0.00456         0.00705          0.0101          0.0143
Train       # epoch      total_loss     energy_loss     forces_loss      energy_mae     energy_rmse      forces_mae     forces_rmse
                121          0.0329         0.00442          0.0285          0.0603          0.0624          0.0148          0.0204


2025-11-20 17:05:26: Training
# epoch      batch      total_loss     energy_loss     forces_loss      energy_mae     energy_rmse      forces_mae     forces_rmse
    122          0          0.0248         0.00119          0.0236          0.0411          0.0423          0.0139          0.0189
    122         10          0.0201        0.000548          0.0196          0.0279          0.0288          0.0125          0.0172
    122         20          0.0246         0.00114          0.0234          0.0399          0.0414           0.013          0.0188
    122         30          0.0177         0.00252          0.0152          0.0613          0.0616          0.0114          0.0151
    122         40          0.0154        0.000385           0.015          0.0233          0.0241          0.0114           0.015
    122         50           0.019        7.94e-05          0.0189         0.00745          0.0109          0.0128          0.0169
    122         60          0.0161         0.00168          0.0145          0.0496          0.0504          0.0109          0.0148
    122         70          0.0151         0.00049          0.0146          0.0247          0.0272           0.011          0.0149
    122         80          0.0154        3.71e-05          0.0153         0.00606         0.00748          0.0115          0.0152
    122         90           0.026        6.82e-05           0.026         0.00787          0.0101          0.0143          0.0198
    122        100          0.0177         0.00226          0.0155           0.058          0.0583          0.0116          0.0153
    122        110          0.0162        3.69e-05          0.0161         0.00637         0.00746          0.0114          0.0156


2025-11-20 17:05:36: Validating
# epoch      batch      total_loss     energy_loss     forces_loss      energy_mae     energy_rmse      forces_mae     forces_rmse
    122          0         0.00857        1.48e-05         0.00855          0.0041         0.00472         0.00851          0.0114
    122         10         0.00856        3.46e-06         0.00855          0.0019         0.00228          0.0085          0.0114
    122         20         0.00969        1.05e-05         0.00968         0.00343         0.00398         0.00863          0.0121


2025-11-20 17:05:38: Epoch summary:
Validation  # epoch      total_loss     energy_loss     forces_loss      energy_mae     energy_rmse      forces_mae     forces_rmse
                122          0.0146        7.87e-05          0.0145         0.00419         0.00661          0.0101          0.0142
Train       # epoch      total_loss     energy_loss     forces_loss      energy_mae     energy_rmse      forces_mae     forces_rmse
                122            0.02        0.000781          0.0192          0.0276          0.0296          0.0124          0.0168


2025-11-20 17:05:38: Training
# epoch      batch      total_loss     energy_loss     forces_loss      energy_mae     energy_rmse      forces_mae     forces_rmse
    123          0           0.014        0.000353          0.0137          0.0222          0.0231          0.0108          0.0144
    123         10           0.015        0.000209          0.0147          0.0165          0.0177          0.0112          0.0149
    123         20          0.0138        0.000196          0.0136          0.0158          0.0172           0.011          0.0143
    123         30          0.0148        2.79e-05          0.0148         0.00529         0.00648          0.0114          0.0149
    123         40          0.0162        2.63e-05          0.0162         0.00515          0.0063          0.0118          0.0156
    123         50          0.0181        4.15e-05           0.018         0.00654         0.00791          0.0122          0.0165
    123         60          0.0202        9.02e-05          0.0201          0.0097          0.0117          0.0124          0.0174
    123         70          0.0155        4.82e-05          0.0154         0.00619         0.00852          0.0113          0.0152
    123         80          0.0143        0.000177          0.0141          0.0116          0.0163          0.0111          0.0146
    123         90          0.0177         0.00023          0.0175          0.0169          0.0186           0.012          0.0162
    123        100          0.0228        0.000197          0.0226           0.016          0.0172           0.014          0.0185
    123        110          0.0189        0.000157          0.0187          0.0142          0.0154          0.0128          0.0168


2025-11-20 17:05:48: Validating
# epoch      batch      total_loss     energy_loss     forces_loss      energy_mae     energy_rmse      forces_mae     forces_rmse
    123          0         0.00828        1.32e-05         0.00827         0.00395         0.00446         0.00837          0.0112
    123         10         0.00837        3.07e-06         0.00836          0.0018         0.00215         0.00846          0.0112
    123         20         0.00981        9.46e-06          0.0098         0.00323         0.00378         0.00863          0.0122


2025-11-20 17:05:49: Epoch summary:
Validation  # epoch      total_loss     energy_loss     forces_loss      energy_mae     energy_rmse      forces_mae     forces_rmse
                123          0.0145        7.65e-05          0.0144          0.0041         0.00649            0.01          0.0142
Train       # epoch      total_loss     energy_loss     forces_loss      energy_mae     energy_rmse      forces_mae     forces_rmse
                123          0.0169        0.000291          0.0166          0.0155           0.018          0.0118          0.0157


2025-11-20 17:05:50: Training
# epoch      batch      total_loss     energy_loss     forces_loss      energy_mae     energy_rmse      forces_mae     forces_rmse
    124          0          0.0151        0.000168           0.015          0.0138          0.0159          0.0113           0.015
    124         10          0.0165        0.000287          0.0162          0.0196          0.0208          0.0116          0.0156
    124         20          0.0134        0.000422           0.013          0.0244          0.0252          0.0105           0.014
    124         30          0.0128        0.000195          0.0126          0.0159          0.0171          0.0105          0.0138
    124         40          0.0184        4.83e-05          0.0183         0.00685         0.00854          0.0123          0.0166
    124         50          0.0167        0.000592          0.0161          0.0176          0.0299          0.0118          0.0156
    124         60          0.0155          0.0012          0.0143           0.042          0.0426          0.0111          0.0147
    124         70          0.0186        0.000911          0.0177          0.0299          0.0371          0.0123          0.0163
    124         80          0.0194         0.00122          0.0182          0.0421          0.0429          0.0123          0.0166
    124         90           0.016        0.000665          0.0153          0.0306          0.0317          0.0117          0.0152
    124        100          0.0208        0.000923          0.0199          0.0365          0.0373          0.0133          0.0173
    124        110          0.0218        0.000878          0.0209          0.0327          0.0364          0.0132          0.0178


2025-11-20 17:06:00: Validating
# epoch      batch      total_loss     energy_loss     forces_loss      energy_mae     energy_rmse      forces_mae     forces_rmse
    124          0         0.00813        1.47e-05         0.00812         0.00392         0.00472         0.00826          0.0111
    124         10         0.00817        2.65e-06         0.00817         0.00173           0.002         0.00839          0.0111
    124         20         0.00986        6.74e-06         0.00985         0.00283         0.00319         0.00861          0.0122


2025-11-20 17:06:02: Epoch summary:
Validation  # epoch      total_loss     energy_loss     forces_loss      energy_mae     energy_rmse      forces_mae     forces_rmse
                124          0.0145        7.51e-05          0.0144         0.00398         0.00639         0.00997          0.0141
Train       # epoch      total_loss     energy_loss     forces_loss      energy_mae     energy_rmse      forces_mae     forces_rmse
                124          0.0166        0.000406          0.0161          0.0191          0.0212          0.0116          0.0155


2025-11-20 17:06:02: Training
# epoch      batch      total_loss     energy_loss     forces_loss      energy_mae     energy_rmse      forces_mae     forces_rmse
    125          0          0.0328        0.000236          0.0326          0.0163          0.0189          0.0159          0.0222
    125         10          0.0562        0.000327          0.0559          0.0195          0.0222          0.0197           0.029
    125         20          0.0491         0.00239          0.0467           0.056          0.0601          0.0184          0.0265
    125         30          0.0529        0.000181          0.0527          0.0145          0.0165           0.021          0.0282
    125         40          0.0296         0.00399          0.0256          0.0773          0.0776          0.0149          0.0197
    125         50          0.0267         0.00107          0.0256          0.0392          0.0402          0.0144          0.0196
    125         60          0.0288         0.00143          0.0274          0.0438          0.0465           0.015          0.0203
    125         70           0.022         0.00322          0.0188          0.0694          0.0697          0.0125          0.0168
    125         80          0.0239        0.000486          0.0235          0.0257          0.0271          0.0144          0.0188
    125         90          0.0337         0.00244          0.0313          0.0576          0.0607          0.0152          0.0217
    125        100          0.0335        0.000856          0.0326          0.0345          0.0359          0.0163          0.0222
    125        110          0.0285        0.000339          0.0281          0.0212          0.0226          0.0156          0.0206


2025-11-20 17:06:13: Validating
# epoch      batch      total_loss     energy_loss     forces_loss      energy_mae     energy_rmse      forces_mae     forces_rmse
    125          0         0.00856        1.92e-05         0.00854         0.00461         0.00538         0.00849          0.0113
    125         10         0.00856        2.39e-06         0.00856         0.00149          0.0019         0.00854          0.0114
    125         20          0.0101        1.11e-05          0.0101         0.00348         0.00408         0.00865          0.0123


2025-11-20 17:06:14: Epoch summary:
Validation  # epoch      total_loss     energy_loss     forces_loss      energy_mae     energy_rmse      forces_mae     forces_rmse
                125          0.0147         8.4e-05          0.0146         0.00445         0.00697            0.01          0.0142
Train       # epoch      total_loss     energy_loss     forces_loss      energy_mae     energy_rmse      forces_mae     forces_rmse
                125          0.0402         0.00188          0.0384          0.0449          0.0469          0.0167          0.0232


2025-11-20 17:06:14: Training
# epoch      batch      total_loss     energy_loss     forces_loss      energy_mae     energy_rmse      forces_mae     forces_rmse
    126          0           0.048        0.000508          0.0475          0.0256          0.0277          0.0192          0.0268
    126         10          0.0338         0.00161          0.0322          0.0428          0.0492          0.0167           0.022
    126         20          0.0365        5.23e-05          0.0365         0.00767         0.00888          0.0168          0.0234
    126         30          0.0291         0.00309           0.026          0.0676          0.0683          0.0151          0.0198
    126         40          0.0336         0.00222          0.0314          0.0563          0.0579          0.0162          0.0218
    126         50          0.0179        0.000137          0.0178         0.00862          0.0144          0.0124          0.0164
    126         60          0.0225         0.00107          0.0215          0.0394          0.0402          0.0137           0.018
    126         70          0.0271        0.000347          0.0267          0.0211          0.0229           0.015          0.0201
    126         80          0.0224         0.00194          0.0205          0.0535           0.054          0.0129          0.0176
    126         90          0.0134         0.00109          0.0123          0.0403          0.0406          0.0105          0.0136
    126        100           0.012        0.000277          0.0117            0.02          0.0204          0.0101          0.0133
    126        110          0.0158        0.000132          0.0157          0.0128          0.0141          0.0113          0.0154


2025-11-20 17:06:25: Validating
# epoch      batch      total_loss     energy_loss     forces_loss      energy_mae     energy_rmse      forces_mae     forces_rmse
    126          0         0.00841        1.66e-05          0.0084         0.00456           0.005         0.00842          0.0113
    126         10         0.00849        1.72e-06         0.00849         0.00115         0.00161         0.00857          0.0113
    126         20            0.01        1.18e-05            0.01         0.00368         0.00422         0.00856          0.0123


2025-11-20 17:06:27: Epoch summary:
Validation  # epoch      total_loss     energy_loss     forces_loss      energy_mae     energy_rmse      forces_mae     forces_rmse
                126          0.0147        8.26e-05          0.0146         0.00452           0.007            0.01          0.0143
Train       # epoch      total_loss     energy_loss     forces_loss      energy_mae     energy_rmse      forces_mae     forces_rmse
                126          0.0268         0.00124          0.0255           0.035          0.0369           0.014          0.0191


2025-11-20 17:06:27: Training
# epoch      batch      total_loss     energy_loss     forces_loss      energy_mae     energy_rmse      forces_mae     forces_rmse
    127          0          0.0205        0.000517            0.02          0.0218          0.0279          0.0129          0.0174
    127         10          0.0133        0.000529          0.0128          0.0276          0.0282          0.0106          0.0139
    127         20          0.0106        0.000138          0.0105          0.0137          0.0144         0.00948          0.0126
    127         30          0.0163        0.000238          0.0161          0.0183          0.0189          0.0115          0.0156
    127         40          0.0151        0.000597          0.0145           0.029            0.03          0.0111          0.0148
    127         50          0.0189        0.000922          0.0179          0.0363          0.0373          0.0121          0.0164
    127         60          0.0159        0.000159          0.0158          0.0148          0.0155          0.0117          0.0154
    127         70          0.0172        0.000498          0.0167          0.0256          0.0274          0.0118          0.0159
    127         80          0.0245         0.00173          0.0227          0.0496           0.051          0.0133          0.0185
    127         90          0.0162          0.0018          0.0144          0.0517          0.0521          0.0111          0.0147
    127        100          0.0136        0.000218          0.0134          0.0171          0.0181          0.0109          0.0142
    127        110          0.0191        0.000422          0.0187          0.0245          0.0252          0.0126          0.0168


2025-11-20 17:06:38: Validating
# epoch      batch      total_loss     energy_loss     forces_loss      energy_mae     energy_rmse      forces_mae     forces_rmse
    127          0         0.00819        1.43e-05         0.00817         0.00416         0.00464         0.00833          0.0111
    127         10         0.00856        1.88e-06         0.00856          0.0013         0.00168         0.00857          0.0114
    127         20         0.00968         9.1e-06         0.00967         0.00317          0.0037         0.00844          0.0121


2025-11-20 17:06:39: Epoch summary:
Validation  # epoch      total_loss     energy_loss     forces_loss      energy_mae     energy_rmse      forces_mae     forces_rmse
                127          0.0145        7.73e-05          0.0144         0.00417         0.00659         0.00999          0.0142
Train       # epoch      total_loss     energy_loss     forces_loss      energy_mae     energy_rmse      forces_mae     forces_rmse
                127          0.0166         0.00066          0.0159          0.0254          0.0273          0.0116          0.0154


2025-11-20 17:06:39: Training
# epoch      batch      total_loss     energy_loss     forces_loss      energy_mae     energy_rmse      forces_mae     forces_rmse
    128          0          0.0121        0.000129           0.012          0.0123           0.014         0.00992          0.0134
    128         10          0.0142        0.000266          0.0139          0.0194            0.02           0.011          0.0145
    128         20          0.0168         0.00105          0.0157          0.0395          0.0398          0.0114          0.0154
    128         30          0.0161         0.00139          0.0147          0.0453          0.0458          0.0113          0.0149
    128         40           0.015        0.000515          0.0145          0.0271          0.0279           0.011          0.0148
    128         50          0.0125        0.000396          0.0121          0.0237          0.0244          0.0103          0.0135
    128         60          0.0156        0.000546           0.015           0.028          0.0287          0.0112          0.0151
    128         70          0.0201        0.000402          0.0197          0.0183          0.0246          0.0127          0.0173
    128         80          0.0233        0.000229          0.0231          0.0173          0.0186          0.0139          0.0187
    128         90          0.0177        3.68e-05          0.0177         0.00549         0.00745          0.0124          0.0163
    128        100          0.0162        9.78e-05          0.0161          0.0112          0.0121          0.0116          0.0156
    128        110          0.0234        9.96e-05          0.0233         0.00982          0.0123          0.0138          0.0187


2025-11-20 17:06:50: Validating
# epoch      batch      total_loss     energy_loss     forces_loss      energy_mae     energy_rmse      forces_mae     forces_rmse
    128          0         0.00827        1.59e-05         0.00826         0.00407          0.0049         0.00833          0.0112
    128         10          0.0085        1.87e-06          0.0085         0.00137         0.00168         0.00852          0.0113
    128         20         0.00977        8.59e-06         0.00976         0.00314          0.0036         0.00845          0.0121


2025-11-20 17:06:51: Epoch summary:
Validation  # epoch      total_loss     energy_loss     forces_loss      energy_mae     energy_rmse      forces_mae     forces_rmse
                128          0.0145        7.78e-05          0.0144         0.00409         0.00653         0.00996          0.0141
Train       # epoch      total_loss     energy_loss     forces_loss      energy_mae     energy_rmse      forces_mae     forces_rmse
                128          0.0157        0.000469          0.0152          0.0217          0.0237          0.0112          0.0151


2025-11-20 17:06:51: Training
# epoch      batch      total_loss     energy_loss     forces_loss      energy_mae     energy_rmse      forces_mae     forces_rmse
    129          0          0.0221        0.000369          0.0217          0.0222          0.0236          0.0129          0.0181
    129         10          0.0217         0.00249          0.0192          0.0605          0.0612          0.0125           0.017
    129         20          0.0216         0.00171          0.0199          0.0498          0.0508          0.0129          0.0173
    129         30          0.0245         0.00282          0.0216          0.0645          0.0652           0.014          0.0181
    129         40          0.0182         0.00106          0.0172          0.0395          0.0399          0.0121          0.0161
    129         50          0.0183         0.00133           0.017          0.0416          0.0448           0.012           0.016
    129         60          0.0167         0.00131          0.0154          0.0438          0.0444          0.0117          0.0152
    129         70          0.0241        0.000189          0.0239          0.0101          0.0169          0.0141           0.019
    129         80          0.0207        0.000237          0.0204          0.0178          0.0189          0.0129          0.0175
    129         90           0.018        0.000253          0.0178          0.0088          0.0195          0.0122          0.0164
    129        100          0.0203        0.000992          0.0193          0.0381          0.0387          0.0126          0.0171
    129        110          0.0204         0.00113          0.0193          0.0388          0.0412          0.0129           0.017


2025-11-20 17:07:01: Validating
# epoch      batch      total_loss     energy_loss     forces_loss      energy_mae     energy_rmse      forces_mae     forces_rmse
    129          0         0.00801        1.58e-05           0.008         0.00409         0.00489         0.00821           0.011
    129         10         0.00858        1.88e-06         0.00857         0.00136         0.00168         0.00856          0.0114
    129         20         0.00986        9.97e-06         0.00985         0.00339         0.00388         0.00847          0.0122


2025-11-20 17:07:02: Epoch summary:
Validation  # epoch      total_loss     energy_loss     forces_loss      energy_mae     energy_rmse      forces_mae     forces_rmse
                129          0.0144        7.87e-05          0.0143         0.00416         0.00659         0.00993          0.0141
Train       # epoch      total_loss     energy_loss     forces_loss      energy_mae     energy_rmse      forces_mae     forces_rmse
                129          0.0186        0.000973          0.0176           0.031          0.0327          0.0121          0.0162


2025-11-20 17:07:02: Training
# epoch      batch      total_loss     energy_loss     forces_loss      energy_mae     energy_rmse      forces_mae     forces_rmse
    130          0          0.0128        9.49e-05          0.0127          0.0112           0.012          0.0105          0.0138
    130         10          0.0125        0.000371          0.0121           0.023          0.0236          0.0104          0.0135
    130         20          0.0162         0.00129          0.0149          0.0435          0.0441          0.0112           0.015
    130         30           0.013        0.000186          0.0129          0.0106          0.0167          0.0106          0.0139
    130         40          0.0155        6.36e-05          0.0155         0.00681         0.00979          0.0114          0.0153
    130         50          0.0177        4.16e-05          0.0177         0.00647         0.00792          0.0125          0.0163
    130         60          0.0167        0.000564          0.0161          0.0284          0.0292          0.0118          0.0156
    130         70          0.0205         0.00139          0.0191          0.0454          0.0458          0.0126           0.017
    130         80           0.013        0.000292          0.0128            0.02           0.021          0.0104          0.0139
    130         90          0.0146        0.000848          0.0138          0.0353          0.0358           0.011          0.0144
    130        100          0.0287         0.00465           0.024          0.0834          0.0837          0.0138           0.019
    130        110           0.024         0.00155          0.0224          0.0465          0.0483          0.0133          0.0184


2025-11-20 17:07:13: Validating
# epoch      batch      total_loss     energy_loss     forces_loss      energy_mae     energy_rmse      forces_mae     forces_rmse
    130          0         0.00777        1.36e-05         0.00776         0.00376         0.00452          0.0081          0.0108
    130         10         0.00851        2.49e-06         0.00851         0.00149         0.00194         0.00853          0.0113
    130         20         0.00962        9.37e-06         0.00961         0.00336         0.00376         0.00839           0.012


2025-11-20 17:07:14: Epoch summary:
Validation  # epoch      total_loss     energy_loss     forces_loss      energy_mae     energy_rmse      forces_mae     forces_rmse
                130          0.0144        7.83e-05          0.0143         0.00413         0.00657         0.00991          0.0141
Train       # epoch      total_loss     energy_loss     forces_loss      energy_mae     energy_rmse      forces_mae     forces_rmse
                130          0.0174        0.000883          0.0166          0.0292           0.031          0.0117          0.0157


2025-11-20 17:07:14: Training
# epoch      batch      total_loss     energy_loss     forces_loss      energy_mae     energy_rmse      forces_mae     forces_rmse
    131          0          0.0352         0.00195          0.0332          0.0528          0.0542          0.0149          0.0224
    131         10          0.0203         0.00133           0.019           0.044          0.0447          0.0123          0.0169
    131         20          0.0134         0.00123          0.0121          0.0428          0.0431          0.0105          0.0135
    131         30          0.0178        0.000342          0.0174          0.0213          0.0227          0.0122          0.0162
    131         40          0.0182        0.000225           0.018          0.0172          0.0184          0.0123          0.0165
    131         50          0.0207        0.000508          0.0201          0.0262          0.0277          0.0129          0.0174
    131         60          0.0145        7.78e-05          0.0145         0.00935          0.0108          0.0109          0.0148
    131         70          0.0188         9.9e-05          0.0187         0.00984          0.0122          0.0123          0.0168
    131         80          0.0133        5.46e-05          0.0132         0.00727         0.00907          0.0107          0.0141
    131         90          0.0165        0.000129          0.0164          0.0116          0.0139          0.0118          0.0157
    131        100           0.019         0.00087          0.0182           0.035          0.0362          0.0121          0.0166
    131        110          0.0199         0.00117          0.0188          0.0416          0.0421          0.0123          0.0168


2025-11-20 17:07:26: Validating
# epoch      batch      total_loss     energy_loss     forces_loss      energy_mae     energy_rmse      forces_mae     forces_rmse
    131          0          0.0076        1.41e-05         0.00758         0.00396         0.00461         0.00802          0.0107
    131         10         0.00831        2.11e-06         0.00831         0.00145         0.00178         0.00841          0.0112
    131         20         0.00946        9.18e-06         0.00945         0.00323         0.00372         0.00832          0.0119


2025-11-20 17:07:27: Epoch summary:
Validation  # epoch      total_loss     energy_loss     forces_loss      energy_mae     energy_rmse      forces_mae     forces_rmse
                131          0.0144        8.06e-05          0.0143          0.0042         0.00669         0.00988          0.0141
Train       # epoch      total_loss     energy_loss     forces_loss      energy_mae     energy_rmse      forces_mae     forces_rmse
                131          0.0186        0.000503          0.0181          0.0216          0.0237          0.0122          0.0165


2025-11-20 17:07:27: Training
# epoch      batch      total_loss     energy_loss     forces_loss      energy_mae     energy_rmse      forces_mae     forces_rmse
    132          0          0.0172         0.00013          0.0171          0.0129           0.014          0.0123           0.016
    132         10          0.0177        0.000745           0.017          0.0311          0.0335          0.0124           0.016
    132         20          0.0297         0.00043          0.0293           0.023          0.0255          0.0144           0.021
    132         30          0.0174         0.00285          0.0145          0.0642          0.0655          0.0111          0.0148
    132         40           0.022         0.00203            0.02           0.055          0.0553          0.0124          0.0174
    132         50          0.0371         0.00538          0.0317          0.0895          0.0901          0.0158          0.0219
    132         60          0.0215         0.00558           0.016          0.0909          0.0917          0.0121          0.0155
    132         70          0.0201        0.000658          0.0194          0.0302          0.0315          0.0133          0.0171
    132         80          0.0328          0.0016          0.0312           0.047          0.0491          0.0161          0.0217
    132         90          0.0194        0.000358          0.0191          0.0156          0.0232          0.0128           0.017
    132        100          0.0236        0.000367          0.0232          0.0221          0.0235           0.014          0.0187
    132        110          0.0147        0.000168          0.0145          0.0147          0.0159          0.0115          0.0148


2025-11-20 17:07:38: Validating
# epoch      batch      total_loss     energy_loss     forces_loss      energy_mae     energy_rmse      forces_mae     forces_rmse
    132          0         0.00769        1.23e-05         0.00768          0.0039         0.00431         0.00801          0.0108
    132         10         0.00838        1.44e-06         0.00838         0.00129         0.00147         0.00843          0.0112
    132         20          0.0096        1.11e-05         0.00959         0.00357         0.00408         0.00838           0.012


2025-11-20 17:07:39: Epoch summary:
Validation  # epoch      total_loss     energy_loss     forces_loss      energy_mae     energy_rmse      forces_mae     forces_rmse
                132          0.0144        8.62e-05          0.0143         0.00431         0.00685         0.00989          0.0141
Train       # epoch      total_loss     energy_loss     forces_loss      energy_mae     energy_rmse      forces_mae     forces_rmse
                132          0.0227         0.00157          0.0212          0.0371           0.039          0.0131          0.0177


2025-11-20 17:07:39: Training
# epoch      batch      total_loss     energy_loss     forces_loss      energy_mae     energy_rmse      forces_mae     forces_rmse
    133          0          0.0142        0.000604          0.0136          0.0157          0.0302           0.011          0.0143
    133         10          0.0229        0.000372          0.0225          0.0205          0.0237          0.0134          0.0184
    133         20          0.0168          0.0019          0.0149          0.0529          0.0535          0.0113           0.015
    133         30           0.017         0.00444          0.0125          0.0817          0.0819          0.0102          0.0137
    133         40          0.0174         0.00231          0.0151          0.0587           0.059          0.0113          0.0151
    133         50          0.0155        0.000824          0.0147          0.0341          0.0353           0.011          0.0149
    133         60          0.0161        2.46e-05          0.0161         0.00476         0.00609          0.0117          0.0156
    133         70          0.0196        0.000198          0.0194          0.0124          0.0173          0.0125          0.0171
    133         80          0.0314        0.000185          0.0313          0.0148          0.0167          0.0155          0.0217
    133         90          0.0299         0.00252          0.0274          0.0612          0.0616          0.0151          0.0203
    133        100          0.0152        0.000362          0.0149          0.0223          0.0233          0.0112           0.015
    133        110          0.0166        0.000507          0.0161          0.0269          0.0277          0.0115          0.0156


2025-11-20 17:07:50: Validating
# epoch      batch      total_loss     energy_loss     forces_loss      energy_mae     energy_rmse      forces_mae     forces_rmse
    133          0         0.00797        9.83e-06         0.00796          0.0035         0.00385         0.00816           0.011
    133         10         0.00823        2.13e-06         0.00823         0.00159         0.00179          0.0084          0.0111
    133         20         0.00952        1.16e-05         0.00951          0.0036         0.00418         0.00836           0.012


2025-11-20 17:07:51: Epoch summary:
Validation  # epoch      total_loss     energy_loss     forces_loss      energy_mae     energy_rmse      forces_mae     forces_rmse
                133          0.0144        8.46e-05          0.0143         0.00419          0.0067         0.00989          0.0141
Train       # epoch      total_loss     energy_loss     forces_loss      energy_mae     energy_rmse      forces_mae     forces_rmse
                133          0.0209         0.00134          0.0195          0.0367          0.0385          0.0126           0.017


2025-11-20 17:07:51: Training
# epoch      batch      total_loss     energy_loss     forces_loss      energy_mae     energy_rmse      forces_mae     forces_rmse
    134          0          0.0219        0.000517          0.0214          0.0266          0.0279          0.0123           0.018
    134         10          0.0158        0.000244          0.0156          0.0176          0.0192          0.0118          0.0153
    134         20          0.0768        0.000672          0.0762          0.0239          0.0318          0.0217          0.0339
    134         30            0.11           0.012          0.0984           0.133           0.135          0.0257          0.0385
    134         40          0.0666          0.0174          0.0492           0.161           0.162          0.0207          0.0272
    134         50          0.0507        9.31e-05          0.0506         0.00934          0.0118          0.0202          0.0276
    134         60           0.042         0.00297          0.0391          0.0658          0.0669          0.0182          0.0243
    134         70          0.0265        0.000149          0.0264          0.0105           0.015           0.015          0.0199
    134         80          0.0487         0.00312          0.0456          0.0672          0.0685          0.0184          0.0262
    134         90          0.0308          0.0155          0.0153           0.153           0.153          0.0112          0.0152
    134        100          0.0243        6.45e-05          0.0242         0.00738         0.00986          0.0144          0.0191
    134        110          0.0332         0.00293          0.0303          0.0653          0.0665          0.0156          0.0214


2025-11-20 17:08:02: Validating
# epoch      batch      total_loss     energy_loss     forces_loss      energy_mae     energy_rmse      forces_mae     forces_rmse
    134          0         0.00813        1.61e-05         0.00811          0.0046         0.00492         0.00829          0.0111
    134         10         0.00843        4.73e-06         0.00842         0.00216         0.00267         0.00855          0.0113
    134         20         0.00965        2.01e-05         0.00963          0.0049          0.0055         0.00842           0.012


2025-11-20 17:08:03: Epoch summary:
Validation  # epoch      total_loss     energy_loss     forces_loss      energy_mae     energy_rmse      forces_mae     forces_rmse
                134          0.0145          0.0001          0.0144          0.0052         0.00784         0.00999          0.0142
Train       # epoch      total_loss     energy_loss     forces_loss      energy_mae     energy_rmse      forces_mae     forces_rmse
                134           0.045         0.00406          0.0409          0.0612          0.0631          0.0174           0.024


2025-11-20 17:08:03: Training
# epoch      batch      total_loss     energy_loss     forces_loss      energy_mae     energy_rmse      forces_mae     forces_rmse
    135          0          0.0355          0.0107          0.0248           0.127           0.127           0.014          0.0193
    135         10          0.0257         0.00571            0.02          0.0926          0.0928          0.0134          0.0173
    135         20          0.0211         0.00235          0.0188          0.0592          0.0596           0.013          0.0168
    135         30          0.0259        0.000816           0.025           0.034          0.0351          0.0144          0.0194
    135         40            0.02         0.00188          0.0181          0.0528          0.0532          0.0127          0.0165
    135         50          0.0153        8.27e-05          0.0152         0.00987          0.0112          0.0118          0.0151
    135         60          0.0153         0.00127           0.014          0.0431          0.0438          0.0111          0.0145
    135         70          0.0191         0.00106           0.018          0.0396          0.0399          0.0125          0.0165
    135         80          0.0159        0.000718          0.0151          0.0326          0.0329          0.0113          0.0151
    135         90          0.0189          0.0014          0.0175          0.0455          0.0459          0.0123          0.0163
    135        100          0.0225        0.000431          0.0221          0.0247          0.0255          0.0134          0.0183
    135        110          0.0117        0.000215          0.0115          0.0173           0.018         0.00997          0.0132


2025-11-20 17:08:15: Validating
# epoch      batch      total_loss     energy_loss     forces_loss      energy_mae     energy_rmse      forces_mae     forces_rmse
    135          0         0.00823        1.09e-05         0.00822         0.00378         0.00406         0.00837          0.0111
    135         10          0.0083        3.07e-06         0.00829         0.00163         0.00215         0.00847          0.0112
    135         20         0.00959         1.5e-05         0.00957         0.00411         0.00475          0.0084           0.012


2025-11-20 17:08:16: Epoch summary:
Validation  # epoch      total_loss     energy_loss     forces_loss      energy_mae     energy_rmse      forces_mae     forces_rmse
                135          0.0145        9.05e-05          0.0144         0.00463          0.0072         0.00996          0.0141
Train       # epoch      total_loss     energy_loss     forces_loss      energy_mae     energy_rmse      forces_mae     forces_rmse
                135          0.0215         0.00154            0.02          0.0379          0.0395          0.0128          0.0172


2025-11-20 17:08:16: Training
# epoch      batch      total_loss     energy_loss     forces_loss      energy_mae     energy_rmse      forces_mae     forces_rmse
    136          0          0.0207        0.000404          0.0202           0.019          0.0247           0.013          0.0175
    136         10          0.0179        0.000189          0.0177          0.0157          0.0169          0.0121          0.0163
    136         20          0.0145        3.04e-05          0.0144         0.00475         0.00677          0.0111          0.0148
    136         30           0.014        5.77e-05           0.014         0.00777         0.00933          0.0107          0.0145
    136         40          0.0134        9.24e-05          0.0133          0.0106          0.0118          0.0105          0.0141
    136         50          0.0185         3.8e-05          0.0185         0.00451         0.00757          0.0123          0.0167
    136         60          0.0109        0.000255          0.0106          0.0192          0.0196         0.00955          0.0127
    136         70          0.0144        0.000455           0.014          0.0251          0.0262          0.0108          0.0145
    136         80          0.0389         0.00409          0.0349          0.0776          0.0785           0.016          0.0229
    136         90          0.0329        5.13e-05          0.0328         0.00719          0.0088          0.0166          0.0222
    136        100          0.0563         0.00435           0.052          0.0781           0.081          0.0191           0.028
    136        110          0.0887         0.00421          0.0845          0.0772          0.0797          0.0239          0.0357


2025-11-20 17:08:28: Validating
# epoch      batch      total_loss     energy_loss     forces_loss      energy_mae     energy_rmse      forces_mae     forces_rmse
    136          0         0.00803        1.04e-05         0.00802         0.00362         0.00396          0.0083           0.011
    136         10         0.00807        2.48e-06         0.00807         0.00152         0.00193         0.00833           0.011
    136         20         0.00955        1.28e-05         0.00953         0.00381         0.00439         0.00835           0.012


2025-11-20 17:08:29: Epoch summary:
Validation  # epoch      total_loss     energy_loss     forces_loss      energy_mae     energy_rmse      forces_mae     forces_rmse
                136          0.0144        9.09e-05          0.0143         0.00445          0.0071         0.00992          0.0141
Train       # epoch      total_loss     energy_loss     forces_loss      energy_mae     energy_rmse      forces_mae     forces_rmse
                136           0.025        0.000886          0.0241          0.0266          0.0287          0.0132          0.0182


2025-11-20 17:08:29: Training
# epoch      batch      total_loss     energy_loss     forces_loss      energy_mae     energy_rmse      forces_mae     forces_rmse
    137          0           0.049        0.000244          0.0487          0.0151          0.0192          0.0205          0.0271
    137         10          0.0917         0.00377          0.0879          0.0714          0.0754          0.0262          0.0364
    137         20           0.076         0.00898           0.067           0.116           0.116          0.0242          0.0318
    137         30          0.0433         0.00181          0.0415          0.0509          0.0522          0.0179           0.025
    137         40          0.0253         0.00239          0.0229          0.0595            0.06           0.014          0.0186
    137         50          0.0276         0.00153          0.0261          0.0458          0.0481           0.015          0.0198
    137         60          0.0257        0.000481          0.0252          0.0248          0.0269          0.0145          0.0195
    137         70            0.02        0.000401          0.0196          0.0231          0.0246          0.0132          0.0172
    137         80          0.0207        0.000956          0.0197          0.0374           0.038          0.0127          0.0173
    137         90          0.0137         0.00114          0.0126          0.0295          0.0415          0.0102          0.0138
    137        100          0.0152        0.000235          0.0149          0.0177          0.0188           0.011           0.015
    137        110           0.011        5.08e-05          0.0109         0.00649         0.00875         0.00987          0.0128


2025-11-20 17:08:41: Validating
# epoch      batch      total_loss     energy_loss     forces_loss      energy_mae     energy_rmse      forces_mae     forces_rmse
    137          0         0.00805        1.15e-05         0.00804         0.00384         0.00416          0.0083           0.011
    137         10         0.00814        3.35e-06         0.00814         0.00181         0.00225          0.0084          0.0111
    137         20         0.00964        1.31e-05         0.00963          0.0039         0.00444         0.00837           0.012


2025-11-20 17:08:42: Epoch summary:
Validation  # epoch      total_loss     energy_loss     forces_loss      energy_mae     energy_rmse      forces_mae     forces_rmse
                137          0.0145        9.09e-05          0.0144         0.00462         0.00729         0.00996          0.0141
Train       # epoch      total_loss     energy_loss     forces_loss      energy_mae     energy_rmse      forces_mae     forces_rmse
                137          0.0327         0.00176           0.031          0.0405          0.0424          0.0152          0.0205


2025-11-20 17:08:42: Training
# epoch      batch      total_loss     energy_loss     forces_loss      energy_mae     energy_rmse      forces_mae     forces_rmse
    138          0          0.0163        2.31e-05          0.0163         0.00508          0.0059          0.0119          0.0157
    138         10          0.0145        0.000186          0.0143          0.0158          0.0168          0.0111          0.0147
    138         20          0.0115        0.000245          0.0112          0.0187          0.0192         0.00934           0.013
    138         30          0.0146        2.48e-05          0.0146         0.00469         0.00612          0.0113          0.0148
    138         40          0.0356          0.0007          0.0349          0.0298          0.0325          0.0156           0.023
    138         50          0.0532         0.00775          0.0455           0.107           0.108          0.0173          0.0262
    138         60          0.0298         0.00718          0.0226           0.101           0.104          0.0141          0.0185
    138         70          0.0191        8.68e-05           0.019          0.0101          0.0114          0.0125          0.0169
    138         80          0.0331        0.000368          0.0328          0.0189          0.0236          0.0158          0.0222
    138         90          0.0576          0.0198          0.0379           0.172           0.173          0.0179          0.0239
    138        100          0.0485          0.0154          0.0331           0.152           0.152          0.0171          0.0223
    138        110           0.025         0.00135          0.0236          0.0442          0.0451          0.0138          0.0189


2025-11-20 17:08:54: Validating
# epoch      batch      total_loss     energy_loss     forces_loss      energy_mae     energy_rmse      forces_mae     forces_rmse
    138          0         0.00793        1.29e-05         0.00792         0.00414         0.00441         0.00824          0.0109
    138         10         0.00843         4.3e-06         0.00843         0.00204         0.00255         0.00848          0.0113
    138         20         0.00951        1.26e-05          0.0095         0.00363         0.00435         0.00828           0.012


2025-11-20 17:08:55: Epoch summary:
Validation  # epoch      total_loss     energy_loss     forces_loss      energy_mae     energy_rmse      forces_mae     forces_rmse
                138          0.0145        9.13e-05          0.0144         0.00461         0.00727         0.00993          0.0141
Train       # epoch      total_loss     energy_loss     forces_loss      energy_mae     energy_rmse      forces_mae     forces_rmse
                138          0.0318         0.00327          0.0285          0.0516          0.0535          0.0143          0.0199


2025-11-20 17:08:55: Training
# epoch      batch      total_loss     energy_loss     forces_loss      energy_mae     energy_rmse      forces_mae     forces_rmse
    139          0          0.0221         0.00212            0.02          0.0561          0.0566           0.013          0.0174
    139         10           0.032         0.00763          0.0244           0.107           0.107          0.0139          0.0192
    139         20           0.025         0.00409           0.021          0.0779          0.0786          0.0128          0.0178
    139         30          0.0178         0.00103          0.0168          0.0386          0.0394          0.0119          0.0159
    139         40          0.0159        5.43e-05          0.0159         0.00794         0.00905          0.0116          0.0155
    139         50          0.0181        0.000206          0.0179          0.0167          0.0176          0.0121          0.0164
    139         60          0.0155        3.44e-05          0.0155         0.00556         0.00721          0.0116          0.0153
    139         70          0.0138         0.00115          0.0126          0.0413          0.0416          0.0102          0.0138
    139         80          0.0111         0.00131          0.0098          0.0441          0.0444         0.00932          0.0122
    139         90           0.015        3.26e-05           0.015         0.00569         0.00701           0.011           0.015
    139        100          0.0238        0.000167          0.0236          0.0134          0.0159          0.0136          0.0189
    139        110          0.0174         0.00186          0.0155          0.0509          0.0529          0.0114          0.0153


2025-11-20 17:09:07: Validating
# epoch      batch      total_loss     energy_loss     forces_loss      energy_mae     energy_rmse      forces_mae     forces_rmse
    139          0         0.00771        1.22e-05          0.0077         0.00388         0.00428         0.00814          0.0108
    139         10         0.00844        2.71e-06         0.00844         0.00163         0.00202         0.00849          0.0113
    139         20         0.00958        1.09e-05         0.00957         0.00337         0.00406         0.00833           0.012


2025-11-20 17:09:08: Epoch summary:
Validation  # epoch      total_loss     energy_loss     forces_loss      energy_mae     energy_rmse      forces_mae     forces_rmse
                139          0.0145        9.01e-05          0.0144         0.00444          0.0071         0.00992          0.0141
Train       # epoch      total_loss     energy_loss     forces_loss      energy_mae     energy_rmse      forces_mae     forces_rmse
                139          0.0185         0.00125          0.0172          0.0327          0.0342          0.0119           0.016


2025-11-20 17:09:08: Training
# epoch      batch      total_loss     energy_loss     forces_loss      energy_mae     energy_rmse      forces_mae     forces_rmse
    140          0          0.0153        0.000627          0.0147          0.0304          0.0307          0.0109          0.0149
    140         10          0.0189         0.00269          0.0163          0.0634          0.0637          0.0115          0.0157
    140         20          0.0217        0.000752           0.021          0.0321          0.0337           0.013          0.0178
    140         30           0.022         0.00351          0.0185          0.0725          0.0728          0.0125          0.0167
    140         40          0.0237         0.00237          0.0213          0.0535          0.0598          0.0138          0.0179
    140         50          0.0211        7.27e-05           0.021         0.00921          0.0105          0.0133          0.0178
    140         60          0.0385         0.00114          0.0374          0.0408          0.0414          0.0168          0.0237
    140         70          0.0185        0.000406           0.018          0.0239          0.0247          0.0126          0.0165
    140         80          0.0195         0.00193          0.0176          0.0537           0.054          0.0122          0.0163
    140         90          0.0206        0.000289          0.0203          0.0198          0.0209          0.0131          0.0175
    140        100          0.0145         3.7e-05          0.0145         0.00623         0.00747          0.0112          0.0148
    140        110          0.0139        0.000102          0.0138          0.0112          0.0124           0.011          0.0144


2025-11-20 17:09:20: Validating
# epoch      batch      total_loss     energy_loss     forces_loss      energy_mae     energy_rmse      forces_mae     forces_rmse
    140          0         0.00761        1.51e-05          0.0076          0.0044         0.00478         0.00804          0.0107
    140         10         0.00864        3.22e-06         0.00863         0.00179          0.0022         0.00856          0.0114
    140         20         0.00954        1.32e-05         0.00952         0.00382         0.00445         0.00832           0.012


2025-11-20 17:09:21: Epoch summary:
Validation  # epoch      total_loss     energy_loss     forces_loss      energy_mae     energy_rmse      forces_mae     forces_rmse
                140          0.0144        8.65e-05          0.0144         0.00456         0.00721         0.00989          0.0141
Train       # epoch      total_loss     energy_loss     forces_loss      energy_mae     energy_rmse      forces_mae     forces_rmse
                140          0.0215          0.0012          0.0203          0.0342           0.036          0.0127          0.0173


2025-11-20 17:09:21: Training
# epoch      batch      total_loss     energy_loss     forces_loss      energy_mae     energy_rmse      forces_mae     forces_rmse
    141          0           0.012        8.95e-05          0.0119          0.0101          0.0116            0.01          0.0134
    141         10          0.0121        0.000121           0.012          0.0101          0.0135          0.0102          0.0134
    141         20          0.0163        0.000188          0.0161          0.0148          0.0168          0.0115          0.0156
    141         30          0.0147        0.000218          0.0145          0.0173          0.0181          0.0112          0.0148
    141         40          0.0238        0.000108          0.0237          0.0117          0.0128          0.0131          0.0189
    141         50          0.0193         0.00241          0.0169          0.0599          0.0603          0.0118          0.0159
    141         60           0.018        0.000858          0.0172          0.0355           0.036          0.0122          0.0161
    141         70          0.0164        0.000701          0.0157           0.029          0.0325          0.0116          0.0154
    141         80           0.015        7.82e-05          0.0149         0.00976          0.0109          0.0111           0.015
    141         90          0.0159        0.000103          0.0158          0.0107          0.0124          0.0115          0.0154
    141        100          0.0139        1.35e-05          0.0139         0.00327         0.00451          0.0111          0.0145
    141        110          0.0165        6.61e-05          0.0165         0.00734         0.00998          0.0117          0.0158


2025-11-20 17:09:33: Validating
# epoch      batch      total_loss     energy_loss     forces_loss      energy_mae     energy_rmse      forces_mae     forces_rmse
    141          0         0.00764        1.18e-05         0.00763         0.00368         0.00422         0.00801          0.0107
    141         10         0.00864        2.56e-06         0.00863          0.0016         0.00197         0.00853          0.0114
    141         20         0.00928        1.12e-05         0.00927         0.00347          0.0041         0.00828          0.0118


2025-11-20 17:09:34: Epoch summary:
Validation  # epoch      total_loss     energy_loss     forces_loss      energy_mae     energy_rmse      forces_mae     forces_rmse
                141          0.0144         8.5e-05          0.0143         0.00429         0.00693         0.00985           0.014
Train       # epoch      total_loss     energy_loss     forces_loss      energy_mae     energy_rmse      forces_mae     forces_rmse
                141          0.0164        0.000531          0.0159          0.0226          0.0246          0.0115          0.0154


2025-11-20 17:09:34: Training
# epoch      batch      total_loss     energy_loss     forces_loss      energy_mae     energy_rmse      forces_mae     forces_rmse
    142          0          0.0126        0.000321          0.0123          0.0213           0.022          0.0104          0.0136
    142         10          0.0148        0.000443          0.0144          0.0246          0.0258           0.011          0.0147
    142         20          0.0189         0.00152          0.0174          0.0473          0.0479          0.0121          0.0162
    142         30          0.0151           0.001          0.0141          0.0387          0.0389           0.011          0.0146
    142         40          0.0164        3.72e-05          0.0163         0.00609         0.00749          0.0114          0.0157
    142         50          0.0178        0.000203          0.0176          0.0164          0.0175          0.0121          0.0163
    142         60          0.0697         0.00776          0.0619           0.107           0.108          0.0212          0.0305
    142         70          0.0453         0.00327           0.042          0.0694          0.0702          0.0186          0.0252
    142         80          0.0877          0.0158           0.072           0.154           0.154          0.0224          0.0329
    142         90          0.0823         0.00832           0.074           0.111           0.112          0.0256          0.0334
    142        100          0.0955        0.000236          0.0952          0.0138          0.0189          0.0284          0.0379
    142        110          0.0918         0.00262          0.0892           0.059          0.0629          0.0251          0.0367


2025-11-20 17:09:45: Validating
# epoch      batch      total_loss     energy_loss     forces_loss      energy_mae     energy_rmse      forces_mae     forces_rmse
    142          0         0.00784        3.97e-05          0.0078         0.00677         0.00773         0.00809          0.0108
    142         10          0.0088        2.43e-05         0.00878         0.00588         0.00605         0.00862          0.0115
    142         20         0.00955        5.12e-05          0.0095         0.00805         0.00878         0.00841           0.012


2025-11-20 17:09:47: Epoch summary:
Validation  # epoch      total_loss     energy_loss     forces_loss      energy_mae     energy_rmse      forces_mae     forces_rmse
                142          0.0146        0.000127          0.0145          0.0087           0.011         0.00996          0.0142
Train       # epoch      total_loss     energy_loss     forces_loss      energy_mae     energy_rmse      forces_mae     forces_rmse
                142          0.0604         0.00704          0.0534          0.0698          0.0721          0.0189           0.026


2025-11-20 17:09:47: Training
# epoch      batch      total_loss     energy_loss     forces_loss      energy_mae     energy_rmse      forces_mae     forces_rmse
    143          0          0.0691           0.001          0.0681          0.0368          0.0389          0.0229           0.032
    143         10          0.0283        0.000478          0.0278          0.0257          0.0268          0.0157          0.0205
    143         20          0.0218        5.97e-05          0.0218         0.00832         0.00949          0.0136          0.0181
    143         30          0.0213         0.00014          0.0211          0.0131          0.0145          0.0135          0.0178
    143         40          0.0308        0.000572          0.0303          0.0169          0.0294          0.0149          0.0214
    143         50          0.0217         0.00272           0.019          0.0635           0.064          0.0124          0.0169
    143         60           0.028         0.00013          0.0279          0.0122           0.014          0.0148          0.0205
    143         70          0.0633         0.00454          0.0587          0.0804          0.0828          0.0203          0.0298
    143         80          0.0403         0.00414          0.0361          0.0785           0.079          0.0171          0.0233
    143         90          0.0291         0.00067          0.0284          0.0299          0.0318          0.0144          0.0207
    143        100          0.0314         0.00159          0.0298          0.0398           0.049          0.0154          0.0212
    143        110          0.0308        0.000629          0.0302          0.0267          0.0308          0.0137          0.0213


2025-11-20 17:09:58: Validating
# epoch      batch      total_loss     energy_loss     forces_loss      energy_mae     energy_rmse      forces_mae     forces_rmse
    143          0         0.00812        2.54e-05          0.0081         0.00577         0.00619         0.00823           0.011
    143         10          0.0091        9.16e-06         0.00909         0.00346         0.00372         0.00879          0.0117
    143         20         0.00989        2.83e-05         0.00986         0.00577         0.00653          0.0085          0.0122


2025-11-20 17:09:59: Epoch summary:
Validation  # epoch      total_loss     energy_loss     forces_loss      energy_mae     energy_rmse      forces_mae     forces_rmse
                143          0.0148        0.000104          0.0147         0.00671         0.00914          0.0101          0.0143
Train       # epoch      total_loss     energy_loss     forces_loss      energy_mae     energy_rmse      forces_mae     forces_rmse
                143          0.0314         0.00225          0.0292          0.0448           0.047           0.015          0.0207


2025-11-20 17:09:59: Training
# epoch      batch      total_loss     energy_loss     forces_loss      energy_mae     energy_rmse      forces_mae     forces_rmse
    144          0          0.0227         0.00687          0.0158           0.101           0.102          0.0115          0.0154
    144         10          0.0265         0.00811          0.0184            0.11           0.111          0.0119          0.0167
    144         20          0.0211           0.002          0.0191          0.0545          0.0549          0.0121           0.017
    144         30          0.0126        0.000231          0.0124           0.018          0.0187          0.0103          0.0137
    144         40          0.0118        0.000288          0.0116          0.0205          0.0208          0.0102          0.0132
    144         50          0.0216        3.59e-05          0.0216         0.00556         0.00736          0.0133           0.018
    144         60          0.0164        3.99e-05          0.0163         0.00565         0.00775          0.0116          0.0157
    144         70          0.0218        0.000691          0.0211          0.0303          0.0323          0.0132          0.0178
    144         80          0.0242        4.14e-05          0.0242         0.00537          0.0079          0.0127          0.0191
    144         90          0.0418         0.00837          0.0334           0.112           0.112          0.0165          0.0224
    144        100           0.036         0.00129          0.0347          0.0422          0.0441          0.0164          0.0229
    144        110          0.0315        0.000177          0.0313          0.0151          0.0164          0.0164          0.0217


2025-11-20 17:10:10: Validating
# epoch      batch      total_loss     energy_loss     forces_loss      energy_mae     energy_rmse      forces_mae     forces_rmse
    144          0         0.00799        2.14e-05         0.00796         0.00541         0.00568         0.00823           0.011
    144         10         0.00903        5.94e-06         0.00902         0.00268         0.00299         0.00872          0.0117
    144         20         0.00951        2.09e-05         0.00949         0.00482         0.00561         0.00841           0.012


2025-11-20 17:10:12: Epoch summary:
Validation  # epoch      total_loss     energy_loss     forces_loss      energy_mae     energy_rmse      forces_mae     forces_rmse
                144          0.0146        9.53e-05          0.0145         0.00588         0.00839         0.00999          0.0142
Train       # epoch      total_loss     energy_loss     forces_loss      energy_mae     energy_rmse      forces_mae     forces_rmse
                144           0.026         0.00214          0.0239          0.0382          0.0406          0.0132          0.0183


2025-11-20 17:10:12: Training
# epoch      batch      total_loss     energy_loss     forces_loss      energy_mae     energy_rmse      forces_mae     forces_rmse
    145          0          0.0262         0.00192          0.0243          0.0503          0.0538          0.0139          0.0191
    145         10          0.0217        9.14e-05          0.0216         0.00954          0.0117          0.0138           0.018
    145         20          0.0126        0.000453          0.0121          0.0259          0.0261          0.0101          0.0135
    145         30          0.0201         0.00233          0.0177          0.0589          0.0593          0.0122          0.0164
    145         40            0.02         0.00093          0.0191          0.0299          0.0374          0.0124           0.017
    145         50          0.0148        0.000363          0.0144          0.0229          0.0234          0.0109          0.0147
    145         60          0.0167         0.00255          0.0141          0.0616           0.062          0.0111          0.0146
    145         70           0.018         0.00248          0.0155          0.0587          0.0611          0.0111          0.0153
    145         80          0.0239         0.00121          0.0227          0.0399          0.0427          0.0129          0.0185
    145         90          0.0186        0.000104          0.0185          0.0113          0.0125          0.0128          0.0167
    145        100          0.0175         0.00155           0.016           0.048          0.0483          0.0115          0.0155
    145        110          0.0134         0.00136          0.0121          0.0449          0.0452          0.0104          0.0135


2025-11-20 17:10:23: Validating
# epoch      batch      total_loss     energy_loss     forces_loss      energy_mae     energy_rmse      forces_mae     forces_rmse
    145          0         0.00798        1.51e-05         0.00796         0.00449         0.00476          0.0082           0.011
    145         10         0.00883        2.43e-06         0.00883         0.00157         0.00191         0.00863          0.0115
    145         20         0.00979        1.45e-05         0.00977          0.0041         0.00468         0.00851          0.0121


2025-11-20 17:10:24: Epoch summary:
Validation  # epoch      total_loss     energy_loss     forces_loss      energy_mae     energy_rmse      forces_mae     forces_rmse
                145          0.0144        8.28e-05          0.0143         0.00488         0.00739         0.00993          0.0141
Train       # epoch      total_loss     energy_loss     forces_loss      energy_mae     energy_rmse      forces_mae     forces_rmse
                145          0.0188         0.00102          0.0177          0.0323          0.0342          0.0121          0.0163


2025-11-20 17:10:24: Training
# epoch      batch      total_loss     energy_loss     forces_loss      energy_mae     energy_rmse      forces_mae     forces_rmse
    146          0          0.0158        3.88e-05          0.0157         0.00693         0.00765          0.0116          0.0154
    146         10          0.0132        0.000304          0.0129          0.0153          0.0214          0.0103          0.0139
    146         20          0.0168        0.000307          0.0165          0.0206          0.0215          0.0119          0.0158
    146         30          0.0134        0.000276          0.0131           0.019          0.0204          0.0101          0.0141
    146         40          0.0157        0.000452          0.0152          0.0251          0.0261          0.0112          0.0151
    146         50          0.0148         0.00121          0.0136          0.0423          0.0427          0.0109          0.0143
    146         60          0.0247         0.00114          0.0236          0.0409          0.0415          0.0136          0.0189
    146         70           0.014        0.000158          0.0138          0.0134          0.0154          0.0112          0.0144
    146         80          0.0153        0.000303           0.015          0.0207          0.0214          0.0116          0.0151
    146         90          0.0183        0.000789          0.0175          0.0148          0.0345          0.0122          0.0163
    146        100          0.0167        0.000382          0.0164          0.0233           0.024           0.012          0.0157
    146        110          0.0132        7.64e-05          0.0132            0.01          0.0107          0.0106          0.0141


2025-11-20 17:10:36: Validating
# epoch      batch      total_loss     energy_loss     forces_loss      energy_mae     energy_rmse      forces_mae     forces_rmse
    146          0         0.00776        1.13e-05         0.00775         0.00377         0.00413          0.0081          0.0108
    146         10         0.00865        1.36e-06         0.00864         0.00105         0.00143         0.00859          0.0114
    146         20         0.00953        1.11e-05         0.00952         0.00344         0.00409         0.00847           0.012


2025-11-20 17:10:37: Epoch summary:
Validation  # epoch      total_loss     energy_loss     forces_loss      energy_mae     energy_rmse      forces_mae     forces_rmse
                146          0.0143        7.77e-05          0.0142         0.00437         0.00687         0.00987           0.014
Train       # epoch      total_loss     energy_loss     forces_loss      energy_mae     energy_rmse      forces_mae     forces_rmse
                146          0.0168        0.000484          0.0163          0.0211          0.0231          0.0115          0.0155


2025-11-20 17:10:37: Training
# epoch      batch      total_loss     energy_loss     forces_loss      energy_mae     energy_rmse      forces_mae     forces_rmse
    147          0          0.0196        0.000209          0.0194          0.0149          0.0177          0.0125          0.0171
    147         10          0.0191         0.00038          0.0187          0.0233          0.0239          0.0124          0.0168
    147         20          0.0181        0.000301          0.0178           0.019          0.0213           0.012          0.0164
    147         30          0.0174         0.00142           0.016          0.0454          0.0462          0.0115          0.0155
    147         40          0.0161        5.64e-05          0.0161         0.00815         0.00922          0.0117          0.0156
    147         50          0.0139        0.000125          0.0138          0.0126          0.0137          0.0107          0.0144
    147         60          0.0116         0.00029          0.0113          0.0203          0.0209         0.00972           0.013
    147         70          0.0138        5.86e-05          0.0137         0.00823          0.0094          0.0111          0.0144
    147         80          0.0111        1.88e-05           0.011         0.00446         0.00532         0.00982          0.0129
    147         90          0.0135        0.000205          0.0133           0.007          0.0176          0.0105          0.0141
    147        100          0.0146        3.87e-05          0.0146         0.00628         0.00764          0.0112          0.0148
    147        110          0.0182        0.000145           0.018         0.00892          0.0148          0.0124          0.0165


2025-11-20 17:10:49: Validating
# epoch      batch      total_loss     energy_loss     forces_loss      energy_mae     energy_rmse      forces_mae     forces_rmse
    147          0         0.00765        1.11e-05         0.00764         0.00361          0.0041         0.00804          0.0107
    147         10         0.00852        1.42e-06         0.00852         0.00114         0.00146         0.00856          0.0113
    147         20         0.00933        1.06e-05         0.00932         0.00334         0.00401         0.00836          0.0119


2025-11-20 17:10:50: Epoch summary:
Validation  # epoch      total_loss     energy_loss     forces_loss      energy_mae     energy_rmse      forces_mae     forces_rmse
                147          0.0142        7.75e-05          0.0141         0.00415         0.00669         0.00983           0.014
Train       # epoch      total_loss     energy_loss     forces_loss      energy_mae     energy_rmse      forces_mae     forces_rmse
                147          0.0151        0.000261          0.0149          0.0147          0.0169          0.0111          0.0149


2025-11-20 17:10:50: Training
# epoch      batch      total_loss     energy_loss     forces_loss      energy_mae     energy_rmse      forces_mae     forces_rmse
    148          0          0.0158        3.34e-05          0.0158          0.0052          0.0071          0.0116          0.0154
    148         10          0.0129        0.000656          0.0123          0.0288          0.0314          0.0103          0.0136
    148         20          0.0134        0.000601          0.0128          0.0292          0.0301          0.0107          0.0139
    148         30          0.0153        0.000414          0.0149          0.0238           0.025          0.0108           0.015
    148         40          0.0126         0.00016          0.0124          0.0144          0.0155          0.0105          0.0137
    148         50          0.0162        0.000563          0.0157          0.0284          0.0291          0.0115          0.0154
    148         60           0.018         0.00198           0.016          0.0544          0.0547          0.0114          0.0155
    148         70          0.0176        0.000178          0.0174          0.0142          0.0164          0.0119          0.0162
    148         80          0.0475         0.00154           0.046          0.0441          0.0482           0.018          0.0263
    148         90          0.0704         0.00254          0.0679          0.0587          0.0618          0.0214           0.032
    148        100           0.032         0.00423          0.0278          0.0792          0.0799          0.0152          0.0205
    148        110          0.0412         0.00232          0.0389          0.0585          0.0592          0.0182          0.0242


2025-11-20 17:11:01: Validating
# epoch      batch      total_loss     energy_loss     forces_loss      energy_mae     energy_rmse      forces_mae     forces_rmse
    148          0         0.00756        9.65e-06         0.00755          0.0034         0.00381         0.00801          0.0107
    148         10         0.00842         1.2e-06         0.00842         0.00105         0.00134          0.0085          0.0113
    148         20         0.00915        1.04e-05         0.00914         0.00339         0.00395         0.00829          0.0117


2025-11-20 17:11:02: Epoch summary:
Validation  # epoch      total_loss     energy_loss     forces_loss      energy_mae     energy_rmse      forces_mae     forces_rmse
                148          0.0142        8.03e-05          0.0141         0.00416         0.00672         0.00981           0.014
Train       # epoch      total_loss     energy_loss     forces_loss      energy_mae     energy_rmse      forces_mae     forces_rmse
                148          0.0244         0.00145          0.0229          0.0345          0.0365          0.0129          0.0178


2025-11-20 17:11:02: Training
# epoch      batch      total_loss     energy_loss     forces_loss      energy_mae     energy_rmse      forces_mae     forces_rmse
    149          0           0.021        0.000471          0.0205          0.0222          0.0266          0.0132          0.0176
    149         10          0.0321        0.000116           0.032          0.0113          0.0132          0.0165           0.022
    149         20          0.0415         0.00852           0.033             0.1           0.113          0.0164          0.0223
    149         30          0.0264        0.000441           0.026          0.0249          0.0258           0.015          0.0198
    149         40          0.0369         0.00264          0.0342          0.0622          0.0631          0.0167          0.0227
    149         50          0.0184        6.12e-05          0.0183          0.0083         0.00961          0.0121          0.0166
    149         60          0.0145        0.000385          0.0141          0.0119          0.0241          0.0108          0.0146
    149         70          0.0306        0.000196          0.0304          0.0142          0.0172          0.0152          0.0214
    149         80          0.0196         0.00036          0.0192          0.0227          0.0233          0.0116           0.017
    149         90          0.0136        0.000206          0.0134           0.017          0.0176          0.0108          0.0142
    149        100          0.0202        0.000167          0.0201          0.0136          0.0159          0.0125          0.0174
    149        110          0.0219        8.41e-05          0.0218            0.01          0.0113          0.0133          0.0181


2025-11-20 17:11:13: Validating
# epoch      batch      total_loss     energy_loss     forces_loss      energy_mae     energy_rmse      forces_mae     forces_rmse
    149          0         0.00781        1.02e-05          0.0078         0.00352         0.00392         0.00808          0.0108
    149         10         0.00861        1.39e-06         0.00861         0.00102         0.00145         0.00854          0.0114
    149         20         0.00931         1.1e-05          0.0093         0.00349         0.00407         0.00832          0.0118


2025-11-20 17:11:14: Epoch summary:
Validation  # epoch      total_loss     energy_loss     forces_loss      energy_mae     energy_rmse      forces_mae     forces_rmse
                149          0.0142        7.95e-05          0.0141         0.00419         0.00681         0.00982           0.014
Train       # epoch      total_loss     energy_loss     forces_loss      energy_mae     energy_rmse      forces_mae     forces_rmse
                149          0.0237         0.00099          0.0227           0.028            0.03          0.0134          0.0183


2025-11-20 17:11:14: Training
# epoch      batch      total_loss     energy_loss     forces_loss      energy_mae     energy_rmse      forces_mae     forces_rmse
    150          0          0.0136          0.0015          0.0121          0.0474          0.0476          0.0103          0.0135
    150         10          0.0205        0.000736          0.0198          0.0324          0.0333          0.0128          0.0173
    150         20          0.0192        0.000248          0.0189          0.0179          0.0193          0.0124          0.0169
    150         30          0.0224        0.000573          0.0219          0.0258          0.0294          0.0135          0.0182
    150         40          0.0144        3.62e-05          0.0144         0.00534         0.00739          0.0111          0.0147
    150         50          0.0166        0.000115          0.0165          0.0117          0.0132          0.0116          0.0158
    150         60          0.0161         0.00133          0.0148          0.0443          0.0448          0.0111          0.0149
    150         70          0.0156        0.000313          0.0153          0.0188          0.0217          0.0113          0.0152
    150         80          0.0134         0.00046           0.013          0.0259          0.0263          0.0104           0.014
    150         90          0.0305        0.000446          0.0301          0.0231          0.0259          0.0155          0.0213
    150        100           0.018         0.00184          0.0161          0.0523          0.0527          0.0118          0.0156
    150        110          0.0313         0.00119          0.0301          0.0414          0.0423          0.0152          0.0213


2025-11-20 17:11:25: Validating
# epoch      batch      total_loss     energy_loss     forces_loss      energy_mae     energy_rmse      forces_mae     forces_rmse
    150          0         0.00767        1.06e-05         0.00766         0.00334           0.004         0.00799          0.0107
    150         10          0.0084        2.26e-06          0.0084         0.00153         0.00185         0.00843          0.0113
    150         20         0.00924        9.63e-06         0.00923         0.00316         0.00381         0.00831          0.0118


2025-11-20 17:11:27: Epoch summary:
Validation  # epoch      total_loss     energy_loss     forces_loss      energy_mae     energy_rmse      forces_mae     forces_rmse
                150          0.0141        7.95e-05           0.014         0.00399         0.00659         0.00979          0.0139
Train       # epoch      total_loss     energy_loss     forces_loss      energy_mae     energy_rmse      forces_mae     forces_rmse
                150          0.0193        0.000751          0.0186          0.0276          0.0296          0.0122          0.0166


2025-11-20 17:11:27: Training
# epoch      batch      total_loss     energy_loss     forces_loss      energy_mae     energy_rmse      forces_mae     forces_rmse
    151          0          0.0317         0.00263          0.0291          0.0622           0.063          0.0157          0.0209
    151         10          0.0258        8.37e-05          0.0257         0.00873          0.0112          0.0136          0.0197
    151         20          0.0189          0.0014          0.0175          0.0425          0.0459           0.012          0.0162
    151         30          0.0145        0.000426          0.0141          0.0118          0.0253           0.011          0.0146
    151         40          0.0194        0.000253          0.0192          0.0185          0.0195          0.0127           0.017
    151         50          0.0129        0.000279          0.0126          0.0196          0.0205          0.0103          0.0138
    151         60           0.014        0.000222          0.0138          0.0178          0.0183          0.0109          0.0144
    151         70          0.0137        0.000162          0.0135           0.015          0.0156          0.0106          0.0143
    151         80          0.0123        1.26e-05          0.0123         0.00367         0.00436          0.0104          0.0136
    151         90          0.0266        0.000451          0.0262           0.023          0.0261          0.0142          0.0199
    151        100          0.0119        0.000188          0.0117          0.0163          0.0168          0.0101          0.0133
    151        110          0.0205        0.000184          0.0203          0.0144          0.0167          0.0131          0.0175


2025-11-20 17:11:37: Validating
# epoch      batch      total_loss     energy_loss     forces_loss      energy_mae     energy_rmse      forces_mae     forces_rmse
    151          0         0.00769        1.06e-05         0.00768         0.00328           0.004         0.00803          0.0108
    151         10         0.00849         1.7e-06         0.00849         0.00146          0.0016         0.00848          0.0113
    151         20         0.00901        1.11e-05           0.009          0.0032         0.00408         0.00829          0.0117


2025-11-20 17:11:38: Epoch summary:
Validation  # epoch      total_loss     energy_loss     forces_loss      energy_mae     energy_rmse      forces_mae     forces_rmse
                151          0.0141        7.98e-05           0.014         0.00404          0.0066         0.00979          0.0139
Train       # epoch      total_loss     energy_loss     forces_loss      energy_mae     energy_rmse      forces_mae     forces_rmse
                151          0.0181        0.000509          0.0175          0.0224          0.0243           0.012          0.0162


2025-11-20 17:11:38: Training
# epoch      batch      total_loss     energy_loss     forces_loss      energy_mae     energy_rmse      forces_mae     forces_rmse
    152          0          0.0186        0.000869          0.0177          0.0348          0.0362          0.0119          0.0163
    152         10          0.0116        2.56e-05          0.0115         0.00474         0.00621            0.01          0.0132
    152         20           0.014         0.00137          0.0126          0.0451          0.0455          0.0104          0.0138
    152         30          0.0138        0.000207          0.0136          0.0171          0.0177           0.011          0.0143
    152         40          0.0205        4.24e-05          0.0205         0.00585           0.008          0.0122          0.0176
    152         50          0.0246        0.000697          0.0239          0.0311          0.0324          0.0145           0.019
    152         60          0.0203        0.000409          0.0199          0.0229          0.0248          0.0131          0.0173
    152         70          0.0246         0.00108          0.0235          0.0389          0.0404          0.0126          0.0188
    152         80           0.023         6.1e-05           0.023         0.00771         0.00959          0.0138          0.0186
    152         90          0.0333          0.0002          0.0331          0.0141          0.0174          0.0153          0.0223
    152        100          0.0184         0.00116          0.0172          0.0409          0.0418          0.0121          0.0161
    152        110          0.0225        0.000135          0.0223          0.0119          0.0143          0.0141          0.0184


2025-11-20 17:11:49: Validating
# epoch      batch      total_loss     energy_loss     forces_loss      energy_mae     energy_rmse      forces_mae     forces_rmse
    152          0          0.0076        9.81e-06         0.00759         0.00317         0.00385         0.00799          0.0107
    152         10         0.00819        1.22e-06         0.00819         0.00126         0.00135         0.00834          0.0111
    152         20         0.00896        1.03e-05         0.00895         0.00311         0.00394         0.00823          0.0116


2025-11-20 17:11:51: Epoch summary:
Validation  # epoch      total_loss     energy_loss     forces_loss      energy_mae     energy_rmse      forces_mae     forces_rmse
                152          0.0141        8.09e-05           0.014         0.00403          0.0066         0.00977          0.0139
Train       # epoch      total_loss     energy_loss     forces_loss      energy_mae     energy_rmse      forces_mae     forces_rmse
                152           0.019        0.000567          0.0184          0.0227          0.0251          0.0122          0.0166


2025-11-20 17:11:51: Training
# epoch      batch      total_loss     energy_loss     forces_loss      energy_mae     energy_rmse      forces_mae     forces_rmse
    153          0          0.0138        0.000136          0.0136           0.011          0.0143          0.0112          0.0143
    153         10          0.0168        0.000146          0.0167          0.0105          0.0148          0.0119          0.0158
    153         20          0.0162        0.000621          0.0156          0.0299          0.0306          0.0116          0.0153
    153         30          0.0175         0.00028          0.0172          0.0104          0.0206          0.0121          0.0161
    153         40          0.0228        6.08e-05          0.0227         0.00784         0.00957          0.0138          0.0185
    153         50          0.0129        3.31e-05          0.0128         0.00528         0.00707          0.0105          0.0139
    153         60          0.0141         0.00106           0.013          0.0397          0.0401          0.0106           0.014
    153         70          0.0177        0.000654          0.0171          0.0298          0.0314          0.0117           0.016
    153         80          0.0332         0.00194          0.0312          0.0521          0.0541          0.0147          0.0217
    153         90          0.0167        0.000548          0.0161          0.0282          0.0287           0.012          0.0156
    153        100          0.0137        3.55e-05          0.0137         0.00604         0.00732          0.0107          0.0144
    153        110          0.0213        0.000409          0.0209          0.0197          0.0248          0.0129          0.0177


2025-11-20 17:12:02: Validating
# epoch      batch      total_loss     energy_loss     forces_loss      energy_mae     energy_rmse      forces_mae     forces_rmse
    153          0         0.00769        1.13e-05         0.00768         0.00328         0.00412         0.00806          0.0108
    153         10         0.00799        1.65e-06         0.00799         0.00136         0.00158         0.00827           0.011
    153         20         0.00896         8.3e-06         0.00895           0.003         0.00354         0.00818          0.0116


2025-11-20 17:12:04: Epoch summary:
Validation  # epoch      total_loss     energy_loss     forces_loss      energy_mae     energy_rmse      forces_mae     forces_rmse
                153           0.014           8e-05          0.0139         0.00404         0.00659         0.00974          0.0139
Train       # epoch      total_loss     energy_loss     forces_loss      energy_mae     energy_rmse      forces_mae     forces_rmse
                153          0.0177         0.00061          0.0171          0.0214          0.0236          0.0118          0.0159


2025-11-20 17:12:04: Training
# epoch      batch      total_loss     energy_loss     forces_loss      energy_mae     energy_rmse      forces_mae     forces_rmse
    154          0           0.014        0.000391          0.0136          0.0235          0.0243          0.0109          0.0143
    154         10          0.0159        1.76e-05          0.0159         0.00408         0.00515          0.0115          0.0155
    154         20          0.0151        0.000263          0.0149           0.019          0.0199           0.011           0.015
    154         30          0.0157        0.000355          0.0154          0.0223          0.0231          0.0114          0.0152
    154         40          0.0148        0.000215          0.0146          0.0166           0.018          0.0112          0.0148
    154         50          0.0297        0.000951          0.0287          0.0348          0.0379          0.0147          0.0208
    154         60          0.0178        4.62e-05          0.0177         0.00647         0.00835          0.0118          0.0164
    154         70          0.0162        0.000707          0.0155          0.0323          0.0326           0.012          0.0153
    154         80          0.0176         0.00175          0.0159           0.051          0.0513          0.0116          0.0155
    154         90          0.0263        0.000667          0.0257          0.0306          0.0317          0.0148          0.0197
    154        100          0.0324        0.000193          0.0322          0.0118          0.0171          0.0151           0.022
    154        110           0.038         0.00734          0.0306           0.105           0.105          0.0154          0.0215


2025-11-20 17:12:15: Validating
# epoch      batch      total_loss     energy_loss     forces_loss      energy_mae     energy_rmse      forces_mae     forces_rmse
    154          0         0.00767        1.06e-05         0.00766         0.00336           0.004         0.00803          0.0107
    154         10         0.00788        1.69e-06         0.00788         0.00126          0.0016         0.00819          0.0109
    154         20         0.00885        9.31e-06         0.00884         0.00318         0.00375         0.00809          0.0115


2025-11-20 17:12:16: Epoch summary:
Validation  # epoch      total_loss     energy_loss     forces_loss      energy_mae     energy_rmse      forces_mae     forces_rmse
                154           0.014        8.06e-05          0.0139         0.00408         0.00665         0.00972          0.0139
Train       # epoch      total_loss     energy_loss     forces_loss      energy_mae     energy_rmse      forces_mae     forces_rmse
                154          0.0212        0.000838          0.0203          0.0268          0.0291          0.0127          0.0173


2025-11-20 17:12:16: Training
# epoch      batch      total_loss     energy_loss     forces_loss      energy_mae     energy_rmse      forces_mae     forces_rmse
    155          0          0.0469         0.00216          0.0448          0.0548           0.057          0.0175           0.026
    155         10          0.0592         0.00196          0.0572          0.0508          0.0544          0.0194          0.0294
    155         20          0.0533          0.0156          0.0377           0.153           0.153           0.018          0.0239
    155         30          0.0404          0.0111          0.0293           0.127           0.129          0.0158           0.021
    155         40          0.0274         0.00353          0.0239          0.0728           0.073          0.0146           0.019
    155         50          0.0345        0.000823          0.0337          0.0329          0.0352          0.0163          0.0225
    155         60          0.0218         0.00263          0.0192          0.0627          0.0629          0.0131           0.017
    155         70          0.0191        0.000169          0.0189          0.0143           0.016          0.0128          0.0169
    155         80          0.0205         0.00116          0.0193          0.0411          0.0418          0.0129          0.0171
    155         90          0.0156        0.000356          0.0152          0.0229          0.0232          0.0113          0.0151
    155        100          0.0169        0.000202          0.0167          0.0167          0.0174           0.012          0.0158
    155        110          0.0194        0.000162          0.0192          0.0132          0.0156          0.0124           0.017


2025-11-20 17:12:27: Validating
# epoch      batch      total_loss     energy_loss     forces_loss      energy_mae     energy_rmse      forces_mae     forces_rmse
    155          0         0.00771        1.11e-05          0.0077         0.00358         0.00409         0.00805          0.0108
    155         10          0.0078        2.49e-06         0.00779         0.00145         0.00194         0.00821          0.0108
    155         20         0.00884        1.02e-05         0.00883         0.00329         0.00392         0.00807          0.0115


2025-11-20 17:12:28: Epoch summary:
Validation  # epoch      total_loss     energy_loss     forces_loss      energy_mae     energy_rmse      forces_mae     forces_rmse
                155          0.0142        8.29e-05          0.0141         0.00421         0.00677         0.00976          0.0139
Train       # epoch      total_loss     energy_loss     forces_loss      energy_mae     energy_rmse      forces_mae     forces_rmse
                155          0.0292         0.00326          0.0259          0.0513          0.0532          0.0141          0.0194


2025-11-20 17:12:28: Training
# epoch      batch      total_loss     energy_loss     forces_loss      energy_mae     energy_rmse      forces_mae     forces_rmse
    156          0          0.0134        9.58e-05          0.0133          0.0114           0.012          0.0106          0.0142
    156         10          0.0118        0.000214          0.0116          0.0126           0.018         0.00984          0.0132
    156         20          0.0184         0.00166          0.0167          0.0497            0.05          0.0114          0.0159
    156         30          0.0203         0.00233           0.018          0.0589          0.0592          0.0119          0.0165
    156         40          0.0129        2.83e-05          0.0129         0.00545         0.00653          0.0106          0.0139
    156         50          0.0172        0.000138          0.0171          0.0132          0.0144          0.0119           0.016
    156         60          0.0123           7e-05          0.0123         0.00948          0.0103          0.0103          0.0136
    156         70          0.0165         0.00042          0.0161          0.0222          0.0252          0.0118          0.0156
    156         80          0.0195         0.00109          0.0184          0.0402          0.0406          0.0126          0.0166
    156         90          0.0169        0.000116          0.0168          0.0116          0.0132          0.0121          0.0159
    156        100          0.0156        0.000312          0.0153          0.0212          0.0217          0.0114          0.0152
    156        110           0.034         0.00072          0.0333          0.0299           0.033           0.016          0.0224


2025-11-20 17:12:39: Validating
# epoch      batch      total_loss     energy_loss     forces_loss      energy_mae     energy_rmse      forces_mae     forces_rmse
    156          0         0.00774        1.18e-05         0.00773         0.00374         0.00422         0.00808          0.0108
    156         10         0.00766        3.16e-06         0.00766         0.00166         0.00218         0.00812          0.0107
    156         20          0.0088        9.92e-06         0.00879         0.00324         0.00387         0.00804          0.0115


2025-11-20 17:12:40: Epoch summary:
Validation  # epoch      total_loss     energy_loss     forces_loss      energy_mae     energy_rmse      forces_mae     forces_rmse
                156           0.014        8.11e-05          0.0139         0.00415         0.00672         0.00972          0.0139
Train       # epoch      total_loss     energy_loss     forces_loss      energy_mae     energy_rmse      forces_mae     forces_rmse
                156          0.0153        0.000602          0.0147          0.0237          0.0254           0.011          0.0148


2025-11-20 17:12:40: Training
# epoch      batch      total_loss     energy_loss     forces_loss      energy_mae     energy_rmse      forces_mae     forces_rmse
    157          0          0.0157         0.00482          0.0109          0.0851          0.0852         0.00946          0.0128
    157         10          0.0154         0.00034           0.015          0.0222          0.0226          0.0112          0.0151
    157         20          0.0141         0.00181          0.0123          0.0518          0.0523          0.0101          0.0136
    157         30          0.0139        0.000419          0.0134          0.0244          0.0251          0.0106          0.0142
    157         40          0.0142         0.00036          0.0138          0.0222          0.0233          0.0107          0.0144
    157         50          0.0166         0.00146          0.0152          0.0462          0.0469          0.0112          0.0151
    157         60          0.0272         0.00106          0.0261          0.0373            0.04          0.0142          0.0198
    157         70          0.0235         0.00326          0.0202          0.0697          0.0701          0.0132          0.0175
    157         80          0.0455         0.00188          0.0436          0.0511          0.0533          0.0183          0.0257
    157         90          0.0544         0.00412          0.0503          0.0773          0.0788          0.0182          0.0275
    157        100          0.0564          0.0148          0.0416           0.149            0.15          0.0182           0.025
    157        110          0.0392         0.00505          0.0341          0.0842          0.0872          0.0157          0.0227


2025-11-20 17:12:52: Validating
# epoch      batch      total_loss     energy_loss     forces_loss      energy_mae     energy_rmse      forces_mae     forces_rmse
    157          0         0.00777        1.36e-05         0.00776         0.00428         0.00453         0.00808          0.0108
    157         10         0.00777        2.29e-06         0.00777         0.00137         0.00186         0.00814          0.0108
    157         20         0.00853        1.21e-05         0.00851         0.00367         0.00428         0.00799          0.0113


2025-11-20 17:12:53: Epoch summary:
Validation  # epoch      total_loss     energy_loss     forces_loss      energy_mae     energy_rmse      forces_mae     forces_rmse
                157           0.014        8.77e-05           0.014          0.0045         0.00716         0.00973          0.0139
Train       # epoch      total_loss     energy_loss     forces_loss      energy_mae     energy_rmse      forces_mae     forces_rmse
                157          0.0291         0.00229          0.0268          0.0467          0.0484           0.014          0.0194


2025-11-20 17:12:53: Training
# epoch      batch      total_loss     energy_loss     forces_loss      energy_mae     energy_rmse      forces_mae     forces_rmse
    158          0          0.0361        0.000877          0.0352           0.035          0.0364          0.0167           0.023
    158         10          0.0338        0.000686          0.0331            0.03          0.0322          0.0162          0.0224
    158         20          0.0453         0.00376          0.0416          0.0738          0.0753          0.0173           0.025
    158         30          0.0369         0.00247          0.0344          0.0606           0.061          0.0164          0.0228
    158         40          0.0296          0.0042          0.0254          0.0791          0.0796          0.0146          0.0196
    158         50          0.0324          0.0045           0.028          0.0819          0.0824          0.0142          0.0205
    158         60          0.0463        0.000397          0.0459           0.015          0.0245          0.0191          0.0263
    158         70          0.0227         0.00164          0.0211           0.049          0.0497          0.0135          0.0178
    158         80          0.0185         0.00249           0.016          0.0606          0.0613          0.0115          0.0155
    158         90          0.0137        0.000487          0.0132          0.0257          0.0271          0.0103          0.0141
    158        100          0.0163        0.000187          0.0161          0.0148          0.0168          0.0114          0.0156
    158        110          0.0158        9.09e-05          0.0157          0.0112          0.0117           0.011          0.0154


2025-11-20 17:13:04: Validating
# epoch      batch      total_loss     energy_loss     forces_loss      energy_mae     energy_rmse      forces_mae     forces_rmse
    158          0         0.00777        1.22e-05         0.00776         0.00407         0.00429         0.00808          0.0108
    158         10         0.00783         2.3e-06         0.00783         0.00147         0.00186         0.00816          0.0109
    158         20         0.00847        1.65e-05         0.00845         0.00427           0.005         0.00796          0.0113


2025-11-20 17:13:06: Epoch summary:
Validation  # epoch      total_loss     energy_loss     forces_loss      energy_mae     energy_rmse      forces_mae     forces_rmse
                158          0.0141        8.75e-05           0.014         0.00468         0.00729         0.00975          0.0139
Train       # epoch      total_loss     energy_loss     forces_loss      energy_mae     energy_rmse      forces_mae     forces_rmse
                158          0.0274         0.00139           0.026          0.0372          0.0393          0.0141          0.0194


2025-11-20 17:13:06: Training
# epoch      batch      total_loss     energy_loss     forces_loss      energy_mae     energy_rmse      forces_mae     forces_rmse
    159          0          0.0175        0.000429          0.0171           0.018          0.0254           0.012          0.0161
    159         10          0.0197        0.000713           0.019          0.0324          0.0328          0.0126          0.0169
    159         20          0.0136        0.000716          0.0129          0.0192          0.0329          0.0105           0.014
    159         30          0.0188         4.3e-05          0.0188         0.00704         0.00805          0.0123          0.0168
    159         40          0.0318         0.00193          0.0298          0.0516          0.0539          0.0146          0.0212
    159         50          0.0162        0.000524          0.0156          0.0277          0.0281          0.0117          0.0154
    159         60          0.0164        0.000518          0.0159          0.0274          0.0279          0.0117          0.0155
    159         70          0.0181        0.000103           0.018          0.0105          0.0125          0.0114          0.0165
    159         80          0.0182        0.000245          0.0179          0.0182          0.0192          0.0118          0.0165
    159         90          0.0109        2.04e-05          0.0108         0.00444         0.00555         0.00959          0.0128
    159        100          0.0141        6.61e-05           0.014         0.00674         0.00998          0.0109          0.0145
    159        110          0.0161        0.000857          0.0152          0.0353          0.0359          0.0113          0.0152


2025-11-20 17:13:17: Validating
# epoch      batch      total_loss     energy_loss     forces_loss      energy_mae     energy_rmse      forces_mae     forces_rmse
    159          0         0.00766        9.84e-06         0.00765         0.00366         0.00385           0.008          0.0107
    159         10         0.00774        1.81e-06         0.00774         0.00131         0.00165         0.00813          0.0108
    159         20         0.00839        1.26e-05         0.00838          0.0037         0.00437         0.00794          0.0112


2025-11-20 17:13:19: Epoch summary:
Validation  # epoch      total_loss     energy_loss     forces_loss      energy_mae     energy_rmse      forces_mae     forces_rmse
                159           0.014        8.41e-05          0.0139         0.00431         0.00688          0.0097          0.0138
Train       # epoch      total_loss     energy_loss     forces_loss      energy_mae     energy_rmse      forces_mae     forces_rmse
                159           0.016        0.000442          0.0155          0.0201          0.0222          0.0113          0.0152


2025-11-20 17:13:19: Training
# epoch      batch      total_loss     energy_loss     forces_loss      energy_mae     energy_rmse      forces_mae     forces_rmse
    160          0          0.0198        0.000186          0.0196          0.0154          0.0167          0.0126          0.0172
    160         10          0.0228        0.000866          0.0219          0.0354          0.0361          0.0136          0.0182
    160         20          0.0233         0.00144          0.0218          0.0459          0.0466          0.0133          0.0181
    160         30           0.019         0.00178          0.0172           0.051          0.0519          0.0119          0.0161
    160         40          0.0207         0.00128          0.0194          0.0429          0.0439          0.0125          0.0171
    160         50          0.0153        0.000154          0.0151          0.0131          0.0153          0.0113          0.0151
    160         60          0.0168         0.00024          0.0166          0.0182           0.019          0.0119          0.0158
    160         70          0.0139        6.32e-05          0.0138         0.00822         0.00976           0.011          0.0144
    160         80           0.017        6.74e-05           0.017         0.00899          0.0101          0.0119           0.016
    160         90          0.0182        0.000251          0.0179           0.016          0.0195          0.0123          0.0164
    160        100          0.0142        0.000224          0.0139          0.0161          0.0184          0.0108          0.0145
    160        110          0.0215        9.05e-05          0.0214         0.00855          0.0117          0.0126           0.018


2025-11-20 17:13:31: Validating
# epoch      batch      total_loss     energy_loss     forces_loss      energy_mae     energy_rmse      forces_mae     forces_rmse
    160          0         0.00766        9.13e-06         0.00765         0.00342         0.00371         0.00798          0.0107
    160         10         0.00783        1.14e-06         0.00783         0.00113         0.00131         0.00815          0.0109
    160         20         0.00859        1.21e-05         0.00858          0.0035         0.00426         0.00796          0.0114


2025-11-20 17:13:32: Epoch summary:
Validation  # epoch      total_loss     energy_loss     forces_loss      energy_mae     energy_rmse      forces_mae     forces_rmse
                160           0.014        8.17e-05          0.0139         0.00417          0.0067         0.00968          0.0138
Train       # epoch      total_loss     energy_loss     forces_loss      energy_mae     energy_rmse      forces_mae     forces_rmse
                160          0.0173        0.000448          0.0169          0.0197          0.0219          0.0118          0.0159


2025-11-20 17:13:32: Training
# epoch      batch      total_loss     energy_loss     forces_loss      energy_mae     energy_rmse      forces_mae     forces_rmse
    161          0          0.0264        0.000236          0.0262          0.0128          0.0189          0.0139          0.0199
    161         10          0.0176        0.000171          0.0174          0.0141           0.016           0.012          0.0162
    161         20          0.0178        0.000411          0.0174          0.0219          0.0249          0.0117          0.0162
    161         30          0.0133        2.16e-05          0.0133         0.00468          0.0057          0.0105          0.0142
    161         40          0.0211         8.8e-05           0.021          0.0102          0.0115          0.0129          0.0178
    161         50          0.0122        0.000543          0.0116          0.0281          0.0286         0.00984          0.0132
    161         60          0.0112         0.00053          0.0107          0.0278          0.0283         0.00968          0.0127
    161         70          0.0124        9.56e-05          0.0123          0.0109           0.012          0.0105          0.0136
    161         80          0.0121        1.64e-05          0.0121          0.0036         0.00498            0.01          0.0135
    161         90          0.0191        0.000313          0.0188          0.0211          0.0217          0.0125          0.0168
    161        100          0.0142        5.45e-05          0.0142         0.00814         0.00906          0.0108          0.0146
    161        110          0.0154        0.000332          0.0151          0.0216          0.0224          0.0112          0.0151


2025-11-20 17:13:45: Validating
# epoch      batch      total_loss     energy_loss     forces_loss      energy_mae     energy_rmse      forces_mae     forces_rmse
    161          0         0.00755        8.09e-06         0.00755         0.00313         0.00349         0.00795          0.0107
    161         10         0.00789           2e-06         0.00789         0.00141         0.00174         0.00816          0.0109
    161         20         0.00861        1.07e-05          0.0086         0.00337         0.00401         0.00795          0.0114


2025-11-20 17:13:46: Epoch summary:
Validation  # epoch      total_loss     energy_loss     forces_loss      energy_mae     energy_rmse      forces_mae     forces_rmse
                161           0.014        8.19e-05          0.0139          0.0041         0.00669         0.00968          0.0139
Train       # epoch      total_loss     energy_loss     forces_loss      energy_mae     energy_rmse      forces_mae     forces_rmse
                161          0.0168        0.000319          0.0165          0.0176            0.02          0.0115          0.0155


2025-11-20 17:13:46: Training
# epoch      batch      total_loss     energy_loss     forces_loss      energy_mae     energy_rmse      forces_mae     forces_rmse
    162          0          0.0137        3.14e-05          0.0137         0.00543         0.00688          0.0107          0.0144
    162         10          0.0138        0.000344          0.0134          0.0217          0.0228          0.0105          0.0142
    162         20         0.00887        0.000257         0.00861          0.0187          0.0197         0.00859          0.0114
    162         30          0.0172        0.000228           0.017          0.0166          0.0185          0.0115           0.016
    162         40          0.0179        0.000104          0.0178         0.00991          0.0125          0.0124          0.0164
    162         50          0.0134          0.0018          0.0116          0.0517          0.0521          0.0101          0.0132
    162         60           0.018        4.58e-05          0.0179          0.0057         0.00831          0.0125          0.0164
    162         70           0.015           0.001           0.014          0.0383          0.0389          0.0108          0.0145
    162         80          0.0236          0.0023          0.0213          0.0581          0.0588          0.0131          0.0179
    162         90          0.0178        0.000352          0.0175          0.0222           0.023          0.0118          0.0162
    162        100          0.0151        0.000653          0.0145          0.0306          0.0314          0.0116          0.0148
    162        110          0.0205        0.000644          0.0199          0.0298          0.0312          0.0131          0.0173


2025-11-20 17:13:57: Validating
# epoch      batch      total_loss     energy_loss     forces_loss      energy_mae     energy_rmse      forces_mae     forces_rmse
    162          0         0.00758        9.53e-06         0.00757         0.00318         0.00379         0.00795          0.0107
    162         10          0.0078        1.45e-06         0.00779         0.00124         0.00148          0.0081          0.0108
    162         20         0.00869           1e-05         0.00868         0.00319         0.00388         0.00796          0.0114


2025-11-20 17:13:58: Epoch summary:
Validation  # epoch      total_loss     energy_loss     forces_loss      energy_mae     energy_rmse      forces_mae     forces_rmse
                162           0.014         8.2e-05           0.014          0.0041         0.00672         0.00968          0.0139
Train       # epoch      total_loss     energy_loss     forces_loss      energy_mae     energy_rmse      forces_mae     forces_rmse
                162          0.0168        0.000749           0.016          0.0262          0.0278          0.0115          0.0154


2025-11-20 17:13:58: Training
# epoch      batch      total_loss     energy_loss     forces_loss      energy_mae     energy_rmse      forces_mae     forces_rmse
    163          0           0.012        8.05e-05          0.0119         0.00962           0.011          0.0103          0.0134
    163         10          0.0218        0.000133          0.0217          0.0111          0.0142          0.0134          0.0181
    163         20          0.0296        0.000495          0.0291          0.0215          0.0273          0.0144           0.021
    163         30          0.0353         0.00169          0.0336          0.0497          0.0505          0.0156          0.0225
    163         40          0.0797         0.00721          0.0725           0.101           0.104          0.0218          0.0331
    163         50          0.0515          0.0177          0.0338           0.162           0.163          0.0169          0.0226
    163         60          0.0334         0.00331          0.0301          0.0699          0.0706          0.0159          0.0213
    163         70          0.0426        0.000275          0.0423          0.0167          0.0203          0.0187          0.0253
    163         80          0.0531         0.00586          0.0473          0.0929           0.094          0.0191          0.0267
    163         90          0.0305         8.2e-05          0.0304         0.00756          0.0111          0.0155          0.0214
    163        100          0.0213        3.22e-05          0.0212          0.0056         0.00697          0.0136          0.0179
    163        110          0.0187        0.000686           0.018          0.0312          0.0322          0.0123          0.0165


2025-11-20 17:14:10: Validating
# epoch      batch      total_loss     energy_loss     forces_loss      energy_mae     energy_rmse      forces_mae     forces_rmse
    163          0         0.00771        1.12e-05         0.00769         0.00385         0.00411         0.00804          0.0108
    163         10         0.00782        2.74e-06         0.00782         0.00155         0.00203         0.00819          0.0109
    163         20         0.00854        1.13e-05         0.00853         0.00346         0.00412         0.00786          0.0113


2025-11-20 17:14:11: Epoch summary:
Validation  # epoch      total_loss     energy_loss     forces_loss      energy_mae     energy_rmse      forces_mae     forces_rmse
                163          0.0141        8.88e-05           0.014         0.00451          0.0072         0.00971          0.0139
Train       # epoch      total_loss     energy_loss     forces_loss      energy_mae     energy_rmse      forces_mae     forces_rmse
                163          0.0376         0.00263           0.035           0.046          0.0483           0.016          0.0223


2025-11-20 17:14:11: Training
# epoch      batch      total_loss     energy_loss     forces_loss      energy_mae     energy_rmse      forces_mae     forces_rmse
    164          0          0.0188        4.33e-05          0.0188         0.00652         0.00808          0.0115          0.0168
    164         10          0.0255        0.000548          0.0249          0.0272          0.0288           0.014          0.0194
    164         20          0.0207        5.94e-05          0.0206         0.00794         0.00946          0.0133          0.0176
    164         30          0.0245        0.000177          0.0243          0.0106          0.0163          0.0141          0.0192
    164         40          0.0257         0.00185          0.0239          0.0516          0.0528          0.0141           0.019
    164         50           0.029         0.00552          0.0234          0.0909          0.0912          0.0144          0.0188
    164         60          0.0593          0.0113           0.048            0.13           0.131          0.0185          0.0269
    164         70          0.0353         0.00587          0.0295          0.0934          0.0941          0.0155          0.0211
    164         80          0.0224        0.000491          0.0219          0.0136          0.0272          0.0135          0.0182
    164         90          0.0478         0.00598          0.0418          0.0939          0.0949          0.0179          0.0251
    164        100          0.0259         0.00177          0.0242          0.0504          0.0517          0.0137          0.0191
    164        110          0.0213        0.000132          0.0212           0.012          0.0141          0.0133          0.0179


2025-11-20 17:14:22: Validating
# epoch      batch      total_loss     energy_loss     forces_loss      energy_mae     energy_rmse      forces_mae     forces_rmse
    164          0         0.00773        1.34e-05         0.00772         0.00397          0.0045         0.00806          0.0108
    164         10         0.00809        2.93e-06         0.00809         0.00163          0.0021         0.00831           0.011
    164         20         0.00864        9.14e-06         0.00863         0.00303         0.00371         0.00791          0.0114


2025-11-20 17:14:23: Epoch summary:
Validation  # epoch      total_loss     energy_loss     forces_loss      energy_mae     energy_rmse      forces_mae     forces_rmse
                164          0.0142        8.84e-05          0.0141         0.00451         0.00722         0.00974          0.0139
Train       # epoch      total_loss     energy_loss     forces_loss      energy_mae     energy_rmse      forces_mae     forces_rmse
                164          0.0301         0.00273          0.0274          0.0497          0.0517          0.0145            0.02


2025-11-20 17:14:23: Training
# epoch      batch      total_loss     energy_loss     forces_loss      energy_mae     energy_rmse      forces_mae     forces_rmse
    165          0          0.0212         0.00222           0.019          0.0573          0.0578          0.0129          0.0169
    165         10          0.0167        0.000443          0.0162          0.0254          0.0259          0.0115          0.0156
    165         20          0.0196        7.75e-05          0.0195         0.00999          0.0108          0.0125          0.0171
    165         30          0.0128        0.000156          0.0127          0.0134          0.0153          0.0106          0.0138
    165         40          0.0102        4.23e-05          0.0102         0.00541         0.00799         0.00947          0.0124
    165         50          0.0165         0.00128          0.0152          0.0226           0.044          0.0109          0.0152
    165         60          0.0152         0.00193          0.0132          0.0521           0.054          0.0106          0.0141
    165         70         0.00947         2.7e-05         0.00944         0.00463         0.00638         0.00884          0.0119
    165         80          0.0159         0.00121          0.0147          0.0418          0.0427          0.0113          0.0149
    165         90           0.014        2.58e-05           0.014         0.00537         0.00624          0.0109          0.0145
    165        100           0.017        0.000133          0.0169          0.0119          0.0142          0.0115           0.016
    165        110          0.0173         0.00044          0.0169          0.0243          0.0257          0.0118          0.0159


2025-11-20 17:14:36: Validating
# epoch      batch      total_loss     energy_loss     forces_loss      energy_mae     energy_rmse      forces_mae     forces_rmse
    165          0         0.00747        1.28e-05         0.00746         0.00367          0.0044         0.00793          0.0106
    165         10         0.00804        4.69e-06         0.00804         0.00192         0.00266         0.00831           0.011
    165         20         0.00885        8.37e-06         0.00885         0.00294         0.00355         0.00801          0.0115


2025-11-20 17:14:37: Epoch summary:
Validation  # epoch      total_loss     energy_loss     forces_loss      energy_mae     energy_rmse      forces_mae     forces_rmse
                165          0.0141        8.24e-05           0.014         0.00418         0.00684         0.00971          0.0139
Train       # epoch      total_loss     energy_loss     forces_loss      energy_mae     energy_rmse      forces_mae     forces_rmse
                165          0.0148         0.00045          0.0144          0.0198          0.0218          0.0109          0.0146


2025-11-20 17:14:37: Training
# epoch      batch      total_loss     energy_loss     forces_loss      energy_mae     energy_rmse      forces_mae     forces_rmse
    166          0          0.0147        0.000349          0.0143          0.0212          0.0229          0.0107          0.0147
    166         10          0.0153         0.00226           0.013          0.0481          0.0583          0.0104           0.014
    166         20          0.0132        0.000822          0.0124          0.0172          0.0352          0.0101          0.0137
    166         30         0.00978        0.000483          0.0093          0.0266           0.027         0.00885          0.0118
    166         40          0.0167         0.00014          0.0165           0.013          0.0145          0.0119          0.0158
    166         50          0.0213         0.00101          0.0203          0.0384           0.039          0.0127          0.0175
    166         60          0.0135         0.00144          0.0121           0.046          0.0466          0.0102          0.0135
    166         70         0.00993        1.96e-05         0.00991         0.00396         0.00544         0.00921          0.0122
    166         80          0.0171        0.000148          0.0169          0.0133           0.015          0.0119           0.016
    166         90          0.0142        0.000213           0.014          0.0157          0.0179           0.011          0.0145
    166        100          0.0265         0.00175          0.0248          0.0493          0.0514           0.014          0.0193
    166        110          0.0248        0.000798           0.024          0.0333          0.0347          0.0141           0.019


2025-11-20 17:14:49: Validating
# epoch      batch      total_loss     energy_loss     forces_loss      energy_mae     energy_rmse      forces_mae     forces_rmse
    166          0         0.00728        1.02e-05         0.00727         0.00347         0.00392         0.00784          0.0105
    166         10         0.00818        5.03e-06         0.00818         0.00186         0.00275         0.00835          0.0111
    166         20         0.00864        1.04e-05         0.00863         0.00335         0.00396         0.00801          0.0114


2025-11-20 17:14:51: Epoch summary:
Validation  # epoch      total_loss     energy_loss     forces_loss      energy_mae     energy_rmse      forces_mae     forces_rmse
                166           0.014        8.29e-05          0.0139         0.00422         0.00689         0.00968          0.0138
Train       # epoch      total_loss     energy_loss     forces_loss      energy_mae     energy_rmse      forces_mae     forces_rmse
                166          0.0154        0.000678          0.0147          0.0244          0.0262           0.011          0.0148


2025-11-20 17:14:51: Training
# epoch      batch      total_loss     energy_loss     forces_loss      energy_mae     energy_rmse      forces_mae     forces_rmse
    167          0           0.044         0.00454          0.0394          0.0808          0.0827          0.0164          0.0244
    167         10          0.0357         0.00972          0.0259           0.121           0.121          0.0144          0.0198
    167         20          0.0185         0.00443          0.0141           0.078          0.0817          0.0113          0.0146
    167         30          0.0154        8.93e-05          0.0153         0.00962          0.0116          0.0113          0.0152
    167         40          0.0129        8.61e-05          0.0128         0.00982          0.0114          0.0103          0.0139
    167         50          0.0147         0.00101          0.0137          0.0387          0.0391          0.0109          0.0144
    167         60           0.014        6.86e-05           0.014         0.00901          0.0102          0.0108          0.0145
    167         70            0.02        0.000131          0.0199          0.0122          0.0141          0.0122          0.0173
    167         80          0.0166        0.000522           0.016          0.0271          0.0281          0.0118          0.0155
    167         90          0.0172        2.89e-05          0.0172         0.00599          0.0066          0.0117          0.0161
    167        100          0.0305         0.00216          0.0284          0.0538           0.057          0.0146          0.0207
    167        110          0.0204        0.000724          0.0197          0.0315           0.033          0.0123          0.0172


2025-11-20 17:15:03: Validating
# epoch      batch      total_loss     energy_loss     forces_loss      energy_mae     energy_rmse      forces_mae     forces_rmse
    167          0         0.00725        7.38e-06         0.00724         0.00296         0.00334          0.0078          0.0104
    167         10         0.00795        2.37e-06         0.00795         0.00153         0.00189         0.00825          0.0109
    167         20         0.00868        1.14e-05         0.00867         0.00332         0.00414         0.00798          0.0114


2025-11-20 17:15:04: Epoch summary:
Validation  # epoch      total_loss     energy_loss     forces_loss      energy_mae     energy_rmse      forces_mae     forces_rmse
                167           0.014        8.16e-05          0.0139         0.00414         0.00671         0.00967          0.0138
Train       # epoch      total_loss     energy_loss     forces_loss      energy_mae     energy_rmse      forces_mae     forces_rmse
                167          0.0201         0.00162          0.0185          0.0353          0.0372          0.0121          0.0164


2025-11-20 17:15:04: Training
# epoch      batch      total_loss     energy_loss     forces_loss      energy_mae     energy_rmse      forces_mae     forces_rmse
    168          0          0.0195        0.000237          0.0193          0.0172          0.0189           0.012          0.0171
    168         10          0.0254        0.000164          0.0252          0.0122          0.0157          0.0147          0.0195
    168         20          0.0238         0.00531          0.0185          0.0892          0.0895          0.0124          0.0167
    168         30          0.0178        0.000516          0.0173           0.027          0.0279           0.012          0.0161
    168         40          0.0142        6.98e-05          0.0141         0.00769          0.0103          0.0109          0.0146
    168         50          0.0125        2.35e-05          0.0124         0.00482         0.00595          0.0102          0.0137
    168         60          0.0113        0.000101          0.0112          0.0111          0.0123         0.00964           0.013
    168         70          0.0242        9.02e-05          0.0241          0.0101          0.0117          0.0136          0.0191
    168         80          0.0238         0.00596          0.0178          0.0944          0.0948          0.0119          0.0164
    168         90          0.0194        0.000885          0.0185          0.0346          0.0365          0.0123          0.0167
    168        100          0.0156        0.000112          0.0154         0.00896           0.013          0.0115          0.0153
    168        110          0.0187        0.000266          0.0184          0.0191            0.02          0.0127          0.0167


2025-11-20 17:15:16: Validating
# epoch      batch      total_loss     energy_loss     forces_loss      energy_mae     energy_rmse      forces_mae     forces_rmse
    168          0         0.00736        7.78e-06         0.00735         0.00298         0.00343         0.00781          0.0105
    168         10         0.00781        3.03e-06         0.00781          0.0018         0.00214         0.00815          0.0109
    168         20         0.00879        9.48e-06         0.00878         0.00312         0.00378         0.00802          0.0115


2025-11-20 17:15:17: Epoch summary:
Validation  # epoch      total_loss     energy_loss     forces_loss      energy_mae     energy_rmse      forces_mae     forces_rmse
                168           0.014        8.25e-05          0.0139         0.00417         0.00671         0.00966          0.0138
Train       # epoch      total_loss     energy_loss     forces_loss      energy_mae     energy_rmse      forces_mae     forces_rmse
                168          0.0172         0.00104          0.0162          0.0298          0.0318          0.0115          0.0155


2025-11-20 17:15:17: Training
# epoch      batch      total_loss     energy_loss     forces_loss      energy_mae     energy_rmse      forces_mae     forces_rmse
    169          0          0.0127        0.000149          0.0125          0.0142           0.015          0.0103          0.0137
    169         10          0.0147        8.16e-05          0.0146         0.00954          0.0111          0.0108          0.0148
    169         20           0.019        0.000654          0.0183          0.0305          0.0314          0.0122          0.0166
    169         30          0.0201         0.00299          0.0172          0.0669          0.0671           0.012          0.0161
    169         40          0.0168        6.94e-05          0.0167         0.00948          0.0102          0.0117          0.0159
    169         50          0.0173        0.000272          0.0171          0.0189          0.0203          0.0123           0.016
    169         60          0.0142        0.000332          0.0139          0.0214          0.0224          0.0108          0.0145
    169         70          0.0144        5.88e-05          0.0143         0.00609         0.00942          0.0108          0.0147
    169         80          0.0123          0.0017          0.0106          0.0502          0.0506         0.00954          0.0126
    169         90          0.0183        0.000111          0.0181         0.00858          0.0129          0.0121          0.0165
    169        100          0.0138        0.000755           0.013          0.0132          0.0337          0.0105           0.014
    169        110          0.0275         0.00369          0.0238          0.0738          0.0746          0.0141          0.0189


2025-11-20 17:15:28: Validating
# epoch      batch      total_loss     energy_loss     forces_loss      energy_mae     energy_rmse      forces_mae     forces_rmse
    169          0         0.00722        9.05e-06         0.00721         0.00299         0.00369         0.00776          0.0104
    169         10         0.00779        3.38e-06         0.00779         0.00189         0.00226         0.00811          0.0108
    169         20         0.00881        7.61e-06          0.0088         0.00284         0.00339         0.00796          0.0115


2025-11-20 17:15:29: Epoch summary:
Validation  # epoch      total_loss     energy_loss     forces_loss      energy_mae     energy_rmse      forces_mae     forces_rmse
                169          0.0139        8.06e-05          0.0138         0.00407         0.00661         0.00963          0.0138
Train       # epoch      total_loss     energy_loss     forces_loss      energy_mae     energy_rmse      forces_mae     forces_rmse
                169          0.0178        0.000772           0.017          0.0267          0.0287          0.0117          0.0159


2025-11-20 17:15:29: Training
# epoch      batch      total_loss     energy_loss     forces_loss      energy_mae     energy_rmse      forces_mae     forces_rmse
    170          0          0.0176        0.000802          0.0168          0.0334          0.0348          0.0121          0.0159
    170         10           0.018        3.92e-05           0.018         0.00608         0.00769          0.0124          0.0165
    170         20           0.019          0.0001          0.0189          0.0107          0.0123          0.0122          0.0169
    170         30          0.0244        0.000488          0.0239          0.0255          0.0271          0.0137           0.019
    170         40          0.0255         0.00572          0.0198          0.0926          0.0928          0.0132          0.0173
    170         50          0.0306         0.00123          0.0294          0.0411          0.0431          0.0141          0.0211
    170         60          0.0255          0.0013          0.0243          0.0438          0.0442          0.0142          0.0191
    170         70          0.0221        0.000242          0.0219          0.0162          0.0191          0.0137          0.0182
    170         80          0.0142        0.000204           0.014          0.0161          0.0176          0.0112          0.0145
    170         90          0.0134        2.23e-05          0.0134         0.00483         0.00581          0.0109          0.0142
    170        100          0.0166         1.3e-05          0.0166         0.00391         0.00443          0.0112          0.0158
    170        110          0.0215        0.000299          0.0212          0.0199          0.0212           0.013          0.0179


2025-11-20 17:15:40: Validating
# epoch      batch      total_loss     energy_loss     forces_loss      energy_mae     energy_rmse      forces_mae     forces_rmse
    170          0         0.00716        1.37e-05         0.00714         0.00379         0.00454         0.00773          0.0104
    170         10         0.00798        4.25e-06         0.00798          0.0017         0.00253         0.00819           0.011
    170         20         0.00899        8.61e-06         0.00898          0.0031          0.0036         0.00805          0.0116


2025-11-20 17:15:42: Epoch summary:
Validation  # epoch      total_loss     energy_loss     forces_loss      energy_mae     energy_rmse      forces_mae     forces_rmse
                170           0.014        8.55e-05          0.0139         0.00421         0.00687         0.00964          0.0138
Train       # epoch      total_loss     energy_loss     forces_loss      energy_mae     energy_rmse      forces_mae     forces_rmse
                170          0.0216         0.00114          0.0204          0.0303          0.0325          0.0128          0.0174


2025-11-20 17:15:42: Training
# epoch      batch      total_loss     energy_loss     forces_loss      energy_mae     energy_rmse      forces_mae     forces_rmse
    171          0          0.0176        0.000141          0.0175          0.0136          0.0146          0.0123          0.0162
    171         10          0.0155         0.00198          0.0135          0.0523          0.0547          0.0107          0.0143
    171         20          0.0183        8.44e-05          0.0182         0.00785          0.0113          0.0123          0.0166
    171         30          0.0218         0.00406          0.0178          0.0778          0.0783          0.0122          0.0164
    171         40          0.0133         0.00027           0.013          0.0193          0.0202          0.0106           0.014
    171         50          0.0152        0.000169           0.015          0.0146           0.016          0.0113           0.015
    171         60          0.0123          0.0003           0.012          0.0187          0.0213         0.00987          0.0135
    171         70          0.0169         0.00018          0.0167          0.0145          0.0165          0.0117          0.0159
    171         80          0.0135         0.00147           0.012          0.0468          0.0471         0.00997          0.0135
    171         90          0.0164        0.000303          0.0161          0.0203          0.0214          0.0115          0.0156
    171        100          0.0157         0.00093          0.0148          0.0372          0.0374          0.0112          0.0149
    171        110          0.0194         0.00147           0.018          0.0463          0.0471          0.0123          0.0165


2025-11-20 17:15:53: Validating
# epoch      batch      total_loss     energy_loss     forces_loss      energy_mae     energy_rmse      forces_mae     forces_rmse
    171          0          0.0072        1.17e-05         0.00719         0.00349          0.0042         0.00771          0.0104
    171         10         0.00795        3.13e-06         0.00795         0.00154         0.00217         0.00819          0.0109
    171         20         0.00905        1.06e-05         0.00904         0.00339           0.004          0.0081          0.0117


2025-11-20 17:15:54: Epoch summary:
Validation  # epoch      total_loss     energy_loss     forces_loss      energy_mae     energy_rmse      forces_mae     forces_rmse
                171          0.0139        8.48e-05          0.0138          0.0041         0.00676         0.00961          0.0138
Train       # epoch      total_loss     energy_loss     forces_loss      energy_mae     energy_rmse      forces_mae     forces_rmse
                171          0.0172         0.00111          0.0161          0.0338          0.0354          0.0115          0.0155


2025-11-20 17:15:54: Training
# epoch      batch      total_loss     energy_loss     forces_loss      energy_mae     energy_rmse      forces_mae     forces_rmse
    172          0          0.0214        4.35e-05          0.0213         0.00663          0.0081          0.0134          0.0179
    172         10           0.028         0.00306           0.025          0.0673          0.0679          0.0131          0.0194
    172         20          0.0132        0.000242           0.013          0.0185          0.0191          0.0111           0.014
    172         30          0.0231        0.000449          0.0227          0.0253           0.026          0.0133          0.0185
    172         40          0.0169        0.000209          0.0167          0.0171          0.0178          0.0122          0.0159
    172         50           0.016         0.00149          0.0145          0.0469          0.0474          0.0106          0.0148
    172         60          0.0264        0.000411           0.026          0.0242          0.0249          0.0138          0.0198
    172         70          0.0179         0.00143          0.0165          0.0461          0.0464          0.0117          0.0158
    172         80          0.0189        0.000302          0.0186            0.02          0.0214          0.0122          0.0167
    172         90          0.0222        0.000428          0.0218          0.0247          0.0254           0.013          0.0181
    172        100          0.0154         0.00169          0.0137          0.0502          0.0505          0.0107          0.0144
    172        110          0.0187           4e-05          0.0187         0.00579         0.00777          0.0124          0.0168


2025-11-20 17:16:05: Validating
# epoch      batch      total_loss     energy_loss     forces_loss      energy_mae     energy_rmse      forces_mae     forces_rmse
    172          0         0.00712        1.32e-05         0.00711         0.00357         0.00446         0.00767          0.0104
    172         10         0.00809        2.04e-06         0.00809         0.00135         0.00175         0.00825           0.011
    172         20         0.00895        9.66e-06         0.00894         0.00322         0.00382         0.00806          0.0116


2025-11-20 17:16:06: Epoch summary:
Validation  # epoch      total_loss     energy_loss     forces_loss      energy_mae     energy_rmse      forces_mae     forces_rmse
                172           0.014        8.17e-05          0.0139         0.00406         0.00666         0.00963          0.0138
Train       # epoch      total_loss     energy_loss     forces_loss      energy_mae     energy_rmse      forces_mae     forces_rmse
                172          0.0202        0.000821          0.0194           0.028          0.0302          0.0125           0.017


2025-11-20 17:16:06: Training
# epoch      batch      total_loss     energy_loss     forces_loss      energy_mae     energy_rmse      forces_mae     forces_rmse
    173          0            0.01          0.0002         0.00985          0.0162          0.0173         0.00938          0.0122
    173         10          0.0122        0.000582          0.0116          0.0293          0.0296            0.01          0.0132
    173         20          0.0201        9.98e-05            0.02         0.00922          0.0123          0.0129          0.0174
    173         30           0.021        0.000778          0.0202          0.0333          0.0342          0.0128          0.0174
    173         40          0.0155        0.000949          0.0145          0.0374          0.0378          0.0114          0.0148
    173         50          0.0222        0.000622          0.0216          0.0303          0.0306          0.0135           0.018
    173         60          0.0188        0.000366          0.0185          0.0226          0.0235          0.0123          0.0167
    173         70          0.0145        1.49e-05          0.0145         0.00366         0.00474          0.0113          0.0148
    173         80          0.0188         0.00127          0.0176          0.0317          0.0437          0.0126          0.0163
    173         90          0.0187        0.000117          0.0186          0.0107          0.0133          0.0125          0.0167
    173        100          0.0153        6.99e-05          0.0152         0.00948          0.0103          0.0115          0.0152
    173        110          0.0187        8.18e-05          0.0187            0.01          0.0111          0.0127          0.0168


2025-11-20 17:16:17: Validating
# epoch      batch      total_loss     energy_loss     forces_loss      energy_mae     energy_rmse      forces_mae     forces_rmse
    173          0         0.00706        9.62e-06         0.00705         0.00326         0.00381         0.00765          0.0103
    173         10         0.00806        1.48e-06         0.00806         0.00119         0.00149         0.00823           0.011
    173         20         0.00866        1.04e-05         0.00865         0.00339         0.00396         0.00796          0.0114


2025-11-20 17:16:18: Epoch summary:
Validation  # epoch      total_loss     energy_loss     forces_loss      energy_mae     energy_rmse      forces_mae     forces_rmse
                173          0.0139        8.36e-05          0.0138         0.00406         0.00665          0.0096          0.0138
Train       # epoch      total_loss     energy_loss     forces_loss      energy_mae     energy_rmse      forces_mae     forces_rmse
                173          0.0182        0.000485          0.0177          0.0211          0.0233           0.012          0.0162


2025-11-20 17:16:18: Training
# epoch      batch      total_loss     energy_loss     forces_loss      energy_mae     energy_rmse      forces_mae     forces_rmse
    174          0          0.0114        0.000364           0.011          0.0204          0.0234         0.00995          0.0129
    174         10          0.0179         0.00048          0.0174          0.0188          0.0269          0.0117          0.0162
    174         20          0.0278         0.00122          0.0266          0.0415          0.0428          0.0131            0.02
    174         30          0.0364         0.00512          0.0313          0.0871          0.0879          0.0155          0.0217
    174         40          0.0275        0.000622          0.0269          0.0272          0.0306           0.015          0.0201
    174         50          0.0309         0.00392           0.027          0.0765          0.0769           0.015          0.0202
    174         60          0.0205        0.000356          0.0202          0.0215          0.0232          0.0132          0.0174
    174         70          0.0268        0.000421          0.0264          0.0229          0.0252          0.0144          0.0199
    174         80          0.0285        0.000454           0.028          0.0246          0.0262          0.0157          0.0206
    174         90          0.0477          0.0159          0.0317           0.154           0.155          0.0162          0.0219
    174        100          0.0193        8.23e-05          0.0192          0.0101          0.0111          0.0129           0.017
    174        110          0.0376         0.00166          0.0359          0.0492            0.05          0.0163          0.0233


2025-11-20 17:16:29: Validating
# epoch      batch      total_loss     energy_loss     forces_loss      energy_mae     energy_rmse      forces_mae     forces_rmse
    174          0           0.007        1.17e-05         0.00698         0.00386          0.0042         0.00764          0.0103
    174         10         0.00837        4.05e-06         0.00836         0.00192         0.00247         0.00832          0.0112
    174         20         0.00873        1.42e-05         0.00872         0.00398         0.00463         0.00796          0.0115


2025-11-20 17:16:30: Epoch summary:
Validation  # epoch      total_loss     energy_loss     forces_loss      energy_mae     energy_rmse      forces_mae     forces_rmse
                174           0.014        8.68e-05          0.0139         0.00443         0.00705         0.00962          0.0138
Train       # epoch      total_loss     energy_loss     forces_loss      energy_mae     energy_rmse      forces_mae     forces_rmse
                174          0.0315         0.00231          0.0292           0.046          0.0484          0.0147          0.0205


2025-11-20 17:16:30: Training
# epoch      batch      total_loss     energy_loss     forces_loss      energy_mae     energy_rmse      forces_mae     forces_rmse
    175          0          0.0349        7.68e-05          0.0348         0.00862          0.0108          0.0169          0.0229
    175         10          0.0259        0.000216          0.0257          0.0146           0.018          0.0149          0.0197
    175         20          0.0156         0.00026          0.0153          0.0176          0.0198          0.0117          0.0152
    175         30           0.019        0.000138          0.0189          0.0126          0.0144          0.0124          0.0169
    175         40          0.0136        5.53e-05          0.0135         0.00572         0.00913          0.0105          0.0143
    175         50          0.0153        9.33e-05          0.0152         0.00946          0.0119          0.0116          0.0151
    175         60          0.0148         0.00116          0.0136          0.0414          0.0418          0.0109          0.0143
    175         70          0.0176         0.00192          0.0157          0.0531          0.0538          0.0113          0.0154
    175         80           0.017         0.00103           0.016           0.038          0.0393          0.0113          0.0155
    175         90          0.0198        0.000206          0.0196          0.0157          0.0176          0.0122          0.0172
    175        100           0.016        0.000109          0.0159          0.0118          0.0128          0.0117          0.0155
    175        110          0.0115        2.59e-05          0.0115          0.0048         0.00625            0.01          0.0132


2025-11-20 17:16:41: Validating
# epoch      batch      total_loss     energy_loss     forces_loss      energy_mae     energy_rmse      forces_mae     forces_rmse
    175          0         0.00711        1.03e-05          0.0071         0.00356         0.00394         0.00769          0.0103
    175         10         0.00802        1.95e-06         0.00802          0.0014         0.00171         0.00825           0.011
    175         20         0.00872        1.72e-05          0.0087         0.00426         0.00509         0.00799          0.0115


2025-11-20 17:16:42: Epoch summary:
Validation  # epoch      total_loss     energy_loss     forces_loss      energy_mae     energy_rmse      forces_mae     forces_rmse
                175           0.014        8.71e-05          0.0139         0.00426         0.00693         0.00963          0.0138
Train       # epoch      total_loss     energy_loss     forces_loss      energy_mae     energy_rmse      forces_mae     forces_rmse
                175          0.0183         0.00056          0.0177          0.0225          0.0244           0.012          0.0161


2025-11-20 17:16:42: Training
# epoch      batch      total_loss     energy_loss     forces_loss      energy_mae     energy_rmse      forces_mae     forces_rmse
    176          0          0.0177        7.26e-05          0.0177         0.00972          0.0105          0.0119          0.0163
    176         10          0.0129        0.000336          0.0126          0.0219          0.0225          0.0101          0.0138
    176         20           0.013        8.57e-05          0.0129         0.00931          0.0114          0.0102          0.0139
    176         30          0.0161          0.0001           0.016          0.0108          0.0123          0.0116          0.0155
    176         40          0.0138         0.00048          0.0134          0.0256          0.0269          0.0107          0.0142
    176         50          0.0177        0.000745           0.017           0.033          0.0335          0.0117           0.016
    176         60          0.0232        0.000574          0.0226           0.028          0.0294          0.0135          0.0185
    176         70          0.0199         0.00149          0.0184          0.0379          0.0474          0.0123          0.0167
    176         80          0.0107        3.36e-05          0.0107         0.00563         0.00712         0.00966          0.0127
    176         90          0.0173        0.000854          0.0164          0.0347          0.0359          0.0117          0.0157
    176        100          0.0198        0.000393          0.0194          0.0238          0.0244          0.0122          0.0171
    176        110          0.0184        0.000206          0.0182          0.0153          0.0176          0.0125          0.0166


2025-11-20 17:16:53: Validating
# epoch      batch      total_loss     energy_loss     forces_loss      energy_mae     energy_rmse      forces_mae     forces_rmse
    176          0         0.00713        8.59e-06         0.00712         0.00328          0.0036         0.00769          0.0104
    176         10         0.00783        2.57e-06         0.00783         0.00144         0.00197          0.0082          0.0109
    176         20         0.00862        1.53e-05          0.0086         0.00398          0.0048         0.00805          0.0114


2025-11-20 17:16:54: Epoch summary:
Validation  # epoch      total_loss     energy_loss     forces_loss      energy_mae     energy_rmse      forces_mae     forces_rmse
                176          0.0139        8.83e-05          0.0138         0.00418          0.0069         0.00962          0.0138
Train       # epoch      total_loss     energy_loss     forces_loss      energy_mae     energy_rmse      forces_mae     forces_rmse
                176          0.0175        0.000505           0.017          0.0219           0.024          0.0117          0.0159


2025-11-20 17:16:54: Training
# epoch      batch      total_loss     energy_loss     forces_loss      energy_mae     energy_rmse      forces_mae     forces_rmse
    177          0          0.0186         0.00287          0.0157          0.0656          0.0658          0.0108          0.0154
    177         10          0.0162        0.000269          0.0159          0.0172          0.0201          0.0116          0.0155
    177         20          0.0249        0.000495          0.0244          0.0254          0.0273          0.0135          0.0192
    177         30          0.0204        0.000649          0.0197          0.0307          0.0313          0.0126          0.0173
    177         40          0.0169        0.000799          0.0161          0.0335          0.0347          0.0116          0.0156
    177         50          0.0183        4.98e-05          0.0182           0.006         0.00866          0.0125          0.0166
    177         60          0.0192        0.000141          0.0191         0.00863          0.0146          0.0126           0.017
    177         70          0.0198        0.000579          0.0192          0.0281          0.0295          0.0127           0.017
    177         80          0.0275        0.000964          0.0266          0.0364          0.0381          0.0149            0.02
    177         90          0.0495        0.000463          0.0491          0.0229          0.0264          0.0184          0.0272
    177        100          0.0268         0.00125          0.0256          0.0425          0.0434          0.0147          0.0196
    177        110          0.0183        0.000568          0.0177          0.0227          0.0293          0.0123          0.0163


2025-11-20 17:17:05: Validating
# epoch      batch      total_loss     energy_loss     forces_loss      energy_mae     energy_rmse      forces_mae     forces_rmse
    177          0         0.00718        9.28e-06         0.00717         0.00346         0.00374          0.0077          0.0104
    177         10         0.00766        1.69e-06         0.00766         0.00121          0.0016         0.00816          0.0107
    177         20         0.00893        1.25e-05         0.00892         0.00376         0.00434         0.00812          0.0116


2025-11-20 17:17:06: Epoch summary:
Validation  # epoch      total_loss     energy_loss     forces_loss      energy_mae     energy_rmse      forces_mae     forces_rmse
                177           0.014        8.91e-05          0.0139         0.00428         0.00698         0.00965          0.0138
Train       # epoch      total_loss     energy_loss     forces_loss      energy_mae     energy_rmse      forces_mae     forces_rmse
                177          0.0219        0.000929           0.021            0.03           0.032          0.0128          0.0176


2025-11-20 17:17:06: Training
# epoch      batch      total_loss     energy_loss     forces_loss      energy_mae     energy_rmse      forces_mae     forces_rmse
    178          0          0.0281         0.00079          0.0273          0.0286          0.0345          0.0136          0.0203
    178         10          0.0244         0.00109          0.0234          0.0358          0.0405          0.0136          0.0188
    178         20          0.0152        5.73e-05          0.0152         0.00843          0.0093          0.0115          0.0151
    178         30          0.0228        0.000272          0.0225          0.0184          0.0203          0.0137          0.0184
    178         40          0.0295        0.000674          0.0288           0.029          0.0319          0.0148          0.0208
    178         50          0.0276        0.000537           0.027          0.0251          0.0285          0.0145          0.0202
    178         60          0.0192        0.000601          0.0186          0.0297          0.0301          0.0123          0.0167
    178         70          0.0186        0.000818          0.0178          0.0346          0.0351          0.0122          0.0164
    178         80            0.02        0.000136          0.0198          0.0114          0.0143          0.0125          0.0173
    178         90          0.0167        0.000435          0.0163          0.0241          0.0256          0.0115          0.0157
    178        100          0.0273         0.00195          0.0254          0.0432          0.0543           0.014          0.0196
    178        110           0.017        0.000598          0.0164           0.028            0.03          0.0118          0.0157


2025-11-20 17:17:17: Validating
# epoch      batch      total_loss     energy_loss     forces_loss      energy_mae     energy_rmse      forces_mae     forces_rmse
    178          0         0.00726        9.63e-06         0.00725         0.00348         0.00381         0.00774          0.0105
    178         10         0.00771        2.19e-06         0.00771         0.00139         0.00182         0.00815          0.0108
    178         20         0.00891        1.39e-05          0.0089         0.00386         0.00458         0.00806          0.0116


2025-11-20 17:17:18: Epoch summary:
Validation  # epoch      total_loss     energy_loss     forces_loss      energy_mae     energy_rmse      forces_mae     forces_rmse
                178           0.014        8.78e-05          0.0139         0.00433           0.007         0.00965          0.0138
Train       # epoch      total_loss     energy_loss     forces_loss      energy_mae     energy_rmse      forces_mae     forces_rmse
                178          0.0224         0.00055          0.0218          0.0232          0.0255          0.0131           0.018


2025-11-20 17:17:18: Training
# epoch      batch      total_loss     energy_loss     forces_loss      energy_mae     energy_rmse      forces_mae     forces_rmse
    179          0          0.0283        0.000154          0.0281           0.014          0.0153           0.015          0.0206
    179         10           0.022         0.00125          0.0207          0.0432          0.0435          0.0132          0.0177
    179         20           0.021         0.00119          0.0198          0.0193          0.0424          0.0128          0.0173
    179         30          0.0305          0.0025           0.028          0.0597          0.0614          0.0152          0.0205
    179         40          0.0328        0.000338          0.0324          0.0191          0.0226          0.0153          0.0221
    179         50           0.034         0.00561          0.0284          0.0913          0.0919          0.0139          0.0207
    179         60          0.0465         0.00959          0.0369           0.119            0.12          0.0145          0.0236
    179         70          0.0292         0.00726          0.0219           0.104           0.105          0.0133          0.0182
    179         80          0.0233         0.00178          0.0216          0.0503          0.0518          0.0134           0.018
    179         90          0.0214         0.00104          0.0203          0.0393          0.0395          0.0128          0.0175
    179        100           0.026        0.000806          0.0252          0.0291          0.0349          0.0144          0.0195
    179        110          0.0259        8.28e-05          0.0258         0.00964          0.0112          0.0144          0.0197


2025-11-20 17:17:30: Validating
# epoch      batch      total_loss     energy_loss     forces_loss      energy_mae     energy_rmse      forces_mae     forces_rmse
    179          0         0.00733        8.26e-06         0.00732         0.00328         0.00353         0.00781          0.0105
    179         10         0.00781         2.8e-06         0.00781          0.0016         0.00206         0.00818          0.0109
    179         20         0.00928        1.29e-05         0.00926         0.00364         0.00441         0.00817          0.0118


2025-11-20 17:17:31: Epoch summary:
Validation  # epoch      total_loss     energy_loss     forces_loss      energy_mae     energy_rmse      forces_mae     forces_rmse
                179           0.014        8.43e-05          0.0139         0.00434           0.007         0.00964          0.0138
Train       # epoch      total_loss     energy_loss     forces_loss      energy_mae     energy_rmse      forces_mae     forces_rmse
                179           0.026         0.00236          0.0236          0.0477          0.0495          0.0135          0.0186


2025-11-20 17:17:31: Training
# epoch      batch      total_loss     energy_loss     forces_loss      energy_mae     energy_rmse      forces_mae     forces_rmse
    180          0          0.0249         0.00257          0.0224          0.0614          0.0623          0.0141          0.0184
    180         10           0.016        0.000143          0.0159          0.0131          0.0147          0.0115          0.0155
    180         20          0.0113        0.000139          0.0111          0.0127          0.0145         0.00966           0.013
    180         30          0.0122        0.000497          0.0117          0.0268          0.0274          0.0101          0.0133
    180         40          0.0175        0.000836          0.0166          0.0348          0.0355          0.0119          0.0158
    180         50          0.0135        7.12e-05          0.0135         0.00678          0.0104          0.0106          0.0142
    180         60          0.0129        2.36e-05          0.0128         0.00464         0.00597          0.0106          0.0139
    180         70          0.0139        0.000153          0.0138          0.0146          0.0152          0.0104          0.0144
    180         80          0.0291         0.00222          0.0269          0.0423          0.0579          0.0146          0.0201
    180         90          0.0174         0.00132          0.0161          0.0441          0.0445          0.0118          0.0156
    180        100          0.0148         0.00095          0.0138          0.0375          0.0378          0.0109          0.0144
    180        110           0.019         0.00018          0.0188          0.0153          0.0165          0.0126          0.0168


2025-11-20 17:17:42: Validating
# epoch      batch      total_loss     energy_loss     forces_loss      energy_mae     energy_rmse      forces_mae     forces_rmse
    180          0         0.00734        8.26e-06         0.00733         0.00321         0.00353         0.00779          0.0105
    180         10         0.00773        2.49e-06         0.00773         0.00168         0.00194         0.00813          0.0108
    180         20         0.00931         1.2e-05          0.0093         0.00349         0.00426         0.00819          0.0118


2025-11-20 17:17:43: Epoch summary:
Validation  # epoch      total_loss     energy_loss     forces_loss      energy_mae     energy_rmse      forces_mae     forces_rmse
                180           0.014        8.42e-05          0.0139         0.00428         0.00688         0.00961          0.0138
Train       # epoch      total_loss     energy_loss     forces_loss      energy_mae     energy_rmse      forces_mae     forces_rmse
                180           0.016        0.000705          0.0153          0.0257          0.0277          0.0113          0.0151


2025-11-20 17:17:43: Training
# epoch      batch      total_loss     energy_loss     forces_loss      energy_mae     energy_rmse      forces_mae     forces_rmse
    181          0           0.015        4.14e-05           0.015         0.00608          0.0079          0.0111           0.015
    181         10          0.0123         0.00103          0.0112          0.0218          0.0394         0.00983           0.013
    181         20          0.0117        0.000346          0.0113          0.0219          0.0229         0.00979          0.0131
    181         30          0.0125        0.000312          0.0122           0.021          0.0217          0.0101          0.0136
    181         40          0.0133        0.000639          0.0126          0.0306           0.031          0.0104          0.0138
    181         50          0.0125        0.000128          0.0123          0.0124          0.0139          0.0101          0.0136
    181         60          0.0142        7.18e-05          0.0141         0.00899          0.0104          0.0109          0.0146
    181         70          0.0102        4.27e-05          0.0101         0.00732         0.00803         0.00952          0.0124
    181         80          0.0315         0.00132          0.0302          0.0427          0.0447          0.0152          0.0213
    181         90          0.0434         0.00286          0.0406          0.0643          0.0656          0.0164          0.0247
    181        100          0.0227        0.000338          0.0223          0.0187          0.0226          0.0131          0.0183
    181        110          0.0298         0.00197          0.0278           0.054          0.0545          0.0149          0.0205


2025-11-20 17:17:54: Validating
# epoch      batch      total_loss     energy_loss     forces_loss      energy_mae     energy_rmse      forces_mae     forces_rmse
    181          0         0.00727        8.43e-06         0.00726          0.0034         0.00356         0.00779          0.0105
    181         10         0.00787        2.03e-06         0.00786         0.00142         0.00175         0.00816          0.0109
    181         20         0.00921        1.39e-05         0.00919         0.00378         0.00458         0.00818          0.0118


2025-11-20 17:17:56: Epoch summary:
Validation  # epoch      total_loss     energy_loss     forces_loss      energy_mae     energy_rmse      forces_mae     forces_rmse
                181           0.014        8.71e-05          0.0139         0.00435         0.00703         0.00961          0.0138
Train       # epoch      total_loss     energy_loss     forces_loss      energy_mae     energy_rmse      forces_mae     forces_rmse
                181          0.0203        0.000928          0.0193          0.0301          0.0319           0.012          0.0166


2025-11-20 17:17:56: Training
# epoch      batch      total_loss     energy_loss     forces_loss      energy_mae     energy_rmse      forces_mae     forces_rmse
    182          0          0.0337         0.00423          0.0294           0.071          0.0799          0.0146          0.0211
    182         10          0.0202        0.000912          0.0193          0.0339          0.0371           0.013          0.0171
    182         20          0.0202         0.00192          0.0183          0.0532          0.0538          0.0126          0.0166
    182         30          0.0118        0.000654          0.0112          0.0307          0.0314         0.00995           0.013
    182         40          0.0249        0.000233          0.0246          0.0166          0.0187          0.0142          0.0193
    182         50          0.0467        0.000424          0.0463          0.0237          0.0253          0.0165          0.0264
    182         60          0.0436        0.000605           0.043          0.0273          0.0302          0.0188          0.0255
    182         70          0.0294          0.0064           0.023          0.0979          0.0982          0.0141          0.0186
    182         80          0.0331         0.00402          0.0291          0.0771          0.0778          0.0161          0.0209
    182         90          0.0347         0.00492          0.0298          0.0856          0.0862          0.0153          0.0212
    182        100          0.0309         0.00191           0.029          0.0509          0.0537          0.0158          0.0209
    182        110          0.0126        0.000277          0.0123          0.0193          0.0204          0.0104          0.0136


2025-11-20 17:18:07: Validating
# epoch      batch      total_loss     energy_loss     forces_loss      energy_mae     energy_rmse      forces_mae     forces_rmse
    182          0         0.00714        8.37e-06         0.00714         0.00332         0.00355         0.00774          0.0104
    182         10         0.00803        2.13e-06         0.00803          0.0013         0.00179          0.0082           0.011
    182         20         0.00954        1.36e-05         0.00953         0.00377         0.00453         0.00824           0.012


2025-11-20 17:18:08: Epoch summary:
Validation  # epoch      total_loss     energy_loss     forces_loss      energy_mae     energy_rmse      forces_mae     forces_rmse
                182          0.0141        8.93e-05           0.014          0.0044         0.00711         0.00965          0.0139
Train       # epoch      total_loss     energy_loss     forces_loss      energy_mae     energy_rmse      forces_mae     forces_rmse
                182           0.028         0.00207           0.026          0.0493          0.0509          0.0142          0.0195


2025-11-20 17:18:08: Training
# epoch      batch      total_loss     energy_loss     forces_loss      energy_mae     energy_rmse      forces_mae     forces_rmse
    183          0           0.027         0.00146          0.0256          0.0457          0.0469          0.0143          0.0196
    183         10          0.0141        0.000143           0.014          0.0132          0.0147          0.0112          0.0145
    183         20          0.0206        0.000437          0.0201          0.0238          0.0257           0.013          0.0174
    183         30          0.0348         0.00028          0.0345          0.0175          0.0206          0.0161          0.0228
    183         40          0.0177        0.000694           0.017          0.0311          0.0324          0.0118           0.016
    183         50          0.0196        0.000534          0.0191          0.0275          0.0284          0.0127           0.017
    183         60          0.0158        0.000712          0.0151          0.0145          0.0328          0.0112          0.0151
    183         70          0.0153        0.000767          0.0145          0.0331           0.034          0.0113          0.0148
    183         80          0.0167        0.000992          0.0157          0.0385          0.0387          0.0114          0.0154
    183         90          0.0124        2.82e-05          0.0124          0.0044         0.00652          0.0105          0.0137
    183        100          0.0343        0.000906          0.0334          0.0348           0.037           0.015          0.0224
    183        110          0.0264         0.00146          0.0249          0.0415           0.047          0.0137          0.0194


2025-11-20 17:18:19: Validating
# epoch      batch      total_loss     energy_loss     forces_loss      energy_mae     energy_rmse      forces_mae     forces_rmse
    183          0         0.00702        8.92e-06         0.00702         0.00331         0.00367         0.00765          0.0103
    183         10         0.00808        1.49e-06         0.00808         0.00131          0.0015         0.00818           0.011
    183         20         0.00927         1.3e-05         0.00925         0.00362         0.00443         0.00818          0.0118


2025-11-20 17:18:20: Epoch summary:
Validation  # epoch      total_loss     energy_loss     forces_loss      energy_mae     energy_rmse      forces_mae     forces_rmse
                183          0.0141        9.04e-05           0.014         0.00426           0.007         0.00965          0.0138
Train       # epoch      total_loss     energy_loss     forces_loss      energy_mae     energy_rmse      forces_mae     forces_rmse
                183          0.0203        0.000679          0.0197          0.0258          0.0283          0.0124           0.017


2025-11-20 17:18:20: Training
# epoch      batch      total_loss     energy_loss     forces_loss      energy_mae     energy_rmse      forces_mae     forces_rmse
    184          0          0.0246         0.00078          0.0238          0.0327          0.0343          0.0137           0.019
    184         10          0.0199        0.000469          0.0194          0.0257          0.0266           0.013          0.0171
    184         20          0.0281         0.00018          0.0279          0.0112          0.0165          0.0152          0.0205
    184         30          0.0236          0.0016           0.022          0.0482          0.0491          0.0135          0.0182
    184         40          0.0203        0.000728          0.0196          0.0321          0.0331          0.0125          0.0172
    184         50          0.0167        0.000247          0.0165          0.0157          0.0193          0.0117          0.0158
    184         60          0.0158        0.000457          0.0154          0.0253          0.0262          0.0113          0.0152
    184         70          0.0197        0.000426          0.0193          0.0225          0.0254          0.0126          0.0171
    184         80          0.0136        0.000457          0.0131          0.0252          0.0263          0.0102          0.0141
    184         90          0.0259         0.00123          0.0247           0.041           0.043          0.0135          0.0193
    184        100          0.0142        0.000126          0.0141          0.0125          0.0138          0.0111          0.0146
    184        110          0.0139        1.82e-05          0.0139         0.00438         0.00524          0.0109          0.0145


2025-11-20 17:18:31: Validating
# epoch      batch      total_loss     energy_loss     forces_loss      energy_mae     energy_rmse      forces_mae     forces_rmse
    184          0         0.00705        8.91e-06         0.00704          0.0034         0.00366         0.00768          0.0103
    184         10         0.00797        1.83e-06         0.00797         0.00149         0.00166         0.00816           0.011
    184         20         0.00909         1.2e-05         0.00908         0.00345         0.00425         0.00812          0.0117


2025-11-20 17:18:32: Epoch summary:
Validation  # epoch      total_loss     energy_loss     forces_loss      energy_mae     energy_rmse      forces_mae     forces_rmse
                184           0.014        8.76e-05           0.014         0.00427         0.00696         0.00965          0.0138
Train       # epoch      total_loss     energy_loss     forces_loss      energy_mae     energy_rmse      forces_mae     forces_rmse
                184          0.0185        0.000718          0.0178           0.026          0.0281           0.012          0.0162


2025-11-20 17:18:32: Training
# epoch      batch      total_loss     energy_loss     forces_loss      energy_mae     energy_rmse      forces_mae     forces_rmse
    185          0          0.0145        2.08e-05          0.0145         0.00422         0.00559          0.0107          0.0148
    185         10          0.0224         0.00023          0.0222          0.0117          0.0186          0.0133          0.0183
    185         20          0.0191         0.00199          0.0171          0.0546          0.0548          0.0118          0.0161
    185         30           0.025         0.00246          0.0226          0.0604          0.0609          0.0136          0.0184
    185         40          0.0179         0.00142          0.0164          0.0456          0.0462          0.0122          0.0157
    185         50            0.02        0.000235          0.0198          0.0139          0.0188          0.0128          0.0173
    185         60          0.0165        4.25e-05          0.0164         0.00623         0.00801          0.0116          0.0157
    185         70            0.02        0.000913          0.0191           0.036          0.0371          0.0126          0.0169
    185         80          0.0188         0.00184          0.0169          0.0523          0.0526          0.0121           0.016
    185         90          0.0182        6.46e-05          0.0181         0.00854         0.00987          0.0121          0.0165
    185        100          0.0166        0.000206          0.0164          0.0145          0.0176          0.0119          0.0157
    185        110          0.0216        0.000126          0.0214          0.0121          0.0138           0.013           0.018


2025-11-20 17:18:43: Validating
# epoch      batch      total_loss     energy_loss     forces_loss      energy_mae     energy_rmse      forces_mae     forces_rmse
    185          0         0.00701        8.27e-06           0.007         0.00329         0.00353         0.00769          0.0103
    185         10         0.00792         2.3e-06         0.00792         0.00152         0.00186         0.00818          0.0109
    185         20           0.009        1.19e-05         0.00899         0.00337         0.00424         0.00814          0.0116


2025-11-20 17:18:45: Epoch summary:
Validation  # epoch      total_loss     energy_loss     forces_loss      energy_mae     energy_rmse      forces_mae     forces_rmse
                185          0.0139        8.39e-05          0.0138         0.00421         0.00685         0.00961          0.0138
Train       # epoch      total_loss     energy_loss     forces_loss      energy_mae     energy_rmse      forces_mae     forces_rmse
                185          0.0203        0.000763          0.0196          0.0261          0.0285          0.0124           0.017


2025-11-20 17:18:45: Training
# epoch      batch      total_loss     energy_loss     forces_loss      energy_mae     energy_rmse      forces_mae     forces_rmse
    186          0          0.0165        6.35e-05          0.0164           0.007         0.00979          0.0121          0.0157
    186         10          0.0178        0.000105          0.0177         0.00832          0.0126          0.0124          0.0164
    186         20          0.0195        0.000241          0.0192          0.0139          0.0191          0.0124           0.017
    186         30          0.0152        0.000327          0.0148          0.0213          0.0222          0.0112           0.015
    186         40          0.0136        0.000391          0.0132          0.0233          0.0243          0.0105          0.0141
    186         50          0.0157        0.000842          0.0149          0.0344          0.0356          0.0113           0.015
    186         60           0.028        0.000609          0.0274          0.0276          0.0303          0.0143          0.0203
    186         70          0.0248         0.00189          0.0229          0.0527          0.0534          0.0125          0.0186
    186         80           0.035         0.00368          0.0313          0.0732          0.0745          0.0162          0.0217
    186         90          0.0836         0.00326          0.0803          0.0657          0.0701          0.0236          0.0348
    186        100          0.0312           0.002          0.0292           0.054          0.0549          0.0154           0.021
    186        110           0.039         0.00192          0.0371          0.0511          0.0538          0.0175          0.0236


2025-11-20 17:18:56: Validating
# epoch      batch      total_loss     energy_loss     forces_loss      energy_mae     energy_rmse      forces_mae     forces_rmse
    186          0         0.00713        8.95e-06         0.00712         0.00345         0.00367         0.00776          0.0104
    186         10         0.00792        2.45e-06         0.00792         0.00152         0.00192         0.00821          0.0109
    186         20          0.0092        1.44e-05         0.00918         0.00393         0.00466         0.00819          0.0118


2025-11-20 17:18:57: Epoch summary:
Validation  # epoch      total_loss     energy_loss     forces_loss      energy_mae     energy_rmse      forces_mae     forces_rmse
                186           0.014         8.5e-05          0.0139         0.00447         0.00715         0.00961          0.0138
Train       # epoch      total_loss     energy_loss     forces_loss      energy_mae     energy_rmse      forces_mae     forces_rmse
                186          0.0315         0.00204          0.0294          0.0418          0.0437          0.0147          0.0204


2025-11-20 17:18:57: Training
# epoch      batch      total_loss     energy_loss     forces_loss      energy_mae     energy_rmse      forces_mae     forces_rmse
    187          0          0.0294         0.00178          0.0276          0.0512          0.0518           0.015          0.0204
    187         10          0.0369          0.0107          0.0262           0.121           0.127          0.0149          0.0199
    187         20          0.0331           0.014          0.0191           0.145           0.145          0.0128           0.017
    187         30          0.0208         0.00312          0.0177          0.0668          0.0686          0.0125          0.0163
    187         40           0.025        0.000514          0.0245          0.0266          0.0278          0.0138          0.0192
    187         50          0.0229        7.59e-05          0.0229         0.00964          0.0107          0.0133          0.0186
    187         60          0.0182        0.000269           0.018          0.0191          0.0201          0.0127          0.0165
    187         70          0.0193        6.93e-05          0.0192         0.00691          0.0102          0.0123           0.017
    187         80          0.0188        3.65e-05          0.0187         0.00508         0.00742          0.0125          0.0168
    187         90          0.0201        0.000311          0.0198          0.0151          0.0217          0.0126          0.0173
    187        100          0.0138        0.000767           0.013          0.0336           0.034          0.0103           0.014
    187        110          0.0163        8.55e-05          0.0162          0.0102          0.0114          0.0115          0.0156


2025-11-20 17:19:09: Validating
# epoch      batch      total_loss     energy_loss     forces_loss      energy_mae     energy_rmse      forces_mae     forces_rmse
    187          0         0.00712        1.12e-05         0.00711          0.0038         0.00411         0.00773          0.0104
    187         10         0.00793        3.79e-06         0.00793         0.00191         0.00239         0.00821          0.0109
    187         20         0.00929         1.5e-05         0.00928         0.00392         0.00476         0.00825          0.0118


2025-11-20 17:19:10: Epoch summary:
Validation  # epoch      total_loss     energy_loss     forces_loss      energy_mae     energy_rmse      forces_mae     forces_rmse
                187           0.014        8.82e-05          0.0139         0.00466         0.00731         0.00961          0.0138
Train       # epoch      total_loss     energy_loss     forces_loss      energy_mae     energy_rmse      forces_mae     forces_rmse
                187          0.0219         0.00218          0.0197          0.0437          0.0451          0.0126           0.017


2025-11-20 17:19:10: Training
# epoch      batch      total_loss     energy_loss     forces_loss      energy_mae     energy_rmse      forces_mae     forces_rmse
    188          0           0.016        4.11e-05          0.0159         0.00577         0.00787          0.0113          0.0155
    188         10          0.0109        0.000346          0.0106          0.0219          0.0228         0.00949          0.0126
    188         20         0.00965        0.000267         0.00938          0.0197          0.0201         0.00893          0.0119
    188         30          0.0117        0.000499          0.0112          0.0271          0.0274          0.0101           0.013
    188         40          0.0117        0.000326          0.0114          0.0212          0.0222         0.00989          0.0131
    188         50           0.015        2.06e-05          0.0149         0.00455         0.00557          0.0108           0.015
    188         60          0.0196        0.000657           0.019           0.031          0.0315          0.0119          0.0169
    188         70          0.0123        4.85e-05          0.0123         0.00695         0.00855          0.0103          0.0136
    188         80          0.0146         0.00023          0.0144           0.017          0.0186          0.0109          0.0147
    188         90          0.0125        8.93e-05          0.0124         0.00846          0.0116          0.0103          0.0137
    188        100          0.0138        8.72e-05          0.0137          0.0103          0.0115          0.0107          0.0144
    188        110          0.0157        0.000253          0.0155          0.0185          0.0195          0.0111          0.0153


2025-11-20 17:19:21: Validating
# epoch      batch      total_loss     energy_loss     forces_loss      energy_mae     energy_rmse      forces_mae     forces_rmse
    188          0         0.00705        1.01e-05         0.00704         0.00362          0.0039         0.00768          0.0103
    188         10         0.00772        3.08e-06         0.00772         0.00185         0.00215         0.00808          0.0108
    188         20         0.00908        1.55e-05         0.00906          0.0038         0.00484         0.00817          0.0117


2025-11-20 17:19:22: Epoch summary:
Validation  # epoch      total_loss     energy_loss     forces_loss      energy_mae     energy_rmse      forces_mae     forces_rmse
                188           0.014        8.46e-05          0.0139          0.0043         0.00695         0.00959          0.0138
Train       # epoch      total_loss     energy_loss     forces_loss      energy_mae     energy_rmse      forces_mae     forces_rmse
                188          0.0142        0.000587          0.0137          0.0231          0.0252          0.0106          0.0143


2025-11-20 17:19:22: Training
# epoch      batch      total_loss     energy_loss     forces_loss      energy_mae     energy_rmse      forces_mae     forces_rmse
    189          0          0.0132        0.000246          0.0129          0.0189          0.0193          0.0104           0.014
    189         10          0.0119         2.1e-05          0.0119         0.00477         0.00563         0.00986          0.0134
    189         20          0.0178         0.00204          0.0157          0.0544          0.0554          0.0116          0.0154
    189         30          0.0173          0.0029          0.0144          0.0658          0.0661          0.0106          0.0147
    189         40          0.0204         0.00373          0.0166          0.0743           0.075           0.012          0.0158
    189         50          0.0132        0.000854          0.0124          0.0355          0.0359         0.00997          0.0136
    189         60          0.0143        0.000702          0.0136           0.032          0.0325          0.0108          0.0143
    189         70          0.0102        0.000199         0.00995          0.0165          0.0173         0.00892          0.0122
    189         80           0.013         5.5e-05          0.0129          0.0074          0.0091          0.0106          0.0139
    189         90          0.0124        0.000205          0.0122          0.0167          0.0176            0.01          0.0136
    189        100          0.0127        0.000185          0.0125          0.0159          0.0167          0.0105          0.0137
    189        110          0.0118        2.11e-05          0.0118         0.00422         0.00564         0.00958          0.0133


2025-11-20 17:19:33: Validating
# epoch      batch      total_loss     energy_loss     forces_loss      energy_mae     energy_rmse      forces_mae     forces_rmse
    189          0         0.00702        8.73e-06         0.00701         0.00325         0.00363         0.00765          0.0103
    189         10         0.00767        2.49e-06         0.00767         0.00174         0.00194         0.00804          0.0108
    189         20         0.00901        1.39e-05           0.009         0.00371         0.00458          0.0081          0.0116


2025-11-20 17:19:34: Epoch summary:
Validation  # epoch      total_loss     energy_loss     forces_loss      energy_mae     energy_rmse      forces_mae     forces_rmse
                189          0.0138        8.49e-05          0.0138         0.00418          0.0068         0.00956          0.0137
Train       # epoch      total_loss     energy_loss     forces_loss      energy_mae     energy_rmse      forces_mae     forces_rmse
                189          0.0155        0.000759          0.0148          0.0261          0.0275           0.011          0.0148


2025-11-20 17:19:34: Training
# epoch      batch      total_loss     energy_loss     forces_loss      energy_mae     energy_rmse      forces_mae     forces_rmse
    190          0         0.00977        0.000252         0.00952          0.0192          0.0195         0.00907           0.012
    190         10          0.0123         5.1e-05          0.0123         0.00792         0.00877          0.0102          0.0136
    190         20          0.0105        4.49e-05          0.0105         0.00616         0.00823         0.00939          0.0126
    190         30          0.0149        0.000155          0.0147          0.0123          0.0153          0.0111          0.0149
    190         40          0.0148         6.5e-05          0.0147         0.00778          0.0099          0.0112          0.0149
    190         50          0.0174        0.000106          0.0173          0.0107          0.0127          0.0118          0.0161
    190         60          0.0324         0.00267          0.0297          0.0625          0.0635          0.0156          0.0212
    190         70          0.0174        9.76e-05          0.0173          0.0108          0.0121          0.0118          0.0162
    190         80          0.0217        0.000301          0.0214          0.0205          0.0213          0.0121           0.018
    190         90          0.0461        9.25e-05           0.046          0.0106          0.0118          0.0181          0.0263
    190        100          0.0427        0.000417          0.0423          0.0202          0.0251          0.0176          0.0252
    190        110          0.0202         0.00143          0.0187          0.0456          0.0465           0.013          0.0168


2025-11-20 17:19:45: Validating
# epoch      batch      total_loss     energy_loss     forces_loss      energy_mae     energy_rmse      forces_mae     forces_rmse
    190          0         0.00707         7.7e-06         0.00707         0.00307         0.00341         0.00767          0.0103
    190         10         0.00767        2.18e-06         0.00767          0.0015         0.00181         0.00805          0.0108
    190         20          0.0091        1.46e-05         0.00908         0.00385         0.00469         0.00807          0.0117


2025-11-20 17:19:46: Epoch summary:
Validation  # epoch      total_loss     energy_loss     forces_loss      energy_mae     energy_rmse      forces_mae     forces_rmse
                190          0.0139         8.6e-05          0.0138         0.00426         0.00692         0.00957          0.0137
Train       # epoch      total_loss     energy_loss     forces_loss      energy_mae     energy_rmse      forces_mae     forces_rmse
                190          0.0206         0.00127          0.0193          0.0333           0.035          0.0122          0.0167


2025-11-20 17:19:46: Training
# epoch      batch      total_loss     energy_loss     forces_loss      energy_mae     energy_rmse      forces_mae     forces_rmse
    191          0          0.0266         0.00123          0.0253          0.0421          0.0431          0.0144          0.0195
    191         10          0.0223        0.000574          0.0218           0.028          0.0294          0.0136          0.0181
    191         20          0.0154          0.0003          0.0151            0.02          0.0213          0.0115          0.0151
    191         30          0.0181        2.31e-05          0.0181         0.00454          0.0059          0.0124          0.0165
    191         40          0.0145        0.000113          0.0144           0.011           0.013          0.0112          0.0147
    191         50          0.0153        6.09e-05          0.0152         0.00853         0.00958          0.0109          0.0152
    191         60          0.0137        6.37e-05          0.0137         0.00771          0.0098          0.0105          0.0144
    191         70           0.013        4.17e-05          0.0129         0.00597         0.00793          0.0106           0.014
    191         80          0.0116        3.14e-05          0.0116         0.00566         0.00688         0.00999          0.0132
    191         90          0.0159        5.44e-05          0.0159          0.0078         0.00906          0.0114          0.0155
    191        100          0.0209        0.000329          0.0205          0.0209          0.0223          0.0131          0.0176
    191        110          0.0163        0.000269          0.0161          0.0177          0.0201          0.0118          0.0156


2025-11-20 17:19:57: Validating
# epoch      batch      total_loss     energy_loss     forces_loss      energy_mae     energy_rmse      forces_mae     forces_rmse
    191          0         0.00707         6.7e-06         0.00706         0.00279         0.00318         0.00763          0.0103
    191         10         0.00774        2.94e-06         0.00774         0.00163         0.00211         0.00808          0.0108
    191         20         0.00889        1.35e-05         0.00888         0.00374         0.00451         0.00802          0.0116


2025-11-20 17:19:59: Epoch summary:
Validation  # epoch      total_loss     energy_loss     forces_loss      energy_mae     energy_rmse      forces_mae     forces_rmse
                191          0.0139        8.39e-05          0.0138         0.00419         0.00679         0.00958          0.0138
Train       # epoch      total_loss     energy_loss     forces_loss      energy_mae     energy_rmse      forces_mae     forces_rmse
                191          0.0161        0.000253          0.0158          0.0138          0.0164          0.0115          0.0153


2025-11-20 17:19:59: Training
# epoch      batch      total_loss     energy_loss     forces_loss      energy_mae     energy_rmse      forces_mae     forces_rmse
    192          0          0.0112        2.19e-05          0.0112         0.00444         0.00575         0.00973           0.013
    192         10          0.0163        9.57e-05          0.0162          0.0107           0.012          0.0118          0.0156
    192         20          0.0182        0.000112          0.0181          0.0076           0.013          0.0123          0.0165
    192         30          0.0124        0.000405           0.012          0.0233          0.0247         0.00983          0.0134
    192         40           0.013        3.13e-05           0.013         0.00561         0.00687          0.0104           0.014
    192         50          0.0135        4.88e-05          0.0135         0.00599         0.00857          0.0105          0.0143
    192         60          0.0115        8.75e-05          0.0114         0.00979          0.0115         0.00986          0.0131
    192         70          0.0127         5.8e-05          0.0127          0.0071         0.00935          0.0105          0.0138
    192         80          0.0113        0.000315           0.011          0.0207          0.0218         0.00956          0.0129
    192         90          0.0195         0.00032          0.0192          0.0178           0.022          0.0128           0.017
    192        100          0.0123          0.0011          0.0112          0.0403          0.0407         0.00984           0.013
    192        110          0.0131        0.000272          0.0128          0.0194          0.0203          0.0103          0.0139


2025-11-20 17:20:10: Validating
# epoch      batch      total_loss     energy_loss     forces_loss      energy_mae     energy_rmse      forces_mae     forces_rmse
    192          0         0.00713        6.66e-06         0.00712         0.00268         0.00317         0.00767          0.0104
    192         10         0.00766        1.95e-06         0.00766         0.00136         0.00172         0.00805          0.0107
    192         20         0.00886        1.21e-05         0.00884         0.00344         0.00428         0.00803          0.0115


2025-11-20 17:20:11: Epoch summary:
Validation  # epoch      total_loss     energy_loss     forces_loss      energy_mae     energy_rmse      forces_mae     forces_rmse
                192          0.0138        8.55e-05          0.0137         0.00415         0.00676         0.00955          0.0137
Train       # epoch      total_loss     energy_loss     forces_loss      energy_mae     energy_rmse      forces_mae     forces_rmse
                192          0.0149        0.000342          0.0145          0.0174          0.0197           0.011          0.0147


2025-11-20 17:20:11: Training
# epoch      batch      total_loss     energy_loss     forces_loss      energy_mae     energy_rmse      forces_mae     forces_rmse
    193          0          0.0134          0.0005          0.0129          0.0269          0.0275          0.0102           0.014
    193         10          0.0293        0.000263          0.0291          0.0173          0.0199          0.0146          0.0209
    193         20          0.0351         0.00295          0.0321          0.0654          0.0667          0.0147           0.022
    193         30          0.0366         0.00284          0.0338          0.0647          0.0654           0.017          0.0226
    193         40          0.0319         0.00175          0.0302          0.0505          0.0513           0.016          0.0213
    193         50           0.017          0.0029          0.0141          0.0599          0.0662           0.011          0.0146
    193         60          0.0221        5.25e-05           0.022          0.0076          0.0089          0.0132          0.0182
    193         70           0.018        0.000284          0.0177          0.0198          0.0207          0.0123          0.0164
    193         80          0.0123        0.000305           0.012          0.0203          0.0214          0.0101          0.0135
    193         90          0.0195        0.000211          0.0193          0.0162          0.0179          0.0122          0.0171
    193        100          0.0172        0.000801          0.0164          0.0335          0.0347          0.0119          0.0157
    193        110          0.0263         0.00048          0.0258          0.0221          0.0269          0.0149          0.0197


2025-11-20 17:20:22: Validating
# epoch      batch      total_loss     energy_loss     forces_loss      energy_mae     energy_rmse      forces_mae     forces_rmse
    193          0         0.00707        7.09e-06         0.00706         0.00281         0.00327         0.00771          0.0103
    193         10         0.00759        1.48e-06         0.00759         0.00135         0.00149         0.00802          0.0107
    193         20         0.00904        1.21e-05         0.00902         0.00354         0.00427          0.0081          0.0117


2025-11-20 17:20:23: Epoch summary:
Validation  # epoch      total_loss     energy_loss     forces_loss      energy_mae     energy_rmse      forces_mae     forces_rmse
                193          0.0139        8.76e-05          0.0138         0.00431         0.00698         0.00957          0.0137
Train       # epoch      total_loss     energy_loss     forces_loss      energy_mae     energy_rmse      forces_mae     forces_rmse
                193          0.0251         0.00117           0.024          0.0323          0.0346          0.0135          0.0187


2025-11-20 17:20:23: Training
# epoch      batch      total_loss     energy_loss     forces_loss      energy_mae     energy_rmse      forces_mae     forces_rmse
    194          0          0.0149          0.0001          0.0148          0.0112          0.0123          0.0111          0.0149
    194         10          0.0356         0.00388          0.0317          0.0748          0.0765          0.0154          0.0219
    194         20          0.0437          0.0011          0.0426          0.0382          0.0406          0.0177          0.0253
    194         30          0.0307         0.00206          0.0286          0.0552          0.0558          0.0156          0.0208
    194         40          0.0204        0.000293          0.0201          0.0199           0.021          0.0131          0.0174
    194         50          0.0172        9.43e-05          0.0171            0.01          0.0119          0.0121           0.016
    194         60          0.0228        6.53e-05          0.0228         0.00849         0.00992          0.0136          0.0185
    194         70          0.0236        0.000443          0.0232          0.0235          0.0258           0.014          0.0187
    194         80          0.0136        0.000885          0.0127          0.0362          0.0365          0.0103          0.0138
    194         90          0.0135        0.000233          0.0133           0.018          0.0187          0.0107          0.0141
    194        100          0.0181        1.25e-05          0.0181         0.00332         0.00434          0.0124          0.0165
    194        110          0.0129        0.000119          0.0128           0.012          0.0134          0.0104          0.0139


2025-11-20 17:20:35: Validating
# epoch      batch      total_loss     energy_loss     forces_loss      energy_mae     energy_rmse      forces_mae     forces_rmse
    194          0         0.00732        6.13e-06         0.00731         0.00274         0.00304         0.00783          0.0105
    194         10         0.00738        1.45e-06         0.00738         0.00123         0.00148         0.00796          0.0106
    194         20         0.00908         1.3e-05         0.00906         0.00367         0.00442         0.00809          0.0117


2025-11-20 17:20:36: Epoch summary:
Validation  # epoch      total_loss     energy_loss     forces_loss      energy_mae     energy_rmse      forces_mae     forces_rmse
                194          0.0138        8.36e-05          0.0138         0.00426         0.00684         0.00957          0.0137
Train       # epoch      total_loss     energy_loss     forces_loss      energy_mae     energy_rmse      forces_mae     forces_rmse
                194          0.0252         0.00076          0.0245          0.0244          0.0269          0.0137          0.0188


2025-11-20 17:20:36: Training
# epoch      batch      total_loss     energy_loss     forces_loss      energy_mae     energy_rmse      forces_mae     forces_rmse
    195          0           0.019        9.35e-05          0.0189         0.00893          0.0119           0.012          0.0169
    195         10          0.0157         0.00116          0.0145          0.0415          0.0418          0.0112          0.0148
    195         20          0.0106        0.000403          0.0102          0.0243          0.0247          0.0094          0.0124
    195         30          0.0142        0.000244          0.0139          0.0162          0.0192          0.0108          0.0145
    195         40          0.0123        0.000173          0.0121          0.0148          0.0162         0.00987          0.0135
    195         50          0.0148        7.97e-05          0.0147         0.00959           0.011          0.0112          0.0149
    195         60          0.0127        5.83e-05          0.0126         0.00859         0.00937          0.0103          0.0138
    195         70           0.013        0.000112          0.0129         0.00775           0.013          0.0101          0.0139
    195         80          0.0112        0.000695          0.0105          0.0321          0.0324          0.0095          0.0126
    195         90          0.0115        9.22e-05          0.0114            0.01          0.0118         0.00976          0.0131
    195        100          0.0127        0.000245          0.0124          0.0163          0.0192            0.01          0.0137
    195        110          0.0179        0.000379          0.0175          0.0235          0.0239           0.012          0.0163


2025-11-20 17:20:47: Validating
# epoch      batch      total_loss     energy_loss     forces_loss      energy_mae     energy_rmse      forces_mae     forces_rmse
    195          0         0.00715        6.24e-06         0.00714         0.00276         0.00307         0.00776          0.0104
    195         10         0.00736        2.53e-06         0.00736         0.00151         0.00195         0.00794          0.0105
    195         20         0.00893        1.24e-05         0.00891         0.00357         0.00433         0.00807          0.0116


2025-11-20 17:20:49: Epoch summary:
Validation  # epoch      total_loss     energy_loss     forces_loss      energy_mae     energy_rmse      forces_mae     forces_rmse
                195          0.0138        8.29e-05          0.0137         0.00417         0.00678         0.00956          0.0137
Train       # epoch      total_loss     energy_loss     forces_loss      energy_mae     energy_rmse      forces_mae     forces_rmse
                195          0.0136        0.000275          0.0133          0.0158          0.0179          0.0105          0.0141


2025-11-20 17:20:49: Training
# epoch      batch      total_loss     energy_loss     forces_loss      energy_mae     energy_rmse      forces_mae     forces_rmse
    196          0          0.0126        6.45e-05          0.0125         0.00891         0.00986            0.01          0.0138
    196         10          0.0124        0.000439           0.012          0.0182          0.0257          0.0101          0.0134
    196         20          0.0217        0.000149          0.0215          0.0133           0.015          0.0132           0.018
    196         30          0.0127        2.52e-05          0.0127         0.00436         0.00617          0.0107          0.0139
    196         40          0.0148        0.000262          0.0146          0.0189          0.0199           0.011          0.0148
    196         50          0.0157        0.000122          0.0155          0.0117          0.0136          0.0113          0.0153
    196         60          0.0197        0.000314          0.0194          0.0205          0.0217          0.0127          0.0171
    196         70          0.0203        1.53e-05          0.0203         0.00379         0.00481           0.013          0.0175
    196         80          0.0134        0.000492          0.0129          0.0264          0.0272          0.0104          0.0139
    196         90          0.0368         0.00298          0.0338          0.0663           0.067          0.0156          0.0226
    196        100          0.0195        0.000245          0.0192          0.0186          0.0192          0.0128           0.017
    196        110          0.0176        0.000814          0.0168          0.0341           0.035          0.0119          0.0159


2025-11-20 17:21:00: Validating
# epoch      batch      total_loss     energy_loss     forces_loss      energy_mae     energy_rmse      forces_mae     forces_rmse
    196          0         0.00722        7.09e-06         0.00721         0.00285         0.00327         0.00775          0.0104
    196         10          0.0074        2.02e-06          0.0074         0.00145         0.00175         0.00794          0.0106
    196         20         0.00884         1.1e-05         0.00883         0.00347         0.00408         0.00807          0.0115


2025-11-20 17:21:02: Epoch summary:
Validation  # epoch      total_loss     energy_loss     forces_loss      energy_mae     energy_rmse      forces_mae     forces_rmse
                196          0.0138        8.56e-05          0.0137         0.00416         0.00679         0.00955          0.0137
Train       # epoch      total_loss     energy_loss     forces_loss      energy_mae     energy_rmse      forces_mae     forces_rmse
                196          0.0185        0.000563          0.0179          0.0214          0.0237          0.0119          0.0162


2025-11-20 17:21:02: Training
# epoch      batch      total_loss     energy_loss     forces_loss      energy_mae     energy_rmse      forces_mae     forces_rmse
    197          0            0.02        0.000216          0.0198          0.0168           0.018          0.0128          0.0173
    197         10          0.0129        0.000481          0.0124          0.0258          0.0269          0.0103          0.0137
    197         20          0.0149        0.000437          0.0144          0.0251          0.0257          0.0112          0.0147
    197         30          0.0163        2.32e-05          0.0163         0.00448         0.00591          0.0112          0.0157
    197         40          0.0131        0.000529          0.0125          0.0273          0.0282          0.0103          0.0137
    197         50          0.0192        0.000203           0.019          0.0152          0.0175          0.0123          0.0169
    197         60           0.013         0.00124          0.0118          0.0421          0.0432          0.0102          0.0133
    197         70          0.0173        0.000193          0.0171          0.0158          0.0171          0.0116          0.0161
    197         80           0.018         0.00163          0.0164          0.0488          0.0495          0.0114          0.0157
    197         90          0.0174        9.59e-05          0.0173          0.0105           0.012          0.0123          0.0162
    197        100          0.0208         0.00255          0.0182          0.0616           0.062          0.0122          0.0166
    197        110           0.016          0.0024          0.0136           0.059          0.0602          0.0107          0.0143


2025-11-20 17:21:13: Validating
# epoch      batch      total_loss     energy_loss     forces_loss      energy_mae     energy_rmse      forces_mae     forces_rmse
    197          0         0.00714         8.4e-06         0.00714         0.00286         0.00356         0.00771          0.0104
    197         10         0.00752        3.41e-06         0.00751         0.00168         0.00227         0.00797          0.0106
    197         20         0.00891        1.09e-05          0.0089         0.00327         0.00406         0.00807          0.0116


2025-11-20 17:21:14: Epoch summary:
Validation  # epoch      total_loss     energy_loss     forces_loss      energy_mae     energy_rmse      forces_mae     forces_rmse
                197          0.0138        8.34e-05          0.0137         0.00412         0.00675         0.00955          0.0137
Train       # epoch      total_loss     energy_loss     forces_loss      energy_mae     energy_rmse      forces_mae     forces_rmse
                197          0.0171        0.000909          0.0162          0.0297          0.0318          0.0115          0.0155


2025-11-20 17:21:15: Training
# epoch      batch      total_loss     energy_loss     forces_loss      energy_mae     energy_rmse      forces_mae     forces_rmse
    198          0          0.0212         0.00348          0.0178          0.0714          0.0724          0.0122          0.0164
    198         10          0.0111        0.000296          0.0108          0.0205          0.0211         0.00977          0.0128
    198         20          0.0147        3.75e-05          0.0147         0.00488         0.00752          0.0114          0.0149
    198         30          0.0129        0.000116          0.0128          0.0115          0.0132          0.0104          0.0139
    198         40           0.017        0.000209          0.0168          0.0165          0.0178          0.0117          0.0159
    198         50          0.0127        0.000462          0.0123          0.0259          0.0264          0.0103          0.0136
    198         60          0.0137         0.00096          0.0127          0.0373           0.038          0.0103          0.0138
    198         70          0.0193        3.73e-05          0.0193          0.0063          0.0075          0.0127           0.017
    198         80          0.0122        0.000332          0.0119          0.0211          0.0224          0.0101          0.0134
    198         90          0.0118        0.000209          0.0116          0.0172          0.0178         0.00968          0.0132
    198        100           0.013        5.36e-05          0.0129         0.00736         0.00899         0.00994          0.0139
    198        110          0.0124        0.000409           0.012          0.0238          0.0248          0.0101          0.0135


2025-11-20 17:21:26: Validating
# epoch      batch      total_loss     energy_loss     forces_loss      energy_mae     energy_rmse      forces_mae     forces_rmse
    198          0         0.00716           6e-06         0.00715         0.00252         0.00301         0.00767          0.0104
    198         10         0.00735        2.33e-06         0.00735         0.00151         0.00188         0.00789          0.0105
    198         20         0.00886        1.12e-05         0.00885         0.00328         0.00411         0.00806          0.0115


2025-11-20 17:21:27: Epoch summary:
Validation  # epoch      total_loss     energy_loss     forces_loss      energy_mae     energy_rmse      forces_mae     forces_rmse
                198          0.0139        8.45e-05          0.0138         0.00417         0.00679         0.00954          0.0137
Train       # epoch      total_loss     energy_loss     forces_loss      energy_mae     energy_rmse      forces_mae     forces_rmse
                198          0.0149        0.000492          0.0144          0.0209          0.0229          0.0109          0.0147


2025-11-20 17:21:27: Training
# epoch      batch      total_loss     energy_loss     forces_loss      energy_mae     energy_rmse      forces_mae     forces_rmse
    199          0          0.0172        0.000473          0.0167          0.0261          0.0267          0.0114          0.0159
    199         10          0.0132        0.000531          0.0127          0.0276          0.0283          0.0102          0.0138
    199         20          0.0129        6.22e-05          0.0128           0.008         0.00968          0.0105          0.0139
    199         30          0.0129        0.000111          0.0128          0.0115          0.0129          0.0106          0.0139
    199         40          0.0178         0.00168          0.0161          0.0496          0.0503          0.0115          0.0156
    199         50          0.0113        0.000129          0.0112          0.0129           0.014          0.0098           0.013
    199         60          0.0134        0.000275          0.0132          0.0193          0.0204          0.0105          0.0141
    199         70          0.0142        0.000117          0.0141          0.0104          0.0133          0.0112          0.0146
    199         80          0.0237         0.00238          0.0213          0.0591          0.0599          0.0129          0.0179
    199         90          0.0209         0.00276          0.0182          0.0639          0.0646          0.0124          0.0166
    199        100          0.0247         0.00223          0.0224          0.0577           0.058          0.0137          0.0184
    199        110          0.0137        0.000147          0.0136          0.0142          0.0149          0.0108          0.0143


2025-11-20 17:21:39: Validating
# epoch      batch      total_loss     energy_loss     forces_loss      energy_mae     energy_rmse      forces_mae     forces_rmse
    199          0         0.00714        7.29e-06         0.00713         0.00284         0.00332         0.00763          0.0104
    199         10         0.00744        2.03e-06         0.00744         0.00158         0.00175          0.0079          0.0106
    199         20         0.00897        1.34e-05         0.00896         0.00353         0.00449         0.00806          0.0116


2025-11-20 17:21:40: Epoch summary:
Validation  # epoch      total_loss     energy_loss     forces_loss      energy_mae     energy_rmse      forces_mae     forces_rmse
                199          0.0138        8.59e-05          0.0137         0.00424         0.00695         0.00952          0.0137
Train       # epoch      total_loss     energy_loss     forces_loss      energy_mae     energy_rmse      forces_mae     forces_rmse
                199           0.017        0.000921           0.016          0.0289          0.0308          0.0114          0.0155


2025-11-20 17:21:40: Training
# epoch      batch      total_loss     energy_loss     forces_loss      energy_mae     energy_rmse      forces_mae     forces_rmse
    200          0          0.0116        0.000631           0.011          0.0299          0.0308          0.0101          0.0129
    200         10          0.0155        4.28e-05          0.0154          0.0068         0.00803          0.0114          0.0153
    200         20          0.0128        0.000159          0.0126           0.014          0.0155          0.0104          0.0138
    200         30          0.0107        6.96e-05          0.0106         0.00827          0.0102         0.00953          0.0127
    200         40          0.0107         0.00051          0.0102          0.0269          0.0277         0.00911          0.0124
    200         50          0.0162        7.39e-05          0.0162         0.00697          0.0106          0.0112          0.0156
    200         60          0.0158        0.000513          0.0153          0.0271          0.0278          0.0114          0.0152
    200         70          0.0146         0.00113          0.0135          0.0406          0.0413          0.0105          0.0143
    200         80          0.0116        1.68e-05          0.0115         0.00414         0.00503          0.0102          0.0132
    200         90          0.0172        9.42e-05          0.0172         0.00747          0.0119          0.0116          0.0161
    200        100          0.0166        4.28e-05          0.0165         0.00655         0.00803          0.0123          0.0158
    200        110          0.0151        0.000268          0.0149          0.0184          0.0201          0.0115           0.015


2025-11-20 17:21:52: Validating
# epoch      batch      total_loss     energy_loss     forces_loss      energy_mae     energy_rmse      forces_mae     forces_rmse
    200          0         0.00706        1.01e-05         0.00705         0.00329          0.0039         0.00762          0.0103
    200         10         0.00749        1.76e-06         0.00749         0.00143         0.00163         0.00792          0.0106
    200         20         0.00897        1.19e-05         0.00895         0.00349         0.00424         0.00804          0.0116


2025-11-20 17:21:53: Epoch summary:
Validation  # epoch      total_loss     energy_loss     forces_loss      energy_mae     energy_rmse      forces_mae     forces_rmse
                200          0.0138        8.57e-05          0.0137         0.00422          0.0069         0.00953          0.0137
Train       # epoch      total_loss     energy_loss     forces_loss      energy_mae     energy_rmse      forces_mae     forces_rmse
                200          0.0143        0.000312           0.014          0.0165          0.0187          0.0108          0.0145


2025-11-20 17:21:53: Training
# epoch      batch      total_loss     energy_loss     forces_loss      energy_mae     energy_rmse      forces_mae     forces_rmse
    201          0          0.0192        0.000935          0.0182          0.0365          0.0375          0.0124          0.0166
    201         10           0.025         0.00151          0.0235          0.0464          0.0477          0.0131          0.0188
    201         20          0.0467        0.000343          0.0463          0.0194          0.0227          0.0192          0.0264
    201         30          0.0306         0.00815          0.0225           0.111           0.111          0.0138          0.0184
    201         40          0.0282        6.53e-05          0.0281         0.00787         0.00992          0.0148          0.0206
    201         50          0.0179        0.000408          0.0175          0.0232          0.0248           0.012          0.0162
    201         60          0.0239        0.000142          0.0237          0.0133          0.0146          0.0134          0.0189
    201         70          0.0187         0.00151          0.0172          0.0471          0.0478          0.0124          0.0161
    201         80          0.0159        0.000116          0.0157          0.0106          0.0132          0.0112          0.0154
    201         90          0.0148        4.19e-05          0.0147         0.00634         0.00795          0.0111          0.0149
    201        100          0.0162        9.66e-05          0.0161         0.00872          0.0121          0.0121          0.0156
    201        110          0.0156         0.00102          0.0146          0.0388          0.0392          0.0111          0.0148


2025-11-20 17:22:05: Validating
# epoch      batch      total_loss     energy_loss     forces_loss      energy_mae     energy_rmse      forces_mae     forces_rmse
    201          0         0.00711        7.27e-06          0.0071         0.00292         0.00331         0.00769          0.0103
    201         10         0.00728        1.81e-06         0.00728         0.00142         0.00165         0.00791          0.0105
    201         20         0.00896        1.06e-05         0.00895         0.00339         0.00399         0.00805          0.0116


2025-11-20 17:22:06: Epoch summary:
Validation  # epoch      total_loss     energy_loss     forces_loss      energy_mae     energy_rmse      forces_mae     forces_rmse
                201          0.0138        8.58e-05          0.0137         0.00433         0.00701         0.00952          0.0137
Train       # epoch      total_loss     energy_loss     forces_loss      energy_mae     energy_rmse      forces_mae     forces_rmse
                201          0.0214         0.00113          0.0203          0.0314          0.0337          0.0126          0.0173


2025-11-20 17:22:06: Training
# epoch      batch      total_loss     energy_loss     forces_loss      energy_mae     energy_rmse      forces_mae     forces_rmse
    202          0          0.0132        0.000123          0.0131          0.0121          0.0136          0.0103          0.0141
    202         10          0.0165         0.00044           0.016          0.0253          0.0258          0.0115          0.0155
    202         20          0.0155        0.000287          0.0152          0.0186          0.0208          0.0112          0.0151
    202         30          0.0113        0.000239           0.011           0.018           0.019         0.00983          0.0129
    202         40          0.0196         0.00149          0.0181          0.0436          0.0474          0.0119          0.0165
    202         50          0.0161        0.000415          0.0156         0.00967           0.025           0.011          0.0154
    202         60          0.0164        0.000398           0.016          0.0233          0.0245          0.0115          0.0155
    202         70          0.0153        0.000617          0.0146          0.0292          0.0305          0.0111          0.0149
    202         80          0.0154        2.16e-05          0.0154         0.00473         0.00571          0.0111          0.0152
    202         90          0.0177        0.000825          0.0169          0.0348          0.0353          0.0118           0.016
    202        100          0.0144        0.000313          0.0141          0.0212          0.0217          0.0102          0.0146
    202        110          0.0312         0.00267          0.0285          0.0623          0.0635          0.0149          0.0207


2025-11-20 17:22:18: Validating
# epoch      batch      total_loss     energy_loss     forces_loss      energy_mae     energy_rmse      forces_mae     forces_rmse
    202          0         0.00715        8.83e-06         0.00715         0.00333         0.00365         0.00763          0.0104
    202         10         0.00734        1.86e-06         0.00734         0.00136         0.00168         0.00794          0.0105
    202         20         0.00892        9.94e-06         0.00891         0.00326         0.00387         0.00804          0.0116


2025-11-20 17:22:19: Epoch summary:
Validation  # epoch      total_loss     energy_loss     forces_loss      energy_mae     energy_rmse      forces_mae     forces_rmse
                202          0.0138        8.61e-05          0.0137         0.00435         0.00703         0.00952          0.0137
Train       # epoch      total_loss     energy_loss     forces_loss      energy_mae     energy_rmse      forces_mae     forces_rmse
                202           0.018        0.000559          0.0174          0.0238          0.0259          0.0117          0.0159


2025-11-20 17:22:19: Training
# epoch      batch      total_loss     energy_loss     forces_loss      energy_mae     energy_rmse      forces_mae     forces_rmse
    203          0          0.0226         0.00113          0.0215          0.0408          0.0414          0.0133           0.018
    203         10          0.0213        0.000187          0.0211           0.015          0.0168           0.013          0.0179
    203         20          0.0217         0.00355          0.0182          0.0729          0.0732          0.0125          0.0166
    203         30          0.0185        9.87e-05          0.0184          0.0102          0.0122          0.0129          0.0167
    203         40          0.0152         0.00299          0.0123           0.067          0.0671          0.0103          0.0136
    203         50          0.0167        0.000129          0.0166          0.0129           0.014          0.0118          0.0158
    203         60          0.0118        0.000202          0.0116          0.0167          0.0174            0.01          0.0132
    203         70          0.0128        0.000225          0.0126          0.0172          0.0184          0.0102          0.0138
    203         80          0.0163         5.5e-05          0.0163          0.0069         0.00911          0.0118          0.0157
    203         90          0.0141        0.000875          0.0132          0.0357          0.0363          0.0106          0.0141
    203        100          0.0128        0.000329          0.0125          0.0218          0.0223          0.0101          0.0137
    203        110          0.0344        0.000152          0.0342          0.0136          0.0151          0.0131          0.0227


2025-11-20 17:22:31: Validating
# epoch      batch      total_loss     energy_loss     forces_loss      energy_mae     energy_rmse      forces_mae     forces_rmse
    203          0         0.00721        1.06e-05          0.0072          0.0036           0.004         0.00762          0.0104
    203         10         0.00758        2.32e-06         0.00758         0.00146         0.00187         0.00802          0.0107
    203         20         0.00904        1.06e-05         0.00903         0.00339           0.004         0.00804          0.0117


2025-11-20 17:22:32: Epoch summary:
Validation  # epoch      total_loss     energy_loss     forces_loss      energy_mae     energy_rmse      forces_mae     forces_rmse
                203          0.0138        8.98e-05          0.0137         0.00441         0.00716         0.00952          0.0137
Train       # epoch      total_loss     energy_loss     forces_loss      energy_mae     energy_rmse      forces_mae     forces_rmse
                203          0.0192         0.00106          0.0182          0.0322          0.0337           0.012          0.0164


2025-11-20 17:22:32: Training
# epoch      batch      total_loss     energy_loss     forces_loss      energy_mae     energy_rmse      forces_mae     forces_rmse
    204          0          0.0345         0.00103          0.0335          0.0362          0.0395          0.0156          0.0225
    204         10          0.0825          0.0103          0.0722           0.122           0.125          0.0205           0.033
    204         20          0.0323         0.00243          0.0299          0.0595          0.0605          0.0163          0.0212
    204         30          0.0233        5.06e-05          0.0233         0.00785         0.00873          0.0146          0.0187
    204         40          0.0191        0.000572          0.0185          0.0264          0.0294          0.0127          0.0167
    204         50          0.0186        0.000834          0.0177          0.0344          0.0355          0.0121          0.0163
    204         60          0.0307         0.00284          0.0279          0.0651          0.0654          0.0144          0.0205
    204         70          0.0203          0.0012          0.0191          0.0415          0.0425          0.0123           0.017
    204         80          0.0225         0.00165          0.0208          0.0488          0.0498           0.013          0.0177
    204         90          0.0286        0.000247          0.0284          0.0154          0.0193          0.0143          0.0207
    204        100          0.0151         0.00104           0.014          0.0391          0.0395          0.0111          0.0145
    204        110          0.0163        0.000385          0.0159          0.0147          0.0241          0.0114          0.0155


2025-11-20 17:22:43: Validating
# epoch      batch      total_loss     energy_loss     forces_loss      energy_mae     energy_rmse      forces_mae     forces_rmse
    204          0         0.00721        1.18e-05          0.0072          0.0038         0.00423         0.00763          0.0104
    204         10         0.00743           2e-06         0.00743         0.00127         0.00174         0.00798          0.0106
    204         20         0.00907        1.02e-05         0.00906         0.00334         0.00393         0.00807          0.0117


2025-11-20 17:22:44: Epoch summary:
Validation  # epoch      total_loss     energy_loss     forces_loss      energy_mae     energy_rmse      forces_mae     forces_rmse
                204          0.0139        9.41e-05          0.0138         0.00458         0.00744         0.00957          0.0138
Train       # epoch      total_loss     energy_loss     forces_loss      energy_mae     energy_rmse      forces_mae     forces_rmse
                204          0.0278         0.00156          0.0263          0.0387          0.0406           0.014          0.0193


2025-11-20 17:22:44: Training
# epoch      batch      total_loss     energy_loss     forces_loss      energy_mae     energy_rmse      forces_mae     forces_rmse
    205          0          0.0241         0.00027          0.0238          0.0169          0.0202          0.0136          0.0189
    205         10          0.0214         0.00263          0.0188          0.0627          0.0629          0.0127          0.0168
    205         20          0.0144        0.000302          0.0141          0.0202          0.0213           0.011          0.0146
    205         30          0.0144        0.000525          0.0139           0.027          0.0281          0.0107          0.0145
    205         40          0.0274        0.000168          0.0272         0.00998          0.0159          0.0129          0.0202
    205         50          0.0208         0.00304          0.0178          0.0671          0.0677          0.0119          0.0164
    205         60          0.0144        0.000282          0.0141          0.0192          0.0206          0.0109          0.0146
    205         70          0.0165        0.000689          0.0158          0.0316          0.0322          0.0114          0.0155
    205         80          0.0138        6.69e-05          0.0137         0.00758            0.01          0.0104          0.0144
    205         90          0.0215         0.00119          0.0203          0.0414          0.0423          0.0129          0.0175
    205        100          0.0193        0.000832          0.0184          0.0348          0.0354          0.0122          0.0167
    205        110          0.0134        0.000222          0.0132          0.0174          0.0183          0.0106          0.0141


2025-11-20 17:22:55: Validating
# epoch      batch      total_loss     energy_loss     forces_loss      energy_mae     energy_rmse      forces_mae     forces_rmse
    205          0         0.00711        9.41e-06          0.0071         0.00337         0.00377         0.00761          0.0103
    205         10         0.00758        2.26e-06         0.00757         0.00141         0.00185         0.00799          0.0107
    205         20         0.00902        9.91e-06         0.00901          0.0033         0.00387           0.008          0.0117


2025-11-20 17:22:56: Epoch summary:
Validation  # epoch      total_loss     energy_loss     forces_loss      energy_mae     energy_rmse      forces_mae     forces_rmse
                205          0.0138        9.16e-05          0.0137         0.00445         0.00725         0.00953          0.0137
Train       # epoch      total_loss     energy_loss     forces_loss      energy_mae     energy_rmse      forces_mae     forces_rmse
                205          0.0174        0.000725          0.0167          0.0267          0.0286          0.0116          0.0157


2025-11-20 17:22:56: Training
# epoch      batch      total_loss     energy_loss     forces_loss      energy_mae     energy_rmse      forces_mae     forces_rmse
    206          0          0.0146        0.000128          0.0144          0.0133          0.0139          0.0111          0.0148
    206         10           0.013        5.72e-05           0.013         0.00763         0.00928          0.0103           0.014
    206         20          0.0179          0.0017          0.0162          0.0355          0.0507          0.0116          0.0156
    206         30          0.0111        1.57e-05          0.0111         0.00356         0.00487         0.00955           0.013
    206         40          0.0157        0.000175          0.0155          0.0151          0.0162          0.0114          0.0153
    206         50          0.0129        3.12e-05          0.0128         0.00554         0.00685          0.0105          0.0139
    206         60          0.0163         0.00016          0.0161          0.0137          0.0156          0.0113          0.0156
    206         70           0.014         0.00021          0.0138           0.017          0.0178          0.0103          0.0144
    206         80          0.0138         7.8e-05          0.0137         0.00818          0.0108          0.0108          0.0144
    206         90          0.0215        0.000196          0.0213          0.0146          0.0172          0.0128          0.0179
    206        100          0.0169        0.000547          0.0164          0.0278          0.0287          0.0118          0.0157
    206        110          0.0201        0.000135            0.02          0.0124          0.0143           0.013          0.0173


2025-11-20 17:23:08: Validating
# epoch      batch      total_loss     energy_loss     forces_loss      energy_mae     energy_rmse      forces_mae     forces_rmse
    206          0         0.00706        1.03e-05         0.00705         0.00333         0.00395          0.0076          0.0103
    206         10         0.00754        1.56e-06         0.00754         0.00122         0.00153         0.00796          0.0107
    206         20         0.00884        9.33e-06         0.00883         0.00316         0.00375         0.00797          0.0115


2025-11-20 17:23:09: Epoch summary:
Validation  # epoch      total_loss     energy_loss     forces_loss      energy_mae     energy_rmse      forces_mae     forces_rmse
                206          0.0138        9.04e-05          0.0137         0.00425         0.00705         0.00952          0.0137
Train       # epoch      total_loss     energy_loss     forces_loss      energy_mae     energy_rmse      forces_mae     forces_rmse
                206          0.0155        0.000325          0.0152          0.0164          0.0186           0.011           0.015


2025-11-20 17:23:09: Training
# epoch      batch      total_loss     energy_loss     forces_loss      energy_mae     energy_rmse      forces_mae     forces_rmse
    207          0          0.0195         0.00134          0.0182          0.0445          0.0449          0.0121          0.0166
    207         10          0.0211          0.0014          0.0197          0.0429           0.046          0.0128          0.0172
    207         20           0.014        3.09e-05           0.014         0.00572         0.00683          0.0109          0.0145
    207         30          0.0143        0.000186          0.0141           0.011          0.0168          0.0111          0.0146
    207         40          0.0165        0.000154          0.0163          0.0126          0.0153          0.0116          0.0157
    207         50          0.0139        0.000208          0.0137          0.0167          0.0177          0.0107          0.0144
    207         60          0.0192         0.00166          0.0176          0.0496          0.0501          0.0123          0.0163
    207         70          0.0169        0.000875           0.016           0.036          0.0363          0.0112          0.0156
    207         80          0.0144        0.000832          0.0135          0.0349          0.0354          0.0105          0.0143
    207         90          0.0179        2.68e-05          0.0179         0.00454         0.00635          0.0122          0.0164
    207        100           0.018        0.000658          0.0173          0.0307          0.0315          0.0122          0.0162
    207        110          0.0123        2.04e-05          0.0123         0.00455         0.00555          0.0102          0.0136


2025-11-20 17:23:20: Validating
# epoch      batch      total_loss     energy_loss     forces_loss      energy_mae     energy_rmse      forces_mae     forces_rmse
    207          0         0.00711        1.11e-05          0.0071          0.0035         0.00409         0.00766          0.0103
    207         10         0.00746        2.14e-06         0.00746         0.00145          0.0018         0.00792          0.0106
    207         20         0.00869        8.92e-06         0.00868         0.00305         0.00367         0.00791          0.0114


2025-11-20 17:23:22: Epoch summary:
Validation  # epoch      total_loss     energy_loss     forces_loss      energy_mae     energy_rmse      forces_mae     forces_rmse
                207          0.0138        8.84e-05          0.0137         0.00426         0.00702         0.00952          0.0137
Train       # epoch      total_loss     energy_loss     forces_loss      energy_mae     energy_rmse      forces_mae     forces_rmse
                207          0.0167        0.000609          0.0161           0.025           0.027          0.0115          0.0155


2025-11-20 17:23:22: Training
# epoch      batch      total_loss     energy_loss     forces_loss      energy_mae     energy_rmse      forces_mae     forces_rmse
    208          0          0.0145        6.29e-05          0.0144         0.00894         0.00974          0.0112          0.0147
    208         10          0.0165        0.000322          0.0162          0.0129           0.022          0.0112          0.0156
    208         20          0.0121        0.000155          0.0119          0.0145          0.0153          0.0101          0.0134
    208         30          0.0148        0.000846           0.014           0.035          0.0357          0.0106          0.0145
    208         40          0.0196        0.000935          0.0187          0.0372          0.0375          0.0127          0.0168
    208         50          0.0147         0.00066           0.014          0.0309          0.0316           0.011          0.0146
    208         60          0.0177         0.00107          0.0166          0.0397          0.0401          0.0117          0.0158
    208         70          0.0139         0.00015          0.0138          0.0129           0.015          0.0109          0.0144
    208         80          0.0141        0.000392          0.0137          0.0238          0.0243          0.0109          0.0144
    208         90          0.0114        0.000769          0.0106          0.0337           0.034         0.00922          0.0126
    208        100          0.0117        0.000182          0.0116          0.0155          0.0166         0.00977          0.0132
    208        110          0.0108        9.93e-05          0.0107          0.0109          0.0122         0.00962          0.0127


2025-11-20 17:23:33: Validating
# epoch      batch      total_loss     energy_loss     forces_loss      energy_mae     energy_rmse      forces_mae     forces_rmse
    208          0         0.00682        1.14e-05         0.00681         0.00341         0.00414         0.00752          0.0101
    208         10         0.00756        2.69e-06         0.00756         0.00162         0.00201         0.00798          0.0107
    208         20         0.00881        1.05e-05          0.0088         0.00333         0.00398         0.00796          0.0115


2025-11-20 17:23:35: Epoch summary:
Validation  # epoch      total_loss     energy_loss     forces_loss      energy_mae     energy_rmse      forces_mae     forces_rmse
                208          0.0139        8.62e-05          0.0138         0.00421         0.00688         0.00952          0.0137
Train       # epoch      total_loss     energy_loss     forces_loss      energy_mae     energy_rmse      forces_mae     forces_rmse
                208          0.0146        0.000551          0.0141          0.0221          0.0242          0.0107          0.0145


2025-11-20 17:23:35: Training
# epoch      batch      total_loss     energy_loss     forces_loss      energy_mae     energy_rmse      forces_mae     forces_rmse
    209          0          0.0149         2.6e-05          0.0149         0.00481         0.00626          0.0113           0.015
    209         10          0.0283        0.000621          0.0276          0.0241          0.0306          0.0137          0.0204
    209         20          0.0244         0.00126          0.0232          0.0431          0.0436          0.0123          0.0187
    209         30          0.0796         0.00507          0.0745          0.0846          0.0874          0.0224          0.0335
    209         40          0.0527         0.00196          0.0508          0.0533          0.0543          0.0195          0.0277
    209         50          0.0635        0.000682          0.0628          0.0289          0.0321          0.0236          0.0308
    209         60           0.043         0.00586          0.0371          0.0936           0.094          0.0168          0.0237
    209         70          0.0343         0.00976          0.0246           0.121           0.121          0.0147          0.0192
    209         80          0.0226        0.000687          0.0219          0.0312          0.0322          0.0134          0.0182
    209         90           0.048         0.00123          0.0467          0.0403          0.0431          0.0185          0.0265
    209        100          0.0301         0.00378          0.0263           0.075          0.0755           0.015          0.0199
    209        110          0.0303        0.000236          0.0301          0.0157          0.0189          0.0151          0.0213


2025-11-20 17:23:45: Validating
# epoch      batch      total_loss     energy_loss     forces_loss      energy_mae     energy_rmse      forces_mae     forces_rmse
    209          0          0.0071        8.28e-06         0.00709         0.00324         0.00353         0.00766          0.0103
    209         10          0.0077        2.01e-06          0.0077         0.00137         0.00174         0.00811          0.0108
    209         20         0.00876        1.13e-05         0.00875         0.00351         0.00413         0.00805          0.0115


2025-11-20 17:23:46: Epoch summary:
Validation  # epoch      total_loss     energy_loss     forces_loss      energy_mae     energy_rmse      forces_mae     forces_rmse
                209           0.014        8.93e-05          0.0139         0.00446         0.00721         0.00959          0.0138
Train       # epoch      total_loss     energy_loss     forces_loss      energy_mae     energy_rmse      forces_mae     forces_rmse
                209           0.044         0.00424          0.0398          0.0623          0.0646          0.0165          0.0232


2025-11-20 17:23:46: Training
# epoch      batch      total_loss     energy_loss     forces_loss      energy_mae     energy_rmse      forces_mae     forces_rmse
    210          0          0.0245         0.00232          0.0222          0.0583          0.0591           0.013          0.0183
    210         10          0.0201         0.00033          0.0198          0.0203          0.0223          0.0129          0.0173
    210         20          0.0181        0.000242          0.0178          0.0182          0.0191          0.0116          0.0164
    210         30          0.0197        0.000605          0.0191          0.0283          0.0302          0.0127           0.017
    210         40           0.015        0.000418          0.0146          0.0111          0.0251          0.0111          0.0148
    210         50          0.0122        0.000456          0.0118          0.0258          0.0262          0.0101          0.0133
    210         60          0.0125        0.000364          0.0122          0.0227          0.0234          0.0102          0.0135
    210         70          0.0155        4.06e-05          0.0155         0.00559         0.00782          0.0112          0.0153
    210         80          0.0206         0.00038          0.0202          0.0232          0.0239          0.0128          0.0175
    210         90          0.0154        3.72e-05          0.0153         0.00505         0.00749          0.0114          0.0152
    210        100          0.0128        0.000373          0.0124          0.0231          0.0237          0.0102          0.0137
    210        110          0.0145        0.000829          0.0136          0.0233          0.0353          0.0105          0.0143


2025-11-20 17:23:57: Validating
# epoch      batch      total_loss     energy_loss     forces_loss      energy_mae     energy_rmse      forces_mae     forces_rmse
    210          0         0.00702        8.94e-06         0.00701         0.00335         0.00367         0.00766          0.0103
    210         10         0.00772         1.9e-06         0.00772         0.00134         0.00169         0.00817          0.0108
    210         20         0.00885        1.08e-05         0.00883         0.00353         0.00403         0.00809          0.0115


2025-11-20 17:23:58: Epoch summary:
Validation  # epoch      total_loss     energy_loss     forces_loss      energy_mae     energy_rmse      forces_mae     forces_rmse
                210          0.0139        8.73e-05          0.0138         0.00439         0.00708         0.00958          0.0138
Train       # epoch      total_loss     energy_loss     forces_loss      energy_mae     energy_rmse      forces_mae     forces_rmse
                210          0.0176        0.000833          0.0168          0.0277          0.0296          0.0116          0.0158


2025-11-20 17:23:58: Training
# epoch      batch      total_loss     energy_loss     forces_loss      energy_mae     energy_rmse      forces_mae     forces_rmse
    211          0          0.0138         0.00135          0.0124          0.0449          0.0451          0.0101          0.0137
    211         10          0.0164        0.000454           0.016          0.0257          0.0262          0.0115          0.0155
    211         20           0.013         0.00157          0.0115          0.0484          0.0487         0.00997          0.0131
    211         30           0.013         0.00106          0.0119          0.0395          0.0399          0.0101          0.0134
    211         40          0.0127        5.33e-05          0.0126         0.00745         0.00896          0.0102          0.0138
    211         50          0.0156        0.000166          0.0154          0.0147          0.0158          0.0116          0.0152
    211         60           0.011        0.000866          0.0101          0.0337          0.0361         0.00958          0.0124
    211         70          0.0131        0.000364          0.0127          0.0218          0.0234          0.0101          0.0139
    211         80          0.0238         0.00239          0.0214          0.0571          0.0601          0.0131           0.018
    211         90          0.0148        0.000255          0.0146          0.0184          0.0196          0.0111          0.0148
    211        100           0.015        3.31e-05          0.0149         0.00504         0.00706          0.0113           0.015
    211        110         0.00985        0.000291         0.00956          0.0205           0.021         0.00898           0.012


2025-11-20 17:24:09: Validating
# epoch      batch      total_loss     energy_loss     forces_loss      energy_mae     energy_rmse      forces_mae     forces_rmse
    211          0         0.00686        8.78e-06         0.00685         0.00321         0.00364         0.00759          0.0102
    211         10         0.00749        1.36e-06         0.00749         0.00126         0.00143         0.00802          0.0106
    211         20         0.00862        9.71e-06         0.00861         0.00328         0.00383         0.00797          0.0114


2025-11-20 17:24:10: Epoch summary:
Validation  # epoch      total_loss     energy_loss     forces_loss      energy_mae     energy_rmse      forces_mae     forces_rmse
                211          0.0138        8.53e-05          0.0137         0.00419         0.00681         0.00952          0.0137
Train       # epoch      total_loss     energy_loss     forces_loss      energy_mae     energy_rmse      forces_mae     forces_rmse
                211          0.0137        0.000464          0.0132          0.0207          0.0227          0.0105          0.0141


2025-11-20 17:24:10: Training
# epoch      batch      total_loss     energy_loss     forces_loss      energy_mae     energy_rmse      forces_mae     forces_rmse
    212          0          0.0135        0.000384          0.0131          0.0229          0.0241          0.0105          0.0141
    212         10          0.0158        0.000472          0.0154          0.0264          0.0267           0.011          0.0152
    212         20          0.0118        0.000779          0.0111          0.0333          0.0343         0.00986          0.0129
    212         30          0.0199        6.34e-05          0.0198         0.00705         0.00977          0.0125          0.0173
    212         40          0.0222         0.00211          0.0201          0.0554          0.0563          0.0125          0.0174
    212         50          0.0279          0.0012          0.0267          0.0399          0.0426          0.0146          0.0201
    212         60          0.0168         0.00172          0.0151            0.05          0.0509          0.0113          0.0151
    212         70          0.0161         0.00198          0.0141          0.0543          0.0546          0.0109          0.0146
    212         80          0.0147          0.0008          0.0139          0.0343          0.0347          0.0109          0.0145
    212         90          0.0191        0.000956          0.0182          0.0363           0.038          0.0121          0.0165
    212        100          0.0213         0.00236          0.0189          0.0592          0.0596          0.0115          0.0169
    212        110          0.0249        8.85e-05          0.0248         0.00868          0.0116          0.0141          0.0194


2025-11-20 17:24:22: Validating
# epoch      batch      total_loss     energy_loss     forces_loss      energy_mae     energy_rmse      forces_mae     forces_rmse
    212          0         0.00685        8.01e-06         0.00684         0.00312         0.00348         0.00757          0.0102
    212         10         0.00739        1.98e-06         0.00739         0.00147         0.00173         0.00793          0.0106
    212         20         0.00896        8.69e-06         0.00895         0.00307         0.00362         0.00805          0.0116


2025-11-20 17:24:23: Epoch summary:
Validation  # epoch      total_loss     energy_loss     forces_loss      energy_mae     energy_rmse      forces_mae     forces_rmse
                212          0.0138        9.01e-05          0.0138         0.00427         0.00698         0.00953          0.0137
Train       # epoch      total_loss     energy_loss     forces_loss      energy_mae     energy_rmse      forces_mae     forces_rmse
                212          0.0192         0.00109          0.0181          0.0334          0.0351          0.0119          0.0163


2025-11-20 17:24:23: Training
# epoch      batch      total_loss     energy_loss     forces_loss      energy_mae     energy_rmse      forces_mae     forces_rmse
    213          0          0.0152        6.84e-05          0.0151         0.00889          0.0102          0.0113          0.0151
    213         10          0.0304        0.000571          0.0298          0.0254          0.0293          0.0152          0.0212
    213         20           0.033         0.00099           0.032          0.0319          0.0386          0.0158           0.022
    213         30          0.0247         0.00279          0.0219          0.0642          0.0649          0.0137          0.0182
    213         40          0.0289        0.000896           0.028          0.0352          0.0368          0.0157          0.0206
    213         50          0.0175         0.00269          0.0148          0.0634          0.0637          0.0111          0.0149
    213         60          0.0236        0.000354          0.0232            0.02          0.0231          0.0141          0.0187
    213         70          0.0253         0.00104          0.0242          0.0374          0.0397          0.0136          0.0191
    213         80          0.0353        0.000224          0.0351          0.0153          0.0184          0.0152           0.023
    213         90          0.0193        0.000222          0.0191         0.00843          0.0183          0.0131           0.017
    213        100          0.0255        0.000933          0.0246          0.0366          0.0375          0.0146          0.0192
    213        110          0.0174           2e-05          0.0174         0.00431         0.00549          0.0122          0.0162


2025-11-20 17:24:34: Validating
# epoch      batch      total_loss     energy_loss     forces_loss      energy_mae     energy_rmse      forces_mae     forces_rmse
    213          0         0.00717        1.21e-05         0.00716         0.00362         0.00427         0.00768          0.0104
    213         10          0.0075        1.97e-06          0.0075         0.00121         0.00172         0.00794          0.0106
    213         20         0.00865        1.02e-05         0.00864         0.00335         0.00393         0.00792          0.0114


2025-11-20 17:24:35: Epoch summary:
Validation  # epoch      total_loss     energy_loss     forces_loss      energy_mae     energy_rmse      forces_mae     forces_rmse
                213           0.014        9.61e-05          0.0139          0.0044         0.00725         0.00955          0.0138
Train       # epoch      total_loss     energy_loss     forces_loss      energy_mae     energy_rmse      forces_mae     forces_rmse
                213          0.0256          0.0014          0.0242          0.0359          0.0381          0.0135          0.0188


2025-11-20 17:24:35: Training
# epoch      batch      total_loss     energy_loss     forces_loss      energy_mae     energy_rmse      forces_mae     forces_rmse
    214          0          0.0211        0.000351          0.0207          0.0222           0.023          0.0112          0.0177
    214         10          0.0204        0.000537          0.0198          0.0259          0.0285          0.0125          0.0173
    214         20          0.0224        0.000142          0.0223          0.0125          0.0146          0.0134          0.0183
    214         30          0.0176        0.000638           0.017          0.0306           0.031          0.0121           0.016
    214         40          0.0211         0.00175          0.0193          0.0508          0.0514          0.0121          0.0171
    214         50          0.0252        6.64e-05          0.0251         0.00827            0.01          0.0137          0.0195
    214         60          0.0376         0.00144          0.0362          0.0431          0.0465          0.0167          0.0233
    214         70          0.0297          0.0026          0.0271          0.0622          0.0626          0.0146          0.0202
    214         80          0.0237         0.00235          0.0214          0.0592          0.0596          0.0129          0.0179
    214         90          0.0227        0.000731           0.022           0.033          0.0332          0.0129          0.0182
    214        100          0.0242        0.000221           0.024          0.0178          0.0183          0.0134           0.019
    214        110          0.0189           0.002          0.0169          0.0542          0.0549           0.012          0.0159


2025-11-20 17:24:46: Validating
# epoch      batch      total_loss     energy_loss     forces_loss      energy_mae     energy_rmse      forces_mae     forces_rmse
    214          0         0.00715        1.06e-05         0.00714         0.00346         0.00399          0.0077          0.0104
    214         10          0.0079        2.45e-06          0.0079          0.0014         0.00192         0.00807          0.0109
    214         20         0.00857        9.76e-06         0.00856         0.00323         0.00384         0.00792          0.0114


2025-11-20 17:24:47: Epoch summary:
Validation  # epoch      total_loss     energy_loss     forces_loss      energy_mae     energy_rmse      forces_mae     forces_rmse
                214          0.0139        9.66e-05          0.0138         0.00441         0.00727         0.00955          0.0138
Train       # epoch      total_loss     energy_loss     forces_loss      energy_mae     energy_rmse      forces_mae     forces_rmse
                214          0.0226         0.00153          0.0211          0.0383          0.0403          0.0129          0.0177


2025-11-20 17:24:47: Training
# epoch      batch      total_loss     energy_loss     forces_loss      energy_mae     energy_rmse      forces_mae     forces_rmse
    215          0          0.0138        0.000649          0.0131          0.0307          0.0313          0.0104          0.0141
    215         10          0.0199        0.000817          0.0191          0.0342          0.0351          0.0121           0.017
    215         20          0.0153        0.000247          0.0151          0.0174          0.0193          0.0114          0.0151
    215         30          0.0178         0.00108          0.0167          0.0395          0.0404          0.0111          0.0159
    215         40          0.0226        0.000384          0.0222          0.0234          0.0241          0.0132          0.0183
    215         50          0.0282        0.000779          0.0274          0.0236          0.0343          0.0141          0.0203
    215         60           0.018         0.00314          0.0149          0.0684          0.0688          0.0114           0.015
    215         70          0.0162         0.00105          0.0152          0.0389          0.0397          0.0114          0.0151
    215         80          0.0156         0.00012          0.0154          0.0118          0.0135          0.0109          0.0153
    215         90          0.0167        0.000114          0.0166          0.0107          0.0131          0.0119          0.0158
    215        100          0.0161        9.12e-06          0.0161         0.00317         0.00371          0.0117          0.0156
    215        110          0.0134        6.14e-05          0.0133         0.00848         0.00962           0.011          0.0142


2025-11-20 17:24:58: Validating
# epoch      batch      total_loss     energy_loss     forces_loss      energy_mae     energy_rmse      forces_mae     forces_rmse
    215          0         0.00708        8.21e-06         0.00707         0.00318         0.00352         0.00767          0.0103
    215         10         0.00784         2.3e-06         0.00784         0.00148         0.00186         0.00802          0.0109
    215         20         0.00859        1.01e-05         0.00858         0.00323          0.0039         0.00798          0.0114


2025-11-20 17:24:59: Epoch summary:
Validation  # epoch      total_loss     energy_loss     forces_loss      energy_mae     energy_rmse      forces_mae     forces_rmse
                215          0.0139        9.68e-05          0.0138         0.00444         0.00724         0.00954          0.0137
Train       # epoch      total_loss     energy_loss     forces_loss      energy_mae     energy_rmse      forces_mae     forces_rmse
                215          0.0187        0.000482          0.0182          0.0214          0.0235          0.0121          0.0165


2025-11-20 17:24:59: Training
# epoch      batch      total_loss     energy_loss     forces_loss      energy_mae     energy_rmse      forces_mae     forces_rmse
    216          0          0.0153        2.88e-05          0.0153         0.00553         0.00659          0.0116          0.0152
    216         10          0.0111           2e-05          0.0111         0.00392         0.00549         0.00945          0.0129
    216         20          0.0106         0.00018          0.0105         0.00941          0.0165         0.00944          0.0126
    216         30          0.0217        0.000417          0.0212          0.0239          0.0251          0.0128          0.0179
    216         40          0.0351         0.00158          0.0336          0.0478          0.0487          0.0148          0.0225
    216         50          0.0148        0.000111          0.0147           0.011          0.0129          0.0109          0.0149
    216         60          0.0177         0.00193          0.0158          0.0461           0.054          0.0114          0.0154
    216         70          0.0169         0.00211          0.0148          0.0558          0.0565          0.0113           0.015
    216         80          0.0147        0.000381          0.0143          0.0232           0.024          0.0107          0.0147
    216         90          0.0176        0.000352          0.0172           0.021           0.023          0.0116          0.0161
    216        100          0.0122        0.000518          0.0117          0.0273          0.0279          0.0101          0.0133
    216        110          0.0233        0.000237           0.023           0.015          0.0189          0.0137          0.0186


2025-11-20 17:25:10: Validating
# epoch      batch      total_loss     energy_loss     forces_loss      energy_mae     energy_rmse      forces_mae     forces_rmse
    216          0         0.00708         8.3e-06         0.00708         0.00316         0.00354         0.00766          0.0103
    216         10         0.00788        2.37e-06         0.00787         0.00143         0.00189         0.00805          0.0109
    216         20         0.00861        1.18e-05          0.0086         0.00348         0.00422         0.00796          0.0114


2025-11-20 17:25:11: Epoch summary:
Validation  # epoch      total_loss     energy_loss     forces_loss      energy_mae     energy_rmse      forces_mae     forces_rmse
                216          0.0139        9.18e-05          0.0138         0.00443         0.00716         0.00954          0.0137
Train       # epoch      total_loss     energy_loss     forces_loss      energy_mae     energy_rmse      forces_mae     forces_rmse
                216          0.0171        0.000497          0.0165          0.0209          0.0233          0.0115          0.0156


2025-11-20 17:25:11: Training
# epoch      batch      total_loss     energy_loss     forces_loss      energy_mae     energy_rmse      forces_mae     forces_rmse
    217          0          0.0175         0.00159          0.0159          0.0404           0.049          0.0105          0.0155
    217         10          0.0179         0.00178          0.0161          0.0514          0.0519          0.0111          0.0156
    217         20           0.017          0.0024          0.0146          0.0598          0.0602           0.011          0.0148
    217         30          0.0127         0.00047          0.0123          0.0259          0.0266          0.0103          0.0136
    217         40           0.014        0.000146          0.0139          0.0133          0.0148          0.0107          0.0145
    217         50          0.0274        8.29e-05          0.0273         0.00893          0.0112          0.0134          0.0203
    217         60          0.0185        0.000795          0.0177           0.033          0.0346          0.0118          0.0163
    217         70           0.019         0.00151          0.0175          0.0464          0.0477          0.0116          0.0162
    217         80          0.0186         0.00262           0.016          0.0625          0.0629          0.0113          0.0155
    217         90          0.0158         0.00249          0.0133          0.0609          0.0612          0.0108          0.0142
    217        100           0.014         0.00136          0.0127          0.0451          0.0453         0.00996          0.0138
    217        110          0.0137        0.000605          0.0131          0.0297          0.0302          0.0104           0.014


2025-11-20 17:25:23: Validating
# epoch      batch      total_loss     energy_loss     forces_loss      energy_mae     energy_rmse      forces_mae     forces_rmse
    217          0         0.00698         8.7e-06         0.00697         0.00325         0.00362         0.00759          0.0102
    217         10         0.00764        3.66e-06         0.00763         0.00186         0.00235         0.00796          0.0107
    217         20         0.00876        1.14e-05         0.00875         0.00343         0.00415         0.00803          0.0115


2025-11-20 17:25:24: Epoch summary:
Validation  # epoch      total_loss     energy_loss     forces_loss      energy_mae     energy_rmse      forces_mae     forces_rmse
                217          0.0139        9.09e-05          0.0138         0.00441         0.00717         0.00953          0.0137
Train       # epoch      total_loss     energy_loss     forces_loss      energy_mae     energy_rmse      forces_mae     forces_rmse
                217          0.0187         0.00116          0.0175          0.0354          0.0372          0.0117          0.0161


2025-11-20 17:25:24: Training
# epoch      batch      total_loss     energy_loss     forces_loss      energy_mae     energy_rmse      forces_mae     forces_rmse
    218          0           0.013        0.000672          0.0123          0.0315          0.0318          0.0106          0.0136
    218         10          0.0159        0.000178          0.0157          0.0153          0.0164          0.0115          0.0154
    218         20          0.0105        0.000134          0.0104          0.0132          0.0142         0.00969          0.0125
    218         30          0.0129        5.96e-05          0.0129         0.00712         0.00948          0.0105          0.0139
    218         40           0.016        0.000272          0.0157           0.016          0.0202          0.0114          0.0154
    218         50          0.0132        2.87e-05          0.0132         0.00515         0.00657          0.0104          0.0141
    218         60          0.0154        0.000206          0.0152          0.0169          0.0176          0.0113          0.0151
    218         70          0.0119        0.000233          0.0116          0.0183          0.0187         0.00982          0.0132
    218         80          0.0131        0.000327          0.0127          0.0214          0.0222          0.0104          0.0139
    218         90          0.0145        0.000182          0.0143          0.0151          0.0166          0.0104          0.0147
    218        100          0.0207        0.000201          0.0205          0.0138          0.0174          0.0127          0.0176
    218        110          0.0199         0.00019          0.0197          0.0145          0.0169          0.0126          0.0172


2025-11-20 17:25:35: Validating
# epoch      batch      total_loss     energy_loss     forces_loss      energy_mae     energy_rmse      forces_mae     forces_rmse
    218          0         0.00686        6.17e-06         0.00685          0.0028         0.00305         0.00752          0.0102
    218         10         0.00776        3.09e-06         0.00776         0.00176         0.00216         0.00799          0.0108
    218         20         0.00863        7.99e-06         0.00862          0.0029         0.00347         0.00801          0.0114


2025-11-20 17:25:37: Epoch summary:
Validation  # epoch      total_loss     energy_loss     forces_loss      energy_mae     energy_rmse      forces_mae     forces_rmse
                218          0.0138        9.05e-05          0.0137         0.00435         0.00702         0.00951          0.0137
Train       # epoch      total_loss     energy_loss     forces_loss      energy_mae     energy_rmse      forces_mae     forces_rmse
                218          0.0134        0.000332          0.0131           0.018          0.0201          0.0104           0.014


2025-11-20 17:25:37: Training
# epoch      batch      total_loss     energy_loss     forces_loss      energy_mae     energy_rmse      forces_mae     forces_rmse
    219          0          0.0109        0.000538          0.0104          0.0281          0.0285         0.00941          0.0125
    219         10          0.0156        0.000221          0.0154         0.00954          0.0183          0.0111          0.0152
    219         20          0.0158         0.00194          0.0139          0.0537          0.0541          0.0109          0.0145
    219         30           0.019        0.000468          0.0186          0.0259          0.0266          0.0111          0.0167
    219         40          0.0158        2.89e-05          0.0158         0.00548         0.00661          0.0117          0.0154
    219         50          0.0137        4.18e-05          0.0136         0.00568         0.00794           0.011          0.0143
    219         60         0.00976        0.000138         0.00963          0.0134          0.0144         0.00923           0.012
    219         70          0.0146         1.9e-05          0.0146         0.00437         0.00535           0.011          0.0148
    219         80          0.0354        0.000137          0.0352          0.0104          0.0144          0.0147           0.023
    219         90          0.0426         0.00022          0.0424          0.0158          0.0182          0.0186          0.0253
    219        100          0.0313        0.000541          0.0307          0.0274          0.0285          0.0153          0.0215
    219        110          0.0288         0.00169          0.0271          0.0497          0.0505          0.0149          0.0202


2025-11-20 17:25:48: Validating
# epoch      batch      total_loss     energy_loss     forces_loss      energy_mae     energy_rmse      forces_mae     forces_rmse
    219          0         0.00684        7.41e-06         0.00683         0.00303         0.00334         0.00754          0.0101
    219         10         0.00777        2.09e-06         0.00777         0.00148         0.00177           0.008          0.0108
    219         20         0.00858        7.12e-06         0.00857         0.00276         0.00328         0.00795          0.0114


2025-11-20 17:25:49: Epoch summary:
Validation  # epoch      total_loss     energy_loss     forces_loss      energy_mae     energy_rmse      forces_mae     forces_rmse
                219          0.0138        9.03e-05          0.0137          0.0043         0.00703         0.00949          0.0137
Train       # epoch      total_loss     energy_loss     forces_loss      energy_mae     energy_rmse      forces_mae     forces_rmse
                219          0.0211        0.000776          0.0203          0.0275          0.0299          0.0124          0.0171


2025-11-20 17:25:49: Training
# epoch      batch      total_loss     energy_loss     forces_loss      energy_mae     energy_rmse      forces_mae     forces_rmse
    220          0          0.0188        0.000746           0.018          0.0333          0.0335          0.0125          0.0165
    220         10          0.0189        0.000277          0.0186          0.0172          0.0204          0.0126          0.0167
    220         20          0.0129        0.000575          0.0124          0.0287          0.0295          0.0104          0.0137
    220         30          0.0133        0.000357          0.0129          0.0219          0.0232          0.0102          0.0139
    220         40          0.0132        0.000231           0.013          0.0165          0.0187          0.0105           0.014
    220         50          0.0213        0.000255          0.0211          0.0106          0.0196          0.0129          0.0178
    220         60          0.0154        0.000546          0.0149          0.0237          0.0287          0.0113           0.015
    220         70          0.0177        0.000223          0.0175          0.0155          0.0183          0.0119          0.0162
    220         80          0.0202        4.76e-05          0.0202         0.00668         0.00847           0.013          0.0175
    220         90          0.0276         0.00153          0.0261          0.0463          0.0481          0.0143          0.0198
    220        100          0.0233        0.000317           0.023          0.0162          0.0219          0.0135          0.0186
    220        110          0.0161        1.82e-05          0.0161         0.00422         0.00523          0.0117          0.0156


2025-11-20 17:26:00: Validating
# epoch      batch      total_loss     energy_loss     forces_loss      energy_mae     energy_rmse      forces_mae     forces_rmse
    220          0         0.00683        8.09e-06         0.00682         0.00313         0.00349         0.00752          0.0101
    220         10         0.00759        1.29e-06         0.00759         0.00113          0.0014         0.00795          0.0107
    220         20         0.00866        8.13e-06         0.00865         0.00303          0.0035          0.0079          0.0114


2025-11-20 17:26:02: Epoch summary:
Validation  # epoch      total_loss     energy_loss     forces_loss      energy_mae     energy_rmse      forces_mae     forces_rmse
                220          0.0139        9.26e-05          0.0138         0.00437         0.00712         0.00952          0.0137
Train       # epoch      total_loss     energy_loss     forces_loss      energy_mae     energy_rmse      forces_mae     forces_rmse
                220          0.0181        0.000458          0.0177          0.0215          0.0236          0.0119          0.0162


2025-11-20 17:26:02: Training
# epoch      batch      total_loss     energy_loss     forces_loss      energy_mae     energy_rmse      forces_mae     forces_rmse
    221          0          0.0166        5.53e-05          0.0165         0.00737         0.00913          0.0113          0.0158
    221         10           0.013        9.56e-06           0.013         0.00297          0.0038          0.0105           0.014
    221         20          0.0109        1.36e-05          0.0109          0.0034         0.00454          0.0096          0.0128
    221         30          0.0159         0.00199          0.0139          0.0543          0.0547          0.0109          0.0145
    221         40          0.0142        0.000439          0.0138          0.0189          0.0257          0.0105          0.0144
    221         50          0.0219         0.00415          0.0177          0.0788          0.0791          0.0123          0.0164
    221         60          0.0265         0.00139          0.0251          0.0438          0.0458          0.0139          0.0194
    221         70          0.0355        0.000213          0.0353          0.0158          0.0179          0.0145          0.0231
    221         80          0.0309        0.000244          0.0306          0.0152          0.0192          0.0151          0.0215
    221         90          0.0677          0.0029          0.0648          0.0612          0.0661          0.0203          0.0313
    221        100          0.0255        1.09e-05          0.0255         0.00308         0.00405          0.0148          0.0196
    221        110          0.0197           0.003          0.0167           0.067          0.0672          0.0119          0.0158


2025-11-20 17:26:12: Validating
# epoch      batch      total_loss     energy_loss     forces_loss      energy_mae     energy_rmse      forces_mae     forces_rmse
    221          0         0.00661        9.47e-06         0.00661         0.00362         0.00378         0.00744         0.00998
    221         10         0.00758        2.59e-06         0.00758         0.00157         0.00198          0.0079          0.0107
    221         20         0.00861        1.12e-05          0.0086         0.00344          0.0041         0.00791          0.0114


2025-11-20 17:26:14: Epoch summary:
Validation  # epoch      total_loss     energy_loss     forces_loss      energy_mae     energy_rmse      forces_mae     forces_rmse
                221          0.0139        9.23e-05          0.0138         0.00462         0.00738         0.00952          0.0137
Train       # epoch      total_loss     energy_loss     forces_loss      energy_mae     energy_rmse      forces_mae     forces_rmse
                221          0.0257         0.00138          0.0243          0.0358          0.0382          0.0133          0.0186


2025-11-20 17:26:14: Training
# epoch      batch      total_loss     energy_loss     forces_loss      energy_mae     energy_rmse      forces_mae     forces_rmse
    222          0          0.0148        0.000718          0.0141          0.0326          0.0329          0.0108          0.0146
    222         10          0.0151        4.67e-05           0.015         0.00732         0.00839          0.0111          0.0151
    222         20           0.016         0.00011          0.0159           0.011          0.0129          0.0114          0.0155
    222         30          0.0228        0.000354          0.0224          0.0188          0.0231          0.0134          0.0184
    222         40           0.014         0.00175          0.0122          0.0509          0.0513            0.01          0.0136
    222         50          0.0177          0.0034          0.0143           0.071          0.0715          0.0108          0.0147
    222         60          0.0213         0.00154          0.0197          0.0475          0.0482          0.0129          0.0172
    222         70           0.022        0.000244          0.0218          0.0172          0.0192          0.0132          0.0181
    222         80          0.0118        0.000518          0.0113          0.0267          0.0279         0.00982          0.0131
    222         90          0.0198        0.000186          0.0196          0.0115          0.0167          0.0125          0.0172
    222        100          0.0173        0.000809          0.0165          0.0345          0.0349          0.0114          0.0158
    222        110          0.0163         0.00133           0.015          0.0443          0.0449          0.0112           0.015


2025-11-20 17:26:24: Validating
# epoch      batch      total_loss     energy_loss     forces_loss      energy_mae     energy_rmse      forces_mae     forces_rmse
    222          0         0.00683        9.94e-06         0.00682         0.00369         0.00387         0.00754          0.0101
    222         10         0.00778        3.46e-06         0.00777          0.0019         0.00228         0.00798          0.0108
    222         20         0.00871        1.24e-05          0.0087         0.00375         0.00432           0.008          0.0115


2025-11-20 17:26:26: Epoch summary:
Validation  # epoch      total_loss     energy_loss     forces_loss      energy_mae     energy_rmse      forces_mae     forces_rmse
                222           0.014        9.54e-05          0.0139          0.0048          0.0076         0.00955          0.0138
Train       # epoch      total_loss     energy_loss     forces_loss      energy_mae     energy_rmse      forces_mae     forces_rmse
                222          0.0182        0.000732          0.0174          0.0266          0.0287          0.0119          0.0161


2025-11-20 17:26:26: Training
# epoch      batch      total_loss     energy_loss     forces_loss      energy_mae     energy_rmse      forces_mae     forces_rmse
    223          0          0.0189        0.000261          0.0187          0.0177          0.0199          0.0125          0.0168
    223         10          0.0172        0.000209           0.017          0.0109          0.0178          0.0112           0.016
    223         20          0.0148        0.000562          0.0142          0.0278          0.0291          0.0107          0.0146
    223         30          0.0109        0.000131          0.0108          0.0126           0.014         0.00954          0.0128
    223         40          0.0156        8.88e-05          0.0155         0.00958          0.0116           0.011          0.0153
    223         50           0.018        2.79e-05           0.018         0.00557         0.00649          0.0122          0.0165
    223         60          0.0203        0.000201          0.0201          0.0156          0.0174          0.0126          0.0174
    223         70          0.0107        0.000106          0.0106          0.0113          0.0127         0.00944          0.0126
    223         80          0.0145        5.96e-05          0.0144         0.00791         0.00948          0.0108          0.0147
    223         90          0.0143          0.0014          0.0129          0.0458           0.046          0.0105          0.0139
    223        100          0.0177        0.000957          0.0167          0.0339           0.038          0.0112          0.0159
    223        110          0.0206         0.00134          0.0192          0.0446           0.045          0.0123           0.017


2025-11-20 17:26:37: Validating
# epoch      batch      total_loss     energy_loss     forces_loss      energy_mae     energy_rmse      forces_mae     forces_rmse
    223          0         0.00694        7.17e-06         0.00693         0.00305         0.00329         0.00761          0.0102
    223         10         0.00778         1.5e-06         0.00778         0.00126          0.0015         0.00804          0.0108
    223         20         0.00846        9.75e-06         0.00845         0.00319         0.00383         0.00793          0.0113


2025-11-20 17:26:38: Epoch summary:
Validation  # epoch      total_loss     energy_loss     forces_loss      energy_mae     energy_rmse      forces_mae     forces_rmse
                223          0.0139        8.99e-05          0.0138          0.0044         0.00715         0.00953          0.0137
Train       # epoch      total_loss     energy_loss     forces_loss      energy_mae     energy_rmse      forces_mae     forces_rmse
                223           0.015        0.000509          0.0144          0.0227          0.0246          0.0109          0.0147


2025-11-20 17:26:38: Training
# epoch      batch      total_loss     energy_loss     forces_loss      energy_mae     energy_rmse      forces_mae     forces_rmse
    224          0          0.0135         0.00252           0.011          0.0613          0.0616         0.00977          0.0129
    224         10          0.0177         0.00298          0.0147          0.0594           0.067          0.0111          0.0149
    224         20          0.0151        0.000259          0.0148          0.0182          0.0198          0.0112          0.0149
    224         30          0.0186        0.000898          0.0177           0.035          0.0368          0.0121          0.0163
    224         40          0.0165        0.000179          0.0163          0.0155          0.0164          0.0108          0.0157
    224         50          0.0187        0.000329          0.0184          0.0203          0.0223          0.0118          0.0167
    224         60          0.0211        0.000546          0.0206          0.0267          0.0287          0.0128          0.0176
    224         70          0.0177        9.26e-05          0.0176          0.0109          0.0118          0.0117          0.0163
    224         80          0.0138        0.000694          0.0131          0.0312          0.0324          0.0105          0.0141
    224         90          0.0129        4.22e-05          0.0128         0.00672         0.00798          0.0104          0.0139
    224        100           0.012        0.000106          0.0119         0.00785          0.0126         0.00992          0.0134
    224        110          0.0136          0.0015          0.0121          0.0426          0.0475         0.00986          0.0135


2025-11-20 17:26:49: Validating
# epoch      batch      total_loss     energy_loss     forces_loss      energy_mae     energy_rmse      forces_mae     forces_rmse
    224          0         0.00696        7.03e-06         0.00695         0.00288         0.00326         0.00758          0.0102
    224         10         0.00768        1.91e-06         0.00768         0.00144          0.0017         0.00799          0.0108
    224         20         0.00838        9.95e-06         0.00837         0.00317         0.00387         0.00792          0.0112


2025-11-20 17:26:50: Epoch summary:
Validation  # epoch      total_loss     energy_loss     forces_loss      energy_mae     energy_rmse      forces_mae     forces_rmse
                224          0.0139        8.74e-05          0.0138         0.00425         0.00696          0.0095          0.0137
Train       # epoch      total_loss     energy_loss     forces_loss      energy_mae     energy_rmse      forces_mae     forces_rmse
                224          0.0154        0.000689          0.0147          0.0236          0.0258           0.011          0.0149


2025-11-20 17:26:50: Training
# epoch      batch      total_loss     energy_loss     forces_loss      energy_mae     energy_rmse      forces_mae     forces_rmse
    225          0          0.0195        8.81e-05          0.0194         0.00939          0.0115          0.0124          0.0171
    225         10          0.0135         0.00205          0.0115           0.055          0.0556         0.00971          0.0132
    225         20           0.019        0.000897          0.0181          0.0353          0.0368          0.0123          0.0165
    225         30          0.0171        0.000149           0.017          0.0129           0.015          0.0116           0.016
    225         40          0.0166        0.000456          0.0162          0.0259          0.0262          0.0113          0.0156
    225         50          0.0189         0.00113          0.0178          0.0405          0.0412          0.0121          0.0164
    225         60          0.0148         0.00111          0.0137          0.0405          0.0409           0.011          0.0144
    225         70          0.0143        0.000541          0.0138          0.0268          0.0286          0.0106          0.0144
    225         80          0.0112        5.12e-05          0.0111         0.00809         0.00878         0.00976           0.013
    225         90          0.0148         0.00149          0.0134          0.0471          0.0474          0.0104          0.0142
    225        100          0.0127        2.74e-05          0.0127         0.00562         0.00643          0.0102          0.0138
    225        110           0.015        0.000201          0.0148          0.0142          0.0174          0.0113          0.0149


2025-11-20 17:27:02: Validating
# epoch      batch      total_loss     energy_loss     forces_loss      energy_mae     energy_rmse      forces_mae     forces_rmse
    225          0         0.00697         8.4e-06         0.00696         0.00308         0.00356         0.00759          0.0102
    225         10         0.00748        1.22e-06         0.00748         0.00117         0.00136         0.00792          0.0106
    225         20         0.00863        1.05e-05         0.00862         0.00318         0.00399         0.00801          0.0114


2025-11-20 17:27:03: Epoch summary:
Validation  # epoch      total_loss     energy_loss     forces_loss      energy_mae     energy_rmse      forces_mae     forces_rmse
                225          0.0138        8.57e-05          0.0137         0.00425         0.00692          0.0095          0.0137
Train       # epoch      total_loss     energy_loss     forces_loss      energy_mae     energy_rmse      forces_mae     forces_rmse
                225          0.0156         0.00079          0.0148          0.0286          0.0302           0.011          0.0149


2025-11-20 17:27:03: Training
# epoch      batch      total_loss     energy_loss     forces_loss      energy_mae     energy_rmse      forces_mae     forces_rmse
    226          0          0.0154        0.000512          0.0149          0.0271          0.0278          0.0112           0.015
    226         10          0.0135        0.000822          0.0127          0.0343          0.0352          0.0105          0.0138
    226         20          0.0112        0.000939          0.0103          0.0264          0.0376         0.00942          0.0125
    226         30          0.0126        2.16e-05          0.0126         0.00432         0.00571          0.0102          0.0138
    226         40          0.0102        8.79e-05          0.0101          0.0109          0.0115         0.00912          0.0123
    226         50            0.01        0.000331         0.00969          0.0217          0.0223         0.00915          0.0121
    226         60          0.0194        0.000143          0.0193          0.0125          0.0147          0.0123          0.0171
    226         70          0.0114         0.00016          0.0113          0.0136          0.0155         0.00988           0.013
    226         80           0.026         0.00038          0.0256          0.0225           0.024          0.0138          0.0196
    226         90          0.0175        0.000809          0.0167          0.0346          0.0349          0.0119          0.0159
    226        100          0.0158        0.000328          0.0154          0.0212          0.0222          0.0112          0.0153
    226        110          0.0145          0.0011          0.0134          0.0402          0.0407          0.0108          0.0142


2025-11-20 17:27:15: Validating
# epoch      batch      total_loss     energy_loss     forces_loss      energy_mae     energy_rmse      forces_mae     forces_rmse
    226          0         0.00694        6.92e-06         0.00693         0.00286         0.00323         0.00758          0.0102
    226         10         0.00739        1.28e-06         0.00739         0.00125         0.00139         0.00788          0.0106
    226         20          0.0086        1.03e-05         0.00858         0.00318         0.00394         0.00801          0.0114


2025-11-20 17:27:16: Epoch summary:
Validation  # epoch      total_loss     energy_loss     forces_loss      energy_mae     energy_rmse      forces_mae     forces_rmse
                226          0.0137         8.6e-05          0.0136         0.00422         0.00689         0.00946          0.0136
Train       # epoch      total_loss     energy_loss     forces_loss      energy_mae     energy_rmse      forces_mae     forces_rmse
                226          0.0143        0.000325           0.014          0.0172          0.0194          0.0107          0.0145


2025-11-20 17:27:16: Training
# epoch      batch      total_loss     energy_loss     forces_loss      energy_mae     energy_rmse      forces_mae     forces_rmse
    227          0          0.0181        0.000248          0.0179          0.0186          0.0193          0.0115          0.0164
    227         10          0.0152        0.000349          0.0148          0.0213          0.0229          0.0111           0.015
    227         20          0.0272         0.00167          0.0255          0.0463          0.0502          0.0137          0.0196
    227         30          0.0202        0.000349          0.0198          0.0189          0.0229          0.0128          0.0173
    227         40          0.0128        9.77e-05          0.0127          0.0101          0.0121          0.0101          0.0138
    227         50          0.0179        0.000661          0.0173          0.0292          0.0316          0.0117          0.0161
    227         60          0.0219        0.000357          0.0215          0.0152          0.0232          0.0135           0.018
    227         70          0.0139        0.000252          0.0136          0.0186          0.0195           0.011          0.0143
    227         80          0.0156        0.000149          0.0154          0.0133           0.015          0.0111          0.0152
    227         90          0.0198        0.000908          0.0189          0.0363           0.037          0.0124          0.0169
    227        100          0.0102        5.75e-05          0.0102         0.00833         0.00931         0.00954          0.0124
    227        110          0.0118        0.000114          0.0117          0.0124          0.0131          0.0101          0.0133


2025-11-20 17:27:27: Validating
# epoch      batch      total_loss     energy_loss     forces_loss      energy_mae     energy_rmse      forces_mae     forces_rmse
    227          0         0.00688        6.96e-06         0.00688         0.00281         0.00324         0.00758          0.0102
    227         10         0.00731        2.84e-06         0.00731         0.00172         0.00207         0.00782          0.0105
    227         20         0.00865        8.26e-06         0.00864         0.00302         0.00353           0.008          0.0114


2025-11-20 17:27:28: Epoch summary:
Validation  # epoch      total_loss     energy_loss     forces_loss      energy_mae     energy_rmse      forces_mae     forces_rmse
                227          0.0138        8.85e-05          0.0137          0.0042         0.00689         0.00947          0.0137
Train       # epoch      total_loss     energy_loss     forces_loss      energy_mae     energy_rmse      forces_mae     forces_rmse
                227          0.0167        0.000399          0.0163          0.0199          0.0219          0.0115          0.0156


2025-11-20 17:27:28: Training
# epoch      batch      total_loss     energy_loss     forces_loss      energy_mae     energy_rmse      forces_mae     forces_rmse
    228          0          0.0139        7.32e-05          0.0139         0.00935          0.0105          0.0107          0.0145
    228         10          0.0135        7.59e-05          0.0135         0.00821          0.0107          0.0108          0.0142
    228         20          0.0251         0.00186          0.0233           0.052          0.0529          0.0136          0.0187
    228         30          0.0163        6.44e-05          0.0162          0.0079         0.00985          0.0118          0.0156
    228         40          0.0219        0.000415          0.0215          0.0236           0.025          0.0134           0.018
    228         50          0.0131         0.00128          0.0118          0.0434          0.0439         0.00962          0.0133
    228         60           0.011        4.19e-05          0.0109         0.00568         0.00794         0.00978          0.0128
    228         70          0.0123        0.000288           0.012          0.0203          0.0208         0.00982          0.0135
    228         80          0.0126        0.000295          0.0124          0.0198          0.0211          0.0102          0.0136
    228         90          0.0192        0.000316          0.0189          0.0211          0.0218          0.0122          0.0169
    228        100          0.0181        0.000711          0.0174          0.0314          0.0327          0.0119          0.0162
    228        110          0.0124         0.00055          0.0118          0.0281          0.0288         0.00986          0.0134


2025-11-20 17:27:39: Validating
# epoch      batch      total_loss     energy_loss     forces_loss      energy_mae     energy_rmse      forces_mae     forces_rmse
    228          0         0.00696         7.1e-06         0.00695          0.0028         0.00327         0.00763          0.0102
    228         10         0.00723        2.01e-06         0.00722         0.00149         0.00174         0.00777          0.0104
    228         20         0.00856        1.03e-05         0.00855         0.00332         0.00394         0.00793          0.0114


2025-11-20 17:27:41: Epoch summary:
Validation  # epoch      total_loss     energy_loss     forces_loss      energy_mae     energy_rmse      forces_mae     forces_rmse
                228          0.0138        8.86e-05          0.0137          0.0042         0.00691         0.00946          0.0137
Train       # epoch      total_loss     energy_loss     forces_loss      energy_mae     energy_rmse      forces_mae     forces_rmse
                228          0.0161        0.000653          0.0154           0.025          0.0269          0.0112          0.0152


2025-11-20 17:27:41: Training
# epoch      batch      total_loss     energy_loss     forces_loss      energy_mae     energy_rmse      forces_mae     forces_rmse
    229          0          0.0119        0.000408          0.0115           0.024          0.0248            0.01          0.0132
    229         10           0.014        4.65e-05           0.014         0.00686         0.00837          0.0107          0.0145
    229         20          0.0181        4.78e-05          0.0181         0.00745         0.00848           0.012          0.0165
    229         30          0.0146        0.000284          0.0144          0.0163          0.0207          0.0108          0.0147
    229         40          0.0147        0.000458          0.0142          0.0257          0.0263          0.0109          0.0146
    229         50          0.0157        0.000446          0.0153           0.022          0.0259          0.0112          0.0152
    229         60          0.0162        0.000389          0.0158          0.0225          0.0242          0.0113          0.0154
    229         70          0.0175        0.000814          0.0167          0.0342           0.035           0.012          0.0159
    229         80          0.0164        0.000928          0.0154          0.0366          0.0374          0.0113          0.0153
    229         90          0.0127        0.000434          0.0123           0.025          0.0256          0.0101          0.0136
    229        100          0.0144         0.00115          0.0132          0.0395          0.0416          0.0107          0.0141
    229        110          0.0244        8.88e-05          0.0244         0.00926          0.0116          0.0138          0.0192


2025-11-20 17:27:52: Validating
# epoch      batch      total_loss     energy_loss     forces_loss      energy_mae     energy_rmse      forces_mae     forces_rmse
    229          0         0.00696        8.21e-06         0.00695         0.00301         0.00352         0.00762          0.0102
    229         10         0.00745        2.63e-06         0.00744         0.00157         0.00199         0.00787          0.0106
    229         20         0.00863        1.05e-05         0.00862         0.00339         0.00398         0.00793          0.0114


2025-11-20 17:27:53: Epoch summary:
Validation  # epoch      total_loss     energy_loss     forces_loss      energy_mae     energy_rmse      forces_mae     forces_rmse
                229          0.0137        8.58e-05          0.0137         0.00417         0.00682         0.00945          0.0136
Train       # epoch      total_loss     energy_loss     forces_loss      energy_mae     energy_rmse      forces_mae     forces_rmse
                229          0.0154        0.000453           0.015          0.0209          0.0231           0.011          0.0149


2025-11-20 17:27:53: Training
# epoch      batch      total_loss     energy_loss     forces_loss      energy_mae     energy_rmse      forces_mae     forces_rmse
    230          0          0.0179        9.38e-05          0.0178         0.00987          0.0119          0.0123          0.0164
    230         10          0.0156         0.00108          0.0145          0.0393          0.0404          0.0109          0.0148
    230         20           0.016        0.000382          0.0157          0.0229           0.024          0.0117          0.0154
    230         30          0.0137        0.000509          0.0132          0.0262          0.0277          0.0105          0.0141
    230         40          0.0246         0.00041          0.0242          0.0185          0.0249          0.0137          0.0191
    230         50          0.0222        0.000538          0.0217          0.0264          0.0285          0.0138          0.0181
    230         60          0.0234        0.000198          0.0232          0.0155          0.0173          0.0132          0.0187
    230         70          0.0202          0.0013          0.0189          0.0439          0.0443          0.0118          0.0169
    230         80          0.0141        0.000109           0.014          0.0119          0.0128          0.0112          0.0145
    230         90          0.0175         0.00022          0.0173          0.0171          0.0182          0.0116          0.0161
    230        100          0.0162        0.000489          0.0157           0.026          0.0271          0.0116          0.0154
    230        110          0.0194         0.00071          0.0187          0.0319          0.0327          0.0119          0.0168


2025-11-20 17:28:04: Validating
# epoch      batch      total_loss     energy_loss     forces_loss      energy_mae     energy_rmse      forces_mae     forces_rmse
    230          0         0.00692        9.03e-06         0.00691          0.0033         0.00369          0.0076          0.0102
    230         10          0.0077        1.82e-06          0.0077         0.00127         0.00166         0.00803          0.0108
    230         20         0.00851        1.19e-05          0.0085         0.00358         0.00423         0.00788          0.0113


2025-11-20 17:28:05: Epoch summary:
Validation  # epoch      total_loss     energy_loss     forces_loss      energy_mae     energy_rmse      forces_mae     forces_rmse
                230          0.0138        8.89e-05          0.0137         0.00435         0.00708         0.00947          0.0137
Train       # epoch      total_loss     energy_loss     forces_loss      energy_mae     energy_rmse      forces_mae     forces_rmse
                230          0.0187         0.00055          0.0181          0.0231          0.0256          0.0121          0.0164


2025-11-20 17:28:05: Training
# epoch      batch      total_loss     energy_loss     forces_loss      energy_mae     energy_rmse      forces_mae     forces_rmse
    231          0          0.0281         0.00109           0.027          0.0325          0.0405          0.0135          0.0202
    231         10          0.0235         0.00426          0.0192          0.0795          0.0802          0.0122           0.017
    231         20          0.0197         0.00114          0.0185            0.04          0.0414          0.0126          0.0167
    231         30          0.0215         0.00159          0.0199          0.0477          0.0489          0.0131          0.0173
    231         40          0.0291         0.00279          0.0263          0.0633          0.0649          0.0137          0.0199
    231         50          0.0225         0.00217          0.0203          0.0567          0.0573          0.0133          0.0175
    231         60          0.0198         0.00155          0.0183          0.0473          0.0483          0.0125          0.0166
    231         70          0.0168        0.000412          0.0164           0.024          0.0249          0.0117          0.0157
    231         80          0.0169        4.29e-05          0.0169         0.00598         0.00804          0.0118           0.016
    231         90          0.0134        0.000273          0.0131          0.0195          0.0203          0.0107          0.0141
    231        100          0.0169        6.26e-05          0.0168          0.0061         0.00971          0.0118          0.0159
    231        110          0.0138        4.64e-05          0.0138         0.00505         0.00837          0.0108          0.0144


2025-11-20 17:28:16: Validating
# epoch      batch      total_loss     energy_loss     forces_loss      energy_mae     energy_rmse      forces_mae     forces_rmse
    231          0          0.0069        1.03e-05         0.00689         0.00345         0.00393         0.00762          0.0102
    231         10         0.00769        2.11e-06         0.00769         0.00146         0.00178         0.00799          0.0108
    231         20         0.00872         1.1e-05         0.00871         0.00346         0.00408         0.00793          0.0115


2025-11-20 17:28:17: Epoch summary:
Validation  # epoch      total_loss     energy_loss     forces_loss      energy_mae     energy_rmse      forces_mae     forces_rmse
                231          0.0138        8.94e-05          0.0137         0.00437         0.00715         0.00947          0.0137
Train       # epoch      total_loss     energy_loss     forces_loss      energy_mae     energy_rmse      forces_mae     forces_rmse
                231          0.0191        0.000773          0.0183          0.0259          0.0278          0.0121          0.0165


2025-11-20 17:28:17: Training
# epoch      batch      total_loss     energy_loss     forces_loss      energy_mae     energy_rmse      forces_mae     forces_rmse
    232          0          0.0158        3.41e-05          0.0158         0.00544         0.00717          0.0114          0.0154
    232         10          0.0155         0.00291          0.0126          0.0642          0.0663          0.0106          0.0138
    232         20          0.0127        1.45e-05          0.0127         0.00404         0.00468          0.0104          0.0138
    232         30         0.00991        0.000443         0.00947          0.0246          0.0258         0.00896          0.0119
    232         40         0.00999        1.06e-05         0.00998         0.00331         0.00399         0.00901          0.0123
    232         50          0.0104        7.75e-05          0.0103          0.0095          0.0108         0.00947          0.0125
    232         60          0.0222        0.000204           0.022          0.0164          0.0175           0.013          0.0182
    232         70          0.0152         0.00132          0.0139           0.044          0.0446          0.0108          0.0145
    232         80          0.0116         0.00066           0.011          0.0313          0.0316         0.00956          0.0129
    232         90          0.0153         0.00114          0.0142          0.0401          0.0415          0.0105          0.0146
    232        100          0.0136        3.45e-05          0.0136         0.00596         0.00722          0.0107          0.0143
    232        110           0.017        0.000118          0.0169          0.0121          0.0133          0.0116          0.0159


2025-11-20 17:28:28: Validating
# epoch      batch      total_loss     energy_loss     forces_loss      energy_mae     energy_rmse      forces_mae     forces_rmse
    232          0          0.0068        8.46e-06          0.0068          0.0031         0.00357         0.00753          0.0101
    232         10         0.00757        2.34e-06         0.00757         0.00157         0.00188         0.00791          0.0107
    232         20         0.00854        1.05e-05         0.00853         0.00351         0.00398         0.00788          0.0113


2025-11-20 17:28:29: Epoch summary:
Validation  # epoch      total_loss     energy_loss     forces_loss      energy_mae     energy_rmse      forces_mae     forces_rmse
                232          0.0138        8.94e-05          0.0137         0.00429         0.00701         0.00946          0.0137
Train       # epoch      total_loss     energy_loss     forces_loss      energy_mae     energy_rmse      forces_mae     forces_rmse
                232          0.0145        0.000556          0.0139          0.0234          0.0251          0.0107          0.0144


2025-11-20 17:28:29: Training
# epoch      batch      total_loss     energy_loss     forces_loss      energy_mae     energy_rmse      forces_mae     forces_rmse
    233          0          0.0207        0.000801          0.0199          0.0184          0.0347          0.0122          0.0173
    233         10          0.0359         0.00184          0.0341          0.0508          0.0527          0.0153          0.0227
    233         20          0.0217          0.0027           0.019          0.0633          0.0638           0.012          0.0169
    233         30          0.0209         0.00127          0.0197          0.0434          0.0438          0.0126          0.0172
    233         40          0.0197         0.00134          0.0183          0.0448           0.045          0.0125          0.0166
    233         50          0.0171         0.00115          0.0159          0.0394          0.0416          0.0115          0.0155
    233         60          0.0147        0.000153          0.0145          0.0142          0.0152          0.0112          0.0148
    233         70          0.0119        0.000479          0.0114          0.0262          0.0269          0.0101          0.0131
    233         80          0.0175        0.000166          0.0174          0.0141          0.0158           0.012          0.0162
    233         90          0.0149        8.04e-05          0.0148          0.0095           0.011          0.0112           0.015
    233        100          0.0126        0.000258          0.0123          0.0178          0.0197          0.0101          0.0136
    233        110          0.0173         0.00197          0.0154           0.054          0.0545          0.0115          0.0152


2025-11-20 17:28:40: Validating
# epoch      batch      total_loss     energy_loss     forces_loss      energy_mae     energy_rmse      forces_mae     forces_rmse
    233          0         0.00685        8.79e-06         0.00684         0.00322         0.00364         0.00752          0.0102
    233         10         0.00764        3.43e-06         0.00764         0.00182         0.00227         0.00794          0.0107
    233         20         0.00861        1.17e-05          0.0086         0.00353          0.0042         0.00791          0.0114


2025-11-20 17:28:41: Epoch summary:
Validation  # epoch      total_loss     energy_loss     forces_loss      energy_mae     energy_rmse      forces_mae     forces_rmse
                233          0.0139        9.07e-05          0.0138         0.00447         0.00719         0.00949          0.0137
Train       # epoch      total_loss     energy_loss     forces_loss      energy_mae     energy_rmse      forces_mae     forces_rmse
                233           0.019        0.000981           0.018          0.0309          0.0325          0.0119          0.0162


2025-11-20 17:28:41: Training
# epoch      batch      total_loss     energy_loss     forces_loss      energy_mae     energy_rmse      forces_mae     forces_rmse
    234          0          0.0147        3.12e-05          0.0147         0.00594         0.00686          0.0112          0.0149
    234         10          0.0148         7.1e-05          0.0147         0.00772          0.0103          0.0109          0.0149
    234         20          0.0207         0.00154          0.0192          0.0459          0.0482           0.012           0.017
    234         30          0.0187        0.000775          0.0179          0.0331          0.0342          0.0117          0.0164
    234         40          0.0176        0.000374          0.0172          0.0227          0.0238          0.0116          0.0161
    234         50          0.0319         0.00359          0.0283          0.0727          0.0736          0.0137          0.0207
    234         60          0.0178        0.000199          0.0176          0.0166          0.0173          0.0123          0.0163
    234         70          0.0246         0.00284          0.0217          0.0635          0.0655          0.0138          0.0181
    234         80          0.0141          0.0009          0.0132          0.0364          0.0368          0.0108          0.0141
    234         90          0.0153        0.000445          0.0149          0.0241          0.0259          0.0112           0.015
    234        100          0.0212        0.000112          0.0211          0.0117           0.013          0.0126          0.0178
    234        110          0.0168        3.78e-05          0.0168         0.00591         0.00755          0.0118          0.0159


2025-11-20 17:28:52: Validating
# epoch      batch      total_loss     energy_loss     forces_loss      energy_mae     energy_rmse      forces_mae     forces_rmse
    234          0         0.00694        9.63e-06         0.00693         0.00327         0.00381         0.00755          0.0102
    234         10         0.00736         2.6e-06         0.00735         0.00161         0.00198         0.00785          0.0105
    234         20         0.00857        1.16e-05         0.00856         0.00343         0.00417         0.00794          0.0114


2025-11-20 17:28:53: Epoch summary:
Validation  # epoch      total_loss     energy_loss     forces_loss      energy_mae     energy_rmse      forces_mae     forces_rmse
                234          0.0139        9.19e-05          0.0138         0.00443          0.0072          0.0095          0.0137
Train       # epoch      total_loss     energy_loss     forces_loss      energy_mae     energy_rmse      forces_mae     forces_rmse
                234          0.0205         0.00121          0.0193          0.0339          0.0358          0.0122          0.0168


2025-11-20 17:28:53: Training
# epoch      batch      total_loss     energy_loss     forces_loss      energy_mae     energy_rmse      forces_mae     forces_rmse
    235          0          0.0233        0.000899          0.0224          0.0341          0.0368          0.0131          0.0184
    235         10          0.0151        2.14e-05          0.0151         0.00483         0.00567          0.0114          0.0151
    235         20          0.0157        8.41e-05          0.0156         0.00948          0.0113          0.0112          0.0154
    235         30           0.014        3.47e-05          0.0139         0.00597         0.00724          0.0105          0.0145
    235         40           0.011        0.000712          0.0103          0.0323          0.0328         0.00937          0.0124
    235         50          0.0242         0.00025          0.0239          0.0166          0.0194           0.014           0.019
    235         60          0.0164        9.16e-05          0.0163          0.0108          0.0118          0.0113          0.0157
    235         70          0.0169        5.63e-05          0.0169         0.00808         0.00922          0.0118          0.0159
    235         80          0.0161        0.000711          0.0154          0.0291          0.0327          0.0114          0.0153
    235         90          0.0172        6.32e-05          0.0172         0.00713         0.00976          0.0121          0.0161
    235        100          0.0152        9.05e-05          0.0151           0.011          0.0117          0.0112          0.0151
    235        110          0.0174          0.0001          0.0173         0.00856          0.0123          0.0114          0.0162


2025-11-20 17:29:04: Validating
# epoch      batch      total_loss     energy_loss     forces_loss      energy_mae     energy_rmse      forces_mae     forces_rmse
    235          0         0.00688        1.06e-05         0.00687         0.00327         0.00401          0.0075          0.0102
    235         10         0.00749        1.43e-06         0.00749         0.00128         0.00147         0.00793          0.0106
    235         20         0.00875        9.59e-06         0.00874         0.00332          0.0038         0.00801          0.0115


2025-11-20 17:29:05: Epoch summary:
Validation  # epoch      total_loss     energy_loss     forces_loss      energy_mae     energy_rmse      forces_mae     forces_rmse
                235          0.0138        9.01e-05          0.0137          0.0043         0.00702         0.00947          0.0137
Train       # epoch      total_loss     energy_loss     forces_loss      energy_mae     energy_rmse      forces_mae     forces_rmse
                235          0.0149        0.000263          0.0146           0.015          0.0175           0.011          0.0148


2025-11-20 17:29:05: Training
# epoch      batch      total_loss     energy_loss     forces_loss      energy_mae     energy_rmse      forces_mae     forces_rmse
    236          0          0.0123        9.24e-05          0.0122           0.011          0.0118          0.0103          0.0136
    236         10          0.0121        0.000572          0.0115          0.0283          0.0294         0.00988          0.0132
    236         20          0.0141        0.000877          0.0132           0.035          0.0364          0.0107          0.0141
    236         30           0.019        0.000831          0.0181          0.0346          0.0354           0.012          0.0165
    236         40          0.0152         0.00107          0.0141          0.0392          0.0401          0.0106          0.0146
    236         50          0.0156        0.000449          0.0152          0.0252           0.026          0.0114          0.0151
    236         60         0.00922        0.000311          0.0089          0.0165          0.0217         0.00882          0.0116
    236         70          0.0136        0.000495          0.0132          0.0268          0.0273          0.0106          0.0141
    236         80          0.0151        5.08e-05          0.0151          0.0074         0.00875          0.0113          0.0151
    236         90           0.016        7.14e-05          0.0159         0.00899          0.0104          0.0112          0.0155
    236        100          0.0237        0.000148          0.0236          0.0135          0.0149          0.0136          0.0189
    236        110          0.0229        0.000807          0.0221          0.0245          0.0349          0.0133          0.0182


2025-11-20 17:29:16: Validating
# epoch      batch      total_loss     energy_loss     forces_loss      energy_mae     energy_rmse      forces_mae     forces_rmse
    236          0         0.00666        9.77e-06         0.00665         0.00319         0.00384         0.00743            0.01
    236         10         0.00748        2.82e-06         0.00748         0.00171         0.00206         0.00791          0.0106
    236         20         0.00882        9.53e-06         0.00881         0.00329         0.00379         0.00803          0.0115


2025-11-20 17:29:18: Epoch summary:
Validation  # epoch      total_loss     energy_loss     forces_loss      energy_mae     energy_rmse      forces_mae     forces_rmse
                236          0.0138        8.71e-05          0.0137         0.00426         0.00695         0.00947          0.0137
Train       # epoch      total_loss     energy_loss     forces_loss      energy_mae     energy_rmse      forces_mae     forces_rmse
                236          0.0157        0.000503          0.0153          0.0217          0.0237          0.0112          0.0151


2025-11-20 17:29:18: Training
# epoch      batch      total_loss     energy_loss     forces_loss      energy_mae     energy_rmse      forces_mae     forces_rmse
    237          0          0.0287        0.000111          0.0286         0.00965           0.013          0.0147          0.0208
    237         10          0.0194          0.0013          0.0181          0.0429          0.0442          0.0123          0.0165
    237         20          0.0249         0.00258          0.0223          0.0614          0.0623          0.0136          0.0183
    237         30          0.0199        0.000125          0.0197         0.00933          0.0137          0.0125          0.0173
    237         40          0.0195        0.000158          0.0193          0.0141          0.0154          0.0128          0.0171
    237         50          0.0125        0.000151          0.0124           0.013          0.0151          0.0104          0.0137
    237         60          0.0133        0.000261           0.013           0.019          0.0199          0.0102           0.014
    237         70          0.0158        0.000592          0.0152          0.0243          0.0299          0.0106          0.0151
    237         80          0.0136        9.62e-05          0.0136          0.0111           0.012          0.0107          0.0143
    237         90         0.00906         7.9e-05         0.00898          0.0101          0.0109         0.00896          0.0116
    237        100          0.0122        0.000154           0.012          0.0126          0.0152          0.0102          0.0135
    237        110           0.012        3.57e-05           0.012         0.00576         0.00733            0.01          0.0135


2025-11-20 17:29:29: Validating
# epoch      batch      total_loss     energy_loss     forces_loss      energy_mae     energy_rmse      forces_mae     forces_rmse
    237          0         0.00657        8.41e-06         0.00657         0.00314         0.00356          0.0074         0.00995
    237         10         0.00755        2.22e-06         0.00755         0.00156         0.00183         0.00792          0.0107
    237         20         0.00892        1.07e-05         0.00891         0.00351         0.00401         0.00802          0.0116


2025-11-20 17:29:30: Epoch summary:
Validation  # epoch      total_loss     energy_loss     forces_loss      energy_mae     energy_rmse      forces_mae     forces_rmse
                237          0.0138        8.61e-05          0.0137         0.00428         0.00698         0.00947          0.0137
Train       # epoch      total_loss     energy_loss     forces_loss      energy_mae     energy_rmse      forces_mae     forces_rmse
                237          0.0163        0.000518          0.0158          0.0192          0.0216          0.0113          0.0153


2025-11-20 17:29:30: Training
# epoch      batch      total_loss     energy_loss     forces_loss      energy_mae     energy_rmse      forces_mae     forces_rmse
    238          0          0.0149        0.000187          0.0147          0.0144          0.0168          0.0108          0.0149
    238         10          0.0122        7.72e-05          0.0122         0.00724          0.0108          0.0101          0.0135
    238         20          0.0119        0.000267          0.0116          0.0191          0.0201         0.00966          0.0132
    238         30          0.0131        2.21e-05          0.0131         0.00436         0.00577          0.0103           0.014
    238         40          0.0143        0.000672          0.0137          0.0314          0.0318          0.0102          0.0144
    238         50          0.0193        2.21e-05          0.0193          0.0051         0.00578          0.0126           0.017
    238         60          0.0121         0.00149          0.0106          0.0444          0.0474         0.00972          0.0127
    238         70          0.0123        4.09e-05          0.0122         0.00537         0.00785          0.0102          0.0136
    238         80          0.0155        0.000752          0.0148           0.033          0.0337          0.0107          0.0149
    238         90          0.0189         0.00024          0.0187          0.0135           0.019          0.0122          0.0168
    238        100          0.0161        0.000611          0.0154          0.0292          0.0304          0.0115          0.0153
    238        110          0.0135         0.00014          0.0133          0.0134          0.0145          0.0106          0.0142


2025-11-20 17:29:42: Validating
# epoch      batch      total_loss     energy_loss     forces_loss      energy_mae     energy_rmse      forces_mae     forces_rmse
    238          0         0.00668        7.87e-06         0.00667         0.00293         0.00344          0.0074            0.01
    238         10         0.00736        1.28e-06         0.00736         0.00128         0.00139         0.00779          0.0105
    238         20         0.00888        1.12e-05         0.00887          0.0036          0.0041         0.00803          0.0116


2025-11-20 17:29:43: Epoch summary:
Validation  # epoch      total_loss     energy_loss     forces_loss      energy_mae     energy_rmse      forces_mae     forces_rmse
                238          0.0138        8.75e-05          0.0137         0.00428         0.00699         0.00946          0.0137
Train       # epoch      total_loss     energy_loss     forces_loss      energy_mae     energy_rmse      forces_mae     forces_rmse
                238           0.015         0.00038          0.0146          0.0197          0.0216          0.0108          0.0147


2025-11-20 17:29:43: Training
# epoch      batch      total_loss     energy_loss     forces_loss      energy_mae     energy_rmse      forces_mae     forces_rmse
    239          0          0.0175         0.00077          0.0167          0.0333          0.0341          0.0113          0.0159
    239         10          0.0184          0.0009          0.0175          0.0363          0.0368          0.0121          0.0162
    239         20          0.0181        0.000149          0.0179          0.0104           0.015          0.0124          0.0164
    239         30          0.0186        2.13e-05          0.0186         0.00456         0.00567          0.0129          0.0167
    239         40          0.0185        9.74e-05          0.0184         0.00975          0.0121          0.0125          0.0166
    239         50          0.0167        0.000439          0.0163           0.024          0.0257          0.0118          0.0157
    239         60          0.0175          0.0018          0.0157          0.0515          0.0521          0.0112          0.0154
    239         70          0.0177        9.54e-05          0.0176         0.00637           0.012          0.0119          0.0163
    239         80          0.0213        7.07e-05          0.0212         0.00946          0.0103           0.013          0.0179
    239         90          0.0175         0.00126          0.0163          0.0427          0.0436          0.0122          0.0157
    239        100           0.022        0.000283          0.0217          0.0169          0.0207          0.0131          0.0181
    239        110          0.0168         0.00375           0.013          0.0749          0.0752          0.0103           0.014


2025-11-20 17:29:55: Validating
# epoch      batch      total_loss     energy_loss     forces_loss      energy_mae     energy_rmse      forces_mae     forces_rmse
    239          0         0.00678        8.93e-06         0.00678         0.00317         0.00367         0.00746          0.0101
    239         10         0.00752         1.9e-06         0.00752         0.00143         0.00169         0.00788          0.0106
    239         20         0.00877        1.21e-05         0.00876         0.00368         0.00427         0.00797          0.0115


2025-11-20 17:29:56: Epoch summary:
Validation  # epoch      total_loss     energy_loss     forces_loss      energy_mae     energy_rmse      forces_mae     forces_rmse
                239          0.0138        9.07e-05          0.0137         0.00433         0.00709         0.00945          0.0137
Train       # epoch      total_loss     energy_loss     forces_loss      energy_mae     energy_rmse      forces_mae     forces_rmse
                239          0.0189        0.000704          0.0182          0.0256          0.0276          0.0121          0.0165


2025-11-20 17:29:56: Training
# epoch      batch      total_loss     energy_loss     forces_loss      energy_mae     energy_rmse      forces_mae     forces_rmse
    240          0           0.016        0.000218          0.0158          0.0166          0.0181          0.0115          0.0154
    240         10          0.0161        0.000191          0.0159          0.0159           0.017          0.0113          0.0155
    240         20          0.0106        0.000686         0.00988          0.0317          0.0321         0.00929          0.0122
    240         30          0.0155        0.000289          0.0152          0.0196          0.0209          0.0112          0.0152
    240         40          0.0279         0.00129          0.0266          0.0434          0.0441          0.0141            0.02
    240         50           0.028        0.000603          0.0274          0.0273          0.0302           0.015          0.0203
    240         60           0.029        0.000836          0.0281           0.034          0.0355          0.0145          0.0206
    240         70          0.0253         0.00607          0.0193          0.0893          0.0956          0.0128           0.017
    240         80          0.0244         0.00109          0.0233          0.0382          0.0404          0.0138          0.0187
    240         90          0.0211        0.000921          0.0201          0.0366          0.0373          0.0126          0.0174
    240        100          0.0155        0.000634          0.0148          0.0304          0.0309          0.0109          0.0149
    240        110          0.0213         0.00121          0.0201          0.0415          0.0427          0.0129          0.0174


2025-11-20 17:30:07: Validating
# epoch      batch      total_loss     energy_loss     forces_loss      energy_mae     energy_rmse      forces_mae     forces_rmse
    240          0         0.00673        9.77e-06         0.00672         0.00332         0.00384         0.00743          0.0101
    240         10         0.00751        2.32e-06         0.00751         0.00142         0.00187          0.0079          0.0106
    240         20         0.00875        1.03e-05         0.00874         0.00332         0.00395         0.00796          0.0115


2025-11-20 17:30:09: Epoch summary:
Validation  # epoch      total_loss     energy_loss     forces_loss      energy_mae     energy_rmse      forces_mae     forces_rmse
                240          0.0139        9.21e-05          0.0139         0.00444          0.0073         0.00949          0.0137
Train       # epoch      total_loss     energy_loss     forces_loss      energy_mae     energy_rmse      forces_mae     forces_rmse
                240          0.0228         0.00135          0.0215          0.0372          0.0392           0.013          0.0178


2025-11-20 17:30:09: Training
# epoch      batch      total_loss     energy_loss     forces_loss      energy_mae     energy_rmse      forces_mae     forces_rmse
    241          0           0.033        0.000864          0.0321           0.033          0.0361          0.0163           0.022
    241         10          0.0254        0.000281          0.0251            0.02          0.0206           0.014          0.0195
    241         20          0.0168         0.00186          0.0149          0.0527           0.053           0.011           0.015
    241         30          0.0131        8.52e-05           0.013         0.00965          0.0113          0.0106           0.014
    241         40          0.0178        0.000903          0.0169          0.0362          0.0369          0.0115           0.016
    241         50          0.0224        0.000438          0.0219           0.024          0.0257          0.0128          0.0182
    241         60          0.0201        0.000408          0.0197          0.0239          0.0248          0.0126          0.0172
    241         70          0.0277        0.000109          0.0276         0.00954          0.0128          0.0145          0.0204
    241         80          0.0192          0.0028          0.0164          0.0643           0.065          0.0116          0.0157
    241         90          0.0195           0.002          0.0175          0.0547           0.055           0.012          0.0162
    241        100          0.0153          0.0013           0.014           0.044          0.0442          0.0108          0.0145
    241        110          0.0134        0.000524          0.0128          0.0274          0.0281          0.0102          0.0139


2025-11-20 17:30:20: Validating
# epoch      batch      total_loss     energy_loss     forces_loss      energy_mae     energy_rmse      forces_mae     forces_rmse
    241          0          0.0071        7.36e-06         0.00709         0.00309         0.00333         0.00763          0.0103
    241         10         0.00781        1.52e-06         0.00781         0.00127         0.00151         0.00803          0.0109
    241         20         0.00873        8.57e-06         0.00872         0.00315          0.0036           0.008          0.0115


2025-11-20 17:30:21: Epoch summary:
Validation  # epoch      total_loss     energy_loss     forces_loss      energy_mae     energy_rmse      forces_mae     forces_rmse
                241           0.014        8.97e-05          0.0139         0.00445          0.0072          0.0095          0.0138
Train       # epoch      total_loss     energy_loss     forces_loss      energy_mae     energy_rmse      forces_mae     forces_rmse
                241          0.0206          0.0011          0.0195          0.0338          0.0355          0.0124           0.017


2025-11-20 17:30:21: Training
# epoch      batch      total_loss     energy_loss     forces_loss      energy_mae     energy_rmse      forces_mae     forces_rmse
    242          0          0.0168        2.08e-05          0.0168         0.00455          0.0056          0.0119          0.0159
    242         10          0.0146        3.92e-05          0.0145         0.00587         0.00769          0.0109          0.0148
    242         20          0.0199         6.6e-05          0.0198         0.00723         0.00998          0.0128          0.0173
    242         30          0.0218        0.000447          0.0213          0.0239           0.026          0.0132          0.0179
    242         40          0.0253         0.00237           0.023          0.0594          0.0597          0.0132          0.0186
    242         50          0.0131        0.000134          0.0129          0.0121          0.0142          0.0105           0.014
    242         60          0.0238        0.000461          0.0234          0.0242          0.0264          0.0136          0.0188
    242         70          0.0226         0.00194          0.0207          0.0528          0.0541          0.0128          0.0177
    242         80          0.0276        0.000949          0.0267           0.037          0.0378          0.0139            0.02
    242         90          0.0213         0.00484          0.0165          0.0853          0.0855          0.0118          0.0158
    242        100          0.0355        0.000269          0.0352          0.0156          0.0201          0.0151           0.023
    242        110          0.0281         0.00343          0.0246          0.0713           0.072          0.0142          0.0193


2025-11-20 17:30:33: Validating
# epoch      batch      total_loss     energy_loss     forces_loss      energy_mae     energy_rmse      forces_mae     forces_rmse
    242          0         0.00692        9.16e-06         0.00691         0.00352         0.00372         0.00755          0.0102
    242         10         0.00798        2.82e-06         0.00798          0.0016         0.00206          0.0081           0.011
    242         20         0.00889        1.06e-05         0.00888         0.00345           0.004         0.00796          0.0116


2025-11-20 17:30:34: Epoch summary:
Validation  # epoch      total_loss     energy_loss     forces_loss      energy_mae     energy_rmse      forces_mae     forces_rmse
                242          0.0139        9.13e-05          0.0138         0.00459         0.00738         0.00949          0.0137
Train       # epoch      total_loss     energy_loss     forces_loss      energy_mae     energy_rmse      forces_mae     forces_rmse
                242          0.0233         0.00142          0.0219          0.0364          0.0383           0.013           0.018


2025-11-20 17:30:34: Training
# epoch      batch      total_loss     energy_loss     forces_loss      energy_mae     energy_rmse      forces_mae     forces_rmse
    243          0          0.0166         0.00188          0.0147          0.0525          0.0532          0.0113          0.0149
    243         10          0.0128        0.000379          0.0124          0.0231          0.0239          0.0103          0.0137
    243         20          0.0197          0.0017           0.018          0.0501          0.0506          0.0124          0.0165
    243         30          0.0228         0.00502          0.0177          0.0867           0.087          0.0117          0.0164
    243         40          0.0293         0.00293          0.0264          0.0657          0.0665           0.014          0.0199
    243         50          0.0212         0.00186          0.0193          0.0458           0.053          0.0124          0.0171
    243         60          0.0181        0.000874          0.0173          0.0353          0.0363          0.0117          0.0161
    243         70          0.0234        0.000728          0.0227          0.0319          0.0331          0.0135          0.0185
    243         80          0.0348         0.00277           0.032          0.0625          0.0646          0.0163           0.022
    243         90          0.0272         0.00114          0.0261          0.0406          0.0414           0.015          0.0198
    243        100          0.0263        0.000694          0.0256          0.0316          0.0323          0.0143          0.0196
    243        110          0.0301        0.000114            0.03         0.00784          0.0131          0.0153          0.0213


2025-11-20 17:30:45: Validating
# epoch      batch      total_loss     energy_loss     forces_loss      energy_mae     energy_rmse      forces_mae     forces_rmse
    243          0         0.00695        1.09e-05         0.00693         0.00381         0.00406         0.00757          0.0102
    243         10         0.00798        3.92e-06         0.00798         0.00209         0.00243         0.00808           0.011
    243         20         0.00861         1.5e-05         0.00859         0.00409         0.00476         0.00792          0.0114


2025-11-20 17:30:46: Epoch summary:
Validation  # epoch      total_loss     energy_loss     forces_loss      energy_mae     energy_rmse      forces_mae     forces_rmse
                243           0.014        9.51e-05          0.0139         0.00511         0.00788         0.00953          0.0138
Train       # epoch      total_loss     energy_loss     forces_loss      energy_mae     energy_rmse      forces_mae     forces_rmse
                243          0.0294         0.00159          0.0278          0.0411          0.0431          0.0145          0.0201


2025-11-20 17:30:46: Training
# epoch      batch      total_loss     energy_loss     forces_loss      energy_mae     energy_rmse      forces_mae     forces_rmse
    244          0          0.0227        0.000987          0.0217          0.0376          0.0386          0.0137          0.0181
    244         10          0.0144         0.00012          0.0142          0.0123          0.0135          0.0112          0.0147
    244         20          0.0138        0.000796           0.013          0.0326          0.0346          0.0103           0.014
    244         30          0.0118         0.00011          0.0117          0.0117          0.0129          0.0102          0.0133
    244         40          0.0131        0.000382          0.0127           0.023           0.024          0.0104          0.0138
    244         50          0.0121        0.000115           0.012           0.012          0.0132         0.00984          0.0135
    244         60          0.0178        7.01e-05          0.0177         0.00886          0.0103           0.012          0.0163
    244         70          0.0112        0.000311          0.0108          0.0208          0.0217         0.00947          0.0128
    244         80          0.0136        0.000258          0.0133          0.0191          0.0197          0.0107          0.0142
    244         90          0.0126        0.000314          0.0122           0.021          0.0218          0.0101          0.0136
    244        100         0.00888        0.000152         0.00873          0.0143          0.0151         0.00883          0.0115
    244        110          0.0128        6.39e-05          0.0127         0.00815         0.00981          0.0102          0.0139


2025-11-20 17:30:56: Validating
# epoch      batch      total_loss     energy_loss     forces_loss      energy_mae     energy_rmse      forces_mae     forces_rmse
    244          0         0.00673        1.04e-05         0.00672         0.00376         0.00395         0.00748          0.0101
    244         10         0.00799        3.04e-06         0.00799         0.00152         0.00214         0.00804           0.011
    244         20         0.00864        1.33e-05         0.00862         0.00375         0.00447         0.00796          0.0114


2025-11-20 17:30:58: Epoch summary:
Validation  # epoch      total_loss     energy_loss     forces_loss      energy_mae     energy_rmse      forces_mae     forces_rmse
                244          0.0139        9.02e-05          0.0138          0.0046         0.00737         0.00952          0.0138
Train       # epoch      total_loss     energy_loss     forces_loss      energy_mae     energy_rmse      forces_mae     forces_rmse
                244          0.0147        0.000308          0.0144          0.0176          0.0198          0.0109          0.0146


2025-11-20 17:30:58: Training
# epoch      batch      total_loss     energy_loss     forces_loss      energy_mae     energy_rmse      forces_mae     forces_rmse
    245          0          0.0121        0.000412          0.0117          0.0176          0.0249          0.0103          0.0133
    245         10          0.0196        6.62e-05          0.0196         0.00747         0.00999          0.0125          0.0172
    245         20          0.0177        6.37e-05          0.0176         0.00832          0.0098          0.0113          0.0163
    245         30          0.0171        0.000186          0.0169         0.00906          0.0168          0.0114           0.016
    245         40          0.0181         9.8e-05           0.018          0.0105          0.0122          0.0126          0.0165
    245         50          0.0163        0.000837          0.0154          0.0231          0.0355          0.0116          0.0153
    245         60          0.0152        0.000135          0.0151          0.0137          0.0143          0.0111          0.0151
    245         70           0.014        9.73e-05          0.0139          0.0116          0.0121          0.0107          0.0145
    245         80          0.0142        3.99e-05          0.0142         0.00649         0.00776          0.0106          0.0146
    245         90          0.0112        0.000222           0.011          0.0177          0.0183          0.0094          0.0129
    245        100          0.0176        0.000247          0.0173          0.0182          0.0193          0.0119          0.0162
    245        110          0.0121        0.000304          0.0118          0.0205          0.0214         0.00999          0.0133


2025-11-20 17:31:08: Validating
# epoch      batch      total_loss     energy_loss     forces_loss      energy_mae     energy_rmse      forces_mae     forces_rmse
    245          0         0.00662        1.03e-05         0.00661         0.00369         0.00395         0.00743         0.00998
    245         10         0.00792        2.56e-06         0.00792         0.00147         0.00196         0.00803          0.0109
    245         20         0.00854        1.28e-05         0.00853         0.00375          0.0044         0.00791          0.0113


2025-11-20 17:31:10: Epoch summary:
Validation  # epoch      total_loss     energy_loss     forces_loss      energy_mae     energy_rmse      forces_mae     forces_rmse
                245          0.0137        9.12e-05          0.0137         0.00451         0.00729         0.00946          0.0137
Train       # epoch      total_loss     energy_loss     forces_loss      energy_mae     energy_rmse      forces_mae     forces_rmse
                245          0.0156        0.000364          0.0152          0.0174          0.0197          0.0111          0.0151


2025-11-20 17:31:10: Training
# epoch      batch      total_loss     energy_loss     forces_loss      energy_mae     energy_rmse      forces_mae     forces_rmse
    246          0          0.0139        8.29e-05          0.0138         0.00994          0.0112          0.0107          0.0144
    246         10         0.00764         2.1e-05         0.00762         0.00485         0.00562         0.00816          0.0107
    246         20           0.012        0.000255          0.0117          0.0134          0.0196         0.00981          0.0133
    246         30          0.0105        0.000106          0.0104          0.0115          0.0127         0.00946          0.0125
    246         40          0.0126         0.00082          0.0118          0.0334          0.0352            0.01          0.0133
    246         50          0.0119        0.000599          0.0113          0.0295          0.0301         0.00961          0.0131
    246         60          0.0151         0.00138          0.0137          0.0451          0.0456          0.0103          0.0144
    246         70          0.0119        0.000279          0.0116          0.0195          0.0205         0.00996          0.0132
    246         80          0.0151        0.000131          0.0149          0.0127           0.014          0.0112           0.015
    246         90          0.0113        4.54e-05          0.0113         0.00594         0.00828         0.00995           0.013
    246        100          0.0179         0.00101          0.0169          0.0386           0.039          0.0115           0.016
    246        110           0.016        0.000239          0.0158          0.0181           0.019          0.0107          0.0154


2025-11-20 17:31:21: Validating
# epoch      batch      total_loss     energy_loss     forces_loss      energy_mae     energy_rmse      forces_mae     forces_rmse
    246          0         0.00658         8.5e-06         0.00657          0.0032         0.00358         0.00743         0.00995
    246         10         0.00785        1.89e-06         0.00785         0.00136         0.00169         0.00801          0.0109
    246         20         0.00872        1.12e-05         0.00871         0.00355         0.00411           0.008          0.0115


2025-11-20 17:31:22: Epoch summary:
Validation  # epoch      total_loss     energy_loss     forces_loss      energy_mae     energy_rmse      forces_mae     forces_rmse
                246          0.0138        8.82e-05          0.0137         0.00434         0.00707         0.00946          0.0137
Train       # epoch      total_loss     energy_loss     forces_loss      energy_mae     energy_rmse      forces_mae     forces_rmse
                246          0.0136        0.000426          0.0131          0.0205          0.0224          0.0104           0.014


2025-11-20 17:31:22: Training
# epoch      batch      total_loss     energy_loss     forces_loss      energy_mae     energy_rmse      forces_mae     forces_rmse
    247          0          0.0148        5.77e-05          0.0147         0.00668         0.00933          0.0107          0.0149
    247         10          0.0178         0.00105          0.0168          0.0205          0.0397          0.0118          0.0159
    247         20          0.0146         0.00144          0.0131          0.0462          0.0465          0.0102          0.0141
    247         30          0.0148         0.00155          0.0133           0.048          0.0484          0.0108          0.0142
    247         40          0.0172         0.00159          0.0156          0.0432           0.049          0.0111          0.0154
    247         50          0.0223         0.00119          0.0211          0.0412          0.0423          0.0124          0.0179
    247         60          0.0334         0.00207          0.0313          0.0541          0.0558          0.0139          0.0217
    247         70          0.0235         0.00195          0.0215          0.0535          0.0542          0.0129           0.018
    247         80          0.0209        0.000596          0.0203          0.0286            0.03          0.0128          0.0175
    247         90          0.0156        0.000792          0.0148          0.0272          0.0346          0.0112           0.015
    247        100          0.0202        0.000542          0.0196          0.0279          0.0286          0.0124          0.0172
    247        110          0.0149        7.02e-05          0.0148         0.00796          0.0103          0.0115           0.015


2025-11-20 17:31:33: Validating
# epoch      batch      total_loss     energy_loss     forces_loss      energy_mae     energy_rmse      forces_mae     forces_rmse
    247          0         0.00673         8.1e-06         0.00673         0.00316         0.00349         0.00749          0.0101
    247         10         0.00776        1.43e-06         0.00775         0.00118         0.00147           0.008          0.0108
    247         20         0.00871           1e-05          0.0087         0.00341         0.00389         0.00799          0.0115


2025-11-20 17:31:34: Epoch summary:
Validation  # epoch      total_loss     energy_loss     forces_loss      energy_mae     energy_rmse      forces_mae     forces_rmse
                247          0.0137        8.77e-05          0.0137          0.0043         0.00705         0.00946          0.0137
Train       # epoch      total_loss     energy_loss     forces_loss      energy_mae     energy_rmse      forces_mae     forces_rmse
                247          0.0199        0.000788          0.0191          0.0289           0.031          0.0121          0.0167


2025-11-20 17:31:34: Training
# epoch      batch      total_loss     energy_loss     forces_loss      energy_mae     energy_rmse      forces_mae     forces_rmse
    248          0          0.0136         0.00163          0.0119          0.0388          0.0496          0.0102          0.0134
    248         10          0.0137        3.53e-05          0.0137           0.006         0.00729          0.0109          0.0144
    248         20           0.011        0.000604          0.0104          0.0298          0.0302         0.00945          0.0125
    248         30          0.0143        0.000362          0.0139          0.0149          0.0234          0.0105          0.0145
    248         40          0.0142        0.000505          0.0137          0.0103          0.0276          0.0111          0.0144
    248         50          0.0107        0.000276          0.0104          0.0181          0.0204          0.0094          0.0125
    248         60          0.0115         0.00101          0.0105          0.0387           0.039         0.00946          0.0126
    248         70          0.0103        5.29e-05          0.0103         0.00718         0.00893         0.00923          0.0125
    248         80          0.0131        4.35e-05           0.013         0.00615         0.00809          0.0105           0.014
    248         90          0.0146        2.43e-05          0.0146         0.00466         0.00606           0.011          0.0148
    248        100          0.0113        4.95e-05          0.0113         0.00767         0.00864         0.00987           0.013
    248        110          0.0125        4.23e-05          0.0125         0.00724         0.00798         0.00998          0.0137


2025-11-20 17:31:45: Validating
# epoch      batch      total_loss     energy_loss     forces_loss      energy_mae     energy_rmse      forces_mae     forces_rmse
    248          0         0.00679        7.45e-06         0.00679         0.00286         0.00335         0.00751          0.0101
    248         10         0.00765        1.11e-06         0.00765         0.00111         0.00129           0.008          0.0107
    248         20         0.00885        9.26e-06         0.00884         0.00339         0.00374         0.00803          0.0115


2025-11-20 17:31:46: Epoch summary:
Validation  # epoch      total_loss     energy_loss     forces_loss      energy_mae     energy_rmse      forces_mae     forces_rmse
                248          0.0138        8.57e-05          0.0137         0.00424         0.00689         0.00947          0.0137
Train       # epoch      total_loss     energy_loss     forces_loss      energy_mae     energy_rmse      forces_mae     forces_rmse
                248          0.0131        0.000344          0.0127          0.0164          0.0186          0.0103          0.0138


2025-11-20 17:31:46: Training
# epoch      batch      total_loss     energy_loss     forces_loss      energy_mae     energy_rmse      forces_mae     forces_rmse
    249          0          0.0141        3.29e-05          0.0141         0.00573         0.00704          0.0108          0.0146
    249         10          0.0158        0.000286          0.0155          0.0199          0.0208          0.0114          0.0153
    249         20          0.0189         0.00105          0.0178          0.0392          0.0398          0.0114          0.0164
    249         30          0.0168        0.000102          0.0167         0.00716          0.0124          0.0112          0.0159
    249         40          0.0124           6e-05          0.0124         0.00763         0.00951          0.0102          0.0136
    249         50          0.0432        0.000229          0.0429          0.0132          0.0186          0.0177          0.0254
    249         60           0.018         0.00147          0.0166          0.0466          0.0471          0.0119          0.0158
    249         70         0.00982        0.000233         0.00959          0.0185          0.0187         0.00916           0.012
    249         80          0.0158        0.000441          0.0154          0.0192          0.0258          0.0111          0.0152
    249         90          0.0124        0.000502          0.0119          0.0271          0.0275          0.0098          0.0134
    249        100          0.0213         0.00072          0.0206          0.0319          0.0329           0.013          0.0176
    249        110          0.0121        0.000263          0.0118          0.0188          0.0199          0.0102          0.0133


2025-11-20 17:31:57: Validating
# epoch      batch      total_loss     energy_loss     forces_loss      energy_mae     energy_rmse      forces_mae     forces_rmse
    249          0         0.00661        6.82e-06         0.00661         0.00278         0.00321         0.00746         0.00998
    249         10         0.00768        1.51e-06         0.00768         0.00124         0.00151         0.00802          0.0108
    249         20         0.00869        1.07e-05         0.00868         0.00346         0.00402         0.00797          0.0114


2025-11-20 17:31:59: Epoch summary:
Validation  # epoch      total_loss     energy_loss     forces_loss      energy_mae     energy_rmse      forces_mae     forces_rmse
                249          0.0138        8.81e-05          0.0137         0.00427         0.00697         0.00946          0.0137
Train       # epoch      total_loss     energy_loss     forces_loss      energy_mae     energy_rmse      forces_mae     forces_rmse
                249           0.016        0.000539          0.0155          0.0224          0.0244          0.0111          0.0151


2025-11-20 17:31:59: Training
# epoch      batch      total_loss     energy_loss     forces_loss      energy_mae     energy_rmse      forces_mae     forces_rmse
    250          0          0.0143         0.00011          0.0142          0.0123          0.0129          0.0112          0.0146
    250         10          0.0119        5.14e-05          0.0119         0.00703          0.0088         0.00991          0.0134
    250         20          0.0104        3.42e-05          0.0104         0.00475         0.00718         0.00947          0.0125
    250         30         0.00911        9.57e-05         0.00902          0.0114           0.012         0.00886          0.0117
    250         40          0.0109        2.75e-05          0.0109         0.00463         0.00644         0.00959          0.0128
    250         50          0.0248        0.000659          0.0241          0.0287          0.0315           0.013          0.0191
    250         60          0.0226         0.00411          0.0185          0.0784          0.0787          0.0122          0.0167
    250         70          0.0315         0.00151          0.0299          0.0442          0.0477          0.0159          0.0212
    250         80          0.0166        2.46e-05          0.0166         0.00513          0.0061          0.0117          0.0158
    250         90          0.0158        0.000149          0.0157          0.0135           0.015          0.0118          0.0154
    250        100          0.0156          0.0011          0.0145          0.0401          0.0407          0.0113          0.0148
    250        110          0.0141        0.000118           0.014          0.0121          0.0133           0.011          0.0145


2025-11-20 17:32:09: Validating
# epoch      batch      total_loss     energy_loss     forces_loss      energy_mae     energy_rmse      forces_mae     forces_rmse
    250          0          0.0068        6.22e-06         0.00679         0.00255         0.00306         0.00751          0.0101
    250         10         0.00761        1.73e-06         0.00761         0.00131         0.00162         0.00799          0.0107
    250         20         0.00868        8.78e-06         0.00867         0.00319         0.00364         0.00798          0.0114


2025-11-20 17:32:11: Epoch summary:
Validation  # epoch      total_loss     energy_loss     forces_loss      energy_mae     energy_rmse      forces_mae     forces_rmse
                250          0.0139         8.7e-05          0.0138         0.00422         0.00692         0.00948          0.0137
Train       # epoch      total_loss     energy_loss     forces_loss      energy_mae     energy_rmse      forces_mae     forces_rmse
                250          0.0191        0.000729          0.0183          0.0251          0.0271           0.012          0.0163


2025-11-20 17:32:11: Training
# epoch      batch      total_loss     energy_loss     forces_loss      energy_mae     energy_rmse      forces_mae     forces_rmse
    251          0          0.0201         0.00084          0.0193          0.0346          0.0356          0.0117          0.0171
    251         10          0.0102        0.000273          0.0099          0.0198          0.0203         0.00917          0.0122
    251         20          0.0141        0.000302          0.0138          0.0158          0.0213          0.0108          0.0144
    251         30          0.0143        0.000383          0.0139          0.0234           0.024          0.0111          0.0145
    251         40          0.0121         0.00026          0.0118          0.0181          0.0198         0.00998          0.0134
    251         50          0.0121         5.7e-05           0.012         0.00711         0.00927          0.0101          0.0135
    251         60          0.0112        0.000578          0.0106           0.029          0.0295         0.00954          0.0127
    251         70          0.0113        0.000249           0.011          0.0182          0.0194         0.00948          0.0129
    251         80          0.0122        5.09e-05          0.0121         0.00736         0.00877         0.00998          0.0135
    251         90          0.0104        0.000428            0.01          0.0249          0.0254         0.00916          0.0123
    251        100          0.0114        0.000108          0.0113          0.0105          0.0128         0.00954           0.013
    251        110          0.0135        2.76e-05          0.0135          0.0053         0.00645          0.0105          0.0143


2025-11-20 17:32:21: Validating
# epoch      batch      total_loss     energy_loss     forces_loss      energy_mae     energy_rmse      forces_mae     forces_rmse
    251          0         0.00674        5.87e-06         0.00673         0.00232         0.00297         0.00746          0.0101
    251         10          0.0076         1.5e-06          0.0076         0.00127          0.0015         0.00796          0.0107
    251         20         0.00862         1.1e-05         0.00861          0.0034         0.00407         0.00797          0.0114


2025-11-20 17:32:23: Epoch summary:
Validation  # epoch      total_loss     energy_loss     forces_loss      energy_mae     energy_rmse      forces_mae     forces_rmse
                251          0.0139        8.71e-05          0.0138         0.00419         0.00686         0.00946          0.0137
Train       # epoch      total_loss     energy_loss     forces_loss      energy_mae     energy_rmse      forces_mae     forces_rmse
                251          0.0135        0.000338          0.0131          0.0178          0.0202          0.0104           0.014


2025-11-20 17:32:23: Training
# epoch      batch      total_loss     energy_loss     forces_loss      energy_mae     energy_rmse      forces_mae     forces_rmse
    252          0          0.0119        0.000287          0.0116          0.0201          0.0208         0.00983          0.0133
    252         10          0.0203         0.00153          0.0188          0.0193           0.048          0.0121          0.0168
    252         20          0.0135        2.34e-05          0.0135         0.00432         0.00594          0.0106          0.0143
    252         30          0.0136        0.000593           0.013          0.0274          0.0299          0.0103           0.014
    252         40          0.0144        6.46e-05          0.0143         0.00889         0.00987          0.0107          0.0147
    252         50           0.012        4.04e-05           0.012          0.0061         0.00781         0.00998          0.0135
    252         60          0.0159         0.00079          0.0151          0.0149          0.0345          0.0111          0.0151
    252         70          0.0111        8.03e-05           0.011          0.0104           0.011         0.00972          0.0129
    252         80         0.00905        7.64e-05         0.00897          0.0102          0.0107          0.0088          0.0116
    252         90          0.0113         9.1e-05          0.0112          0.0106          0.0117         0.00979           0.013
    252        100          0.0149         0.00107          0.0139          0.0392          0.0402          0.0108          0.0145
    252        110          0.0119        0.000132          0.0117          0.0116          0.0141         0.00991          0.0133


2025-11-20 17:32:33: Validating
# epoch      batch      total_loss     energy_loss     forces_loss      energy_mae     energy_rmse      forces_mae     forces_rmse
    252          0         0.00664        6.16e-06         0.00663          0.0024         0.00305          0.0074            0.01
    252         10         0.00754        9.59e-07         0.00754         0.00107          0.0012         0.00789          0.0107
    252         20         0.00863        1.07e-05         0.00862         0.00342         0.00402         0.00789          0.0114


2025-11-20 17:32:34: Epoch summary:
Validation  # epoch      total_loss     energy_loss     forces_loss      energy_mae     energy_rmse      forces_mae     forces_rmse
                252          0.0138        8.68e-05          0.0137         0.00422         0.00688         0.00942          0.0136
Train       # epoch      total_loss     energy_loss     forces_loss      energy_mae     energy_rmse      forces_mae     forces_rmse
                252          0.0129        0.000218          0.0127          0.0134          0.0157          0.0102          0.0138


2025-11-20 17:32:34: Training
# epoch      batch      total_loss     energy_loss     forces_loss      energy_mae     energy_rmse      forces_mae     forces_rmse
    253          0          0.0117        7.37e-05          0.0117         0.00868          0.0105         0.00996          0.0133
    253         10          0.0127        0.000452          0.0122          0.0257          0.0261         0.00958          0.0136
    253         20          0.0235        0.000773          0.0227          0.0309          0.0341          0.0133          0.0185
    253         30          0.0191        0.000371          0.0187          0.0229          0.0236          0.0117          0.0168
    253         40          0.0142        0.000343          0.0139          0.0219          0.0227          0.0108          0.0145
    253         50          0.0139        0.000854           0.013          0.0219          0.0359          0.0106           0.014
    253         60          0.0186        0.000765          0.0178          0.0336           0.034          0.0122          0.0164
    253         70          0.0172         7.2e-05          0.0172         0.00911          0.0104          0.0119          0.0161
    253         80          0.0168         0.00137          0.0154           0.045          0.0455          0.0115          0.0152
    253         90          0.0261        9.59e-05           0.026         0.00928           0.012          0.0139          0.0198
    253        100          0.0311         0.00108          0.0301          0.0382          0.0404          0.0153          0.0213
    253        110          0.0304        0.000441            0.03          0.0239          0.0258          0.0153          0.0213


2025-11-20 17:32:45: Validating
# epoch      batch      total_loss     energy_loss     forces_loss      energy_mae     energy_rmse      forces_mae     forces_rmse
    253          0         0.00662        5.64e-06         0.00661         0.00247         0.00292          0.0074         0.00999
    253         10         0.00772        1.46e-06         0.00771         0.00133         0.00148         0.00793          0.0108
    253         20         0.00852        8.69e-06         0.00851          0.0031         0.00362         0.00784          0.0113


2025-11-20 17:32:46: Epoch summary:
Validation  # epoch      total_loss     energy_loss     forces_loss      energy_mae     energy_rmse      forces_mae     forces_rmse
                253          0.0139        8.77e-05          0.0138         0.00432         0.00696         0.00944          0.0137
Train       # epoch      total_loss     energy_loss     forces_loss      energy_mae     energy_rmse      forces_mae     forces_rmse
                253          0.0209         0.00122          0.0196          0.0333          0.0355          0.0123          0.0169


2025-11-20 17:32:46: Training
# epoch      batch      total_loss     energy_loss     forces_loss      energy_mae     energy_rmse      forces_mae     forces_rmse
    254          0          0.0241         0.00653          0.0175          0.0988          0.0992          0.0122          0.0163
    254         10           0.019        0.000143          0.0188          0.0135          0.0147           0.013          0.0169
    254         20          0.0191         0.00104           0.018          0.0387          0.0395          0.0123          0.0165
    254         30          0.0164        0.000656          0.0157          0.0294          0.0315          0.0117          0.0154
    254         40          0.0154        0.000142          0.0153          0.0128          0.0146          0.0112          0.0152
    254         50          0.0138        0.000167          0.0137          0.0152          0.0159          0.0108          0.0144
    254         60         0.00898        9.67e-05         0.00888           0.011          0.0121          0.0089          0.0116
    254         70          0.0388         0.00147          0.0373          0.0439          0.0471           0.016          0.0237
    254         80          0.0301         0.00589          0.0242          0.0932          0.0942           0.014          0.0191
    254         90          0.0169        0.000437          0.0164          0.0253          0.0257          0.0119          0.0157
    254        100          0.0218        0.000327          0.0215          0.0219          0.0222          0.0128           0.018
    254        110          0.0162        0.000108          0.0161          0.0114          0.0128          0.0113          0.0156


2025-11-20 17:32:57: Validating
# epoch      batch      total_loss     energy_loss     forces_loss      energy_mae     energy_rmse      forces_mae     forces_rmse
    254          0         0.00662        7.75e-06         0.00661         0.00294         0.00342         0.00744         0.00998
    254         10         0.00757        1.66e-06         0.00757         0.00132         0.00158         0.00792          0.0107
    254         20         0.00888        1.03e-05         0.00887         0.00329         0.00394         0.00797          0.0116


2025-11-20 17:32:58: Epoch summary:
Validation  # epoch      total_loss     energy_loss     forces_loss      energy_mae     energy_rmse      forces_mae     forces_rmse
                254          0.0138        8.64e-05          0.0137         0.00424         0.00687         0.00943          0.0137
Train       # epoch      total_loss     energy_loss     forces_loss      energy_mae     energy_rmse      forces_mae     forces_rmse
                254          0.0202         0.00123           0.019          0.0328          0.0347          0.0122          0.0167


2025-11-20 17:32:58: Training
# epoch      batch      total_loss     energy_loss     forces_loss      energy_mae     energy_rmse      forces_mae     forces_rmse
    255          0          0.0156        0.000254          0.0154          0.0105          0.0196          0.0108          0.0152
    255         10          0.0126           2e-05          0.0126         0.00434         0.00549          0.0105          0.0138
    255         20          0.0216        7.15e-05          0.0215         0.00866          0.0104          0.0131           0.018
    255         30          0.0145        0.000261          0.0142          0.0191          0.0199           0.011          0.0146
    255         40           0.013        3.85e-05          0.0129         0.00636         0.00762          0.0104           0.014
    255         50          0.0168         0.00145          0.0153          0.0456          0.0468          0.0108          0.0152
    255         60          0.0112        0.000297          0.0109          0.0202          0.0212         0.00979          0.0128
    255         70            0.02        0.000566          0.0195          0.0276          0.0292          0.0125          0.0171
    255         80          0.0167        0.000107          0.0165          0.0106          0.0127          0.0115          0.0158
    255         90           0.016         0.00073          0.0153          0.0317          0.0332          0.0113          0.0152
    255        100          0.0345         0.00326          0.0312           0.068          0.0701          0.0141          0.0217
    255        110          0.0269        0.000398          0.0265           0.021          0.0245          0.0147            0.02


2025-11-20 17:33:09: Validating
# epoch      batch      total_loss     energy_loss     forces_loss      energy_mae     energy_rmse      forces_mae     forces_rmse
    255          0         0.00659        7.49e-06         0.00658           0.003         0.00336         0.00743         0.00996
    255         10         0.00743         2.6e-06         0.00743         0.00154         0.00198         0.00787          0.0106
    255         20           0.009        1.14e-05         0.00899         0.00339         0.00415         0.00804          0.0116


2025-11-20 17:33:10: Epoch summary:
Validation  # epoch      total_loss     energy_loss     forces_loss      energy_mae     energy_rmse      forces_mae     forces_rmse
                255          0.0137        8.77e-05          0.0136         0.00421          0.0069         0.00942          0.0136
Train       # epoch      total_loss     energy_loss     forces_loss      energy_mae     energy_rmse      forces_mae     forces_rmse
                255          0.0171        0.000566          0.0164          0.0226          0.0248          0.0113          0.0154


2025-11-20 17:33:10: Training
# epoch      batch      total_loss     energy_loss     forces_loss      energy_mae     energy_rmse      forces_mae     forces_rmse
    256          0          0.0232        0.000848          0.0224          0.0346          0.0358          0.0137          0.0184
    256         10          0.0377          0.0086          0.0291           0.114           0.114          0.0152           0.021
    256         20          0.0301         0.00364          0.0264          0.0723          0.0741          0.0144            0.02
    256         30          0.0595         0.00498          0.0545          0.0863          0.0867          0.0212          0.0287
    256         40          0.0466          0.0047          0.0419          0.0831          0.0841          0.0177          0.0251
    256         50          0.0311         0.00353          0.0276          0.0713          0.0729          0.0149          0.0204
    256         60          0.0285        0.000297          0.0282          0.0198          0.0212          0.0151          0.0206
    256         70          0.0269         0.00703          0.0198           0.103           0.103          0.0128          0.0173
    256         80          0.0211         0.00202          0.0191          0.0548          0.0551          0.0123           0.017
    256         90          0.0182        4.42e-05          0.0181         0.00671         0.00816          0.0125          0.0165
    256        100          0.0131        0.000129           0.013          0.0113          0.0139          0.0106           0.014
    256        110          0.0121        0.000179          0.0119          0.0155          0.0164          0.0103          0.0134


2025-11-20 17:33:21: Validating
# epoch      batch      total_loss     energy_loss     forces_loss      energy_mae     energy_rmse      forces_mae     forces_rmse
    256          0         0.00687        9.31e-06         0.00687         0.00343         0.00375         0.00761          0.0102
    256         10         0.00751        3.33e-06         0.00751         0.00173         0.00224         0.00789          0.0106
    256         20         0.00894         1.1e-05         0.00892         0.00352         0.00408         0.00803          0.0116


2025-11-20 17:33:22: Epoch summary:
Validation  # epoch      total_loss     energy_loss     forces_loss      energy_mae     energy_rmse      forces_mae     forces_rmse
                256          0.0138        9.25e-05          0.0137         0.00465         0.00738         0.00947          0.0137
Train       # epoch      total_loss     energy_loss     forces_loss      energy_mae     energy_rmse      forces_mae     forces_rmse
                256          0.0302         0.00224           0.028          0.0457          0.0477          0.0144          0.0199


2025-11-20 17:33:22: Training
# epoch      batch      total_loss     energy_loss     forces_loss      energy_mae     energy_rmse      forces_mae     forces_rmse
    257          0          0.0125        0.000293          0.0122          0.0192           0.021         0.00998          0.0135
    257         10          0.0131        0.000151          0.0129          0.0139          0.0151          0.0105           0.014
    257         20          0.0101        0.000872         0.00923           0.036          0.0363         0.00904          0.0118
    257         30          0.0209        0.000756          0.0201          0.0332          0.0338          0.0126          0.0174
    257         40          0.0109        0.000105          0.0108          0.0117          0.0126         0.00962          0.0127
    257         50          0.0145         0.00139          0.0131          0.0457          0.0459          0.0106           0.014
    257         60          0.0351         0.00142          0.0337          0.0435          0.0463          0.0149          0.0225
    257         70          0.0218        0.000203          0.0216          0.0159          0.0175          0.0134           0.018
    257         80          0.0147        0.000131          0.0146           0.013          0.0141          0.0108          0.0148
    257         90          0.0141        0.000301          0.0138            0.02          0.0213          0.0107          0.0144
    257        100          0.0473        0.000177          0.0471          0.0132          0.0163          0.0186          0.0267
    257        110          0.0142        2.22e-05          0.0141         0.00499         0.00578          0.0108          0.0146


2025-11-20 17:33:33: Validating
# epoch      batch      total_loss     energy_loss     forces_loss      energy_mae     energy_rmse      forces_mae     forces_rmse
    257          0         0.00684        6.95e-06         0.00684         0.00298         0.00324         0.00755          0.0102
    257         10         0.00742        3.76e-06         0.00742         0.00204         0.00238         0.00788          0.0106
    257         20         0.00877         1.1e-05         0.00876         0.00348         0.00408         0.00806          0.0115


2025-11-20 17:33:35: Epoch summary:
Validation  # epoch      total_loss     energy_loss     forces_loss      energy_mae     energy_rmse      forces_mae     forces_rmse
                257          0.0137        8.99e-05          0.0137         0.00437         0.00707         0.00945          0.0136
Train       # epoch      total_loss     energy_loss     forces_loss      energy_mae     energy_rmse      forces_mae     forces_rmse
                257          0.0174        0.000671          0.0167          0.0263          0.0282          0.0114          0.0157


2025-11-20 17:33:35: Training
# epoch      batch      total_loss     energy_loss     forces_loss      energy_mae     energy_rmse      forces_mae     forces_rmse
    258          0          0.0169        7.26e-05          0.0168         0.00893          0.0105          0.0115          0.0159
    258         10          0.0161        0.000698          0.0154          0.0307          0.0324          0.0112          0.0152
    258         20          0.0178        2.25e-05          0.0178         0.00466         0.00583          0.0124          0.0164
    258         30          0.0156        0.000654           0.015          0.0299          0.0314          0.0104           0.015
    258         40          0.0139        0.000209          0.0137          0.0163          0.0177          0.0109          0.0144
    258         50          0.0147        0.000123          0.0146          0.0126          0.0136          0.0104          0.0148
    258         60          0.0129        0.000539          0.0123          0.0271          0.0285          0.0102          0.0136
    258         70           0.011        0.000401          0.0106          0.0243          0.0246         0.00954          0.0127
    258         80            0.01        2.17e-05         0.00999         0.00459         0.00572         0.00931          0.0123
    258         90           0.014        0.000161          0.0138          0.0141          0.0156          0.0106          0.0144
    258        100            0.03         0.00354          0.0265          0.0721           0.073          0.0144            0.02
    258        110           0.026         0.00254          0.0234          0.0612          0.0619          0.0121          0.0188


2025-11-20 17:33:46: Validating
# epoch      batch      total_loss     energy_loss     forces_loss      energy_mae     energy_rmse      forces_mae     forces_rmse
    258          0         0.00666        7.25e-06         0.00665         0.00305         0.00331         0.00747            0.01
    258         10         0.00757        3.16e-06         0.00756         0.00177         0.00218         0.00793          0.0107
    258         20         0.00847        1.23e-05         0.00846         0.00367          0.0043         0.00797          0.0113


2025-11-20 17:33:47: Epoch summary:
Validation  # epoch      total_loss     energy_loss     forces_loss      energy_mae     energy_rmse      forces_mae     forces_rmse
                258          0.0138           9e-05          0.0137         0.00436         0.00702         0.00946          0.0137
Train       # epoch      total_loss     energy_loss     forces_loss      energy_mae     energy_rmse      forces_mae     forces_rmse
                258          0.0166        0.000632          0.0159          0.0236          0.0257          0.0113          0.0154


2025-11-20 17:33:47: Training
# epoch      batch      total_loss     energy_loss     forces_loss      energy_mae     energy_rmse      forces_mae     forces_rmse
    259          0           0.026         0.00272          0.0232          0.0633           0.064          0.0132          0.0187
    259         10          0.0318         0.00425          0.0275          0.0793            0.08          0.0146          0.0204
    259         20          0.0172        9.86e-05          0.0171          0.0105          0.0122          0.0113          0.0161
    259         30          0.0176        0.000174          0.0174          0.0152          0.0162           0.012          0.0162
    259         40          0.0156         0.00166          0.0139          0.0498          0.0501          0.0108          0.0145
    259         50          0.0168         0.00163          0.0152          0.0492          0.0496          0.0114          0.0151
    259         60          0.0159        0.000788          0.0151          0.0341          0.0345          0.0115          0.0151
    259         70          0.0149        0.000139          0.0148          0.0119          0.0145          0.0112          0.0149
    259         80          0.0149        0.000159          0.0147          0.0134          0.0155          0.0109          0.0149
    259         90          0.0159         3.8e-05          0.0159         0.00589         0.00757          0.0112          0.0155
