[2025-10-01 15:42:59,611][curator][INFO] - Running on host: XSH-20240927AHO
[2025-10-01 15:42:59,611][curator][INFO] - Seed with <1234>
[2025-10-01 15:42:59,612][curator][INFO] - Using model from <../train/model_path>
[2025-10-01 15:42:59,843][curator.simulate.logger][INFO] - MD starts from No.-1 configuration in ../LiFePO4.traj
[2025-10-01 15:43:00,452][curator.simulate.logger][INFO] - Steps=         1 Epot=    -179.776 Ekin=       1.175 temperature=  324.55 
[2025-10-01 15:43:00,520][curator.simulate.logger][INFO] - Steps=         2 Epot=    -179.756 Ekin=       1.166 temperature=  322.22 
[2025-10-01 15:43:00,541][curator.simulate.logger][INFO] - Steps=         3 Epot=    -179.766 Ekin=       1.166 temperature=  322.27 
[2025-10-01 15:43:00,556][curator.simulate.logger][INFO] - Steps=         4 Epot=    -179.803 Ekin=       1.179 temperature=  325.63 
[2025-10-01 15:43:00,575][curator.simulate.logger][INFO] - Steps=         5 Epot=    -179.868 Ekin=       1.245 temperature=  343.87 
[2025-10-01 15:43:00,590][curator.simulate.logger][INFO] - Steps=         6 Epot=    -179.955 Ekin=       1.332 temperature=  367.97 
[2025-10-01 15:43:00,690][curator.simulate.logger][INFO] - Steps=         7 Epot=    -180.060 Ekin=       1.434 temperature=  396.29 
[2025-10-01 15:43:00,712][curator.simulate.logger][INFO] - Steps=         8 Epot=    -180.181 Ekin=       1.608 temperature=  444.35 
[2025-10-01 15:43:00,923][curator.simulate.logger][INFO] - Steps=         9 Epot=    -180.314 Ekin=       1.780 temperature=  491.74 
[2025-10-01 15:43:00,944][curator.simulate.logger][INFO] - Steps=        10 Epot=    -180.455 Ekin=       1.926 temperature=  532.14 
[2025-10-01 15:43:00,958][curator.simulate.logger][INFO] - Steps=        11 Epot=    -180.604 Ekin=       1.993 temperature=  550.67 
[2025-10-01 15:43:00,976][curator.simulate.logger][INFO] - Steps=        12 Epot=    -180.755 Ekin=       2.076 temperature=  573.69 
[2025-10-01 15:43:00,996][curator.simulate.logger][INFO] - Steps=        13 Epot=    -180.908 Ekin=       2.241 temperature=  619.16 
[2025-10-01 15:43:01,011][curator.simulate.logger][INFO] - Steps=        14 Epot=    -181.059 Ekin=       2.388 temperature=  659.66 
[2025-10-01 15:43:01,026][curator.simulate.logger][INFO] - Steps=        15 Epot=    -181.209 Ekin=       2.541 temperature=  702.06 
[2025-10-01 15:43:01,038][curator.simulate.logger][INFO] - Steps=        16 Epot=    -181.356 Ekin=       2.712 temperature=  749.25 
[2025-10-01 15:43:01,052][curator.simulate.logger][INFO] - Steps=        17 Epot=    -181.496 Ekin=       2.855 temperature=  788.81 
[2025-10-01 15:43:01,065][curator.simulate.logger][INFO] - Steps=        18 Epot=    -181.623 Ekin=       2.960 temperature=  817.72 
[2025-10-01 15:43:01,078][curator.simulate.logger][INFO] - Steps=        19 Epot=    -181.739 Ekin=       3.163 temperature=  874.04 
[2025-10-01 15:43:01,093][curator.simulate.logger][INFO] - Steps=        20 Epot=    -181.839 Ekin=       3.275 temperature=  904.82 
[2025-10-01 15:43:01,110][curator.simulate.logger][INFO] - Steps=        21 Epot=    -181.923 Ekin=       3.348 temperature=  924.92 
[2025-10-01 15:43:01,125][curator.simulate.logger][INFO] - Steps=        22 Epot=    -181.989 Ekin=       3.386 temperature=  935.61 
[2025-10-01 15:43:01,138][curator.simulate.logger][INFO] - Steps=        23 Epot=    -182.035 Ekin=       3.409 temperature=  941.98 
[2025-10-01 15:43:01,150][curator.simulate.logger][INFO] - Steps=        24 Epot=    -182.058 Ekin=       3.393 temperature=  937.41 
[2025-10-01 15:43:01,166][curator.simulate.logger][INFO] - Steps=        25 Epot=    -182.061 Ekin=       3.399 temperature=  939.08 
[2025-10-01 15:43:01,179][curator.simulate.logger][INFO] - Steps=        26 Epot=    -182.041 Ekin=       3.392 temperature=  937.23 
[2025-10-01 15:43:01,193][curator.simulate.logger][INFO] - Steps=        27 Epot=    -181.998 Ekin=       3.299 temperature=  911.39 
[2025-10-01 15:43:01,206][curator.simulate.logger][INFO] - Steps=        28 Epot=    -181.934 Ekin=       3.241 temperature=  895.57 
[2025-10-01 15:43:01,218][curator.simulate.logger][INFO] - Steps=        29 Epot=    -181.849 Ekin=       3.187 temperature=  880.43 
[2025-10-01 15:43:01,234][curator.simulate.logger][INFO] - Steps=        30 Epot=    -181.744 Ekin=       3.012 temperature=  832.16 
[2025-10-01 15:43:01,247][curator.simulate.logger][INFO] - Steps=        31 Epot=    -181.629 Ekin=       2.843 temperature=  785.43 
[2025-10-01 15:43:01,260][curator.simulate.logger][INFO] - Steps=        32 Epot=    -181.502 Ekin=       2.706 temperature=  747.70 
[2025-10-01 15:43:01,274][curator.simulate.logger][INFO] - Steps=        33 Epot=    -181.371 Ekin=       2.542 temperature=  702.27 
[2025-10-01 15:43:01,292][curator.simulate.logger][INFO] - Steps=        34 Epot=    -181.239 Ekin=       2.389 temperature=  660.18 
[2025-10-01 15:43:01,305][curator.simulate.logger][INFO] - Steps=        35 Epot=    -181.115 Ekin=       2.254 temperature=  622.67 
[2025-10-01 15:43:01,321][curator.simulate.logger][INFO] - Steps=        36 Epot=    -181.005 Ekin=       2.099 temperature=  579.97 
[2025-10-01 15:43:01,336][curator.simulate.logger][INFO] - Steps=        37 Epot=    -180.919 Ekin=       2.000 temperature=  552.67 
[2025-10-01 15:43:01,348][curator.simulate.logger][INFO] - Steps=        38 Epot=    -180.866 Ekin=       1.933 temperature=  534.12 
[2025-10-01 15:43:01,365][curator.simulate.logger][INFO] - Steps=        39 Epot=    -180.845 Ekin=       1.895 temperature=  523.58 
[2025-10-01 15:43:01,381][curator.simulate.logger][INFO] - Steps=        40 Epot=    -180.859 Ekin=       1.951 temperature=  539.18 
[2025-10-01 15:43:01,397][curator.simulate.logger][INFO] - Steps=        41 Epot=    -180.914 Ekin=       1.951 temperature=  538.95 
[2025-10-01 15:43:01,410][curator.simulate.logger][INFO] - Steps=        42 Epot=    -181.000 Ekin=       2.021 temperature=  558.32 
[2025-10-01 15:43:01,425][curator.simulate.logger][INFO] - Steps=        43 Epot=    -181.120 Ekin=       2.136 temperature=  590.12 
[2025-10-01 15:43:01,442][curator.simulate.logger][INFO] - Steps=        44 Epot=    -181.268 Ekin=       2.281 temperature=  630.32 
[2025-10-01 15:43:01,456][curator.simulate.logger][INFO] - Steps=        45 Epot=    -181.439 Ekin=       2.451 temperature=  677.20 
[2025-10-01 15:43:01,470][curator.simulate.logger][INFO] - Steps=        46 Epot=    -181.630 Ekin=       2.572 temperature=  710.52 
[2025-10-01 15:43:01,484][curator.simulate.logger][INFO] - Steps=        47 Epot=    -181.827 Ekin=       2.736 temperature=  756.06 
[2025-10-01 15:43:01,497][curator.simulate.logger][INFO] - Steps=        48 Epot=    -182.020 Ekin=       2.908 temperature=  803.43 
[2025-10-01 15:43:01,512][curator.simulate.logger][INFO] - Steps=        49 Epot=    -182.208 Ekin=       3.169 temperature=  875.54 
[2025-10-01 15:43:01,525][curator.simulate.logger][INFO] - Steps=        50 Epot=    -182.383 Ekin=       3.330 temperature=  919.95 
[2025-10-01 15:43:01,540][curator.simulate.logger][INFO] - Steps=        51 Epot=    -182.536 Ekin=       3.404 temperature=  940.51 
[2025-10-01 15:43:01,554][curator.simulate.logger][INFO] - Steps=        52 Epot=    -182.663 Ekin=       3.567 temperature=  985.69 
[2025-10-01 15:43:01,569][curator.simulate.logger][INFO] - Steps=        53 Epot=    -182.763 Ekin=       3.646 temperature= 1007.49 
[2025-10-01 15:43:01,582][curator.simulate.logger][INFO] - Steps=        54 Epot=    -182.832 Ekin=       3.705 temperature= 1023.73 
[2025-10-01 15:43:01,594][curator.simulate.logger][INFO] - Steps=        55 Epot=    -182.873 Ekin=       3.740 temperature= 1033.31 
[2025-10-01 15:43:01,608][curator.simulate.logger][INFO] - Steps=        56 Epot=    -182.882 Ekin=       3.722 temperature= 1028.49 
[2025-10-01 15:43:01,622][curator.simulate.logger][INFO] - Steps=        57 Epot=    -182.864 Ekin=       3.724 temperature= 1028.93 
[2025-10-01 15:43:01,638][curator.simulate.logger][INFO] - Steps=        58 Epot=    -182.819 Ekin=       3.702 temperature= 1022.77 
[2025-10-01 15:43:01,650][curator.simulate.logger][INFO] - Steps=        59 Epot=    -182.749 Ekin=       3.602 temperature=  995.21 
[2025-10-01 15:43:01,662][curator.simulate.logger][INFO] - Steps=        60 Epot=    -182.657 Ekin=       3.491 temperature=  964.46 
[2025-10-01 15:43:01,678][curator.simulate.logger][INFO] - Steps=        61 Epot=    -182.548 Ekin=       3.384 temperature=  934.90 
[2025-10-01 15:43:01,691][curator.simulate.logger][INFO] - Steps=        62 Epot=    -182.427 Ekin=       3.244 temperature=  896.33 
[2025-10-01 15:43:01,705][curator.simulate.logger][INFO] - Steps=        63 Epot=    -182.299 Ekin=       3.095 temperature=  855.02 
[2025-10-01 15:43:01,721][curator.simulate.logger][INFO] - Steps=        64 Epot=    -182.165 Ekin=       3.011 temperature=  832.00 
[2025-10-01 15:43:01,734][curator.simulate.logger][INFO] - Steps=        65 Epot=    -182.031 Ekin=       2.874 temperature=  794.12 
[2025-10-01 15:43:01,748][curator.simulate.logger][INFO] - Steps=        66 Epot=    -181.900 Ekin=       2.740 temperature=  757.08 
[2025-10-01 15:43:01,764][curator.simulate.logger][INFO] - Steps=        67 Epot=    -181.776 Ekin=       2.615 temperature=  722.47 
[2025-10-01 15:43:01,777][curator.simulate.logger][INFO] - Steps=        68 Epot=    -181.666 Ekin=       2.420 temperature=  668.72 
[2025-10-01 15:43:01,791][curator.simulate.logger][INFO] - Steps=        69 Epot=    -181.569 Ekin=       2.292 temperature=  633.33 
[2025-10-01 15:43:01,807][curator.simulate.logger][INFO] - Steps=        70 Epot=    -181.486 Ekin=       2.185 temperature=  603.62 
[2025-10-01 15:43:01,824][curator.simulate.logger][INFO] - Steps=        71 Epot=    -181.419 Ekin=       2.124 temperature=  586.94 
[2025-10-01 15:43:01,839][curator.simulate.logger][INFO] - Steps=        72 Epot=    -181.366 Ekin=       2.002 temperature=  553.28 
[2025-10-01 15:43:01,855][curator.simulate.logger][INFO] - Steps=        73 Epot=    -181.328 Ekin=       1.974 temperature=  545.35 
[2025-10-01 15:43:01,870][curator.simulate.logger][INFO] - Steps=        74 Epot=    -181.299 Ekin=       1.949 temperature=  538.52 
[2025-10-01 15:43:01,884][curator.simulate.logger][INFO] - Steps=        75 Epot=    -181.281 Ekin=       1.910 temperature=  527.76 
[2025-10-01 15:43:01,900][curator.simulate.logger][INFO] - Steps=        76 Epot=    -181.273 Ekin=       1.881 temperature=  519.67 
[2025-10-01 15:43:01,912][curator.simulate.logger][INFO] - Steps=        77 Epot=    -181.277 Ekin=       1.872 temperature=  517.21 
[2025-10-01 15:43:01,927][curator.simulate.logger][INFO] - Steps=        78 Epot=    -181.295 Ekin=       1.855 temperature=  512.51 
[2025-10-01 15:43:01,939][curator.simulate.logger][INFO] - Steps=        79 Epot=    -181.319 Ekin=       1.922 temperature=  530.94 
[2025-10-01 15:43:01,952][curator.simulate.logger][INFO] - Steps=        80 Epot=    -181.351 Ekin=       1.958 temperature=  540.92 
[2025-10-01 15:43:01,971][curator.simulate.logger][INFO] - Steps=        81 Epot=    -181.387 Ekin=       2.014 temperature=  556.46 
[2025-10-01 15:43:01,983][curator.simulate.logger][INFO] - Steps=        82 Epot=    -181.428 Ekin=       2.029 temperature=  560.57 
[2025-10-01 15:43:01,997][curator.simulate.logger][INFO] - Steps=        83 Epot=    -181.472 Ekin=       2.032 temperature=  561.37 
[2025-10-01 15:43:02,009][curator.simulate.logger][INFO] - Steps=        84 Epot=    -181.521 Ekin=       2.059 temperature=  568.90 
[2025-10-01 15:43:02,025][curator.simulate.logger][INFO] - Steps=        85 Epot=    -181.575 Ekin=       2.096 temperature=  579.03 
[2025-10-01 15:43:02,038][curator.simulate.logger][INFO] - Steps=        86 Epot=    -181.629 Ekin=       2.177 temperature=  601.50 
[2025-10-01 15:43:02,052][curator.simulate.logger][INFO] - Steps=        87 Epot=    -181.685 Ekin=       2.219 temperature=  613.08 
[2025-10-01 15:43:02,067][curator.simulate.logger][INFO] - Steps=        88 Epot=    -181.742 Ekin=       2.272 temperature=  627.76 
[2025-10-01 15:43:02,079][curator.simulate.logger][INFO] - Steps=        89 Epot=    -181.804 Ekin=       2.335 temperature=  645.20 
[2025-10-01 15:43:02,094][curator.simulate.logger][INFO] - Steps=        90 Epot=    -181.862 Ekin=       2.347 temperature=  648.58 
[2025-10-01 15:43:02,106][curator.simulate.logger][INFO] - Steps=        91 Epot=    -181.920 Ekin=       2.402 temperature=  663.66 
[2025-10-01 15:43:02,122][curator.simulate.logger][INFO] - Steps=        92 Epot=    -181.974 Ekin=       2.473 temperature=  683.37 
[2025-10-01 15:43:02,138][curator.simulate.logger][INFO] - Steps=        93 Epot=    -182.024 Ekin=       2.501 temperature=  690.92 
[2025-10-01 15:43:02,153][curator.simulate.logger][INFO] - Steps=        94 Epot=    -182.070 Ekin=       2.520 temperature=  696.18 
[2025-10-01 15:43:02,166][curator.simulate.logger][INFO] - Steps=        95 Epot=    -182.112 Ekin=       2.512 temperature=  694.09 
[2025-10-01 15:43:02,182][curator.simulate.logger][INFO] - Steps=        96 Epot=    -182.149 Ekin=       2.541 temperature=  702.21 
[2025-10-01 15:43:02,197][curator.simulate.logger][INFO] - Steps=        97 Epot=    -182.181 Ekin=       2.523 temperature=  697.16 
[2025-10-01 15:43:02,213][curator.simulate.logger][INFO] - Steps=        98 Epot=    -182.208 Ekin=       2.574 temperature=  711.20 
[2025-10-01 15:43:02,228][curator.simulate.logger][INFO] - Steps=        99 Epot=    -182.231 Ekin=       2.524 temperature=  697.51 
[2025-10-01 15:43:02,242][curator.simulate.logger][INFO] - Steps=       100 Epot=    -182.254 Ekin=       2.502 temperature=  691.18 
[2025-10-01 15:43:02,260][curator.simulate.logger][INFO] - Steps=       101 Epot=    -182.274 Ekin=       2.500 temperature=  690.65 
[2025-10-01 15:43:02,274][curator.simulate.logger][INFO] - Steps=       102 Epot=    -182.288 Ekin=       2.546 temperature=  703.49 
[2025-10-01 15:43:02,287][curator.simulate.logger][INFO] - Steps=       103 Epot=    -182.297 Ekin=       2.516 temperature=  695.30 
[2025-10-01 15:43:02,302][curator.simulate.logger][INFO] - Steps=       104 Epot=    -182.299 Ekin=       2.536 temperature=  700.71 
[2025-10-01 15:43:02,319][curator.simulate.logger][INFO] - Steps=       105 Epot=    -182.296 Ekin=       2.506 temperature=  692.40 
[2025-10-01 15:43:02,330][curator.simulate.logger][INFO] - Steps=       106 Epot=    -182.290 Ekin=       2.477 temperature=  684.42 
[2025-10-01 15:43:02,343][curator.simulate.logger][INFO] - Steps=       107 Epot=    -182.282 Ekin=       2.441 temperature=  674.57 
[2025-10-01 15:43:02,357][curator.simulate.logger][INFO] - Steps=       108 Epot=    -182.275 Ekin=       2.396 temperature=  662.06 
[2025-10-01 15:43:02,374][curator.simulate.logger][INFO] - Steps=       109 Epot=    -182.266 Ekin=       2.380 temperature=  657.62 
[2025-10-01 15:43:02,386][curator.simulate.logger][INFO] - Steps=       110 Epot=    -182.256 Ekin=       2.318 temperature=  640.57 
[2025-10-01 15:43:02,399][curator.simulate.logger][INFO] - Steps=       111 Epot=    -182.248 Ekin=       2.330 temperature=  643.69 
[2025-10-01 15:43:02,415][curator.simulate.logger][INFO] - Steps=       112 Epot=    -182.245 Ekin=       2.366 temperature=  653.78 
[2025-10-01 15:43:02,428][curator.simulate.logger][INFO] - Steps=       113 Epot=    -182.246 Ekin=       2.364 temperature=  653.11 
[2025-10-01 15:43:02,442][curator.simulate.logger][INFO] - Steps=       114 Epot=    -182.250 Ekin=       2.399 temperature=  662.85 
[2025-10-01 15:43:02,458][curator.simulate.logger][INFO] - Steps=       115 Epot=    -182.253 Ekin=       2.408 temperature=  665.24 
[2025-10-01 15:43:02,470][curator.simulate.logger][INFO] - Steps=       116 Epot=    -182.259 Ekin=       2.405 temperature=  664.41 
[2025-10-01 15:43:02,484][curator.simulate.logger][INFO] - Steps=       117 Epot=    -182.265 Ekin=       2.430 temperature=  671.35 
[2025-10-01 15:43:02,497][curator.simulate.logger][INFO] - Steps=       118 Epot=    -182.272 Ekin=       2.393 temperature=  661.24 
[2025-10-01 15:43:02,513][curator.simulate.logger][INFO] - Steps=       119 Epot=    -182.283 Ekin=       2.439 temperature=  674.02 
[2025-10-01 15:43:02,528][curator.simulate.logger][INFO] - Steps=       120 Epot=    -182.298 Ekin=       2.399 temperature=  662.92 
[2025-10-01 15:43:02,540][curator.simulate.logger][INFO] - Steps=       121 Epot=    -182.314 Ekin=       2.398 temperature=  662.63 
[2025-10-01 15:43:02,552][curator.simulate.logger][INFO] - Steps=       122 Epot=    -182.333 Ekin=       2.442 temperature=  674.77 
[2025-10-01 15:43:02,566][curator.simulate.logger][INFO] - Steps=       123 Epot=    -182.356 Ekin=       2.461 temperature=  679.95 
[2025-10-01 15:43:02,581][curator.simulate.logger][INFO] - Steps=       124 Epot=    -182.381 Ekin=       2.437 temperature=  673.48 
[2025-10-01 15:43:02,593][curator.simulate.logger][INFO] - Steps=       125 Epot=    -182.405 Ekin=       2.453 temperature=  677.74 
[2025-10-01 15:43:02,607][curator.simulate.logger][INFO] - Steps=       126 Epot=    -182.430 Ekin=       2.502 temperature=  691.35 
[2025-10-01 15:43:02,623][curator.simulate.logger][INFO] - Steps=       127 Epot=    -182.460 Ekin=       2.535 temperature=  700.43 
[2025-10-01 15:43:02,641][curator.simulate.logger][INFO] - Steps=       128 Epot=    -182.490 Ekin=       2.522 temperature=  696.87 
[2025-10-01 15:43:02,659][curator.simulate.logger][INFO] - Steps=       129 Epot=    -182.516 Ekin=       2.562 temperature=  707.90 
[2025-10-01 15:43:02,670][curator.simulate.logger][INFO] - Steps=       130 Epot=    -182.539 Ekin=       2.600 temperature=  718.41 
[2025-10-01 15:43:02,687][curator.simulate.logger][INFO] - Steps=       131 Epot=    -182.558 Ekin=       2.627 temperature=  725.73 
[2025-10-01 15:43:02,703][curator.simulate.logger][INFO] - Steps=       132 Epot=    -182.570 Ekin=       2.695 temperature=  744.57 
[2025-10-01 15:43:02,715][curator.simulate.logger][INFO] - Steps=       133 Epot=    -182.572 Ekin=       2.645 temperature=  730.69 
[2025-10-01 15:43:02,730][curator.simulate.logger][INFO] - Steps=       134 Epot=    -182.562 Ekin=       2.617 temperature=  723.13 
[2025-10-01 15:43:02,743][curator.simulate.logger][INFO] - Steps=       135 Epot=    -182.537 Ekin=       2.567 temperature=  709.35 
[2025-10-01 15:43:02,761][curator.simulate.logger][INFO] - Steps=       136 Epot=    -182.502 Ekin=       2.590 temperature=  715.48 
[2025-10-01 15:43:02,775][curator.simulate.logger][INFO] - Steps=       137 Epot=    -182.454 Ekin=       2.474 temperature=  683.44 
[2025-10-01 15:43:02,787][curator.simulate.logger][INFO] - Steps=       138 Epot=    -182.399 Ekin=       2.420 temperature=  668.51 
[2025-10-01 15:43:02,803][curator.simulate.logger][INFO] - Steps=       139 Epot=    -182.334 Ekin=       2.333 temperature=  644.73 
[2025-10-01 15:43:02,819][curator.simulate.logger][INFO] - Steps=       140 Epot=    -182.264 Ekin=       2.334 temperature=  644.79 
[2025-10-01 15:43:02,831][curator.simulate.logger][INFO] - Steps=       141 Epot=    -182.188 Ekin=       2.257 temperature=  623.49 
[2025-10-01 15:43:02,849][curator.simulate.logger][INFO] - Steps=       142 Epot=    -182.111 Ekin=       2.150 temperature=  594.01 
[2025-10-01 15:43:02,861][curator.simulate.logger][INFO] - Steps=       143 Epot=    -182.034 Ekin=       2.043 temperature=  564.39 
[2025-10-01 15:43:02,874][curator.simulate.logger][INFO] - Steps=       144 Epot=    -181.962 Ekin=       1.936 temperature=  534.99 
[2025-10-01 15:43:02,887][curator.simulate.logger][INFO] - Steps=       145 Epot=    -181.897 Ekin=       1.897 temperature=  524.03 
[2025-10-01 15:43:02,904][curator.simulate.logger][INFO] - Steps=       146 Epot=    -181.841 Ekin=       1.844 temperature=  509.52 
[2025-10-01 15:43:02,916][curator.simulate.logger][INFO] - Steps=       147 Epot=    -181.794 Ekin=       1.799 temperature=  496.94 
[2025-10-01 15:43:02,930][curator.simulate.logger][INFO] - Steps=       148 Epot=    -181.757 Ekin=       1.768 temperature=  488.53 
[2025-10-01 15:43:02,944][curator.simulate.logger][INFO] - Steps=       149 Epot=    -181.731 Ekin=       1.723 temperature=  476.09 
[2025-10-01 15:43:02,957][curator.simulate.logger][INFO] - Steps=       150 Epot=    -181.713 Ekin=       1.717 temperature=  474.28 
[2025-10-01 15:43:02,970][curator.simulate.logger][INFO] - Steps=       151 Epot=    -181.702 Ekin=       1.693 temperature=  467.71 
[2025-10-01 15:43:02,986][curator.simulate.logger][INFO] - Steps=       152 Epot=    -181.700 Ekin=       1.638 temperature=  452.48 
[2025-10-01 15:43:02,999][curator.simulate.logger][INFO] - Steps=       153 Epot=    -181.708 Ekin=       1.619 temperature=  447.46 
[2025-10-01 15:43:03,011][curator.simulate.logger][INFO] - Steps=       154 Epot=    -181.720 Ekin=       1.618 temperature=  447.05 
[2025-10-01 15:43:03,027][curator.simulate.logger][INFO] - Steps=       155 Epot=    -181.738 Ekin=       1.616 temperature=  446.37 
[2025-10-01 15:43:03,043][curator.simulate.logger][INFO] - Steps=       156 Epot=    -181.759 Ekin=       1.588 temperature=  438.87 
[2025-10-01 15:43:03,058][curator.simulate.logger][INFO] - Steps=       157 Epot=    -181.785 Ekin=       1.605 temperature=  443.50 
[2025-10-01 15:43:03,073][curator.simulate.logger][INFO] - Steps=       158 Epot=    -181.817 Ekin=       1.643 temperature=  453.95 
[2025-10-01 15:43:03,086][curator.simulate.logger][INFO] - Steps=       159 Epot=    -181.851 Ekin=       1.731 temperature=  478.38 
[2025-10-01 15:43:03,100][curator.simulate.logger][INFO] - Steps=       160 Epot=    -181.884 Ekin=       1.813 temperature=  500.89 
[2025-10-01 15:43:03,113][curator.simulate.logger][INFO] - Steps=       161 Epot=    -181.915 Ekin=       1.816 temperature=  501.69 
[2025-10-01 15:43:03,126][curator.simulate.logger][INFO] - Steps=       162 Epot=    -181.944 Ekin=       1.801 temperature=  497.65 
[2025-10-01 15:43:03,139][curator.simulate.logger][INFO] - Steps=       163 Epot=    -181.971 Ekin=       1.803 temperature=  498.05 
[2025-10-01 15:43:03,153][curator.simulate.logger][INFO] - Steps=       164 Epot=    -181.995 Ekin=       1.807 temperature=  499.32 
[2025-10-01 15:43:03,168][curator.simulate.logger][INFO] - Steps=       165 Epot=    -182.019 Ekin=       1.842 temperature=  508.96 
[2025-10-01 15:43:03,180][curator.simulate.logger][INFO] - Steps=       166 Epot=    -182.042 Ekin=       1.839 temperature=  508.10 
[2025-10-01 15:43:03,196][curator.simulate.logger][INFO] - Steps=       167 Epot=    -182.063 Ekin=       1.906 temperature=  526.65 
[2025-10-01 15:43:03,211][curator.simulate.logger][INFO] - Steps=       168 Epot=    -182.083 Ekin=       1.884 temperature=  520.61 
[2025-10-01 15:43:03,223][curator.simulate.logger][INFO] - Steps=       169 Epot=    -182.098 Ekin=       1.847 temperature=  510.20 
[2025-10-01 15:43:03,237][curator.simulate.logger][INFO] - Steps=       170 Epot=    -182.111 Ekin=       1.884 temperature=  520.65 
[2025-10-01 15:43:03,250][curator.simulate.logger][INFO] - Steps=       171 Epot=    -182.124 Ekin=       1.901 temperature=  525.35 
[2025-10-01 15:43:03,265][curator.simulate.logger][INFO] - Steps=       172 Epot=    -182.137 Ekin=       1.842 temperature=  508.92 
[2025-10-01 15:43:03,277][curator.simulate.logger][INFO] - Steps=       173 Epot=    -182.149 Ekin=       1.788 temperature=  493.92 
[2025-10-01 15:43:03,290][curator.simulate.logger][INFO] - Steps=       174 Epot=    -182.161 Ekin=       1.738 temperature=  480.15 
[2025-10-01 15:43:03,305][curator.simulate.logger][INFO] - Steps=       175 Epot=    -182.171 Ekin=       1.761 temperature=  486.70 
[2025-10-01 15:43:03,323][curator.simulate.logger][INFO] - Steps=       176 Epot=    -182.181 Ekin=       1.821 temperature=  503.12 
[2025-10-01 15:43:03,335][curator.simulate.logger][INFO] - Steps=       177 Epot=    -182.193 Ekin=       1.804 temperature=  498.32 
[2025-10-01 15:43:03,351][curator.simulate.logger][INFO] - Steps=       178 Epot=    -182.208 Ekin=       1.837 temperature=  507.45 
[2025-10-01 15:43:03,363][curator.simulate.logger][INFO] - Steps=       179 Epot=    -182.223 Ekin=       1.834 temperature=  506.74 
[2025-10-01 15:43:03,377][curator.simulate.logger][INFO] - Steps=       180 Epot=    -182.240 Ekin=       1.885 temperature=  520.70 
[2025-10-01 15:43:03,395][curator.simulate.logger][INFO] - Steps=       181 Epot=    -182.257 Ekin=       1.848 temperature=  510.72 
[2025-10-01 15:43:03,410][curator.simulate.logger][INFO] - Steps=       182 Epot=    -182.276 Ekin=       1.908 temperature=  527.18 
[2025-10-01 15:43:03,423][curator.simulate.logger][INFO] - Steps=       183 Epot=    -182.297 Ekin=       1.927 temperature=  532.38 
[2025-10-01 15:43:03,439][curator.simulate.logger][INFO] - Steps=       184 Epot=    -182.315 Ekin=       1.843 temperature=  509.25 
[2025-10-01 15:43:03,451][curator.simulate.logger][INFO] - Steps=       185 Epot=    -182.332 Ekin=       1.828 temperature=  505.15 
[2025-10-01 15:43:03,464][curator.simulate.logger][INFO] - Steps=       186 Epot=    -182.347 Ekin=       1.804 temperature=  498.40 
[2025-10-01 15:43:03,480][curator.simulate.logger][INFO] - Steps=       187 Epot=    -182.363 Ekin=       1.813 temperature=  500.99 
[2025-10-01 15:43:03,496][curator.simulate.logger][INFO] - Steps=       188 Epot=    -182.377 Ekin=       1.794 temperature=  495.60 
[2025-10-01 15:43:03,510][curator.simulate.logger][INFO] - Steps=       189 Epot=    -182.386 Ekin=       1.825 temperature=  504.21 
[2025-10-01 15:43:03,527][curator.simulate.logger][INFO] - Steps=       190 Epot=    -182.393 Ekin=       1.839 temperature=  508.02 
[2025-10-01 15:43:03,543][curator.simulate.logger][INFO] - Steps=       191 Epot=    -182.401 Ekin=       1.824 temperature=  503.94 
[2025-10-01 15:43:03,557][curator.simulate.logger][INFO] - Steps=       192 Epot=    -182.408 Ekin=       1.791 temperature=  494.90 
[2025-10-01 15:43:03,572][curator.simulate.logger][INFO] - Steps=       193 Epot=    -182.411 Ekin=       1.771 temperature=  489.26 
[2025-10-01 15:43:03,587][curator.simulate.logger][INFO] - Steps=       194 Epot=    -182.413 Ekin=       1.780 temperature=  491.93 
[2025-10-01 15:43:03,601][curator.simulate.logger][INFO] - Steps=       195 Epot=    -182.414 Ekin=       1.791 temperature=  494.90 
[2025-10-01 15:43:03,618][curator.simulate.logger][INFO] - Steps=       196 Epot=    -182.414 Ekin=       1.821 temperature=  503.06 
[2025-10-01 15:43:03,631][curator.simulate.logger][INFO] - Steps=       197 Epot=    -182.414 Ekin=       1.853 temperature=  512.09 
[2025-10-01 15:43:03,646][curator.simulate.logger][INFO] - Steps=       198 Epot=    -182.413 Ekin=       1.847 temperature=  510.46 
[2025-10-01 15:43:03,659][curator.simulate.logger][INFO] - Steps=       199 Epot=    -182.415 Ekin=       1.842 temperature=  508.81 
[2025-10-01 15:43:03,675][curator.simulate.logger][INFO] - Steps=       200 Epot=    -182.417 Ekin=       1.809 temperature=  499.71 
[2025-10-01 15:43:03,690][curator.simulate.logger][INFO] - Steps=       201 Epot=    -182.419 Ekin=       1.797 temperature=  496.61 
[2025-10-01 15:43:03,703][curator.simulate.logger][INFO] - Steps=       202 Epot=    -182.422 Ekin=       1.798 temperature=  496.67 
[2025-10-01 15:43:03,715][curator.simulate.logger][INFO] - Steps=       203 Epot=    -182.425 Ekin=       1.759 temperature=  486.02 
[2025-10-01 15:43:03,729][curator.simulate.logger][INFO] - Steps=       204 Epot=    -182.426 Ekin=       1.742 temperature=  481.22 
[2025-10-01 15:43:03,744][curator.simulate.logger][INFO] - Steps=       205 Epot=    -182.425 Ekin=       1.677 temperature=  463.43 
[2025-10-01 15:43:03,762][curator.simulate.logger][INFO] - Steps=       206 Epot=    -182.423 Ekin=       1.706 temperature=  471.29 
[2025-10-01 15:43:03,777][curator.simulate.logger][INFO] - Steps=       207 Epot=    -182.423 Ekin=       1.697 temperature=  468.76 
[2025-10-01 15:43:03,789][curator.simulate.logger][INFO] - Steps=       208 Epot=    -182.423 Ekin=       1.707 temperature=  471.71 
[2025-10-01 15:43:03,805][curator.simulate.logger][INFO] - Steps=       209 Epot=    -182.424 Ekin=       1.756 temperature=  485.22 
[2025-10-01 15:43:03,821][curator.simulate.logger][INFO] - Steps=       210 Epot=    -182.425 Ekin=       1.770 temperature=  489.12 
[2025-10-01 15:43:03,837][curator.simulate.logger][INFO] - Steps=       211 Epot=    -182.425 Ekin=       1.791 temperature=  494.71 
[2025-10-01 15:43:03,849][curator.simulate.logger][INFO] - Steps=       212 Epot=    -182.421 Ekin=       1.794 temperature=  495.81 
[2025-10-01 15:43:03,864][curator.simulate.logger][INFO] - Steps=       213 Epot=    -182.418 Ekin=       1.781 temperature=  492.18 
[2025-10-01 15:43:03,877][curator.simulate.logger][INFO] - Steps=       214 Epot=    -182.417 Ekin=       1.748 temperature=  482.98 
[2025-10-01 15:43:03,890][curator.simulate.logger][INFO] - Steps=       215 Epot=    -182.414 Ekin=       1.751 temperature=  483.76 
[2025-10-01 15:43:03,904][curator.simulate.logger][INFO] - Steps=       216 Epot=    -182.410 Ekin=       1.713 temperature=  473.42 
[2025-10-01 15:43:03,921][curator.simulate.logger][INFO] - Steps=       217 Epot=    -182.403 Ekin=       1.679 temperature=  463.88 
[2025-10-01 15:43:03,934][curator.simulate.logger][INFO] - Steps=       218 Epot=    -182.395 Ekin=       1.691 temperature=  467.21 
[2025-10-01 15:43:03,948][curator.simulate.logger][INFO] - Steps=       219 Epot=    -182.386 Ekin=       1.653 temperature=  456.76 
[2025-10-01 15:43:03,962][curator.simulate.logger][INFO] - Steps=       220 Epot=    -182.379 Ekin=       1.627 temperature=  449.48 
[2025-10-01 15:43:03,979][curator.simulate.logger][INFO] - Steps=       221 Epot=    -182.376 Ekin=       1.607 temperature=  444.06 
[2025-10-01 15:43:03,991][curator.simulate.logger][INFO] - Steps=       222 Epot=    -182.379 Ekin=       1.656 temperature=  457.45 
[2025-10-01 15:43:04,007][curator.simulate.logger][INFO] - Steps=       223 Epot=    -182.392 Ekin=       1.660 temperature=  458.58 
[2025-10-01 15:43:04,019][curator.simulate.logger][INFO] - Steps=       224 Epot=    -182.411 Ekin=       1.652 temperature=  456.42 
[2025-10-01 15:43:04,036][curator.simulate.logger][INFO] - Steps=       225 Epot=    -182.432 Ekin=       1.631 temperature=  450.66 
[2025-10-01 15:43:04,048][curator.simulate.logger][INFO] - Steps=       226 Epot=    -182.454 Ekin=       1.652 temperature=  456.32 
[2025-10-01 15:43:04,062][curator.simulate.logger][INFO] - Steps=       227 Epot=    -182.479 Ekin=       1.641 temperature=  453.31 
[2025-10-01 15:43:04,081][curator.simulate.logger][INFO] - Steps=       228 Epot=    -182.505 Ekin=       1.685 temperature=  465.50 
[2025-10-01 15:43:04,098][curator.simulate.logger][INFO] - Steps=       229 Epot=    -182.529 Ekin=       1.693 temperature=  467.87 
[2025-10-01 15:43:04,112][curator.simulate.logger][INFO] - Steps=       230 Epot=    -182.551 Ekin=       1.722 temperature=  475.87 
[2025-10-01 15:43:04,125][curator.simulate.logger][INFO] - Steps=       231 Epot=    -182.573 Ekin=       1.766 temperature=  487.95 
[2025-10-01 15:43:04,143][curator.simulate.logger][INFO] - Steps=       232 Epot=    -182.593 Ekin=       1.779 temperature=  491.45 
[2025-10-01 15:43:04,157][curator.simulate.logger][INFO] - Steps=       233 Epot=    -182.609 Ekin=       1.757 temperature=  485.54 
[2025-10-01 15:43:04,174][curator.simulate.logger][INFO] - Steps=       234 Epot=    -182.623 Ekin=       1.759 temperature=  486.12 
[2025-10-01 15:43:04,188][curator.simulate.logger][INFO] - Steps=       235 Epot=    -182.631 Ekin=       1.762 temperature=  486.71 
[2025-10-01 15:43:04,202][curator.simulate.logger][INFO] - Steps=       236 Epot=    -182.634 Ekin=       1.761 temperature=  486.46 
[2025-10-01 15:43:04,214][curator.simulate.logger][INFO] - Steps=       237 Epot=    -182.635 Ekin=       1.785 temperature=  493.08 
[2025-10-01 15:43:04,229][curator.simulate.logger][INFO] - Steps=       238 Epot=    -182.630 Ekin=       1.737 temperature=  480.00 
[2025-10-01 15:43:04,243][curator.simulate.logger][INFO] - Steps=       239 Epot=    -182.622 Ekin=       1.724 temperature=  476.25 
[2025-10-01 15:43:04,257][curator.simulate.logger][INFO] - Steps=       240 Epot=    -182.613 Ekin=       1.707 temperature=  471.59 
[2025-10-01 15:43:04,270][curator.simulate.logger][INFO] - Steps=       241 Epot=    -182.602 Ekin=       1.660 temperature=  458.63 
[2025-10-01 15:43:04,283][curator.simulate.logger][INFO] - Steps=       242 Epot=    -182.593 Ekin=       1.661 temperature=  458.97 
[2025-10-01 15:43:04,299][curator.simulate.logger][INFO] - Steps=       243 Epot=    -182.582 Ekin=       1.617 temperature=  446.77 
[2025-10-01 15:43:04,314][curator.simulate.logger][INFO] - Steps=       244 Epot=    -182.567 Ekin=       1.562 temperature=  431.60 
[2025-10-01 15:43:04,326][curator.simulate.logger][INFO] - Steps=       245 Epot=    -182.553 Ekin=       1.496 temperature=  413.33 
[2025-10-01 15:43:04,341][curator.simulate.logger][INFO] - Steps=       246 Epot=    -182.538 Ekin=       1.444 temperature=  398.94 
[2025-10-01 15:43:04,356][curator.simulate.logger][INFO] - Steps=       247 Epot=    -182.524 Ekin=       1.420 temperature=  392.30 
[2025-10-01 15:43:04,370][curator.simulate.logger][INFO] - Steps=       248 Epot=    -182.514 Ekin=       1.421 temperature=  392.57 
[2025-10-01 15:43:04,384][curator.simulate.logger][INFO] - Steps=       249 Epot=    -182.507 Ekin=       1.387 temperature=  383.30 
[2025-10-01 15:43:04,396][curator.simulate.logger][INFO] - Steps=       250 Epot=    -182.501 Ekin=       1.366 temperature=  377.34 
[2025-10-01 15:43:04,410][curator.simulate.logger][INFO] - Steps=       251 Epot=    -182.498 Ekin=       1.387 temperature=  383.21 
[2025-10-01 15:43:04,423][curator.simulate.logger][INFO] - Steps=       252 Epot=    -182.499 Ekin=       1.399 temperature=  386.45 
[2025-10-01 15:43:04,437][curator.simulate.logger][INFO] - Steps=       253 Epot=    -182.499 Ekin=       1.420 temperature=  392.37 
[2025-10-01 15:43:04,450][curator.simulate.logger][INFO] - Steps=       254 Epot=    -182.501 Ekin=       1.426 temperature=  393.87 
[2025-10-01 15:43:04,466][curator.simulate.logger][INFO] - Steps=       255 Epot=    -182.505 Ekin=       1.469 temperature=  405.83 
[2025-10-01 15:43:04,480][curator.simulate.logger][INFO] - Steps=       256 Epot=    -182.511 Ekin=       1.468 temperature=  405.51 
[2025-10-01 15:43:04,495][curator.simulate.logger][INFO] - Steps=       257 Epot=    -182.518 Ekin=       1.539 temperature=  425.20 
[2025-10-01 15:43:04,509][curator.simulate.logger][INFO] - Steps=       258 Epot=    -182.526 Ekin=       1.573 temperature=  434.52 
[2025-10-01 15:43:04,525][curator.simulate.logger][INFO] - Steps=       259 Epot=    -182.534 Ekin=       1.583 temperature=  437.46 
[2025-10-01 15:43:04,537][curator.simulate.logger][INFO] - Steps=       260 Epot=    -182.543 Ekin=       1.577 temperature=  435.83 
[2025-10-01 15:43:04,552][curator.simulate.logger][INFO] - Steps=       261 Epot=    -182.553 Ekin=       1.524 temperature=  421.02 
[2025-10-01 15:43:04,565][curator.simulate.logger][INFO] - Steps=       262 Epot=    -182.563 Ekin=       1.529 temperature=  422.57 
[2025-10-01 15:43:04,578][curator.simulate.logger][INFO] - Steps=       263 Epot=    -182.573 Ekin=       1.638 temperature=  452.50 
[2025-10-01 15:43:04,593][curator.simulate.logger][INFO] - Steps=       264 Epot=    -182.583 Ekin=       1.629 temperature=  450.04 
[2025-10-01 15:43:04,608][curator.simulate.logger][INFO] - Steps=       265 Epot=    -182.593 Ekin=       1.601 temperature=  442.45 
[2025-10-01 15:43:04,622][curator.simulate.logger][INFO] - Steps=       266 Epot=    -182.603 Ekin=       1.625 temperature=  448.93 
[2025-10-01 15:43:04,635][curator.simulate.logger][INFO] - Steps=       267 Epot=    -182.611 Ekin=       1.617 temperature=  446.69 
[2025-10-01 15:43:04,650][curator.simulate.logger][INFO] - Steps=       268 Epot=    -182.618 Ekin=       1.590 temperature=  439.20 
[2025-10-01 15:43:04,662][curator.simulate.logger][INFO] - Steps=       269 Epot=    -182.623 Ekin=       1.596 temperature=  440.89 
[2025-10-01 15:43:04,678][curator.simulate.logger][INFO] - Steps=       270 Epot=    -182.629 Ekin=       1.613 temperature=  445.67 
[2025-10-01 15:43:04,690][curator.simulate.logger][INFO] - Steps=       271 Epot=    -182.636 Ekin=       1.598 temperature=  441.40 
[2025-10-01 15:43:04,704][curator.simulate.logger][INFO] - Steps=       272 Epot=    -182.640 Ekin=       1.563 temperature=  431.84 
[2025-10-01 15:43:04,720][curator.simulate.logger][INFO] - Steps=       273 Epot=    -182.643 Ekin=       1.630 temperature=  450.36 
[2025-10-01 15:43:04,733][curator.simulate.logger][INFO] - Steps=       274 Epot=    -182.646 Ekin=       1.616 temperature=  446.52 
[2025-10-01 15:43:04,746][curator.simulate.logger][INFO] - Steps=       275 Epot=    -182.646 Ekin=       1.648 temperature=  455.25 
[2025-10-01 15:43:04,758][curator.simulate.logger][INFO] - Steps=       276 Epot=    -182.643 Ekin=       1.656 temperature=  457.48 
[2025-10-01 15:43:04,773][curator.simulate.logger][INFO] - Steps=       277 Epot=    -182.638 Ekin=       1.661 temperature=  458.81 
[2025-10-01 15:43:04,788][curator.simulate.logger][INFO] - Steps=       278 Epot=    -182.632 Ekin=       1.638 temperature=  452.54 
[2025-10-01 15:43:04,800][curator.simulate.logger][INFO] - Steps=       279 Epot=    -182.626 Ekin=       1.636 temperature=  452.02 
[2025-10-01 15:43:04,813][curator.simulate.logger][INFO] - Steps=       280 Epot=    -182.620 Ekin=       1.642 temperature=  453.63 
[2025-10-01 15:43:04,826][curator.simulate.logger][INFO] - Steps=       281 Epot=    -182.615 Ekin=       1.638 temperature=  452.64 
[2025-10-01 15:43:04,840][curator.simulate.logger][INFO] - Steps=       282 Epot=    -182.610 Ekin=       1.599 temperature=  441.71 
[2025-10-01 15:43:04,852][curator.simulate.logger][INFO] - Steps=       283 Epot=    -182.606 Ekin=       1.592 temperature=  439.79 
[2025-10-01 15:43:04,869][curator.simulate.logger][INFO] - Steps=       284 Epot=    -182.605 Ekin=       1.580 temperature=  436.51 
[2025-10-01 15:43:04,885][curator.simulate.logger][INFO] - Steps=       285 Epot=    -182.606 Ekin=       1.637 temperature=  452.20 
[2025-10-01 15:43:04,899][curator.simulate.logger][INFO] - Steps=       286 Epot=    -182.608 Ekin=       1.653 temperature=  456.74 
[2025-10-01 15:43:04,913][curator.simulate.logger][INFO] - Steps=       287 Epot=    -182.609 Ekin=       1.675 temperature=  462.81 
[2025-10-01 15:43:04,927][curator.simulate.logger][INFO] - Steps=       288 Epot=    -182.612 Ekin=       1.678 temperature=  463.66 
[2025-10-01 15:43:04,939][curator.simulate.logger][INFO] - Steps=       289 Epot=    -182.613 Ekin=       1.670 temperature=  461.31 
[2025-10-01 15:43:04,952][curator.simulate.logger][INFO] - Steps=       290 Epot=    -182.615 Ekin=       1.617 temperature=  446.65 
[2025-10-01 15:43:04,966][curator.simulate.logger][INFO] - Steps=       291 Epot=    -182.621 Ekin=       1.568 temperature=  433.32 
[2025-10-01 15:43:04,979][curator.simulate.logger][INFO] - Steps=       292 Epot=    -182.630 Ekin=       1.636 temperature=  451.92 
[2025-10-01 15:43:04,992][curator.simulate.logger][INFO] - Steps=       293 Epot=    -182.643 Ekin=       1.611 temperature=  445.22 
[2025-10-01 15:43:05,008][curator.simulate.logger][INFO] - Steps=       294 Epot=    -182.658 Ekin=       1.638 temperature=  452.64 
[2025-10-01 15:43:05,021][curator.simulate.logger][INFO] - Steps=       295 Epot=    -182.671 Ekin=       1.652 temperature=  456.53 
[2025-10-01 15:43:05,033][curator.simulate.logger][INFO] - Steps=       296 Epot=    -182.686 Ekin=       1.634 temperature=  451.40 
[2025-10-01 15:43:05,046][curator.simulate.logger][INFO] - Steps=       297 Epot=    -182.703 Ekin=       1.648 temperature=  455.33 
[2025-10-01 15:43:05,058][curator.simulate.logger][INFO] - Steps=       298 Epot=    -182.721 Ekin=       1.654 temperature=  457.06 
[2025-10-01 15:43:05,072][curator.simulate.logger][INFO] - Steps=       299 Epot=    -182.739 Ekin=       1.690 temperature=  466.99 
[2025-10-01 15:43:05,085][curator.simulate.logger][INFO] - Steps=       300 Epot=    -182.757 Ekin=       1.673 temperature=  462.25 
[2025-10-01 15:43:05,098][curator.simulate.logger][INFO] - Steps=       301 Epot=    -182.777 Ekin=       1.685 temperature=  465.58 
[2025-10-01 15:43:05,112][curator.simulate.logger][INFO] - Steps=       302 Epot=    -182.800 Ekin=       1.707 temperature=  471.56 
[2025-10-01 15:43:05,131][curator.simulate.logger][INFO] - Steps=       303 Epot=    -182.824 Ekin=       1.676 temperature=  463.09 
[2025-10-01 15:43:05,144][curator.simulate.logger][INFO] - Steps=       304 Epot=    -182.848 Ekin=       1.725 temperature=  476.57 
[2025-10-01 15:43:05,157][curator.simulate.logger][INFO] - Steps=       305 Epot=    -182.872 Ekin=       1.705 temperature=  471.12 
[2025-10-01 15:43:05,171][curator.simulate.logger][INFO] - Steps=       306 Epot=    -182.893 Ekin=       1.664 temperature=  459.89 
[2025-10-01 15:43:05,185][curator.simulate.logger][INFO] - Steps=       307 Epot=    -182.913 Ekin=       1.692 temperature=  467.43 
[2025-10-01 15:43:05,199][curator.simulate.logger][INFO] - Steps=       308 Epot=    -182.932 Ekin=       1.733 temperature=  478.81 
[2025-10-01 15:43:05,212][curator.simulate.logger][INFO] - Steps=       309 Epot=    -182.951 Ekin=       1.750 temperature=  483.63 
[2025-10-01 15:43:05,226][curator.simulate.logger][INFO] - Steps=       310 Epot=    -182.967 Ekin=       1.743 temperature=  481.72 
[2025-10-01 15:43:05,241][curator.simulate.logger][INFO] - Steps=       311 Epot=    -182.981 Ekin=       1.776 temperature=  490.66 
[2025-10-01 15:43:05,254][curator.simulate.logger][INFO] - Steps=       312 Epot=    -182.995 Ekin=       1.816 temperature=  501.65 
[2025-10-01 15:43:05,269][curator.simulate.logger][INFO] - Steps=       313 Epot=    -183.005 Ekin=       1.820 temperature=  502.85 
[2025-10-01 15:43:05,282][curator.simulate.logger][INFO] - Steps=       314 Epot=    -183.013 Ekin=       1.785 temperature=  493.17 
[2025-10-01 15:43:05,295][curator.simulate.logger][INFO] - Steps=       315 Epot=    -183.018 Ekin=       1.764 temperature=  487.39 
[2025-10-01 15:43:05,312][curator.simulate.logger][INFO] - Steps=       316 Epot=    -183.019 Ekin=       1.743 temperature=  481.69 
[2025-10-01 15:43:05,327][curator.simulate.logger][INFO] - Steps=       317 Epot=    -183.018 Ekin=       1.745 temperature=  482.08 
[2025-10-01 15:43:05,341][curator.simulate.logger][INFO] - Steps=       318 Epot=    -183.014 Ekin=       1.745 temperature=  482.18 
[2025-10-01 15:43:05,358][curator.simulate.logger][INFO] - Steps=       319 Epot=    -183.009 Ekin=       1.790 temperature=  494.46 
[2025-10-01 15:43:05,372][curator.simulate.logger][INFO] - Steps=       320 Epot=    -183.000 Ekin=       1.783 temperature=  492.72 
[2025-10-01 15:43:05,387][curator.simulate.logger][INFO] - Steps=       321 Epot=    -182.989 Ekin=       1.770 temperature=  489.00 
[2025-10-01 15:43:05,400][curator.simulate.logger][INFO] - Steps=       322 Epot=    -182.975 Ekin=       1.767 temperature=  488.19 
[2025-10-01 15:43:05,415][curator.simulate.logger][INFO] - Steps=       323 Epot=    -182.961 Ekin=       1.808 temperature=  499.63 
[2025-10-01 15:43:05,428][curator.simulate.logger][INFO] - Steps=       324 Epot=    -182.945 Ekin=       1.793 temperature=  495.50 
[2025-10-01 15:43:05,440][curator.simulate.logger][INFO] - Steps=       325 Epot=    -182.925 Ekin=       1.744 temperature=  481.80 
[2025-10-01 15:43:05,457][curator.simulate.logger][INFO] - Steps=       326 Epot=    -182.900 Ekin=       1.721 temperature=  475.50 
[2025-10-01 15:43:05,472][curator.simulate.logger][INFO] - Steps=       327 Epot=    -182.875 Ekin=       1.640 temperature=  453.23 
[2025-10-01 15:43:05,484][curator.simulate.logger][INFO] - Steps=       328 Epot=    -182.848 Ekin=       1.622 temperature=  448.15 
[2025-10-01 15:43:05,498][curator.simulate.logger][INFO] - Steps=       329 Epot=    -182.819 Ekin=       1.573 temperature=  434.63 
[2025-10-01 15:43:05,511][curator.simulate.logger][INFO] - Steps=       330 Epot=    -182.788 Ekin=       1.558 temperature=  430.50 
[2025-10-01 15:43:05,527][curator.simulate.logger][INFO] - Steps=       331 Epot=    -182.755 Ekin=       1.519 temperature=  419.70 
[2025-10-01 15:43:05,540][curator.simulate.logger][INFO] - Steps=       332 Epot=    -182.723 Ekin=       1.508 temperature=  416.63 
[2025-10-01 15:43:05,552][curator.simulate.logger][INFO] - Steps=       333 Epot=    -182.692 Ekin=       1.449 temperature=  400.23 
[2025-10-01 15:43:05,567][curator.simulate.logger][INFO] - Steps=       334 Epot=    -182.666 Ekin=       1.399 temperature=  386.42 
[2025-10-01 15:43:05,582][curator.simulate.logger][INFO] - Steps=       335 Epot=    -182.644 Ekin=       1.348 temperature=  372.40 
[2025-10-01 15:43:05,594][curator.simulate.logger][INFO] - Steps=       336 Epot=    -182.627 Ekin=       1.322 temperature=  365.25 
[2025-10-01 15:43:05,609][curator.simulate.logger][INFO] - Steps=       337 Epot=    -182.615 Ekin=       1.302 temperature=  359.71 
[2025-10-01 15:43:05,622][curator.simulate.logger][INFO] - Steps=       338 Epot=    -182.610 Ekin=       1.284 temperature=  354.82 
[2025-10-01 15:43:05,637][curator.simulate.logger][INFO] - Steps=       339 Epot=    -182.612 Ekin=       1.281 temperature=  354.03 
[2025-10-01 15:43:05,652][curator.simulate.logger][INFO] - Steps=       340 Epot=    -182.620 Ekin=       1.280 temperature=  353.58 
[2025-10-01 15:43:05,664][curator.simulate.logger][INFO] - Steps=       341 Epot=    -182.632 Ekin=       1.236 temperature=  341.52 
[2025-10-01 15:43:05,681][curator.simulate.logger][INFO] - Steps=       342 Epot=    -182.650 Ekin=       1.271 temperature=  351.26 
[2025-10-01 15:43:05,694][curator.simulate.logger][INFO] - Steps=       343 Epot=    -182.670 Ekin=       1.234 temperature=  340.95 
[2025-10-01 15:43:05,708][curator.simulate.logger][INFO] - Steps=       344 Epot=    -182.691 Ekin=       1.260 temperature=  348.19 
[2025-10-01 15:43:05,721][curator.simulate.logger][INFO] - Steps=       345 Epot=    -182.710 Ekin=       1.269 temperature=  350.58 
[2025-10-01 15:43:05,737][curator.simulate.logger][INFO] - Steps=       346 Epot=    -182.731 Ekin=       1.298 temperature=  358.69 
[2025-10-01 15:43:05,752][curator.simulate.logger][INFO] - Steps=       347 Epot=    -182.753 Ekin=       1.314 temperature=  362.98 
[2025-10-01 15:43:05,765][curator.simulate.logger][INFO] - Steps=       348 Epot=    -182.773 Ekin=       1.338 temperature=  369.57 
[2025-10-01 15:43:05,781][curator.simulate.logger][INFO] - Steps=       349 Epot=    -182.791 Ekin=       1.363 temperature=  376.51 
[2025-10-01 15:43:05,793][curator.simulate.logger][INFO] - Steps=       350 Epot=    -182.808 Ekin=       1.390 temperature=  384.16 
[2025-10-01 15:43:05,806][curator.simulate.logger][INFO] - Steps=       351 Epot=    -182.822 Ekin=       1.453 temperature=  401.48 
[2025-10-01 15:43:05,823][curator.simulate.logger][INFO] - Steps=       352 Epot=    -182.834 Ekin=       1.466 temperature=  404.95 
[2025-10-01 15:43:05,838][curator.simulate.logger][INFO] - Steps=       353 Epot=    -182.841 Ekin=       1.449 temperature=  400.49 
[2025-10-01 15:43:05,854][curator.simulate.logger][INFO] - Steps=       354 Epot=    -182.846 Ekin=       1.448 temperature=  400.01 
[2025-10-01 15:43:05,868][curator.simulate.logger][INFO] - Steps=       355 Epot=    -182.848 Ekin=       1.408 temperature=  389.15 
[2025-10-01 15:43:05,881][curator.simulate.logger][INFO] - Steps=       356 Epot=    -182.850 Ekin=       1.408 temperature=  388.97 
[2025-10-01 15:43:05,895][curator.simulate.logger][INFO] - Steps=       357 Epot=    -182.850 Ekin=       1.363 temperature=  376.66 
[2025-10-01 15:43:05,910][curator.simulate.logger][INFO] - Steps=       358 Epot=    -182.848 Ekin=       1.343 temperature=  370.98 
[2025-10-01 15:43:05,925][curator.simulate.logger][INFO] - Steps=       359 Epot=    -182.846 Ekin=       1.390 temperature=  383.93 
[2025-10-01 15:43:05,937][curator.simulate.logger][INFO] - Steps=       360 Epot=    -182.845 Ekin=       1.384 temperature=  382.46 
[2025-10-01 15:43:05,953][curator.simulate.logger][INFO] - Steps=       361 Epot=    -182.844 Ekin=       1.421 temperature=  392.53 
[2025-10-01 15:43:05,966][curator.simulate.logger][INFO] - Steps=       362 Epot=    -182.842 Ekin=       1.372 temperature=  379.18 
[2025-10-01 15:43:05,978][curator.simulate.logger][INFO] - Steps=       363 Epot=    -182.840 Ekin=       1.309 temperature=  361.75 
[2025-10-01 15:43:05,993][curator.simulate.logger][INFO] - Steps=       364 Epot=    -182.841 Ekin=       1.338 temperature=  369.78 
[2025-10-01 15:43:06,007][curator.simulate.logger][INFO] - Steps=       365 Epot=    -182.844 Ekin=       1.306 temperature=  360.76 
[2025-10-01 15:43:06,023][curator.simulate.logger][INFO] - Steps=       366 Epot=    -182.851 Ekin=       1.293 temperature=  357.25 
[2025-10-01 15:43:06,043][curator.simulate.logger][INFO] - Steps=       367 Epot=    -182.859 Ekin=       1.298 temperature=  358.60 
[2025-10-01 15:43:06,055][curator.simulate.logger][INFO] - Steps=       368 Epot=    -182.866 Ekin=       1.337 temperature=  369.49 
[2025-10-01 15:43:06,071][curator.simulate.logger][INFO] - Steps=       369 Epot=    -182.872 Ekin=       1.373 temperature=  379.24 
[2025-10-01 15:43:06,084][curator.simulate.logger][INFO] - Steps=       370 Epot=    -182.878 Ekin=       1.405 temperature=  388.13 
[2025-10-01 15:43:06,100][curator.simulate.logger][INFO] - Steps=       371 Epot=    -182.883 Ekin=       1.410 temperature=  389.51 
[2025-10-01 15:43:06,114][curator.simulate.logger][INFO] - Steps=       372 Epot=    -182.887 Ekin=       1.404 temperature=  388.02 
[2025-10-01 15:43:06,128][curator.simulate.logger][INFO] - Steps=       373 Epot=    -182.888 Ekin=       1.414 temperature=  390.71 
[2025-10-01 15:43:06,143][curator.simulate.logger][INFO] - Steps=       374 Epot=    -182.889 Ekin=       1.400 temperature=  386.75 
[2025-10-01 15:43:06,156][curator.simulate.logger][INFO] - Steps=       375 Epot=    -182.886 Ekin=       1.399 temperature=  386.51 
[2025-10-01 15:43:06,169][curator.simulate.logger][INFO] - Steps=       376 Epot=    -182.882 Ekin=       1.396 temperature=  385.73 
[2025-10-01 15:43:06,185][curator.simulate.logger][INFO] - Steps=       377 Epot=    -182.877 Ekin=       1.425 temperature=  393.81 
[2025-10-01 15:43:06,200][curator.simulate.logger][INFO] - Steps=       378 Epot=    -182.872 Ekin=       1.418 temperature=  391.70 
[2025-10-01 15:43:06,213][curator.simulate.logger][INFO] - Steps=       379 Epot=    -182.869 Ekin=       1.378 temperature=  380.76 
[2025-10-01 15:43:06,227][curator.simulate.logger][INFO] - Steps=       380 Epot=    -182.869 Ekin=       1.341 temperature=  370.47 
[2025-10-01 15:43:06,244][curator.simulate.logger][INFO] - Steps=       381 Epot=    -182.870 Ekin=       1.331 temperature=  367.79 
[2025-10-01 15:43:06,258][curator.simulate.logger][INFO] - Steps=       382 Epot=    -182.873 Ekin=       1.344 temperature=  371.29 
[2025-10-01 15:43:06,271][curator.simulate.logger][INFO] - Steps=       383 Epot=    -182.879 Ekin=       1.354 temperature=  374.04 
[2025-10-01 15:43:06,287][curator.simulate.logger][INFO] - Steps=       384 Epot=    -182.888 Ekin=       1.322 temperature=  365.18 
[2025-10-01 15:43:06,302][curator.simulate.logger][INFO] - Steps=       385 Epot=    -182.898 Ekin=       1.306 temperature=  360.85 
[2025-10-01 15:43:06,315][curator.simulate.logger][INFO] - Steps=       386 Epot=    -182.910 Ekin=       1.324 temperature=  365.94 
[2025-10-01 15:43:06,330][curator.simulate.logger][INFO] - Steps=       387 Epot=    -182.925 Ekin=       1.348 temperature=  372.56 
[2025-10-01 15:43:06,344][curator.simulate.logger][INFO] - Steps=       388 Epot=    -182.941 Ekin=       1.380 temperature=  381.35 
[2025-10-01 15:43:06,359][curator.simulate.logger][INFO] - Steps=       389 Epot=    -182.957 Ekin=       1.373 temperature=  379.29 
[2025-10-01 15:43:06,372][curator.simulate.logger][INFO] - Steps=       390 Epot=    -182.974 Ekin=       1.415 temperature=  390.92 
[2025-10-01 15:43:06,389][curator.simulate.logger][INFO] - Steps=       391 Epot=    -182.989 Ekin=       1.420 temperature=  392.35 
[2025-10-01 15:43:06,403][curator.simulate.logger][INFO] - Steps=       392 Epot=    -183.001 Ekin=       1.427 temperature=  394.18 
[2025-10-01 15:43:06,421][curator.simulate.logger][INFO] - Steps=       393 Epot=    -183.010 Ekin=       1.456 temperature=  402.32 
[2025-10-01 15:43:06,433][curator.simulate.logger][INFO] - Steps=       394 Epot=    -183.018 Ekin=       1.471 temperature=  406.30 
[2025-10-01 15:43:06,449][curator.simulate.logger][INFO] - Steps=       395 Epot=    -183.022 Ekin=       1.481 temperature=  409.09 
[2025-10-01 15:43:06,464][curator.simulate.logger][INFO] - Steps=       396 Epot=    -183.021 Ekin=       1.489 temperature=  411.35 
[2025-10-01 15:43:06,476][curator.simulate.logger][INFO] - Steps=       397 Epot=    -183.017 Ekin=       1.418 temperature=  391.74 
[2025-10-01 15:43:06,493][curator.simulate.logger][INFO] - Steps=       398 Epot=    -183.009 Ekin=       1.445 temperature=  399.20 
[2025-10-01 15:43:06,508][curator.simulate.logger][INFO] - Steps=       399 Epot=    -182.995 Ekin=       1.428 temperature=  394.66 
[2025-10-01 15:43:06,520][curator.simulate.logger][INFO] - Steps=       400 Epot=    -182.976 Ekin=       1.419 temperature=  392.11 
[2025-10-01 15:43:06,539][curator.simulate.logger][INFO] - Steps=       401 Epot=    -182.953 Ekin=       1.395 temperature=  385.37 
[2025-10-01 15:43:06,558][curator.simulate.logger][INFO] - Steps=       402 Epot=    -182.927 Ekin=       1.393 temperature=  384.89 
[2025-10-01 15:43:06,571][curator.simulate.logger][INFO] - Steps=       403 Epot=    -182.898 Ekin=       1.407 temperature=  388.67 
[2025-10-01 15:43:06,583][curator.simulate.logger][INFO] - Steps=       404 Epot=    -182.867 Ekin=       1.343 temperature=  370.98 
[2025-10-01 15:43:06,599][curator.simulate.logger][INFO] - Steps=       405 Epot=    -182.834 Ekin=       1.298 temperature=  358.75 
[2025-10-01 15:43:06,612][curator.simulate.logger][INFO] - Steps=       406 Epot=    -182.801 Ekin=       1.278 temperature=  353.13 
[2025-10-01 15:43:06,624][curator.simulate.logger][INFO] - Steps=       407 Epot=    -182.770 Ekin=       1.254 temperature=  346.43 
[2025-10-01 15:43:06,636][curator.simulate.logger][INFO] - Steps=       408 Epot=    -182.742 Ekin=       1.202 temperature=  332.10 
[2025-10-01 15:43:06,650][curator.simulate.logger][INFO] - Steps=       409 Epot=    -182.717 Ekin=       1.153 temperature=  318.70 
[2025-10-01 15:43:06,665][curator.simulate.logger][INFO] - Steps=       410 Epot=    -182.694 Ekin=       1.103 temperature=  304.63 
[2025-10-01 15:43:06,682][curator.simulate.logger][INFO] - Steps=       411 Epot=    -182.673 Ekin=       1.096 temperature=  302.85 
[2025-10-01 15:43:06,694][curator.simulate.logger][INFO] - Steps=       412 Epot=    -182.656 Ekin=       1.083 temperature=  299.15 
[2025-10-01 15:43:06,707][curator.simulate.logger][INFO] - Steps=       413 Epot=    -182.644 Ekin=       1.102 temperature=  304.58 
[2025-10-01 15:43:06,721][curator.simulate.logger][INFO] - Steps=       414 Epot=    -182.641 Ekin=       1.088 temperature=  300.65 
[2025-10-01 15:43:06,736][curator.simulate.logger][INFO] - Steps=       415 Epot=    -182.643 Ekin=       1.143 temperature=  315.86 
[2025-10-01 15:43:06,749][curator.simulate.logger][INFO] - Steps=       416 Epot=    -182.651 Ekin=       1.153 temperature=  318.48 
[2025-10-01 15:43:06,764][curator.simulate.logger][INFO] - Steps=       417 Epot=    -182.664 Ekin=       1.138 temperature=  314.35 
[2025-10-01 15:43:06,780][curator.simulate.logger][INFO] - Steps=       418 Epot=    -182.683 Ekin=       1.131 temperature=  312.45 
[2025-10-01 15:43:06,795][curator.simulate.logger][INFO] - Steps=       419 Epot=    -182.704 Ekin=       1.125 temperature=  310.77 
[2025-10-01 15:43:06,808][curator.simulate.logger][INFO] - Steps=       420 Epot=    -182.730 Ekin=       1.146 temperature=  316.67 
[2025-10-01 15:43:06,823][curator.simulate.logger][INFO] - Steps=       421 Epot=    -182.760 Ekin=       1.186 temperature=  327.58 
[2025-10-01 15:43:06,841][curator.simulate.logger][INFO] - Steps=       422 Epot=    -182.789 Ekin=       1.179 temperature=  325.73 
[2025-10-01 15:43:06,855][curator.simulate.logger][INFO] - Steps=       423 Epot=    -182.819 Ekin=       1.232 temperature=  340.45 
[2025-10-01 15:43:06,870][curator.simulate.logger][INFO] - Steps=       424 Epot=    -182.850 Ekin=       1.315 temperature=  363.44 
[2025-10-01 15:43:06,883][curator.simulate.logger][INFO] - Steps=       425 Epot=    -182.879 Ekin=       1.324 temperature=  365.78 
[2025-10-01 15:43:06,898][curator.simulate.logger][INFO] - Steps=       426 Epot=    -182.906 Ekin=       1.381 temperature=  381.49 
[2025-10-01 15:43:06,911][curator.simulate.logger][INFO] - Steps=       427 Epot=    -182.931 Ekin=       1.427 temperature=  394.15 
[2025-10-01 15:43:06,927][curator.simulate.logger][INFO] - Steps=       428 Epot=    -182.954 Ekin=       1.436 temperature=  396.63 
[2025-10-01 15:43:06,946][curator.simulate.logger][INFO] - Steps=       429 Epot=    -182.972 Ekin=       1.388 temperature=  383.41 
[2025-10-01 15:43:06,959][curator.simulate.logger][INFO] - Steps=       430 Epot=    -182.987 Ekin=       1.459 temperature=  403.03 
[2025-10-01 15:43:06,975][curator.simulate.logger][INFO] - Steps=       431 Epot=    -182.998 Ekin=       1.444 temperature=  399.01 
[2025-10-01 15:43:06,988][curator.simulate.logger][INFO] - Steps=       432 Epot=    -183.007 Ekin=       1.526 temperature=  421.70 
[2025-10-01 15:43:07,004][curator.simulate.logger][INFO] - Steps=       433 Epot=    -183.013 Ekin=       1.526 temperature=  421.72 
[2025-10-01 15:43:07,017][curator.simulate.logger][INFO] - Steps=       434 Epot=    -183.017 Ekin=       1.499 temperature=  414.20 
[2025-10-01 15:43:07,031][curator.simulate.logger][INFO] - Steps=       435 Epot=    -183.018 Ekin=       1.482 temperature=  409.53 
[2025-10-01 15:43:07,049][curator.simulate.logger][INFO] - Steps=       436 Epot=    -183.015 Ekin=       1.431 temperature=  395.46 
[2025-10-01 15:43:07,062][curator.simulate.logger][INFO] - Steps=       437 Epot=    -183.008 Ekin=       1.420 temperature=  392.27 
[2025-10-01 15:43:07,080][curator.simulate.logger][INFO] - Steps=       438 Epot=    -183.000 Ekin=       1.423 temperature=  393.07 
[2025-10-01 15:43:07,096][curator.simulate.logger][INFO] - Steps=       439 Epot=    -182.990 Ekin=       1.396 temperature=  385.78 
[2025-10-01 15:43:07,113][curator.simulate.logger][INFO] - Steps=       440 Epot=    -182.979 Ekin=       1.413 temperature=  390.48 
[2025-10-01 15:43:07,127][curator.simulate.logger][INFO] - Steps=       441 Epot=    -182.968 Ekin=       1.404 temperature=  387.88 
[2025-10-01 15:43:07,145][curator.simulate.logger][INFO] - Steps=       442 Epot=    -182.953 Ekin=       1.378 temperature=  380.62 
[2025-10-01 15:43:07,158][curator.simulate.logger][INFO] - Steps=       443 Epot=    -182.936 Ekin=       1.414 temperature=  390.74 
[2025-10-01 15:43:07,172][curator.simulate.logger][INFO] - Steps=       444 Epot=    -182.917 Ekin=       1.355 temperature=  374.43 
[2025-10-01 15:43:07,189][curator.simulate.logger][INFO] - Steps=       445 Epot=    -182.896 Ekin=       1.342 temperature=  370.82 
[2025-10-01 15:43:07,202][curator.simulate.logger][INFO] - Steps=       446 Epot=    -182.875 Ekin=       1.342 temperature=  370.82 
[2025-10-01 15:43:07,215][curator.simulate.logger][INFO] - Steps=       447 Epot=    -182.853 Ekin=       1.309 temperature=  361.64 
[2025-10-01 15:43:07,231][curator.simulate.logger][INFO] - Steps=       448 Epot=    -182.836 Ekin=       1.282 temperature=  354.20 
[2025-10-01 15:43:07,244][curator.simulate.logger][INFO] - Steps=       449 Epot=    -182.823 Ekin=       1.268 temperature=  350.27 
[2025-10-01 15:43:07,260][curator.simulate.logger][INFO] - Steps=       450 Epot=    -182.811 Ekin=       1.220 temperature=  337.20 
[2025-10-01 15:43:07,272][curator.simulate.logger][INFO] - Steps=       451 Epot=    -182.806 Ekin=       1.210 temperature=  334.23 
[2025-10-01 15:43:07,284][curator.simulate.logger][INFO] - Steps=       452 Epot=    -182.805 Ekin=       1.201 temperature=  331.97 
[2025-10-01 15:43:07,305][curator.simulate.logger][INFO] - Steps=       453 Epot=    -182.808 Ekin=       1.191 temperature=  329.19 
[2025-10-01 15:43:07,318][curator.simulate.logger][INFO] - Steps=       454 Epot=    -182.815 Ekin=       1.237 temperature=  341.80 
[2025-10-01 15:43:07,333][curator.simulate.logger][INFO] - Steps=       455 Epot=    -182.827 Ekin=       1.245 temperature=  344.05 
[2025-10-01 15:43:07,348][curator.simulate.logger][INFO] - Steps=       456 Epot=    -182.840 Ekin=       1.281 temperature=  353.94 
[2025-10-01 15:43:07,361][curator.simulate.logger][INFO] - Steps=       457 Epot=    -182.856 Ekin=       1.293 temperature=  357.35 
[2025-10-01 15:43:07,376][curator.simulate.logger][INFO] - Steps=       458 Epot=    -182.876 Ekin=       1.285 temperature=  355.10 
[2025-10-01 15:43:07,395][curator.simulate.logger][INFO] - Steps=       459 Epot=    -182.896 Ekin=       1.281 temperature=  353.88 
[2025-10-01 15:43:07,408][curator.simulate.logger][INFO] - Steps=       460 Epot=    -182.916 Ekin=       1.305 temperature=  360.53 
[2025-10-01 15:43:07,426][curator.simulate.logger][INFO] - Steps=       461 Epot=    -182.938 Ekin=       1.333 temperature=  368.35 
[2025-10-01 15:43:05,864][curator.simulate.logger][INFO] - Steps=       462 Epot=    -182.956 Ekin=       1.330 temperature=  367.36 
[2025-10-01 15:43:05,878][curator.simulate.logger][INFO] - Steps=       463 Epot=    -182.972 Ekin=       1.298 temperature=  358.54 
[2025-10-01 15:43:05,893][curator.simulate.logger][INFO] - Steps=       464 Epot=    -182.988 Ekin=       1.311 temperature=  362.27 
[2025-10-01 15:43:05,908][curator.simulate.logger][INFO] - Steps=       465 Epot=    -183.000 Ekin=       1.342 temperature=  370.70 
[2025-10-01 15:43:05,921][curator.simulate.logger][INFO] - Steps=       466 Epot=    -183.012 Ekin=       1.336 temperature=  369.24 
[2025-10-01 15:43:05,933][curator.simulate.logger][INFO] - Steps=       467 Epot=    -183.021 Ekin=       1.339 temperature=  369.92 
[2025-10-01 15:43:05,952][curator.simulate.logger][INFO] - Steps=       468 Epot=    -183.025 Ekin=       1.307 temperature=  360.99 
[2025-10-01 15:43:05,969][curator.simulate.logger][INFO] - Steps=       469 Epot=    -183.026 Ekin=       1.313 temperature=  362.84 
[2025-10-01 15:43:05,984][curator.simulate.logger][INFO] - Steps=       470 Epot=    -183.024 Ekin=       1.355 temperature=  374.27 
[2025-10-01 15:43:05,998][curator.simulate.logger][INFO] - Steps=       471 Epot=    -183.017 Ekin=       1.342 temperature=  370.77 
[2025-10-01 15:43:06,017][curator.simulate.logger][INFO] - Steps=       472 Epot=    -183.007 Ekin=       1.323 temperature=  365.62 
[2025-10-01 15:43:06,032][curator.simulate.logger][INFO] - Steps=       473 Epot=    -182.996 Ekin=       1.316 temperature=  363.52 
[2025-10-01 15:43:06,047][curator.simulate.logger][INFO] - Steps=       474 Epot=    -182.982 Ekin=       1.359 temperature=  375.38 
[2025-10-01 15:43:06,059][curator.simulate.logger][INFO] - Steps=       475 Epot=    -182.963 Ekin=       1.413 temperature=  390.37 
[2025-10-01 15:43:06,074][curator.simulate.logger][INFO] - Steps=       476 Epot=    -182.939 Ekin=       1.363 temperature=  376.52 
[2025-10-01 15:43:06,091][curator.simulate.logger][INFO] - Steps=       477 Epot=    -182.912 Ekin=       1.336 temperature=  369.23 
[2025-10-01 15:43:06,107][curator.simulate.logger][INFO] - Steps=       478 Epot=    -182.883 Ekin=       1.365 temperature=  377.03 
[2025-10-01 15:43:06,119][curator.simulate.logger][INFO] - Steps=       479 Epot=    -182.851 Ekin=       1.333 temperature=  368.39 
[2025-10-01 15:43:06,135][curator.simulate.logger][INFO] - Steps=       480 Epot=    -182.821 Ekin=       1.282 temperature=  354.19 
[2025-10-01 15:43:06,147][curator.simulate.logger][INFO] - Steps=       481 Epot=    -182.791 Ekin=       1.296 temperature=  358.11 
[2025-10-01 15:43:06,161][curator.simulate.logger][INFO] - Steps=       482 Epot=    -182.762 Ekin=       1.229 temperature=  339.62 
[2025-10-01 15:43:06,176][curator.simulate.logger][INFO] - Steps=       483 Epot=    -182.735 Ekin=       1.216 temperature=  335.92 
[2025-10-01 15:43:06,189][curator.simulate.logger][INFO] - Steps=       484 Epot=    -182.715 Ekin=       1.196 temperature=  330.59 
[2025-10-01 15:43:06,204][curator.simulate.logger][INFO] - Steps=       485 Epot=    -182.700 Ekin=       1.198 temperature=  330.98 
[2025-10-01 15:43:06,217][curator.simulate.logger][INFO] - Steps=       486 Epot=    -182.690 Ekin=       1.172 temperature=  323.76 
[2025-10-01 15:43:06,230][curator.simulate.logger][INFO] - Steps=       487 Epot=    -182.686 Ekin=       1.149 temperature=  317.49 
[2025-10-01 15:43:06,243][curator.simulate.logger][INFO] - Steps=       488 Epot=    -182.690 Ekin=       1.146 temperature=  316.74 
[2025-10-01 15:43:06,257][curator.simulate.logger][INFO] - Steps=       489 Epot=    -182.699 Ekin=       1.177 temperature=  325.21 
[2025-10-01 15:43:06,272][curator.simulate.logger][INFO] - Steps=       490 Epot=    -182.715 Ekin=       1.194 temperature=  329.99 
[2025-10-01 15:43:06,285][curator.simulate.logger][INFO] - Steps=       491 Epot=    -182.736 Ekin=       1.238 temperature=  342.19 
[2025-10-01 15:43:06,297][curator.simulate.logger][INFO] - Steps=       492 Epot=    -182.761 Ekin=       1.213 temperature=  335.18 
[2025-10-01 15:43:06,310][curator.simulate.logger][INFO] - Steps=       493 Epot=    -182.791 Ekin=       1.214 temperature=  335.33 
[2025-10-01 15:43:06,324][curator.simulate.logger][INFO] - Steps=       494 Epot=    -182.824 Ekin=       1.257 temperature=  347.18 
[2025-10-01 15:43:06,339][curator.simulate.logger][INFO] - Steps=       495 Epot=    -182.857 Ekin=       1.266 temperature=  349.89 
[2025-10-01 15:43:06,355][curator.simulate.logger][INFO] - Steps=       496 Epot=    -182.890 Ekin=       1.323 temperature=  365.48 
[2025-10-01 15:43:06,369][curator.simulate.logger][INFO] - Steps=       497 Epot=    -182.919 Ekin=       1.367 temperature=  377.60 
[2025-10-01 15:43:06,387][curator.simulate.logger][INFO] - Steps=       498 Epot=    -182.945 Ekin=       1.412 temperature=  390.10 
[2025-10-01 15:43:06,399][curator.simulate.logger][INFO] - Steps=       499 Epot=    -182.967 Ekin=       1.419 temperature=  391.98 
[2025-10-01 15:43:06,411][curator.simulate.logger][INFO] - Steps=       500 Epot=    -182.982 Ekin=       1.437 temperature=  397.03 
[2025-10-01 15:43:06,426][curator.simulate.logger][INFO] - Steps=       501 Epot=    -182.992 Ekin=       1.434 temperature=  396.07 
[2025-10-01 15:43:06,442][curator.simulate.logger][INFO] - Steps=       502 Epot=    -182.998 Ekin=       1.435 temperature=  396.40 
[2025-10-01 15:43:06,453][curator.simulate.logger][INFO] - Steps=       503 Epot=    -182.996 Ekin=       1.432 temperature=  395.62 
[2025-10-01 15:43:06,469][curator.simulate.logger][INFO] - Steps=       504 Epot=    -182.986 Ekin=       1.484 temperature=  409.98 
[2025-10-01 15:43:06,482][curator.simulate.logger][INFO] - Steps=       505 Epot=    -182.968 Ekin=       1.493 temperature=  412.57 
[2025-10-01 15:43:06,495][curator.simulate.logger][INFO] - Steps=       506 Epot=    -182.944 Ekin=       1.471 temperature=  406.56 
[2025-10-01 15:43:06,510][curator.simulate.logger][INFO] - Steps=       507 Epot=    -182.913 Ekin=       1.436 temperature=  396.65 
[2025-10-01 15:43:06,525][curator.simulate.logger][INFO] - Steps=       508 Epot=    -182.879 Ekin=       1.399 temperature=  386.57 
[2025-10-01 15:43:06,539][curator.simulate.logger][INFO] - Steps=       509 Epot=    -182.841 Ekin=       1.356 temperature=  374.63 
[2025-10-01 15:43:06,553][curator.simulate.logger][INFO] - Steps=       510 Epot=    -182.801 Ekin=       1.291 temperature=  356.64 
[2025-10-01 15:43:06,565][curator.simulate.logger][INFO] - Steps=       511 Epot=    -182.759 Ekin=       1.253 temperature=  346.27 
[2025-10-01 15:43:06,579][curator.simulate.logger][INFO] - Steps=       512 Epot=    -182.717 Ekin=       1.188 temperature=  328.35 
[2025-10-01 15:43:06,594][curator.simulate.logger][INFO] - Steps=       513 Epot=    -182.674 Ekin=       1.179 temperature=  325.66 
[2025-10-01 15:43:06,607][curator.simulate.logger][INFO] - Steps=       514 Epot=    -182.633 Ekin=       1.167 temperature=  322.49 
[2025-10-01 15:43:06,622][curator.simulate.logger][INFO] - Steps=       515 Epot=    -182.593 Ekin=       1.149 temperature=  317.58 
[2025-10-01 15:43:06,638][curator.simulate.logger][INFO] - Steps=       516 Epot=    -182.557 Ekin=       1.125 temperature=  310.75 
[2025-10-01 15:43:06,656][curator.simulate.logger][INFO] - Steps=       517 Epot=    -182.524 Ekin=       1.095 temperature=  302.59 
[2025-10-01 15:43:06,669][curator.simulate.logger][INFO] - Steps=       518 Epot=    -182.494 Ekin=       1.061 temperature=  293.29 
[2025-10-01 15:43:06,684][curator.simulate.logger][INFO] - Steps=       519 Epot=    -182.469 Ekin=       1.023 temperature=  282.70 
[2025-10-01 15:43:06,699][curator.simulate.logger][INFO] - Steps=       520 Epot=    -182.450 Ekin=       1.003 temperature=  277.01 
[2025-10-01 15:43:06,712][curator.simulate.logger][INFO] - Steps=       521 Epot=    -182.440 Ekin=       0.993 temperature=  274.39 
[2025-10-01 15:43:06,728][curator.simulate.logger][INFO] - Steps=       522 Epot=    -182.434 Ekin=       0.972 temperature=  268.52 
[2025-10-01 15:43:06,741][curator.simulate.logger][INFO] - Steps=       523 Epot=    -182.431 Ekin=       0.961 temperature=  265.64 
[2025-10-01 15:43:06,756][curator.simulate.logger][INFO] - Steps=       524 Epot=    -182.433 Ekin=       0.952 temperature=  262.98 
[2025-10-01 15:43:06,772][curator.simulate.logger][INFO] - Steps=       525 Epot=    -182.441 Ekin=       0.959 temperature=  265.07 
[2025-10-01 15:43:06,784][curator.simulate.logger][INFO] - Steps=       526 Epot=    -182.455 Ekin=       0.989 temperature=  273.13 
[2025-10-01 15:43:06,801][curator.simulate.logger][INFO] - Steps=       527 Epot=    -182.473 Ekin=       0.990 temperature=  273.55 
[2025-10-01 15:43:06,813][curator.simulate.logger][INFO] - Steps=       528 Epot=    -182.495 Ekin=       1.012 temperature=  279.58 
[2025-10-01 15:43:06,829][curator.simulate.logger][INFO] - Steps=       529 Epot=    -182.520 Ekin=       1.055 temperature=  291.56 
[2025-10-01 15:43:06,842][curator.simulate.logger][INFO] - Steps=       530 Epot=    -182.549 Ekin=       1.097 temperature=  303.12 
[2025-10-01 15:43:06,855][curator.simulate.logger][INFO] - Steps=       531 Epot=    -182.581 Ekin=       1.149 temperature=  317.36 
[2025-10-01 15:43:06,873][curator.simulate.logger][INFO] - Steps=       532 Epot=    -182.615 Ekin=       1.177 temperature=  325.25 
[2025-10-01 15:43:06,892][curator.simulate.logger][INFO] - Steps=       533 Epot=    -182.650 Ekin=       1.223 temperature=  337.83 
[2025-10-01 15:43:06,909][curator.simulate.logger][INFO] - Steps=       534 Epot=    -182.685 Ekin=       1.270 temperature=  350.78 
[2025-10-01 15:43:06,925][curator.simulate.logger][INFO] - Steps=       535 Epot=    -182.719 Ekin=       1.315 temperature=  363.44 
[2025-10-01 15:43:06,941][curator.simulate.logger][INFO] - Steps=       536 Epot=    -182.752 Ekin=       1.325 temperature=  365.97 
[2025-10-01 15:43:06,957][curator.simulate.logger][INFO] - Steps=       537 Epot=    -182.784 Ekin=       1.383 temperature=  382.13 
[2025-10-01 15:43:06,972][curator.simulate.logger][INFO] - Steps=       538 Epot=    -182.814 Ekin=       1.429 temperature=  394.70 
[2025-10-01 15:43:06,988][curator.simulate.logger][INFO] - Steps=       539 Epot=    -182.840 Ekin=       1.385 temperature=  382.59 
[2025-10-01 15:43:07,004][curator.simulate.logger][INFO] - Steps=       540 Epot=    -182.864 Ekin=       1.415 temperature=  390.89 
[2025-10-01 15:43:07,018][curator.simulate.logger][INFO] - Steps=       541 Epot=    -182.885 Ekin=       1.438 temperature=  397.35 
[2025-10-01 15:43:07,033][curator.simulate.logger][INFO] - Steps=       542 Epot=    -182.905 Ekin=       1.482 temperature=  409.42 
[2025-10-01 15:43:07,051][curator.simulate.logger][INFO] - Steps=       543 Epot=    -182.921 Ekin=       1.481 temperature=  409.19 
[2025-10-01 15:43:07,066][curator.simulate.logger][INFO] - Steps=       544 Epot=    -182.933 Ekin=       1.478 temperature=  408.49 
[2025-10-01 15:43:07,078][curator.simulate.logger][INFO] - Steps=       545 Epot=    -182.942 Ekin=       1.427 temperature=  394.36 
[2025-10-01 15:43:07,093][curator.simulate.logger][INFO] - Steps=       546 Epot=    -182.946 Ekin=       1.424 temperature=  393.51 
[2025-10-01 15:43:07,105][curator.simulate.logger][INFO] - Steps=       547 Epot=    -182.947 Ekin=       1.370 temperature=  378.66 
[2025-10-01 15:43:07,123][curator.simulate.logger][INFO] - Steps=       548 Epot=    -182.945 Ekin=       1.373 temperature=  379.42 
[2025-10-01 15:43:07,141][curator.simulate.logger][INFO] - Steps=       549 Epot=    -182.942 Ekin=       1.406 temperature=  388.56 
[2025-10-01 15:43:07,154][curator.simulate.logger][INFO] - Steps=       550 Epot=    -182.937 Ekin=       1.415 temperature=  390.84 
[2025-10-01 15:43:07,167][curator.simulate.logger][INFO] - Steps=       551 Epot=    -182.930 Ekin=       1.409 temperature=  389.17 
[2025-10-01 15:43:07,183][curator.simulate.logger][INFO] - Steps=       552 Epot=    -182.922 Ekin=       1.438 temperature=  397.32 
[2025-10-01 15:43:07,196][curator.simulate.logger][INFO] - Steps=       553 Epot=    -182.912 Ekin=       1.441 temperature=  398.26 
[2025-10-01 15:43:07,210][curator.simulate.logger][INFO] - Steps=       554 Epot=    -182.900 Ekin=       1.399 temperature=  386.50 
[2025-10-01 15:43:07,225][curator.simulate.logger][INFO] - Steps=       555 Epot=    -182.887 Ekin=       1.377 temperature=  380.40 
[2025-10-01 15:43:07,241][curator.simulate.logger][INFO] - Steps=       556 Epot=    -182.875 Ekin=       1.337 temperature=  369.35 
[2025-10-01 15:43:07,254][curator.simulate.logger][INFO] - Steps=       557 Epot=    -182.861 Ekin=       1.361 temperature=  376.16 
[2025-10-01 15:43:07,269][curator.simulate.logger][INFO] - Steps=       558 Epot=    -182.846 Ekin=       1.303 temperature=  360.11 
[2025-10-01 15:43:07,281][curator.simulate.logger][INFO] - Steps=       559 Epot=    -182.834 Ekin=       1.289 temperature=  356.08 
[2025-10-01 15:43:07,294][curator.simulate.logger][INFO] - Steps=       560 Epot=    -182.825 Ekin=       1.227 temperature=  339.00 
[2025-10-01 15:43:07,307][curator.simulate.logger][INFO] - Steps=       561 Epot=    -182.820 Ekin=       1.207 temperature=  333.36 
[2025-10-01 15:43:07,320][curator.simulate.logger][INFO] - Steps=       562 Epot=    -182.820 Ekin=       1.202 temperature=  332.25 
[2025-10-01 15:43:07,338][curator.simulate.logger][INFO] - Steps=       563 Epot=    -182.821 Ekin=       1.224 temperature=  338.08 
[2025-10-01 15:43:07,352][curator.simulate.logger][INFO] - Steps=       564 Epot=    -182.825 Ekin=       1.239 temperature=  342.41 
[2025-10-01 15:43:07,365][curator.simulate.logger][INFO] - Steps=       565 Epot=    -182.830 Ekin=       1.237 temperature=  341.67 
[2025-10-01 15:43:07,380][curator.simulate.logger][INFO] - Steps=       566 Epot=    -182.837 Ekin=       1.213 temperature=  335.28 
[2025-10-01 15:43:07,395][curator.simulate.logger][INFO] - Steps=       567 Epot=    -182.846 Ekin=       1.198 temperature=  331.11 
[2025-10-01 15:43:07,411][curator.simulate.logger][INFO] - Steps=       568 Epot=    -182.856 Ekin=       1.197 temperature=  330.79 
[2025-10-01 15:43:07,426][curator.simulate.logger][INFO] - Steps=       569 Epot=    -182.871 Ekin=       1.217 temperature=  336.34 
[2025-10-01 15:43:07,438][curator.simulate.logger][INFO] - Steps=       570 Epot=    -182.888 Ekin=       1.282 temperature=  354.25 
[2025-10-01 15:43:07,451][curator.simulate.logger][INFO] - Steps=       571 Epot=    -182.904 Ekin=       1.272 temperature=  351.39 
[2025-10-01 15:43:07,465][curator.simulate.logger][INFO] - Steps=       572 Epot=    -182.921 Ekin=       1.271 temperature=  351.27 
[2025-10-01 15:43:07,479][curator.simulate.logger][INFO] - Steps=       573 Epot=    -182.937 Ekin=       1.283 temperature=  354.44 
[2025-10-01 15:43:07,492][curator.simulate.logger][INFO] - Steps=       574 Epot=    -182.953 Ekin=       1.327 temperature=  366.60 
[2025-10-01 15:43:07,509][curator.simulate.logger][INFO] - Steps=       575 Epot=    -182.967 Ekin=       1.353 temperature=  373.71 
[2025-10-01 15:43:07,525][curator.simulate.logger][INFO] - Steps=       576 Epot=    -182.977 Ekin=       1.314 temperature=  363.06 
[2025-10-01 15:43:07,540][curator.simulate.logger][INFO] - Steps=       577 Epot=    -182.983 Ekin=       1.303 temperature=  359.97 
[2025-10-01 15:43:07,553][curator.simulate.logger][INFO] - Steps=       578 Epot=    -182.987 Ekin=       1.280 temperature=  353.70 
[2025-10-01 15:43:07,568][curator.simulate.logger][INFO] - Steps=       579 Epot=    -182.987 Ekin=       1.269 temperature=  350.73 
[2025-10-01 15:43:07,582][curator.simulate.logger][INFO] - Steps=       580 Epot=    -182.987 Ekin=       1.274 temperature=  351.88 
[2025-10-01 15:43:07,599][curator.simulate.logger][INFO] - Steps=       581 Epot=    -182.984 Ekin=       1.258 temperature=  347.60 
[2025-10-01 15:43:07,614][curator.simulate.logger][INFO] - Steps=       582 Epot=    -182.979 Ekin=       1.232 temperature=  340.53 
[2025-10-01 15:43:07,627][curator.simulate.logger][INFO] - Steps=       583 Epot=    -182.972 Ekin=       1.255 temperature=  346.67 
[2025-10-01 15:43:07,643][curator.simulate.logger][INFO] - Steps=       584 Epot=    -182.963 Ekin=       1.236 temperature=  341.50 
[2025-10-01 15:43:07,659][curator.simulate.logger][INFO] - Steps=       585 Epot=    -182.951 Ekin=       1.256 temperature=  346.98 
[2025-10-01 15:43:07,674][curator.simulate.logger][INFO] - Steps=       586 Epot=    -182.938 Ekin=       1.217 temperature=  336.36 
[2025-10-01 15:43:07,687][curator.simulate.logger][INFO] - Steps=       587 Epot=    -182.925 Ekin=       1.157 temperature=  319.75 
[2025-10-01 15:43:07,703][curator.simulate.logger][INFO] - Steps=       588 Epot=    -182.910 Ekin=       1.126 temperature=  311.23 
[2025-10-01 15:43:07,718][curator.simulate.logger][INFO] - Steps=       589 Epot=    -182.896 Ekin=       1.140 temperature=  315.03 
[2025-10-01 15:43:07,731][curator.simulate.logger][INFO] - Steps=       590 Epot=    -182.882 Ekin=       1.124 temperature=  310.54 
[2025-10-01 15:43:07,747][curator.simulate.logger][INFO] - Steps=       591 Epot=    -182.869 Ekin=       1.092 temperature=  301.61 
[2025-10-01 15:43:07,760][curator.simulate.logger][INFO] - Steps=       592 Epot=    -182.858 Ekin=       1.095 temperature=  302.55 
[2025-10-01 15:43:07,778][curator.simulate.logger][INFO] - Steps=       593 Epot=    -182.849 Ekin=       1.065 temperature=  294.17 
[2025-10-01 15:43:07,796][curator.simulate.logger][INFO] - Steps=       594 Epot=    -182.844 Ekin=       1.030 temperature=  284.66 
[2025-10-01 15:43:07,811][curator.simulate.logger][INFO] - Steps=       595 Epot=    -182.841 Ekin=       1.065 temperature=  294.17 
[2025-10-01 15:43:07,824][curator.simulate.logger][INFO] - Steps=       596 Epot=    -182.839 Ekin=       1.036 temperature=  286.31 
[2025-10-01 15:43:07,845][curator.simulate.logger][INFO] - Steps=       597 Epot=    -182.838 Ekin=       1.058 temperature=  292.22 
[2025-10-01 15:43:07,858][curator.simulate.logger][INFO] - Steps=       598 Epot=    -182.839 Ekin=       1.060 temperature=  292.92 
[2025-10-01 15:43:07,873][curator.simulate.logger][INFO] - Steps=       599 Epot=    -182.841 Ekin=       1.048 temperature=  289.66 
[2025-10-01 15:43:07,889][curator.simulate.logger][INFO] - Steps=       600 Epot=    -182.848 Ekin=       1.048 temperature=  289.61 
[2025-10-01 15:43:07,901][curator.simulate.logger][INFO] - Steps=       601 Epot=    -182.858 Ekin=       1.068 temperature=  295.18 
[2025-10-01 15:43:07,915][curator.simulate.logger][INFO] - Steps=       602 Epot=    -182.869 Ekin=       1.097 temperature=  303.03 
[2025-10-01 15:43:07,931][curator.simulate.logger][INFO] - Steps=       603 Epot=    -182.881 Ekin=       1.118 temperature=  308.96 
[2025-10-01 15:43:07,943][curator.simulate.logger][INFO] - Steps=       604 Epot=    -182.894 Ekin=       1.120 temperature=  309.39 
[2025-10-01 15:43:07,958][curator.simulate.logger][INFO] - Steps=       605 Epot=    -182.907 Ekin=       1.143 temperature=  315.85 
[2025-10-01 15:43:07,976][curator.simulate.logger][INFO] - Steps=       606 Epot=    -182.921 Ekin=       1.154 temperature=  318.75 
[2025-10-01 15:43:07,990][curator.simulate.logger][INFO] - Steps=       607 Epot=    -182.935 Ekin=       1.171 temperature=  323.47 
[2025-10-01 15:43:08,007][curator.simulate.logger][INFO] - Steps=       608 Epot=    -182.950 Ekin=       1.231 temperature=  340.14 
[2025-10-01 15:43:08,020][curator.simulate.logger][INFO] - Steps=       609 Epot=    -182.966 Ekin=       1.237 temperature=  341.85 
[2025-10-01 15:43:08,036][curator.simulate.logger][INFO] - Steps=       610 Epot=    -182.984 Ekin=       1.265 temperature=  349.59 
[2025-10-01 15:43:08,052][curator.simulate.logger][INFO] - Steps=       611 Epot=    -183.002 Ekin=       1.307 temperature=  361.23 
[2025-10-01 15:43:08,066][curator.simulate.logger][INFO] - Steps=       612 Epot=    -183.019 Ekin=       1.334 temperature=  368.55 
[2025-10-01 15:43:08,079][curator.simulate.logger][INFO] - Steps=       613 Epot=    -183.034 Ekin=       1.332 temperature=  367.90 
[2025-10-01 15:43:08,094][curator.simulate.logger][INFO] - Steps=       614 Epot=    -183.049 Ekin=       1.325 temperature=  366.20 
[2025-10-01 15:43:08,112][curator.simulate.logger][INFO] - Steps=       615 Epot=    -183.062 Ekin=       1.301 temperature=  359.34 
[2025-10-01 15:43:08,128][curator.simulate.logger][INFO] - Steps=       616 Epot=    -183.075 Ekin=       1.368 temperature=  378.03 
[2025-10-01 15:43:08,144][curator.simulate.logger][INFO] - Steps=       617 Epot=    -183.088 Ekin=       1.362 temperature=  376.20 
[2025-10-01 15:43:08,156][curator.simulate.logger][INFO] - Steps=       618 Epot=    -183.098 Ekin=       1.381 temperature=  381.50 
[2025-10-01 15:43:08,170][curator.simulate.logger][INFO] - Steps=       619 Epot=    -183.107 Ekin=       1.405 temperature=  388.30 
[2025-10-01 15:43:08,183][curator.simulate.logger][INFO] - Steps=       620 Epot=    -183.116 Ekin=       1.444 temperature=  398.95 
[2025-10-01 15:43:08,199][curator.simulate.logger][INFO] - Steps=       621 Epot=    -183.124 Ekin=       1.447 temperature=  399.92 
[2025-10-01 15:43:08,213][curator.simulate.logger][INFO] - Steps=       622 Epot=    -183.130 Ekin=       1.448 temperature=  400.03 
[2025-10-01 15:43:08,225][curator.simulate.logger][INFO] - Steps=       623 Epot=    -183.135 Ekin=       1.441 temperature=  398.07 
[2025-10-01 15:43:08,240][curator.simulate.logger][INFO] - Steps=       624 Epot=    -183.137 Ekin=       1.457 temperature=  402.59 
[2025-10-01 15:43:08,256][curator.simulate.logger][INFO] - Steps=       625 Epot=    -183.136 Ekin=       1.437 temperature=  397.15 
[2025-10-01 15:43:08,268][curator.simulate.logger][INFO] - Steps=       626 Epot=    -183.131 Ekin=       1.436 temperature=  396.74 
[2025-10-01 15:43:08,283][curator.simulate.logger][INFO] - Steps=       627 Epot=    -183.122 Ekin=       1.460 temperature=  403.27 
[2025-10-01 15:43:08,299][curator.simulate.logger][INFO] - Steps=       628 Epot=    -183.112 Ekin=       1.454 temperature=  401.69 
[2025-10-01 15:43:08,312][curator.simulate.logger][INFO] - Steps=       629 Epot=    -183.100 Ekin=       1.462 temperature=  403.95 
[2025-10-01 15:43:08,327][curator.simulate.logger][INFO] - Steps=       630 Epot=    -183.088 Ekin=       1.409 temperature=  389.26 
[2025-10-01 15:43:08,343][curator.simulate.logger][INFO] - Steps=       631 Epot=    -183.075 Ekin=       1.340 temperature=  370.27 
[2025-10-01 15:43:08,356][curator.simulate.logger][INFO] - Steps=       632 Epot=    -183.060 Ekin=       1.359 temperature=  375.61 
[2025-10-01 15:43:08,371][curator.simulate.logger][INFO] - Steps=       633 Epot=    -183.045 Ekin=       1.360 temperature=  375.66 
[2025-10-01 15:43:08,386][curator.simulate.logger][INFO] - Steps=       634 Epot=    -183.030 Ekin=       1.335 temperature=  368.85 
[2025-10-01 15:43:08,400][curator.simulate.logger][INFO] - Steps=       635 Epot=    -183.017 Ekin=       1.258 temperature=  347.65 
[2025-10-01 15:43:08,417][curator.simulate.logger][INFO] - Steps=       636 Epot=    -183.007 Ekin=       1.207 temperature=  333.41 
[2025-10-01 15:43:08,429][curator.simulate.logger][INFO] - Steps=       637 Epot=    -183.001 Ekin=       1.227 temperature=  338.96 
[2025-10-01 15:43:08,442][curator.simulate.logger][INFO] - Steps=       638 Epot=    -182.999 Ekin=       1.244 temperature=  343.80 
[2025-10-01 15:43:08,458][curator.simulate.logger][INFO] - Steps=       639 Epot=    -182.999 Ekin=       1.243 temperature=  343.43 
[2025-10-01 15:43:08,474][curator.simulate.logger][INFO] - Steps=       640 Epot=    -183.002 Ekin=       1.270 temperature=  350.80 
[2025-10-01 15:43:08,487][curator.simulate.logger][INFO] - Steps=       641 Epot=    -183.010 Ekin=       1.275 temperature=  352.17 
[2025-10-01 15:43:08,500][curator.simulate.logger][INFO] - Steps=       642 Epot=    -183.021 Ekin=       1.270 temperature=  350.96 
[2025-10-01 15:43:08,516][curator.simulate.logger][INFO] - Steps=       643 Epot=    -183.035 Ekin=       1.291 temperature=  356.63 
[2025-10-01 15:43:08,529][curator.simulate.logger][INFO] - Steps=       644 Epot=    -183.052 Ekin=       1.310 temperature=  362.03 
[2025-10-01 15:43:08,547][curator.simulate.logger][INFO] - Steps=       645 Epot=    -183.071 Ekin=       1.401 temperature=  387.19 
[2025-10-01 15:43:08,561][curator.simulate.logger][INFO] - Steps=       646 Epot=    -183.089 Ekin=       1.461 temperature=  403.62 
[2025-10-01 15:43:08,577][curator.simulate.logger][INFO] - Steps=       647 Epot=    -183.107 Ekin=       1.500 temperature=  414.32 
[2025-10-01 15:43:08,592][curator.simulate.logger][INFO] - Steps=       648 Epot=    -183.122 Ekin=       1.546 temperature=  427.17 
[2025-10-01 15:43:08,605][curator.simulate.logger][INFO] - Steps=       649 Epot=    -183.137 Ekin=       1.552 temperature=  428.78 
[2025-10-01 15:43:08,621][curator.simulate.logger][INFO] - Steps=       650 Epot=    -183.151 Ekin=       1.613 temperature=  445.73 
[2025-10-01 15:43:08,633][curator.simulate.logger][INFO] - Steps=       651 Epot=    -183.163 Ekin=       1.621 temperature=  447.92 
[2025-10-01 15:43:08,649][curator.simulate.logger][INFO] - Steps=       652 Epot=    -183.172 Ekin=       1.636 temperature=  452.10 
[2025-10-01 15:43:08,665][curator.simulate.logger][INFO] - Steps=       653 Epot=    -183.178 Ekin=       1.655 temperature=  457.25 
[2025-10-01 15:43:08,678][curator.simulate.logger][INFO] - Steps=       654 Epot=    -183.180 Ekin=       1.652 temperature=  456.49 
[2025-10-01 15:43:08,692][curator.simulate.logger][INFO] - Steps=       655 Epot=    -183.178 Ekin=       1.653 temperature=  456.77 
[2025-10-01 15:43:08,708][curator.simulate.logger][INFO] - Steps=       656 Epot=    -183.172 Ekin=       1.633 temperature=  451.19 
[2025-10-01 15:43:08,721][curator.simulate.logger][INFO] - Steps=       657 Epot=    -183.163 Ekin=       1.639 temperature=  452.82 
[2025-10-01 15:43:08,736][curator.simulate.logger][INFO] - Steps=       658 Epot=    -183.150 Ekin=       1.635 temperature=  451.84 
[2025-10-01 15:43:08,749][curator.simulate.logger][INFO] - Steps=       659 Epot=    -183.133 Ekin=       1.590 temperature=  439.37 
[2025-10-01 15:43:08,761][curator.simulate.logger][INFO] - Steps=       660 Epot=    -183.114 Ekin=       1.548 temperature=  427.81 
[2025-10-01 15:43:08,776][curator.simulate.logger][INFO] - Steps=       661 Epot=    -183.095 Ekin=       1.522 temperature=  420.42 
[2025-10-01 15:43:08,788][curator.simulate.logger][INFO] - Steps=       662 Epot=    -183.075 Ekin=       1.421 temperature=  392.60 
[2025-10-01 15:43:08,804][curator.simulate.logger][INFO] - Steps=       663 Epot=    -183.056 Ekin=       1.409 temperature=  389.35 
[2025-10-01 15:43:08,816][curator.simulate.logger][INFO] - Steps=       664 Epot=    -183.036 Ekin=       1.374 temperature=  379.54 
[2025-10-01 15:43:08,830][curator.simulate.logger][INFO] - Steps=       665 Epot=    -183.017 Ekin=       1.367 temperature=  377.72 
[2025-10-01 15:43:08,843][curator.simulate.logger][INFO] - Steps=       666 Epot=    -183.000 Ekin=       1.315 temperature=  363.30 
[2025-10-01 15:43:08,862][curator.simulate.logger][INFO] - Steps=       667 Epot=    -182.986 Ekin=       1.262 temperature=  348.74 
[2025-10-01 15:43:08,876][curator.simulate.logger][INFO] - Steps=       668 Epot=    -182.978 Ekin=       1.270 temperature=  350.90 
[2025-10-01 15:43:08,888][curator.simulate.logger][INFO] - Steps=       669 Epot=    -182.972 Ekin=       1.237 temperature=  341.80 
[2025-10-01 15:43:08,904][curator.simulate.logger][INFO] - Steps=       670 Epot=    -182.971 Ekin=       1.246 temperature=  344.14 
[2025-10-01 15:43:08,918][curator.simulate.logger][INFO] - Steps=       671 Epot=    -182.973 Ekin=       1.236 temperature=  341.59 
[2025-10-01 15:43:08,932][curator.simulate.logger][INFO] - Steps=       672 Epot=    -182.978 Ekin=       1.257 temperature=  347.31 
[2025-10-01 15:43:08,949][curator.simulate.logger][INFO] - Steps=       673 Epot=    -182.987 Ekin=       1.233 temperature=  340.59 
[2025-10-01 15:43:08,964][curator.simulate.logger][INFO] - Steps=       674 Epot=    -183.000 Ekin=       1.234 temperature=  340.95 
[2025-10-01 15:43:08,978][curator.simulate.logger][INFO] - Steps=       675 Epot=    -183.017 Ekin=       1.275 temperature=  352.37 
[2025-10-01 15:43:08,994][curator.simulate.logger][INFO] - Steps=       676 Epot=    -183.039 Ekin=       1.308 temperature=  361.35 
[2025-10-01 15:43:09,011][curator.simulate.logger][INFO] - Steps=       677 Epot=    -183.064 Ekin=       1.346 temperature=  371.83 
[2025-10-01 15:43:09,024][curator.simulate.logger][INFO] - Steps=       678 Epot=    -183.090 Ekin=       1.390 temperature=  383.98 
[2025-10-01 15:43:09,038][curator.simulate.logger][INFO] - Steps=       679 Epot=    -183.116 Ekin=       1.399 temperature=  386.62 
[2025-10-01 15:43:09,052][curator.simulate.logger][INFO] - Steps=       680 Epot=    -183.143 Ekin=       1.445 temperature=  399.32 
[2025-10-01 15:43:09,071][curator.simulate.logger][INFO] - Steps=       681 Epot=    -183.169 Ekin=       1.416 temperature=  391.32 
[2025-10-01 15:43:09,084][curator.simulate.logger][INFO] - Steps=       682 Epot=    -183.195 Ekin=       1.430 temperature=  395.19 
[2025-10-01 15:43:09,099][curator.simulate.logger][INFO] - Steps=       683 Epot=    -183.221 Ekin=       1.431 temperature=  395.51 
[2025-10-01 15:43:09,114][curator.simulate.logger][INFO] - Steps=       684 Epot=    -183.243 Ekin=       1.454 temperature=  401.83 
[2025-10-01 15:43:09,126][curator.simulate.logger][INFO] - Steps=       685 Epot=    -183.262 Ekin=       1.468 temperature=  405.63 
[2025-10-01 15:43:09,141][curator.simulate.logger][INFO] - Steps=       686 Epot=    -183.275 Ekin=       1.509 temperature=  416.85 
[2025-10-01 15:43:09,157][curator.simulate.logger][INFO] - Steps=       687 Epot=    -183.283 Ekin=       1.461 temperature=  403.56 
[2025-10-01 15:43:09,170][curator.simulate.logger][INFO] - Steps=       688 Epot=    -183.286 Ekin=       1.468 temperature=  405.71 
[2025-10-01 15:43:09,183][curator.simulate.logger][INFO] - Steps=       689 Epot=    -183.284 Ekin=       1.443 temperature=  398.70 
[2025-10-01 15:43:09,196][curator.simulate.logger][INFO] - Steps=       690 Epot=    -183.277 Ekin=       1.419 temperature=  392.11 
[2025-10-01 15:43:09,211][curator.simulate.logger][INFO] - Steps=       691 Epot=    -183.266 Ekin=       1.384 temperature=  382.51 
[2025-10-01 15:43:09,229][curator.simulate.logger][INFO] - Steps=       692 Epot=    -183.250 Ekin=       1.420 temperature=  392.44 
[2025-10-01 15:43:09,243][curator.simulate.logger][INFO] - Steps=       693 Epot=    -183.231 Ekin=       1.443 temperature=  398.83 
[2025-10-01 15:43:09,255][curator.simulate.logger][INFO] - Steps=       694 Epot=    -183.209 Ekin=       1.426 temperature=  393.98 
[2025-10-01 15:43:09,268][curator.simulate.logger][INFO] - Steps=       695 Epot=    -183.185 Ekin=       1.385 temperature=  382.68 
[2025-10-01 15:43:09,284][curator.simulate.logger][INFO] - Steps=       696 Epot=    -183.157 Ekin=       1.387 temperature=  383.29 
[2025-10-01 15:43:09,297][curator.simulate.logger][INFO] - Steps=       697 Epot=    -183.127 Ekin=       1.364 temperature=  376.91 
[2025-10-01 15:43:09,310][curator.simulate.logger][INFO] - Steps=       698 Epot=    -183.095 Ekin=       1.366 temperature=  377.54 
[2025-10-01 15:43:09,327][curator.simulate.logger][INFO] - Steps=       699 Epot=    -183.063 Ekin=       1.336 temperature=  369.02 
[2025-10-01 15:43:09,342][curator.simulate.logger][INFO] - Steps=       700 Epot=    -183.031 Ekin=       1.324 temperature=  365.70 
[2025-10-01 15:43:09,355][curator.simulate.logger][INFO] - Steps=       701 Epot=    -183.001 Ekin=       1.247 temperature=  344.41 
[2025-10-01 15:43:09,371][curator.simulate.logger][INFO] - Steps=       702 Epot=    -182.972 Ekin=       1.250 temperature=  345.34 
[2025-10-01 15:43:09,387][curator.simulate.logger][INFO] - Steps=       703 Epot=    -182.946 Ekin=       1.253 temperature=  346.28 
[2025-10-01 15:43:09,399][curator.simulate.logger][INFO] - Steps=       704 Epot=    -182.924 Ekin=       1.210 temperature=  334.34 
[2025-10-01 15:43:09,414][curator.simulate.logger][INFO] - Steps=       705 Epot=    -182.906 Ekin=       1.204 temperature=  332.62 
[2025-10-01 15:43:09,427][curator.simulate.logger][INFO] - Steps=       706 Epot=    -182.893 Ekin=       1.198 temperature=  331.11 
[2025-10-01 15:43:09,443][curator.simulate.logger][INFO] - Steps=       707 Epot=    -182.886 Ekin=       1.245 temperature=  343.91 
[2025-10-01 15:43:09,457][curator.simulate.logger][INFO] - Steps=       708 Epot=    -182.882 Ekin=       1.213 temperature=  335.19 
[2025-10-01 15:43:09,473][curator.simulate.logger][INFO] - Steps=       709 Epot=    -182.883 Ekin=       1.193 temperature=  329.50 
[2025-10-01 15:43:09,486][curator.simulate.logger][INFO] - Steps=       710 Epot=    -182.889 Ekin=       1.223 temperature=  337.90 
[2025-10-01 15:43:09,501][curator.simulate.logger][INFO] - Steps=       711 Epot=    -182.901 Ekin=       1.257 temperature=  347.41 
[2025-10-01 15:43:09,514][curator.simulate.logger][INFO] - Steps=       712 Epot=    -182.916 Ekin=       1.274 temperature=  351.96 
[2025-10-01 15:43:09,532][curator.simulate.logger][INFO] - Steps=       713 Epot=    -182.934 Ekin=       1.272 temperature=  351.43 
[2025-10-01 15:43:09,548][curator.simulate.logger][INFO] - Steps=       714 Epot=    -182.951 Ekin=       1.285 temperature=  355.12 
[2025-10-01 15:43:09,561][curator.simulate.logger][INFO] - Steps=       715 Epot=    -182.970 Ekin=       1.296 temperature=  358.08 
[2025-10-01 15:43:09,577][curator.simulate.logger][INFO] - Steps=       716 Epot=    -182.991 Ekin=       1.290 temperature=  356.35 
[2025-10-01 15:43:09,593][curator.simulate.logger][INFO] - Steps=       717 Epot=    -183.012 Ekin=       1.290 temperature=  356.29 
[2025-10-01 15:43:09,606][curator.simulate.logger][INFO] - Steps=       718 Epot=    -183.033 Ekin=       1.299 temperature=  359.04 
[2025-10-01 15:43:09,622][curator.simulate.logger][INFO] - Steps=       719 Epot=    -183.051 Ekin=       1.319 temperature=  364.38 
[2025-10-01 15:43:09,637][curator.simulate.logger][INFO] - Steps=       720 Epot=    -183.069 Ekin=       1.339 temperature=  369.90 
[2025-10-01 15:43:09,650][curator.simulate.logger][INFO] - Steps=       721 Epot=    -183.085 Ekin=       1.355 temperature=  374.35 
[2025-10-01 15:43:09,665][curator.simulate.logger][INFO] - Steps=       722 Epot=    -183.099 Ekin=       1.316 temperature=  363.61 
[2025-10-01 15:43:09,683][curator.simulate.logger][INFO] - Steps=       723 Epot=    -183.110 Ekin=       1.331 temperature=  367.81 
[2025-10-01 15:43:09,697][curator.simulate.logger][INFO] - Steps=       724 Epot=    -183.116 Ekin=       1.380 temperature=  381.27 
[2025-10-01 15:43:09,711][curator.simulate.logger][INFO] - Steps=       725 Epot=    -183.118 Ekin=       1.399 temperature=  386.60 
[2025-10-01 15:43:09,729][curator.simulate.logger][INFO] - Steps=       726 Epot=    -183.115 Ekin=       1.379 temperature=  381.14 
[2025-10-01 15:43:09,743][curator.simulate.logger][INFO] - Steps=       727 Epot=    -183.108 Ekin=       1.382 temperature=  381.91 
[2025-10-01 15:43:09,761][curator.simulate.logger][INFO] - Steps=       728 Epot=    -183.097 Ekin=       1.375 temperature=  379.79 
[2025-10-01 15:43:09,779][curator.simulate.logger][INFO] - Steps=       729 Epot=    -183.082 Ekin=       1.347 temperature=  372.06 
[2025-10-01 15:43:09,795][curator.simulate.logger][INFO] - Steps=       730 Epot=    -183.064 Ekin=       1.360 temperature=  375.66 
[2025-10-01 15:43:09,809][curator.simulate.logger][INFO] - Steps=       731 Epot=    -183.043 Ekin=       1.321 temperature=  364.99 
[2025-10-01 15:43:09,827][curator.simulate.logger][INFO] - Steps=       732 Epot=    -183.021 Ekin=       1.282 temperature=  354.33 
[2025-10-01 15:43:09,843][curator.simulate.logger][INFO] - Steps=       733 Epot=    -182.997 Ekin=       1.271 temperature=  351.24 
[2025-10-01 15:43:09,858][curator.simulate.logger][INFO] - Steps=       734 Epot=    -182.970 Ekin=       1.252 temperature=  345.95 
[2025-10-01 15:43:09,876][curator.simulate.logger][INFO] - Steps=       735 Epot=    -182.943 Ekin=       1.251 temperature=  345.76 
[2025-10-01 15:43:09,891][curator.simulate.logger][INFO] - Steps=       736 Epot=    -182.919 Ekin=       1.244 temperature=  343.61 
[2025-10-01 15:43:09,906][curator.simulate.logger][INFO] - Steps=       737 Epot=    -182.896 Ekin=       1.211 temperature=  334.51 
[2025-10-01 15:43:09,924][curator.simulate.logger][INFO] - Steps=       738 Epot=    -182.876 Ekin=       1.199 temperature=  331.18 
[2025-10-01 15:43:09,941][curator.simulate.logger][INFO] - Steps=       739 Epot=    -182.857 Ekin=       1.190 temperature=  328.86 
[2025-10-01 15:43:09,954][curator.simulate.logger][INFO] - Steps=       740 Epot=    -182.841 Ekin=       1.164 temperature=  321.55 
[2025-10-01 15:43:09,971][curator.simulate.logger][INFO] - Steps=       741 Epot=    -182.825 Ekin=       1.147 temperature=  316.83 
[2025-10-01 15:43:09,986][curator.simulate.logger][INFO] - Steps=       742 Epot=    -182.811 Ekin=       1.149 temperature=  317.45 
[2025-10-01 15:43:10,000][curator.simulate.logger][INFO] - Steps=       743 Epot=    -182.800 Ekin=       1.145 temperature=  316.23 
[2025-10-01 15:43:10,018][curator.simulate.logger][INFO] - Steps=       744 Epot=    -182.794 Ekin=       1.130 temperature=  312.13 
[2025-10-01 15:43:10,036][curator.simulate.logger][INFO] - Steps=       745 Epot=    -182.790 Ekin=       1.178 temperature=  325.55 
[2025-10-01 15:43:10,053][curator.simulate.logger][INFO] - Steps=       746 Epot=    -182.788 Ekin=       1.141 temperature=  315.35 
[2025-10-01 15:43:10,073][curator.simulate.logger][INFO] - Steps=       747 Epot=    -182.791 Ekin=       1.158 temperature=  319.92 
[2025-10-01 15:43:10,088][curator.simulate.logger][INFO] - Steps=       748 Epot=    -182.795 Ekin=       1.183 temperature=  326.84 
[2025-10-01 15:43:10,103][curator.simulate.logger][INFO] - Steps=       749 Epot=    -182.800 Ekin=       1.154 temperature=  318.93 
[2025-10-01 15:43:10,119][curator.simulate.logger][INFO] - Steps=       750 Epot=    -182.804 Ekin=       1.173 temperature=  324.04 
[2025-10-01 15:43:10,136][curator.simulate.logger][INFO] - Steps=       751 Epot=    -182.809 Ekin=       1.168 temperature=  322.72 
[2025-10-01 15:43:10,153][curator.simulate.logger][INFO] - Steps=       752 Epot=    -182.815 Ekin=       1.164 temperature=  321.64 
[2025-10-01 15:43:10,168][curator.simulate.logger][INFO] - Steps=       753 Epot=    -182.819 Ekin=       1.192 temperature=  329.43 
[2025-10-01 15:43:10,183][curator.simulate.logger][INFO] - Steps=       754 Epot=    -182.823 Ekin=       1.182 temperature=  326.67 
[2025-10-01 15:43:10,201][curator.simulate.logger][INFO] - Steps=       755 Epot=    -182.826 Ekin=       1.200 temperature=  331.69 
[2025-10-01 15:43:10,217][curator.simulate.logger][INFO] - Steps=       756 Epot=    -182.827 Ekin=       1.247 temperature=  344.52 
[2025-10-01 15:43:10,233][curator.simulate.logger][INFO] - Steps=       757 Epot=    -182.829 Ekin=       1.232 temperature=  340.32 
[2025-10-01 15:43:10,250][curator.simulate.logger][INFO] - Steps=       758 Epot=    -182.832 Ekin=       1.199 temperature=  331.20 
[2025-10-01 15:43:10,266][curator.simulate.logger][INFO] - Steps=       759 Epot=    -182.835 Ekin=       1.188 temperature=  328.22 
[2025-10-01 15:43:10,282][curator.simulate.logger][INFO] - Steps=       760 Epot=    -182.839 Ekin=       1.213 temperature=  335.16 
[2025-10-01 15:43:10,295][curator.simulate.logger][INFO] - Steps=       761 Epot=    -182.844 Ekin=       1.223 temperature=  337.79 
[2025-10-01 15:43:10,310][curator.simulate.logger][INFO] - Steps=       762 Epot=    -182.846 Ekin=       1.217 temperature=  336.32 
[2025-10-01 15:43:10,325][curator.simulate.logger][INFO] - Steps=       763 Epot=    -182.847 Ekin=       1.184 temperature=  327.09 
[2025-10-01 15:43:10,341][curator.simulate.logger][INFO] - Steps=       764 Epot=    -182.846 Ekin=       1.160 temperature=  320.55 
[2025-10-01 15:43:10,353][curator.simulate.logger][INFO] - Steps=       765 Epot=    -182.846 Ekin=       1.183 temperature=  326.94 
[2025-10-01 15:43:10,367][curator.simulate.logger][INFO] - Steps=       766 Epot=    -182.845 Ekin=       1.210 temperature=  334.25 
[2025-10-01 15:43:10,381][curator.simulate.logger][INFO] - Steps=       767 Epot=    -182.842 Ekin=       1.190 temperature=  328.68 
[2025-10-01 15:43:10,397][curator.simulate.logger][INFO] - Steps=       768 Epot=    -182.838 Ekin=       1.187 temperature=  328.00 
[2025-10-01 15:43:10,412][curator.simulate.logger][INFO] - Steps=       769 Epot=    -182.834 Ekin=       1.184 temperature=  327.07 
[2025-10-01 15:43:10,429][curator.simulate.logger][INFO] - Steps=       770 Epot=    -182.827 Ekin=       1.181 temperature=  326.25 
[2025-10-01 15:43:10,443][curator.simulate.logger][INFO] - Steps=       771 Epot=    -182.818 Ekin=       1.169 temperature=  323.01 
[2025-10-01 15:43:10,455][curator.simulate.logger][INFO] - Steps=       772 Epot=    -182.808 Ekin=       1.200 temperature=  331.69 
[2025-10-01 15:43:10,472][curator.simulate.logger][INFO] - Steps=       773 Epot=    -182.798 Ekin=       1.178 temperature=  325.38 
[2025-10-01 15:43:10,488][curator.simulate.logger][INFO] - Steps=       774 Epot=    -182.787 Ekin=       1.176 temperature=  324.90 
[2025-10-01 15:43:10,500][curator.simulate.logger][INFO] - Steps=       775 Epot=    -182.774 Ekin=       1.124 temperature=  310.56 
[2025-10-01 15:43:10,514][curator.simulate.logger][INFO] - Steps=       776 Epot=    -182.761 Ekin=       1.114 temperature=  307.89 
[2025-10-01 15:43:10,529][curator.simulate.logger][INFO] - Steps=       777 Epot=    -182.747 Ekin=       1.103 temperature=  304.69 
[2025-10-01 15:43:10,543][curator.simulate.logger][INFO] - Steps=       778 Epot=    -182.733 Ekin=       1.066 temperature=  294.67 
[2025-10-01 15:43:10,560][curator.simulate.logger][INFO] - Steps=       779 Epot=    -182.719 Ekin=       1.024 temperature=  282.88 
[2025-10-01 15:43:10,575][curator.simulate.logger][INFO] - Steps=       780 Epot=    -182.705 Ekin=       0.990 temperature=  273.63 
[2025-10-01 15:43:10,591][curator.simulate.logger][INFO] - Steps=       781 Epot=    -182.691 Ekin=       0.991 temperature=  273.78 
[2025-10-01 15:43:10,610][curator.simulate.logger][INFO] - Steps=       782 Epot=    -182.677 Ekin=       0.961 temperature=  265.61 
[2025-10-01 15:43:10,624][curator.simulate.logger][INFO] - Steps=       783 Epot=    -182.665 Ekin=       0.936 temperature=  258.58 
[2025-10-01 15:43:10,638][curator.simulate.logger][INFO] - Steps=       784 Epot=    -182.655 Ekin=       0.924 temperature=  255.25 
[2025-10-01 15:43:10,654][curator.simulate.logger][INFO] - Steps=       785 Epot=    -182.648 Ekin=       0.895 temperature=  247.36 
[2025-10-01 15:43:10,667][curator.simulate.logger][INFO] - Steps=       786 Epot=    -182.641 Ekin=       0.874 temperature=  241.41 
[2025-10-01 15:43:10,681][curator.simulate.logger][INFO] - Steps=       787 Epot=    -182.637 Ekin=       0.871 temperature=  240.56 
[2025-10-01 15:43:10,698][curator.simulate.logger][INFO] - Steps=       788 Epot=    -182.635 Ekin=       0.874 temperature=  241.38 
[2025-10-01 15:43:10,710][curator.simulate.logger][INFO] - Steps=       789 Epot=    -182.636 Ekin=       0.864 temperature=  238.79 
[2025-10-01 15:43:10,725][curator.simulate.logger][INFO] - Steps=       790 Epot=    -182.638 Ekin=       0.882 temperature=  243.58 
[2025-10-01 15:43:10,739][curator.simulate.logger][INFO] - Steps=       791 Epot=    -182.640 Ekin=       0.881 temperature=  243.28 
[2025-10-01 15:43:10,755][curator.simulate.logger][INFO] - Steps=       792 Epot=    -182.645 Ekin=       0.921 temperature=  254.43 
[2025-10-01 15:43:10,768][curator.simulate.logger][INFO] - Steps=       793 Epot=    -182.649 Ekin=       0.920 temperature=  254.29 
[2025-10-01 15:43:10,781][curator.simulate.logger][INFO] - Steps=       794 Epot=    -182.654 Ekin=       0.915 temperature=  252.79 
[2025-10-01 15:43:10,799][curator.simulate.logger][INFO] - Steps=       795 Epot=    -182.661 Ekin=       0.912 temperature=  251.88 
[2025-10-01 15:43:10,812][curator.simulate.logger][INFO] - Steps=       796 Epot=    -182.670 Ekin=       0.933 temperature=  257.72 
[2025-10-01 15:43:10,830][curator.simulate.logger][INFO] - Steps=       797 Epot=    -182.680 Ekin=       0.979 temperature=  270.50 
[2025-10-01 15:43:10,844][curator.simulate.logger][INFO] - Steps=       798 Epot=    -182.690 Ekin=       1.010 temperature=  278.97 
[2025-10-01 15:43:10,857][curator.simulate.logger][INFO] - Steps=       799 Epot=    -182.699 Ekin=       1.007 temperature=  278.28 
[2025-10-01 15:43:10,872][curator.simulate.logger][INFO] - Steps=       800 Epot=    -182.708 Ekin=       0.979 temperature=  270.50 
[2025-10-01 15:43:10,888][curator.simulate.logger][INFO] - Steps=       801 Epot=    -182.718 Ekin=       0.956 temperature=  264.15 
[2025-10-01 15:43:10,902][curator.simulate.logger][INFO] - Steps=       802 Epot=    -182.728 Ekin=       0.980 temperature=  270.67 
[2025-10-01 15:43:10,920][curator.simulate.logger][INFO] - Steps=       803 Epot=    -182.737 Ekin=       0.980 temperature=  270.73 
[2025-10-01 15:43:10,935][curator.simulate.logger][INFO] - Steps=       804 Epot=    -182.746 Ekin=       1.004 temperature=  277.39 
[2025-10-01 15:43:10,947][curator.simulate.logger][INFO] - Steps=       805 Epot=    -182.753 Ekin=       0.992 temperature=  273.98 
[2025-10-01 15:43:10,965][curator.simulate.logger][INFO] - Steps=       806 Epot=    -182.760 Ekin=       0.984 temperature=  271.85 
[2025-10-01 15:43:10,979][curator.simulate.logger][INFO] - Steps=       807 Epot=    -182.765 Ekin=       1.004 temperature=  277.32 
[2025-10-01 15:43:10,995][curator.simulate.logger][INFO] - Steps=       808 Epot=    -182.770 Ekin=       1.006 temperature=  278.08 
[2025-10-01 15:43:11,015][curator.simulate.logger][INFO] - Steps=       809 Epot=    -182.776 Ekin=       1.022 temperature=  282.42 
[2025-10-01 15:43:11,030][curator.simulate.logger][INFO] - Steps=       810 Epot=    -182.780 Ekin=       0.984 temperature=  271.84 
[2025-10-01 15:43:11,043][curator.simulate.logger][INFO] - Steps=       811 Epot=    -182.782 Ekin=       1.043 temperature=  288.10 
[2025-10-01 15:43:11,058][curator.simulate.logger][INFO] - Steps=       812 Epot=    -182.784 Ekin=       1.047 temperature=  289.37 
[2025-10-01 15:43:11,073][curator.simulate.logger][INFO] - Steps=       813 Epot=    -182.786 Ekin=       1.017 temperature=  280.87 
[2025-10-01 15:43:11,086][curator.simulate.logger][INFO] - Steps=       814 Epot=    -182.788 Ekin=       0.970 temperature=  268.13 
[2025-10-01 15:43:11,102][curator.simulate.logger][INFO] - Steps=       815 Epot=    -182.789 Ekin=       0.948 temperature=  261.97 
[2025-10-01 15:43:11,116][curator.simulate.logger][INFO] - Steps=       816 Epot=    -182.789 Ekin=       0.924 temperature=  255.40 
[2025-10-01 15:43:11,133][curator.simulate.logger][INFO] - Steps=       817 Epot=    -182.790 Ekin=       0.937 temperature=  258.81 
[2025-10-01 15:43:11,149][curator.simulate.logger][INFO] - Steps=       818 Epot=    -182.792 Ekin=       0.944 temperature=  260.91 
[2025-10-01 15:43:11,165][curator.simulate.logger][INFO] - Steps=       819 Epot=    -182.794 Ekin=       0.945 temperature=  261.07 
[2025-10-01 15:43:11,177][curator.simulate.logger][INFO] - Steps=       820 Epot=    -182.797 Ekin=       0.974 temperature=  269.15 
[2025-10-01 15:43:11,194][curator.simulate.logger][INFO] - Steps=       821 Epot=    -182.803 Ekin=       0.983 temperature=  271.55 
[2025-10-01 15:43:11,206][curator.simulate.logger][INFO] - Steps=       822 Epot=    -182.811 Ekin=       1.007 temperature=  278.33 
[2025-10-01 15:43:11,220][curator.simulate.logger][INFO] - Steps=       823 Epot=    -182.820 Ekin=       0.991 temperature=  273.79 
[2025-10-01 15:43:11,238][curator.simulate.logger][INFO] - Steps=       824 Epot=    -182.830 Ekin=       0.994 temperature=  274.56 
[2025-10-01 15:43:11,252][curator.simulate.logger][INFO] - Steps=       825 Epot=    -182.841 Ekin=       0.991 temperature=  273.71 
[2025-10-01 15:43:11,265][curator.simulate.logger][INFO] - Steps=       826 Epot=    -182.854 Ekin=       0.987 temperature=  272.84 
[2025-10-01 15:43:11,278][curator.simulate.logger][INFO] - Steps=       827 Epot=    -182.869 Ekin=       1.037 temperature=  286.60 
[2025-10-01 15:43:11,291][curator.simulate.logger][INFO] - Steps=       828 Epot=    -182.883 Ekin=       1.092 temperature=  301.84 
[2025-10-01 15:43:11,307][curator.simulate.logger][INFO] - Steps=       829 Epot=    -182.898 Ekin=       1.088 temperature=  300.53 
[2025-10-01 15:43:11,319][curator.simulate.logger][INFO] - Steps=       830 Epot=    -182.914 Ekin=       1.122 temperature=  310.10 
[2025-10-01 15:43:11,334][curator.simulate.logger][INFO] - Steps=       831 Epot=    -182.928 Ekin=       1.096 temperature=  302.94 
[2025-10-01 15:43:11,349][curator.simulate.logger][INFO] - Steps=       832 Epot=    -182.944 Ekin=       1.168 temperature=  322.68 
[2025-10-01 15:43:11,367][curator.simulate.logger][INFO] - Steps=       833 Epot=    -182.961 Ekin=       1.195 temperature=  330.19 
[2025-10-01 15:43:11,382][curator.simulate.logger][INFO] - Steps=       834 Epot=    -182.978 Ekin=       1.179 temperature=  325.67 
[2025-10-01 15:43:11,396][curator.simulate.logger][INFO] - Steps=       835 Epot=    -182.994 Ekin=       1.183 temperature=  326.91 
[2025-10-01 15:43:11,411][curator.simulate.logger][INFO] - Steps=       836 Epot=    -183.010 Ekin=       1.203 temperature=  332.45 
[2025-10-01 15:43:11,427][curator.simulate.logger][INFO] - Steps=       837 Epot=    -183.025 Ekin=       1.207 temperature=  333.37 
[2025-10-01 15:43:11,439][curator.simulate.logger][INFO] - Steps=       838 Epot=    -183.038 Ekin=       1.197 temperature=  330.85 
[2025-10-01 15:43:11,455][curator.simulate.logger][INFO] - Steps=       839 Epot=    -183.051 Ekin=       1.170 temperature=  323.21 
[2025-10-01 15:43:11,471][curator.simulate.logger][INFO] - Steps=       840 Epot=    -183.064 Ekin=       1.159 temperature=  320.20 
[2025-10-01 15:43:11,485][curator.simulate.logger][INFO] - Steps=       841 Epot=    -183.074 Ekin=       1.143 temperature=  315.89 
[2025-10-01 15:43:11,498][curator.simulate.logger][INFO] - Steps=       842 Epot=    -183.085 Ekin=       1.190 temperature=  328.93 
[2025-10-01 15:43:11,515][curator.simulate.logger][INFO] - Steps=       843 Epot=    -183.096 Ekin=       1.215 temperature=  335.70 
[2025-10-01 15:43:11,527][curator.simulate.logger][INFO] - Steps=       844 Epot=    -183.107 Ekin=       1.261 temperature=  348.47 
[2025-10-01 15:43:11,543][curator.simulate.logger][INFO] - Steps=       845 Epot=    -183.117 Ekin=       1.255 temperature=  346.87 
[2025-10-01 15:43:11,556][curator.simulate.logger][INFO] - Steps=       846 Epot=    -183.126 Ekin=       1.273 temperature=  351.65 
[2025-10-01 15:43:11,571][curator.simulate.logger][INFO] - Steps=       847 Epot=    -183.134 Ekin=       1.277 temperature=  352.95 
[2025-10-01 15:43:11,584][curator.simulate.logger][INFO] - Steps=       848 Epot=    -183.141 Ekin=       1.272 temperature=  351.47 
[2025-10-01 15:43:11,600][curator.simulate.logger][INFO] - Steps=       849 Epot=    -183.146 Ekin=       1.319 temperature=  364.55 
[2025-10-01 15:43:11,612][curator.simulate.logger][INFO] - Steps=       850 Epot=    -183.149 Ekin=       1.353 temperature=  373.92 
[2025-10-01 15:43:11,626][curator.simulate.logger][INFO] - Steps=       851 Epot=    -183.151 Ekin=       1.367 temperature=  377.73 
[2025-10-01 15:43:11,639][curator.simulate.logger][INFO] - Steps=       852 Epot=    -183.150 Ekin=       1.363 temperature=  376.47 
[2025-10-01 15:43:11,655][curator.simulate.logger][INFO] - Steps=       853 Epot=    -183.148 Ekin=       1.334 temperature=  368.54 
[2025-10-01 15:43:11,673][curator.simulate.logger][INFO] - Steps=       854 Epot=    -183.144 Ekin=       1.314 temperature=  363.11 
[2025-10-01 15:43:11,685][curator.simulate.logger][INFO] - Steps=       855 Epot=    -183.139 Ekin=       1.243 temperature=  343.57 
[2025-10-01 15:43:11,701][curator.simulate.logger][INFO] - Steps=       856 Epot=    -183.133 Ekin=       1.243 temperature=  343.43 
[2025-10-01 15:43:11,713][curator.simulate.logger][INFO] - Steps=       857 Epot=    -183.126 Ekin=       1.226 temperature=  338.80 
[2025-10-01 15:43:11,729][curator.simulate.logger][INFO] - Steps=       858 Epot=    -183.118 Ekin=       1.269 temperature=  350.70 
[2025-10-01 15:43:11,743][curator.simulate.logger][INFO] - Steps=       859 Epot=    -183.110 Ekin=       1.256 temperature=  346.94 
[2025-10-01 15:43:11,757][curator.simulate.logger][INFO] - Steps=       860 Epot=    -183.103 Ekin=       1.270 temperature=  350.80 
[2025-10-01 15:43:11,772][curator.simulate.logger][INFO] - Steps=       861 Epot=    -183.095 Ekin=       1.205 temperature=  332.90 
[2025-10-01 15:43:11,784][curator.simulate.logger][INFO] - Steps=       862 Epot=    -183.086 Ekin=       1.210 temperature=  334.35 
[2025-10-01 15:43:11,797][curator.simulate.logger][INFO] - Steps=       863 Epot=    -183.076 Ekin=       1.203 temperature=  332.44 
[2025-10-01 15:43:11,814][curator.simulate.logger][INFO] - Steps=       864 Epot=    -183.065 Ekin=       1.213 temperature=  335.06 
[2025-10-01 15:43:11,827][curator.simulate.logger][INFO] - Steps=       865 Epot=    -183.054 Ekin=       1.209 temperature=  334.18 
[2025-10-01 15:43:11,840][curator.simulate.logger][INFO] - Steps=       866 Epot=    -183.042 Ekin=       1.234 temperature=  341.07 
[2025-10-01 15:43:11,853][curator.simulate.logger][INFO] - Steps=       867 Epot=    -183.027 Ekin=       1.210 temperature=  334.25 
[2025-10-01 15:43:11,871][curator.simulate.logger][INFO] - Steps=       868 Epot=    -183.012 Ekin=       1.213 temperature=  335.17 
[2025-10-01 15:43:11,883][curator.simulate.logger][INFO] - Steps=       869 Epot=    -182.996 Ekin=       1.176 temperature=  324.97 
[2025-10-01 15:43:11,900][curator.simulate.logger][INFO] - Steps=       870 Epot=    -182.980 Ekin=       1.157 temperature=  319.61 
[2025-10-01 15:43:11,915][curator.simulate.logger][INFO] - Steps=       871 Epot=    -182.965 Ekin=       1.129 temperature=  311.89 
[2025-10-01 15:43:11,928][curator.simulate.logger][INFO] - Steps=       872 Epot=    -182.953 Ekin=       1.153 temperature=  318.70 
[2025-10-01 15:43:11,942][curator.simulate.logger][INFO] - Steps=       873 Epot=    -182.943 Ekin=       1.157 temperature=  319.63 
[2025-10-01 15:43:11,959][curator.simulate.logger][INFO] - Steps=       874 Epot=    -182.935 Ekin=       1.149 temperature=  317.40 
[2025-10-01 15:43:11,973][curator.simulate.logger][INFO] - Steps=       875 Epot=    -182.929 Ekin=       1.145 temperature=  316.29 
[2025-10-01 15:43:11,988][curator.simulate.logger][INFO] - Steps=       876 Epot=    -182.925 Ekin=       1.116 temperature=  308.28 
[2025-10-01 15:43:12,002][curator.simulate.logger][INFO] - Steps=       877 Epot=    -182.922 Ekin=       1.097 temperature=  303.02 
[2025-10-01 15:43:12,017][curator.simulate.logger][INFO] - Steps=       878 Epot=    -182.922 Ekin=       1.080 temperature=  298.45 
[2025-10-01 15:43:12,031][curator.simulate.logger][INFO] - Steps=       879 Epot=    -182.924 Ekin=       1.094 temperature=  302.19 
[2025-10-01 15:43:12,048][curator.simulate.logger][INFO] - Steps=       880 Epot=    -182.928 Ekin=       1.071 temperature=  296.00 
[2025-10-01 15:43:12,064][curator.simulate.logger][INFO] - Steps=       881 Epot=    -182.932 Ekin=       1.029 temperature=  284.19 
[2025-10-01 15:43:12,077][curator.simulate.logger][INFO] - Steps=       882 Epot=    -182.938 Ekin=       1.019 temperature=  281.57 
[2025-10-01 15:43:12,090][curator.simulate.logger][INFO] - Steps=       883 Epot=    -182.946 Ekin=       1.026 temperature=  283.50 
[2025-10-01 15:43:12,104][curator.simulate.logger][INFO] - Steps=       884 Epot=    -182.955 Ekin=       1.079 temperature=  298.09 
[2025-10-01 15:43:12,121][curator.simulate.logger][INFO] - Steps=       885 Epot=    -182.965 Ekin=       1.088 temperature=  300.55 
[2025-10-01 15:43:12,133][curator.simulate.logger][INFO] - Steps=       886 Epot=    -182.976 Ekin=       1.106 temperature=  305.60 
[2025-10-01 15:43:12,150][curator.simulate.logger][INFO] - Steps=       887 Epot=    -182.985 Ekin=       1.120 temperature=  309.45 
[2025-10-01 15:43:12,169][curator.simulate.logger][INFO] - Steps=       888 Epot=    -182.993 Ekin=       1.092 temperature=  301.77 
[2025-10-01 15:43:12,183][curator.simulate.logger][INFO] - Steps=       889 Epot=    -182.999 Ekin=       1.118 temperature=  308.97 
[2025-10-01 15:43:12,201][curator.simulate.logger][INFO] - Steps=       890 Epot=    -183.002 Ekin=       1.119 temperature=  309.27 
[2025-10-01 15:43:12,214][curator.simulate.logger][INFO] - Steps=       891 Epot=    -183.002 Ekin=       1.058 temperature=  292.19 
[2025-10-01 15:43:12,232][curator.simulate.logger][INFO] - Steps=       892 Epot=    -183.001 Ekin=       1.034 temperature=  285.58 
[2025-10-01 15:43:12,246][curator.simulate.logger][INFO] - Steps=       893 Epot=    -182.998 Ekin=       1.027 temperature=  283.73 
[2025-10-01 15:43:12,261][curator.simulate.logger][INFO] - Steps=       894 Epot=    -182.996 Ekin=       1.039 temperature=  287.20 
[2025-10-01 15:43:12,275][curator.simulate.logger][INFO] - Steps=       895 Epot=    -182.993 Ekin=       1.023 temperature=  282.56 
[2025-10-01 15:43:12,289][curator.simulate.logger][INFO] - Steps=       896 Epot=    -182.989 Ekin=       1.019 temperature=  281.59 
[2025-10-01 15:43:12,306][curator.simulate.logger][INFO] - Steps=       897 Epot=    -182.987 Ekin=       1.001 temperature=  276.44 
[2025-10-01 15:43:12,322][curator.simulate.logger][INFO] - Steps=       898 Epot=    -182.985 Ekin=       0.961 temperature=  265.43 
[2025-10-01 15:43:12,336][curator.simulate.logger][INFO] - Steps=       899 Epot=    -182.984 Ekin=       0.952 temperature=  263.10 
[2025-10-01 15:43:12,350][curator.simulate.logger][INFO] - Steps=       900 Epot=    -182.984 Ekin=       0.937 temperature=  258.95 
[2025-10-01 15:43:12,367][curator.simulate.logger][INFO] - Steps=       901 Epot=    -182.985 Ekin=       0.925 temperature=  255.66 
[2025-10-01 15:43:12,383][curator.simulate.logger][INFO] - Steps=       902 Epot=    -182.988 Ekin=       0.933 temperature=  257.89 
[2025-10-01 15:43:12,398][curator.simulate.logger][INFO] - Steps=       903 Epot=    -182.993 Ekin=       0.927 temperature=  256.20 
[2025-10-01 15:43:12,416][curator.simulate.logger][INFO] - Steps=       904 Epot=    -182.998 Ekin=       0.894 temperature=  247.06 
[2025-10-01 15:43:12,432][curator.simulate.logger][INFO] - Steps=       905 Epot=    -183.003 Ekin=       0.868 temperature=  239.86 
[2025-10-01 15:43:12,451][curator.simulate.logger][INFO] - Steps=       906 Epot=    -183.010 Ekin=       0.846 temperature=  233.77 
[2025-10-01 15:43:12,466][curator.simulate.logger][INFO] - Steps=       907 Epot=    -183.019 Ekin=       0.832 temperature=  229.99 
[2025-10-01 15:43:12,484][curator.simulate.logger][INFO] - Steps=       908 Epot=    -183.028 Ekin=       0.877 temperature=  242.39 
[2025-10-01 15:43:12,499][curator.simulate.logger][INFO] - Steps=       909 Epot=    -183.038 Ekin=       0.881 temperature=  243.46 
[2025-10-01 15:43:12,513][curator.simulate.logger][INFO] - Steps=       910 Epot=    -183.047 Ekin=       0.897 temperature=  247.78 
[2025-10-01 15:43:12,531][curator.simulate.logger][INFO] - Steps=       911 Epot=    -183.056 Ekin=       0.887 temperature=  244.95 
[2025-10-01 15:43:12,548][curator.simulate.logger][INFO] - Steps=       912 Epot=    -183.065 Ekin=       0.909 temperature=  251.02 
[2025-10-01 15:43:12,562][curator.simulate.logger][INFO] - Steps=       913 Epot=    -183.075 Ekin=       0.897 temperature=  247.85 
[2025-10-01 15:43:12,576][curator.simulate.logger][INFO] - Steps=       914 Epot=    -183.087 Ekin=       0.886 temperature=  244.67 
[2025-10-01 15:43:12,595][curator.simulate.logger][INFO] - Steps=       915 Epot=    -183.100 Ekin=       0.907 temperature=  250.55 
[2025-10-01 15:43:12,610][curator.simulate.logger][INFO] - Steps=       916 Epot=    -183.114 Ekin=       0.921 temperature=  254.38 
[2025-10-01 15:43:12,625][curator.simulate.logger][INFO] - Steps=       917 Epot=    -183.130 Ekin=       0.924 temperature=  255.22 
[2025-10-01 15:43:12,640][curator.simulate.logger][INFO] - Steps=       918 Epot=    -183.145 Ekin=       0.921 temperature=  254.60 
[2025-10-01 15:43:12,656][curator.simulate.logger][INFO] - Steps=       919 Epot=    -183.159 Ekin=       0.900 temperature=  248.57 
[2025-10-01 15:43:12,672][curator.simulate.logger][INFO] - Steps=       920 Epot=    -183.173 Ekin=       0.931 temperature=  257.14 
[2025-10-01 15:43:12,686][curator.simulate.logger][INFO] - Steps=       921 Epot=    -183.188 Ekin=       0.970 temperature=  268.04 
[2025-10-01 15:43:12,701][curator.simulate.logger][INFO] - Steps=       922 Epot=    -183.200 Ekin=       0.989 temperature=  273.24 
[2025-10-01 15:43:12,717][curator.simulate.logger][INFO] - Steps=       923 Epot=    -183.212 Ekin=       1.015 temperature=  280.37 
[2025-10-01 15:43:12,733][curator.simulate.logger][INFO] - Steps=       924 Epot=    -183.224 Ekin=       1.003 temperature=  277.25 
[2025-10-01 15:43:12,752][curator.simulate.logger][INFO] - Steps=       925 Epot=    -183.234 Ekin=       1.016 temperature=  280.60 
[2025-10-01 15:43:12,767][curator.simulate.logger][INFO] - Steps=       926 Epot=    -183.244 Ekin=       1.023 temperature=  282.57 
[2025-10-01 15:43:12,784][curator.simulate.logger][INFO] - Steps=       927 Epot=    -183.254 Ekin=       1.022 temperature=  282.50 
[2025-10-01 15:43:12,799][curator.simulate.logger][INFO] - Steps=       928 Epot=    -183.263 Ekin=       1.026 temperature=  283.35 
[2025-10-01 15:43:12,816][curator.simulate.logger][INFO] - Steps=       929 Epot=    -183.270 Ekin=       1.011 temperature=  279.45 
[2025-10-01 15:43:12,832][curator.simulate.logger][INFO] - Steps=       930 Epot=    -183.277 Ekin=       1.066 temperature=  294.66 
[2025-10-01 15:43:12,847][curator.simulate.logger][INFO] - Steps=       931 Epot=    -183.282 Ekin=       1.090 temperature=  301.25 
[2025-10-01 15:43:12,866][curator.simulate.logger][INFO] - Steps=       932 Epot=    -183.286 Ekin=       1.107 temperature=  305.75 
[2025-10-01 15:43:12,878][curator.simulate.logger][INFO] - Steps=       933 Epot=    -183.289 Ekin=       1.119 temperature=  309.14 
[2025-10-01 15:43:12,892][curator.simulate.logger][INFO] - Steps=       934 Epot=    -183.290 Ekin=       1.132 temperature=  312.84 
[2025-10-01 15:43:12,908][curator.simulate.logger][INFO] - Steps=       935 Epot=    -183.290 Ekin=       1.153 temperature=  318.66 
[2025-10-01 15:43:12,920][curator.simulate.logger][INFO] - Steps=       936 Epot=    -183.286 Ekin=       1.131 temperature=  312.37 
[2025-10-01 15:43:12,935][curator.simulate.logger][INFO] - Steps=       937 Epot=    -183.282 Ekin=       1.112 temperature=  307.26 
[2025-10-01 15:43:12,947][curator.simulate.logger][INFO] - Steps=       938 Epot=    -183.276 Ekin=       1.129 temperature=  311.87 
[2025-10-01 15:43:12,966][curator.simulate.logger][INFO] - Steps=       939 Epot=    -183.267 Ekin=       1.121 temperature=  309.73 
[2025-10-01 15:43:12,982][curator.simulate.logger][INFO] - Steps=       940 Epot=    -183.258 Ekin=       1.118 temperature=  308.88 
[2025-10-01 15:43:12,995][curator.simulate.logger][INFO] - Steps=       941 Epot=    -183.248 Ekin=       1.083 temperature=  299.24 
[2025-10-01 15:43:13,010][curator.simulate.logger][INFO] - Steps=       942 Epot=    -183.239 Ekin=       1.086 temperature=  300.11 
[2025-10-01 15:43:13,025][curator.simulate.logger][INFO] - Steps=       943 Epot=    -183.229 Ekin=       1.092 temperature=  301.66 
[2025-10-01 15:43:13,038][curator.simulate.logger][INFO] - Steps=       944 Epot=    -183.221 Ekin=       1.115 temperature=  308.17 
[2025-10-01 15:43:13,054][curator.simulate.logger][INFO] - Steps=       945 Epot=    -183.214 Ekin=       1.118 temperature=  308.77 
[2025-10-01 15:43:13,071][curator.simulate.logger][INFO] - Steps=       946 Epot=    -183.207 Ekin=       1.123 temperature=  310.34 
[2025-10-01 15:43:13,084][curator.simulate.logger][INFO] - Steps=       947 Epot=    -183.201 Ekin=       1.072 temperature=  296.27 
[2025-10-01 15:43:13,101][curator.simulate.logger][INFO] - Steps=       948 Epot=    -183.197 Ekin=       1.047 temperature=  289.31 
[2025-10-01 15:43:13,117][curator.simulate.logger][INFO] - Steps=       949 Epot=    -183.195 Ekin=       1.052 temperature=  290.73 
[2025-10-01 15:43:13,130][curator.simulate.logger][INFO] - Steps=       950 Epot=    -183.194 Ekin=       1.057 temperature=  291.93 
[2025-10-01 15:43:13,143][curator.simulate.logger][INFO] - Steps=       951 Epot=    -183.194 Ekin=       1.060 temperature=  292.79 
[2025-10-01 15:43:13,156][curator.simulate.logger][INFO] - Steps=       952 Epot=    -183.194 Ekin=       1.053 temperature=  290.92 
[2025-10-01 15:43:13,172][curator.simulate.logger][INFO] - Steps=       953 Epot=    -183.195 Ekin=       1.034 temperature=  285.82 
[2025-10-01 15:43:13,189][curator.simulate.logger][INFO] - Steps=       954 Epot=    -183.196 Ekin=       1.033 temperature=  285.47 
[2025-10-01 15:43:13,203][curator.simulate.logger][INFO] - Steps=       955 Epot=    -183.198 Ekin=       1.002 temperature=  276.84 
[2025-10-01 15:43:13,217][curator.simulate.logger][INFO] - Steps=       956 Epot=    -183.200 Ekin=       0.991 temperature=  273.89 
[2025-10-01 15:43:13,232][curator.simulate.logger][INFO] - Steps=       957 Epot=    -183.201 Ekin=       0.959 temperature=  264.85 
[2025-10-01 15:43:13,248][curator.simulate.logger][INFO] - Steps=       958 Epot=    -183.200 Ekin=       0.961 temperature=  265.53 
[2025-10-01 15:43:13,266][curator.simulate.logger][INFO] - Steps=       959 Epot=    -183.200 Ekin=       1.001 temperature=  276.57 
[2025-10-01 15:43:13,278][curator.simulate.logger][INFO] - Steps=       960 Epot=    -183.199 Ekin=       1.005 temperature=  277.79 
[2025-10-01 15:43:13,296][curator.simulate.logger][INFO] - Steps=       961 Epot=    -183.195 Ekin=       1.029 temperature=  284.26 
[2025-10-01 15:43:13,309][curator.simulate.logger][INFO] - Steps=       962 Epot=    -183.191 Ekin=       1.026 temperature=  283.39 
[2025-10-01 15:43:13,322][curator.simulate.logger][INFO] - Steps=       963 Epot=    -183.186 Ekin=       1.020 temperature=  281.76 
[2025-10-01 15:43:13,338][curator.simulate.logger][INFO] - Steps=       964 Epot=    -183.180 Ekin=       0.993 temperature=  274.49 
[2025-10-01 15:43:13,353][curator.simulate.logger][INFO] - Steps=       965 Epot=    -183.172 Ekin=       0.966 temperature=  266.89 
[2025-10-01 15:43:13,370][curator.simulate.logger][INFO] - Steps=       966 Epot=    -183.161 Ekin=       0.983 temperature=  271.59 
[2025-10-01 15:43:13,383][curator.simulate.logger][INFO] - Steps=       967 Epot=    -183.148 Ekin=       0.992 temperature=  274.22 
[2025-10-01 15:43:13,400][curator.simulate.logger][INFO] - Steps=       968 Epot=    -183.135 Ekin=       0.988 temperature=  272.96 
[2025-10-01 15:43:13,412][curator.simulate.logger][INFO] - Steps=       969 Epot=    -183.120 Ekin=       0.958 temperature=  264.63 
[2025-10-01 15:43:13,428][curator.simulate.logger][INFO] - Steps=       970 Epot=    -183.106 Ekin=       0.945 temperature=  261.10 
[2025-10-01 15:43:13,443][curator.simulate.logger][INFO] - Steps=       971 Epot=    -183.091 Ekin=       0.919 temperature=  253.98 
[2025-10-01 15:43:13,458][curator.simulate.logger][INFO] - Steps=       972 Epot=    -183.075 Ekin=       0.908 temperature=  250.83 
[2025-10-01 15:43:13,471][curator.simulate.logger][INFO] - Steps=       973 Epot=    -183.057 Ekin=       0.898 temperature=  248.13 
[2025-10-01 15:43:13,485][curator.simulate.logger][INFO] - Steps=       974 Epot=    -183.038 Ekin=       0.913 temperature=  252.39 
[2025-10-01 15:43:13,498][curator.simulate.logger][INFO] - Steps=       975 Epot=    -183.018 Ekin=       0.878 temperature=  242.51 
[2025-10-01 15:43:13,514][curator.simulate.logger][INFO] - Steps=       976 Epot=    -182.998 Ekin=       0.866 temperature=  239.35 
[2025-10-01 15:43:13,526][curator.simulate.logger][INFO] - Steps=       977 Epot=    -182.978 Ekin=       0.874 temperature=  241.36 
[2025-10-01 15:43:13,541][curator.simulate.logger][INFO] - Steps=       978 Epot=    -182.957 Ekin=       0.866 temperature=  239.40 
[2025-10-01 15:43:13,554][curator.simulate.logger][INFO] - Steps=       979 Epot=    -182.936 Ekin=       0.854 temperature=  235.82 
[2025-10-01 15:43:13,571][curator.simulate.logger][INFO] - Steps=       980 Epot=    -182.917 Ekin=       0.834 temperature=  230.36 
[2025-10-01 15:43:13,584][curator.simulate.logger][INFO] - Steps=       981 Epot=    -182.901 Ekin=       0.807 temperature=  223.03 
[2025-10-01 15:43:13,598][curator.simulate.logger][INFO] - Steps=       982 Epot=    -182.888 Ekin=       0.794 temperature=  219.37 
[2025-10-01 15:43:13,613][curator.simulate.logger][INFO] - Steps=       983 Epot=    -182.878 Ekin=       0.775 temperature=  214.08 
[2025-10-01 15:43:13,631][curator.simulate.logger][INFO] - Steps=       984 Epot=    -182.872 Ekin=       0.745 temperature=  205.88 
[2025-10-01 15:43:13,646][curator.simulate.logger][INFO] - Steps=       985 Epot=    -182.870 Ekin=       0.726 temperature=  200.49 
[2025-10-01 15:43:13,660][curator.simulate.logger][INFO] - Steps=       986 Epot=    -182.871 Ekin=       0.737 temperature=  203.56 
[2025-10-01 15:43:13,675][curator.simulate.logger][INFO] - Steps=       987 Epot=    -182.876 Ekin=       0.748 temperature=  206.77 
[2025-10-01 15:43:13,689][curator.simulate.logger][INFO] - Steps=       988 Epot=    -182.884 Ekin=       0.754 temperature=  208.33 
[2025-10-01 15:43:13,702][curator.simulate.logger][INFO] - Steps=       989 Epot=    -182.896 Ekin=       0.732 temperature=  202.32 
[2025-10-01 15:43:13,715][curator.simulate.logger][INFO] - Steps=       990 Epot=    -182.910 Ekin=       0.731 temperature=  201.87 
[2025-10-01 15:43:13,729][curator.simulate.logger][INFO] - Steps=       991 Epot=    -182.924 Ekin=       0.774 temperature=  213.81 
[2025-10-01 15:43:13,744][curator.simulate.logger][INFO] - Steps=       992 Epot=    -182.940 Ekin=       0.819 temperature=  226.28 
[2025-10-01 15:43:13,760][curator.simulate.logger][INFO] - Steps=       993 Epot=    -182.958 Ekin=       0.846 temperature=  233.64 
[2025-10-01 15:43:13,773][curator.simulate.logger][INFO] - Steps=       994 Epot=    -182.975 Ekin=       0.865 temperature=  238.99 
[2025-10-01 15:43:13,788][curator.simulate.logger][INFO] - Steps=       995 Epot=    -182.993 Ekin=       0.888 temperature=  245.24 
[2025-10-01 15:43:13,806][curator.simulate.logger][INFO] - Steps=       996 Epot=    -183.009 Ekin=       0.895 temperature=  247.18 
[2025-10-01 15:43:13,823][curator.simulate.logger][INFO] - Steps=       997 Epot=    -183.025 Ekin=       0.925 temperature=  255.57 
[2025-10-01 15:43:13,839][curator.simulate.logger][INFO] - Steps=       998 Epot=    -183.040 Ekin=       0.917 temperature=  253.45 
[2025-10-01 15:43:13,854][curator.simulate.logger][INFO] - Steps=       999 Epot=    -183.054 Ekin=       0.917 temperature=  253.37 
[2025-10-01 15:43:13,867][curator.simulate.logger][INFO] - Steps=      1000 Epot=    -183.065 Ekin=       0.909 temperature=  251.04 
[2025-10-01 15:43:13,880][curator.simulate.logger][INFO] - Steps=      1001 Epot=    -183.075 Ekin=       0.885 temperature=  244.55 
