[2025-10-01 15:18:26,931][curator][DEBUG] - Running on host: XSH-20240927AHO
[2025-10-01 15:18:26,931][curator][DEBUG] - Seed with <3407>
[2025-10-01 15:18:26,932][curator][DEBUG] - Instantiating datamodule <curator.data.AtomsDataModule> from dataset ../LiFePO4.traj
[2025-10-01 15:18:26,933][curator.data.datamodule][INFO] - AtomsDataModule(datapath=../LiFePO4.traj
Dataset size=2257, training dataset size=2031, validation dataset size=225, test dataset size=0.
scale=None, shift=None, atomwise_normalization=True, scale_forces=True
)
[2025-10-01 15:18:26,943][curator][DEBUG] - Instantiating task <curator.model.LitNNP>
[2025-10-01 15:18:26,949][curator.model.base][DEBUG] - Energy loss weight: 1 Forces loss weight: 100
[2025-10-01 15:18:26,949][curator][DEBUG] - Instantiating model <class 'curator.model.base.NeuralNetworkPotential'> with GNN representation <class 'curator.model.painn.PainnModel'>
[2025-10-01 15:18:26,949][curator][DEBUG] - Instantiating trainer <pytorch_lightning.Trainer>
[2025-10-01 15:18:27,064][curator.data.datamodule][DEBUG] - Using reference energies for elements: None.
[2025-10-01 15:18:27,906][curator.data.datamodule][DEBUG] - Forces will be scaled by forces_rms: 1.231.
[2025-10-01 15:18:27,906][curator.data.datamodule][DEBUG] - Atomwise model outputs will be normalized.
[2025-10-01 15:18:27,906][curator.data.datamodule][DEBUG] - Model output properties will be scaled by 1.231, shifted by -6.520.
[2025-10-01 15:18:27,906][curator.data.datamodule][DEBUG] - Using reference energies for elements: None.
[2025-10-01 15:18:27,906][curator.model.base][INFO] - NeuralNetworkPotential(
  (representation): PainnModel(
    (atom_embedding): Embedding(119, 128)
    (message_layers): ModuleList(
      (0-2): 3 x PainnMessage(
        (cutoff_fn): CosineCutoff()
        (radial_basis): SineBasis()
        (scalar_message_mlp): Sequential(
          (0): Linear(in_features=128, out_features=128, bias=True)
          (1): SiLU()
          (2): Linear(in_features=128, out_features=384, bias=True)
        )
        (filter_layer): Linear(in_features=20, out_features=384, bias=True)
      )
    )
    (update_layers): ModuleList(
      (0-2): 3 x PainnUpdate(
        (update_U): Linear(in_features=128, out_features=128, bias=True)
        (update_V): Linear(in_features=128, out_features=128, bias=True)
        (update_mlp): Sequential(
          (0): Linear(in_features=256, out_features=128, bias=True)
          (1): SiLU()
          (2): Linear(in_features=128, out_features=384, bias=True)
        )
      )
    )
    (readout_mlp): Sequential(
      (0): Linear(in_features=128, out_features=128, bias=True)
      (1): SiLU()
      (2): Linear(in_features=128, out_features=1, bias=True)
    )
  )
  (input_modules): ModuleList(
    (0): PairwiseDistance(compute_neighbor_list=True, compute_distance_from_R=False, compute_forces=True)
  )
  (output_modules): CallbackModuleList(
    (0): AtomwiseReduce()
    (1): GradientOutput(grad_on_edge_diff=True, grad_on_positions=False, model_outputs=['forces'])
    (2): GlobalRescaleShift(scale_by=tensor([1.2307]), shift_by=tensor([-6.5200]), shift_by_E0=False, atomic_energies={}, scale_keys=['energy', 'forces'], shift_keys=['energy'], atomwise_normalization=True)
  )
)
[2025-10-01 15:18:27,910][curator.model.base][DEBUG] - Model parameters: 600,577
[2025-10-01 15:18:28,080][curator.model.base][INFO] - 

[2025-10-01 15:18:28,081][curator.model.base][DEBUG] - Validating
[2025-10-01 15:18:28,691][curator.model.base][INFO] - # epoch      batch      total_loss     energy_loss     forces_loss      energy_mae     energy_rmse      forces_mae     forces_rmse
[2025-10-01 15:18:28,692][curator.model.base][INFO] -       0          0             135            7.93             127            3.28            3.47           0.877            1.39
[2025-10-01 15:18:29,391][curator.model.base][INFO] -       0         10            95.6            12.2            83.3            4.26            4.31           0.697            1.12
[2025-10-01 15:18:29,763][curator.model.base][INFO] -       0         20             145            8.23             137            3.31            3.53           0.897            1.44
[2025-10-01 15:18:30,034][curator.model.base][INFO] - 

[2025-10-01 15:18:30,034][curator.model.base][DEBUG] - Epoch summary:
[2025-10-01 15:18:30,034][curator.model.base][INFO] - Validation  # epoch      total_loss     energy_loss     forces_loss      energy_mae     energy_rmse      forces_mae     forces_rmse
[2025-10-01 15:18:30,034][curator.model.base][INFO] -                   0             118              10             110            3.75            3.88           0.784            1.27
[2025-10-01 15:18:30,037][curator.model.base][INFO] - 

[2025-10-01 15:18:30,037][curator.model.base][DEBUG] - Start training model
[2025-10-01 15:18:30,037][curator.model.base][INFO] - LightningAdamW (
Parameter Group 0
    amsgrad: False
    betas: [0.9, 0.999]
    capturable: False
    differentiable: False
    eps: 1e-08
    foreach: None
    fused: None
    lr: 0.0005
    maximize: False
    weight_decay: 0.01
)
[2025-10-01 15:18:30,038][curator.model.base][INFO] - 

[2025-10-01 15:18:30,038][curator.model.base][DEBUG] - Training
[2025-10-01 15:18:30,038][curator.model.base][INFO] - # epoch      batch      total_loss     energy_loss     forces_loss      energy_mae     energy_rmse      forces_mae     forces_rmse
[2025-10-01 15:18:30,123][curator.model.base][INFO] -       0          0             119             9.1             110            3.59            3.71           0.828            1.29
[2025-10-01 15:18:31,171][curator.model.base][INFO] -       0         10            23.5            1.97            21.6             1.7            1.73           0.418           0.571
[2025-10-01 15:18:31,997][curator.model.base][INFO] -       0         20              16           0.105            15.9           0.362           0.399           0.362           0.491
[2025-10-01 15:18:32,797][curator.model.base][INFO] -       0         30             8.1           0.166            7.93           0.452           0.501           0.249           0.347
[2025-10-01 15:18:33,612][curator.model.base][INFO] -       0         40             6.3           0.391            5.91           0.756           0.769           0.224           0.299
[2025-10-01 15:18:34,428][curator.model.base][INFO] -       0         50            7.86          0.0278            7.84           0.168           0.205            0.24           0.344
[2025-10-01 15:18:35,238][curator.model.base][INFO] -       0         60            6.76          0.0737            6.69           0.211           0.334           0.226           0.318
[2025-10-01 15:18:36,081][curator.model.base][INFO] -       0         70            5.57            2.02            3.55            1.75            1.75           0.168           0.232
[2025-10-01 15:18:36,901][curator.model.base][INFO] -       0         80            4.93            1.32            3.62            1.41            1.41           0.176           0.234
[2025-10-01 15:18:37,718][curator.model.base][INFO] -       0         90            3.12           0.389            2.73           0.762           0.768           0.154           0.203
[2025-10-01 15:18:38,527][curator.model.base][INFO] -       0        100            2.35           0.102            2.24           0.377           0.393           0.134           0.184
[2025-10-01 15:18:39,335][curator.model.base][INFO] -       0        110            2.04           0.301            1.74           0.673           0.676           0.117           0.162
[2025-10-01 15:18:40,170][curator.model.base][INFO] -       0        120            2.98          0.0145            2.96           0.122           0.148           0.155           0.212
[2025-10-01 15:18:40,679][curator.model.base][INFO] - 

[2025-10-01 15:18:40,679][curator.model.base][DEBUG] - Validating
[2025-10-01 15:18:40,679][curator.model.base][INFO] - # epoch      batch      total_loss     energy_loss     forces_loss      energy_mae     energy_rmse      forces_mae     forces_rmse
[2025-10-01 15:18:40,718][curator.model.base][INFO] -       0          0            2.48         0.00818            2.47          0.0754           0.111           0.132           0.194
[2025-10-01 15:18:41,138][curator.model.base][INFO] -       0         10            1.11         0.00172            1.11          0.0413          0.0511          0.0973           0.129
[2025-10-01 15:18:41,547][curator.model.base][INFO] -       0         20             1.8         0.00589            1.79          0.0661          0.0944           0.121           0.165
[2025-10-01 15:18:41,852][curator.model.base][INFO] - 

[2025-10-01 15:18:41,852][curator.model.base][DEBUG] - Epoch summary:
[2025-10-01 15:18:41,852][curator.model.base][INFO] - Validation  # epoch      total_loss     energy_loss     forces_loss      energy_mae     energy_rmse      forces_mae     forces_rmse
[2025-10-01 15:18:41,852][curator.model.base][INFO] -                   0            1.67         0.00604            1.68          0.0645          0.0865           0.113           0.158
[2025-10-01 15:18:41,858][curator.model.base][INFO] - Train       # epoch      total_loss     energy_loss     forces_loss      energy_mae     energy_rmse      forces_mae     forces_rmse
[2025-10-01 15:18:41,858][curator.model.base][INFO] -                   0            11.1           0.943            10.2           0.829           0.861           0.239           0.341
[2025-10-01 15:18:41,903][curator.model.base][INFO] - 

[2025-10-01 15:18:41,903][curator.model.base][DEBUG] - Training
[2025-10-01 15:18:41,903][curator.model.base][INFO] - # epoch      batch      total_loss     energy_loss     forces_loss      energy_mae     energy_rmse      forces_mae     forces_rmse
[2025-10-01 15:18:41,969][curator.model.base][INFO] -       1          0            1.77         0.00973            1.77           0.107           0.121           0.121           0.164
[2025-10-01 15:18:42,796][curator.model.base][INFO] -       1         10            1.54          0.0384             1.5           0.235           0.241           0.106           0.151
[2025-10-01 15:18:43,615][curator.model.base][INFO] -       1         20            1.79           0.229            1.56           0.577           0.589           0.108           0.154
[2025-10-01 15:18:44,418][curator.model.base][INFO] -       1         30            1.23           0.154            1.07           0.478           0.483          0.0951           0.128
[2025-10-01 15:18:45,235][curator.model.base][INFO] -       1         40            1.17            0.21           0.961           0.562           0.564          0.0902           0.121
[2025-10-01 15:18:46,058][curator.model.base][INFO] -       1         50            1.61           0.429            1.18           0.805           0.806          0.0995           0.134
[2025-10-01 15:18:46,868][curator.model.base][INFO] -       1         60            1.34           0.478           0.859            0.85           0.851          0.0855           0.114
[2025-10-01 15:18:47,681][curator.model.base][INFO] -       1         70            1.46           0.176            1.28           0.515           0.517          0.0976           0.139
[2025-10-01 15:18:48,488][curator.model.base][INFO] -       1         80             0.8          0.0906            0.71           0.368            0.37          0.0774           0.104
[2025-10-01 15:18:49,313][curator.model.base][INFO] -       1         90            1.01            0.14           0.869            0.46           0.461          0.0827           0.115
[2025-10-01 15:18:50,121][curator.model.base][INFO] -       1        100            1.01           0.266           0.746           0.633           0.634          0.0795           0.106
[2025-10-01 15:18:50,933][curator.model.base][INFO] -       1        110           0.776           0.125           0.651           0.434           0.435          0.0758          0.0993
[2025-10-01 15:18:51,750][curator.model.base][INFO] -       1        120           0.975          0.0895           0.886           0.361           0.368          0.0843           0.116
[2025-10-01 15:18:52,253][curator.model.base][INFO] - 

[2025-10-01 15:18:52,253][curator.model.base][DEBUG] - Validating
[2025-10-01 15:18:52,253][curator.model.base][INFO] - # epoch      batch      total_loss     energy_loss     forces_loss      energy_mae     energy_rmse      forces_mae     forces_rmse
[2025-10-01 15:18:52,295][curator.model.base][INFO] -       1          0               1         0.00164               1          0.0432          0.0498          0.0896           0.123
[2025-10-01 15:18:52,710][curator.model.base][INFO] -       1         10           0.483          0.0014           0.482          0.0373           0.046          0.0638          0.0854
[2025-10-01 15:18:51,658][curator.model.base][INFO] -       1         20           0.762         0.00179            0.76           0.046           0.052          0.0788           0.107
[2025-10-01 15:18:51,967][curator.model.base][INFO] - 

[2025-10-01 15:18:51,967][curator.model.base][DEBUG] - Epoch summary:
[2025-10-01 15:18:51,967][curator.model.base][INFO] - Validation  # epoch      total_loss     energy_loss     forces_loss      energy_mae     energy_rmse      forces_mae     forces_rmse
[2025-10-01 15:18:51,967][curator.model.base][INFO] -                   1           0.677         0.00202           0.681           0.047          0.0544           0.074             0.1
[2025-10-01 15:18:51,973][curator.model.base][INFO] - Train       # epoch      total_loss     energy_loss     forces_loss      energy_mae     energy_rmse      forces_mae     forces_rmse
[2025-10-01 15:18:51,973][curator.model.base][INFO] -                   1            1.34           0.247            1.09           0.574           0.578          0.0923           0.127
[2025-10-01 15:18:52,014][curator.model.base][INFO] - 

[2025-10-01 15:18:52,014][curator.model.base][DEBUG] - Training
[2025-10-01 15:18:52,014][curator.model.base][INFO] - # epoch      batch      total_loss     energy_loss     forces_loss      energy_mae     energy_rmse      forces_mae     forces_rmse
[2025-10-01 15:18:52,087][curator.model.base][INFO] -       2          0            1.18           0.126            1.05           0.433           0.438           0.092           0.126
[2025-10-01 15:18:52,891][curator.model.base][INFO] -       2         10            1.31           0.382           0.925           0.757           0.761          0.0898           0.118
[2025-10-01 15:18:53,732][curator.model.base][INFO] -       2         20           0.976           0.367           0.609           0.744           0.745          0.0718          0.0961
[2025-10-01 15:18:54,549][curator.model.base][INFO] -       2         30           0.812           0.314           0.499           0.689           0.689          0.0649          0.0869
[2025-10-01 15:18:55,373][curator.model.base][INFO] -       2         40            1.28           0.387           0.891           0.765           0.765          0.0866           0.116
[2025-10-01 15:18:56,189][curator.model.base][INFO] -       2         50            1.02           0.181           0.842           0.521           0.524          0.0859           0.113
[2025-10-01 15:18:56,995][curator.model.base][INFO] -       2         60           0.793            0.21           0.583           0.562           0.564          0.0688           0.094
[2025-10-01 15:18:57,827][curator.model.base][INFO] -       2         70           0.754           0.222           0.532           0.578           0.579          0.0683          0.0898
[2025-10-01 15:18:58,640][curator.model.base][INFO] -       2         80           0.531           0.131             0.4           0.444           0.445          0.0605          0.0779
[2025-10-01 15:18:59,452][curator.model.base][INFO] -       2         90           0.707           0.186           0.521           0.529           0.531           0.066          0.0889
[2025-10-01 15:19:00,260][curator.model.base][INFO] -       2        100           0.646           0.223           0.423           0.581           0.582          0.0608            0.08
[2025-10-01 15:19:01,068][curator.model.base][INFO] -       2        110           0.613           0.181           0.431           0.523           0.524            0.06          0.0808
[2025-10-01 15:19:01,867][curator.model.base][INFO] -       2        120           0.428           0.105           0.323           0.397           0.399          0.0531          0.0699
[2025-10-01 15:19:02,366][curator.model.base][INFO] - 

[2025-10-01 15:19:02,366][curator.model.base][DEBUG] - Validating
[2025-10-01 15:19:02,366][curator.model.base][INFO] - # epoch      batch      total_loss     energy_loss     forces_loss      energy_mae     energy_rmse      forces_mae     forces_rmse
[2025-10-01 15:19:02,412][curator.model.base][INFO] -       2          0            0.53         0.00252           0.527          0.0531          0.0618           0.068          0.0894
[2025-10-01 15:19:02,841][curator.model.base][INFO] -       2         10           0.295         0.00149           0.293          0.0436          0.0476          0.0495          0.0666
[2025-10-01 15:19:03,246][curator.model.base][INFO] -       2         20           0.475         0.00196           0.473          0.0463          0.0545          0.0624          0.0847
[2025-10-01 15:19:03,566][curator.model.base][INFO] - 

[2025-10-01 15:19:03,566][curator.model.base][DEBUG] - Epoch summary:
[2025-10-01 15:19:03,566][curator.model.base][INFO] - Validation  # epoch      total_loss     energy_loss     forces_loss      energy_mae     energy_rmse      forces_mae     forces_rmse
[2025-10-01 15:19:03,566][curator.model.base][INFO] -                   2           0.403         0.00216           0.404          0.0481          0.0556          0.0578          0.0773
[2025-10-01 15:19:03,571][curator.model.base][INFO] - Train       # epoch      total_loss     energy_loss     forces_loss      energy_mae     energy_rmse      forces_mae     forces_rmse
[2025-10-01 15:19:03,571][curator.model.base][INFO] -                   2           0.783           0.188           0.595           0.516           0.518            0.07          0.0937
[2025-10-01 15:19:03,607][curator.model.base][INFO] - 

[2025-10-01 15:19:03,607][curator.model.base][DEBUG] - Training
[2025-10-01 15:19:03,607][curator.model.base][INFO] - # epoch      batch      total_loss     energy_loss     forces_loss      energy_mae     energy_rmse      forces_mae     forces_rmse
[2025-10-01 15:19:03,671][curator.model.base][INFO] -       3          0           0.536           0.184           0.352           0.527           0.528          0.0549           0.073
[2025-10-01 15:19:04,503][curator.model.base][INFO] -       3         10           0.577          0.0877            0.49           0.363           0.364          0.0634          0.0861
[2025-10-01 15:19:05,327][curator.model.base][INFO] -       3         20            0.67           0.196           0.474           0.542           0.545          0.0642          0.0847
[2025-10-01 15:19:06,129][curator.model.base][INFO] -       3         30           0.698           0.196           0.502           0.543           0.545          0.0669          0.0872
[2025-10-01 15:19:06,931][curator.model.base][INFO] -       3         40           0.509          0.0805           0.429           0.348           0.349          0.0604          0.0806
[2025-10-01 15:19:07,744][curator.model.base][INFO] -       3         50           0.583          0.0494           0.534           0.271           0.274          0.0685          0.0899
[2025-10-01 15:19:08,558][curator.model.base][INFO] -       3         60           0.841         0.00916           0.832           0.111           0.118          0.0835           0.112
[2025-10-01 15:19:09,362][curator.model.base][INFO] -       3         70           0.293          0.0162           0.277           0.155           0.157          0.0501          0.0647
[2025-10-01 15:19:10,175][curator.model.base][INFO] -       3         80            0.85           0.264           0.586           0.631           0.632          0.0683          0.0942
[2025-10-01 15:19:10,987][curator.model.base][INFO] -       3         90           0.603          0.0473           0.555           0.259           0.268          0.0636          0.0917
[2025-10-01 15:19:11,792][curator.model.base][INFO] -       3        100           0.511           0.123           0.388            0.43           0.431          0.0569          0.0767
[2025-10-01 15:19:12,613][curator.model.base][INFO] -       3        110           0.513          0.0932            0.42           0.375           0.376          0.0583          0.0797
[2025-10-01 15:19:13,442][curator.model.base][INFO] -       3        120           0.471          0.0931           0.377           0.374           0.376          0.0575          0.0756
[2025-10-01 15:19:13,942][curator.model.base][INFO] - 

[2025-10-01 15:19:13,942][curator.model.base][DEBUG] - Validating
[2025-10-01 15:19:13,942][curator.model.base][INFO] - # epoch      batch      total_loss     energy_loss     forces_loss      energy_mae     energy_rmse      forces_mae     forces_rmse
[2025-10-01 15:19:13,980][curator.model.base][INFO] -       3          0           0.347        0.000633           0.346          0.0255           0.031          0.0559          0.0724
[2025-10-01 15:19:14,383][curator.model.base][INFO] -       3         10           0.211        0.000164           0.211          0.0148          0.0158          0.0428          0.0565
[2025-10-01 15:19:14,793][curator.model.base][INFO] -       3         20            0.35        0.000322            0.35          0.0171          0.0221          0.0539          0.0728
[2025-10-01 15:19:15,113][curator.model.base][INFO] - 

[2025-10-01 15:19:15,113][curator.model.base][DEBUG] - Epoch summary:
[2025-10-01 15:19:15,113][curator.model.base][INFO] - Validation  # epoch      total_loss     energy_loss     forces_loss      energy_mae     energy_rmse      forces_mae     forces_rmse
[2025-10-01 15:19:15,113][curator.model.base][INFO] -                   3            0.28        0.000465           0.282          0.0198          0.0253          0.0487          0.0647
[2025-10-01 15:19:15,120][curator.model.base][INFO] - Train       # epoch      total_loss     energy_loss     forces_loss      energy_mae     energy_rmse      forces_mae     forces_rmse
[2025-10-01 15:19:15,120][curator.model.base][INFO] -                   3           0.564           0.125           0.439           0.412           0.413          0.0605          0.0808
[2025-10-01 15:19:15,161][curator.model.base][INFO] - 

[2025-10-01 15:19:15,161][curator.model.base][DEBUG] - Training
[2025-10-01 15:19:15,161][curator.model.base][INFO] - # epoch      batch      total_loss     energy_loss     forces_loss      energy_mae     energy_rmse      forces_mae     forces_rmse
[2025-10-01 15:19:15,228][curator.model.base][INFO] -       4          0           0.462          0.0989           0.363           0.386           0.387           0.055          0.0742
[2025-10-01 15:19:16,035][curator.model.base][INFO] -       4         10           0.439           0.124           0.314           0.432           0.434          0.0513           0.069
[2025-10-01 15:19:16,840][curator.model.base][INFO] -       4         20           0.454           0.145           0.309           0.467           0.468          0.0508          0.0684
[2025-10-01 15:19:17,646][curator.model.base][INFO] -       4         30           0.925           0.492           0.433           0.863           0.863          0.0604           0.081
[2025-10-01 15:19:18,452][curator.model.base][INFO] -       4         40           0.764         0.00423           0.759          0.0594            0.08          0.0809           0.107
[2025-10-01 15:19:19,276][curator.model.base][INFO] -       4         50           0.693          0.0605           0.633           0.299           0.303           0.071          0.0979
[2025-10-01 15:19:20,095][curator.model.base][INFO] -       4         60           0.434           0.109           0.326           0.404           0.405          0.0521          0.0702
[2025-10-01 15:19:20,899][curator.model.base][INFO] -       4         70           0.411            0.11           0.301           0.407           0.409          0.0506          0.0675
[2025-10-01 15:19:21,711][curator.model.base][INFO] -       4         80           0.293          0.0663           0.226           0.316           0.317          0.0449          0.0585
[2025-10-01 15:19:22,514][curator.model.base][INFO] -       4         90           0.381           0.135           0.247           0.451           0.451          0.0454          0.0611
[2025-10-01 15:19:23,338][curator.model.base][INFO] -       4        100           0.292          0.0838           0.208           0.355           0.356          0.0432          0.0562
[2025-10-01 15:19:22,682][curator.model.base][INFO] -       4        110           0.689           0.153           0.536           0.479           0.481          0.0684          0.0901
[2025-10-01 15:19:23,492][curator.model.base][INFO] -       4        120           0.604        0.000618           0.604          0.0258          0.0306          0.0714          0.0956
[2025-10-01 15:19:23,993][curator.model.base][INFO] - 

[2025-10-01 15:19:23,993][curator.model.base][DEBUG] - Validating
[2025-10-01 15:19:23,993][curator.model.base][INFO] - # epoch      batch      total_loss     energy_loss     forces_loss      energy_mae     energy_rmse      forces_mae     forces_rmse
[2025-10-01 15:19:24,034][curator.model.base][INFO] -       4          0           0.259        0.000572           0.258          0.0263          0.0294           0.048          0.0625
[2025-10-01 15:19:24,446][curator.model.base][INFO] -       4         10           0.163        0.000204           0.163          0.0128          0.0176          0.0383          0.0497
[2025-10-01 15:19:24,871][curator.model.base][INFO] -       4         20           0.279         0.00034           0.279          0.0195          0.0227          0.0484           0.065
[2025-10-01 15:19:25,186][curator.model.base][INFO] - 

[2025-10-01 15:19:25,186][curator.model.base][DEBUG] - Epoch summary:
[2025-10-01 15:19:25,186][curator.model.base][INFO] - Validation  # epoch      total_loss     energy_loss     forces_loss      energy_mae     energy_rmse      forces_mae     forces_rmse
[2025-10-01 15:19:25,187][curator.model.base][INFO] -                   4            0.22        0.000392           0.221          0.0186          0.0232          0.0433          0.0573
[2025-10-01 15:19:25,192][curator.model.base][INFO] - Train       # epoch      total_loss     energy_loss     forces_loss      energy_mae     energy_rmse      forces_mae     forces_rmse
[2025-10-01 15:19:25,192][curator.model.base][INFO] -                   4            0.53           0.113           0.417           0.363           0.365          0.0581          0.0774
[2025-10-01 15:19:25,227][curator.model.base][INFO] - 

[2025-10-01 15:19:25,227][curator.model.base][DEBUG] - Training
[2025-10-01 15:19:25,227][curator.model.base][INFO] - # epoch      batch      total_loss     energy_loss     forces_loss      energy_mae     energy_rmse      forces_mae     forces_rmse
[2025-10-01 15:19:25,286][curator.model.base][INFO] -       5          0           0.274         0.00909           0.265           0.115           0.117          0.0486          0.0633
[2025-10-01 15:19:26,089][curator.model.base][INFO] -       5         10           0.446         0.00233           0.444          0.0461          0.0594          0.0638           0.082
[2025-10-01 15:19:26,903][curator.model.base][INFO] -       5         20           0.523          0.0307           0.492           0.213           0.216          0.0626          0.0863
[2025-10-01 15:19:27,714][curator.model.base][INFO] -       5         30            0.97          0.0499            0.92            0.27           0.275          0.0896           0.118
[2025-10-01 15:19:28,517][curator.model.base][INFO] -       5         40            1.29          0.0576            1.23           0.284           0.295           0.103           0.137
[2025-10-01 15:19:29,330][curator.model.base][INFO] -       5         50           0.954          0.0699           0.885           0.321           0.325          0.0861           0.116
[2025-10-01 15:19:30,144][curator.model.base][INFO] -       5         60            0.81          0.0564           0.754           0.287           0.292          0.0782           0.107
[2025-10-01 15:19:30,951][curator.model.base][INFO] -       5         70           0.518          0.0221           0.496           0.179           0.183          0.0656          0.0867
[2025-10-01 15:19:31,809][curator.model.base][INFO] -       5         80           0.514         0.00165           0.512          0.0441          0.0499           0.061          0.0881
[2025-10-01 15:19:32,641][curator.model.base][INFO] -       5         90           0.718         0.00355           0.714          0.0624          0.0733          0.0777           0.104
[2025-10-01 15:19:33,454][curator.model.base][INFO] -       5        100           0.324         0.00139           0.323          0.0394          0.0459           0.053          0.0699
[2025-10-01 15:19:34,255][curator.model.base][INFO] -       5        110           0.375          0.0126           0.362           0.135           0.138          0.0544          0.0741
[2025-10-01 15:19:35,058][curator.model.base][INFO] -       5        120           0.433          0.0913           0.342           0.371           0.372          0.0543           0.072
[2025-10-01 15:19:35,559][curator.model.base][INFO] - 

[2025-10-01 15:19:35,560][curator.model.base][DEBUG] - Validating
[2025-10-01 15:19:35,560][curator.model.base][INFO] - # epoch      batch      total_loss     energy_loss     forces_loss      energy_mae     energy_rmse      forces_mae     forces_rmse
[2025-10-01 15:19:35,600][curator.model.base][INFO] -       5          0            0.22        0.000793           0.219          0.0267          0.0346           0.044          0.0576
[2025-10-01 15:19:36,010][curator.model.base][INFO] -       5         10           0.141        0.000119           0.141          0.0114          0.0134          0.0357          0.0462
[2025-10-01 15:19:36,425][curator.model.base][INFO] -       5         20           0.241        0.000271           0.241          0.0159          0.0203           0.045          0.0604
[2025-10-01 15:19:36,731][curator.model.base][INFO] - 

[2025-10-01 15:19:36,731][curator.model.base][DEBUG] - Epoch summary:
[2025-10-01 15:19:36,731][curator.model.base][INFO] - Validation  # epoch      total_loss     energy_loss     forces_loss      energy_mae     energy_rmse      forces_mae     forces_rmse
[2025-10-01 15:19:36,731][curator.model.base][INFO] -                   5           0.189        0.000303            0.19          0.0159          0.0203          0.0402          0.0532
[2025-10-01 15:19:36,737][curator.model.base][INFO] - Train       # epoch      total_loss     energy_loss     forces_loss      energy_mae     energy_rmse      forces_mae     forces_rmse
[2025-10-01 15:19:36,737][curator.model.base][INFO] -                   5           0.539          0.0315           0.507           0.171           0.176          0.0643          0.0862
[2025-10-01 15:19:36,775][curator.model.base][INFO] - 

[2025-10-01 15:19:36,775][curator.model.base][DEBUG] - Training
[2025-10-01 15:19:36,775][curator.model.base][INFO] - # epoch      batch      total_loss     energy_loss     forces_loss      energy_mae     energy_rmse      forces_mae     forces_rmse
[2025-10-01 15:19:36,838][curator.model.base][INFO] -       6          0           0.297          0.0305           0.266           0.214           0.215          0.0485          0.0635
[2025-10-01 15:19:37,652][curator.model.base][INFO] -       6         10           0.303          0.0007           0.302           0.028          0.0326          0.0503          0.0676
[2025-10-01 15:19:38,452][curator.model.base][INFO] -       6         20           0.316          0.0195           0.296           0.168           0.172          0.0501           0.067
[2025-10-01 15:19:39,266][curator.model.base][INFO] -       6         30           0.233         0.00258           0.231           0.058          0.0625          0.0446          0.0591
[2025-10-01 15:19:40,085][curator.model.base][INFO] -       6         40           0.298          0.0263           0.272           0.197           0.199          0.0494          0.0641
[2025-10-01 15:19:40,887][curator.model.base][INFO] -       6         50           0.323          0.0539           0.269           0.285           0.286          0.0486          0.0638
[2025-10-01 15:19:41,700][curator.model.base][INFO] -       6         60           0.271          0.0879           0.184           0.364           0.365          0.0404          0.0527
[2025-10-01 15:19:42,541][curator.model.base][INFO] -       6         70           0.282          0.0717            0.21           0.329            0.33          0.0427          0.0564
[2025-10-01 15:19:43,344][curator.model.base][INFO] -       6         80           0.233          0.0957           0.137            0.38           0.381          0.0349          0.0456
[2025-10-01 15:19:44,148][curator.model.base][INFO] -       6         90           0.284           0.088           0.196           0.365           0.365          0.0404          0.0545
[2025-10-01 15:19:44,965][curator.model.base][INFO] -       6        100           0.218          0.0793           0.139           0.346           0.346          0.0355          0.0459
[2025-10-01 15:19:45,770][curator.model.base][INFO] -       6        110           0.237          0.0687           0.168           0.322           0.322          0.0382          0.0505
[2025-10-01 15:19:46,591][curator.model.base][INFO] -       6        120           0.244          0.0903           0.153           0.369            0.37          0.0367          0.0482
[2025-10-01 15:19:47,092][curator.model.base][INFO] - 

[2025-10-01 15:19:47,092][curator.model.base][DEBUG] - Validating
[2025-10-01 15:19:47,092][curator.model.base][INFO] - # epoch      batch      total_loss     energy_loss     forces_loss      energy_mae     energy_rmse      forces_mae     forces_rmse
[2025-10-01 15:19:47,135][curator.model.base][INFO] -       6          0           0.177        0.000817           0.176          0.0262          0.0352          0.0392          0.0516
[2025-10-01 15:19:47,557][curator.model.base][INFO] -       6         10           0.117        9.39e-05           0.117          0.0104          0.0119          0.0326          0.0421
[2025-10-01 15:19:47,972][curator.model.base][INFO] -       6         20           0.196         0.00019           0.196          0.0133           0.017          0.0404          0.0544
[2025-10-01 15:19:48,277][curator.model.base][INFO] - 

[2025-10-01 15:19:48,277][curator.model.base][DEBUG] - Epoch summary:
[2025-10-01 15:19:48,277][curator.model.base][INFO] - Validation  # epoch      total_loss     energy_loss     forces_loss      energy_mae     energy_rmse      forces_mae     forces_rmse
[2025-10-01 15:19:48,277][curator.model.base][INFO] -                   6           0.154         0.00026           0.155           0.015          0.0188          0.0364           0.048
[2025-10-01 15:19:48,282][curator.model.base][INFO] - Train       # epoch      total_loss     energy_loss     forces_loss      energy_mae     energy_rmse      forces_mae     forces_rmse
[2025-10-01 15:19:48,282][curator.model.base][INFO] -                   6           0.292          0.0542           0.238           0.253           0.256          0.0446          0.0589
[2025-10-01 15:19:48,321][curator.model.base][INFO] - 

[2025-10-01 15:19:48,321][curator.model.base][DEBUG] - Training
[2025-10-01 15:19:48,321][curator.model.base][INFO] - # epoch      batch      total_loss     energy_loss     forces_loss      energy_mae     energy_rmse      forces_mae     forces_rmse
[2025-10-01 15:19:48,384][curator.model.base][INFO] -       7          0           0.223          0.0622           0.161           0.306           0.307          0.0367          0.0494
[2025-10-01 15:19:49,183][curator.model.base][INFO] -       7         10           0.236          0.0685           0.168           0.321           0.322          0.0385          0.0504
[2025-10-01 15:19:49,991][curator.model.base][INFO] -       7         20           0.178           0.023           0.155           0.185           0.187          0.0356          0.0484
[2025-10-01 15:19:50,797][curator.model.base][INFO] -       7         30           0.365          0.0523           0.312           0.277           0.281          0.0504          0.0688
[2025-10-01 15:19:51,608][curator.model.base][INFO] -       7         40           0.262           0.105           0.157           0.398           0.399          0.0377          0.0488
[2025-10-01 15:19:52,412][curator.model.base][INFO] -       7         50           0.218          0.0627           0.156           0.308           0.308           0.037          0.0486
[2025-10-01 15:19:53,233][curator.model.base][INFO] -       7         60           0.329           0.115           0.215           0.416           0.417          0.0444           0.057
[2025-10-01 15:19:54,037][curator.model.base][INFO] -       7         70           0.288          0.0524           0.235            0.28           0.282          0.0446          0.0597
[2025-10-01 15:19:53,374][curator.model.base][INFO] -       7         80            0.26         0.00872           0.252           0.111           0.115          0.0451          0.0617
[2025-10-01 15:19:54,180][curator.model.base][INFO] -       7         90           0.346            0.05           0.296           0.271           0.275            0.05          0.0669
[2025-10-01 15:19:55,005][curator.model.base][INFO] -       7        100           0.291        0.000563            0.29          0.0233          0.0292          0.0496          0.0663
[2025-10-01 15:19:55,816][curator.model.base][INFO] -       7        110           0.289         0.00115           0.288          0.0365          0.0417          0.0499          0.0661
[2025-10-01 15:19:56,620][curator.model.base][INFO] -       7        120           0.275          0.0313           0.243           0.217           0.218          0.0463          0.0607
[2025-10-01 15:19:57,134][curator.model.base][INFO] - 

[2025-10-01 15:19:57,134][curator.model.base][DEBUG] - Validating
[2025-10-01 15:19:57,134][curator.model.base][INFO] - # epoch      batch      total_loss     energy_loss     forces_loss      energy_mae     energy_rmse      forces_mae     forces_rmse
[2025-10-01 15:19:57,172][curator.model.base][INFO] -       7          0           0.149        0.000836           0.148           0.025          0.0356          0.0362          0.0474
[2025-10-01 15:19:57,578][curator.model.base][INFO] -       7         10          0.0974        9.69e-05          0.0973          0.0108          0.0121          0.0298          0.0384
[2025-10-01 15:19:57,967][curator.model.base][INFO] -       7         20           0.168        0.000141           0.168         0.00955          0.0146          0.0375          0.0505
[2025-10-01 15:19:58,267][curator.model.base][INFO] - 

[2025-10-01 15:19:58,267][curator.model.base][DEBUG] - Epoch summary:
[2025-10-01 15:19:58,268][curator.model.base][INFO] - Validation  # epoch      total_loss     energy_loss     forces_loss      energy_mae     energy_rmse      forces_mae     forces_rmse
[2025-10-01 15:19:58,268][curator.model.base][INFO] -                   7           0.131        0.000259           0.132           0.015          0.0188          0.0338          0.0444
[2025-10-01 15:19:58,273][curator.model.base][INFO] - Train       # epoch      total_loss     energy_loss     forces_loss      energy_mae     energy_rmse      forces_mae     forces_rmse
[2025-10-01 15:19:58,273][curator.model.base][INFO] -                   7           0.264           0.036           0.228           0.203           0.206          0.0434          0.0581
[2025-10-01 15:19:58,309][curator.model.base][INFO] - 

[2025-10-01 15:19:58,309][curator.model.base][DEBUG] - Training
[2025-10-01 15:19:58,309][curator.model.base][INFO] - # epoch      batch      total_loss     energy_loss     forces_loss      energy_mae     energy_rmse      forces_mae     forces_rmse
[2025-10-01 15:19:58,373][curator.model.base][INFO] -       8          0           0.255        0.000938           0.254          0.0312          0.0377          0.0467          0.0621
[2025-10-01 15:19:59,196][curator.model.base][INFO] -       8         10           0.307        0.000611           0.307          0.0264          0.0304          0.0499          0.0681
[2025-10-01 15:20:00,012][curator.model.base][INFO] -       8         20           0.207        0.000689           0.206          0.0221          0.0323           0.042          0.0558
[2025-10-01 15:20:00,816][curator.model.base][INFO] -       8         30           0.309          0.0101           0.299           0.122           0.124          0.0516          0.0673
[2025-10-01 15:20:01,632][curator.model.base][INFO] -       8         40           0.294         0.00729           0.287           0.099           0.105          0.0499          0.0659
[2025-10-01 15:20:02,455][curator.model.base][INFO] -       8         50            0.31          0.0932           0.217           0.375           0.376          0.0435          0.0573
[2025-10-01 15:20:03,278][curator.model.base][INFO] -       8         60           0.232          0.0634           0.169           0.309            0.31          0.0392          0.0505
[2025-10-01 15:20:04,077][curator.model.base][INFO] -       8         70           0.241          0.0885           0.153           0.366           0.366          0.0356          0.0481
[2025-10-01 15:20:04,910][curator.model.base][INFO] -       8         80           0.213           0.091           0.122           0.371           0.371          0.0332           0.043
[2025-10-01 15:20:05,721][curator.model.base][INFO] -       8         90           0.232          0.0542           0.178           0.285           0.287          0.0385          0.0519
[2025-10-01 15:20:06,527][curator.model.base][INFO] -       8        100           0.191          0.0478           0.143           0.269           0.269          0.0353          0.0465
[2025-10-01 15:20:07,358][curator.model.base][INFO] -       8        110           0.245           0.125            0.12           0.435           0.436          0.0321          0.0426
[2025-10-01 15:20:08,180][curator.model.base][INFO] -       8        120           0.169          0.0556           0.113            0.29            0.29          0.0308          0.0414
[2025-10-01 15:20:08,709][curator.model.base][INFO] - 

[2025-10-01 15:20:08,709][curator.model.base][DEBUG] - Validating
[2025-10-01 15:20:08,709][curator.model.base][INFO] - # epoch      batch      total_loss     energy_loss     forces_loss      energy_mae     energy_rmse      forces_mae     forces_rmse
[2025-10-01 15:20:08,751][curator.model.base][INFO] -       8          0            0.13         0.00115           0.129          0.0307          0.0417          0.0338          0.0441
[2025-10-01 15:20:09,149][curator.model.base][INFO] -       8         10          0.0862        0.000225           0.086          0.0162          0.0185          0.0279          0.0361
[2025-10-01 15:20:09,571][curator.model.base][INFO] -       8         20           0.148         0.00016           0.148          0.0107          0.0156          0.0356          0.0474
[2025-10-01 15:20:09,882][curator.model.base][INFO] - 

[2025-10-01 15:20:09,883][curator.model.base][DEBUG] - Epoch summary:
[2025-10-01 15:20:09,883][curator.model.base][INFO] - Validation  # epoch      total_loss     energy_loss     forces_loss      energy_mae     energy_rmse      forces_mae     forces_rmse
[2025-10-01 15:20:09,883][curator.model.base][INFO] -                   8           0.115        0.000394           0.116          0.0201          0.0237          0.0317          0.0416
[2025-10-01 15:20:09,888][curator.model.base][INFO] - Train       # epoch      total_loss     energy_loss     forces_loss      energy_mae     energy_rmse      forces_mae     forces_rmse
[2025-10-01 15:20:09,888][curator.model.base][INFO] -                   8           0.223          0.0469           0.177           0.232           0.234          0.0386          0.0511
[2025-10-01 15:20:09,926][curator.model.base][INFO] - 

[2025-10-01 15:20:09,926][curator.model.base][DEBUG] - Training
[2025-10-01 15:20:09,926][curator.model.base][INFO] - # epoch      batch      total_loss     energy_loss     forces_loss      energy_mae     energy_rmse      forces_mae     forces_rmse
[2025-10-01 15:20:09,992][curator.model.base][INFO] -       9          0           0.168          0.0468           0.121           0.265           0.266          0.0331          0.0428
[2025-10-01 15:20:10,805][curator.model.base][INFO] -       9         10            0.16          0.0423           0.118           0.253           0.253          0.0325          0.0422
[2025-10-01 15:20:11,625][curator.model.base][INFO] -       9         20           0.194          0.0601           0.134           0.301           0.302          0.0345           0.045
[2025-10-01 15:20:12,442][curator.model.base][INFO] -       9         30           0.196          0.0737           0.123           0.334           0.334          0.0328          0.0431
[2025-10-01 15:20:13,250][curator.model.base][INFO] -       9         40           0.144           0.054            0.09           0.286           0.286          0.0283          0.0369
[2025-10-01 15:20:14,079][curator.model.base][INFO] -       9         50           0.167          0.0635           0.103            0.31            0.31          0.0302          0.0395
[2025-10-01 15:20:14,885][curator.model.base][INFO] -       9         60           0.191          0.0529           0.138           0.283           0.283          0.0345          0.0457
[2025-10-01 15:20:15,699][curator.model.base][INFO] -       9         70            0.19           0.109           0.081           0.405           0.406          0.0269           0.035
[2025-10-01 15:20:16,508][curator.model.base][INFO] -       9         80           0.261           0.146           0.115           0.469           0.469          0.0322          0.0418
[2025-10-01 15:20:17,322][curator.model.base][INFO] -       9         90           0.247         0.00384           0.243          0.0689          0.0762          0.0442          0.0607
[2025-10-01 15:20:18,133][curator.model.base][INFO] -       9        100           0.327         0.00112           0.326          0.0316          0.0412          0.0522          0.0702
[2025-10-01 15:20:18,936][curator.model.base][INFO] -       9        110           0.268         0.00288           0.265          0.0592          0.0661          0.0487          0.0633
[2025-10-01 15:20:19,747][curator.model.base][INFO] -       9        120           0.311         0.00704           0.304          0.0975           0.103          0.0527          0.0679
[2025-10-01 15:20:20,259][curator.model.base][INFO] - 

[2025-10-01 15:20:20,259][curator.model.base][DEBUG] - Validating
[2025-10-01 15:20:20,259][curator.model.base][INFO] - # epoch      batch      total_loss     energy_loss     forces_loss      energy_mae     energy_rmse      forces_mae     forces_rmse
[2025-10-01 15:20:20,299][curator.model.base][INFO] -       9          0           0.117        0.000852           0.116           0.025          0.0359           0.032           0.042
[2025-10-01 15:20:20,701][curator.model.base][INFO] -       9         10          0.0776        0.000119          0.0774          0.0117          0.0134          0.0263          0.0342
[2025-10-01 15:20:21,111][curator.model.base][INFO] -       9         20           0.133        6.86e-05           0.133         0.00674          0.0102          0.0338          0.0449
[2025-10-01 15:20:21,418][curator.model.base][INFO] - 

[2025-10-01 15:20:21,418][curator.model.base][DEBUG] - Epoch summary:
[2025-10-01 15:20:21,418][curator.model.base][INFO] - Validation  # epoch      total_loss     energy_loss     forces_loss      energy_mae     energy_rmse      forces_mae     forces_rmse
[2025-10-01 15:20:21,418][curator.model.base][INFO] -                   9           0.103        0.000249           0.104          0.0151          0.0186            0.03          0.0393
[2025-10-01 15:20:21,424][curator.model.base][INFO] - Train       # epoch      total_loss     energy_loss     forces_loss      energy_mae     energy_rmse      forces_mae     forces_rmse
[2025-10-01 15:20:21,424][curator.model.base][INFO] -                   9           0.196          0.0414           0.155           0.222           0.224           0.036          0.0475
[2025-10-01 15:20:21,459][curator.model.base][INFO] - 

[2025-10-01 15:20:21,459][curator.model.base][DEBUG] - Training
[2025-10-01 15:20:21,460][curator.model.base][INFO] - # epoch      batch      total_loss     energy_loss     forces_loss      energy_mae     energy_rmse      forces_mae     forces_rmse
[2025-10-01 15:20:21,544][curator.model.base][INFO] -      10          0           0.211         0.00165           0.209          0.0412            0.05          0.0426          0.0563
[2025-10-01 15:20:22,359][curator.model.base][INFO] -      10         10           0.199         0.00112           0.198          0.0369          0.0411          0.0427          0.0548
[2025-10-01 15:20:23,153][curator.model.base][INFO] -      10         20           0.181         0.00826           0.173            0.11           0.112          0.0389          0.0512
[2025-10-01 15:20:23,965][curator.model.base][INFO] -      10         30           0.214          0.0987           0.115           0.386           0.387          0.0318          0.0417
[2025-10-01 15:20:24,766][curator.model.base][INFO] -      10         40           0.155          0.0253            0.13           0.195           0.196          0.0348          0.0444
[2025-10-01 15:20:25,578][curator.model.base][INFO] -      10         50           0.189          0.0382           0.151            0.24            0.24          0.0362          0.0478
[2025-10-01 15:20:24,879][curator.model.base][INFO] -      10         60            0.23          0.0271           0.203           0.201           0.202          0.0429          0.0555
[2025-10-01 15:20:25,687][curator.model.base][INFO] -      10         70           0.123         0.00897           0.114           0.116           0.117           0.032          0.0416
[2025-10-01 15:20:26,505][curator.model.base][INFO] -      10         80           0.189          0.0548           0.135           0.286           0.288          0.0347          0.0451
[2025-10-01 15:20:27,320][curator.model.base][INFO] -      10         90           0.178          0.0524           0.125           0.281           0.282          0.0337          0.0436
[2025-10-01 15:20:28,125][curator.model.base][INFO] -      10        100           0.173          0.0575           0.115           0.295           0.295          0.0329          0.0418
[2025-10-01 15:20:28,937][curator.model.base][INFO] -      10        110           0.188          0.0727           0.116           0.332           0.332          0.0322          0.0419
[2025-10-01 15:20:29,729][curator.model.base][INFO] -      10        120           0.152          0.0491           0.103           0.272           0.273          0.0308          0.0394
[2025-10-01 15:20:30,245][curator.model.base][INFO] - 

[2025-10-01 15:20:30,245][curator.model.base][DEBUG] - Validating
[2025-10-01 15:20:30,245][curator.model.base][INFO] - # epoch      batch      total_loss     energy_loss     forces_loss      energy_mae     energy_rmse      forces_mae     forces_rmse
[2025-10-01 15:20:30,283][curator.model.base][INFO] -      10          0           0.105        0.000625           0.105          0.0218          0.0308          0.0305          0.0398
[2025-10-01 15:20:30,685][curator.model.base][INFO] -      10         10          0.0698        6.87e-05          0.0697         0.00802          0.0102          0.0249          0.0325
[2025-10-01 15:20:31,091][curator.model.base][INFO] -      10         20            0.12         5.7e-05            0.12         0.00781         0.00929          0.0322          0.0427
[2025-10-01 15:20:31,402][curator.model.base][INFO] - 

[2025-10-01 15:20:31,402][curator.model.base][DEBUG] - Epoch summary:
[2025-10-01 15:20:31,402][curator.model.base][INFO] - Validation  # epoch      total_loss     energy_loss     forces_loss      energy_mae     energy_rmse      forces_mae     forces_rmse
[2025-10-01 15:20:31,402][curator.model.base][INFO] -                  10           0.093        0.000155          0.0936          0.0114          0.0144          0.0285          0.0374
[2025-10-01 15:20:31,407][curator.model.base][INFO] - Train       # epoch      total_loss     energy_loss     forces_loss      energy_mae     energy_rmse      forces_mae     forces_rmse
[2025-10-01 15:20:31,407][curator.model.base][INFO] -                  10           0.191          0.0383           0.153           0.218            0.22          0.0362          0.0475
[2025-10-01 15:20:31,443][curator.model.base][INFO] - 

[2025-10-01 15:20:31,443][curator.model.base][DEBUG] - Training
[2025-10-01 15:20:31,443][curator.model.base][INFO] - # epoch      batch      total_loss     energy_loss     forces_loss      energy_mae     energy_rmse      forces_mae     forces_rmse
[2025-10-01 15:20:31,502][curator.model.base][INFO] -      11          0           0.194          0.0796           0.115           0.347           0.347          0.0312          0.0417
[2025-10-01 15:20:32,325][curator.model.base][INFO] -      11         10           0.193         0.00674           0.186          0.0963           0.101          0.0381           0.053
[2025-10-01 15:20:33,144][curator.model.base][INFO] -      11         20           0.226         0.00892           0.217            0.11           0.116          0.0397          0.0573
[2025-10-01 15:20:33,958][curator.model.base][INFO] -      11         30           0.155         0.00712           0.148             0.1           0.104          0.0342          0.0474
[2025-10-01 15:20:34,780][curator.model.base][INFO] -      11         40           0.206         0.00112           0.205          0.0359          0.0412          0.0421          0.0557
[2025-10-01 15:20:35,598][curator.model.base][INFO] -      11         50           0.185        0.000356           0.184          0.0173          0.0232          0.0398          0.0528
[2025-10-01 15:20:36,405][curator.model.base][INFO] -      11         60           0.226         0.00122           0.225          0.0384          0.0429          0.0415          0.0584
[2025-10-01 15:20:37,213][curator.model.base][INFO] -      11         70           0.129          0.0035           0.125          0.0696          0.0728          0.0324          0.0436
[2025-10-01 15:20:38,042][curator.model.base][INFO] -      11         80           0.206          0.0823           0.124           0.353           0.353          0.0334          0.0434
[2025-10-01 15:20:38,851][curator.model.base][INFO] -      11         90           0.247          0.0459           0.201           0.263           0.264          0.0419          0.0552
[2025-10-01 15:20:39,683][curator.model.base][INFO] -      11        100            0.11         0.00234           0.108          0.0585          0.0595          0.0305          0.0404
[2025-10-01 15:20:40,487][curator.model.base][INFO] -      11        110           0.114         0.00171           0.112          0.0445          0.0509          0.0302          0.0412
[2025-10-01 15:20:41,314][curator.model.base][INFO] -      11        120           0.157         0.00116           0.156          0.0392          0.0419          0.0367          0.0486
[2025-10-01 15:20:41,816][curator.model.base][INFO] - 

[2025-10-01 15:20:41,816][curator.model.base][DEBUG] - Validating
[2025-10-01 15:20:41,816][curator.model.base][INFO] - # epoch      batch      total_loss     energy_loss     forces_loss      energy_mae     energy_rmse      forces_mae     forces_rmse
[2025-10-01 15:20:41,856][curator.model.base][INFO] -      11          0          0.0946         0.00063           0.094          0.0217          0.0309          0.0289          0.0377
[2025-10-01 15:20:42,257][curator.model.base][INFO] -      11         10          0.0645        8.64e-05          0.0644         0.00978          0.0114          0.0239          0.0312
[2025-10-01 15:20:42,668][curator.model.base][INFO] -      11         20           0.108        3.21e-05           0.108         0.00549         0.00697          0.0304          0.0404
[2025-10-01 15:20:42,972][curator.model.base][INFO] - 

[2025-10-01 15:20:42,973][curator.model.base][DEBUG] - Epoch summary:
[2025-10-01 15:20:42,973][curator.model.base][INFO] - Validation  # epoch      total_loss     energy_loss     forces_loss      energy_mae     energy_rmse      forces_mae     forces_rmse
[2025-10-01 15:20:42,973][curator.model.base][INFO] -                  11          0.0837         0.00016          0.0841          0.0116          0.0147          0.0271          0.0355
[2025-10-01 15:20:42,978][curator.model.base][INFO] - Train       # epoch      total_loss     energy_loss     forces_loss      energy_mae     energy_rmse      forces_mae     forces_rmse
[2025-10-01 15:20:42,978][curator.model.base][INFO] -                  11           0.172          0.0112           0.161           0.096          0.0996          0.0365           0.049
[2025-10-01 15:20:43,014][curator.model.base][INFO] - 

[2025-10-01 15:20:43,014][curator.model.base][DEBUG] - Training
[2025-10-01 15:20:43,014][curator.model.base][INFO] - # epoch      batch      total_loss     energy_loss     forces_loss      energy_mae     energy_rmse      forces_mae     forces_rmse
[2025-10-01 15:20:43,072][curator.model.base][INFO] -      12          0           0.127        0.000834           0.126          0.0313          0.0355          0.0327          0.0437
[2025-10-01 15:20:43,900][curator.model.base][INFO] -      12         10           0.147        0.000925           0.146          0.0314          0.0374          0.0358           0.047
[2025-10-01 15:20:44,729][curator.model.base][INFO] -      12         20           0.157          0.0478           0.109           0.268           0.269          0.0313          0.0407
[2025-10-01 15:20:45,534][curator.model.base][INFO] -      12         30           0.156          0.0336           0.122           0.225           0.226          0.0325           0.043
[2025-10-01 15:20:46,347][curator.model.base][INFO] -      12         40           0.124          0.0355          0.0889           0.231           0.232          0.0277          0.0367
[2025-10-01 15:20:47,155][curator.model.base][INFO] -      12         50           0.168          0.0485           0.119           0.271           0.271          0.0315          0.0425
[2025-10-01 15:20:47,974][curator.model.base][INFO] -      12         60           0.133          0.0453           0.088           0.262           0.262          0.0282          0.0365
[2025-10-01 15:20:48,796][curator.model.base][INFO] -      12         70           0.127          0.0423           0.085           0.253           0.253          0.0273          0.0359
[2025-10-01 15:20:49,604][curator.model.base][INFO] -      12         80           0.121          0.0393          0.0815           0.244           0.244          0.0259          0.0351
[2025-10-01 15:20:50,436][curator.model.base][INFO] -      12         90          0.0862          0.0189          0.0672           0.168           0.169          0.0248          0.0319
[2025-10-01 15:20:51,244][curator.model.base][INFO] -      12        100           0.138         0.00215           0.136          0.0528          0.0571          0.0337          0.0454
[2025-10-01 15:20:52,058][curator.model.base][INFO] -      12        110           0.222          0.0494           0.173           0.273           0.273          0.0376          0.0511
[2025-10-01 15:20:52,905][curator.model.base][INFO] -      12        120           0.132          0.0205           0.111           0.175           0.176          0.0306          0.0411
[2025-10-01 15:20:53,403][curator.model.base][INFO] - 

[2025-10-01 15:20:53,404][curator.model.base][DEBUG] - Validating
[2025-10-01 15:20:53,404][curator.model.base][INFO] - # epoch      batch      total_loss     energy_loss     forces_loss      energy_mae     energy_rmse      forces_mae     forces_rmse
[2025-10-01 15:20:53,443][curator.model.base][INFO] -      12          0          0.0841        0.000506          0.0836          0.0197          0.0277          0.0274          0.0356
[2025-10-01 15:20:53,851][curator.model.base][INFO] -      12         10          0.0581        7.38e-05           0.058         0.00819          0.0106          0.0227          0.0296
[2025-10-01 15:20:54,268][curator.model.base][INFO] -      12         20          0.0984        2.89e-05          0.0983         0.00588         0.00661           0.029          0.0386
[2025-10-01 15:20:54,574][curator.model.base][INFO] - 

[2025-10-01 15:20:54,574][curator.model.base][DEBUG] - Epoch summary:
[2025-10-01 15:20:54,574][curator.model.base][INFO] - Validation  # epoch      total_loss     energy_loss     forces_loss      energy_mae     energy_rmse      forces_mae     forces_rmse
[2025-10-01 15:20:54,574][curator.model.base][INFO] -                  12          0.0756         0.00013           0.076          0.0104          0.0132          0.0258          0.0337
[2025-10-01 15:20:54,580][curator.model.base][INFO] - Train       # epoch      total_loss     energy_loss     forces_loss      energy_mae     energy_rmse      forces_mae     forces_rmse
[2025-10-01 15:20:54,580][curator.model.base][INFO] -                  12           0.151           0.033           0.118           0.203           0.205          0.0316          0.0418
[2025-10-01 15:20:54,618][curator.model.base][INFO] - 

[2025-10-01 15:20:54,618][curator.model.base][DEBUG] - Training
[2025-10-01 15:20:54,618][curator.model.base][INFO] - # epoch      batch      total_loss     energy_loss     forces_loss      energy_mae     energy_rmse      forces_mae     forces_rmse
[2025-10-01 15:20:54,682][curator.model.base][INFO] -      13          0            0.11         0.00881           0.101           0.115           0.116          0.0295          0.0391
[2025-10-01 15:20:55,479][curator.model.base][INFO] -      13         10           0.119         0.00246           0.116          0.0586          0.0611          0.0322          0.0419
[2025-10-01 15:20:56,297][curator.model.base][INFO] -      13         20            0.15         0.00184           0.148          0.0461          0.0528          0.0362          0.0473
[2025-10-01 15:20:55,548][curator.model.base][INFO] -      13         30           0.157        0.000665           0.157          0.0271          0.0317          0.0369          0.0487
[2025-10-01 15:20:56,351][curator.model.base][INFO] -      13         40           0.162         0.00197            0.16          0.0531          0.0546          0.0359          0.0493
[2025-10-01 15:20:57,166][curator.model.base][INFO] -      13         50           0.148           0.003           0.145          0.0637          0.0674          0.0343          0.0469
[2025-10-01 15:20:57,981][curator.model.base][INFO] -      13         60           0.144          0.0191           0.125           0.169            0.17          0.0323          0.0436
[2025-10-01 15:20:58,791][curator.model.base][INFO] -      13         70           0.178         0.00878           0.169           0.111           0.115          0.0389          0.0507
[2025-10-01 15:20:59,600][curator.model.base][INFO] -      13         80           0.172          0.0509           0.121           0.277           0.278          0.0328          0.0429
[2025-10-01 15:21:00,402][curator.model.base][INFO] -      13         90           0.116          0.0236          0.0926           0.189           0.189          0.0286          0.0374
[2025-10-01 15:21:01,204][curator.model.base][INFO] -      13        100            0.15          0.0468           0.104           0.265           0.266          0.0298          0.0396
[2025-10-01 15:21:02,007][curator.model.base][INFO] -      13        110           0.134          0.0369          0.0967           0.236           0.236          0.0294          0.0383
[2025-10-01 15:21:02,833][curator.model.base][INFO] -      13        120           0.128          0.0583            0.07           0.297           0.297          0.0246          0.0326
[2025-10-01 15:21:03,333][curator.model.base][INFO] - 

[2025-10-01 15:21:03,333][curator.model.base][DEBUG] - Validating
[2025-10-01 15:21:03,333][curator.model.base][INFO] - # epoch      batch      total_loss     energy_loss     forces_loss      energy_mae     energy_rmse      forces_mae     forces_rmse
[2025-10-01 15:21:03,372][curator.model.base][INFO] -      13          0          0.0767        0.000428          0.0763          0.0182          0.0255          0.0263           0.034
[2025-10-01 15:21:03,782][curator.model.base][INFO] -      13         10           0.055        6.87e-05           0.055         0.00708          0.0102          0.0222          0.0289
[2025-10-01 15:21:04,198][curator.model.base][INFO] -      13         20          0.0913        3.63e-05          0.0912         0.00619         0.00741          0.0278          0.0372
[2025-10-01 15:21:04,509][curator.model.base][INFO] - 

[2025-10-01 15:21:04,509][curator.model.base][DEBUG] - Epoch summary:
[2025-10-01 15:21:04,509][curator.model.base][INFO] - Validation  # epoch      total_loss     energy_loss     forces_loss      energy_mae     energy_rmse      forces_mae     forces_rmse
[2025-10-01 15:21:04,509][curator.model.base][INFO] -                  13          0.0696        0.000115            0.07         0.00977          0.0124          0.0247          0.0324
[2025-10-01 15:21:04,515][curator.model.base][INFO] - Train       # epoch      total_loss     energy_loss     forces_loss      energy_mae     energy_rmse      forces_mae     forces_rmse
[2025-10-01 15:21:04,515][curator.model.base][INFO] -                  13           0.142          0.0193           0.122           0.134           0.137          0.0319          0.0425
[2025-10-01 15:21:04,550][curator.model.base][INFO] - 

[2025-10-01 15:21:04,550][curator.model.base][DEBUG] - Training
[2025-10-01 15:21:04,550][curator.model.base][INFO] - # epoch      batch      total_loss     energy_loss     forces_loss      energy_mae     energy_rmse      forces_mae     forces_rmse
[2025-10-01 15:21:04,613][curator.model.base][INFO] -      14          0           0.105         0.00636           0.099          0.0956          0.0982          0.0301          0.0387
[2025-10-01 15:21:05,421][curator.model.base][INFO] -      14         10           0.137         0.00856           0.129            0.11           0.114           0.033          0.0442
[2025-10-01 15:21:06,232][curator.model.base][INFO] -      14         20            0.11         0.00056           0.109          0.0184          0.0291          0.0283          0.0406
[2025-10-01 15:21:07,046][curator.model.base][INFO] -      14         30           0.123         0.00489           0.118           0.083          0.0861          0.0326          0.0423
[2025-10-01 15:21:07,868][curator.model.base][INFO] -      14         40           0.103          0.0119          0.0906           0.133           0.135          0.0284           0.037
[2025-10-01 15:21:08,692][curator.model.base][INFO] -      14         50            0.12         0.00831           0.112           0.111           0.112          0.0311          0.0412
[2025-10-01 15:21:09,490][curator.model.base][INFO] -      14         60           0.191         0.00419           0.187          0.0761          0.0797          0.0409          0.0532
[2025-10-01 15:21:10,291][curator.model.base][INFO] -      14         70           0.168         0.00171           0.166          0.0444          0.0509          0.0393          0.0502
[2025-10-01 15:21:11,171][curator.model.base][INFO] -      14         80           0.152          0.0374           0.115           0.237           0.238          0.0323          0.0416
[2025-10-01 15:21:11,981][curator.model.base][INFO] -      14         90           0.154           0.056          0.0982           0.291           0.291          0.0286          0.0386
[2025-10-01 15:21:12,785][curator.model.base][INFO] -      14        100           0.106          0.0337          0.0719           0.225           0.226          0.0252           0.033
[2025-10-01 15:21:13,601][curator.model.base][INFO] -      14        110          0.0922          0.0201          0.0721           0.174           0.175          0.0252           0.033
[2025-10-01 15:21:14,414][curator.model.base][INFO] -      14        120           0.122          0.0379          0.0843            0.24            0.24          0.0275          0.0357
[2025-10-01 15:21:14,933][curator.model.base][INFO] - 

[2025-10-01 15:21:14,933][curator.model.base][DEBUG] - Validating
[2025-10-01 15:21:14,933][curator.model.base][INFO] - # epoch      batch      total_loss     energy_loss     forces_loss      energy_mae     energy_rmse      forces_mae     forces_rmse
[2025-10-01 15:21:14,976][curator.model.base][INFO] -      14          0          0.0708        0.000369          0.0704          0.0167          0.0236          0.0252          0.0327
[2025-10-01 15:21:15,377][curator.model.base][INFO] -      14         10           0.052        7.04e-05          0.0519         0.00726          0.0103          0.0217           0.028
[2025-10-01 15:21:15,793][curator.model.base][INFO] -      14         20          0.0853        3.33e-05          0.0853          0.0058         0.00711          0.0268          0.0359
[2025-10-01 15:21:16,098][curator.model.base][INFO] - 

[2025-10-01 15:21:16,098][curator.model.base][DEBUG] - Epoch summary:
[2025-10-01 15:21:16,098][curator.model.base][INFO] - Validation  # epoch      total_loss     energy_loss     forces_loss      energy_mae     energy_rmse      forces_mae     forces_rmse
[2025-10-01 15:21:16,098][curator.model.base][INFO] -                  14          0.0643        0.000101          0.0646         0.00914          0.0117          0.0237          0.0311
[2025-10-01 15:21:16,103][curator.model.base][INFO] - Train       # epoch      total_loss     energy_loss     forces_loss      energy_mae     energy_rmse      forces_mae     forces_rmse
[2025-10-01 15:21:16,103][curator.model.base][INFO] -                  14           0.128          0.0154           0.113           0.125           0.128          0.0307          0.0409
[2025-10-01 15:21:16,139][curator.model.base][INFO] - 

[2025-10-01 15:21:16,140][curator.model.base][DEBUG] - Training
[2025-10-01 15:21:16,140][curator.model.base][INFO] - # epoch      batch      total_loss     energy_loss     forces_loss      energy_mae     energy_rmse      forces_mae     forces_rmse
[2025-10-01 15:21:16,204][curator.model.base][INFO] -      15          0          0.0828          0.0161          0.0667           0.156           0.156          0.0246          0.0318
[2025-10-01 15:21:17,015][curator.model.base][INFO] -      15         10           0.125         0.00817           0.116            0.11           0.111          0.0308           0.042
[2025-10-01 15:21:17,828][curator.model.base][INFO] -      15         20           0.138           0.002           0.136          0.0485           0.055          0.0341          0.0454
[2025-10-01 15:21:18,645][curator.model.base][INFO] -      15         30          0.0855         0.00158          0.0839          0.0472           0.049          0.0273          0.0357
[2025-10-01 15:21:19,445][curator.model.base][INFO] -      15         40           0.138        0.000425           0.137          0.0216          0.0254          0.0349          0.0456
[2025-10-01 15:21:20,259][curator.model.base][INFO] -      15         50           0.222         0.00166           0.221          0.0432          0.0501          0.0415          0.0578
[2025-10-01 15:21:21,093][curator.model.base][INFO] -      15         60           0.289         0.00144           0.287          0.0325          0.0468           0.043           0.066
[2025-10-01 15:21:21,910][curator.model.base][INFO] -      15         70           0.213         0.00123           0.212          0.0349          0.0432           0.043          0.0566
[2025-10-01 15:21:22,733][curator.model.base][INFO] -      15         80            0.13        0.000485            0.13          0.0205          0.0271          0.0343          0.0444
[2025-10-01 15:21:23,554][curator.model.base][INFO] -      15         90           0.183         0.00518           0.178          0.0787          0.0886          0.0373          0.0519
[2025-10-01 15:21:24,367][curator.model.base][INFO] -      15        100           0.125          0.0117           0.113           0.131           0.133          0.0323          0.0414
[2025-10-01 15:21:25,181][curator.model.base][INFO] -      15        110            0.13          0.0428          0.0874           0.254           0.255          0.0281          0.0364
[2025-10-01 15:21:26,000][curator.model.base][INFO] -      15        120           0.208          0.0719           0.136           0.329            0.33          0.0322          0.0454
[2025-10-01 15:21:26,498][curator.model.base][INFO] - 

[2025-10-01 15:21:26,498][curator.model.base][DEBUG] - Validating
[2025-10-01 15:21:26,498][curator.model.base][INFO] - # epoch      batch      total_loss     energy_loss     forces_loss      energy_mae     energy_rmse      forces_mae     forces_rmse
[2025-10-01 15:21:26,537][curator.model.base][INFO] -      15          0          0.0656        0.000284          0.0653          0.0154          0.0208          0.0241          0.0314
[2025-10-01 15:21:26,954][curator.model.base][INFO] -      15         10          0.0495        7.39e-05          0.0494         0.00578          0.0106          0.0211          0.0274
[2025-10-01 15:21:27,361][curator.model.base][INFO] -      15         20          0.0796        5.21e-05          0.0795         0.00752         0.00889          0.0258          0.0347
[2025-10-01 15:21:27,672][curator.model.base][INFO] - 

[2025-10-01 15:21:27,673][curator.model.base][DEBUG] - Epoch summary:
[2025-10-01 15:21:27,673][curator.model.base][INFO] - Validation  # epoch      total_loss     energy_loss     forces_loss      energy_mae     energy_rmse      forces_mae     forces_rmse
[2025-10-01 15:21:27,673][curator.model.base][INFO] -                  15          0.0606        9.22e-05           0.061         0.00881          0.0113           0.023          0.0302
[2025-10-01 15:21:27,678][curator.model.base][INFO] - Train       # epoch      total_loss     energy_loss     forces_loss      energy_mae     energy_rmse      forces_mae     forces_rmse
[2025-10-01 15:21:27,678][curator.model.base][INFO] -                  15           0.169          0.0129           0.156           0.102           0.106          0.0347          0.0473
[2025-10-01 15:21:27,714][curator.model.base][INFO] - 

[2025-10-01 15:21:27,714][curator.model.base][DEBUG] - Training
[2025-10-01 15:21:27,714][curator.model.base][INFO] - # epoch      batch      total_loss     energy_loss     forces_loss      energy_mae     energy_rmse      forces_mae     forces_rmse
[2025-10-01 15:21:26,315][curator.model.base][INFO] -      16          0          0.0825         0.00658          0.0759          0.0981          0.0998          0.0264          0.0339
[2025-10-01 15:21:27,128][curator.model.base][INFO] -      16         10           0.116          0.0399          0.0759           0.245           0.246          0.0254          0.0339
[2025-10-01 15:21:27,944][curator.model.base][INFO] -      16         20           0.119          0.0563          0.0627           0.292           0.292          0.0239          0.0308
[2025-10-01 15:21:28,775][curator.model.base][INFO] -      16         30          0.0982          0.0138          0.0844           0.144           0.145           0.027          0.0357
[2025-10-01 15:21:29,596][curator.model.base][INFO] -      16         40           0.116          0.0304          0.0851           0.214           0.215          0.0269          0.0359
[2025-10-01 15:21:30,396][curator.model.base][INFO] -      16         50          0.0816          0.0181          0.0634           0.165           0.166           0.024           0.031
[2025-10-01 15:21:31,202][curator.model.base][INFO] -      16         60           0.117          0.0448          0.0717            0.26           0.261          0.0251           0.033
[2025-10-01 15:21:32,008][curator.model.base][INFO] -      16         70          0.0829          0.0339           0.049           0.227           0.227          0.0209          0.0272
[2025-10-01 15:21:32,826][curator.model.base][INFO] -      16         80          0.0879          0.0206          0.0672           0.177           0.177          0.0239          0.0319
[2025-10-01 15:21:33,633][curator.model.base][INFO] -      16         90            0.11         0.00655           0.104          0.0955          0.0996          0.0282          0.0396
[2025-10-01 15:21:34,444][curator.model.base][INFO] -      16        100           0.117         0.00438           0.113          0.0774          0.0814          0.0298          0.0413
[2025-10-01 15:21:35,246][curator.model.base][INFO] -      16        110          0.0923          0.0088          0.0835           0.114           0.115          0.0268          0.0356
[2025-10-01 15:21:36,062][curator.model.base][INFO] -      16        120           0.127        0.000675           0.127          0.0254           0.032           0.032          0.0438
[2025-10-01 15:21:36,566][curator.model.base][INFO] - 

[2025-10-01 15:21:36,567][curator.model.base][DEBUG] - Validating
[2025-10-01 15:21:36,567][curator.model.base][INFO] - # epoch      batch      total_loss     energy_loss     forces_loss      energy_mae     energy_rmse      forces_mae     forces_rmse
[2025-10-01 15:21:36,605][curator.model.base][INFO] -      16          0          0.0604        0.000242          0.0602          0.0154          0.0192          0.0232          0.0302
[2025-10-01 15:21:37,009][curator.model.base][INFO] -      16         10          0.0468        0.000101          0.0467         0.00667          0.0123          0.0205          0.0266
[2025-10-01 15:21:37,430][curator.model.base][INFO] -      16         20          0.0744        9.11e-05          0.0743          0.0103          0.0117          0.0249          0.0335
[2025-10-01 15:21:37,736][curator.model.base][INFO] - 

[2025-10-01 15:21:37,737][curator.model.base][DEBUG] - Epoch summary:
[2025-10-01 15:21:37,737][curator.model.base][INFO] - Validation  # epoch      total_loss     energy_loss     forces_loss      energy_mae     energy_rmse      forces_mae     forces_rmse
[2025-10-01 15:21:37,737][curator.model.base][INFO] -                  16          0.0566        0.000107           0.057         0.00987          0.0123          0.0222          0.0292
[2025-10-01 15:21:37,742][curator.model.base][INFO] - Train       # epoch      total_loss     energy_loss     forces_loss      energy_mae     energy_rmse      forces_mae     forces_rmse
[2025-10-01 15:21:37,742][curator.model.base][INFO] -                  16           0.104          0.0233          0.0806           0.167           0.168          0.0261          0.0347
[2025-10-01 15:21:37,778][curator.model.base][INFO] - 

[2025-10-01 15:21:37,778][curator.model.base][DEBUG] - Training
[2025-10-01 15:21:37,778][curator.model.base][INFO] - # epoch      batch      total_loss     energy_loss     forces_loss      energy_mae     energy_rmse      forces_mae     forces_rmse
[2025-10-01 15:21:37,840][curator.model.base][INFO] -      17          0           0.111         0.00384           0.108          0.0718          0.0763          0.0284          0.0404
[2025-10-01 15:21:38,668][curator.model.base][INFO] -      17         10           0.186          0.0259            0.16           0.196           0.198          0.0364          0.0492
[2025-10-01 15:21:39,473][curator.model.base][INFO] -      17         20           0.159          0.0286            0.13           0.208           0.208          0.0323          0.0444
[2025-10-01 15:21:40,279][curator.model.base][INFO] -      17         30           0.137        0.000454           0.136           0.024          0.0262          0.0343          0.0455
[2025-10-01 15:21:41,082][curator.model.base][INFO] -      17         40           0.104         0.00203           0.102          0.0536          0.0555            0.03          0.0393
[2025-10-01 15:21:41,897][curator.model.base][INFO] -      17         50          0.0999         0.00112          0.0988          0.0343          0.0411          0.0285          0.0387
[2025-10-01 15:21:42,707][curator.model.base][INFO] -      17         60          0.0734        0.000247          0.0731          0.0153          0.0193           0.026          0.0333
[2025-10-01 15:21:43,520][curator.model.base][INFO] -      17         70          0.0963          0.0148          0.0815           0.149            0.15          0.0266          0.0351
[2025-10-01 15:21:44,346][curator.model.base][INFO] -      17         80          0.0645         0.00891          0.0556           0.116           0.116          0.0226           0.029
[2025-10-01 15:21:45,162][curator.model.base][INFO] -      17         90           0.124          0.0465          0.0773           0.265           0.265          0.0259          0.0342
[2025-10-01 15:21:45,972][curator.model.base][INFO] -      17        100           0.107          0.0377          0.0696           0.238           0.239          0.0247          0.0325
[2025-10-01 15:21:46,795][curator.model.base][INFO] -      17        110            0.11          0.0409          0.0689           0.248           0.249          0.0252          0.0323
[2025-10-01 15:21:47,603][curator.model.base][INFO] -      17        120          0.0672          0.0122           0.055           0.135           0.136           0.022          0.0289
[2025-10-01 15:21:48,108][curator.model.base][INFO] - 

[2025-10-01 15:21:48,108][curator.model.base][DEBUG] - Validating
[2025-10-01 15:21:48,108][curator.model.base][INFO] - # epoch      batch      total_loss     energy_loss     forces_loss      energy_mae     energy_rmse      forces_mae     forces_rmse
[2025-10-01 15:21:48,145][curator.model.base][INFO] -      17          0          0.0557        0.000214          0.0555          0.0152           0.018          0.0223           0.029
[2025-10-01 15:21:48,559][curator.model.base][INFO] -      17         10          0.0441        0.000128           0.044         0.00899          0.0139          0.0199          0.0258
[2025-10-01 15:21:48,970][curator.model.base][INFO] -      17         20          0.0697        0.000126          0.0695          0.0118          0.0138          0.0241          0.0325
[2025-10-01 15:21:49,274][curator.model.base][INFO] - 

[2025-10-01 15:21:49,274][curator.model.base][DEBUG] - Epoch summary:
[2025-10-01 15:21:49,274][curator.model.base][INFO] - Validation  # epoch      total_loss     energy_loss     forces_loss      energy_mae     energy_rmse      forces_mae     forces_rmse
[2025-10-01 15:21:49,274][curator.model.base][INFO] -                  17          0.0529        0.000124          0.0532           0.011          0.0133          0.0215          0.0282
[2025-10-01 15:21:49,280][curator.model.base][INFO] - Train       # epoch      total_loss     energy_loss     forces_loss      energy_mae     energy_rmse      forces_mae     forces_rmse
[2025-10-01 15:21:49,280][curator.model.base][INFO] -                  17           0.111          0.0198          0.0909           0.149           0.151          0.0277          0.0366
[2025-10-01 15:21:49,315][curator.model.base][INFO] - 

[2025-10-01 15:21:49,315][curator.model.base][DEBUG] - Training
[2025-10-01 15:21:49,315][curator.model.base][INFO] - # epoch      batch      total_loss     energy_loss     forces_loss      energy_mae     energy_rmse      forces_mae     forces_rmse
[2025-10-01 15:21:49,378][curator.model.base][INFO] -      18          0           0.136          0.0702          0.0653           0.326           0.326           0.024          0.0315
[2025-10-01 15:21:50,177][curator.model.base][INFO] -      18         10          0.0865          0.0425           0.044           0.254           0.254          0.0198          0.0258
[2025-10-01 15:21:50,986][curator.model.base][INFO] -      18         20          0.0663           0.016          0.0503           0.156           0.156           0.021          0.0276
[2025-10-01 15:21:51,798][curator.model.base][INFO] -      18         30          0.0809          0.0354          0.0455           0.232           0.232          0.0202          0.0263
[2025-10-01 15:21:52,610][curator.model.base][INFO] -      18         40          0.0683          0.0261          0.0422           0.199           0.199          0.0196          0.0253
[2025-10-01 15:21:53,416][curator.model.base][INFO] -      18         50          0.0832          0.0247          0.0585           0.193           0.193          0.0227          0.0298
[2025-10-01 15:21:54,232][curator.model.base][INFO] -      18         60          0.0781          0.0228          0.0552           0.186           0.186          0.0223          0.0289
[2025-10-01 15:21:55,044][curator.model.base][INFO] -      18         70          0.0895          0.0178          0.0717           0.163           0.164          0.0252           0.033
[2025-10-01 15:21:55,856][curator.model.base][INFO] -      18         80          0.0918         0.00816          0.0836            0.11           0.111          0.0263          0.0356
[2025-10-01 15:21:56,662][curator.model.base][INFO] -      18         90           0.104         0.00635          0.0981          0.0957          0.0981          0.0282          0.0385
[2025-10-01 15:21:57,473][curator.model.base][INFO] -      18        100           0.122         0.00656           0.116          0.0961          0.0997          0.0306          0.0419
[2025-10-01 15:21:58,282][curator.model.base][INFO] -      18        110          0.0945         0.00415          0.0904          0.0767          0.0792          0.0288           0.037
[2025-10-01 15:21:57,544][curator.model.base][INFO] -      18        120           0.091         0.00176          0.0892          0.0486          0.0517          0.0284          0.0368
[2025-10-01 15:21:58,046][curator.model.base][INFO] - 

[2025-10-01 15:21:58,046][curator.model.base][DEBUG] - Validating
[2025-10-01 15:21:58,046][curator.model.base][INFO] - # epoch      batch      total_loss     energy_loss     forces_loss      energy_mae     energy_rmse      forces_mae     forces_rmse
[2025-10-01 15:21:58,085][curator.model.base][INFO] -      18          0          0.0522        0.000189           0.052          0.0143          0.0169          0.0215          0.0281
[2025-10-01 15:21:58,490][curator.model.base][INFO] -      18         10          0.0419        0.000124          0.0417         0.00816          0.0137          0.0193          0.0251
[2025-10-01 15:21:58,900][curator.model.base][INFO] -      18         20          0.0653        0.000115          0.0652          0.0109          0.0132          0.0234          0.0314
[2025-10-01 15:21:59,205][curator.model.base][INFO] - 

[2025-10-01 15:21:59,205][curator.model.base][DEBUG] - Epoch summary:
[2025-10-01 15:21:59,205][curator.model.base][INFO] - Validation  # epoch      total_loss     energy_loss     forces_loss      energy_mae     energy_rmse      forces_mae     forces_rmse
[2025-10-01 15:21:59,205][curator.model.base][INFO] -                  18          0.0496         0.00011          0.0499          0.0103          0.0126          0.0208          0.0273
[2025-10-01 15:21:59,211][curator.model.base][INFO] - Train       # epoch      total_loss     energy_loss     forces_loss      energy_mae     energy_rmse      forces_mae     forces_rmse
[2025-10-01 15:21:59,211][curator.model.base][INFO] -                  18          0.0964          0.0205          0.0759           0.155           0.157          0.0251          0.0333
[2025-10-01 15:21:59,245][curator.model.base][INFO] - 

[2025-10-01 15:21:59,245][curator.model.base][DEBUG] - Training
[2025-10-01 15:21:59,245][curator.model.base][INFO] - # epoch      batch      total_loss     energy_loss     forces_loss      energy_mae     energy_rmse      forces_mae     forces_rmse
[2025-10-01 15:21:59,308][curator.model.base][INFO] -      19          0          0.0769        0.000811           0.076          0.0307          0.0351          0.0263          0.0339
[2025-10-01 15:22:00,126][curator.model.base][INFO] -      19         10          0.0688         0.00229          0.0665          0.0579          0.0589          0.0245          0.0317
[2025-10-01 15:22:00,939][curator.model.base][INFO] -      19         20          0.0845          0.0067          0.0778          0.0999           0.101          0.0261          0.0343
[2025-10-01 15:22:01,757][curator.model.base][INFO] -      19         30          0.0778         0.00758          0.0703           0.106           0.107          0.0244          0.0326
[2025-10-01 15:22:02,578][curator.model.base][INFO] -      19         40           0.147         0.00295           0.144          0.0652          0.0669          0.0349          0.0467
[2025-10-01 15:22:03,406][curator.model.base][INFO] -      19         50           0.154         0.00118           0.153          0.0357          0.0423          0.0364          0.0481
[2025-10-01 15:22:04,226][curator.model.base][INFO] -      19         60             0.2          0.0072           0.193           0.101           0.104          0.0409           0.054
[2025-10-01 15:22:05,038][curator.model.base][INFO] -      19         70           0.084         0.00122          0.0828          0.0399          0.0431          0.0268          0.0354
[2025-10-01 15:22:05,854][curator.model.base][INFO] -      19         80            0.11         0.00679           0.103             0.1           0.101          0.0309          0.0395
[2025-10-01 15:22:06,673][curator.model.base][INFO] -      19         90           0.257          0.0318           0.225           0.219            0.22           0.044          0.0584
[2025-10-01 15:22:07,492][curator.model.base][INFO] -      19        100          0.0838         0.00438          0.0794          0.0802          0.0815          0.0267          0.0347
[2025-10-01 15:22:08,298][curator.model.base][INFO] -      19        110           0.171         0.00126            0.17          0.0401          0.0436          0.0391          0.0507
[2025-10-01 15:22:09,093][curator.model.base][INFO] -      19        120           0.168        0.000207           0.168          0.0153          0.0177          0.0382          0.0504
[2025-10-01 15:22:09,605][curator.model.base][INFO] - 

[2025-10-01 15:22:09,605][curator.model.base][DEBUG] - Validating
[2025-10-01 15:22:09,605][curator.model.base][INFO] - # epoch      batch      total_loss     energy_loss     forces_loss      energy_mae     energy_rmse      forces_mae     forces_rmse
[2025-10-01 15:22:09,647][curator.model.base][INFO] -      19          0          0.0498        0.000225          0.0496          0.0125          0.0185          0.0211          0.0274
[2025-10-01 15:22:10,065][curator.model.base][INFO] -      19         10          0.0396        8.31e-05          0.0395         0.00811          0.0112          0.0189          0.0245
[2025-10-01 15:22:10,475][curator.model.base][INFO] -      19         20          0.0625        4.56e-05          0.0624         0.00699         0.00831          0.0228          0.0307
[2025-10-01 15:22:10,781][curator.model.base][INFO] - 

[2025-10-01 15:22:10,781][curator.model.base][DEBUG] - Epoch summary:
[2025-10-01 15:22:10,781][curator.model.base][INFO] - Validation  # epoch      total_loss     energy_loss     forces_loss      energy_mae     energy_rmse      forces_mae     forces_rmse
[2025-10-01 15:22:10,781][curator.model.base][INFO] -                  19          0.0474        7.35e-05          0.0477         0.00783          0.0101          0.0203          0.0267
[2025-10-01 15:22:10,786][curator.model.base][INFO] - Train       # epoch      total_loss     energy_loss     forces_loss      energy_mae     energy_rmse      forces_mae     forces_rmse
[2025-10-01 15:22:10,786][curator.model.base][INFO] -                  19           0.135         0.00732           0.127          0.0876          0.0902          0.0323          0.0428
[2025-10-01 15:22:10,821][curator.model.base][INFO] - 

[2025-10-01 15:22:10,821][curator.model.base][DEBUG] - Training
[2025-10-01 15:22:10,821][curator.model.base][INFO] - # epoch      batch      total_loss     energy_loss     forces_loss      energy_mae     energy_rmse      forces_mae     forces_rmse
[2025-10-01 15:22:10,881][curator.model.base][INFO] -      20          0           0.169         0.00567           0.164          0.0909          0.0927          0.0384          0.0498
[2025-10-01 15:22:11,700][curator.model.base][INFO] -      20         10           0.138           0.041          0.0965           0.249           0.249          0.0299          0.0382
[2025-10-01 15:22:12,500][curator.model.base][INFO] -      20         20           0.123          0.0142           0.109           0.144           0.146          0.0307          0.0406
[2025-10-01 15:22:13,307][curator.model.base][INFO] -      20         30          0.0694         0.00506          0.0644          0.0869          0.0875          0.0238          0.0312
[2025-10-01 15:22:14,105][curator.model.base][INFO] -      20         40          0.0725          0.0116          0.0609           0.132           0.133           0.023          0.0304
[2025-10-01 15:22:14,939][curator.model.base][INFO] -      20         50           0.096          0.0188          0.0772           0.168           0.169          0.0252          0.0342
[2025-10-01 15:22:15,759][curator.model.base][INFO] -      20         60            0.12         0.00628           0.113           0.095          0.0975          0.0285          0.0415
[2025-10-01 15:22:16,597][curator.model.base][INFO] -      20         70          0.0934          0.0174           0.076           0.161           0.162           0.026          0.0339
[2025-10-01 15:22:17,408][curator.model.base][INFO] -      20         80          0.0682        0.000564          0.0676          0.0262          0.0292           0.024           0.032
[2025-10-01 15:22:18,219][curator.model.base][INFO] -      20         90          0.0573        0.000678          0.0566          0.0296          0.0321           0.023          0.0293
[2025-10-01 15:22:19,043][curator.model.base][INFO] -      20        100          0.0972          0.0035          0.0937          0.0685          0.0728          0.0279          0.0377
[2025-10-01 15:22:19,857][curator.model.base][INFO] -      20        110          0.0738          0.0127          0.0612           0.138           0.139          0.0232          0.0304
[2025-10-01 15:22:20,654][curator.model.base][INFO] -      20        120          0.0926        0.000308          0.0923          0.0163          0.0216          0.0261          0.0374
[2025-10-01 15:22:21,152][curator.model.base][INFO] - 

[2025-10-01 15:22:21,153][curator.model.base][DEBUG] - Validating
[2025-10-01 15:22:21,153][curator.model.base][INFO] - # epoch      batch      total_loss     energy_loss     forces_loss      energy_mae     energy_rmse      forces_mae     forces_rmse
[2025-10-01 15:22:21,193][curator.model.base][INFO] -      20          0          0.0489        0.000189          0.0487          0.0115          0.0169          0.0208          0.0272
[2025-10-01 15:22:21,598][curator.model.base][INFO] -      20         10          0.0383        7.96e-05          0.0382         0.00726           0.011          0.0186           0.024
[2025-10-01 15:22:22,011][curator.model.base][INFO] -      20         20          0.0594        4.85e-05          0.0594         0.00722         0.00857          0.0223            0.03
[2025-10-01 15:22:22,318][curator.model.base][INFO] - 

[2025-10-01 15:22:22,319][curator.model.base][DEBUG] - Epoch summary:
[2025-10-01 15:22:22,319][curator.model.base][INFO] - Validation  # epoch      total_loss     energy_loss     forces_loss      energy_mae     energy_rmse      forces_mae     forces_rmse
[2025-10-01 15:22:22,319][curator.model.base][INFO] -                  20          0.0454         6.8e-05          0.0457         0.00758         0.00971          0.0199          0.0262
[2025-10-01 15:22:22,325][curator.model.base][INFO] - Train       # epoch      total_loss     energy_loss     forces_loss      energy_mae     energy_rmse      forces_mae     forces_rmse
[2025-10-01 15:22:22,325][curator.model.base][INFO] -                  20          0.0973          0.0115          0.0858           0.111           0.112          0.0267          0.0356
[2025-10-01 15:22:22,362][curator.model.base][INFO] - 

[2025-10-01 15:22:22,362][curator.model.base][DEBUG] - Training
[2025-10-01 15:22:22,362][curator.model.base][INFO] - # epoch      batch      total_loss     energy_loss     forces_loss      energy_mae     energy_rmse      forces_mae     forces_rmse
[2025-10-01 15:22:22,426][curator.model.base][INFO] -      21          0           0.105        0.000493           0.104          0.0249          0.0273          0.0297          0.0398
[2025-10-01 15:22:23,236][curator.model.base][INFO] -      21         10           0.106         0.00568             0.1          0.0895          0.0927          0.0297           0.039
[2025-10-01 15:22:24,042][curator.model.base][INFO] -      21         20           0.104          0.0137          0.0906           0.142           0.144          0.0279           0.037
[2025-10-01 15:22:24,854][curator.model.base][INFO] -      21         30          0.0971         0.00252          0.0946          0.0569          0.0618          0.0269          0.0378
[2025-10-01 15:22:25,659][curator.model.base][INFO] -      21         40          0.0756        0.000175          0.0755           0.013          0.0163          0.0245          0.0338
[2025-10-01 15:22:26,464][curator.model.base][INFO] -      21         50          0.0838         0.00147          0.0824          0.0409          0.0472          0.0248          0.0353
[2025-10-01 15:22:27,286][curator.model.base][INFO] -      21         60          0.0587         0.00192          0.0567           0.053          0.0539          0.0229          0.0293
[2025-10-01 15:22:28,097][curator.model.base][INFO] -      21         70          0.0486         0.00144          0.0472          0.0458          0.0467          0.0206          0.0267
[2025-10-01 15:22:28,921][curator.model.base][INFO] -      21         80          0.0616        0.000327          0.0613          0.0201          0.0223           0.023          0.0305
[2025-10-01 15:22:28,234][curator.model.base][INFO] -      21         90          0.0738         0.00469          0.0691          0.0826          0.0842           0.025          0.0324
[2025-10-01 15:22:29,048][curator.model.base][INFO] -      21        100           0.101         0.00804          0.0932           0.109            0.11          0.0286          0.0376
[2025-10-01 15:22:29,846][curator.model.base][INFO] -      21        110          0.0784         0.00411          0.0743          0.0761          0.0789          0.0248          0.0335
[2025-10-01 15:22:30,656][curator.model.base][INFO] -      21        120             0.1         0.00146          0.0986          0.0427           0.047          0.0277          0.0386
[2025-10-01 15:22:31,155][curator.model.base][INFO] - 

[2025-10-01 15:22:31,155][curator.model.base][DEBUG] - Validating
[2025-10-01 15:22:31,155][curator.model.base][INFO] - # epoch      batch      total_loss     energy_loss     forces_loss      energy_mae     energy_rmse      forces_mae     forces_rmse
[2025-10-01 15:22:31,193][curator.model.base][INFO] -      21          0          0.0467        0.000164          0.0465          0.0107          0.0157          0.0204          0.0265
[2025-10-01 15:22:31,602][curator.model.base][INFO] -      21         10          0.0369        7.66e-05          0.0368         0.00747          0.0108          0.0183          0.0236
[2025-10-01 15:22:32,017][curator.model.base][INFO] -      21         20          0.0565        4.26e-05          0.0564         0.00653         0.00803          0.0217          0.0292
[2025-10-01 15:22:32,330][curator.model.base][INFO] - 

[2025-10-01 15:22:32,331][curator.model.base][DEBUG] - Epoch summary:
[2025-10-01 15:22:32,331][curator.model.base][INFO] - Validation  # epoch      total_loss     energy_loss     forces_loss      energy_mae     energy_rmse      forces_mae     forces_rmse
[2025-10-01 15:22:32,331][curator.model.base][INFO] -                  21           0.043        6.42e-05          0.0433         0.00741         0.00949          0.0193          0.0255
[2025-10-01 15:22:32,336][curator.model.base][INFO] - Train       # epoch      total_loss     energy_loss     forces_loss      energy_mae     energy_rmse      forces_mae     forces_rmse
[2025-10-01 15:22:32,336][curator.model.base][INFO] -                  21          0.0854         0.00458          0.0808          0.0674          0.0701          0.0259          0.0347
[2025-10-01 15:22:32,370][curator.model.base][INFO] - 

[2025-10-01 15:22:32,370][curator.model.base][DEBUG] - Training
[2025-10-01 15:22:32,370][curator.model.base][INFO] - # epoch      batch      total_loss     energy_loss     forces_loss      energy_mae     energy_rmse      forces_mae     forces_rmse
[2025-10-01 15:22:32,430][curator.model.base][INFO] -      22          0          0.0667         0.00345          0.0633            0.07          0.0722          0.0229           0.031
[2025-10-01 15:22:33,243][curator.model.base][INFO] -      22         10          0.0764        0.000619          0.0758          0.0186          0.0306          0.0244          0.0339
[2025-10-01 15:22:34,072][curator.model.base][INFO] -      22         20          0.0682        0.000147          0.0681          0.0113          0.0149          0.0242          0.0321
[2025-10-01 15:22:34,879][curator.model.base][INFO] -      22         30          0.0865         0.00642          0.0801           0.097          0.0986          0.0244          0.0348
[2025-10-01 15:22:35,690][curator.model.base][INFO] -      22         40           0.114          0.0415          0.0724            0.25           0.251          0.0244          0.0331
[2025-10-01 15:22:36,501][curator.model.base][INFO] -      22         50           0.108          0.0136          0.0945           0.141           0.144          0.0287          0.0378
[2025-10-01 15:22:37,313][curator.model.base][INFO] -      22         60          0.0921          0.0208          0.0713           0.177           0.178          0.0249          0.0329
[2025-10-01 15:22:38,105][curator.model.base][INFO] -      22         70          0.0525         0.00117          0.0513            0.04           0.042          0.0217          0.0279
[2025-10-01 15:22:38,928][curator.model.base][INFO] -      22         80          0.0488         0.00363          0.0452          0.0735          0.0741          0.0201          0.0262
[2025-10-01 15:22:39,725][curator.model.base][INFO] -      22         90          0.0536        0.000197          0.0534          0.0154          0.0173          0.0215          0.0284
[2025-10-01 15:22:40,533][curator.model.base][INFO] -      22        100          0.0794         0.00125          0.0782          0.0405          0.0435          0.0261          0.0344
[2025-10-01 15:22:41,340][curator.model.base][INFO] -      22        110          0.0973        0.000203          0.0971          0.0135          0.0176          0.0273          0.0383
[2025-10-01 15:22:42,143][curator.model.base][INFO] -      22        120          0.0683        0.000441          0.0679          0.0224          0.0259          0.0236          0.0321
[2025-10-01 15:22:42,654][curator.model.base][INFO] - 

[2025-10-01 15:22:42,654][curator.model.base][DEBUG] - Validating
[2025-10-01 15:22:42,654][curator.model.base][INFO] - # epoch      batch      total_loss     energy_loss     forces_loss      energy_mae     energy_rmse      forces_mae     forces_rmse
[2025-10-01 15:22:42,692][curator.model.base][INFO] -      22          0          0.0444        0.000168          0.0442          0.0105          0.0159          0.0199          0.0259
[2025-10-01 15:22:43,089][curator.model.base][INFO] -      22         10          0.0353        7.93e-05          0.0352         0.00838           0.011          0.0177          0.0231
[2025-10-01 15:22:43,485][curator.model.base][INFO] -      22         20          0.0541        4.92e-05           0.054         0.00694         0.00864          0.0213          0.0286
[2025-10-01 15:22:43,795][curator.model.base][INFO] - 

[2025-10-01 15:22:43,795][curator.model.base][DEBUG] - Epoch summary:
[2025-10-01 15:22:43,795][curator.model.base][INFO] - Validation  # epoch      total_loss     energy_loss     forces_loss      energy_mae     energy_rmse      forces_mae     forces_rmse
[2025-10-01 15:22:43,795][curator.model.base][INFO] -                  22          0.0408        6.58e-05           0.041         0.00756         0.00963          0.0188          0.0248
[2025-10-01 15:22:43,800][curator.model.base][INFO] - Train       # epoch      total_loss     energy_loss     forces_loss      energy_mae     energy_rmse      forces_mae     forces_rmse
[2025-10-01 15:22:43,800][curator.model.base][INFO] -                  22           0.079         0.00753          0.0715          0.0758          0.0782          0.0242          0.0326
[2025-10-01 15:22:43,834][curator.model.base][INFO] - 

[2025-10-01 15:22:43,834][curator.model.base][DEBUG] - Training
[2025-10-01 15:22:43,834][curator.model.base][INFO] - # epoch      batch      total_loss     energy_loss     forces_loss      energy_mae     energy_rmse      forces_mae     forces_rmse
[2025-10-01 15:22:43,909][curator.model.base][INFO] -      23          0          0.0574        0.000496          0.0569          0.0256          0.0274          0.0225          0.0294
[2025-10-01 15:22:44,736][curator.model.base][INFO] -      23         10          0.0478        0.000466          0.0473          0.0239          0.0266          0.0203          0.0268
[2025-10-01 15:22:45,564][curator.model.base][INFO] -      23         20           0.055         0.00361          0.0514          0.0722          0.0739          0.0198          0.0279
[2025-10-01 15:22:46,386][curator.model.base][INFO] -      23         30          0.0484         0.00248          0.0459          0.0592          0.0613          0.0203          0.0264
[2025-10-01 15:22:47,206][curator.model.base][INFO] -      23         40          0.0402         0.00132          0.0389          0.0441          0.0447          0.0186          0.0243
[2025-10-01 15:22:48,021][curator.model.base][INFO] -      23         50          0.0605         0.00482          0.0557          0.0845          0.0854          0.0215          0.0291
[2025-10-01 15:22:48,841][curator.model.base][INFO] -      23         60          0.0673         0.00832          0.0589           0.111           0.112          0.0223          0.0299
[2025-10-01 15:22:49,665][curator.model.base][INFO] -      23         70           0.106          0.0288          0.0768           0.208           0.209          0.0254          0.0341
[2025-10-01 15:22:50,477][curator.model.base][INFO] -      23         80          0.0788          0.0119          0.0669           0.133           0.134          0.0241          0.0318
[2025-10-01 15:22:51,300][curator.model.base][INFO] -      23         90          0.0717         0.00521          0.0665          0.0881          0.0888          0.0244          0.0317
[2025-10-01 15:22:52,127][curator.model.base][INFO] -      23        100          0.0523         0.00107          0.0512          0.0385          0.0402          0.0212          0.0279
[2025-10-01 15:22:52,937][curator.model.base][INFO] -      23        110           0.237         0.00778            0.23           0.103           0.109          0.0409           0.059
[2025-10-01 15:22:53,752][curator.model.base][INFO] -      23        120           0.134         0.00106           0.133          0.0355          0.0401          0.0342          0.0449
[2025-10-01 15:22:54,260][curator.model.base][INFO] - 

[2025-10-01 15:22:54,260][curator.model.base][DEBUG] - Validating
[2025-10-01 15:22:54,260][curator.model.base][INFO] - # epoch      batch      total_loss     energy_loss     forces_loss      energy_mae     energy_rmse      forces_mae     forces_rmse
[2025-10-01 15:22:54,301][curator.model.base][INFO] -      23          0          0.0412        0.000125          0.0411         0.00949          0.0138          0.0193           0.025
[2025-10-01 15:22:54,715][curator.model.base][INFO] -      23         10          0.0331        8.14e-05           0.033         0.00742          0.0111          0.0172          0.0224
[2025-10-01 15:22:55,133][curator.model.base][INFO] -      23         20          0.0499        4.43e-05          0.0499         0.00682         0.00819          0.0204          0.0275
[2025-10-01 15:22:55,443][curator.model.base][INFO] - 

[2025-10-01 15:22:55,443][curator.model.base][DEBUG] - Epoch summary:
[2025-10-01 15:22:55,443][curator.model.base][INFO] - Validation  # epoch      total_loss     energy_loss     forces_loss      energy_mae     energy_rmse      forces_mae     forces_rmse
[2025-10-01 15:22:55,443][curator.model.base][INFO] -                  23          0.0385        5.89e-05          0.0387         0.00714         0.00913          0.0183          0.0241
[2025-10-01 15:22:55,449][curator.model.base][INFO] - Train       # epoch      total_loss     energy_loss     forces_loss      energy_mae     energy_rmse      forces_mae     forces_rmse
[2025-10-01 15:22:55,449][curator.model.base][INFO] -                  23          0.0874         0.00596          0.0814          0.0753          0.0776          0.0248          0.0338
[2025-10-01 15:22:55,483][curator.model.base][INFO] - 

[2025-10-01 15:22:55,483][curator.model.base][DEBUG] - Training
[2025-10-01 15:22:55,483][curator.model.base][INFO] - # epoch      batch      total_loss     energy_loss     forces_loss      energy_mae     energy_rmse      forces_mae     forces_rmse
[2025-10-01 15:22:55,546][curator.model.base][INFO] -      24          0           0.138         0.00156           0.136          0.0401          0.0486          0.0339          0.0454
[2025-10-01 15:22:56,359][curator.model.base][INFO] -      24         10           0.122         0.00616           0.115          0.0932          0.0966          0.0291          0.0418
[2025-10-01 15:22:57,159][curator.model.base][INFO] -      24         20          0.0782         0.00146          0.0767          0.0452           0.047          0.0258          0.0341
[2025-10-01 15:22:57,986][curator.model.base][INFO] -      24         30           0.109          0.0328          0.0765           0.223           0.223          0.0254           0.034
[2025-10-01 15:22:58,807][curator.model.base][INFO] -      24         40          0.0874        0.000132          0.0872          0.0105          0.0141          0.0262          0.0363
[2025-10-01 15:22:59,609][curator.model.base][INFO] -      24         50          0.0871        0.000917          0.0862          0.0333          0.0373          0.0271          0.0361
[2025-10-01 15:23:00,428][curator.model.base][INFO] -      24         60          0.0637        0.000715           0.063          0.0304          0.0329           0.023          0.0309
[2025-10-01 15:22:59,715][curator.model.base][INFO] -      24         70           0.044        0.000446          0.0436          0.0235           0.026          0.0198          0.0257
[2025-10-01 15:23:00,511][curator.model.base][INFO] -      24         80          0.0423        0.000125          0.0422          0.0103          0.0138          0.0195          0.0253
[2025-10-01 15:23:01,321][curator.model.base][INFO] -      24         90          0.0762        0.000118           0.076          0.0115          0.0134           0.024          0.0339
[2025-10-01 15:23:02,143][curator.model.base][INFO] -      24        100          0.0652         0.00367          0.0615           0.073          0.0746          0.0227          0.0305
[2025-10-01 15:23:02,954][curator.model.base][INFO] -      24        110           0.146          0.0189           0.127           0.166           0.169          0.0314          0.0439
[2025-10-01 15:23:03,798][curator.model.base][INFO] -      24        120          0.0956        0.000585           0.095          0.0246          0.0298          0.0283          0.0379
[2025-10-01 15:23:04,305][curator.model.base][INFO] - 

[2025-10-01 15:23:04,305][curator.model.base][DEBUG] - Validating
[2025-10-01 15:23:04,306][curator.model.base][INFO] - # epoch      batch      total_loss     energy_loss     forces_loss      energy_mae     energy_rmse      forces_mae     forces_rmse
[2025-10-01 15:23:04,345][curator.model.base][INFO] -      24          0          0.0381         0.00013           0.038         0.00937           0.014          0.0184           0.024
[2025-10-01 15:23:04,757][curator.model.base][INFO] -      24         10          0.0323        8.07e-05          0.0323         0.00723          0.0111           0.017          0.0221
[2025-10-01 15:23:05,185][curator.model.base][INFO] -      24         20          0.0483        4.12e-05          0.0483         0.00655          0.0079            0.02           0.027
[2025-10-01 15:23:05,498][curator.model.base][INFO] - 

[2025-10-01 15:23:05,498][curator.model.base][DEBUG] - Epoch summary:
[2025-10-01 15:23:05,498][curator.model.base][INFO] - Validation  # epoch      total_loss     energy_loss     forces_loss      energy_mae     energy_rmse      forces_mae     forces_rmse
[2025-10-01 15:23:05,498][curator.model.base][INFO] -                  24          0.0371         5.7e-05          0.0373         0.00701         0.00895          0.0179          0.0237
[2025-10-01 15:23:05,503][curator.model.base][INFO] - Train       # epoch      total_loss     energy_loss     forces_loss      energy_mae     energy_rmse      forces_mae     forces_rmse
[2025-10-01 15:23:05,503][curator.model.base][INFO] -                  24          0.0831         0.00456          0.0786          0.0649          0.0677          0.0253          0.0341
[2025-10-01 15:23:05,540][curator.model.base][INFO] - 

[2025-10-01 15:23:05,540][curator.model.base][DEBUG] - Training
[2025-10-01 15:23:05,540][curator.model.base][INFO] - # epoch      batch      total_loss     energy_loss     forces_loss      energy_mae     energy_rmse      forces_mae     forces_rmse
[2025-10-01 15:23:05,602][curator.model.base][INFO] -      25          0          0.0545         0.00618          0.0483          0.0961          0.0968          0.0207          0.0271
[2025-10-01 15:23:06,421][curator.model.base][INFO] -      25         10          0.0547        0.000287          0.0544          0.0175          0.0208          0.0216          0.0287
[2025-10-01 15:23:07,250][curator.model.base][INFO] -      25         20           0.106          0.0252          0.0808           0.195           0.195          0.0253           0.035
[2025-10-01 15:23:08,070][curator.model.base][INFO] -      25         30           0.106          0.0397          0.0658           0.245           0.245          0.0237          0.0316
[2025-10-01 15:23:08,887][curator.model.base][INFO] -      25         40           0.139           0.066          0.0734           0.315           0.316           0.024          0.0333
[2025-10-01 15:23:09,703][curator.model.base][INFO] -      25         50          0.0891          0.0265          0.0627           0.199             0.2          0.0236          0.0308
[2025-10-01 15:23:10,529][curator.model.base][INFO] -      25         60          0.0627         0.00302          0.0596          0.0662          0.0676          0.0226          0.0301
[2025-10-01 15:23:11,343][curator.model.base][INFO] -      25         70            0.04         0.00016          0.0398          0.0138          0.0156          0.0187          0.0246
[2025-10-01 15:23:12,178][curator.model.base][INFO] -      25         80          0.0504        0.000165          0.0502          0.0136          0.0158          0.0212          0.0276
[2025-10-01 15:23:12,985][curator.model.base][INFO] -      25         90          0.0843         0.00419          0.0801          0.0785          0.0797          0.0268          0.0348
[2025-10-01 15:23:13,796][curator.model.base][INFO] -      25        100          0.0579         0.00921          0.0487           0.117           0.118          0.0202          0.0272
[2025-10-01 15:23:14,605][curator.model.base][INFO] -      25        110          0.0947         0.00336          0.0914          0.0704          0.0713          0.0278          0.0372
[2025-10-01 15:23:15,419][curator.model.base][INFO] -      25        120          0.0676         0.00873          0.0588           0.115           0.115           0.022          0.0298
[2025-10-01 15:23:15,926][curator.model.base][INFO] - 

[2025-10-01 15:23:15,926][curator.model.base][DEBUG] - Validating
[2025-10-01 15:23:15,926][curator.model.base][INFO] - # epoch      batch      total_loss     energy_loss     forces_loss      energy_mae     energy_rmse      forces_mae     forces_rmse
[2025-10-01 15:23:15,965][curator.model.base][INFO] -      25          0          0.0365        0.000119          0.0364         0.00918          0.0134          0.0179          0.0235
[2025-10-01 15:23:16,373][curator.model.base][INFO] -      25         10          0.0312        7.72e-05          0.0311         0.00715          0.0108          0.0166          0.0217
[2025-10-01 15:23:16,777][curator.model.base][INFO] -      25         20          0.0469        3.68e-05          0.0469         0.00588         0.00746          0.0196          0.0266
[2025-10-01 15:23:17,089][curator.model.base][INFO] - 

[2025-10-01 15:23:17,089][curator.model.base][DEBUG] - Epoch summary:
[2025-10-01 15:23:17,090][curator.model.base][INFO] - Validation  # epoch      total_loss     energy_loss     forces_loss      energy_mae     energy_rmse      forces_mae     forces_rmse
[2025-10-01 15:23:17,090][curator.model.base][INFO] -                  25          0.0356        5.37e-05          0.0359         0.00679         0.00869          0.0175          0.0232
[2025-10-01 15:23:17,095][curator.model.base][INFO] - Train       # epoch      total_loss     energy_loss     forces_loss      energy_mae     energy_rmse      forces_mae     forces_rmse
[2025-10-01 15:23:17,095][curator.model.base][INFO] -                  25          0.0856          0.0134          0.0721           0.118           0.119          0.0244          0.0327
[2025-10-01 15:23:17,129][curator.model.base][INFO] - 

[2025-10-01 15:23:17,129][curator.model.base][DEBUG] - Training
[2025-10-01 15:23:17,129][curator.model.base][INFO] - # epoch      batch      total_loss     energy_loss     forces_loss      energy_mae     energy_rmse      forces_mae     forces_rmse
[2025-10-01 15:23:17,190][curator.model.base][INFO] -      26          0          0.0763          0.0175          0.0588           0.163           0.163           0.023          0.0298
[2025-10-01 15:23:17,997][curator.model.base][INFO] -      26         10          0.0759          0.0264          0.0495             0.2             0.2          0.0214          0.0274
[2025-10-01 15:23:18,802][curator.model.base][INFO] -      26         20          0.0611          0.0131           0.048            0.14           0.141          0.0196           0.027
[2025-10-01 15:23:19,607][curator.model.base][INFO] -      26         30          0.0704          0.0303          0.0401           0.214           0.214          0.0188          0.0247
[2025-10-01 15:23:20,425][curator.model.base][INFO] -      26         40          0.0558          0.0115          0.0443           0.131           0.132            0.02          0.0259
[2025-10-01 15:23:21,240][curator.model.base][INFO] -      26         50          0.0593         0.00973          0.0496           0.121           0.121           0.021          0.0274
[2025-10-01 15:23:22,165][curator.model.base][INFO] -      26         60          0.0834          0.0203          0.0631           0.175           0.175           0.024          0.0309
[2025-10-01 15:23:22,999][curator.model.base][INFO] -      26         70          0.0551          0.0119          0.0432           0.133           0.134          0.0197          0.0256
[2025-10-01 15:23:23,799][curator.model.base][INFO] -      26         80          0.0513          0.0118          0.0394           0.133           0.134          0.0185          0.0244
[2025-10-01 15:23:24,607][curator.model.base][INFO] -      26         90          0.0514        0.000397           0.051           0.023          0.0245          0.0214          0.0278
[2025-10-01 15:23:25,409][curator.model.base][INFO] -      26        100          0.0434        0.000663          0.0427          0.0307          0.0317          0.0192          0.0254
[2025-10-01 15:23:26,209][curator.model.base][INFO] -      26        110          0.0332        0.000288          0.0329          0.0188          0.0209          0.0172          0.0223
[2025-10-01 15:23:27,011][curator.model.base][INFO] -      26        120          0.0411        0.000692          0.0404          0.0314          0.0324          0.0186          0.0247
[2025-10-01 15:23:27,506][curator.model.base][INFO] - 

[2025-10-01 15:23:27,506][curator.model.base][DEBUG] - Validating
[2025-10-01 15:23:27,506][curator.model.base][INFO] - # epoch      batch      total_loss     energy_loss     forces_loss      energy_mae     energy_rmse      forces_mae     forces_rmse
[2025-10-01 15:23:27,545][curator.model.base][INFO] -      26          0          0.0354        0.000109          0.0353         0.00871          0.0129          0.0176          0.0231
[2025-10-01 15:23:27,984][curator.model.base][INFO] -      26         10          0.0302        8.58e-05          0.0301         0.00775          0.0114          0.0163          0.0214
[2025-10-01 15:23:28,395][curator.model.base][INFO] -      26         20          0.0448        4.01e-05          0.0447         0.00594          0.0078          0.0191           0.026
[2025-10-01 15:23:28,701][curator.model.base][INFO] - 

[2025-10-01 15:23:28,701][curator.model.base][DEBUG] - Epoch summary:
[2025-10-01 15:23:28,701][curator.model.base][INFO] - Validation  # epoch      total_loss     energy_loss     forces_loss      energy_mae     energy_rmse      forces_mae     forces_rmse
[2025-10-01 15:23:28,701][curator.model.base][INFO] -                  26          0.0344        5.16e-05          0.0347          0.0067          0.0085          0.0172          0.0228
[2025-10-01 15:23:28,706][curator.model.base][INFO] - Train       # epoch      total_loss     energy_loss     forces_loss      energy_mae     energy_rmse      forces_mae     forces_rmse
[2025-10-01 15:23:28,706][curator.model.base][INFO] -                  26          0.0617          0.0141          0.0476           0.121           0.122          0.0202          0.0267
[2025-10-01 15:23:28,745][curator.model.base][INFO] - 

[2025-10-01 15:23:28,745][curator.model.base][DEBUG] - Training
[2025-10-01 15:23:28,745][curator.model.base][INFO] - # epoch      batch      total_loss     energy_loss     forces_loss      energy_mae     energy_rmse      forces_mae     forces_rmse
[2025-10-01 15:23:28,810][curator.model.base][INFO] -      27          0           0.033        0.000108          0.0329           0.011          0.0128          0.0171          0.0223
[2025-10-01 15:23:29,662][curator.model.base][INFO] -      27         10          0.0297        0.000206          0.0295          0.0171          0.0177          0.0164          0.0211
[2025-10-01 15:23:30,456][curator.model.base][INFO] -      27         20          0.0371        7.43e-05           0.037         0.00903          0.0106          0.0186          0.0237
[2025-10-01 15:23:31,244][curator.model.base][INFO] -      27         30          0.0392         0.00116          0.0381          0.0335          0.0418          0.0181           0.024
[2025-10-01 15:23:30,562][curator.model.base][INFO] -      27         40          0.0519        0.000444          0.0514          0.0199          0.0259          0.0211          0.0279
[2025-10-01 15:23:31,357][curator.model.base][INFO] -      27         50          0.0447          0.0015          0.0432          0.0463          0.0476          0.0196          0.0256
[2025-10-01 15:23:32,171][curator.model.base][INFO] -      27         60          0.0366        0.000376          0.0362          0.0226          0.0239          0.0178          0.0234
[2025-10-01 15:23:32,969][curator.model.base][INFO] -      27         70          0.0411        0.000171          0.0409          0.0138          0.0161           0.019          0.0249
[2025-10-01 15:23:33,770][curator.model.base][INFO] -      27         80          0.0395        8.74e-05          0.0394          0.0102          0.0115          0.0191          0.0244
[2025-10-01 15:23:34,579][curator.model.base][INFO] -      27         90          0.0502          0.0026          0.0476          0.0622          0.0627          0.0202          0.0268
[2025-10-01 15:23:35,388][curator.model.base][INFO] -      27        100          0.0465        0.000409           0.046          0.0234          0.0249          0.0199          0.0264
[2025-10-01 15:23:36,194][curator.model.base][INFO] -      27        110          0.0421         0.00261          0.0395          0.0615          0.0628          0.0187          0.0245
[2025-10-01 15:23:36,986][curator.model.base][INFO] -      27        120          0.0363         0.00044          0.0358           0.024          0.0258           0.018          0.0233
[2025-10-01 15:23:37,490][curator.model.base][INFO] - 

[2025-10-01 15:23:37,491][curator.model.base][DEBUG] - Validating
[2025-10-01 15:23:37,491][curator.model.base][INFO] - # epoch      batch      total_loss     energy_loss     forces_loss      energy_mae     energy_rmse      forces_mae     forces_rmse
[2025-10-01 15:23:37,529][curator.model.base][INFO] -      27          0          0.0333        0.000111          0.0332         0.00873           0.013           0.017          0.0224
[2025-10-01 15:23:37,938][curator.model.base][INFO] -      27         10          0.0289        7.83e-05          0.0288         0.00744          0.0109          0.0159          0.0209
[2025-10-01 15:23:38,346][curator.model.base][INFO] -      27         20           0.043        4.01e-05          0.0429         0.00585         0.00779          0.0188          0.0255
[2025-10-01 15:23:38,648][curator.model.base][INFO] - 

[2025-10-01 15:23:38,649][curator.model.base][DEBUG] - Epoch summary:
[2025-10-01 15:23:38,649][curator.model.base][INFO] - Validation  # epoch      total_loss     energy_loss     forces_loss      energy_mae     energy_rmse      forces_mae     forces_rmse
[2025-10-01 15:23:38,649][curator.model.base][INFO] -                  27          0.0327         4.9e-05          0.0329         0.00656         0.00827          0.0167          0.0222
[2025-10-01 15:23:38,654][curator.model.base][INFO] - Train       # epoch      total_loss     energy_loss     forces_loss      energy_mae     energy_rmse      forces_mae     forces_rmse
[2025-10-01 15:23:38,654][curator.model.base][INFO] -                  27          0.0408        0.000897          0.0399          0.0284          0.0306          0.0187          0.0245
[2025-10-01 15:23:38,688][curator.model.base][INFO] - 

[2025-10-01 15:23:38,688][curator.model.base][DEBUG] - Training
[2025-10-01 15:23:38,688][curator.model.base][INFO] - # epoch      batch      total_loss     energy_loss     forces_loss      energy_mae     energy_rmse      forces_mae     forces_rmse
[2025-10-01 15:23:38,750][curator.model.base][INFO] -      28          0          0.0433        0.000212          0.0431          0.0127          0.0179          0.0196          0.0255
[2025-10-01 15:23:39,556][curator.model.base][INFO] -      28         10          0.0367        0.000885          0.0358          0.0343          0.0366          0.0178          0.0233
[2025-10-01 15:23:40,357][curator.model.base][INFO] -      28         20          0.0424         0.00233            0.04          0.0588          0.0594          0.0187          0.0246
[2025-10-01 15:23:41,167][curator.model.base][INFO] -      28         30          0.0452        0.000365          0.0449          0.0203          0.0235            0.02          0.0261
[2025-10-01 15:23:41,966][curator.model.base][INFO] -      28         40           0.054        0.000359          0.0537          0.0213          0.0233          0.0219          0.0285
[2025-10-01 15:23:42,790][curator.model.base][INFO] -      28         50          0.0663         0.00234           0.064          0.0572          0.0596          0.0231          0.0311
[2025-10-01 15:23:43,610][curator.model.base][INFO] -      28         60          0.0634         0.00556          0.0578          0.0902          0.0918           0.022          0.0296
[2025-10-01 15:23:44,412][curator.model.base][INFO] -      28         70           0.103          0.0115          0.0911           0.129           0.132          0.0276          0.0371
[2025-10-01 15:23:45,223][curator.model.base][INFO] -      28         80           0.111          0.0158          0.0957           0.152           0.155          0.0284          0.0381
[2025-10-01 15:23:46,031][curator.model.base][INFO] -      28         90          0.0986          0.0196          0.0791           0.172           0.172          0.0269          0.0346
[2025-10-01 15:23:46,838][curator.model.base][INFO] -      28        100          0.0808          0.0319          0.0489           0.219            0.22          0.0206          0.0272
[2025-10-01 15:23:47,640][curator.model.base][INFO] -      28        110           0.085          0.0282          0.0567           0.206           0.207          0.0225          0.0293
[2025-10-01 15:23:48,459][curator.model.base][INFO] -      28        120          0.0501          0.0167          0.0334           0.159           0.159          0.0171          0.0225
[2025-10-01 15:23:48,963][curator.model.base][INFO] - 

[2025-10-01 15:23:48,963][curator.model.base][DEBUG] - Validating
[2025-10-01 15:23:48,963][curator.model.base][INFO] - # epoch      batch      total_loss     energy_loss     forces_loss      energy_mae     energy_rmse      forces_mae     forces_rmse
[2025-10-01 15:23:49,002][curator.model.base][INFO] -      28          0          0.0311        0.000118           0.031         0.00899          0.0134          0.0164          0.0217
[2025-10-01 15:23:49,409][curator.model.base][INFO] -      28         10           0.028        7.77e-05          0.0279         0.00771          0.0108          0.0156          0.0205
[2025-10-01 15:23:49,818][curator.model.base][INFO] -      28         20          0.0421        4.34e-05          0.0421         0.00624         0.00811          0.0186          0.0252
[2025-10-01 15:23:50,125][curator.model.base][INFO] - 

[2025-10-01 15:23:50,125][curator.model.base][DEBUG] - Epoch summary:
[2025-10-01 15:23:50,125][curator.model.base][INFO] - Validation  # epoch      total_loss     energy_loss     forces_loss      energy_mae     energy_rmse      forces_mae     forces_rmse
[2025-10-01 15:23:50,125][curator.model.base][INFO] -                  28          0.0314        4.87e-05          0.0317         0.00662         0.00824          0.0164          0.0218
[2025-10-01 15:23:50,131][curator.model.base][INFO] - Train       # epoch      total_loss     energy_loss     forces_loss      energy_mae     energy_rmse      forces_mae     forces_rmse
[2025-10-01 15:23:50,131][curator.model.base][INFO] -                  28          0.0806          0.0153          0.0653           0.115           0.117          0.0226          0.0304
[2025-10-01 15:23:50,166][curator.model.base][INFO] - 

[2025-10-01 15:23:50,166][curator.model.base][DEBUG] - Training
[2025-10-01 15:23:50,166][curator.model.base][INFO] - # epoch      batch      total_loss     energy_loss     forces_loss      energy_mae     energy_rmse      forces_mae     forces_rmse
[2025-10-01 15:23:50,228][curator.model.base][INFO] -      29          0          0.0538          0.0166          0.0373           0.158           0.158          0.0179          0.0238
[2025-10-01 15:23:51,048][curator.model.base][INFO] -      29         10          0.0671         0.00173          0.0653          0.0455          0.0512          0.0228          0.0315
[2025-10-01 15:23:51,869][curator.model.base][INFO] -      29         20          0.0378        0.000115          0.0377          0.0109          0.0132          0.0182          0.0239
[2025-10-01 15:23:52,682][curator.model.base][INFO] -      29         30          0.0353        0.000229          0.0351          0.0129          0.0186          0.0174           0.023
[2025-10-01 15:23:53,508][curator.model.base][INFO] -      29         40          0.0317        4.07e-05          0.0317          0.0067         0.00785          0.0167          0.0219
[2025-10-01 15:23:54,312][curator.model.base][INFO] -      29         50          0.0949         0.00023          0.0946          0.0139          0.0187           0.025          0.0379
[2025-10-01 15:23:55,114][curator.model.base][INFO] -      29         60           0.091         0.00163          0.0894          0.0481          0.0496          0.0265          0.0368
[2025-10-01 15:23:55,913][curator.model.base][INFO] -      29         70          0.0677          0.0179          0.0498           0.164           0.165          0.0211          0.0275
[2025-10-01 15:23:56,811][curator.model.base][INFO] -      29         80          0.0819         0.00551          0.0764          0.0891          0.0914          0.0251           0.034
[2025-10-01 15:23:57,601][curator.model.base][INFO] -      29         90          0.0792          0.0187          0.0605           0.168           0.168          0.0218          0.0303
[2025-10-01 15:23:58,403][curator.model.base][INFO] -      29        100          0.0653          0.0239          0.0414            0.19            0.19          0.0187           0.025
[2025-10-01 15:23:59,194][curator.model.base][INFO] -      29        110          0.0646          0.0102          0.0544           0.124           0.124          0.0216          0.0287
[2025-10-01 15:23:59,993][curator.model.base][INFO] -      29        120          0.0814          0.0242          0.0573           0.189           0.191          0.0219          0.0294
[2025-10-01 15:24:00,486][curator.model.base][INFO] - 

[2025-10-01 15:24:00,486][curator.model.base][DEBUG] - Validating
[2025-10-01 15:24:00,486][curator.model.base][INFO] - # epoch      batch      total_loss     energy_loss     forces_loss      energy_mae     energy_rmse      forces_mae     forces_rmse
[2025-10-01 15:24:00,525][curator.model.base][INFO] -      29          0          0.0303        0.000121          0.0302         0.00904          0.0135          0.0162          0.0214
[2025-10-01 15:24:00,939][curator.model.base][INFO] -      29         10           0.027         7.5e-05           0.027         0.00741          0.0107          0.0153          0.0202
[2025-10-01 15:24:01,352][curator.model.base][INFO] -      29         20          0.0399        4.26e-05          0.0399         0.00606         0.00804           0.018          0.0246
[2025-10-01 15:24:01,656][curator.model.base][INFO] - 

[2025-10-01 15:24:01,656][curator.model.base][DEBUG] - Epoch summary:
[2025-10-01 15:24:01,656][curator.model.base][INFO] - Validation  # epoch      total_loss     energy_loss     forces_loss      energy_mae     energy_rmse      forces_mae     forces_rmse
[2025-10-01 15:24:01,656][curator.model.base][INFO] -                  29          0.0304         4.7e-05          0.0307         0.00655          0.0081          0.0161          0.0214
[2025-10-01 15:24:01,661][curator.model.base][INFO] - Train       # epoch      total_loss     energy_loss     forces_loss      energy_mae     energy_rmse      forces_mae     forces_rmse
[2025-10-01 15:24:01,661][curator.model.base][INFO] -                  29          0.0622          0.0107          0.0515          0.0984             0.1          0.0204          0.0276
[2025-10-01 15:24:01,700][curator.model.base][INFO] - 

[2025-10-01 15:24:01,700][curator.model.base][DEBUG] - Training
[2025-10-01 15:24:01,700][curator.model.base][INFO] - # epoch      batch      total_loss     energy_loss     forces_loss      energy_mae     energy_rmse      forces_mae     forces_rmse
[2025-10-01 15:24:01,762][curator.model.base][INFO] -      30          0          0.0654          0.0145          0.0509           0.147           0.148          0.0207          0.0278
[2025-10-01 15:24:02,563][curator.model.base][INFO] -      30         10          0.0704           0.035          0.0354            0.23            0.23          0.0175          0.0232
[2025-10-01 15:24:01,836][curator.model.base][INFO] -      30         20          0.0978          0.0624          0.0354           0.307           0.307          0.0177          0.0232
[2025-10-01 15:24:02,634][curator.model.base][INFO] -      30         30          0.0775           0.032          0.0456            0.22            0.22          0.0203          0.0263
[2025-10-01 15:24:03,444][curator.model.base][INFO] -      30         40          0.0487        0.000438          0.0483          0.0179          0.0258          0.0202           0.027
[2025-10-01 15:24:04,230][curator.model.base][INFO] -      30         50          0.0772         0.00625          0.0709          0.0967          0.0973          0.0228          0.0328
[2025-10-01 15:24:05,029][curator.model.base][INFO] -      30         60          0.0546         0.00485          0.0498          0.0843          0.0857          0.0204          0.0275
[2025-10-01 15:24:05,834][curator.model.base][INFO] -      30         70          0.0998          0.0146          0.0852           0.148           0.149          0.0257          0.0359
[2025-10-01 15:24:06,639][curator.model.base][INFO] -      30         80          0.0635         0.00718          0.0563           0.103           0.104          0.0219          0.0292
[2025-10-01 15:24:07,440][curator.model.base][INFO] -      30         90          0.0707        0.000389          0.0703          0.0157          0.0243          0.0227          0.0326
[2025-10-01 15:24:08,228][curator.model.base][INFO] -      30        100          0.0721        0.000338          0.0718          0.0174          0.0226          0.0229           0.033
[2025-10-01 15:24:09,020][curator.model.base][INFO] -      30        110          0.0798         0.00173          0.0781          0.0451          0.0511          0.0243          0.0344
[2025-10-01 15:24:09,818][curator.model.base][INFO] -      30        120          0.0724          0.0288          0.0436           0.209           0.209          0.0198          0.0257
[2025-10-01 15:24:10,316][curator.model.base][INFO] - 

[2025-10-01 15:24:10,316][curator.model.base][DEBUG] - Validating
[2025-10-01 15:24:10,316][curator.model.base][INFO] - # epoch      batch      total_loss     energy_loss     forces_loss      energy_mae     energy_rmse      forces_mae     forces_rmse
[2025-10-01 15:24:10,356][curator.model.base][INFO] -      30          0          0.0301        0.000124          0.0299          0.0089          0.0137          0.0161          0.0213
[2025-10-01 15:24:10,766][curator.model.base][INFO] -      30         10           0.026        7.67e-05           0.026         0.00898          0.0108           0.015          0.0198
[2025-10-01 15:24:11,170][curator.model.base][INFO] -      30         20          0.0397        4.76e-05          0.0396         0.00629         0.00849          0.0179          0.0245
[2025-10-01 15:24:11,476][curator.model.base][INFO] - 

[2025-10-01 15:24:11,476][curator.model.base][DEBUG] - Epoch summary:
[2025-10-01 15:24:11,476][curator.model.base][INFO] - Validation  # epoch      total_loss     energy_loss     forces_loss      energy_mae     energy_rmse      forces_mae     forces_rmse
[2025-10-01 15:24:11,476][curator.model.base][INFO] -                  30          0.0296        5.24e-05          0.0299          0.0071          0.0086          0.0159          0.0211
[2025-10-01 15:24:11,482][curator.model.base][INFO] - Train       # epoch      total_loss     energy_loss     forces_loss      energy_mae     energy_rmse      forces_mae     forces_rmse
[2025-10-01 15:24:11,482][curator.model.base][INFO] -                  30           0.066          0.0122          0.0539           0.113           0.115          0.0211          0.0283
[2025-10-01 15:24:11,516][curator.model.base][INFO] - 

[2025-10-01 15:24:11,516][curator.model.base][DEBUG] - Training
[2025-10-01 15:24:11,516][curator.model.base][INFO] - # epoch      batch      total_loss     energy_loss     forces_loss      energy_mae     energy_rmse      forces_mae     forces_rmse
[2025-10-01 15:24:11,579][curator.model.base][INFO] -      31          0          0.0399        0.000106          0.0398          0.0114          0.0127          0.0187          0.0246
[2025-10-01 15:24:12,376][curator.model.base][INFO] -      31         10          0.0373         0.00051          0.0368          0.0266          0.0278          0.0181          0.0236
[2025-10-01 15:24:13,174][curator.model.base][INFO] -      31         20          0.0591        0.000461          0.0586          0.0234          0.0264          0.0222          0.0298
[2025-10-01 15:24:13,973][curator.model.base][INFO] -      31         30          0.0484         0.00272          0.0457          0.0626          0.0642          0.0201          0.0263
[2025-10-01 15:24:14,769][curator.model.base][INFO] -      31         40          0.0715         0.00319          0.0683          0.0673          0.0695          0.0226          0.0322
[2025-10-01 15:24:15,579][curator.model.base][INFO] -      31         50          0.0333        0.000188          0.0331          0.0149          0.0169          0.0166          0.0224
[2025-10-01 15:24:16,378][curator.model.base][INFO] -      31         60          0.0539         0.00111          0.0528          0.0392           0.041          0.0214          0.0283
[2025-10-01 15:24:17,182][curator.model.base][INFO] -      31         70          0.0583        0.000613          0.0577           0.029          0.0305          0.0211          0.0295
[2025-10-01 15:24:17,977][curator.model.base][INFO] -      31         80          0.0369        0.000884           0.036          0.0353          0.0366          0.0175          0.0233
[2025-10-01 15:24:18,774][curator.model.base][INFO] -      31         90          0.0408        0.000335          0.0405            0.02          0.0225           0.019          0.0248
[2025-10-01 15:24:19,574][curator.model.base][INFO] -      31        100          0.0448         0.00122          0.0436          0.0411          0.0431          0.0187          0.0257
[2025-10-01 15:24:20,386][curator.model.base][INFO] -      31        110          0.0611         0.00766          0.0534           0.106           0.108          0.0215          0.0284
[2025-10-01 15:24:21,186][curator.model.base][INFO] -      31        120           0.056         0.00611          0.0499          0.0938          0.0962          0.0209          0.0275
[2025-10-01 15:24:21,684][curator.model.base][INFO] - 

[2025-10-01 15:24:21,684][curator.model.base][DEBUG] - Validating
[2025-10-01 15:24:21,684][curator.model.base][INFO] - # epoch      batch      total_loss     energy_loss     forces_loss      energy_mae     energy_rmse      forces_mae     forces_rmse
[2025-10-01 15:24:21,725][curator.model.base][INFO] -      31          0          0.0292        0.000109          0.0291          0.0085          0.0128          0.0159           0.021
[2025-10-01 15:24:22,129][curator.model.base][INFO] -      31         10          0.0253        8.33e-05          0.0252         0.00919          0.0112          0.0148          0.0195
[2025-10-01 15:24:22,528][curator.model.base][INFO] -      31         20          0.0383        5.24e-05          0.0382         0.00651         0.00891          0.0177          0.0241
[2025-10-01 15:24:22,830][curator.model.base][INFO] - 

[2025-10-01 15:24:22,831][curator.model.base][DEBUG] - Epoch summary:
[2025-10-01 15:24:22,831][curator.model.base][INFO] - Validation  # epoch      total_loss     energy_loss     forces_loss      energy_mae     energy_rmse      forces_mae     forces_rmse
[2025-10-01 15:24:22,831][curator.model.base][INFO] -                  31          0.0288        5.04e-05          0.0291         0.00701         0.00845          0.0157          0.0209
[2025-10-01 15:24:22,836][curator.model.base][INFO] - Train       # epoch      total_loss     energy_loss     forces_loss      energy_mae     energy_rmse      forces_mae     forces_rmse
[2025-10-01 15:24:22,836][curator.model.base][INFO] -                  31          0.0517         0.00279          0.0489          0.0516          0.0535          0.0201          0.0269
[2025-10-01 15:24:22,870][curator.model.base][INFO] - 

[2025-10-01 15:24:22,870][curator.model.base][DEBUG] - Training
[2025-10-01 15:24:22,870][curator.model.base][INFO] - # epoch      batch      total_loss     energy_loss     forces_loss      energy_mae     energy_rmse      forces_mae     forces_rmse
[2025-10-01 15:24:22,931][curator.model.base][INFO] -      32          0          0.0473         0.00584          0.0415          0.0935           0.094          0.0195          0.0251
[2025-10-01 15:24:23,724][curator.model.base][INFO] -      32         10          0.0457         0.00153          0.0441          0.0468          0.0482          0.0187          0.0259
[2025-10-01 15:24:24,523][curator.model.base][INFO] -      32         20          0.0451        0.000334          0.0447          0.0206          0.0225          0.0195           0.026
[2025-10-01 15:24:25,321][curator.model.base][INFO] -      32         30          0.0342         0.00142          0.0328          0.0454          0.0463          0.0166          0.0223
[2025-10-01 15:24:26,115][curator.model.base][INFO] -      32         40          0.0436        0.000631          0.0429          0.0284          0.0309          0.0191          0.0255
[2025-10-01 15:24:26,910][curator.model.base][INFO] -      32         50          0.0493         0.00845          0.0409           0.112           0.113          0.0185          0.0249
[2025-10-01 15:24:27,716][curator.model.base][INFO] -      32         60          0.0425         0.00252          0.0399          0.0598          0.0617           0.019          0.0246
[2025-10-01 15:24:28,511][curator.model.base][INFO] -      32         70            0.16         0.00166           0.158          0.0438          0.0501          0.0334           0.049
[2025-10-01 15:24:29,300][curator.model.base][INFO] -      32         80           0.332        0.000644           0.332          0.0277          0.0312           0.051          0.0709
[2025-10-01 15:24:30,105][curator.model.base][INFO] -      32         90          0.0965         0.00462          0.0919          0.0811          0.0837          0.0266          0.0373
[2025-10-01 15:24:30,910][curator.model.base][INFO] -      32        100          0.0638        9.58e-05          0.0637         0.00948           0.012          0.0231          0.0311
[2025-10-01 15:24:31,701][curator.model.base][INFO] -      32        110          0.0571         0.00123          0.0559          0.0418          0.0432          0.0222          0.0291
[2025-10-01 15:24:32,499][curator.model.base][INFO] -      32        120          0.0978         0.00156          0.0962          0.0437          0.0486          0.0266          0.0382
[2025-10-01 15:24:32,983][curator.model.base][INFO] - 

[2025-10-01 15:24:32,983][curator.model.base][DEBUG] - Validating
[2025-10-01 15:24:32,983][curator.model.base][INFO] - # epoch      batch      total_loss     energy_loss     forces_loss      energy_mae     energy_rmse      forces_mae     forces_rmse
[2025-10-01 15:24:33,023][curator.model.base][INFO] -      32          0          0.0286        0.000149          0.0285          0.0106           0.015          0.0156          0.0208
[2025-10-01 15:24:33,440][curator.model.base][INFO] -      32         10           0.025         9.8e-05          0.0249          0.0112          0.0122          0.0146          0.0194
[2025-10-01 15:24:32,357][curator.model.base][INFO] -      32         20          0.0369        5.98e-05          0.0369         0.00785         0.00951          0.0175          0.0236
[2025-10-01 15:24:32,659][curator.model.base][INFO] - 

[2025-10-01 15:24:32,659][curator.model.base][DEBUG] - Epoch summary:
[2025-10-01 15:24:32,659][curator.model.base][INFO] - Validation  # epoch      total_loss     energy_loss     forces_loss      energy_mae     energy_rmse      forces_mae     forces_rmse
[2025-10-01 15:24:32,659][curator.model.base][INFO] -                  32          0.0281        6.76e-05          0.0284         0.00822         0.00986          0.0154          0.0206
[2025-10-01 15:24:32,665][curator.model.base][INFO] - Train       # epoch      total_loss     energy_loss     forces_loss      energy_mae     energy_rmse      forces_mae     forces_rmse
[2025-10-01 15:24:32,665][curator.model.base][INFO] -                  32          0.0818         0.00328          0.0785          0.0553          0.0577          0.0241          0.0327
[2025-10-01 15:24:32,699][curator.model.base][INFO] - 

[2025-10-01 15:24:32,699][curator.model.base][DEBUG] - Training
[2025-10-01 15:24:32,699][curator.model.base][INFO] - # epoch      batch      total_loss     energy_loss     forces_loss      energy_mae     energy_rmse      forces_mae     forces_rmse
[2025-10-01 15:24:32,758][curator.model.base][INFO] -      33          0          0.0468         0.00589          0.0409          0.0939          0.0945          0.0192          0.0249
[2025-10-01 15:24:33,582][curator.model.base][INFO] -      33         10          0.0415           0.002          0.0395          0.0535           0.055          0.0186          0.0245
[2025-10-01 15:24:34,387][curator.model.base][INFO] -      33         20          0.0391        0.000164           0.039          0.0145          0.0157          0.0182          0.0243
[2025-10-01 15:24:35,194][curator.model.base][INFO] -      33         30          0.0345         0.00257          0.0319          0.0618          0.0624          0.0166           0.022
[2025-10-01 15:24:36,002][curator.model.base][INFO] -      33         40          0.0514         0.00442           0.047          0.0801          0.0819          0.0198          0.0267
[2025-10-01 15:24:36,809][curator.model.base][INFO] -      33         50          0.0425         0.00871          0.0338           0.115           0.115          0.0176          0.0226
[2025-10-01 15:24:37,604][curator.model.base][INFO] -      33         60          0.0338        0.000779          0.0331          0.0321          0.0344           0.017          0.0224
[2025-10-01 15:24:38,399][curator.model.base][INFO] -      33         70          0.0644          0.0185           0.046           0.167           0.167          0.0204          0.0264
[2025-10-01 15:24:39,228][curator.model.base][INFO] -      33         80          0.0453        0.000159          0.0452           0.014          0.0155          0.0201          0.0262
[2025-10-01 15:24:40,017][curator.model.base][INFO] -      33         90          0.0421         0.00271          0.0394          0.0627          0.0641          0.0188          0.0244
[2025-10-01 15:24:40,807][curator.model.base][INFO] -      33        100          0.0884         0.00912          0.0792           0.117           0.118          0.0241          0.0346
[2025-10-01 15:24:41,618][curator.model.base][INFO] -      33        110          0.0596          0.0144          0.0452           0.147           0.148          0.0201          0.0262
[2025-10-01 15:24:42,408][curator.model.base][INFO] -      33        120          0.0462         0.00222           0.044          0.0569           0.058           0.019          0.0258
[2025-10-01 15:24:42,907][curator.model.base][INFO] - 

[2025-10-01 15:24:42,907][curator.model.base][DEBUG] - Validating
[2025-10-01 15:24:42,907][curator.model.base][INFO] - # epoch      batch      total_loss     energy_loss     forces_loss      energy_mae     energy_rmse      forces_mae     forces_rmse
[2025-10-01 15:24:42,944][curator.model.base][INFO] -      33          0          0.0274        0.000137          0.0273         0.00957          0.0144          0.0152          0.0203
[2025-10-01 15:24:43,345][curator.model.base][INFO] -      33         10          0.0239        9.48e-05          0.0238          0.0106           0.012          0.0143           0.019
[2025-10-01 15:24:43,741][curator.model.base][INFO] -      33         20          0.0362        4.95e-05          0.0362         0.00669         0.00866          0.0172          0.0234
[2025-10-01 15:24:44,041][curator.model.base][INFO] - 

[2025-10-01 15:24:44,041][curator.model.base][DEBUG] - Epoch summary:
[2025-10-01 15:24:44,041][curator.model.base][INFO] - Validation  # epoch      total_loss     energy_loss     forces_loss      energy_mae     energy_rmse      forces_mae     forces_rmse
[2025-10-01 15:24:44,041][curator.model.base][INFO] -                  33          0.0274        5.84e-05          0.0276         0.00755         0.00912          0.0152          0.0203
[2025-10-01 15:24:44,046][curator.model.base][INFO] - Train       # epoch      total_loss     energy_loss     forces_loss      energy_mae     energy_rmse      forces_mae     forces_rmse
[2025-10-01 15:24:44,046][curator.model.base][INFO] -                  33           0.054         0.00476          0.0492          0.0655          0.0675          0.0199          0.0269
[2025-10-01 15:24:44,081][curator.model.base][INFO] - 

[2025-10-01 15:24:44,082][curator.model.base][DEBUG] - Training
[2025-10-01 15:24:44,082][curator.model.base][INFO] - # epoch      batch      total_loss     energy_loss     forces_loss      energy_mae     energy_rmse      forces_mae     forces_rmse
[2025-10-01 15:24:44,148][curator.model.base][INFO] -      34          0          0.0505        0.000614          0.0499          0.0271          0.0305            0.02          0.0275
[2025-10-01 15:24:44,948][curator.model.base][INFO] -      34         10          0.0519         0.00618          0.0457          0.0956          0.0968          0.0187          0.0263
[2025-10-01 15:24:45,736][curator.model.base][INFO] -      34         20          0.0405          0.0018          0.0387          0.0508          0.0522          0.0185          0.0242
[2025-10-01 15:24:46,542][curator.model.base][INFO] -      34         30          0.0397        0.000856          0.0388          0.0342           0.036          0.0182          0.0242
[2025-10-01 15:24:47,351][curator.model.base][INFO] -      34         40          0.0368         0.00112          0.0357          0.0384          0.0412          0.0182          0.0232
[2025-10-01 15:24:48,158][curator.model.base][INFO] -      34         50          0.0418         0.00332          0.0385          0.0686          0.0709          0.0184          0.0242
[2025-10-01 15:24:48,975][curator.model.base][INFO] -      34         60          0.0459        0.000358          0.0456           0.021          0.0233          0.0194          0.0263
[2025-10-01 15:24:49,770][curator.model.base][INFO] -      34         70          0.0488         5.2e-05          0.0487         0.00751         0.00888          0.0205          0.0272
[2025-10-01 15:24:50,593][curator.model.base][INFO] -      34         80          0.0356         0.00332          0.0323          0.0704          0.0709          0.0172          0.0221
[2025-10-01 15:24:51,390][curator.model.base][INFO] -      34         90          0.0315          0.0012          0.0303           0.042          0.0426          0.0159          0.0214
[2025-10-01 15:24:52,185][curator.model.base][INFO] -      34        100          0.0368         0.00031          0.0365          0.0165          0.0217          0.0172          0.0235
[2025-10-01 15:24:52,999][curator.model.base][INFO] -      34        110          0.0328        0.000519          0.0323          0.0238           0.028          0.0166          0.0221
[2025-10-01 15:24:53,791][curator.model.base][INFO] -      34        120          0.0408         0.00174          0.0391          0.0481          0.0514          0.0188          0.0243
[2025-10-01 15:24:54,288][curator.model.base][INFO] - 

[2025-10-01 15:24:54,288][curator.model.base][DEBUG] - Validating
[2025-10-01 15:24:54,288][curator.model.base][INFO] - # epoch      batch      total_loss     energy_loss     forces_loss      energy_mae     energy_rmse      forces_mae     forces_rmse
[2025-10-01 15:24:54,333][curator.model.base][INFO] -      34          0          0.0258        0.000114          0.0257          0.0089          0.0132          0.0148          0.0197
[2025-10-01 15:24:54,755][curator.model.base][INFO] -      34         10          0.0232        8.64e-05          0.0231         0.00949          0.0114          0.0141          0.0187
[2025-10-01 15:24:55,158][curator.model.base][INFO] -      34         20          0.0338        4.79e-05          0.0338         0.00599         0.00852          0.0167          0.0226
[2025-10-01 15:24:55,464][curator.model.base][INFO] - 

[2025-10-01 15:24:55,464][curator.model.base][DEBUG] - Epoch summary:
[2025-10-01 15:24:55,464][curator.model.base][INFO] - Validation  # epoch      total_loss     energy_loss     forces_loss      energy_mae     energy_rmse      forces_mae     forces_rmse
[2025-10-01 15:24:55,464][curator.model.base][INFO] -                  34          0.0264        5.02e-05          0.0267         0.00695         0.00842          0.0149            0.02
[2025-10-01 15:24:55,470][curator.model.base][INFO] - Train       # epoch      total_loss     energy_loss     forces_loss      energy_mae     energy_rmse      forces_mae     forces_rmse
[2025-10-01 15:24:55,470][curator.model.base][INFO] -                  34          0.0399         0.00176          0.0381          0.0429          0.0448           0.018          0.0239
[2025-10-01 15:24:55,504][curator.model.base][INFO] - 

[2025-10-01 15:24:55,504][curator.model.base][DEBUG] - Training
[2025-10-01 15:24:55,504][curator.model.base][INFO] - # epoch      batch      total_loss     energy_loss     forces_loss      energy_mae     energy_rmse      forces_mae     forces_rmse
[2025-10-01 15:24:55,562][curator.model.base][INFO] -      35          0          0.0333         7.7e-05          0.0333         0.00781          0.0108           0.017          0.0224
[2025-10-01 15:24:56,377][curator.model.base][INFO] -      35         10          0.0681         0.00551          0.0626          0.0898          0.0913          0.0222          0.0308
[2025-10-01 15:24:57,171][curator.model.base][INFO] -      35         20           0.114         0.00674           0.107          0.0965           0.101          0.0252          0.0402
[2025-10-01 15:24:57,976][curator.model.base][INFO] -      35         30          0.0885          0.0173          0.0712           0.161           0.162          0.0251          0.0328
[2025-10-01 15:24:58,774][curator.model.base][INFO] -      35         40           0.059           0.008           0.051           0.109            0.11          0.0205          0.0278
[2025-10-01 15:24:59,574][curator.model.base][INFO] -      35         50          0.0436         0.00485          0.0388          0.0849          0.0857          0.0183          0.0242
[2025-10-01 15:25:00,377][curator.model.base][INFO] -      35         60          0.0484         0.00653          0.0419          0.0989          0.0994          0.0183          0.0252
[2025-10-01 15:25:01,178][curator.model.base][INFO] -      35         70          0.0322        0.000154          0.0321          0.0134          0.0153          0.0171           0.022
[2025-10-01 15:25:01,987][curator.model.base][INFO] -      35         80          0.0425         0.00136          0.0412          0.0443          0.0454           0.019           0.025
[2025-10-01 15:25:02,784][curator.model.base][INFO] -      35         90          0.0325         0.00133          0.0311           0.044          0.0449          0.0168          0.0217
[2025-10-01 15:25:03,579][curator.model.base][INFO] -      35        100          0.0328        0.000197          0.0326          0.0147          0.0173          0.0166          0.0222
[2025-10-01 15:25:04,364][curator.model.base][INFO] -      35        110          0.0355        6.76e-05          0.0355         0.00914          0.0101          0.0177          0.0232
[2025-10-01 15:25:03,600][curator.model.base][INFO] -      35        120          0.0396        0.000179          0.0394          0.0141          0.0165          0.0185          0.0244
[2025-10-01 15:25:04,096][curator.model.base][INFO] - 

[2025-10-01 15:25:04,096][curator.model.base][DEBUG] - Validating
[2025-10-01 15:25:04,096][curator.model.base][INFO] - # epoch      batch      total_loss     energy_loss     forces_loss      energy_mae     energy_rmse      forces_mae     forces_rmse
[2025-10-01 15:25:04,133][curator.model.base][INFO] -      35          0          0.0246        0.000108          0.0245         0.00867          0.0128          0.0146          0.0193
[2025-10-01 15:25:04,547][curator.model.base][INFO] -      35         10          0.0224        8.26e-05          0.0223         0.00935          0.0112          0.0138          0.0184
[2025-10-01 15:25:04,954][curator.model.base][INFO] -      35         20          0.0334        5.15e-05          0.0334         0.00634         0.00883          0.0166          0.0225
[2025-10-01 15:25:05,258][curator.model.base][INFO] - 

[2025-10-01 15:25:05,258][curator.model.base][DEBUG] - Epoch summary:
[2025-10-01 15:25:05,258][curator.model.base][INFO] - Validation  # epoch      total_loss     energy_loss     forces_loss      energy_mae     energy_rmse      forces_mae     forces_rmse
[2025-10-01 15:25:05,258][curator.model.base][INFO] -                  35          0.0255        4.57e-05          0.0257         0.00669         0.00806          0.0147          0.0196
[2025-10-01 15:25:05,263][curator.model.base][INFO] - Train       # epoch      total_loss     energy_loss     forces_loss      energy_mae     energy_rmse      forces_mae     forces_rmse
[2025-10-01 15:25:05,263][curator.model.base][INFO] -                  35          0.0512         0.00337          0.0478           0.055           0.057          0.0196          0.0265
[2025-10-01 15:25:05,297][curator.model.base][INFO] - 

[2025-10-01 15:25:05,297][curator.model.base][DEBUG] - Training
[2025-10-01 15:25:05,297][curator.model.base][INFO] - # epoch      batch      total_loss     energy_loss     forces_loss      energy_mae     energy_rmse      forces_mae     forces_rmse
[2025-10-01 15:25:05,361][curator.model.base][INFO] -      36          0          0.0728        0.000156          0.0726           0.013          0.0154          0.0222          0.0332
[2025-10-01 15:25:06,193][curator.model.base][INFO] -      36         10          0.0416          0.0097          0.0319           0.121           0.121          0.0167           0.022
[2025-10-01 15:25:07,020][curator.model.base][INFO] -      36         20           0.056        0.000243          0.0558          0.0137          0.0192           0.021          0.0291
[2025-10-01 15:25:07,836][curator.model.base][INFO] -      36         30          0.0596        0.000726          0.0589          0.0284          0.0332          0.0215          0.0299
[2025-10-01 15:25:08,647][curator.model.base][INFO] -      36         40          0.0347        0.000253          0.0344          0.0168          0.0196          0.0178          0.0228
[2025-10-01 15:25:09,469][curator.model.base][INFO] -      36         50          0.0231        6.15e-05           0.023         0.00789         0.00965          0.0141          0.0187
[2025-10-01 15:25:10,268][curator.model.base][INFO] -      36         60          0.0367        7.07e-05          0.0366         0.00863          0.0103           0.018          0.0235
[2025-10-01 15:25:11,074][curator.model.base][INFO] -      36         70          0.0338         0.00048          0.0333          0.0251           0.027          0.0171          0.0225
[2025-10-01 15:25:11,863][curator.model.base][INFO] -      36         80          0.0236        0.000333          0.0233           0.021          0.0225          0.0147          0.0188
[2025-10-01 15:25:12,657][curator.model.base][INFO] -      36         90          0.0298         0.00401          0.0258          0.0756           0.078          0.0147          0.0198
[2025-10-01 15:25:13,458][curator.model.base][INFO] -      36        100          0.0307        0.000684            0.03          0.0312          0.0322          0.0159          0.0213
[2025-10-01 15:25:14,269][curator.model.base][INFO] -      36        110          0.0321        0.000244          0.0319          0.0173          0.0192          0.0168           0.022
[2025-10-01 15:25:15,068][curator.model.base][INFO] -      36        120          0.0298        0.000171          0.0296          0.0111          0.0161           0.016          0.0212
[2025-10-01 15:25:15,567][curator.model.base][INFO] - 

[2025-10-01 15:25:15,568][curator.model.base][DEBUG] - Validating
[2025-10-01 15:25:15,568][curator.model.base][INFO] - # epoch      batch      total_loss     energy_loss     forces_loss      energy_mae     energy_rmse      forces_mae     forces_rmse
[2025-10-01 15:25:15,606][curator.model.base][INFO] -      36          0          0.0239        0.000108          0.0238         0.00883          0.0128          0.0144           0.019
[2025-10-01 15:25:16,011][curator.model.base][INFO] -      36         10           0.022        8.08e-05           0.022         0.00903          0.0111          0.0136          0.0182
[2025-10-01 15:25:16,416][curator.model.base][INFO] -      36         20           0.032        4.57e-05           0.032         0.00605         0.00832          0.0163           0.022
[2025-10-01 15:25:16,723][curator.model.base][INFO] - 

[2025-10-01 15:25:16,723][curator.model.base][DEBUG] - Epoch summary:
[2025-10-01 15:25:16,723][curator.model.base][INFO] - Validation  # epoch      total_loss     energy_loss     forces_loss      energy_mae     energy_rmse      forces_mae     forces_rmse
[2025-10-01 15:25:16,723][curator.model.base][INFO] -                  36          0.0248        4.29e-05           0.025         0.00648         0.00778          0.0145          0.0194
[2025-10-01 15:25:16,728][curator.model.base][INFO] - Train       # epoch      total_loss     energy_loss     forces_loss      energy_mae     energy_rmse      forces_mae     forces_rmse
[2025-10-01 15:25:16,729][curator.model.base][INFO] -                  36          0.0382         0.00102          0.0371          0.0311          0.0334          0.0175          0.0234
[2025-10-01 15:25:16,767][curator.model.base][INFO] - 

[2025-10-01 15:25:16,767][curator.model.base][DEBUG] - Training
[2025-10-01 15:25:16,767][curator.model.base][INFO] - # epoch      batch      total_loss     energy_loss     forces_loss      energy_mae     energy_rmse      forces_mae     forces_rmse
[2025-10-01 15:25:16,830][curator.model.base][INFO] -      37          0          0.0258        0.000764           0.025          0.0329           0.034          0.0148          0.0195
[2025-10-01 15:25:17,631][curator.model.base][INFO] -      37         10          0.0319         0.00125          0.0306          0.0419          0.0435          0.0165          0.0215
[2025-10-01 15:25:18,429][curator.model.base][INFO] -      37         20          0.0201        0.000185            0.02          0.0149          0.0167          0.0136          0.0174
[2025-10-01 15:25:19,222][curator.model.base][INFO] -      37         30          0.0296        0.000339          0.0292          0.0212          0.0227          0.0158           0.021
[2025-10-01 15:25:20,022][curator.model.base][INFO] -      37         40          0.0201        0.000588          0.0195           0.029          0.0298          0.0133          0.0172
[2025-10-01 15:25:20,823][curator.model.base][INFO] -      37         50          0.0294        0.000876          0.0285          0.0358          0.0364          0.0157          0.0208
[2025-10-01 15:25:21,610][curator.model.base][INFO] -      37         60          0.0316        5.22e-05          0.0316         0.00653         0.00889           0.017          0.0219
[2025-10-01 15:25:22,397][curator.model.base][INFO] -      37         70          0.0366        0.000127          0.0365          0.0123          0.0139          0.0181          0.0235
[2025-10-01 15:25:23,186][curator.model.base][INFO] -      37         80          0.0521         0.00146          0.0506          0.0458           0.047          0.0182          0.0277
[2025-10-01 15:25:24,003][curator.model.base][INFO] -      37         90           0.029         0.00112          0.0279          0.0397          0.0411          0.0152          0.0205
[2025-10-01 15:25:24,797][curator.model.base][INFO] -      37        100          0.0438         0.00056          0.0432          0.0272          0.0291          0.0186          0.0256
[2025-10-01 15:25:25,621][curator.model.base][INFO] -      37        110          0.0276        0.000206          0.0274          0.0166          0.0176          0.0156          0.0204
[2025-10-01 15:25:26,426][curator.model.base][INFO] -      37        120          0.0642         0.00235          0.0619          0.0589          0.0597          0.0222          0.0306
[2025-10-01 15:25:26,923][curator.model.base][INFO] - 

[2025-10-01 15:25:26,923][curator.model.base][DEBUG] - Validating
[2025-10-01 15:25:26,923][curator.model.base][INFO] - # epoch      batch      total_loss     energy_loss     forces_loss      energy_mae     energy_rmse      forces_mae     forces_rmse
[2025-10-01 15:25:26,962][curator.model.base][INFO] -      37          0           0.023        8.28e-05          0.0229          0.0078          0.0112          0.0141          0.0186
[2025-10-01 15:25:27,376][curator.model.base][INFO] -      37         10          0.0212        7.59e-05          0.0211         0.00831          0.0107          0.0133          0.0179
[2025-10-01 15:25:27,794][curator.model.base][INFO] -      37         20          0.0309        4.36e-05          0.0308         0.00606         0.00813          0.0161          0.0216
[2025-10-01 15:25:28,104][curator.model.base][INFO] - 

[2025-10-01 15:25:28,104][curator.model.base][DEBUG] - Epoch summary:
[2025-10-01 15:25:28,104][curator.model.base][INFO] - Validation  # epoch      total_loss     energy_loss     forces_loss      energy_mae     energy_rmse      forces_mae     forces_rmse
[2025-10-01 15:25:28,104][curator.model.base][INFO] -                  37          0.0239        3.94e-05          0.0242         0.00618         0.00745          0.0142           0.019
[2025-10-01 15:25:28,110][curator.model.base][INFO] - Train       # epoch      total_loss     energy_loss     forces_loss      energy_mae     energy_rmse      forces_mae     forces_rmse
[2025-10-01 15:25:28,110][curator.model.base][INFO] -                  37          0.0356         0.00142          0.0342          0.0371           0.039          0.0167          0.0224
[2025-10-01 15:25:28,145][curator.model.base][INFO] - 

[2025-10-01 15:25:28,145][curator.model.base][DEBUG] - Training
[2025-10-01 15:25:28,145][curator.model.base][INFO] - # epoch      batch      total_loss     energy_loss     forces_loss      energy_mae     energy_rmse      forces_mae     forces_rmse
[2025-10-01 15:25:28,210][curator.model.base][INFO] -      38          0          0.0579          0.0141          0.0438           0.145           0.146          0.0196          0.0258
[2025-10-01 15:25:29,013][curator.model.base][INFO] -      38         10          0.0735          0.0161          0.0574           0.155           0.156          0.0232          0.0295
[2025-10-01 15:25:29,824][curator.model.base][INFO] -      38         20           0.104          0.0697          0.0339           0.325           0.325          0.0175          0.0227
[2025-10-01 15:25:30,627][curator.model.base][INFO] -      38         30          0.0863          0.0468          0.0396           0.266           0.266          0.0188          0.0245
[2025-10-01 15:25:31,438][curator.model.base][INFO] -      38         40          0.0957          0.0478          0.0479           0.268           0.269          0.0201          0.0269
[2025-10-01 15:25:32,259][curator.model.base][INFO] -      38         50          0.0498          0.0205          0.0293           0.176           0.176          0.0157          0.0211
[2025-10-01 15:25:33,055][curator.model.base][INFO] -      38         60          0.0535          0.0206          0.0329           0.176           0.177          0.0171          0.0223
[2025-10-01 15:25:33,853][curator.model.base][INFO] -      38         70          0.0861         0.00382          0.0822          0.0731          0.0761          0.0254          0.0353
[2025-10-01 15:25:34,652][curator.model.base][INFO] -      38         80           0.124         0.00714           0.117           0.102           0.104          0.0312           0.042
[2025-10-01 15:25:35,449][curator.model.base][INFO] -      38         90          0.0558          0.0111          0.0447           0.129            0.13          0.0192           0.026
[2025-10-01 15:25:34,753][curator.model.base][INFO] -      38        100          0.0473         0.00252          0.0448          0.0597          0.0618          0.0201           0.026
[2025-10-01 15:25:35,553][curator.model.base][INFO] -      38        110          0.0969          0.0155          0.0813           0.153           0.153          0.0251          0.0351
[2025-10-01 15:25:36,354][curator.model.base][INFO] -      38        120          0.0865          0.0286          0.0579           0.208           0.208          0.0224          0.0296
[2025-10-01 15:25:36,856][curator.model.base][INFO] - 

[2025-10-01 15:25:36,856][curator.model.base][DEBUG] - Validating
[2025-10-01 15:25:36,856][curator.model.base][INFO] - # epoch      batch      total_loss     energy_loss     forces_loss      energy_mae     energy_rmse      forces_mae     forces_rmse
[2025-10-01 15:25:36,896][curator.model.base][INFO] -      38          0          0.0224        0.000122          0.0223         0.00967          0.0136          0.0137          0.0184
[2025-10-01 15:25:37,286][curator.model.base][INFO] -      38         10           0.021        8.21e-05          0.0209          0.0103          0.0112          0.0132          0.0178
[2025-10-01 15:25:37,694][curator.model.base][INFO] -      38         20          0.0304        5.88e-05          0.0303         0.00749         0.00943           0.016          0.0214
[2025-10-01 15:25:37,997][curator.model.base][INFO] - 

[2025-10-01 15:25:37,997][curator.model.base][DEBUG] - Epoch summary:
[2025-10-01 15:25:37,997][curator.model.base][INFO] - Validation  # epoch      total_loss     energy_loss     forces_loss      energy_mae     energy_rmse      forces_mae     forces_rmse
[2025-10-01 15:25:37,997][curator.model.base][INFO] -                  38          0.0238        5.84e-05           0.024         0.00776         0.00913          0.0141          0.0189
[2025-10-01 15:25:38,002][curator.model.base][INFO] - Train       # epoch      total_loss     energy_loss     forces_loss      energy_mae     energy_rmse      forces_mae     forces_rmse
[2025-10-01 15:25:38,002][curator.model.base][INFO] -                  38          0.0709          0.0201          0.0508           0.159            0.16          0.0203          0.0273
[2025-10-01 15:25:38,035][curator.model.base][INFO] - 

[2025-10-01 15:25:38,036][curator.model.base][DEBUG] - Training
[2025-10-01 15:25:38,036][curator.model.base][INFO] - # epoch      batch      total_loss     energy_loss     forces_loss      energy_mae     energy_rmse      forces_mae     forces_rmse
[2025-10-01 15:25:38,100][curator.model.base][INFO] -      39          0          0.0454         0.00614          0.0392          0.0952          0.0964          0.0183          0.0244
[2025-10-01 15:25:38,896][curator.model.base][INFO] -      39         10           0.044         0.00954          0.0345           0.119            0.12          0.0176          0.0229
[2025-10-01 15:25:39,702][curator.model.base][INFO] -      39         20           0.108         0.00326           0.105          0.0665          0.0703          0.0289          0.0399
[2025-10-01 15:25:40,505][curator.model.base][INFO] -      39         30           0.137        0.000638           0.137          0.0243          0.0311          0.0348          0.0455
[2025-10-01 15:25:41,303][curator.model.base][INFO] -      39         40           0.121         0.00196           0.119          0.0501          0.0545          0.0313          0.0424
[2025-10-01 15:25:42,101][curator.model.base][INFO] -      39         50          0.0693         0.00192          0.0674          0.0521          0.0539          0.0221           0.032
[2025-10-01 15:25:42,903][curator.model.base][INFO] -      39         60           0.069        0.000346          0.0687          0.0192          0.0229          0.0246          0.0323
[2025-10-01 15:25:43,692][curator.model.base][INFO] -      39         70          0.0452        0.000974          0.0442          0.0366          0.0384          0.0199          0.0259
[2025-10-01 15:25:44,501][curator.model.base][INFO] -      39         80          0.0426         0.00149          0.0412          0.0465          0.0476          0.0185           0.025
[2025-10-01 15:25:45,289][curator.model.base][INFO] -      39         90          0.0457        0.000234          0.0454          0.0169          0.0188          0.0196          0.0262
[2025-10-01 15:25:46,093][curator.model.base][INFO] -      39        100          0.0319        0.000112          0.0318         0.00926           0.013          0.0166          0.0219
[2025-10-01 15:25:46,901][curator.model.base][INFO] -      39        110          0.0348        5.18e-05          0.0348         0.00709         0.00885          0.0173           0.023
[2025-10-01 15:25:47,706][curator.model.base][INFO] -      39        120          0.0418        0.000169          0.0416           0.014           0.016          0.0192          0.0251
[2025-10-01 15:25:48,202][curator.model.base][INFO] - 

[2025-10-01 15:25:48,202][curator.model.base][DEBUG] - Validating
[2025-10-01 15:25:48,202][curator.model.base][INFO] - # epoch      batch      total_loss     energy_loss     forces_loss      energy_mae     energy_rmse      forces_mae     forces_rmse
[2025-10-01 15:25:48,241][curator.model.base][INFO] -      39          0           0.023        0.000115          0.0229          0.0089          0.0132           0.014          0.0186
[2025-10-01 15:25:48,643][curator.model.base][INFO] -      39         10          0.0208        7.92e-05          0.0207         0.00981           0.011          0.0132          0.0177
[2025-10-01 15:25:49,032][curator.model.base][INFO] -      39         20          0.0302        4.17e-05          0.0302          0.0062         0.00794          0.0159          0.0214
[2025-10-01 15:25:49,331][curator.model.base][INFO] - 

[2025-10-01 15:25:49,331][curator.model.base][DEBUG] - Epoch summary:
[2025-10-01 15:25:49,331][curator.model.base][INFO] - Validation  # epoch      total_loss     energy_loss     forces_loss      energy_mae     energy_rmse      forces_mae     forces_rmse
[2025-10-01 15:25:49,331][curator.model.base][INFO] -                  39          0.0238        5.25e-05           0.024         0.00727         0.00858          0.0141          0.0189
[2025-10-01 15:25:49,338][curator.model.base][INFO] - Train       # epoch      total_loss     energy_loss     forces_loss      energy_mae     energy_rmse      forces_mae     forces_rmse
[2025-10-01 15:25:49,338][curator.model.base][INFO] -                  39          0.0822         0.00481          0.0774          0.0571            0.06          0.0239          0.0323
[2025-10-01 15:25:49,372][curator.model.base][INFO] - 

[2025-10-01 15:25:49,372][curator.model.base][DEBUG] - Training
[2025-10-01 15:25:49,372][curator.model.base][INFO] - # epoch      batch      total_loss     energy_loss     forces_loss      energy_mae     energy_rmse      forces_mae     forces_rmse
[2025-10-01 15:25:49,434][curator.model.base][INFO] -      40          0          0.0323        0.000315          0.0319          0.0189          0.0218          0.0169           0.022
[2025-10-01 15:25:50,238][curator.model.base][INFO] -      40         10          0.0565        0.000295          0.0562          0.0164          0.0211          0.0207          0.0292
[2025-10-01 15:25:51,036][curator.model.base][INFO] -      40         20          0.0529        0.000344          0.0526          0.0205          0.0228          0.0214          0.0282
[2025-10-01 15:25:51,846][curator.model.base][INFO] -      40         30          0.0842        0.000419          0.0838          0.0188          0.0252           0.025          0.0356
[2025-10-01 15:25:52,662][curator.model.base][INFO] -      40         40          0.0321        0.000123           0.032          0.0117          0.0136          0.0164           0.022
[2025-10-01 15:25:53,461][curator.model.base][INFO] -      40         50          0.0355         0.00146           0.034           0.046           0.047          0.0175          0.0227
[2025-10-01 15:25:54,247][curator.model.base][INFO] -      40         60          0.0269        0.000724          0.0262          0.0322          0.0331          0.0154          0.0199
[2025-10-01 15:25:55,040][curator.model.base][INFO] -      40         70          0.0683         0.00146          0.0669          0.0426          0.0471          0.0233          0.0318
[2025-10-01 15:25:55,858][curator.model.base][INFO] -      40         80          0.0412         0.00133          0.0398          0.0439          0.0449          0.0186          0.0246
[2025-10-01 15:25:56,667][curator.model.base][INFO] -      40         90          0.0346        0.000493          0.0341          0.0258          0.0273           0.017          0.0227
[2025-10-01 15:25:57,464][curator.model.base][INFO] -      40        100          0.0253        0.000202          0.0251           0.017          0.0175          0.0145          0.0195
[2025-10-01 15:25:58,286][curator.model.base][INFO] -      40        110          0.0321        5.49e-05           0.032         0.00785         0.00912          0.0171           0.022
[2025-10-01 15:25:59,087][curator.model.base][INFO] -      40        120          0.0295        0.000509          0.0289          0.0268          0.0278          0.0162          0.0209
[2025-10-01 15:25:59,589][curator.model.base][INFO] - 

[2025-10-01 15:25:59,589][curator.model.base][DEBUG] - Validating
[2025-10-01 15:25:59,589][curator.model.base][INFO] - # epoch      batch      total_loss     energy_loss     forces_loss      energy_mae     energy_rmse      forces_mae     forces_rmse
[2025-10-01 15:25:59,629][curator.model.base][INFO] -      40          0          0.0226        8.91e-05          0.0225         0.00787          0.0116          0.0139          0.0185
[2025-10-01 15:26:00,033][curator.model.base][INFO] -      40         10          0.0204        7.16e-05          0.0203         0.00903          0.0104           0.013          0.0175
[2025-10-01 15:26:00,426][curator.model.base][INFO] -      40         20          0.0289        3.52e-05          0.0289         0.00576          0.0073          0.0156          0.0209
[2025-10-01 15:26:00,736][curator.model.base][INFO] - 

[2025-10-01 15:26:00,736][curator.model.base][DEBUG] - Epoch summary:
[2025-10-01 15:26:00,736][curator.model.base][INFO] - Validation  # epoch      total_loss     energy_loss     forces_loss      energy_mae     energy_rmse      forces_mae     forces_rmse
[2025-10-01 15:26:00,736][curator.model.base][INFO] -                  40           0.023        4.35e-05          0.0232         0.00661         0.00779          0.0139          0.0186
[2025-10-01 15:26:00,741][curator.model.base][INFO] - Train       # epoch      total_loss     energy_loss     forces_loss      energy_mae     energy_rmse      forces_mae     forces_rmse
[2025-10-01 15:26:00,741][curator.model.base][INFO] -                  40          0.0433        0.000397           0.043          0.0199          0.0227          0.0186          0.0251
[2025-10-01 15:26:00,776][curator.model.base][INFO] - 

[2025-10-01 15:26:00,776][curator.model.base][DEBUG] - Training
[2025-10-01 15:26:00,776][curator.model.base][INFO] - # epoch      batch      total_loss     energy_loss     forces_loss      energy_mae     energy_rmse      forces_mae     forces_rmse
[2025-10-01 15:26:00,841][curator.model.base][INFO] -      41          0          0.0327        8.99e-05          0.0326          0.0101          0.0117          0.0169          0.0222
[2025-10-01 15:26:01,638][curator.model.base][INFO] -      41         10          0.0407        9.16e-05          0.0406         0.00735          0.0118          0.0177          0.0248
[2025-10-01 15:26:02,439][curator.model.base][INFO] -      41         20          0.0395        0.000237          0.0393          0.0146          0.0189          0.0183          0.0244
[2025-10-01 15:26:03,257][curator.model.base][INFO] -      41         30          0.0328        0.000191          0.0327          0.0148           0.017          0.0166          0.0222
[2025-10-01 15:26:04,061][curator.model.base][INFO] -      41         40          0.0502        0.000121          0.0501         0.00994          0.0135          0.0202          0.0275
[2025-10-01 15:26:04,859][curator.model.base][INFO] -      41         50          0.0705        0.000442          0.0701          0.0226          0.0259          0.0242          0.0326
[2025-10-01 15:26:05,661][curator.model.base][INFO] -      41         60          0.0376        0.000301          0.0373          0.0201          0.0213          0.0182          0.0238
[2025-10-01 15:26:06,451][curator.model.base][INFO] -      41         70          0.0408         0.00352          0.0373          0.0708           0.073          0.0175          0.0238
[2025-10-01 15:26:05,678][curator.model.base][INFO] -      41         80          0.0355        0.000333          0.0352          0.0206          0.0225          0.0171          0.0231
[2025-10-01 15:26:06,491][curator.model.base][INFO] -      41         90          0.0364         0.00156          0.0348          0.0473          0.0486          0.0174           0.023
[2025-10-01 15:26:07,293][curator.model.base][INFO] -      41        100          0.0373        0.000331           0.037          0.0138          0.0224          0.0179          0.0237
[2025-10-01 15:26:08,101][curator.model.base][INFO] -      41        110            0.05        0.000257          0.0497          0.0172          0.0197          0.0196          0.0274
[2025-10-01 15:26:08,913][curator.model.base][INFO] -      41        120           0.047        0.000268          0.0467          0.0155          0.0202          0.0197          0.0266
[2025-10-01 15:26:09,412][curator.model.base][INFO] - 

[2025-10-01 15:26:09,413][curator.model.base][DEBUG] - Validating
[2025-10-01 15:26:09,413][curator.model.base][INFO] - # epoch      batch      total_loss     energy_loss     forces_loss      energy_mae     energy_rmse      forces_mae     forces_rmse
[2025-10-01 15:26:09,450][curator.model.base][INFO] -      41          0          0.0218        7.37e-05          0.0217         0.00741          0.0106          0.0136          0.0181
[2025-10-01 15:26:09,851][curator.model.base][INFO] -      41         10          0.0192        6.79e-05          0.0192         0.00871          0.0101          0.0127           0.017
[2025-10-01 15:26:10,261][curator.model.base][INFO] -      41         20          0.0281         3.8e-05          0.0281          0.0062         0.00759          0.0154          0.0206
[2025-10-01 15:26:10,555][curator.model.base][INFO] - 

[2025-10-01 15:26:10,555][curator.model.base][DEBUG] - Epoch summary:
[2025-10-01 15:26:10,555][curator.model.base][INFO] - Validation  # epoch      total_loss     energy_loss     forces_loss      energy_mae     energy_rmse      forces_mae     forces_rmse
[2025-10-01 15:26:10,555][curator.model.base][INFO] -                  41          0.0223        4.15e-05          0.0225         0.00642         0.00758          0.0137          0.0184
[2025-10-01 15:26:10,562][curator.model.base][INFO] - Train       # epoch      total_loss     energy_loss     forces_loss      energy_mae     energy_rmse      forces_mae     forces_rmse
[2025-10-01 15:26:10,562][curator.model.base][INFO] -                  41          0.0406        0.000465          0.0401          0.0205          0.0231          0.0182          0.0245
[2025-10-01 15:26:10,602][curator.model.base][INFO] - 

[2025-10-01 15:26:10,602][curator.model.base][DEBUG] - Training
[2025-10-01 15:26:10,602][curator.model.base][INFO] - # epoch      batch      total_loss     energy_loss     forces_loss      energy_mae     energy_rmse      forces_mae     forces_rmse
[2025-10-01 15:26:10,662][curator.model.base][INFO] -      42          0          0.0366        0.000166          0.0365          0.0128          0.0159          0.0181          0.0235
[2025-10-01 15:26:11,461][curator.model.base][INFO] -      42         10          0.0266        0.000797          0.0258          0.0335          0.0347          0.0153          0.0198
[2025-10-01 15:26:12,251][curator.model.base][INFO] -      42         20           0.035        0.000218          0.0348          0.0171          0.0182          0.0174           0.023
[2025-10-01 15:26:13,067][curator.model.base][INFO] -      42         30          0.0379        0.000256          0.0376          0.0168          0.0197          0.0178          0.0239
[2025-10-01 15:26:13,857][curator.model.base][INFO] -      42         40          0.0289        8.27e-05          0.0288         0.00997          0.0112          0.0159          0.0209
[2025-10-01 15:26:14,655][curator.model.base][INFO] -      42         50          0.0311        0.000117           0.031          0.0111          0.0133          0.0166          0.0217
[2025-10-01 15:26:15,445][curator.model.base][INFO] -      42         60          0.0285        0.000208          0.0283          0.0166          0.0177          0.0156          0.0207
[2025-10-01 15:26:16,258][curator.model.base][INFO] -      42         70           0.032        5.82e-05          0.0319         0.00838         0.00939          0.0167           0.022
[2025-10-01 15:26:17,084][curator.model.base][INFO] -      42         80          0.0255        0.000104          0.0254          0.0094          0.0125          0.0151          0.0196
[2025-10-01 15:26:17,901][curator.model.base][INFO] -      42         90          0.0328        5.19e-05          0.0327         0.00639         0.00887          0.0169          0.0223
[2025-10-01 15:26:18,721][curator.model.base][INFO] -      42        100          0.0299        0.000776          0.0292          0.0334          0.0343           0.016           0.021
[2025-10-01 15:26:19,549][curator.model.base][INFO] -      42        110           0.035         0.00096          0.0341          0.0353          0.0381          0.0174          0.0227
[2025-10-01 15:26:20,368][curator.model.base][INFO] -      42        120          0.0225        0.000266          0.0222          0.0177          0.0201          0.0142          0.0184
[2025-10-01 15:26:20,876][curator.model.base][INFO] - 

[2025-10-01 15:26:20,876][curator.model.base][DEBUG] - Validating
[2025-10-01 15:26:20,876][curator.model.base][INFO] - # epoch      batch      total_loss     energy_loss     forces_loss      energy_mae     energy_rmse      forces_mae     forces_rmse
[2025-10-01 15:26:20,919][curator.model.base][INFO] -      42          0          0.0216        6.36e-05          0.0215         0.00683         0.00982          0.0136           0.018
[2025-10-01 15:26:21,322][curator.model.base][INFO] -      42         10          0.0187        6.08e-05          0.0186         0.00779          0.0096          0.0124          0.0168
[2025-10-01 15:26:21,732][curator.model.base][INFO] -      42         20          0.0274         3.9e-05          0.0273         0.00574         0.00768          0.0151          0.0203
[2025-10-01 15:26:22,031][curator.model.base][INFO] - 

[2025-10-01 15:26:22,031][curator.model.base][DEBUG] - Epoch summary:
[2025-10-01 15:26:22,031][curator.model.base][INFO] - Validation  # epoch      total_loss     energy_loss     forces_loss      energy_mae     energy_rmse      forces_mae     forces_rmse
[2025-10-01 15:26:22,031][curator.model.base][INFO] -                  42          0.0216        3.58e-05          0.0219         0.00587         0.00702          0.0135          0.0181
[2025-10-01 15:26:22,037][curator.model.base][INFO] - Train       # epoch      total_loss     energy_loss     forces_loss      energy_mae     energy_rmse      forces_mae     forces_rmse
[2025-10-01 15:26:22,037][curator.model.base][INFO] -                  42          0.0307        0.000367          0.0304          0.0188          0.0211          0.0162          0.0214
[2025-10-01 15:26:22,075][curator.model.base][INFO] - 

[2025-10-01 15:26:22,075][curator.model.base][DEBUG] - Training
[2025-10-01 15:26:22,075][curator.model.base][INFO] - # epoch      batch      total_loss     energy_loss     forces_loss      energy_mae     energy_rmse      forces_mae     forces_rmse
[2025-10-01 15:26:22,138][curator.model.base][INFO] -      43          0          0.0231        0.000674          0.0225          0.0293           0.032           0.014          0.0184
[2025-10-01 15:26:22,948][curator.model.base][INFO] -      43         10          0.0331        9.74e-05           0.033         0.00902          0.0121          0.0165          0.0224
[2025-10-01 15:26:23,769][curator.model.base][INFO] -      43         20          0.0599         0.00111          0.0588          0.0365           0.041          0.0208          0.0298
[2025-10-01 15:26:24,567][curator.model.base][INFO] -      43         30          0.0405        0.000901          0.0396          0.0359          0.0369          0.0183          0.0245
[2025-10-01 15:26:25,370][curator.model.base][INFO] -      43         40          0.0277        0.000773          0.0269           0.033          0.0342          0.0156          0.0202
[2025-10-01 15:26:26,162][curator.model.base][INFO] -      43         50          0.0279         0.00042          0.0275          0.0193          0.0252          0.0155          0.0204
[2025-10-01 15:26:26,952][curator.model.base][INFO] -      43         60          0.0193        5.49e-05          0.0193         0.00742         0.00912          0.0132          0.0171
[2025-10-01 15:26:27,744][curator.model.base][INFO] -      43         70           0.038        0.000624          0.0374          0.0284          0.0307          0.0174          0.0238
[2025-10-01 15:26:28,536][curator.model.base][INFO] -      43         80          0.0365        0.000165          0.0363           0.011          0.0158          0.0173          0.0235
[2025-10-01 15:26:29,359][curator.model.base][INFO] -      43         90          0.0381         0.00149          0.0366          0.0466          0.0475          0.0183          0.0235
[2025-10-01 15:26:30,156][curator.model.base][INFO] -      43        100          0.0359         0.00101          0.0349          0.0387          0.0392          0.0169           0.023
[2025-10-01 15:26:30,943][curator.model.base][INFO] -      43        110           0.029        4.55e-05           0.029         0.00708          0.0083          0.0158           0.021
[2025-10-01 15:26:31,743][curator.model.base][INFO] -      43        120          0.0313        0.000116          0.0312         0.00949          0.0132          0.0165          0.0217
[2025-10-01 15:26:32,248][curator.model.base][INFO] - 

[2025-10-01 15:26:32,248][curator.model.base][DEBUG] - Validating
[2025-10-01 15:26:32,248][curator.model.base][INFO] - # epoch      batch      total_loss     energy_loss     forces_loss      energy_mae     energy_rmse      forces_mae     forces_rmse
[2025-10-01 15:26:32,292][curator.model.base][INFO] -      43          0          0.0203        7.23e-05          0.0202          0.0075          0.0105          0.0132          0.0175
[2025-10-01 15:26:32,696][curator.model.base][INFO] -      43         10          0.0182        6.55e-05          0.0181         0.00824         0.00996          0.0123          0.0166
[2025-10-01 15:26:33,102][curator.model.base][INFO] -      43         20           0.027        4.38e-05           0.027          0.0062         0.00814          0.0151          0.0202
[2025-10-01 15:26:33,412][curator.model.base][INFO] - 

[2025-10-01 15:26:33,412][curator.model.base][DEBUG] - Epoch summary:
[2025-10-01 15:26:33,413][curator.model.base][INFO] - Validation  # epoch      total_loss     energy_loss     forces_loss      energy_mae     energy_rmse      forces_mae     forces_rmse
[2025-10-01 15:26:33,413][curator.model.base][INFO] -                  43          0.0211        3.63e-05          0.0214         0.00592         0.00708          0.0133          0.0179
[2025-10-01 15:26:33,418][curator.model.base][INFO] - Train       # epoch      total_loss     energy_loss     forces_loss      energy_mae     energy_rmse      forces_mae     forces_rmse
[2025-10-01 15:26:33,418][curator.model.base][INFO] -                  43          0.0343         0.00059          0.0337          0.0234          0.0256          0.0166          0.0223
[2025-10-01 15:26:33,454][curator.model.base][INFO] - 

[2025-10-01 15:26:33,454][curator.model.base][DEBUG] - Training
[2025-10-01 15:26:33,454][curator.model.base][INFO] - # epoch      batch      total_loss     energy_loss     forces_loss      energy_mae     energy_rmse      forces_mae     forces_rmse
[2025-10-01 15:26:33,520][curator.model.base][INFO] -      44          0          0.0458        0.000451          0.0453          0.0163          0.0261          0.0179          0.0262
[2025-10-01 15:26:34,349][curator.model.base][INFO] -      44         10          0.0352        0.000327          0.0348          0.0133          0.0222          0.0173           0.023
[2025-10-01 15:26:35,153][curator.model.base][INFO] -      44         20          0.0438        0.000707          0.0431          0.0316          0.0327          0.0193          0.0255
[2025-10-01 15:26:35,948][curator.model.base][INFO] -      44         30          0.0466        0.000162          0.0464          0.0107          0.0157          0.0187          0.0265
[2025-10-01 15:26:36,827][curator.model.base][INFO] -      44         40          0.0456         0.00201          0.0436          0.0541          0.0551          0.0181          0.0257
[2025-10-01 15:26:36,074][curator.model.base][INFO] -      44         50          0.0454        0.000617          0.0448          0.0272          0.0306          0.0191           0.026
[2025-10-01 15:26:36,893][curator.model.base][INFO] -      44         60          0.0666        0.000522          0.0661           0.026          0.0281          0.0221          0.0316
[2025-10-01 15:26:37,694][curator.model.base][INFO] -      44         70          0.0301        7.14e-05            0.03         0.00916          0.0104          0.0164          0.0213
[2025-10-01 15:26:38,492][curator.model.base][INFO] -      44         80          0.0279        0.000219          0.0277          0.0142          0.0182          0.0154          0.0205
[2025-10-01 15:26:39,283][curator.model.base][INFO] -      44         90           0.045        0.000512          0.0445          0.0214          0.0279          0.0188           0.026
[2025-10-01 15:26:40,072][curator.model.base][INFO] -      44        100          0.0473           0.002          0.0453          0.0543           0.055          0.0192          0.0262
[2025-10-01 15:26:40,875][curator.model.base][INFO] -      44        110           0.079         0.00761          0.0713           0.104           0.107          0.0229          0.0329
[2025-10-01 15:26:41,678][curator.model.base][INFO] -      44        120           0.102          0.0326          0.0695           0.222           0.222          0.0227          0.0324
[2025-10-01 15:26:42,165][curator.model.base][INFO] - 

[2025-10-01 15:26:42,165][curator.model.base][DEBUG] - Validating
[2025-10-01 15:26:42,165][curator.model.base][INFO] - # epoch      batch      total_loss     energy_loss     forces_loss      energy_mae     energy_rmse      forces_mae     forces_rmse
[2025-10-01 15:26:42,205][curator.model.base][INFO] -      44          0            0.02        7.18e-05          0.0199         0.00777          0.0104          0.0132          0.0174
[2025-10-01 15:26:42,611][curator.model.base][INFO] -      44         10          0.0181        6.41e-05           0.018          0.0086         0.00985          0.0122          0.0165
[2025-10-01 15:26:43,026][curator.model.base][INFO] -      44         20          0.0269        5.09e-05          0.0269         0.00697         0.00878           0.015          0.0202
[2025-10-01 15:26:43,331][curator.model.base][INFO] - 

[2025-10-01 15:26:43,331][curator.model.base][DEBUG] - Epoch summary:
[2025-10-01 15:26:43,332][curator.model.base][INFO] - Validation  # epoch      total_loss     energy_loss     forces_loss      energy_mae     energy_rmse      forces_mae     forces_rmse
[2025-10-01 15:26:43,332][curator.model.base][INFO] -                  44          0.0208        4.19e-05          0.0211         0.00645         0.00763          0.0132          0.0177
[2025-10-01 15:26:43,337][curator.model.base][INFO] - Train       # epoch      total_loss     energy_loss     forces_loss      energy_mae     energy_rmse      forces_mae     forces_rmse
[2025-10-01 15:26:43,337][curator.model.base][INFO] -                  44          0.0512         0.00241          0.0488          0.0395          0.0421          0.0193          0.0266
[2025-10-01 15:26:43,370][curator.model.base][INFO] - 

[2025-10-01 15:26:43,370][curator.model.base][DEBUG] - Training
[2025-10-01 15:26:43,371][curator.model.base][INFO] - # epoch      batch      total_loss     energy_loss     forces_loss      energy_mae     energy_rmse      forces_mae     forces_rmse
[2025-10-01 15:26:43,431][curator.model.base][INFO] -      45          0          0.0818        0.000192          0.0816           0.012           0.017          0.0244          0.0352
[2025-10-01 15:26:44,234][curator.model.base][INFO] -      45         10          0.0604        0.000363          0.0601          0.0166          0.0235          0.0234          0.0302
[2025-10-01 15:26:45,034][curator.model.base][INFO] -      45         20          0.0563        0.000365          0.0559          0.0196          0.0235          0.0221          0.0291
[2025-10-01 15:26:45,826][curator.model.base][INFO] -      45         30          0.0358         0.00273          0.0331          0.0632          0.0643           0.017          0.0224
[2025-10-01 15:26:46,663][curator.model.base][INFO] -      45         40           0.037         0.00108           0.036          0.0379          0.0404          0.0178          0.0233
[2025-10-01 15:26:47,487][curator.model.base][INFO] -      45         50          0.0406        3.51e-05          0.0405         0.00541         0.00729          0.0175          0.0248
[2025-10-01 15:26:48,295][curator.model.base][INFO] -      45         60          0.0981         0.00022          0.0979          0.0147          0.0183          0.0258          0.0385
[2025-10-01 15:26:49,091][curator.model.base][INFO] -      45         70          0.0902        0.000552          0.0896          0.0197          0.0289           0.025          0.0368
[2025-10-01 15:26:49,895][curator.model.base][INFO] -      45         80           0.127        0.000665           0.126          0.0243          0.0317          0.0272          0.0438
[2025-10-01 15:26:50,710][curator.model.base][INFO] -      45         90          0.0419         0.00202          0.0399          0.0543          0.0553          0.0191          0.0246
[2025-10-01 15:26:51,523][curator.model.base][INFO] -      45        100          0.0625          0.0165          0.0459           0.157           0.158          0.0195          0.0264
[2025-10-01 15:26:52,306][curator.model.base][INFO] -      45        110          0.0656          0.0282          0.0374           0.206           0.207          0.0178          0.0238
[2025-10-01 15:26:53,116][curator.model.base][INFO] -      45        120          0.0581         0.00419          0.0539          0.0792          0.0796          0.0208          0.0286
[2025-10-01 15:26:53,613][curator.model.base][INFO] - 

[2025-10-01 15:26:53,614][curator.model.base][DEBUG] - Validating
[2025-10-01 15:26:53,614][curator.model.base][INFO] - # epoch      batch      total_loss     energy_loss     forces_loss      energy_mae     energy_rmse      forces_mae     forces_rmse
[2025-10-01 15:26:53,652][curator.model.base][INFO] -      45          0            0.02        7.91e-05          0.0199         0.00788          0.0109          0.0131          0.0174
[2025-10-01 15:26:54,061][curator.model.base][INFO] -      45         10          0.0178        5.12e-05          0.0178          0.0076          0.0088          0.0121          0.0164
[2025-10-01 15:26:54,464][curator.model.base][INFO] -      45         20           0.026        4.66e-05           0.026         0.00667          0.0084          0.0148          0.0198
[2025-10-01 15:26:54,771][curator.model.base][INFO] - 

[2025-10-01 15:26:54,771][curator.model.base][DEBUG] - Epoch summary:
[2025-10-01 15:26:54,771][curator.model.base][INFO] - Validation  # epoch      total_loss     energy_loss     forces_loss      energy_mae     energy_rmse      forces_mae     forces_rmse
[2025-10-01 15:26:54,771][curator.model.base][INFO] -                  45          0.0208        4.01e-05           0.021         0.00621          0.0074          0.0131          0.0177
[2025-10-01 15:26:54,777][curator.model.base][INFO] - Train       # epoch      total_loss     energy_loss     forces_loss      energy_mae     energy_rmse      forces_mae     forces_rmse
[2025-10-01 15:26:54,777][curator.model.base][INFO] -                  45          0.0606          0.0056           0.055          0.0626          0.0651          0.0208          0.0284
[2025-10-01 15:26:54,812][curator.model.base][INFO] - 

[2025-10-01 15:26:54,812][curator.model.base][DEBUG] - Training
[2025-10-01 15:26:54,812][curator.model.base][INFO] - # epoch      batch      total_loss     energy_loss     forces_loss      energy_mae     energy_rmse      forces_mae     forces_rmse
[2025-10-01 15:26:54,872][curator.model.base][INFO] -      46          0          0.0532          0.0263          0.0269           0.199             0.2          0.0153          0.0202
[2025-10-01 15:26:55,675][curator.model.base][INFO] -      46         10          0.0418        0.000863          0.0409          0.0346          0.0361          0.0186          0.0249
[2025-10-01 15:26:56,478][curator.model.base][INFO] -      46         20          0.0339         0.00107          0.0328          0.0391          0.0402          0.0169          0.0223
[2025-10-01 15:26:57,278][curator.model.base][INFO] -      46         30          0.0299        0.000109          0.0297         0.00957          0.0128          0.0164          0.0212
[2025-10-01 15:26:58,097][curator.model.base][INFO] -      46         40          0.0301        0.000105            0.03          0.0108          0.0126          0.0164          0.0213
[2025-10-01 15:26:58,897][curator.model.base][INFO] -      46         50          0.0296         0.00018          0.0294          0.0129          0.0165          0.0158          0.0211
[2025-10-01 15:26:59,694][curator.model.base][INFO] -      46         60          0.0265        6.84e-05          0.0264         0.00866          0.0102          0.0149            0.02
[2025-10-01 15:27:00,501][curator.model.base][INFO] -      46         70          0.0208        0.000128          0.0207          0.0129          0.0139          0.0134          0.0177
[2025-10-01 15:27:01,299][curator.model.base][INFO] -      46         80          0.0334        0.000157          0.0333          0.0109          0.0154          0.0159          0.0224
[2025-10-01 15:27:02,103][curator.model.base][INFO] -      46         90          0.0375        0.000284          0.0372          0.0189          0.0207          0.0174          0.0237
[2025-10-01 15:27:02,897][curator.model.base][INFO] -      46        100          0.0386        5.56e-05          0.0385         0.00716         0.00917          0.0178          0.0242
[2025-10-01 15:27:03,705][curator.model.base][INFO] -      46        110          0.0316         9.6e-05          0.0316         0.00893          0.0121          0.0168          0.0219
[2025-10-01 15:27:04,501][curator.model.base][INFO] -      46        120          0.0323        0.000314           0.032          0.0191          0.0218          0.0169           0.022
[2025-10-01 15:27:04,988][curator.model.base][INFO] - 

[2025-10-01 15:27:04,988][curator.model.base][DEBUG] - Validating
[2025-10-01 15:27:04,988][curator.model.base][INFO] - # epoch      batch      total_loss     energy_loss     forces_loss      energy_mae     energy_rmse      forces_mae     forces_rmse
[2025-10-01 15:27:05,025][curator.model.base][INFO] -      46          0          0.0201        7.27e-05            0.02         0.00748          0.0105          0.0131          0.0174
[2025-10-01 15:27:05,434][curator.model.base][INFO] -      46         10          0.0174        5.16e-05          0.0173         0.00729         0.00884           0.012          0.0162
[2025-10-01 15:27:05,840][curator.model.base][INFO] -      46         20          0.0254        4.03e-05          0.0254         0.00613         0.00781          0.0146          0.0196
[2025-10-01 15:27:06,147][curator.model.base][INFO] - 

[2025-10-01 15:27:06,147][curator.model.base][DEBUG] - Epoch summary:
[2025-10-01 15:27:06,147][curator.model.base][INFO] - Validation  # epoch      total_loss     energy_loss     forces_loss      energy_mae     energy_rmse      forces_mae     forces_rmse
[2025-10-01 15:27:06,147][curator.model.base][INFO] -                  46          0.0205        3.71e-05          0.0207         0.00588         0.00712           0.013          0.0176
[2025-10-01 15:27:06,152][curator.model.base][INFO] - Train       # epoch      total_loss     energy_loss     forces_loss      energy_mae     energy_rmse      forces_mae     forces_rmse
[2025-10-01 15:27:06,152][curator.model.base][INFO] -                  46           0.035         0.00103           0.034          0.0265          0.0289          0.0168          0.0225
[2025-10-01 15:27:06,187][curator.model.base][INFO] - 

[2025-10-01 15:27:06,187][curator.model.base][DEBUG] - Training
[2025-10-01 15:27:06,187][curator.model.base][INFO] - # epoch      batch      total_loss     energy_loss     forces_loss      energy_mae     energy_rmse      forces_mae     forces_rmse
[2025-10-01 15:27:06,249][curator.model.base][INFO] -      47          0          0.0354        0.000104          0.0353         0.00972          0.0125          0.0181          0.0231
[2025-10-01 15:27:07,065][curator.model.base][INFO] -      47         10          0.0324        6.68e-05          0.0323         0.00792          0.0101          0.0171          0.0221
[2025-10-01 15:27:07,870][curator.model.base][INFO] -      47         20          0.0424         0.00181          0.0406            0.05          0.0523          0.0186          0.0248
[2025-10-01 15:27:07,223][curator.model.base][INFO] -      47         30          0.0605         0.00282          0.0577          0.0637          0.0654          0.0213          0.0296
[2025-10-01 15:27:08,022][curator.model.base][INFO] -      47         40          0.0561         0.00288          0.0532          0.0637          0.0661          0.0216          0.0284
[2025-10-01 15:27:08,829][curator.model.base][INFO] -      47         50          0.0415        0.000827          0.0406           0.033          0.0354          0.0188          0.0248
[2025-10-01 15:27:09,624][curator.model.base][INFO] -      47         60          0.0287        0.000391          0.0283          0.0223          0.0243          0.0162          0.0207
[2025-10-01 15:27:10,433][curator.model.base][INFO] -      47         70          0.0475         0.00203          0.0455          0.0525          0.0554          0.0199          0.0262
[2025-10-01 15:27:11,261][curator.model.base][INFO] -      47         80          0.0564         0.00137          0.0551          0.0436          0.0455          0.0218          0.0289
[2025-10-01 15:27:12,059][curator.model.base][INFO] -      47         90          0.0369        0.000772          0.0361          0.0311          0.0342          0.0178          0.0234
[2025-10-01 15:27:12,862][curator.model.base][INFO] -      47        100          0.0565         0.00098          0.0556           0.036          0.0385          0.0207           0.029
[2025-10-01 15:27:13,655][curator.model.base][INFO] -      47        110           0.192        0.000287           0.192          0.0165          0.0208          0.0406          0.0539
[2025-10-01 15:27:14,454][curator.model.base][INFO] -      47        120           0.187         0.00204           0.185          0.0477          0.0556          0.0395          0.0529
[2025-10-01 15:27:14,957][curator.model.base][INFO] - 

[2025-10-01 15:27:14,957][curator.model.base][DEBUG] - Validating
[2025-10-01 15:27:14,958][curator.model.base][INFO] - # epoch      batch      total_loss     energy_loss     forces_loss      energy_mae     energy_rmse      forces_mae     forces_rmse
[2025-10-01 15:27:15,003][curator.model.base][INFO] -      47          0          0.0196        7.99e-05          0.0196         0.00768           0.011           0.013          0.0172
[2025-10-01 15:27:15,411][curator.model.base][INFO] -      47         10          0.0168        6.21e-05          0.0167         0.00877          0.0097          0.0118          0.0159
[2025-10-01 15:27:15,817][curator.model.base][INFO] -      47         20          0.0247        5.06e-05          0.0247         0.00693         0.00875          0.0144          0.0193
[2025-10-01 15:27:16,125][curator.model.base][INFO] - 

[2025-10-01 15:27:16,125][curator.model.base][DEBUG] - Epoch summary:
[2025-10-01 15:27:16,126][curator.model.base][INFO] - Validation  # epoch      total_loss     energy_loss     forces_loss      energy_mae     energy_rmse      forces_mae     forces_rmse
[2025-10-01 15:27:16,126][curator.model.base][INFO] -                  47          0.0203        4.57e-05          0.0205         0.00663         0.00795           0.013          0.0175
[2025-10-01 15:27:16,131][curator.model.base][INFO] - Train       # epoch      total_loss     energy_loss     forces_loss      energy_mae     energy_rmse      forces_mae     forces_rmse
[2025-10-01 15:27:16,131][curator.model.base][INFO] -                  47          0.0689         0.00106          0.0678           0.032          0.0352          0.0221          0.0303
[2025-10-01 15:27:16,167][curator.model.base][INFO] - 

[2025-10-01 15:27:16,167][curator.model.base][DEBUG] - Training
[2025-10-01 15:27:16,167][curator.model.base][INFO] - # epoch      batch      total_loss     energy_loss     forces_loss      energy_mae     energy_rmse      forces_mae     forces_rmse
[2025-10-01 15:27:16,234][curator.model.base][INFO] -      48          0           0.146         0.00102           0.145          0.0303          0.0393          0.0341          0.0469
[2025-10-01 15:27:17,068][curator.model.base][INFO] -      48         10          0.0851        0.000325          0.0848          0.0155          0.0222          0.0235          0.0358
[2025-10-01 15:27:17,907][curator.model.base][INFO] -      48         20          0.0548        0.000686          0.0541          0.0288          0.0322          0.0219          0.0286
[2025-10-01 15:27:18,703][curator.model.base][INFO] -      48         30          0.0524        0.000267          0.0521          0.0136          0.0201           0.021          0.0281
[2025-10-01 15:27:19,503][curator.model.base][INFO] -      48         40          0.0339         0.00155          0.0323          0.0464          0.0485           0.017          0.0221
[2025-10-01 15:27:20,312][curator.model.base][INFO] -      48         50           0.031        0.000451          0.0306           0.023          0.0261          0.0162          0.0215
[2025-10-01 15:27:21,142][curator.model.base][INFO] -      48         60          0.0199         0.00136          0.0185          0.0449          0.0453          0.0129          0.0167
[2025-10-01 15:27:21,937][curator.model.base][INFO] -      48         70          0.0246        0.000315          0.0243          0.0205          0.0218          0.0146          0.0192
[2025-10-01 15:27:22,744][curator.model.base][INFO] -      48         80          0.0262        5.95e-05          0.0262         0.00742         0.00949          0.0151          0.0199
[2025-10-01 15:27:23,533][curator.model.base][INFO] -      48         90          0.0247        6.52e-05          0.0246         0.00804         0.00994          0.0146          0.0193
[2025-10-01 15:27:24,327][curator.model.base][INFO] -      48        100          0.0188         9.3e-05          0.0187           0.011          0.0119          0.0129          0.0168
[2025-10-01 15:27:25,129][curator.model.base][INFO] -      48        110          0.0219        7.23e-05          0.0219         0.00842          0.0105          0.0138          0.0182
[2025-10-01 15:27:25,946][curator.model.base][INFO] -      48        120          0.0323        0.000613          0.0317          0.0291          0.0305          0.0155          0.0219
[2025-10-01 15:27:26,455][curator.model.base][INFO] - 

[2025-10-01 15:27:26,455][curator.model.base][DEBUG] - Validating
[2025-10-01 15:27:26,455][curator.model.base][INFO] - # epoch      batch      total_loss     energy_loss     forces_loss      energy_mae     energy_rmse      forces_mae     forces_rmse
[2025-10-01 15:27:26,503][curator.model.base][INFO] -      48          0          0.0191        6.37e-05           0.019          0.0069         0.00982          0.0127           0.017
[2025-10-01 15:27:26,911][curator.model.base][INFO] -      48         10          0.0168         6.6e-05          0.0168         0.00871            0.01          0.0117          0.0159
[2025-10-01 15:27:27,326][curator.model.base][INFO] -      48         20          0.0247        4.25e-05          0.0246         0.00631         0.00802          0.0144          0.0193
[2025-10-01 15:27:27,632][curator.model.base][INFO] - 

[2025-10-01 15:27:27,632][curator.model.base][DEBUG] - Epoch summary:
[2025-10-01 15:27:27,632][curator.model.base][INFO] - Validation  # epoch      total_loss     energy_loss     forces_loss      energy_mae     energy_rmse      forces_mae     forces_rmse
[2025-10-01 15:27:27,632][curator.model.base][INFO] -                  48          0.0201        4.14e-05          0.0203         0.00632         0.00755          0.0129          0.0174
[2025-10-01 15:27:27,637][curator.model.base][INFO] - Train       # epoch      total_loss     energy_loss     forces_loss      energy_mae     energy_rmse      forces_mae     forces_rmse
[2025-10-01 15:27:27,637][curator.model.base][INFO] -                  48          0.0388        0.000457          0.0384          0.0203           0.023          0.0174          0.0232
[2025-10-01 15:27:27,672][curator.model.base][INFO] - 

[2025-10-01 15:27:27,672][curator.model.base][DEBUG] - Training
[2025-10-01 15:27:27,672][curator.model.base][INFO] - # epoch      batch      total_loss     energy_loss     forces_loss      energy_mae     energy_rmse      forces_mae     forces_rmse
[2025-10-01 15:27:27,732][curator.model.base][INFO] -      49          0          0.0405        0.000125          0.0403          0.0104          0.0138          0.0182          0.0247
[2025-10-01 15:27:28,520][curator.model.base][INFO] -      49         10          0.0333        0.000104          0.0332          0.0116          0.0125           0.017          0.0224
[2025-10-01 15:27:29,320][curator.model.base][INFO] -      49         20          0.0209        6.27e-05          0.0208         0.00844         0.00975          0.0134          0.0178
[2025-10-01 15:27:30,120][curator.model.base][INFO] -      49         30          0.0336        0.000362          0.0333           0.017          0.0234          0.0162          0.0224
[2025-10-01 15:27:30,913][curator.model.base][INFO] -      49         40          0.0266        3.59e-05          0.0266         0.00595         0.00738          0.0154          0.0201
[2025-10-01 15:27:31,715][curator.model.base][INFO] -      49         50          0.0451         0.00325          0.0418          0.0677          0.0702          0.0184          0.0252
[2025-10-01 15:27:32,506][curator.model.base][INFO] -      49         60          0.0503         0.00104          0.0493          0.0384          0.0397            0.02          0.0273
[2025-10-01 15:27:33,302][curator.model.base][INFO] -      49         70          0.0657         0.00341          0.0623          0.0695          0.0719          0.0209          0.0307
[2025-10-01 15:27:34,089][curator.model.base][INFO] -      49         80          0.0447         0.00289          0.0418          0.0649          0.0661          0.0184          0.0252
[2025-10-01 15:27:34,884][curator.model.base][INFO] -      49         90          0.0682          0.0158          0.0524           0.154           0.155          0.0206          0.0282
[2025-10-01 15:27:35,679][curator.model.base][INFO] -      49        100          0.0772          0.0142           0.063           0.145           0.146          0.0221          0.0309
[2025-10-01 15:27:36,494][curator.model.base][INFO] -      49        110          0.0603          0.0137          0.0466           0.143           0.144          0.0191          0.0266
[2025-10-01 15:27:37,292][curator.model.base][INFO] -      49        120           0.117          0.0115           0.105           0.129           0.132          0.0263          0.0399
[2025-10-01 15:27:37,803][curator.model.base][INFO] - 

[2025-10-01 15:27:37,804][curator.model.base][DEBUG] - Validating
[2025-10-01 15:27:37,804][curator.model.base][INFO] - # epoch      batch      total_loss     energy_loss     forces_loss      energy_mae     energy_rmse      forces_mae     forces_rmse
[2025-10-01 15:27:37,842][curator.model.base][INFO] -      49          0          0.0189        4.21e-05          0.0188         0.00567         0.00799          0.0127          0.0169
[2025-10-01 15:27:38,261][curator.model.base][INFO] -      49         10           0.017        5.58e-05          0.0169         0.00731         0.00919          0.0116           0.016
[2025-10-01 15:27:38,657][curator.model.base][INFO] -      49         20          0.0243        4.24e-05          0.0242         0.00649         0.00801          0.0143          0.0192
[2025-10-01 15:27:38,965][curator.model.base][INFO] - 

[2025-10-01 15:27:38,965][curator.model.base][DEBUG] - Epoch summary:
[2025-10-01 15:27:38,965][curator.model.base][INFO] - Validation  # epoch      total_loss     energy_loss     forces_loss      energy_mae     energy_rmse      forces_mae     forces_rmse
[2025-10-01 15:27:38,965][curator.model.base][INFO] -                  49          0.0198        3.18e-05          0.0201         0.00545         0.00653          0.0128          0.0173
[2025-10-01 15:27:38,970][curator.model.base][INFO] - Train       # epoch      total_loss     energy_loss     forces_loss      energy_mae     energy_rmse      forces_mae     forces_rmse
[2025-10-01 15:27:38,970][curator.model.base][INFO] -                  49          0.0558         0.00418          0.0516          0.0567          0.0591          0.0191          0.0268
[2025-10-01 15:27:39,005][curator.model.base][INFO] - 

[2025-10-01 15:27:39,005][curator.model.base][DEBUG] - Training
[2025-10-01 15:27:39,005][curator.model.base][INFO] - # epoch      batch      total_loss     energy_loss     forces_loss      energy_mae     energy_rmse      forces_mae     forces_rmse
[2025-10-01 15:27:39,065][curator.model.base][INFO] -      50          0          0.0967         0.00637          0.0904          0.0955          0.0982          0.0256           0.037
[2025-10-01 15:27:38,302][curator.model.base][INFO] -      50         10          0.0466        0.000967          0.0456          0.0331          0.0383          0.0182          0.0263
[2025-10-01 15:27:39,134][curator.model.base][INFO] -      50         20          0.0286        0.000508          0.0281          0.0246          0.0277          0.0158          0.0206
[2025-10-01 15:27:39,939][curator.model.base][INFO] -      50         30          0.0371          0.0016          0.0355          0.0482          0.0492          0.0171          0.0232
[2025-10-01 15:27:40,743][curator.model.base][INFO] -      50         40           0.102         0.00104           0.101          0.0353          0.0398          0.0248          0.0391
[2025-10-01 15:27:41,543][curator.model.base][INFO] -      50         50           0.032        0.000632          0.0314          0.0297          0.0309          0.0166          0.0218
[2025-10-01 15:27:42,344][curator.model.base][INFO] -      50         60          0.0679        0.000311          0.0676          0.0189          0.0217          0.0212           0.032
[2025-10-01 15:27:43,149][curator.model.base][INFO] -      50         70           0.037        0.000358          0.0366          0.0164          0.0233          0.0172          0.0235
[2025-10-01 15:27:43,953][curator.model.base][INFO] -      50         80          0.0319        0.000222          0.0317          0.0164          0.0183          0.0158          0.0219
[2025-10-01 15:27:44,746][curator.model.base][INFO] -      50         90          0.0288          0.0012          0.0276          0.0414          0.0426          0.0159          0.0204
[2025-10-01 15:27:45,560][curator.model.base][INFO] -      50        100          0.0298        0.000137          0.0297          0.0133          0.0144          0.0161          0.0212
[2025-10-01 15:27:46,380][curator.model.base][INFO] -      50        110          0.0253        0.000577          0.0247          0.0284          0.0296          0.0146          0.0193
[2025-10-01 15:27:47,183][curator.model.base][INFO] -      50        120          0.0447        0.000205          0.0445          0.0135          0.0176          0.0192           0.026
[2025-10-01 15:27:47,686][curator.model.base][INFO] - 

[2025-10-01 15:27:47,686][curator.model.base][DEBUG] - Validating
[2025-10-01 15:27:47,686][curator.model.base][INFO] - # epoch      batch      total_loss     energy_loss     forces_loss      energy_mae     energy_rmse      forces_mae     forces_rmse
[2025-10-01 15:27:47,725][curator.model.base][INFO] -      50          0          0.0188         5.8e-05          0.0187         0.00669         0.00937          0.0127          0.0168
[2025-10-01 15:27:48,141][curator.model.base][INFO] -      50         10          0.0165        6.09e-05          0.0164         0.00756          0.0096          0.0115          0.0158
[2025-10-01 15:27:48,546][curator.model.base][INFO] -      50         20          0.0246        4.29e-05          0.0245         0.00654         0.00806          0.0143          0.0193
[2025-10-01 15:27:48,846][curator.model.base][INFO] - 

[2025-10-01 15:27:48,846][curator.model.base][DEBUG] - Epoch summary:
[2025-10-01 15:27:48,846][curator.model.base][INFO] - Validation  # epoch      total_loss     energy_loss     forces_loss      energy_mae     energy_rmse      forces_mae     forces_rmse
[2025-10-01 15:27:48,846][curator.model.base][INFO] -                  50          0.0196        3.29e-05          0.0199         0.00554         0.00664          0.0127          0.0172
[2025-10-01 15:27:48,851][curator.model.base][INFO] - Train       # epoch      total_loss     energy_loss     forces_loss      energy_mae     energy_rmse      forces_mae     forces_rmse
[2025-10-01 15:27:48,851][curator.model.base][INFO] -                  50           0.043         0.00101           0.042           0.031          0.0337          0.0181          0.0249
[2025-10-01 15:27:48,886][curator.model.base][INFO] - 

[2025-10-01 15:27:48,886][curator.model.base][DEBUG] - Training
[2025-10-01 15:27:48,886][curator.model.base][INFO] - # epoch      batch      total_loss     energy_loss     forces_loss      energy_mae     energy_rmse      forces_mae     forces_rmse
[2025-10-01 15:27:48,944][curator.model.base][INFO] -      51          0          0.0433        0.000189          0.0431          0.0123          0.0169           0.018          0.0255
[2025-10-01 15:27:49,765][curator.model.base][INFO] -      51         10          0.0415        0.000979          0.0405          0.0364          0.0385           0.019          0.0248
[2025-10-01 15:27:50,567][curator.model.base][INFO] -      51         20          0.0531        0.000151           0.053          0.0124          0.0151          0.0181          0.0283
[2025-10-01 15:27:51,369][curator.model.base][INFO] -      51         30          0.0316        0.000433          0.0312          0.0239          0.0256          0.0163          0.0217
[2025-10-01 15:27:52,181][curator.model.base][INFO] -      51         40          0.0404        0.000529          0.0399          0.0267          0.0283          0.0186          0.0246
[2025-10-01 15:27:52,986][curator.model.base][INFO] -      51         50          0.0387         0.00373           0.035          0.0744          0.0752          0.0173           0.023
[2025-10-01 15:27:53,780][curator.model.base][INFO] -      51         60          0.0489         0.00247          0.0465          0.0599          0.0611          0.0184          0.0265
[2025-10-01 15:27:54,573][curator.model.base][INFO] -      51         70          0.0435         0.00117          0.0423          0.0415          0.0421          0.0196          0.0253
[2025-10-01 15:27:55,366][curator.model.base][INFO] -      51         80          0.0854         0.00153          0.0838          0.0427          0.0482           0.024          0.0356
[2025-10-01 15:27:56,180][curator.model.base][INFO] -      51         90           0.053        0.000866          0.0521           0.035          0.0362          0.0218          0.0281
[2025-10-01 15:27:56,978][curator.model.base][INFO] -      51        100          0.0311         0.00109            0.03          0.0393          0.0407          0.0165          0.0213
[2025-10-01 15:27:57,787][curator.model.base][INFO] -      51        110          0.0317        7.93e-05          0.0317          0.0081           0.011          0.0162          0.0219
[2025-10-01 15:27:58,607][curator.model.base][INFO] -      51        120          0.0303        9.44e-05          0.0302         0.00937           0.012           0.016          0.0214
[2025-10-01 15:27:59,108][curator.model.base][INFO] - 

[2025-10-01 15:27:59,108][curator.model.base][DEBUG] - Validating
[2025-10-01 15:27:59,108][curator.model.base][INFO] - # epoch      batch      total_loss     energy_loss     forces_loss      energy_mae     energy_rmse      forces_mae     forces_rmse
[2025-10-01 15:27:59,147][curator.model.base][INFO] -      51          0           0.018        6.62e-05          0.0179         0.00686            0.01          0.0124          0.0165
[2025-10-01 15:27:59,559][curator.model.base][INFO] -      51         10          0.0165        6.07e-05          0.0164         0.00769         0.00958          0.0115          0.0158
[2025-10-01 15:27:59,968][curator.model.base][INFO] -      51         20          0.0243        3.93e-05          0.0242         0.00625         0.00771          0.0142          0.0192
[2025-10-01 15:28:00,276][curator.model.base][INFO] - 

[2025-10-01 15:28:00,276][curator.model.base][DEBUG] - Epoch summary:
[2025-10-01 15:28:00,276][curator.model.base][INFO] - Validation  # epoch      total_loss     energy_loss     forces_loss      energy_mae     energy_rmse      forces_mae     forces_rmse
[2025-10-01 15:28:00,276][curator.model.base][INFO] -                  51          0.0193        3.35e-05          0.0196         0.00555         0.00668          0.0127          0.0171
[2025-10-01 15:28:00,282][curator.model.base][INFO] - Train       # epoch      total_loss     energy_loss     forces_loss      energy_mae     energy_rmse      forces_mae     forces_rmse
[2025-10-01 15:28:00,282][curator.model.base][INFO] -                  51          0.0442         0.00141          0.0428          0.0341          0.0366          0.0185          0.0252
[2025-10-01 15:28:00,316][curator.model.base][INFO] - 

[2025-10-01 15:28:00,316][curator.model.base][DEBUG] - Training
[2025-10-01 15:28:00,316][curator.model.base][INFO] - # epoch      batch      total_loss     energy_loss     forces_loss      energy_mae     energy_rmse      forces_mae     forces_rmse
[2025-10-01 15:28:00,380][curator.model.base][INFO] -      52          0          0.0224        0.000529          0.0218          0.0272          0.0283          0.0137          0.0182
[2025-10-01 15:28:01,186][curator.model.base][INFO] -      52         10          0.0272        0.000208           0.027          0.0128          0.0177          0.0145          0.0202
[2025-10-01 15:28:01,983][curator.model.base][INFO] -      52         20          0.0443        0.000304           0.044          0.0188          0.0214          0.0188          0.0258
[2025-10-01 15:28:02,783][curator.model.base][INFO] -      52         30          0.0374        0.000193          0.0372          0.0127          0.0171          0.0173          0.0237
[2025-10-01 15:28:03,578][curator.model.base][INFO] -      52         40          0.0322        0.000301          0.0319          0.0202          0.0214          0.0164           0.022
[2025-10-01 15:28:04,364][curator.model.base][INFO] -      52         50          0.0409        6.43e-05          0.0409         0.00766         0.00987          0.0189          0.0249
[2025-10-01 15:28:05,156][curator.model.base][INFO] -      52         60           0.035        0.000605          0.0344          0.0277          0.0303          0.0172          0.0228
[2025-10-01 15:28:05,951][curator.model.base][INFO] -      52         70          0.0271         0.00178          0.0253          0.0511           0.052           0.015          0.0196
[2025-10-01 15:28:06,743][curator.model.base][INFO] -      52         80          0.0243         0.00211          0.0222          0.0563          0.0565          0.0143          0.0183
[2025-10-01 15:28:07,556][curator.model.base][INFO] -      52         90          0.0349         0.00167          0.0333          0.0491          0.0503          0.0167          0.0224
[2025-10-01 15:28:08,375][curator.model.base][INFO] -      52        100          0.0245         0.00063          0.0239          0.0303          0.0309          0.0144           0.019
[2025-10-01 15:28:09,187][curator.model.base][INFO] -      52        110          0.0325         0.00142           0.031          0.0449          0.0464          0.0162          0.0217
[2025-10-01 15:28:10,000][curator.model.base][INFO] -      52        120          0.0195         0.00118          0.0183          0.0411          0.0423          0.0126          0.0166
[2025-10-01 15:28:10,493][curator.model.base][INFO] - 

[2025-10-01 15:28:10,493][curator.model.base][DEBUG] - Validating
[2025-10-01 15:28:10,493][curator.model.base][INFO] - # epoch      batch      total_loss     energy_loss     forces_loss      energy_mae     energy_rmse      forces_mae     forces_rmse
[2025-10-01 15:28:09,016][curator.model.base][INFO] -      52          0           0.018        6.44e-05           0.018         0.00657         0.00988          0.0124          0.0165
[2025-10-01 15:28:09,427][curator.model.base][INFO] -      52         10          0.0165        5.23e-05          0.0164         0.00708          0.0089          0.0114          0.0158
[2025-10-01 15:28:09,819][curator.model.base][INFO] -      52         20          0.0241        4.07e-05           0.024         0.00646         0.00786          0.0141          0.0191
[2025-10-01 15:28:10,122][curator.model.base][INFO] - 

[2025-10-01 15:28:10,122][curator.model.base][DEBUG] - Epoch summary:
[2025-10-01 15:28:10,122][curator.model.base][INFO] - Validation  # epoch      total_loss     energy_loss     forces_loss      energy_mae     energy_rmse      forces_mae     forces_rmse
[2025-10-01 15:28:10,123][curator.model.base][INFO] -                  52          0.0189         3.2e-05          0.0192          0.0054         0.00652          0.0125          0.0169
[2025-10-01 15:28:10,128][curator.model.base][INFO] - Train       # epoch      total_loss     energy_loss     forces_loss      energy_mae     energy_rmse      forces_mae     forces_rmse
[2025-10-01 15:28:10,128][curator.model.base][INFO] -                  52          0.0304        0.000946          0.0294          0.0305          0.0324          0.0156           0.021
[2025-10-01 15:28:10,161][curator.model.base][INFO] - 

[2025-10-01 15:28:10,161][curator.model.base][DEBUG] - Training
[2025-10-01 15:28:10,161][curator.model.base][INFO] - # epoch      batch      total_loss     energy_loss     forces_loss      energy_mae     energy_rmse      forces_mae     forces_rmse
[2025-10-01 15:28:10,224][curator.model.base][INFO] -      53          0          0.0274        0.000303          0.0271          0.0196          0.0214          0.0147          0.0203
[2025-10-01 15:28:11,050][curator.model.base][INFO] -      53         10          0.0316        8.24e-05          0.0316         0.00927          0.0112          0.0163          0.0219
[2025-10-01 15:28:11,844][curator.model.base][INFO] -      53         20          0.0235        8.28e-05          0.0235         0.00929          0.0112          0.0144          0.0188
[2025-10-01 15:28:12,644][curator.model.base][INFO] -      53         30          0.0392         0.00073          0.0385          0.0302          0.0332          0.0177          0.0241
[2025-10-01 15:28:13,433][curator.model.base][INFO] -      53         40          0.0231        7.81e-05          0.0231         0.00933          0.0109          0.0147          0.0187
[2025-10-01 15:28:14,231][curator.model.base][INFO] -      53         50          0.0388          0.0041          0.0347          0.0778          0.0788          0.0174          0.0229
[2025-10-01 15:28:15,045][curator.model.base][INFO] -      53         60          0.0424         0.00211          0.0403          0.0554          0.0565           0.018          0.0247
[2025-10-01 15:28:15,839][curator.model.base][INFO] -      53         70          0.0581         0.00213           0.056          0.0538          0.0568          0.0198          0.0291
[2025-10-01 15:28:16,637][curator.model.base][INFO] -      53         80          0.0285           4e-05          0.0284         0.00651         0.00778          0.0158          0.0208
[2025-10-01 15:28:17,441][curator.model.base][INFO] -      53         90          0.0267        0.000763          0.0259          0.0323           0.034          0.0153          0.0198
[2025-10-01 15:28:18,237][curator.model.base][INFO] -      53        100          0.0176        0.000139          0.0174          0.0129          0.0145          0.0125          0.0162
[2025-10-01 15:28:19,023][curator.model.base][INFO] -      53        110           0.023        5.34e-05           0.023         0.00701         0.00899          0.0138          0.0187
[2025-10-01 15:28:19,821][curator.model.base][INFO] -      53        120          0.0216        8.51e-05          0.0215         0.00975          0.0114          0.0139          0.0181
[2025-10-01 15:28:20,315][curator.model.base][INFO] - 

[2025-10-01 15:28:20,316][curator.model.base][DEBUG] - Validating
[2025-10-01 15:28:20,316][curator.model.base][INFO] - # epoch      batch      total_loss     energy_loss     forces_loss      energy_mae     energy_rmse      forces_mae     forces_rmse
[2025-10-01 15:28:20,356][curator.model.base][INFO] -      53          0          0.0178        3.87e-05          0.0177         0.00546         0.00766          0.0123          0.0164
[2025-10-01 15:28:20,768][curator.model.base][INFO] -      53         10          0.0156        4.73e-05          0.0156         0.00667         0.00846          0.0112          0.0154
[2025-10-01 15:28:21,190][curator.model.base][INFO] -      53         20           0.024        3.94e-05          0.0239         0.00644         0.00773          0.0141           0.019
[2025-10-01 15:28:21,490][curator.model.base][INFO] - 

[2025-10-01 15:28:21,490][curator.model.base][DEBUG] - Epoch summary:
[2025-10-01 15:28:21,490][curator.model.base][INFO] - Validation  # epoch      total_loss     energy_loss     forces_loss      energy_mae     energy_rmse      forces_mae     forces_rmse
[2025-10-01 15:28:21,491][curator.model.base][INFO] -                  53          0.0186        2.94e-05          0.0188          0.0052         0.00627          0.0124          0.0168
[2025-10-01 15:28:21,496][curator.model.base][INFO] - Train       # epoch      total_loss     energy_loss     forces_loss      energy_mae     energy_rmse      forces_mae     forces_rmse
[2025-10-01 15:28:21,496][curator.model.base][INFO] -                  53          0.0298        0.000704          0.0291          0.0248          0.0268          0.0155          0.0208
[2025-10-01 15:28:21,535][curator.model.base][INFO] - 

[2025-10-01 15:28:21,535][curator.model.base][DEBUG] - Training
[2025-10-01 15:28:21,535][curator.model.base][INFO] - # epoch      batch      total_loss     energy_loss     forces_loss      energy_mae     energy_rmse      forces_mae     forces_rmse
[2025-10-01 15:28:21,601][curator.model.base][INFO] -      54          0          0.0329         0.00038          0.0325          0.0225           0.024          0.0161          0.0222
[2025-10-01 15:28:22,405][curator.model.base][INFO] -      54         10           0.026         0.00113          0.0248          0.0395          0.0414          0.0142          0.0194
[2025-10-01 15:28:23,227][curator.model.base][INFO] -      54         20          0.0234        0.000105          0.0233          0.0105          0.0126          0.0142          0.0188
[2025-10-01 15:28:24,037][curator.model.base][INFO] -      54         30          0.0276        0.000736          0.0269          0.0283          0.0334           0.015          0.0202
[2025-10-01 15:28:24,834][curator.model.base][INFO] -      54         40          0.0271         0.00252          0.0246          0.0616          0.0618          0.0146          0.0193
[2025-10-01 15:28:25,648][curator.model.base][INFO] -      54         50           0.022        0.000688          0.0213          0.0303          0.0323          0.0138           0.018
[2025-10-01 15:28:26,447][curator.model.base][INFO] -      54         60          0.0297        0.000775          0.0289          0.0315          0.0343          0.0158          0.0209
[2025-10-01 15:28:27,273][curator.model.base][INFO] -      54         70          0.0219          0.0024          0.0195          0.0601          0.0603          0.0134          0.0172
[2025-10-01 15:28:28,095][curator.model.base][INFO] -      54         80          0.0211        8.79e-05           0.021         0.00923          0.0115          0.0139          0.0179
[2025-10-01 15:28:28,915][curator.model.base][INFO] -      54         90          0.0297        0.000433          0.0293          0.0204          0.0256          0.0158          0.0211
[2025-10-01 15:28:29,722][curator.model.base][INFO] -      54        100          0.0314         0.00122          0.0301          0.0361           0.043          0.0157          0.0214
[2025-10-01 15:28:30,520][curator.model.base][INFO] -      54        110          0.0497        0.000948          0.0488          0.0337          0.0379          0.0186          0.0272
[2025-10-01 15:28:31,325][curator.model.base][INFO] -      54        120          0.0353          0.0055          0.0298          0.0898          0.0913          0.0157          0.0212
[2025-10-01 15:28:31,816][curator.model.base][INFO] - 

[2025-10-01 15:28:31,816][curator.model.base][DEBUG] - Validating
[2025-10-01 15:28:31,816][curator.model.base][INFO] - # epoch      batch      total_loss     energy_loss     forces_loss      energy_mae     energy_rmse      forces_mae     forces_rmse
[2025-10-01 15:28:31,854][curator.model.base][INFO] -      54          0          0.0171        3.27e-05          0.0171         0.00528         0.00704          0.0121          0.0161
[2025-10-01 15:28:32,256][curator.model.base][INFO] -      54         10          0.0152        4.39e-05          0.0152         0.00636         0.00816           0.011          0.0152
[2025-10-01 15:28:32,660][curator.model.base][INFO] -      54         20          0.0236        3.94e-05          0.0235         0.00633         0.00772          0.0139          0.0189
[2025-10-01 15:28:32,962][curator.model.base][INFO] - 

[2025-10-01 15:28:32,962][curator.model.base][DEBUG] - Epoch summary:
[2025-10-01 15:28:32,962][curator.model.base][INFO] - Validation  # epoch      total_loss     energy_loss     forces_loss      energy_mae     energy_rmse      forces_mae     forces_rmse
[2025-10-01 15:28:32,962][curator.model.base][INFO] -                  54          0.0181        2.98e-05          0.0184         0.00517         0.00625          0.0122          0.0166
[2025-10-01 15:28:32,968][curator.model.base][INFO] - Train       # epoch      total_loss     energy_loss     forces_loss      energy_mae     energy_rmse      forces_mae     forces_rmse
[2025-10-01 15:28:32,968][curator.model.base][INFO] -                  54          0.0289        0.000833          0.0281          0.0281          0.0302          0.0151          0.0204
[2025-10-01 15:28:33,002][curator.model.base][INFO] - 

[2025-10-01 15:28:33,002][curator.model.base][DEBUG] - Training
[2025-10-01 15:28:33,002][curator.model.base][INFO] - # epoch      batch      total_loss     energy_loss     forces_loss      energy_mae     energy_rmse      forces_mae     forces_rmse
[2025-10-01 15:28:33,064][curator.model.base][INFO] -      55          0          0.0272        0.000652          0.0265            0.03          0.0314           0.015            0.02
[2025-10-01 15:28:33,872][curator.model.base][INFO] -      55         10           0.025        0.000173          0.0248          0.0145          0.0162          0.0151          0.0194
[2025-10-01 15:28:34,680][curator.model.base][INFO] -      55         20          0.0215        3.37e-05          0.0214         0.00644         0.00714          0.0138           0.018
[2025-10-01 15:28:35,482][curator.model.base][INFO] -      55         30          0.0228         0.00046          0.0223          0.0251          0.0264          0.0139          0.0184
[2025-10-01 15:28:36,293][curator.model.base][INFO] -      55         40           0.021        0.000322          0.0207          0.0202          0.0221          0.0134          0.0177
[2025-10-01 15:28:37,091][curator.model.base][INFO] -      55         50          0.0232        3.77e-05          0.0231         0.00644         0.00756          0.0141          0.0187
[2025-10-01 15:28:37,881][curator.model.base][INFO] -      55         60          0.0215        5.55e-05          0.0214         0.00775         0.00917          0.0136           0.018
[2025-10-01 15:28:38,683][curator.model.base][INFO] -      55         70           0.029          0.0017          0.0272          0.0493          0.0508           0.015          0.0203
[2025-10-01 15:28:39,486][curator.model.base][INFO] -      55         80          0.0235        5.39e-05          0.0234          0.0073         0.00904          0.0134          0.0188
[2025-10-01 15:28:40,304][curator.model.base][INFO] -      55         90          0.0477        0.000289          0.0474          0.0172          0.0209          0.0188          0.0268
[2025-10-01 15:28:41,102][curator.model.base][INFO] -      55        100          0.0209        8.52e-05          0.0208         0.00926          0.0114          0.0134          0.0178
[2025-10-01 15:28:40,292][curator.model.base][INFO] -      55        110          0.0295         0.00015          0.0293          0.0125          0.0151          0.0161          0.0211
[2025-10-01 15:28:41,087][curator.model.base][INFO] -      55        120          0.0254         0.00078          0.0246          0.0324          0.0344          0.0149          0.0193
[2025-10-01 15:28:41,583][curator.model.base][INFO] - 

[2025-10-01 15:28:41,583][curator.model.base][DEBUG] - Validating
[2025-10-01 15:28:41,583][curator.model.base][INFO] - # epoch      batch      total_loss     energy_loss     forces_loss      energy_mae     energy_rmse      forces_mae     forces_rmse
[2025-10-01 15:28:41,629][curator.model.base][INFO] -      55          0           0.017        2.73e-05           0.017         0.00482         0.00643          0.0121           0.016
[2025-10-01 15:28:42,043][curator.model.base][INFO] -      55         10          0.0148        4.49e-05          0.0148         0.00648         0.00824          0.0108           0.015
[2025-10-01 15:28:42,453][curator.model.base][INFO] -      55         20           0.023         4.3e-05          0.0229         0.00675         0.00807          0.0138          0.0186
[2025-10-01 15:28:42,759][curator.model.base][INFO] - 

[2025-10-01 15:28:42,759][curator.model.base][DEBUG] - Epoch summary:
[2025-10-01 15:28:42,760][curator.model.base][INFO] - Validation  # epoch      total_loss     energy_loss     forces_loss      energy_mae     energy_rmse      forces_mae     forces_rmse
[2025-10-01 15:28:42,760][curator.model.base][INFO] -                  55          0.0178           3e-05          0.0181         0.00516         0.00626          0.0121          0.0164
[2025-10-01 15:28:42,765][curator.model.base][INFO] - Train       # epoch      total_loss     energy_loss     forces_loss      energy_mae     energy_rmse      forces_mae     forces_rmse
[2025-10-01 15:28:42,765][curator.model.base][INFO] -                  55          0.0297         0.00108          0.0286          0.0309          0.0328          0.0154          0.0207
[2025-10-01 15:28:42,799][curator.model.base][INFO] - 

[2025-10-01 15:28:42,799][curator.model.base][DEBUG] - Training
[2025-10-01 15:28:42,799][curator.model.base][INFO] - # epoch      batch      total_loss     energy_loss     forces_loss      energy_mae     energy_rmse      forces_mae     forces_rmse
[2025-10-01 15:28:42,862][curator.model.base][INFO] -      56          0          0.0244        0.000508          0.0239          0.0271          0.0277          0.0148           0.019
[2025-10-01 15:28:43,668][curator.model.base][INFO] -      56         10          0.0268        0.000156          0.0267          0.0122          0.0153          0.0152          0.0201
[2025-10-01 15:28:44,472][curator.model.base][INFO] -      56         20           0.026        0.000876          0.0251          0.0344          0.0364          0.0149          0.0195
[2025-10-01 15:28:45,271][curator.model.base][INFO] -      56         30           0.065        0.000174          0.0648          0.0141          0.0162          0.0231          0.0313
[2025-10-01 15:28:46,070][curator.model.base][INFO] -      56         40          0.0582        0.000564          0.0576          0.0237          0.0292           0.022          0.0295
[2025-10-01 15:28:46,875][curator.model.base][INFO] -      56         50          0.0677          0.0177            0.05           0.163           0.164          0.0199          0.0275
[2025-10-01 15:28:47,661][curator.model.base][INFO] -      56         60          0.0635         0.00189          0.0616           0.052          0.0535          0.0225          0.0306
[2025-10-01 15:28:48,476][curator.model.base][INFO] -      56         70          0.0724        0.000237          0.0722          0.0151          0.0189          0.0243          0.0331
[2025-10-01 15:28:49,267][curator.model.base][INFO] -      56         80          0.0527         0.00162          0.0511          0.0475          0.0496          0.0211          0.0278
[2025-10-01 15:28:50,079][curator.model.base][INFO] -      56         90          0.0286        0.000749          0.0279          0.0329          0.0337          0.0158          0.0205
[2025-10-01 15:28:50,878][curator.model.base][INFO] -      56        100          0.0256        4.64e-05          0.0255         0.00599         0.00838           0.015          0.0197
[2025-10-01 15:28:51,676][curator.model.base][INFO] -      56        110          0.0254        0.000689          0.0247          0.0292          0.0323          0.0145          0.0193
[2025-10-01 15:28:52,472][curator.model.base][INFO] -      56        120          0.0207        3.25e-05          0.0207          0.0054         0.00702          0.0135          0.0177
[2025-10-01 15:28:52,976][curator.model.base][INFO] - 

[2025-10-01 15:28:52,976][curator.model.base][DEBUG] - Validating
[2025-10-01 15:28:52,976][curator.model.base][INFO] - # epoch      batch      total_loss     energy_loss     forces_loss      energy_mae     energy_rmse      forces_mae     forces_rmse
[2025-10-01 15:28:53,012][curator.model.base][INFO] -      56          0          0.0169        2.47e-05          0.0169         0.00484         0.00612           0.012           0.016
[2025-10-01 15:28:53,417][curator.model.base][INFO] -      56         10          0.0146        4.23e-05          0.0146         0.00622           0.008          0.0108          0.0148
[2025-10-01 15:28:53,827][curator.model.base][INFO] -      56         20          0.0234        5.39e-05          0.0234         0.00777         0.00903           0.014          0.0188
[2025-10-01 15:28:54,136][curator.model.base][INFO] - 

[2025-10-01 15:28:54,136][curator.model.base][DEBUG] - Epoch summary:
[2025-10-01 15:28:54,136][curator.model.base][INFO] - Validation  # epoch      total_loss     energy_loss     forces_loss      energy_mae     energy_rmse      forces_mae     forces_rmse
[2025-10-01 15:28:54,136][curator.model.base][INFO] -                  56          0.0177         3.3e-05           0.018         0.00536         0.00648          0.0121          0.0164
[2025-10-01 15:28:54,142][curator.model.base][INFO] - Train       # epoch      total_loss     energy_loss     forces_loss      energy_mae     energy_rmse      forces_mae     forces_rmse
[2025-10-01 15:28:54,142][curator.model.base][INFO] -                  56          0.0408         0.00197          0.0388           0.036          0.0384          0.0175          0.0237
[2025-10-01 15:28:54,177][curator.model.base][INFO] - 

[2025-10-01 15:28:54,177][curator.model.base][DEBUG] - Training
[2025-10-01 15:28:54,177][curator.model.base][INFO] - # epoch      batch      total_loss     energy_loss     forces_loss      energy_mae     energy_rmse      forces_mae     forces_rmse
[2025-10-01 15:28:54,244][curator.model.base][INFO] -      57          0          0.0421        0.000401          0.0417          0.0232          0.0246          0.0162          0.0251
[2025-10-01 15:28:55,056][curator.model.base][INFO] -      57         10          0.0289        0.000426          0.0285          0.0171          0.0254          0.0157          0.0208
[2025-10-01 15:28:55,872][curator.model.base][INFO] -      57         20          0.0215        0.000109          0.0214         0.00961          0.0128          0.0136           0.018
[2025-10-01 15:28:56,708][curator.model.base][INFO] -      57         30          0.0241        4.75e-05           0.024         0.00696         0.00848          0.0145          0.0191
[2025-10-01 15:28:57,506][curator.model.base][INFO] -      57         40          0.0198        0.000532          0.0193           0.027          0.0284          0.0131          0.0171
[2025-10-01 15:28:58,325][curator.model.base][INFO] -      57         50          0.0242        0.000655          0.0235          0.0305          0.0315           0.014          0.0189
[2025-10-01 15:28:59,139][curator.model.base][INFO] -      57         60          0.0254        0.000163          0.0253          0.0128          0.0157          0.0146          0.0196
[2025-10-01 15:28:59,943][curator.model.base][INFO] -      57         70          0.0283        0.000816          0.0275          0.0341          0.0352          0.0153          0.0204
[2025-10-01 15:29:00,753][curator.model.base][INFO] -      57         80          0.0276         0.00131          0.0263          0.0414          0.0445          0.0149            0.02
[2025-10-01 15:29:01,549][curator.model.base][INFO] -      57         90          0.0336         0.00383          0.0298          0.0755          0.0762          0.0166          0.0212
[2025-10-01 15:29:02,349][curator.model.base][INFO] -      57        100           0.022        0.000937          0.0211          0.0364          0.0377          0.0139          0.0179
[2025-10-01 15:29:03,152][curator.model.base][INFO] -      57        110           0.018        0.000235          0.0178          0.0168          0.0189          0.0123          0.0164
[2025-10-01 15:29:03,959][curator.model.base][INFO] -      57        120          0.0335        0.000363          0.0331           0.021          0.0234          0.0164          0.0224
[2025-10-01 15:29:04,454][curator.model.base][INFO] - 

[2025-10-01 15:29:04,454][curator.model.base][DEBUG] - Validating
[2025-10-01 15:29:04,454][curator.model.base][INFO] - # epoch      batch      total_loss     energy_loss     forces_loss      energy_mae     energy_rmse      forces_mae     forces_rmse
[2025-10-01 15:29:04,493][curator.model.base][INFO] -      57          0          0.0162        2.79e-05          0.0161         0.00529          0.0065          0.0118          0.0156
[2025-10-01 15:29:04,900][curator.model.base][INFO] -      57         10          0.0146        4.36e-05          0.0146         0.00608         0.00813          0.0107          0.0148
[2025-10-01 15:29:05,298][curator.model.base][INFO] -      57         20          0.0231        4.95e-05           0.023         0.00727         0.00866          0.0138          0.0187
[2025-10-01 15:29:05,604][curator.model.base][INFO] - 

[2025-10-01 15:29:05,604][curator.model.base][DEBUG] - Epoch summary:
[2025-10-01 15:29:05,604][curator.model.base][INFO] - Validation  # epoch      total_loss     energy_loss     forces_loss      energy_mae     energy_rmse      forces_mae     forces_rmse
[2025-10-01 15:29:05,604][curator.model.base][INFO] -                  57          0.0175        2.91e-05          0.0177         0.00497         0.00605           0.012          0.0163
[2025-10-01 15:29:05,609][curator.model.base][INFO] - Train       # epoch      total_loss     energy_loss     forces_loss      energy_mae     energy_rmse      forces_mae     forces_rmse
[2025-10-01 15:29:05,609][curator.model.base][INFO] -                  57          0.0269         0.00108          0.0258          0.0309          0.0329          0.0147          0.0197
[2025-10-01 15:29:05,643][curator.model.base][INFO] - 

[2025-10-01 15:29:05,643][curator.model.base][DEBUG] - Training
[2025-10-01 15:29:05,643][curator.model.base][INFO] - # epoch      batch      total_loss     energy_loss     forces_loss      energy_mae     energy_rmse      forces_mae     forces_rmse
[2025-10-01 15:29:05,710][curator.model.base][INFO] -      58          0          0.0314        9.68e-05          0.0313         0.00994          0.0121          0.0161          0.0218
[2025-10-01 15:29:06,519][curator.model.base][INFO] -      58         10          0.0371         0.00055          0.0365          0.0231          0.0289          0.0177          0.0235
[2025-10-01 15:29:07,309][curator.model.base][INFO] -      58         20          0.0306        0.000951          0.0297          0.0366           0.038          0.0159          0.0212
[2025-10-01 15:29:08,119][curator.model.base][INFO] -      58         30          0.0242        0.000124          0.0241          0.0123          0.0137          0.0144          0.0191
[2025-10-01 15:29:08,920][curator.model.base][INFO] -      58         40          0.0214        9.94e-05          0.0213         0.00984          0.0123          0.0138           0.018
[2025-10-01 15:29:09,718][curator.model.base][INFO] -      58         50          0.0202        4.41e-05          0.0202         0.00707         0.00817          0.0136          0.0175
[2025-10-01 15:29:10,528][curator.model.base][INFO] -      58         60          0.0238         5.6e-05          0.0237         0.00771         0.00921          0.0143          0.0189
[2025-10-01 15:29:11,332][curator.model.base][INFO] -      58         70          0.0251         0.00132          0.0237          0.0426          0.0447          0.0143           0.019
[2025-10-01 15:29:12,134][curator.model.base][INFO] -      58         80          0.0224         0.00162          0.0208          0.0493          0.0496          0.0137          0.0178
[2025-10-01 15:29:11,468][curator.model.base][INFO] -      58         90          0.0389        0.000847           0.038          0.0347          0.0358          0.0174           0.024
[2025-10-01 15:29:12,265][curator.model.base][INFO] -      58        100           0.033        0.000178          0.0328          0.0142          0.0164           0.017          0.0223
[2025-10-01 15:29:13,082][curator.model.base][INFO] -      58        110          0.0642         0.00733          0.0568          0.0966           0.105          0.0204          0.0293
[2025-10-01 15:29:13,890][curator.model.base][INFO] -      58        120          0.0286        0.000323          0.0283          0.0125          0.0221          0.0163          0.0207
[2025-10-01 15:29:14,387][curator.model.base][INFO] - 

[2025-10-01 15:29:14,387][curator.model.base][DEBUG] - Validating
[2025-10-01 15:29:14,387][curator.model.base][INFO] - # epoch      batch      total_loss     energy_loss     forces_loss      energy_mae     energy_rmse      forces_mae     forces_rmse
[2025-10-01 15:29:14,430][curator.model.base][INFO] -      58          0          0.0163        2.08e-05          0.0162         0.00464         0.00561          0.0118          0.0157
[2025-10-01 15:29:14,852][curator.model.base][INFO] -      58         10          0.0146        4.13e-05          0.0146         0.00611         0.00791          0.0106          0.0149
[2025-10-01 15:29:15,256][curator.model.base][INFO] -      58         20          0.0227        4.63e-05          0.0226           0.007         0.00838          0.0137          0.0185
[2025-10-01 15:29:15,557][curator.model.base][INFO] - 

[2025-10-01 15:29:15,557][curator.model.base][DEBUG] - Epoch summary:
[2025-10-01 15:29:15,557][curator.model.base][INFO] - Validation  # epoch      total_loss     energy_loss     forces_loss      energy_mae     energy_rmse      forces_mae     forces_rmse
[2025-10-01 15:29:15,557][curator.model.base][INFO] -                  58          0.0172        2.94e-05          0.0175         0.00501          0.0061          0.0119          0.0161
[2025-10-01 15:29:15,564][curator.model.base][INFO] - Train       # epoch      total_loss     energy_loss     forces_loss      energy_mae     energy_rmse      forces_mae     forces_rmse
[2025-10-01 15:29:15,564][curator.model.base][INFO] -                  58          0.0299         0.00132          0.0286          0.0343          0.0364          0.0154          0.0206
[2025-10-01 15:29:15,604][curator.model.base][INFO] - 

[2025-10-01 15:29:15,604][curator.model.base][DEBUG] - Training
[2025-10-01 15:29:15,604][curator.model.base][INFO] - # epoch      batch      total_loss     energy_loss     forces_loss      energy_mae     energy_rmse      forces_mae     forces_rmse
[2025-10-01 15:29:15,667][curator.model.base][INFO] -      59          0          0.0522        0.000881          0.0513          0.0355          0.0365          0.0196          0.0279
[2025-10-01 15:29:16,486][curator.model.base][INFO] -      59         10           0.042          0.0102          0.0318           0.124           0.124          0.0161          0.0219
[2025-10-01 15:29:17,294][curator.model.base][INFO] -      59         20          0.0314          0.0038          0.0276          0.0754          0.0758           0.016          0.0204
[2025-10-01 15:29:18,105][curator.model.base][INFO] -      59         30          0.0252         0.00282          0.0224          0.0649          0.0653          0.0141          0.0184
[2025-10-01 15:29:18,898][curator.model.base][INFO] -      59         40          0.0273         0.00125           0.026          0.0421          0.0434           0.015          0.0198
[2025-10-01 15:29:19,700][curator.model.base][INFO] -      59         50          0.0863        0.000808          0.0855          0.0294           0.035          0.0246           0.036
[2025-10-01 15:29:20,563][curator.model.base][INFO] -      59         60          0.0542          0.0153          0.0389           0.152           0.152          0.0181          0.0243
[2025-10-01 15:29:21,360][curator.model.base][INFO] -      59         70           0.062         0.00143          0.0606          0.0448          0.0465          0.0226          0.0303
[2025-10-01 15:29:22,154][curator.model.base][INFO] -      59         80           0.183        0.000425           0.183          0.0201          0.0254          0.0336          0.0526
[2025-10-01 15:29:22,972][curator.model.base][INFO] -      59         90           0.183         0.00154           0.181          0.0421          0.0482          0.0393          0.0524
[2025-10-01 15:29:23,757][curator.model.base][INFO] -      59        100           0.105         0.00144           0.104           0.045          0.0466          0.0294          0.0396
[2025-10-01 15:29:24,553][curator.model.base][INFO] -      59        110           0.101        0.000589           0.101          0.0267          0.0299          0.0296           0.039
[2025-10-01 15:29:25,348][curator.model.base][INFO] -      59        120          0.0517         0.00293          0.0487          0.0641          0.0666          0.0199          0.0272
[2025-10-01 15:29:25,838][curator.model.base][INFO] - 

[2025-10-01 15:29:25,838][curator.model.base][DEBUG] - Validating
[2025-10-01 15:29:25,838][curator.model.base][INFO] - # epoch      batch      total_loss     energy_loss     forces_loss      energy_mae     energy_rmse      forces_mae     forces_rmse
[2025-10-01 15:29:25,877][curator.model.base][INFO] -      59          0          0.0163        2.54e-05          0.0162         0.00499         0.00621          0.0118          0.0157
[2025-10-01 15:29:26,283][curator.model.base][INFO] -      59         10          0.0151        4.38e-05          0.0151         0.00641         0.00814          0.0107          0.0151
[2025-10-01 15:29:26,682][curator.model.base][INFO] -      59         20          0.0224        4.29e-05          0.0223         0.00666         0.00806          0.0136          0.0184
[2025-10-01 15:29:26,992][curator.model.base][INFO] - 

[2025-10-01 15:29:26,992][curator.model.base][DEBUG] - Epoch summary:
[2025-10-01 15:29:26,992][curator.model.base][INFO] - Validation  # epoch      total_loss     energy_loss     forces_loss      energy_mae     energy_rmse      forces_mae     forces_rmse
[2025-10-01 15:29:26,992][curator.model.base][INFO] -                  59          0.0174        3.04e-05          0.0177         0.00502         0.00619          0.0119          0.0162
[2025-10-01 15:29:26,997][curator.model.base][INFO] - Train       # epoch      total_loss     energy_loss     forces_loss      energy_mae     energy_rmse      forces_mae     forces_rmse
[2025-10-01 15:29:26,997][curator.model.base][INFO] -                  59          0.0702         0.00355          0.0667          0.0546          0.0571          0.0219          0.0301
[2025-10-01 15:29:27,003][curator.model.base][INFO] - 

[2025-10-01 15:29:27,003][curator.model.base][DEBUG] - Training
[2025-10-01 15:29:27,003][curator.model.base][INFO] - # epoch      batch      total_loss     energy_loss     forces_loss      energy_mae     energy_rmse      forces_mae     forces_rmse
[2025-10-01 15:29:27,063][curator.model.base][INFO] -      60          0          0.0704        0.000616          0.0698           0.028          0.0306          0.0228          0.0325
[2025-10-01 15:29:27,867][curator.model.base][INFO] -      60         10          0.0347        0.000115          0.0346          0.0117          0.0132          0.0178          0.0229
[2025-10-01 15:29:28,661][curator.model.base][INFO] -      60         20          0.0244        0.000151          0.0243          0.0135          0.0151          0.0146          0.0192
[2025-10-01 15:29:29,465][curator.model.base][INFO] -      60         30          0.0326        0.000902          0.0317          0.0348           0.037          0.0166          0.0219
[2025-10-01 15:29:30,279][curator.model.base][INFO] -      60         40          0.0242         0.00034          0.0238          0.0208          0.0227          0.0143           0.019
[2025-10-01 15:29:31,074][curator.model.base][INFO] -      60         50          0.0369        0.000463          0.0364          0.0242          0.0265          0.0169          0.0235
[2025-10-01 15:29:31,879][curator.model.base][INFO] -      60         60          0.0243        8.75e-05          0.0242          0.0101          0.0115          0.0142          0.0191
[2025-10-01 15:29:32,678][curator.model.base][INFO] -      60         70          0.0271        8.21e-05           0.027         0.00899          0.0111          0.0152          0.0202
[2025-10-01 15:29:33,469][curator.model.base][INFO] -      60         80          0.0469        0.000869          0.0461           0.033          0.0363          0.0192          0.0264
[2025-10-01 15:29:34,264][curator.model.base][INFO] -      60         90            0.11        0.000467           0.109           0.019          0.0266           0.025          0.0407
[2025-10-01 15:29:35,068][curator.model.base][INFO] -      60        100           0.198        0.000729           0.197          0.0256          0.0332          0.0365          0.0547
[2025-10-01 15:29:35,883][curator.model.base][INFO] -      60        110          0.0869          0.0012          0.0858          0.0402          0.0426          0.0274           0.036
[2025-10-01 15:29:36,682][curator.model.base][INFO] -      60        120          0.0451        0.000607          0.0445           0.028          0.0303          0.0203           0.026
[2025-10-01 15:29:37,179][curator.model.base][INFO] - 

[2025-10-01 15:29:37,179][curator.model.base][DEBUG] - Validating
[2025-10-01 15:29:37,179][curator.model.base][INFO] - # epoch      batch      total_loss     energy_loss     forces_loss      energy_mae     energy_rmse      forces_mae     forces_rmse
[2025-10-01 15:29:37,219][curator.model.base][INFO] -      60          0          0.0167        3.17e-05          0.0167         0.00528         0.00692          0.0119          0.0159
[2025-10-01 15:29:37,623][curator.model.base][INFO] -      60         10          0.0154        4.23e-05          0.0153          0.0064           0.008          0.0108          0.0152
[2025-10-01 15:29:38,048][curator.model.base][INFO] -      60         20          0.0225        3.95e-05          0.0225         0.00652         0.00774          0.0137          0.0184
[2025-10-01 15:29:38,366][curator.model.base][INFO] - 

[2025-10-01 15:29:38,366][curator.model.base][DEBUG] - Epoch summary:
[2025-10-01 15:29:38,366][curator.model.base][INFO] - Validation  # epoch      total_loss     energy_loss     forces_loss      energy_mae     energy_rmse      forces_mae     forces_rmse
[2025-10-01 15:29:38,366][curator.model.base][INFO] -                  60          0.0175        3.38e-05          0.0177         0.00539          0.0066          0.0119          0.0162
[2025-10-01 15:29:38,371][curator.model.base][INFO] - Train       # epoch      total_loss     energy_loss     forces_loss      energy_mae     energy_rmse      forces_mae     forces_rmse
[2025-10-01 15:29:38,371][curator.model.base][INFO] -                  60          0.0569        0.000567          0.0563          0.0225          0.0257          0.0197          0.0272
[2025-10-01 15:29:38,376][curator.model.base][INFO] - 

[2025-10-01 15:29:38,376][curator.model.base][DEBUG] - Training
[2025-10-01 15:29:38,376][curator.model.base][INFO] - # epoch      batch      total_loss     energy_loss     forces_loss      energy_mae     energy_rmse      forces_mae     forces_rmse
[2025-10-01 15:29:38,436][curator.model.base][INFO] -      61          0          0.0435        0.000321          0.0432           0.021           0.022          0.0197          0.0256
[2025-10-01 15:29:39,253][curator.model.base][INFO] -      61         10          0.0304        0.000453          0.0299          0.0236          0.0262          0.0161          0.0213
[2025-10-01 15:29:40,051][curator.model.base][INFO] -      61         20          0.0282        0.000548          0.0276          0.0238          0.0288          0.0155          0.0205
[2025-10-01 15:29:40,844][curator.model.base][INFO] -      61         30          0.0285        0.000327          0.0282          0.0199          0.0223          0.0157          0.0207
[2025-10-01 15:29:41,648][curator.model.base][INFO] -      61         40          0.0261        7.71e-05           0.026         0.00966          0.0108          0.0149          0.0199
[2025-10-01 15:29:42,450][curator.model.base][INFO] -      61         50          0.0357        0.000251          0.0355          0.0187          0.0195          0.0171          0.0232
[2025-10-01 15:29:43,252][curator.model.base][INFO] -      61         60           0.038        0.000315          0.0377          0.0203          0.0219          0.0179          0.0239
[2025-10-01 15:29:42,532][curator.model.base][INFO] -      61         70          0.0374         0.00232          0.0351           0.058          0.0593          0.0171          0.0231
[2025-10-01 15:29:43,326][curator.model.base][INFO] -      61         80          0.0414         0.00127          0.0401          0.0414          0.0439          0.0179          0.0247
[2025-10-01 15:29:44,117][curator.model.base][INFO] -      61         90          0.0541        0.000919          0.0531          0.0358          0.0373          0.0182          0.0284
[2025-10-01 15:29:44,916][curator.model.base][INFO] -      61        100          0.0245        5.01e-05          0.0244         0.00705         0.00871          0.0145          0.0192
[2025-10-01 15:29:45,717][curator.model.base][INFO] -      61        110          0.0362        8.32e-05          0.0361         0.00938          0.0112           0.017          0.0234
[2025-10-01 15:29:46,528][curator.model.base][INFO] -      61        120          0.0233        0.000133          0.0231          0.0107          0.0142          0.0141          0.0187
[2025-10-01 15:29:47,028][curator.model.base][INFO] - 

[2025-10-01 15:29:47,028][curator.model.base][DEBUG] - Validating
[2025-10-01 15:29:47,029][curator.model.base][INFO] - # epoch      batch      total_loss     energy_loss     forces_loss      energy_mae     energy_rmse      forces_mae     forces_rmse
[2025-10-01 15:29:47,067][curator.model.base][INFO] -      61          0          0.0161        2.63e-05          0.0161         0.00525         0.00631          0.0117          0.0156
[2025-10-01 15:29:47,478][curator.model.base][INFO] -      61         10          0.0151        3.87e-05           0.015         0.00601         0.00766          0.0107          0.0151
[2025-10-01 15:29:47,895][curator.model.base][INFO] -      61         20          0.0218        3.67e-05          0.0217         0.00612         0.00746          0.0134          0.0181
[2025-10-01 15:29:48,200][curator.model.base][INFO] - 

[2025-10-01 15:29:48,200][curator.model.base][DEBUG] - Epoch summary:
[2025-10-01 15:29:48,200][curator.model.base][INFO] - Validation  # epoch      total_loss     energy_loss     forces_loss      energy_mae     energy_rmse      forces_mae     forces_rmse
[2025-10-01 15:29:48,200][curator.model.base][INFO] -                  61          0.0173        2.99e-05          0.0175         0.00507          0.0062          0.0119          0.0162
[2025-10-01 15:29:48,206][curator.model.base][INFO] - Train       # epoch      total_loss     energy_loss     forces_loss      energy_mae     energy_rmse      forces_mae     forces_rmse
[2025-10-01 15:29:48,206][curator.model.base][INFO] -                  61          0.0309        0.000528          0.0304           0.023          0.0252          0.0159          0.0213
[2025-10-01 15:29:48,213][curator.model.base][INFO] - 

[2025-10-01 15:29:48,213][curator.model.base][DEBUG] - Training
[2025-10-01 15:29:48,213][curator.model.base][INFO] - # epoch      batch      total_loss     energy_loss     forces_loss      energy_mae     energy_rmse      forces_mae     forces_rmse
[2025-10-01 15:29:48,275][curator.model.base][INFO] -      62          0          0.0244           0.001          0.0234          0.0379          0.0389          0.0142          0.0188
[2025-10-01 15:29:49,086][curator.model.base][INFO] -      62         10          0.0283         0.00067          0.0276          0.0307          0.0319          0.0152          0.0205
[2025-10-01 15:29:49,881][curator.model.base][INFO] -      62         20          0.0268         0.00206          0.0247          0.0549          0.0559          0.0144          0.0194
[2025-10-01 15:29:50,690][curator.model.base][INFO] -      62         30          0.0236          0.0023          0.0213          0.0587          0.0591          0.0136           0.018
[2025-10-01 15:29:51,497][curator.model.base][INFO] -      62         40          0.0215        0.000856          0.0206          0.0351           0.036          0.0132          0.0177
[2025-10-01 15:29:52,312][curator.model.base][INFO] -      62         50          0.0158        0.000526          0.0153          0.0276          0.0282          0.0118          0.0152
[2025-10-01 15:29:53,102][curator.model.base][INFO] -      62         60          0.0198        0.000512          0.0193          0.0267          0.0278          0.0128          0.0171
[2025-10-01 15:29:53,901][curator.model.base][INFO] -      62         70          0.0164        0.000512          0.0159          0.0267          0.0278          0.0119          0.0155
[2025-10-01 15:29:54,701][curator.model.base][INFO] -      62         80          0.0166        0.000204          0.0164          0.0165          0.0176          0.0121          0.0158
[2025-10-01 15:29:55,499][curator.model.base][INFO] -      62         90          0.0207        5.92e-05          0.0206         0.00804         0.00947          0.0133          0.0177
[2025-10-01 15:29:56,311][curator.model.base][INFO] -      62        100          0.0175         0.00117          0.0164          0.0417          0.0421           0.012          0.0157
[2025-10-01 15:29:57,098][curator.model.base][INFO] -      62        110          0.0227        5.16e-05          0.0227         0.00669         0.00884          0.0139          0.0185
[2025-10-01 15:29:57,897][curator.model.base][INFO] -      62        120          0.0298        0.000147          0.0296          0.0115          0.0149          0.0159          0.0212
[2025-10-01 15:29:58,412][curator.model.base][INFO] - 

[2025-10-01 15:29:58,412][curator.model.base][DEBUG] - Validating
[2025-10-01 15:29:58,412][curator.model.base][INFO] - # epoch      batch      total_loss     energy_loss     forces_loss      energy_mae     energy_rmse      forces_mae     forces_rmse
[2025-10-01 15:29:58,452][curator.model.base][INFO] -      62          0          0.0155        1.93e-05          0.0155          0.0046          0.0054          0.0115          0.0153
[2025-10-01 15:29:58,863][curator.model.base][INFO] -      62         10          0.0144        4.09e-05          0.0143           0.006         0.00787          0.0105          0.0147
[2025-10-01 15:29:59,273][curator.model.base][INFO] -      62         20          0.0211         3.8e-05           0.021         0.00599         0.00758          0.0132          0.0178
[2025-10-01 15:29:59,581][curator.model.base][INFO] - 

[2025-10-01 15:29:59,581][curator.model.base][DEBUG] - Epoch summary:
[2025-10-01 15:29:59,581][curator.model.base][INFO] - Validation  # epoch      total_loss     energy_loss     forces_loss      energy_mae     energy_rmse      forces_mae     forces_rmse
[2025-10-01 15:29:59,581][curator.model.base][INFO] -                  62          0.0169        2.75e-05          0.0172         0.00482          0.0059          0.0117           0.016
[2025-10-01 15:29:59,586][curator.model.base][INFO] - Train       # epoch      total_loss     energy_loss     forces_loss      energy_mae     energy_rmse      forces_mae     forces_rmse
[2025-10-01 15:29:59,586][curator.model.base][INFO] -                  62          0.0223          0.0007          0.0216          0.0264          0.0281          0.0135           0.018
[2025-10-01 15:29:59,622][curator.model.base][INFO] - 

[2025-10-01 15:29:59,622][curator.model.base][DEBUG] - Training
[2025-10-01 15:29:59,622][curator.model.base][INFO] - # epoch      batch      total_loss     energy_loss     forces_loss      energy_mae     energy_rmse      forces_mae     forces_rmse
[2025-10-01 15:29:59,686][curator.model.base][INFO] -      63          0          0.0339          0.0027          0.0312          0.0613           0.064          0.0159          0.0217
[2025-10-01 15:30:00,477][curator.model.base][INFO] -      63         10          0.0207           0.006          0.0147          0.0952          0.0953          0.0115          0.0149
[2025-10-01 15:30:01,275][curator.model.base][INFO] -      63         20          0.0195         0.00488          0.0147          0.0857           0.086          0.0115          0.0149
[2025-10-01 15:30:02,071][curator.model.base][INFO] -      63         30          0.0361         0.00272          0.0334          0.0597          0.0642          0.0154          0.0225
[2025-10-01 15:30:02,861][curator.model.base][INFO] -      63         40          0.0177        0.000598          0.0171          0.0292          0.0301          0.0123          0.0161
[2025-10-01 15:30:03,673][curator.model.base][INFO] -      63         50          0.0261         0.00363          0.0225          0.0739          0.0741          0.0141          0.0185
[2025-10-01 15:30:04,485][curator.model.base][INFO] -      63         60          0.0209        3.73e-05          0.0209         0.00609         0.00751          0.0135          0.0178
[2025-10-01 15:30:05,281][curator.model.base][INFO] -      63         70          0.0323        0.000346          0.0319          0.0203          0.0229           0.016           0.022
[2025-10-01 15:30:06,100][curator.model.base][INFO] -      63         80          0.0466        0.000814          0.0458          0.0321          0.0351          0.0183          0.0263
[2025-10-01 15:30:06,891][curator.model.base][INFO] -      63         90          0.0411        9.02e-05          0.0411          0.0095          0.0117          0.0179          0.0249
[2025-10-01 15:30:07,714][curator.model.base][INFO] -      63        100          0.0289        0.000353          0.0286          0.0204          0.0231          0.0158          0.0208
[2025-10-01 15:30:08,520][curator.model.base][INFO] -      63        110          0.0295        0.000586          0.0289          0.0279          0.0298          0.0157          0.0209
[2025-10-01 15:30:09,331][curator.model.base][INFO] -      63        120          0.0196         0.00102          0.0185          0.0387          0.0392          0.0128          0.0168
[2025-10-01 15:30:09,831][curator.model.base][INFO] - 

[2025-10-01 15:30:09,831][curator.model.base][DEBUG] - Validating
[2025-10-01 15:30:09,831][curator.model.base][INFO] - # epoch      batch      total_loss     energy_loss     forces_loss      energy_mae     energy_rmse      forces_mae     forces_rmse
[2025-10-01 15:30:09,871][curator.model.base][INFO] -      63          0          0.0149         2.1e-05          0.0149         0.00457         0.00564          0.0112           0.015
[2025-10-01 15:30:10,274][curator.model.base][INFO] -      63         10          0.0141        3.67e-05           0.014         0.00583         0.00746          0.0104          0.0146
[2025-10-01 15:30:10,682][curator.model.base][INFO] -      63         20          0.0204        4.01e-05          0.0203         0.00629          0.0078           0.013          0.0175
[2025-10-01 15:30:10,977][curator.model.base][INFO] - 

[2025-10-01 15:30:10,977][curator.model.base][DEBUG] - Epoch summary:
[2025-10-01 15:30:10,977][curator.model.base][INFO] - Validation  # epoch      total_loss     energy_loss     forces_loss      energy_mae     energy_rmse      forces_mae     forces_rmse
[2025-10-01 15:30:10,977][curator.model.base][INFO] -                  63          0.0165        2.67e-05          0.0168         0.00477         0.00582          0.0116          0.0158
[2025-10-01 15:30:10,983][curator.model.base][INFO] - Train       # epoch      total_loss     energy_loss     forces_loss      energy_mae     energy_rmse      forces_mae     forces_rmse
[2025-10-01 15:30:10,983][curator.model.base][INFO] -                  63          0.0285         0.00156          0.0269          0.0377          0.0397          0.0147          0.0199
[2025-10-01 15:30:11,017][curator.model.base][INFO] - 

[2025-10-01 15:30:11,017][curator.model.base][DEBUG] - Training
[2025-10-01 15:30:11,017][curator.model.base][INFO] - # epoch      batch      total_loss     energy_loss     forces_loss      energy_mae     energy_rmse      forces_mae     forces_rmse
[2025-10-01 15:30:11,078][curator.model.base][INFO] -      64          0          0.0292        9.24e-05          0.0291          0.0101          0.0118          0.0146           0.021
[2025-10-01 15:30:11,874][curator.model.base][INFO] -      64         10          0.0281         0.00032          0.0278          0.0201           0.022           0.014          0.0205
[2025-10-01 15:30:12,676][curator.model.base][INFO] -      64         20          0.0221        0.000218          0.0219          0.0166          0.0182           0.014          0.0182
[2025-10-01 15:30:13,467][curator.model.base][INFO] -      64         30          0.0388        0.000893          0.0379          0.0338          0.0368          0.0176           0.024
[2025-10-01 15:30:14,250][curator.model.base][INFO] -      64         40          0.0312        0.000143          0.0311           0.011          0.0147          0.0165          0.0217
[2025-10-01 15:30:13,524][curator.model.base][INFO] -      64         50           0.107          0.0256          0.0811           0.195           0.197          0.0253           0.035
[2025-10-01 15:30:14,318][curator.model.base][INFO] -      64         60          0.0684         0.00131          0.0671          0.0429          0.0445          0.0245          0.0319
[2025-10-01 15:30:15,119][curator.model.base][INFO] -      64         70          0.0393         0.00127           0.038          0.0425          0.0439          0.0177           0.024
[2025-10-01 15:30:15,918][curator.model.base][INFO] -      64         80          0.0554        0.000883          0.0545          0.0324          0.0366           0.021          0.0287
[2025-10-01 15:30:16,707][curator.model.base][INFO] -      64         90           0.032        6.71e-05          0.0319         0.00916          0.0101          0.0166           0.022
[2025-10-01 15:30:17,501][curator.model.base][INFO] -      64        100          0.0346        0.000638           0.034          0.0281          0.0311          0.0166          0.0227
[2025-10-01 15:30:18,301][curator.model.base][INFO] -      64        110          0.0248         0.00013          0.0247          0.0128           0.014          0.0145          0.0193
[2025-10-01 15:30:19,100][curator.model.base][INFO] -      64        120          0.0501        0.000637          0.0494           0.026          0.0311          0.0198          0.0274
[2025-10-01 15:30:19,596][curator.model.base][INFO] - 

[2025-10-01 15:30:19,596][curator.model.base][DEBUG] - Validating
[2025-10-01 15:30:19,596][curator.model.base][INFO] - # epoch      batch      total_loss     energy_loss     forces_loss      energy_mae     energy_rmse      forces_mae     forces_rmse
[2025-10-01 15:30:19,638][curator.model.base][INFO] -      64          0          0.0143        3.18e-05          0.0142         0.00521         0.00694           0.011          0.0147
[2025-10-01 15:30:20,033][curator.model.base][INFO] -      64         10          0.0139        3.42e-05          0.0138         0.00577          0.0072          0.0103          0.0145
[2025-10-01 15:30:20,439][curator.model.base][INFO] -      64         20          0.0211        4.54e-05           0.021         0.00684         0.00829          0.0133          0.0178
[2025-10-01 15:30:20,745][curator.model.base][INFO] - 

[2025-10-01 15:30:20,745][curator.model.base][DEBUG] - Epoch summary:
[2025-10-01 15:30:20,745][curator.model.base][INFO] - Validation  # epoch      total_loss     energy_loss     forces_loss      energy_mae     energy_rmse      forces_mae     forces_rmse
[2025-10-01 15:30:20,745][curator.model.base][INFO] -                  64          0.0165        3.02e-05          0.0168         0.00503         0.00615          0.0116          0.0158
[2025-10-01 15:30:20,750][curator.model.base][INFO] - Train       # epoch      total_loss     energy_loss     forces_loss      energy_mae     energy_rmse      forces_mae     forces_rmse
[2025-10-01 15:30:20,750][curator.model.base][INFO] -                  64          0.0438         0.00252          0.0413          0.0428          0.0453          0.0178          0.0244
[2025-10-01 15:30:20,756][curator.model.base][INFO] - 

[2025-10-01 15:30:20,756][curator.model.base][DEBUG] - Training
[2025-10-01 15:30:20,756][curator.model.base][INFO] - # epoch      batch      total_loss     energy_loss     forces_loss      energy_mae     energy_rmse      forces_mae     forces_rmse
[2025-10-01 15:30:20,816][curator.model.base][INFO] -      65          0          0.0402        0.000288          0.0399          0.0139          0.0209          0.0172          0.0246
[2025-10-01 15:30:21,698][curator.model.base][INFO] -      65         10          0.0347         0.00173          0.0329            0.05          0.0512          0.0171          0.0223
[2025-10-01 15:30:22,506][curator.model.base][INFO] -      65         20           0.019        0.000575          0.0184          0.0273          0.0295          0.0131          0.0167
[2025-10-01 15:30:23,311][curator.model.base][INFO] -      65         30          0.0307         0.00013          0.0305          0.0115           0.014          0.0154          0.0215
[2025-10-01 15:30:24,117][curator.model.base][INFO] -      65         40          0.0196         0.00269          0.0169          0.0634          0.0638          0.0123           0.016
[2025-10-01 15:30:24,922][curator.model.base][INFO] -      65         50          0.0226         0.00077          0.0218          0.0332          0.0342          0.0137          0.0182
[2025-10-01 15:30:25,720][curator.model.base][INFO] -      65         60          0.0257        0.000507          0.0252          0.0266          0.0277          0.0147          0.0195
[2025-10-01 15:30:26,520][curator.model.base][INFO] -      65         70          0.0418        0.000626          0.0412          0.0276          0.0308          0.0177           0.025
[2025-10-01 15:30:27,347][curator.model.base][INFO] -      65         80          0.0268        5.36e-05          0.0268         0.00774         0.00901          0.0152          0.0201
[2025-10-01 15:30:28,144][curator.model.base][INFO] -      65         90          0.0296        0.000539          0.0291          0.0274          0.0286          0.0151           0.021
[2025-10-01 15:30:28,947][curator.model.base][INFO] -      65        100           0.031        0.000531          0.0304          0.0264          0.0284          0.0159          0.0215
[2025-10-01 15:30:29,754][curator.model.base][INFO] -      65        110          0.0217         0.00107          0.0206          0.0369          0.0402          0.0134          0.0177
[2025-10-01 15:30:30,557][curator.model.base][INFO] -      65        120          0.0224         0.00017          0.0222          0.0141           0.016          0.0139          0.0183
[2025-10-01 15:30:31,065][curator.model.base][INFO] - 

[2025-10-01 15:30:31,065][curator.model.base][DEBUG] - Validating
[2025-10-01 15:30:31,065][curator.model.base][INFO] - # epoch      batch      total_loss     energy_loss     forces_loss      energy_mae     energy_rmse      forces_mae     forces_rmse
[2025-10-01 15:30:31,104][curator.model.base][INFO] -      65          0          0.0143        3.52e-05          0.0143         0.00543          0.0073           0.011          0.0147
[2025-10-01 15:30:31,516][curator.model.base][INFO] -      65         10          0.0137        3.39e-05          0.0137          0.0058         0.00716          0.0102          0.0144
[2025-10-01 15:30:31,921][curator.model.base][INFO] -      65         20          0.0206        4.06e-05          0.0206         0.00631         0.00784          0.0131          0.0177
[2025-10-01 15:30:32,226][curator.model.base][INFO] - 

[2025-10-01 15:30:32,227][curator.model.base][DEBUG] - Epoch summary:
[2025-10-01 15:30:32,227][curator.model.base][INFO] - Validation  # epoch      total_loss     energy_loss     forces_loss      energy_mae     energy_rmse      forces_mae     forces_rmse
[2025-10-01 15:30:32,227][curator.model.base][INFO] -                  65          0.0163        2.92e-05          0.0166         0.00488           0.006          0.0115          0.0157
[2025-10-01 15:30:32,232][curator.model.base][INFO] - Train       # epoch      total_loss     energy_loss     forces_loss      energy_mae     energy_rmse      forces_mae     forces_rmse
[2025-10-01 15:30:32,232][curator.model.base][INFO] -                  65          0.0281         0.00073          0.0274          0.0273          0.0295           0.015          0.0202
[2025-10-01 15:30:32,269][curator.model.base][INFO] - 

[2025-10-01 15:30:32,269][curator.model.base][DEBUG] - Training
[2025-10-01 15:30:32,269][curator.model.base][INFO] - # epoch      batch      total_loss     energy_loss     forces_loss      energy_mae     energy_rmse      forces_mae     forces_rmse
[2025-10-01 15:30:32,331][curator.model.base][INFO] -      66          0          0.0221        0.000216          0.0219          0.0172          0.0181          0.0138          0.0182
[2025-10-01 15:30:33,147][curator.model.base][INFO] -      66         10          0.0206         0.00222          0.0184          0.0571           0.058          0.0127          0.0167
[2025-10-01 15:30:33,947][curator.model.base][INFO] -      66         20          0.0232        0.000288          0.0229          0.0197          0.0209          0.0144          0.0186
[2025-10-01 15:30:34,746][curator.model.base][INFO] -      66         30          0.0163        0.000245           0.016          0.0176          0.0193          0.0117          0.0156
[2025-10-01 15:30:35,560][curator.model.base][INFO] -      66         40          0.0271        0.000347          0.0268          0.0214          0.0229          0.0144          0.0201
[2025-10-01 15:30:36,360][curator.model.base][INFO] -      66         50          0.0196        0.000417          0.0192          0.0246          0.0251          0.0131           0.017
[2025-10-01 15:30:37,158][curator.model.base][INFO] -      66         60          0.0231         0.00171          0.0214          0.0505          0.0509          0.0133           0.018
[2025-10-01 15:30:37,967][curator.model.base][INFO] -      66         70          0.0204        0.000392            0.02          0.0228          0.0244          0.0129          0.0174
[2025-10-01 15:30:38,784][curator.model.base][INFO] -      66         80          0.0249         0.00336          0.0215          0.0711          0.0713          0.0138          0.0181
[2025-10-01 15:30:39,596][curator.model.base][INFO] -      66         90          0.0197         0.00025          0.0195          0.0174          0.0195          0.0133          0.0172
[2025-10-01 15:30:40,400][curator.model.base][INFO] -      66        100          0.0333        0.000486          0.0328          0.0245          0.0271          0.0167          0.0223
[2025-10-01 15:30:41,202][curator.model.base][INFO] -      66        110          0.0243         8.6e-05          0.0242          0.0103          0.0114          0.0147          0.0192
[2025-10-01 15:30:41,999][curator.model.base][INFO] -      66        120          0.0265        0.000136          0.0263          0.0108          0.0144           0.015            0.02
[2025-10-01 15:30:42,489][curator.model.base][INFO] - 

[2025-10-01 15:30:42,489][curator.model.base][DEBUG] - Validating
[2025-10-01 15:30:42,489][curator.model.base][INFO] - # epoch      batch      total_loss     energy_loss     forces_loss      energy_mae     energy_rmse      forces_mae     forces_rmse
[2025-10-01 15:30:42,526][curator.model.base][INFO] -      66          0          0.0144        3.54e-05          0.0144         0.00552         0.00732           0.011          0.0148
[2025-10-01 15:30:42,938][curator.model.base][INFO] -      66         10          0.0133        3.47e-05          0.0132          0.0058         0.00725          0.0101          0.0142
[2025-10-01 15:30:43,352][curator.model.base][INFO] -      66         20          0.0205        3.85e-05          0.0205         0.00628         0.00764           0.013          0.0176
[2025-10-01 15:30:43,661][curator.model.base][INFO] - 

[2025-10-01 15:30:43,661][curator.model.base][DEBUG] - Epoch summary:
[2025-10-01 15:30:43,661][curator.model.base][INFO] - Validation  # epoch      total_loss     energy_loss     forces_loss      energy_mae     energy_rmse      forces_mae     forces_rmse
[2025-10-01 15:30:43,661][curator.model.base][INFO] -                  66          0.0162        2.82e-05          0.0164         0.00483         0.00591          0.0114          0.0156
[2025-10-01 15:30:43,667][curator.model.base][INFO] - Train       # epoch      total_loss     energy_loss     forces_loss      energy_mae     energy_rmse      forces_mae     forces_rmse
[2025-10-01 15:30:43,667][curator.model.base][INFO] -                  66          0.0234        0.000621          0.0228          0.0238          0.0258          0.0138          0.0185
[2025-10-01 15:30:43,701][curator.model.base][INFO] - 

[2025-10-01 15:30:43,701][curator.model.base][DEBUG] - Training
[2025-10-01 15:30:43,701][curator.model.base][INFO] - # epoch      batch      total_loss     energy_loss     forces_loss      energy_mae     energy_rmse      forces_mae     forces_rmse
[2025-10-01 15:30:43,765][curator.model.base][INFO] -      67          0          0.0205        0.000392          0.0201          0.0231          0.0244          0.0136          0.0175
[2025-10-01 15:30:44,573][curator.model.base][INFO] -      67         10          0.0247        5.75e-05          0.0246         0.00835         0.00933          0.0146          0.0193
[2025-10-01 15:30:45,369][curator.model.base][INFO] -      67         20          0.0208         0.00077            0.02          0.0333          0.0341           0.013          0.0174
[2025-10-01 15:30:44,536][curator.model.base][INFO] -      67         30          0.0153        8.99e-05          0.0152          0.0101          0.0117          0.0117          0.0152
[2025-10-01 15:30:45,324][curator.model.base][INFO] -      67         40          0.0299         0.00241          0.0275          0.0598          0.0604          0.0155          0.0204
[2025-10-01 15:30:46,127][curator.model.base][INFO] -      67         50          0.0242        0.000426          0.0238          0.0231          0.0254          0.0139           0.019
[2025-10-01 15:30:46,915][curator.model.base][INFO] -      67         60          0.0247        0.000302          0.0244          0.0198          0.0214          0.0142          0.0192
[2025-10-01 15:30:47,695][curator.model.base][INFO] -      67         70          0.0428         0.00248          0.0403          0.0589          0.0613          0.0179          0.0247
[2025-10-01 15:30:48,493][curator.model.base][INFO] -      67         80            0.03        0.000325          0.0297          0.0199          0.0222          0.0153          0.0212
[2025-10-01 15:30:49,305][curator.model.base][INFO] -      67         90           0.038        0.000324          0.0377           0.021          0.0222          0.0172          0.0239
[2025-10-01 15:30:50,092][curator.model.base][INFO] -      67        100          0.0295        0.000195          0.0293          0.0164          0.0172          0.0155          0.0211
[2025-10-01 15:30:50,891][curator.model.base][INFO] -      67        110           0.021        0.000817          0.0202          0.0344          0.0352          0.0134          0.0175
[2025-10-01 15:30:51,668][curator.model.base][INFO] -      67        120          0.0184        0.000463          0.0179          0.0257          0.0265          0.0124          0.0165
[2025-10-01 15:30:52,160][curator.model.base][INFO] - 

[2025-10-01 15:30:52,160][curator.model.base][DEBUG] - Validating
[2025-10-01 15:30:52,160][curator.model.base][INFO] - # epoch      batch      total_loss     energy_loss     forces_loss      energy_mae     energy_rmse      forces_mae     forces_rmse
[2025-10-01 15:30:52,197][curator.model.base][INFO] -      67          0          0.0145        3.05e-05          0.0145         0.00508         0.00679           0.011          0.0148
[2025-10-01 15:30:52,592][curator.model.base][INFO] -      67         10          0.0132        3.26e-05          0.0132         0.00571         0.00702            0.01          0.0141
[2025-10-01 15:30:52,988][curator.model.base][INFO] -      67         20          0.0205        3.88e-05          0.0204         0.00644         0.00767           0.013          0.0176
[2025-10-01 15:30:53,296][curator.model.base][INFO] - 

[2025-10-01 15:30:53,296][curator.model.base][DEBUG] - Epoch summary:
[2025-10-01 15:30:53,296][curator.model.base][INFO] - Validation  # epoch      total_loss     energy_loss     forces_loss      energy_mae     energy_rmse      forces_mae     forces_rmse
[2025-10-01 15:30:53,296][curator.model.base][INFO] -                  67          0.0161        2.67e-05          0.0163         0.00461         0.00568          0.0114          0.0156
[2025-10-01 15:30:53,301][curator.model.base][INFO] - Train       # epoch      total_loss     energy_loss     forces_loss      energy_mae     energy_rmse      forces_mae     forces_rmse
[2025-10-01 15:30:53,301][curator.model.base][INFO] -                  67          0.0287         0.00094          0.0278          0.0309          0.0328          0.0149          0.0202
[2025-10-01 15:30:53,336][curator.model.base][INFO] - 

[2025-10-01 15:30:53,336][curator.model.base][DEBUG] - Training
[2025-10-01 15:30:53,336][curator.model.base][INFO] - # epoch      batch      total_loss     energy_loss     forces_loss      energy_mae     energy_rmse      forces_mae     forces_rmse
[2025-10-01 15:30:53,405][curator.model.base][INFO] -      68          0          0.0252        0.000343          0.0248          0.0212          0.0228          0.0142          0.0194
[2025-10-01 15:30:54,196][curator.model.base][INFO] -      68         10          0.0163        0.000523          0.0158          0.0269          0.0281          0.0115          0.0155
[2025-10-01 15:30:55,022][curator.model.base][INFO] -      68         20          0.0206        0.000719          0.0199          0.0281           0.033          0.0129          0.0174
[2025-10-01 15:30:55,850][curator.model.base][INFO] -      68         30          0.0172        0.000248           0.017          0.0169          0.0194          0.0125           0.016
[2025-10-01 15:30:56,676][curator.model.base][INFO] -      68         40          0.0369        0.000564          0.0363           0.026          0.0292          0.0174          0.0235
[2025-10-01 15:30:57,512][curator.model.base][INFO] -      68         50          0.0344         0.00158          0.0328          0.0473           0.049          0.0162          0.0223
[2025-10-01 15:30:58,351][curator.model.base][INFO] -      68         60          0.0247        9.67e-05          0.0246         0.00793          0.0121           0.014          0.0193
[2025-10-01 15:30:59,182][curator.model.base][INFO] -      68         70          0.0254        0.000757          0.0246           0.032          0.0339          0.0148          0.0193
[2025-10-01 15:31:00,027][curator.model.base][INFO] -      68         80           0.022         0.00109          0.0209            0.04          0.0407          0.0136          0.0178
[2025-10-01 15:31:00,815][curator.model.base][INFO] -      68         90          0.0266         0.00244          0.0241          0.0597          0.0608          0.0135          0.0191
[2025-10-01 15:31:01,610][curator.model.base][INFO] -      68        100          0.0222        0.000138          0.0221          0.0129          0.0145           0.014          0.0183
[2025-10-01 15:31:02,424][curator.model.base][INFO] -      68        110           0.033        0.000138          0.0328          0.0118          0.0145          0.0161          0.0223
[2025-10-01 15:31:03,217][curator.model.base][INFO] -      68        120          0.0956        0.000573          0.0951          0.0216          0.0295          0.0246          0.0379
[2025-10-01 15:31:03,714][curator.model.base][INFO] - 

[2025-10-01 15:31:03,714][curator.model.base][DEBUG] - Validating
[2025-10-01 15:31:03,715][curator.model.base][INFO] - # epoch      batch      total_loss     energy_loss     forces_loss      energy_mae     energy_rmse      forces_mae     forces_rmse
[2025-10-01 15:31:03,753][curator.model.base][INFO] -      68          0          0.0144        2.44e-05          0.0144         0.00456         0.00608           0.011          0.0148
[2025-10-01 15:31:04,159][curator.model.base][INFO] -      68         10          0.0131        3.42e-05           0.013         0.00581         0.00719            0.01          0.0141
[2025-10-01 15:31:04,567][curator.model.base][INFO] -      68         20          0.0202         3.8e-05          0.0202         0.00602         0.00759          0.0129          0.0175
[2025-10-01 15:31:04,878][curator.model.base][INFO] - 

[2025-10-01 15:31:04,878][curator.model.base][DEBUG] - Epoch summary:
[2025-10-01 15:31:04,878][curator.model.base][INFO] - Validation  # epoch      total_loss     energy_loss     forces_loss      energy_mae     energy_rmse      forces_mae     forces_rmse
[2025-10-01 15:31:04,878][curator.model.base][INFO] -                  68          0.0158        2.59e-05          0.0161         0.00456         0.00562          0.0113          0.0155
[2025-10-01 15:31:04,883][curator.model.base][INFO] - Train       # epoch      total_loss     energy_loss     forces_loss      energy_mae     energy_rmse      forces_mae     forces_rmse
[2025-10-01 15:31:04,883][curator.model.base][INFO] -                  68          0.0288          0.0013          0.0274           0.035           0.037          0.0146          0.0199
[2025-10-01 15:31:04,920][curator.model.base][INFO] - 

[2025-10-01 15:31:04,920][curator.model.base][DEBUG] - Training
[2025-10-01 15:31:04,920][curator.model.base][INFO] - # epoch      batch      total_loss     energy_loss     forces_loss      energy_mae     energy_rmse      forces_mae     forces_rmse
[2025-10-01 15:31:04,988][curator.model.base][INFO] -      69          0           0.114        0.000503           0.113          0.0233          0.0276          0.0298          0.0414
[2025-10-01 15:31:05,786][curator.model.base][INFO] -      69         10           0.143          0.0287           0.114           0.208           0.208          0.0322          0.0416
[2025-10-01 15:31:06,591][curator.model.base][INFO] -      69         20          0.0975          0.0279          0.0696           0.205           0.206          0.0243          0.0325
[2025-10-01 15:31:07,381][curator.model.base][INFO] -      69         30          0.0653           0.023          0.0423           0.186           0.187           0.019          0.0253
[2025-10-01 15:31:08,205][curator.model.base][INFO] -      69         40          0.0379          0.0204          0.0175           0.176           0.176          0.0127          0.0163
[2025-10-01 15:31:09,016][curator.model.base][INFO] -      69         50          0.0623          0.0348          0.0275           0.229           0.229          0.0159          0.0204
[2025-10-01 15:31:09,812][curator.model.base][INFO] -      69         60          0.0889          0.0569           0.032           0.293           0.294          0.0171           0.022
[2025-10-01 15:31:10,608][curator.model.base][INFO] -      69         70          0.0452          0.0114          0.0338           0.131           0.131          0.0168          0.0226
[2025-10-01 15:31:11,403][curator.model.base][INFO] -      69         80          0.0715          0.0388          0.0327           0.241           0.242          0.0167          0.0223
[2025-10-01 15:31:12,208][curator.model.base][INFO] -      69         90            0.05          0.0273          0.0227           0.203           0.203          0.0145          0.0185
[2025-10-01 15:31:13,006][curator.model.base][INFO] -      69        100          0.0465          0.0195           0.027           0.172           0.172          0.0151          0.0202
[2025-10-01 15:31:13,792][curator.model.base][INFO] -      69        110          0.0408         0.00183          0.0389          0.0493          0.0527          0.0172          0.0243
[2025-10-01 15:31:14,583][curator.model.base][INFO] -      69        120          0.0232         0.00052          0.0226          0.0255          0.0281          0.0143          0.0185
[2025-10-01 15:31:15,081][curator.model.base][INFO] - 

[2025-10-01 15:31:15,081][curator.model.base][DEBUG] - Validating
[2025-10-01 15:31:15,081][curator.model.base][INFO] - # epoch      batch      total_loss     energy_loss     forces_loss      energy_mae     energy_rmse      forces_mae     forces_rmse
[2025-10-01 15:31:15,119][curator.model.base][INFO] -      69          0           0.015        7.25e-05          0.0149         0.00806          0.0105          0.0112           0.015
[2025-10-01 15:31:15,524][curator.model.base][INFO] -      69         10          0.0137        5.58e-05          0.0136         0.00826         0.00919          0.0102          0.0144
[2025-10-01 15:31:15,933][curator.model.base][INFO] -      69         20            0.02        7.09e-05          0.0199         0.00852          0.0104          0.0128          0.0174
[2025-10-01 15:31:14,669][curator.model.base][INFO] - 

[2025-10-01 15:31:14,669][curator.model.base][DEBUG] - Epoch summary:
[2025-10-01 15:31:14,669][curator.model.base][INFO] - Validation  # epoch      total_loss     energy_loss     forces_loss      energy_mae     energy_rmse      forces_mae     forces_rmse
[2025-10-01 15:31:14,669][curator.model.base][INFO] -                  69          0.0161        5.65e-05          0.0163         0.00735         0.00869          0.0114          0.0156
[2025-10-01 15:31:14,674][curator.model.base][INFO] - Train       # epoch      total_loss     energy_loss     forces_loss      energy_mae     energy_rmse      forces_mae     forces_rmse
[2025-10-01 15:31:14,674][curator.model.base][INFO] -                  69           0.069          0.0224          0.0466           0.161           0.162          0.0189          0.0254
[2025-10-01 15:31:14,680][curator.model.base][INFO] - 

[2025-10-01 15:31:14,680][curator.model.base][DEBUG] - Training
[2025-10-01 15:31:14,680][curator.model.base][INFO] - # epoch      batch      total_loss     energy_loss     forces_loss      energy_mae     energy_rmse      forces_mae     forces_rmse
[2025-10-01 15:31:14,739][curator.model.base][INFO] -      70          0          0.0223        0.000311           0.022          0.0213          0.0217          0.0138          0.0182
[2025-10-01 15:31:15,533][curator.model.base][INFO] -      70         10          0.0177        4.44e-05          0.0177         0.00615          0.0082          0.0124          0.0164
[2025-10-01 15:31:16,336][curator.model.base][INFO] -      70         20          0.0193         6.5e-05          0.0193         0.00754         0.00992          0.0129          0.0171
[2025-10-01 15:31:17,123][curator.model.base][INFO] -      70         30          0.0293        0.000202          0.0291          0.0119          0.0175          0.0158           0.021
[2025-10-01 15:31:17,925][curator.model.base][INFO] -      70         40          0.0161        7.27e-05          0.0161         0.00865          0.0105          0.0118          0.0156
[2025-10-01 15:31:18,753][curator.model.base][INFO] -      70         50          0.0183        6.32e-05          0.0182         0.00818         0.00978          0.0124          0.0166
[2025-10-01 15:31:19,543][curator.model.base][INFO] -      70         60          0.0231        0.000197          0.0229          0.0165          0.0173           0.014          0.0186
[2025-10-01 15:31:20,344][curator.model.base][INFO] -      70         70          0.0147        8.37e-05          0.0147         0.00954          0.0113          0.0114          0.0149
[2025-10-01 15:31:21,142][curator.model.base][INFO] -      70         80          0.0214        0.000295          0.0211          0.0113          0.0211          0.0139          0.0179
[2025-10-01 15:31:21,930][curator.model.base][INFO] -      70         90           0.036        0.000557          0.0354           0.027          0.0291          0.0168          0.0232
[2025-10-01 15:31:22,732][curator.model.base][INFO] -      70        100          0.0378        0.000123          0.0377           0.013          0.0137          0.0179          0.0239
[2025-10-01 15:31:23,525][curator.model.base][INFO] -      70        110          0.0265        0.000141          0.0263          0.0136          0.0146           0.015            0.02
[2025-10-01 15:31:24,324][curator.model.base][INFO] -      70        120          0.0282        0.000354          0.0279          0.0216          0.0232          0.0155          0.0205
[2025-10-01 15:31:24,822][curator.model.base][INFO] - 

[2025-10-01 15:31:24,822][curator.model.base][DEBUG] - Validating
[2025-10-01 15:31:24,822][curator.model.base][INFO] - # epoch      batch      total_loss     energy_loss     forces_loss      energy_mae     energy_rmse      forces_mae     forces_rmse
[2025-10-01 15:31:24,862][curator.model.base][INFO] -      70          0          0.0147         5.6e-05          0.0146         0.00645         0.00921          0.0111          0.0149
[2025-10-01 15:31:25,258][curator.model.base][INFO] -      70         10          0.0135         4.3e-05          0.0134         0.00696         0.00807          0.0101          0.0143
[2025-10-01 15:31:25,667][curator.model.base][INFO] -      70         20          0.0196        5.62e-05          0.0196         0.00698         0.00923          0.0128          0.0172
[2025-10-01 15:31:25,974][curator.model.base][INFO] - 

[2025-10-01 15:31:25,974][curator.model.base][DEBUG] - Epoch summary:
[2025-10-01 15:31:25,974][curator.model.base][INFO] - Validation  # epoch      total_loss     energy_loss     forces_loss      energy_mae     energy_rmse      forces_mae     forces_rmse
[2025-10-01 15:31:25,974][curator.model.base][INFO] -                  70          0.0158        4.14e-05           0.016         0.00599         0.00731          0.0113          0.0154
[2025-10-01 15:31:25,979][curator.model.base][INFO] - Train       # epoch      total_loss     energy_loss     forces_loss      energy_mae     energy_rmse      forces_mae     forces_rmse
[2025-10-01 15:31:25,980][curator.model.base][INFO] -                  70          0.0261        0.000537          0.0256          0.0223          0.0245          0.0144          0.0194
[2025-10-01 15:31:26,018][curator.model.base][INFO] - 

[2025-10-01 15:31:26,018][curator.model.base][DEBUG] - Training
[2025-10-01 15:31:26,018][curator.model.base][INFO] - # epoch      batch      total_loss     energy_loss     forces_loss      energy_mae     energy_rmse      forces_mae     forces_rmse
[2025-10-01 15:31:26,084][curator.model.base][INFO] -      71          0          0.0241        6.26e-05           0.024         0.00823         0.00974          0.0145          0.0191
[2025-10-01 15:31:26,882][curator.model.base][INFO] -      71         10          0.0552        0.000254          0.0549          0.0156          0.0196          0.0199          0.0288
[2025-10-01 15:31:27,691][curator.model.base][INFO] -      71         20          0.0441        0.000821          0.0432           0.034          0.0353          0.0168          0.0256
[2025-10-01 15:31:28,492][curator.model.base][INFO] -      71         30          0.0285        0.000451           0.028          0.0254          0.0261          0.0153          0.0206
[2025-10-01 15:31:29,295][curator.model.base][INFO] -      71         40          0.0245         0.00108          0.0234          0.0394          0.0404          0.0142          0.0188
[2025-10-01 15:31:30,106][curator.model.base][INFO] -      71         50           0.028        0.000838          0.0271          0.0319          0.0356          0.0154          0.0203
[2025-10-01 15:31:30,895][curator.model.base][INFO] -      71         60          0.0194         0.00191          0.0175          0.0533          0.0537          0.0125          0.0163
[2025-10-01 15:31:31,682][curator.model.base][INFO] -      71         70          0.0204        0.000847          0.0195          0.0352          0.0358          0.0128          0.0172
[2025-10-01 15:31:32,498][curator.model.base][INFO] -      71         80          0.0221        0.000355          0.0218          0.0215          0.0232          0.0134          0.0182
[2025-10-01 15:31:33,313][curator.model.base][INFO] -      71         90          0.0222        0.000516          0.0217          0.0267          0.0279          0.0136          0.0181
[2025-10-01 15:31:34,108][curator.model.base][INFO] -      71        100          0.0264        0.000229          0.0261          0.0171          0.0186          0.0145          0.0199
[2025-10-01 15:31:34,906][curator.model.base][INFO] -      71        110           0.057         0.00297           0.054          0.0651          0.0671          0.0192          0.0286
[2025-10-01 15:31:35,703][curator.model.base][INFO] -      71        120           0.139         0.00158           0.137          0.0424           0.049           0.031          0.0456
[2025-10-01 15:31:36,215][curator.model.base][INFO] - 

[2025-10-01 15:31:36,215][curator.model.base][DEBUG] - Validating
[2025-10-01 15:31:36,215][curator.model.base][INFO] - # epoch      batch      total_loss     energy_loss     forces_loss      energy_mae     energy_rmse      forces_mae     forces_rmse
[2025-10-01 15:31:36,257][curator.model.base][INFO] -      71          0          0.0143        3.51e-05          0.0142         0.00546         0.00729           0.011          0.0147
[2025-10-01 15:31:36,665][curator.model.base][INFO] -      71         10           0.013        3.14e-05           0.013          0.0057          0.0069         0.00986           0.014
[2025-10-01 15:31:37,070][curator.model.base][INFO] -      71         20          0.0193        4.53e-05          0.0192         0.00635         0.00828          0.0127          0.0171
[2025-10-01 15:31:37,377][curator.model.base][INFO] - 

[2025-10-01 15:31:37,377][curator.model.base][DEBUG] - Epoch summary:
[2025-10-01 15:31:37,378][curator.model.base][INFO] - Validation  # epoch      total_loss     energy_loss     forces_loss      energy_mae     energy_rmse      forces_mae     forces_rmse
[2025-10-01 15:31:37,378][curator.model.base][INFO] -                  71          0.0156         3.2e-05          0.0158         0.00513         0.00635          0.0112          0.0154
[2025-10-01 15:31:37,383][curator.model.base][INFO] - Train       # epoch      total_loss     energy_loss     forces_loss      energy_mae     energy_rmse      forces_mae     forces_rmse
[2025-10-01 15:31:37,383][curator.model.base][INFO] -                  71          0.0388        0.000928          0.0378          0.0297          0.0323          0.0164          0.0227
[2025-10-01 15:31:37,418][curator.model.base][INFO] - 

[2025-10-01 15:31:37,418][curator.model.base][DEBUG] - Training
[2025-10-01 15:31:37,419][curator.model.base][INFO] - # epoch      batch      total_loss     energy_loss     forces_loss      energy_mae     energy_rmse      forces_mae     forces_rmse
[2025-10-01 15:31:37,481][curator.model.base][INFO] -      72          0          0.0618         0.00137          0.0604          0.0435          0.0456          0.0221          0.0302
[2025-10-01 15:31:38,310][curator.model.base][INFO] -      72         10           0.178          0.0013           0.176          0.0385          0.0444          0.0375          0.0517
[2025-10-01 15:31:39,133][curator.model.base][INFO] -      72         20           0.116         0.00142           0.115          0.0414          0.0464          0.0299          0.0417
[2025-10-01 15:31:39,927][curator.model.base][INFO] -      72         30          0.0422        0.000595          0.0416          0.0277            0.03          0.0192          0.0251
[2025-10-01 15:31:40,743][curator.model.base][INFO] -      72         40          0.0446        0.000495          0.0441          0.0257          0.0274          0.0193          0.0259
[2025-10-01 15:31:41,547][curator.model.base][INFO] -      72         50           0.122         0.00391           0.119          0.0733           0.077          0.0313          0.0424
[2025-10-01 15:31:42,344][curator.model.base][INFO] -      72         60          0.0465        0.000323          0.0461          0.0197          0.0221          0.0193          0.0264
[2025-10-01 15:31:43,146][curator.model.base][INFO] -      72         70          0.0501         0.00296          0.0471          0.0661           0.067          0.0196          0.0267
[2025-10-01 15:31:43,943][curator.model.base][INFO] -      72         80            0.02        0.000352          0.0196           0.022          0.0231          0.0131          0.0172
[2025-10-01 15:31:44,750][curator.model.base][INFO] -      72         90          0.0228        0.000136          0.0227          0.0131          0.0144          0.0145          0.0185
[2025-10-01 15:31:45,546][curator.model.base][INFO] -      72        100          0.0274        0.000288          0.0271          0.0164          0.0209          0.0153          0.0203
[2025-10-01 15:31:46,353][curator.model.base][INFO] -      72        110          0.0182        0.000377          0.0178          0.0228          0.0239          0.0125          0.0164
[2025-10-01 15:31:45,643][curator.model.base][INFO] -      72        120          0.0389         0.00103          0.0379          0.0367          0.0395          0.0174           0.024
[2025-10-01 15:31:46,132][curator.model.base][INFO] - 

[2025-10-01 15:31:46,132][curator.model.base][DEBUG] - Validating
[2025-10-01 15:31:46,132][curator.model.base][INFO] - # epoch      batch      total_loss     energy_loss     forces_loss      energy_mae     energy_rmse      forces_mae     forces_rmse
[2025-10-01 15:31:46,169][curator.model.base][INFO] -      72          0          0.0146        5.96e-05          0.0146         0.00733          0.0095          0.0111          0.0148
[2025-10-01 15:31:46,585][curator.model.base][INFO] -      72         10          0.0135        5.18e-05          0.0135         0.00767         0.00886          0.0101          0.0143
[2025-10-01 15:31:46,993][curator.model.base][INFO] -      72         20          0.0194        6.96e-05          0.0193         0.00834          0.0103          0.0127          0.0171
[2025-10-01 15:31:47,295][curator.model.base][INFO] - 

[2025-10-01 15:31:47,296][curator.model.base][DEBUG] - Epoch summary:
[2025-10-01 15:31:47,296][curator.model.base][INFO] - Validation  # epoch      total_loss     energy_loss     forces_loss      energy_mae     energy_rmse      forces_mae     forces_rmse
[2025-10-01 15:31:47,296][curator.model.base][INFO] -                  72          0.0158        5.07e-05          0.0159         0.00692         0.00825          0.0113          0.0154
[2025-10-01 15:31:47,301][curator.model.base][INFO] - Train       # epoch      total_loss     energy_loss     forces_loss      energy_mae     energy_rmse      forces_mae     forces_rmse
[2025-10-01 15:31:47,301][curator.model.base][INFO] -                  72          0.0589         0.00107          0.0578          0.0319          0.0346          0.0206           0.028
[2025-10-01 15:31:47,306][curator.model.base][INFO] - 

[2025-10-01 15:31:47,306][curator.model.base][DEBUG] - Training
[2025-10-01 15:31:47,306][curator.model.base][INFO] - # epoch      batch      total_loss     energy_loss     forces_loss      energy_mae     energy_rmse      forces_mae     forces_rmse
[2025-10-01 15:31:47,365][curator.model.base][INFO] -      73          0          0.0322         0.00232          0.0299          0.0543          0.0593           0.016          0.0213
[2025-10-01 15:31:48,165][curator.model.base][INFO] -      73         10          0.0196        8.45e-05          0.0195         0.00945          0.0113          0.0131          0.0172
[2025-10-01 15:31:48,963][curator.model.base][INFO] -      73         20          0.0349        3.71e-05          0.0348         0.00602         0.00749          0.0169           0.023
[2025-10-01 15:31:49,794][curator.model.base][INFO] -      73         30          0.0215        0.000414          0.0211          0.0242           0.025          0.0137          0.0179
[2025-10-01 15:31:50,598][curator.model.base][INFO] -      73         40          0.0191        5.83e-05          0.0191         0.00812          0.0094           0.013           0.017
[2025-10-01 15:31:51,395][curator.model.base][INFO] -      73         50          0.0222         0.00133          0.0209          0.0445          0.0449          0.0134          0.0178
[2025-10-01 15:31:52,220][curator.model.base][INFO] -      73         60          0.0189         0.00018          0.0187          0.0143          0.0165           0.013          0.0168
[2025-10-01 15:31:53,020][curator.model.base][INFO] -      73         70          0.0281         0.00118          0.0269          0.0407          0.0423          0.0149          0.0202
[2025-10-01 15:31:53,818][curator.model.base][INFO] -      73         80          0.0326          0.0034          0.0292          0.0702          0.0717          0.0156           0.021
[2025-10-01 15:31:54,612][curator.model.base][INFO] -      73         90          0.0145        3.18e-05          0.0145         0.00546         0.00694          0.0113          0.0148
[2025-10-01 15:31:55,412][curator.model.base][INFO] -      73        100          0.0182         0.00225          0.0159          0.0523          0.0584           0.012          0.0155
[2025-10-01 15:31:56,208][curator.model.base][INFO] -      73        110          0.0224         0.00153          0.0209          0.0471          0.0482           0.013          0.0178
[2025-10-01 15:31:57,013][curator.model.base][INFO] -      73        120          0.0182        0.000103          0.0181          0.0111          0.0125          0.0122          0.0165
[2025-10-01 15:31:57,506][curator.model.base][INFO] - 

[2025-10-01 15:31:57,506][curator.model.base][DEBUG] - Validating
[2025-10-01 15:31:57,506][curator.model.base][INFO] - # epoch      batch      total_loss     energy_loss     forces_loss      energy_mae     energy_rmse      forces_mae     forces_rmse
[2025-10-01 15:31:57,544][curator.model.base][INFO] -      73          0          0.0144        3.86e-05          0.0143         0.00562         0.00765          0.0111          0.0147
[2025-10-01 15:31:57,951][curator.model.base][INFO] -      73         10           0.013         4.1e-05           0.013          0.0066         0.00788         0.00993           0.014
[2025-10-01 15:31:58,353][curator.model.base][INFO] -      73         20          0.0193        4.98e-05          0.0193          0.0069         0.00868          0.0127          0.0171
[2025-10-01 15:31:58,659][curator.model.base][INFO] - 

[2025-10-01 15:31:58,659][curator.model.base][DEBUG] - Epoch summary:
[2025-10-01 15:31:58,659][curator.model.base][INFO] - Validation  # epoch      total_loss     energy_loss     forces_loss      energy_mae     energy_rmse      forces_mae     forces_rmse
[2025-10-01 15:31:58,659][curator.model.base][INFO] -                  73          0.0156        3.54e-05          0.0158         0.00553         0.00677          0.0112          0.0153
[2025-10-01 15:31:58,664][curator.model.base][INFO] - Train       # epoch      total_loss     energy_loss     forces_loss      energy_mae     energy_rmse      forces_mae     forces_rmse
[2025-10-01 15:31:58,664][curator.model.base][INFO] -                  73          0.0227        0.000745           0.022          0.0276          0.0294          0.0136          0.0181
[2025-10-01 15:31:58,698][curator.model.base][INFO] - 

[2025-10-01 15:31:58,698][curator.model.base][DEBUG] - Training
[2025-10-01 15:31:58,698][curator.model.base][INFO] - # epoch      batch      total_loss     energy_loss     forces_loss      energy_mae     energy_rmse      forces_mae     forces_rmse
[2025-10-01 15:31:58,763][curator.model.base][INFO] -      74          0          0.0182         0.00237          0.0158          0.0597          0.0599          0.0117          0.0155
[2025-10-01 15:31:59,598][curator.model.base][INFO] -      74         10          0.0159        0.000378          0.0155          0.0233          0.0239          0.0116          0.0153
[2025-10-01 15:32:00,403][curator.model.base][INFO] -      74         20          0.0186        8.48e-05          0.0185         0.00931          0.0113          0.0128          0.0168
[2025-10-01 15:32:01,202][curator.model.base][INFO] -      74         30          0.0149        0.000481          0.0144          0.0235           0.027          0.0111          0.0148
[2025-10-01 15:32:02,075][curator.model.base][INFO] -      74         40          0.0102        0.000295          0.0099          0.0188          0.0211         0.00923          0.0122
[2025-10-01 15:32:02,874][curator.model.base][INFO] -      74         50          0.0181        0.000108           0.018          0.0116          0.0128          0.0126          0.0165
[2025-10-01 15:32:03,674][curator.model.base][INFO] -      74         60          0.0225        0.000738          0.0218           0.032          0.0334          0.0132          0.0182
[2025-10-01 15:32:04,469][curator.model.base][INFO] -      74         70          0.0226        0.000459          0.0221          0.0256          0.0264           0.013          0.0183
[2025-10-01 15:32:05,266][curator.model.base][INFO] -      74         80           0.026        0.000479          0.0255          0.0198          0.0269          0.0143          0.0197
[2025-10-01 15:32:06,082][curator.model.base][INFO] -      74         90            0.02        0.000399          0.0196          0.0236          0.0246           0.013          0.0172
[2025-10-01 15:32:06,912][curator.model.base][INFO] -      74        100          0.0154         0.00114          0.0143          0.0414          0.0415          0.0115          0.0147
[2025-10-01 15:32:07,733][curator.model.base][INFO] -      74        110          0.0339        0.000631          0.0333          0.0279          0.0309          0.0163          0.0225
[2025-10-01 15:32:08,530][curator.model.base][INFO] -      74        120          0.0234        4.49e-05          0.0233         0.00699         0.00825           0.014          0.0188
[2025-10-01 15:32:09,025][curator.model.base][INFO] - 

[2025-10-01 15:32:09,026][curator.model.base][DEBUG] - Validating
[2025-10-01 15:32:09,026][curator.model.base][INFO] - # epoch      batch      total_loss     energy_loss     forces_loss      energy_mae     energy_rmse      forces_mae     forces_rmse
[2025-10-01 15:32:09,065][curator.model.base][INFO] -      74          0          0.0139         2.9e-05          0.0139         0.00471         0.00663          0.0109          0.0145
[2025-10-01 15:32:09,474][curator.model.base][INFO] -      74         10          0.0128        3.24e-05          0.0128         0.00588           0.007         0.00979          0.0139
[2025-10-01 15:32:09,869][curator.model.base][INFO] -      74         20          0.0198        4.84e-05          0.0198         0.00712         0.00856          0.0129          0.0173
[2025-10-01 15:32:10,184][curator.model.base][INFO] - 

[2025-10-01 15:32:10,184][curator.model.base][DEBUG] - Epoch summary:
[2025-10-01 15:32:10,184][curator.model.base][INFO] - Validation  # epoch      total_loss     energy_loss     forces_loss      energy_mae     energy_rmse      forces_mae     forces_rmse
[2025-10-01 15:32:10,184][curator.model.base][INFO] -                  74          0.0154        2.88e-05          0.0156         0.00483         0.00595          0.0111          0.0152
[2025-10-01 15:32:10,189][curator.model.base][INFO] - Train       # epoch      total_loss     energy_loss     forces_loss      energy_mae     energy_rmse      forces_mae     forces_rmse
[2025-10-01 15:32:10,190][curator.model.base][INFO] -                  74          0.0203         0.00048          0.0198          0.0216          0.0234          0.0128          0.0171
[2025-10-01 15:32:10,224][curator.model.base][INFO] - 

[2025-10-01 15:32:10,224][curator.model.base][DEBUG] - Training
[2025-10-01 15:32:10,224][curator.model.base][INFO] - # epoch      batch      total_loss     energy_loss     forces_loss      energy_mae     energy_rmse      forces_mae     forces_rmse
[2025-10-01 15:32:10,288][curator.model.base][INFO] -      75          0           0.025         0.00162          0.0234          0.0466          0.0495          0.0139          0.0188
[2025-10-01 15:32:11,083][curator.model.base][INFO] -      75         10          0.0188        0.000915          0.0179           0.036          0.0372          0.0124          0.0165
[2025-10-01 15:32:11,893][curator.model.base][INFO] -      75         20           0.018        0.000149          0.0178          0.0129           0.015          0.0123          0.0164
[2025-10-01 15:32:12,692][curator.model.base][INFO] -      75         30          0.0159        0.000135          0.0158          0.0125          0.0143          0.0118          0.0155
[2025-10-01 15:32:13,481][curator.model.base][INFO] -      75         40          0.0189        0.000307          0.0186          0.0205          0.0216          0.0128          0.0168
[2025-10-01 15:32:14,270][curator.model.base][INFO] -      75         50          0.0169         0.00103          0.0159          0.0392          0.0395           0.012          0.0155
[2025-10-01 15:32:15,063][curator.model.base][INFO] -      75         60          0.0302         0.00286          0.0273          0.0643          0.0658          0.0155          0.0203
[2025-10-01 15:32:15,873][curator.model.base][INFO] -      75         70           0.019         0.00136          0.0177           0.045          0.0453          0.0125          0.0164
[2025-10-01 15:32:16,670][curator.model.base][INFO] -      75         80          0.0311        0.000585          0.0306          0.0275          0.0298          0.0161          0.0215
[2025-10-01 15:32:17,467][curator.model.base][INFO] -      75         90          0.0425        0.000752          0.0418          0.0329          0.0338           0.016          0.0251
[2025-10-01 15:32:16,741][curator.model.base][INFO] -      75        100          0.0658         0.00089          0.0649          0.0311          0.0367          0.0222          0.0314
[2025-10-01 15:32:17,531][curator.model.base][INFO] -      75        110          0.0471         0.00523          0.0419          0.0881           0.089          0.0188          0.0252
[2025-10-01 15:32:18,331][curator.model.base][INFO] -      75        120          0.0513          0.0073           0.044           0.104           0.105          0.0194          0.0258
[2025-10-01 15:32:18,827][curator.model.base][INFO] - 

[2025-10-01 15:32:18,827][curator.model.base][DEBUG] - Validating
[2025-10-01 15:32:18,827][curator.model.base][INFO] - # epoch      batch      total_loss     energy_loss     forces_loss      energy_mae     energy_rmse      forces_mae     forces_rmse
[2025-10-01 15:32:18,865][curator.model.base][INFO] -      75          0          0.0138        3.48e-05          0.0138         0.00551         0.00726          0.0108          0.0144
[2025-10-01 15:32:19,265][curator.model.base][INFO] -      75         10          0.0126        2.68e-05          0.0126         0.00546         0.00637         0.00971          0.0138
[2025-10-01 15:32:19,670][curator.model.base][INFO] -      75         20          0.0193        4.48e-05          0.0192         0.00728         0.00824          0.0127          0.0171
[2025-10-01 15:32:19,970][curator.model.base][INFO] - 

[2025-10-01 15:32:19,970][curator.model.base][DEBUG] - Epoch summary:
[2025-10-01 15:32:19,970][curator.model.base][INFO] - Validation  # epoch      total_loss     energy_loss     forces_loss      energy_mae     energy_rmse      forces_mae     forces_rmse
[2025-10-01 15:32:19,970][curator.model.base][INFO] -                  75          0.0153        2.55e-05          0.0155         0.00446          0.0055          0.0111          0.0152
[2025-10-01 15:32:19,975][curator.model.base][INFO] - Train       # epoch      total_loss     energy_loss     forces_loss      energy_mae     energy_rmse      forces_mae     forces_rmse
[2025-10-01 15:32:19,975][curator.model.base][INFO] -                  75          0.0299         0.00201          0.0279          0.0399          0.0417          0.0147            0.02
[2025-10-01 15:32:20,012][curator.model.base][INFO] - 

[2025-10-01 15:32:20,012][curator.model.base][DEBUG] - Training
[2025-10-01 15:32:20,012][curator.model.base][INFO] - # epoch      batch      total_loss     energy_loss     forces_loss      energy_mae     energy_rmse      forces_mae     forces_rmse
[2025-10-01 15:32:20,075][curator.model.base][INFO] -      76          0          0.0766         0.00401          0.0725          0.0759          0.0779          0.0227          0.0331
[2025-10-01 15:32:20,864][curator.model.base][INFO] -      76         10          0.0684          0.0079          0.0605           0.107           0.109          0.0222          0.0303
[2025-10-01 15:32:21,670][curator.model.base][INFO] -      76         20          0.0486        0.000246          0.0484          0.0153          0.0193          0.0199          0.0271
[2025-10-01 15:32:22,470][curator.model.base][INFO] -      76         30          0.0347         0.00137          0.0333          0.0449          0.0456          0.0169          0.0225
[2025-10-01 15:32:23,272][curator.model.base][INFO] -      76         40          0.0301        0.000202          0.0299          0.0137          0.0175           0.016          0.0213
[2025-10-01 15:32:24,081][curator.model.base][INFO] -      76         50          0.0229        0.000137          0.0228          0.0125          0.0144           0.014          0.0186
[2025-10-01 15:32:24,881][curator.model.base][INFO] -      76         60          0.0252        5.87e-05          0.0252         0.00695         0.00943          0.0142          0.0195
[2025-10-01 15:32:25,676][curator.model.base][INFO] -      76         70          0.0231        0.000334          0.0227          0.0207          0.0225          0.0138          0.0185
[2025-10-01 15:32:26,466][curator.model.base][INFO] -      76         80          0.0214        0.000264          0.0211          0.0179            0.02          0.0132          0.0179
[2025-10-01 15:32:27,286][curator.model.base][INFO] -      76         90          0.0169        5.79e-05          0.0168         0.00772         0.00937          0.0121           0.016
[2025-10-01 15:32:28,077][curator.model.base][INFO] -      76        100          0.0208        5.33e-05          0.0208         0.00632         0.00898          0.0131          0.0177
[2025-10-01 15:32:28,872][curator.model.base][INFO] -      76        110          0.0148        5.23e-05          0.0148         0.00755          0.0089           0.011           0.015
[2025-10-01 15:32:29,680][curator.model.base][INFO] -      76        120          0.0195         6.1e-05          0.0194         0.00714         0.00961          0.0128          0.0171
[2025-10-01 15:32:30,171][curator.model.base][INFO] - 

[2025-10-01 15:32:30,171][curator.model.base][DEBUG] - Validating
[2025-10-01 15:32:30,171][curator.model.base][INFO] - # epoch      batch      total_loss     energy_loss     forces_loss      energy_mae     energy_rmse      forces_mae     forces_rmse
[2025-10-01 15:32:30,212][curator.model.base][INFO] -      76          0          0.0139        3.05e-05          0.0139         0.00538          0.0068          0.0108          0.0145
[2025-10-01 15:32:30,621][curator.model.base][INFO] -      76         10          0.0125        2.64e-05          0.0125         0.00529         0.00633         0.00964          0.0138
[2025-10-01 15:32:31,027][curator.model.base][INFO] -      76         20          0.0197        5.04e-05          0.0196         0.00791         0.00874          0.0128          0.0172
[2025-10-01 15:32:31,326][curator.model.base][INFO] - 

[2025-10-01 15:32:31,326][curator.model.base][DEBUG] - Epoch summary:
[2025-10-01 15:32:31,326][curator.model.base][INFO] - Validation  # epoch      total_loss     energy_loss     forces_loss      energy_mae     energy_rmse      forces_mae     forces_rmse
[2025-10-01 15:32:31,326][curator.model.base][INFO] -                  76          0.0153        2.75e-05          0.0156          0.0046         0.00573           0.011          0.0152
[2025-10-01 15:32:31,331][curator.model.base][INFO] - Train       # epoch      total_loss     energy_loss     forces_loss      energy_mae     energy_rmse      forces_mae     forces_rmse
[2025-10-01 15:32:31,331][curator.model.base][INFO] -                  76          0.0308         0.00176           0.029          0.0363          0.0383          0.0151          0.0204
[2025-10-01 15:32:31,337][curator.model.base][INFO] - 

[2025-10-01 15:32:31,337][curator.model.base][DEBUG] - Training
[2025-10-01 15:32:31,337][curator.model.base][INFO] - # epoch      batch      total_loss     energy_loss     forces_loss      energy_mae     energy_rmse      forces_mae     forces_rmse
[2025-10-01 15:32:31,396][curator.model.base][INFO] -      77          0          0.0297        0.000599          0.0291          0.0264          0.0301          0.0146           0.021
[2025-10-01 15:32:32,186][curator.model.base][INFO] -      77         10          0.0257         0.00135          0.0243          0.0441          0.0452          0.0141          0.0192
[2025-10-01 15:32:32,989][curator.model.base][INFO] -      77         20           0.019        0.000206          0.0188          0.0142          0.0176          0.0126          0.0169
[2025-10-01 15:32:33,803][curator.model.base][INFO] -      77         30          0.0276        0.000459          0.0271           0.025          0.0264          0.0149          0.0203
[2025-10-01 15:32:34,591][curator.model.base][INFO] -      77         40          0.0356        2.54e-05          0.0355         0.00484          0.0062           0.018          0.0232
[2025-10-01 15:32:35,409][curator.model.base][INFO] -      77         50          0.0291        3.92e-05          0.0291         0.00657         0.00771          0.0155           0.021
[2025-10-01 15:32:36,202][curator.model.base][INFO] -      77         60           0.047         0.00154          0.0455          0.0468          0.0482           0.019          0.0262
[2025-10-01 15:32:37,006][curator.model.base][INFO] -      77         70          0.0343         0.00161          0.0326          0.0379          0.0494          0.0167          0.0222
[2025-10-01 15:32:37,821][curator.model.base][INFO] -      77         80          0.0263         0.00075          0.0255          0.0324          0.0337          0.0149          0.0197
[2025-10-01 15:32:38,611][curator.model.base][INFO] -      77         90          0.0158        0.000242          0.0155          0.0183          0.0192           0.012          0.0153
[2025-10-01 15:32:39,397][curator.model.base][INFO] -      77        100          0.0199        0.000792          0.0191           0.034          0.0346          0.0127           0.017
[2025-10-01 15:32:40,222][curator.model.base][INFO] -      77        110           0.021        0.000602          0.0204          0.0297          0.0302          0.0132          0.0176
[2025-10-01 15:32:41,045][curator.model.base][INFO] -      77        120          0.0204         0.00112          0.0193          0.0401          0.0411           0.013          0.0171
[2025-10-01 15:32:41,557][curator.model.base][INFO] - 

[2025-10-01 15:32:41,557][curator.model.base][DEBUG] - Validating
[2025-10-01 15:32:41,557][curator.model.base][INFO] - # epoch      batch      total_loss     energy_loss     forces_loss      energy_mae     energy_rmse      forces_mae     forces_rmse
[2025-10-01 15:32:41,594][curator.model.base][INFO] -      77          0          0.0135         1.8e-05          0.0135         0.00416         0.00523          0.0107          0.0143
[2025-10-01 15:32:41,998][curator.model.base][INFO] -      77         10          0.0124        2.65e-05          0.0124         0.00515         0.00633         0.00968          0.0137
[2025-10-01 15:32:42,402][curator.model.base][INFO] -      77         20          0.0195        4.56e-05          0.0195         0.00758         0.00831          0.0128          0.0172
[2025-10-01 15:32:42,716][curator.model.base][INFO] - 

[2025-10-01 15:32:42,716][curator.model.base][DEBUG] - Epoch summary:
[2025-10-01 15:32:42,716][curator.model.base][INFO] - Validation  # epoch      total_loss     energy_loss     forces_loss      energy_mae     energy_rmse      forces_mae     forces_rmse
[2025-10-01 15:32:42,716][curator.model.base][INFO] -                  77          0.0152         2.7e-05          0.0155         0.00455         0.00565           0.011          0.0152
[2025-10-01 15:32:42,722][curator.model.base][INFO] - Train       # epoch      total_loss     energy_loss     forces_loss      energy_mae     energy_rmse      forces_mae     forces_rmse
[2025-10-01 15:32:42,722][curator.model.base][INFO] -                  77          0.0318        0.000922          0.0309          0.0297          0.0318          0.0155          0.0212
[2025-10-01 15:32:42,756][curator.model.base][INFO] - 

[2025-10-01 15:32:42,756][curator.model.base][DEBUG] - Training
[2025-10-01 15:32:42,756][curator.model.base][INFO] - # epoch      batch      total_loss     energy_loss     forces_loss      energy_mae     energy_rmse      forces_mae     forces_rmse
[2025-10-01 15:32:42,816][curator.model.base][INFO] -      78          0           0.019         0.00255          0.0165          0.0615          0.0621           0.012          0.0158
[2025-10-01 15:32:43,624][curator.model.base][INFO] -      78         10          0.0235         0.00321          0.0203          0.0691          0.0697           0.013          0.0175
[2025-10-01 15:32:44,421][curator.model.base][INFO] -      78         20          0.0292         0.00111          0.0281          0.0398           0.041          0.0155          0.0206
[2025-10-01 15:32:45,222][curator.model.base][INFO] -      78         30          0.0263        0.000227          0.0261          0.0171          0.0185          0.0147          0.0199
[2025-10-01 15:32:46,027][curator.model.base][INFO] -      78         40          0.0247           0.003          0.0217          0.0661          0.0674          0.0136          0.0181
[2025-10-01 15:32:46,839][curator.model.base][INFO] -      78         50          0.0271         0.00194          0.0252          0.0539          0.0542          0.0144          0.0195
[2025-10-01 15:32:47,632][curator.model.base][INFO] -      78         60          0.0211        0.000443          0.0206          0.0248          0.0259          0.0131          0.0177
[2025-10-01 15:32:48,429][curator.model.base][INFO] -      78         70          0.0231        6.43e-05           0.023         0.00848         0.00987          0.0138          0.0187
[2025-10-01 15:32:47,713][curator.model.base][INFO] -      78         80          0.0199        0.000324          0.0196          0.0211          0.0221          0.0133          0.0172
[2025-10-01 15:32:48,513][curator.model.base][INFO] -      78         90          0.0452        0.000995          0.0442          0.0379          0.0388          0.0193          0.0259
[2025-10-01 15:32:49,328][curator.model.base][INFO] -      78        100          0.0686         0.00179          0.0668          0.0481          0.0521          0.0222          0.0318
[2025-10-01 15:32:50,132][curator.model.base][INFO] -      78        110          0.0562         0.00533          0.0508          0.0857          0.0899          0.0198          0.0277
[2025-10-01 15:32:50,919][curator.model.base][INFO] -      78        120          0.0968         0.00431          0.0924          0.0779          0.0808          0.0257          0.0374
[2025-10-01 15:32:51,406][curator.model.base][INFO] - 

[2025-10-01 15:32:51,406][curator.model.base][DEBUG] - Validating
[2025-10-01 15:32:51,407][curator.model.base][INFO] - # epoch      batch      total_loss     energy_loss     forces_loss      energy_mae     energy_rmse      forces_mae     forces_rmse
[2025-10-01 15:32:51,445][curator.model.base][INFO] -      78          0          0.0134        2.94e-05          0.0134         0.00514         0.00668          0.0106          0.0142
[2025-10-01 15:32:51,858][curator.model.base][INFO] -      78         10          0.0124        3.07e-05          0.0124         0.00572         0.00682         0.00962          0.0137
[2025-10-01 15:32:52,269][curator.model.base][INFO] -      78         20           0.019        4.28e-05          0.0189         0.00702         0.00805          0.0126          0.0169
[2025-10-01 15:32:52,573][curator.model.base][INFO] - 

[2025-10-01 15:32:52,573][curator.model.base][DEBUG] - Epoch summary:
[2025-10-01 15:32:52,574][curator.model.base][INFO] - Validation  # epoch      total_loss     energy_loss     forces_loss      energy_mae     energy_rmse      forces_mae     forces_rmse
[2025-10-01 15:32:52,574][curator.model.base][INFO] -                  78          0.0152        3.19e-05          0.0154         0.00507         0.00626           0.011          0.0151
[2025-10-01 15:32:52,579][curator.model.base][INFO] - Train       # epoch      total_loss     energy_loss     forces_loss      energy_mae     energy_rmse      forces_mae     forces_rmse
[2025-10-01 15:32:52,579][curator.model.base][INFO] -                  78           0.038         0.00326          0.0348          0.0516          0.0534          0.0162          0.0224
[2025-10-01 15:32:52,613][curator.model.base][INFO] - 

[2025-10-01 15:32:52,613][curator.model.base][DEBUG] - Training
[2025-10-01 15:32:52,613][curator.model.base][INFO] - # epoch      batch      total_loss     energy_loss     forces_loss      energy_mae     energy_rmse      forces_mae     forces_rmse
[2025-10-01 15:32:52,680][curator.model.base][INFO] -      79          0          0.0765         0.00186          0.0746          0.0519           0.053           0.025          0.0336
[2025-10-01 15:32:53,470][curator.model.base][INFO] -      79         10           0.129        0.000665           0.129          0.0282          0.0317          0.0325          0.0442
[2025-10-01 15:32:54,267][curator.model.base][INFO] -      79         20          0.0968          0.0102          0.0866           0.122           0.124           0.027          0.0362
[2025-10-01 15:32:55,097][curator.model.base][INFO] -      79         30          0.0381        0.000392          0.0377          0.0225          0.0244          0.0174          0.0239
[2025-10-01 15:32:55,891][curator.model.base][INFO] -      79         40            0.21        0.000497            0.21          0.0234          0.0274          0.0391          0.0564
[2025-10-01 15:32:56,697][curator.model.base][INFO] -      79         50          0.0473         0.00198          0.0453          0.0528          0.0548          0.0189          0.0262
[2025-10-01 15:32:57,498][curator.model.base][INFO] -      79         60           0.036        0.000273          0.0357          0.0178          0.0203          0.0174          0.0233
[2025-10-01 15:32:58,299][curator.model.base][INFO] -      79         70          0.0504        0.000175          0.0503          0.0153          0.0163          0.0197          0.0276
[2025-10-01 15:32:59,094][curator.model.base][INFO] -      79         80          0.0381         0.00356          0.0345          0.0715          0.0734          0.0166          0.0229
[2025-10-01 15:32:59,897][curator.model.base][INFO] -      79         90          0.0329        0.000587          0.0323          0.0262          0.0298          0.0157          0.0221
[2025-10-01 15:33:00,697][curator.model.base][INFO] -      79        100          0.0262        0.000374          0.0258          0.0225          0.0238          0.0147          0.0198
[2025-10-01 15:33:01,497][curator.model.base][INFO] -      79        110          0.0358        0.000742          0.0351          0.0317          0.0335          0.0174          0.0231
[2025-10-01 15:33:02,287][curator.model.base][INFO] -      79        120          0.0599         0.00621          0.0537          0.0949           0.097          0.0201          0.0285
[2025-10-01 15:33:02,779][curator.model.base][INFO] - 

[2025-10-01 15:33:02,780][curator.model.base][DEBUG] - Validating
[2025-10-01 15:33:02,780][curator.model.base][INFO] - # epoch      batch      total_loss     energy_loss     forces_loss      energy_mae     energy_rmse      forces_mae     forces_rmse
[2025-10-01 15:33:02,825][curator.model.base][INFO] -      79          0          0.0137        4.44e-05          0.0137         0.00579          0.0082          0.0107          0.0144
[2025-10-01 15:33:03,224][curator.model.base][INFO] -      79         10           0.013        2.87e-05          0.0129         0.00531         0.00659         0.00979           0.014
[2025-10-01 15:33:03,635][curator.model.base][INFO] -      79         20          0.0194        4.75e-05          0.0193         0.00719         0.00848          0.0128          0.0171
[2025-10-01 15:33:03,941][curator.model.base][INFO] - 

[2025-10-01 15:33:03,941][curator.model.base][DEBUG] - Epoch summary:
[2025-10-01 15:33:03,941][curator.model.base][INFO] - Validation  # epoch      total_loss     energy_loss     forces_loss      energy_mae     energy_rmse      forces_mae     forces_rmse
[2025-10-01 15:33:03,941][curator.model.base][INFO] -                  79          0.0153        3.69e-05          0.0155          0.0055         0.00676          0.0111          0.0152
[2025-10-01 15:33:03,947][curator.model.base][INFO] - Train       # epoch      total_loss     energy_loss     forces_loss      energy_mae     energy_rmse      forces_mae     forces_rmse
[2025-10-01 15:33:03,948][curator.model.base][INFO] -                  79          0.0667         0.00447          0.0622          0.0622          0.0647          0.0213          0.0296
[2025-10-01 15:33:03,954][curator.model.base][INFO] - 

[2025-10-01 15:33:03,954][curator.model.base][DEBUG] - Training
[2025-10-01 15:33:03,954][curator.model.base][INFO] - # epoch      batch      total_loss     energy_loss     forces_loss      energy_mae     energy_rmse      forces_mae     forces_rmse
[2025-10-01 15:33:04,029][curator.model.base][INFO] -      80          0          0.0283         0.00351          0.0248           0.072          0.0729          0.0147          0.0194
[2025-10-01 15:33:04,848][curator.model.base][INFO] -      80         10          0.0512           0.022          0.0293           0.182           0.182           0.015          0.0211
[2025-10-01 15:33:05,663][curator.model.base][INFO] -      80         20          0.0509          0.0203          0.0306           0.175           0.175          0.0155          0.0215
[2025-10-01 15:33:06,465][curator.model.base][INFO] -      80         30          0.0507          0.0272          0.0235           0.202           0.203          0.0139          0.0189
[2025-10-01 15:33:07,273][curator.model.base][INFO] -      80         40          0.0431          0.0127          0.0304           0.139           0.139          0.0161          0.0215
[2025-10-01 15:33:08,075][curator.model.base][INFO] -      80         50          0.0579          0.0352          0.0227           0.231           0.231          0.0132          0.0185
[2025-10-01 15:33:08,880][curator.model.base][INFO] -      80         60          0.0426          0.0284          0.0142           0.207           0.207          0.0114          0.0147
[2025-10-01 15:33:09,694][curator.model.base][INFO] -      80         70          0.0431          0.0215          0.0216            0.18            0.18          0.0141          0.0181
[2025-10-01 15:33:10,493][curator.model.base][INFO] -      80         80          0.0344          0.0169          0.0175            0.16            0.16          0.0123          0.0163
[2025-10-01 15:33:11,289][curator.model.base][INFO] -      80         90          0.0421        0.000801          0.0413          0.0343          0.0348          0.0154           0.025
[2025-10-01 15:33:12,092][curator.model.base][INFO] -      80        100          0.0241        0.000152           0.024          0.0138          0.0152           0.014          0.0191
[2025-10-01 15:33:12,895][curator.model.base][INFO] -      80        110          0.0359         0.00306          0.0328          0.0666          0.0681          0.0156          0.0223
[2025-10-01 15:33:13,693][curator.model.base][INFO] -      80        120          0.0214         0.00191          0.0195          0.0532          0.0539          0.0131          0.0172
[2025-10-01 15:33:14,196][curator.model.base][INFO] - 

[2025-10-01 15:33:14,196][curator.model.base][DEBUG] - Validating
[2025-10-01 15:33:14,196][curator.model.base][INFO] - # epoch      batch      total_loss     energy_loss     forces_loss      energy_mae     energy_rmse      forces_mae     forces_rmse
[2025-10-01 15:33:14,233][curator.model.base][INFO] -      80          0          0.0136        5.87e-05          0.0136         0.00669         0.00943          0.0107          0.0143
[2025-10-01 15:33:14,635][curator.model.base][INFO] -      80         10          0.0127        3.59e-05          0.0127         0.00625         0.00738          0.0097          0.0139
[2025-10-01 15:33:15,042][curator.model.base][INFO] -      80         20          0.0188        5.91e-05          0.0187         0.00792         0.00946          0.0126          0.0168
[2025-10-01 15:33:15,354][curator.model.base][INFO] - 

[2025-10-01 15:33:15,354][curator.model.base][DEBUG] - Epoch summary:
[2025-10-01 15:33:15,354][curator.model.base][INFO] - Validation  # epoch      total_loss     energy_loss     forces_loss      energy_mae     energy_rmse      forces_mae     forces_rmse
[2025-10-01 15:33:15,354][curator.model.base][INFO] -                  80          0.0153        4.75e-05          0.0155         0.00647         0.00781          0.0111          0.0152
[2025-10-01 15:33:15,359][curator.model.base][INFO] - Train       # epoch      total_loss     energy_loss     forces_loss      energy_mae     energy_rmse      forces_mae     forces_rmse
[2025-10-01 15:33:15,359][curator.model.base][INFO] -                  80          0.0394          0.0125          0.0269           0.122           0.123          0.0146          0.0199
[2025-10-01 15:33:15,365][curator.model.base][INFO] - 

[2025-10-01 15:33:15,365][curator.model.base][DEBUG] - Training
[2025-10-01 15:33:15,365][curator.model.base][INFO] - # epoch      batch      total_loss     energy_loss     forces_loss      energy_mae     energy_rmse      forces_mae     forces_rmse
[2025-10-01 15:33:15,425][curator.model.base][INFO] -      81          0          0.0186        0.000849          0.0178          0.0354          0.0359          0.0123          0.0164
[2025-10-01 15:33:16,235][curator.model.base][INFO] -      81         10           0.016        0.000802          0.0152          0.0345          0.0348          0.0114          0.0152
[2025-10-01 15:33:17,047][curator.model.base][INFO] -      81         20          0.0195        0.000125          0.0194          0.0124          0.0138           0.013          0.0171
[2025-10-01 15:33:17,846][curator.model.base][INFO] -      81         30          0.0264        0.000357           0.026          0.0207          0.0232          0.0143          0.0198
[2025-10-01 15:33:18,652][curator.model.base][INFO] -      81         40          0.0246        9.49e-05          0.0245         0.00963           0.012          0.0142          0.0193
[2025-10-01 15:33:19,458][curator.model.base][INFO] -      81         50           0.021         0.00158          0.0194          0.0482          0.0489          0.0131          0.0171
[2025-10-01 15:33:18,685][curator.model.base][INFO] -      81         60          0.0286         0.00353          0.0251          0.0725          0.0731          0.0149          0.0195
[2025-10-01 15:33:19,472][curator.model.base][INFO] -      81         70          0.0206        0.000409          0.0202          0.0229          0.0249          0.0134          0.0175
[2025-10-01 15:33:20,277][curator.model.base][INFO] -      81         80          0.0213        0.000633          0.0207            0.03           0.031          0.0133          0.0177
[2025-10-01 15:33:21,082][curator.model.base][INFO] -      81         90          0.0215         0.00138          0.0202          0.0453          0.0457          0.0131          0.0175
[2025-10-01 15:33:21,920][curator.model.base][INFO] -      81        100          0.0187        0.000741           0.018          0.0324          0.0335          0.0126          0.0165
[2025-10-01 15:33:22,747][curator.model.base][INFO] -      81        110          0.0267        0.000375          0.0263          0.0151          0.0238           0.015            0.02
[2025-10-01 15:33:23,542][curator.model.base][INFO] -      81        120          0.0229        9.91e-05          0.0228          0.0108          0.0122          0.0139          0.0186
[2025-10-01 15:33:24,033][curator.model.base][INFO] - 

[2025-10-01 15:33:24,033][curator.model.base][DEBUG] - Validating
[2025-10-01 15:33:24,033][curator.model.base][INFO] - # epoch      batch      total_loss     energy_loss     forces_loss      energy_mae     energy_rmse      forces_mae     forces_rmse
[2025-10-01 15:33:24,074][curator.model.base][INFO] -      81          0          0.0135        5.43e-05          0.0134         0.00624         0.00907          0.0107          0.0143
[2025-10-01 15:33:24,486][curator.model.base][INFO] -      81         10          0.0125        3.03e-05          0.0124         0.00547         0.00677         0.00961          0.0137
[2025-10-01 15:33:24,895][curator.model.base][INFO] -      81         20          0.0187        5.59e-05          0.0187         0.00744          0.0092          0.0126          0.0168
[2025-10-01 15:33:25,203][curator.model.base][INFO] - 

[2025-10-01 15:33:25,203][curator.model.base][DEBUG] - Epoch summary:
[2025-10-01 15:33:25,203][curator.model.base][INFO] - Validation  # epoch      total_loss     energy_loss     forces_loss      energy_mae     energy_rmse      forces_mae     forces_rmse
[2025-10-01 15:33:25,203][curator.model.base][INFO] -                  81          0.0151        4.14e-05          0.0153         0.00586         0.00721           0.011          0.0151
[2025-10-01 15:33:25,208][curator.model.base][INFO] - Train       # epoch      total_loss     energy_loss     forces_loss      energy_mae     energy_rmse      forces_mae     forces_rmse
[2025-10-01 15:33:25,208][curator.model.base][INFO] -                  81          0.0255         0.00116          0.0243          0.0346          0.0364           0.014           0.019
[2025-10-01 15:33:25,244][curator.model.base][INFO] - 

[2025-10-01 15:33:25,244][curator.model.base][DEBUG] - Training
[2025-10-01 15:33:25,244][curator.model.base][INFO] - # epoch      batch      total_loss     energy_loss     forces_loss      energy_mae     energy_rmse      forces_mae     forces_rmse
[2025-10-01 15:33:25,310][curator.model.base][INFO] -      82          0          0.0285           0.003          0.0255          0.0668          0.0674          0.0144          0.0197
[2025-10-01 15:33:26,123][curator.model.base][INFO] -      82         10          0.0424         0.00292          0.0394          0.0643          0.0665          0.0181          0.0244
[2025-10-01 15:33:26,925][curator.model.base][INFO] -      82         20          0.0318        0.000315          0.0315          0.0178          0.0218          0.0159          0.0218
[2025-10-01 15:33:27,723][curator.model.base][INFO] -      82         30          0.0223        5.59e-05          0.0223         0.00764          0.0092          0.0136          0.0184
[2025-10-01 15:33:28,554][curator.model.base][INFO] -      82         40          0.0176         0.00207          0.0156          0.0557           0.056          0.0119          0.0153
[2025-10-01 15:33:29,354][curator.model.base][INFO] -      82         50          0.0201        9.45e-05            0.02         0.00905           0.012           0.013          0.0174
[2025-10-01 15:33:30,151][curator.model.base][INFO] -      82         60          0.0221         0.00112           0.021          0.0403          0.0412          0.0126          0.0178
[2025-10-01 15:33:30,961][curator.model.base][INFO] -      82         70          0.0234        0.000396           0.023          0.0233          0.0245          0.0142          0.0187
[2025-10-01 15:33:31,750][curator.model.base][INFO] -      82         80           0.029         0.00201           0.027          0.0543          0.0551           0.015          0.0202
[2025-10-01 15:33:32,551][curator.model.base][INFO] -      82         90           0.027        0.000566          0.0265          0.0266          0.0293          0.0147            0.02
[2025-10-01 15:33:33,353][curator.model.base][INFO] -      82        100          0.0222        0.000401          0.0218          0.0224          0.0246          0.0137          0.0182
[2025-10-01 15:33:34,156][curator.model.base][INFO] -      82        110          0.0251         0.00194          0.0232          0.0534          0.0543          0.0138          0.0187
[2025-10-01 15:33:34,959][curator.model.base][INFO] -      82        120          0.0217         0.00158          0.0201          0.0479          0.0488          0.0129          0.0175
[2025-10-01 15:33:35,457][curator.model.base][INFO] - 

[2025-10-01 15:33:35,457][curator.model.base][DEBUG] - Validating
[2025-10-01 15:33:35,457][curator.model.base][INFO] - # epoch      batch      total_loss     energy_loss     forces_loss      energy_mae     energy_rmse      forces_mae     forces_rmse
[2025-10-01 15:33:35,497][curator.model.base][INFO] -      82          0          0.0137        3.22e-05          0.0136         0.00525         0.00698          0.0107          0.0144
[2025-10-01 15:33:35,904][curator.model.base][INFO] -      82         10          0.0124        2.76e-05          0.0123         0.00533         0.00647         0.00956          0.0137
[2025-10-01 15:33:36,311][curator.model.base][INFO] -      82         20          0.0188        4.69e-05          0.0187         0.00707         0.00843          0.0126          0.0168
[2025-10-01 15:33:36,616][curator.model.base][INFO] - 

[2025-10-01 15:33:36,617][curator.model.base][DEBUG] - Epoch summary:
[2025-10-01 15:33:36,617][curator.model.base][INFO] - Validation  # epoch      total_loss     energy_loss     forces_loss      energy_mae     energy_rmse      forces_mae     forces_rmse
[2025-10-01 15:33:36,617][curator.model.base][INFO] -                  82           0.015        3.52e-05          0.0152         0.00528          0.0065          0.0109           0.015
[2025-10-01 15:33:36,622][curator.model.base][INFO] - Train       # epoch      total_loss     energy_loss     forces_loss      energy_mae     energy_rmse      forces_mae     forces_rmse
[2025-10-01 15:33:36,622][curator.model.base][INFO] -                  82          0.0269         0.00111          0.0258          0.0341          0.0361          0.0143          0.0195
[2025-10-01 15:33:36,660][curator.model.base][INFO] - 

[2025-10-01 15:33:36,661][curator.model.base][DEBUG] - Training
[2025-10-01 15:33:36,661][curator.model.base][INFO] - # epoch      batch      total_loss     energy_loss     forces_loss      energy_mae     energy_rmse      forces_mae     forces_rmse
[2025-10-01 15:33:36,724][curator.model.base][INFO] -      83          0          0.0164        0.000596          0.0158          0.0292            0.03          0.0116          0.0155
[2025-10-01 15:33:37,555][curator.model.base][INFO] -      83         10          0.0246         0.00016          0.0245          0.0142          0.0155          0.0142          0.0192
[2025-10-01 15:33:38,377][curator.model.base][INFO] -      83         20          0.0197         0.00126          0.0185          0.0379          0.0438          0.0126          0.0167
[2025-10-01 15:33:39,177][curator.model.base][INFO] -      83         30          0.0194         0.00191          0.0175          0.0533          0.0537          0.0124          0.0163
[2025-10-01 15:33:39,978][curator.model.base][INFO] -      83         40           0.023        3.02e-05           0.023         0.00565         0.00676          0.0136          0.0187
[2025-10-01 15:33:40,794][curator.model.base][INFO] -      83         50          0.0188         0.00212          0.0167          0.0558          0.0566          0.0117          0.0159
[2025-10-01 15:33:41,594][curator.model.base][INFO] -      83         60          0.0135         0.00019          0.0134          0.0157          0.0169          0.0109          0.0142
[2025-10-01 15:33:42,390][curator.model.base][INFO] -      83         70          0.0183        0.000466          0.0179          0.0258          0.0266          0.0125          0.0165
[2025-10-01 15:33:43,205][curator.model.base][INFO] -      83         80          0.0146        0.000359          0.0142          0.0144          0.0233           0.011          0.0147
[2025-10-01 15:33:44,025][curator.model.base][INFO] -      83         90          0.0162          0.0015          0.0147          0.0472          0.0476          0.0113          0.0149
[2025-10-01 15:33:44,826][curator.model.base][INFO] -      83        100          0.0144        0.000754          0.0137          0.0334          0.0338          0.0107          0.0144
[2025-10-01 15:33:45,613][curator.model.base][INFO] -      83        110           0.019        4.23e-05          0.0189         0.00666           0.008          0.0124          0.0169
[2025-10-01 15:33:46,416][curator.model.base][INFO] -      83        120           0.022        0.000279          0.0217          0.0128          0.0206          0.0135          0.0181
[2025-10-01 15:33:46,903][curator.model.base][INFO] - 

[2025-10-01 15:33:46,903][curator.model.base][DEBUG] - Validating
[2025-10-01 15:33:46,903][curator.model.base][INFO] - # epoch      batch      total_loss     energy_loss     forces_loss      energy_mae     energy_rmse      forces_mae     forces_rmse
[2025-10-01 15:33:46,950][curator.model.base][INFO] -      83          0          0.0135        2.28e-05          0.0135         0.00473         0.00588          0.0107          0.0143
[2025-10-01 15:33:47,355][curator.model.base][INFO] -      83         10           0.012        2.42e-05           0.012           0.005         0.00606         0.00945          0.0135
[2025-10-01 15:33:47,760][curator.model.base][INFO] -      83         20          0.0184         4.1e-05          0.0183         0.00691         0.00788          0.0125          0.0167
[2025-10-01 15:33:48,067][curator.model.base][INFO] - 

[2025-10-01 15:33:48,068][curator.model.base][DEBUG] - Epoch summary:
[2025-10-01 15:33:48,068][curator.model.base][INFO] - Validation  # epoch      total_loss     energy_loss     forces_loss      energy_mae     energy_rmse      forces_mae     forces_rmse
[2025-10-01 15:33:48,068][curator.model.base][INFO] -                  83          0.0147        2.83e-05           0.015         0.00453         0.00561          0.0108          0.0149
[2025-10-01 15:33:48,075][curator.model.base][INFO] - Train       # epoch      total_loss     energy_loss     forces_loss      energy_mae     energy_rmse      forces_mae     forces_rmse
[2025-10-01 15:33:48,075][curator.model.base][INFO] -                  83          0.0175        0.000412          0.0171          0.0203          0.0219           0.012           0.016
[2025-10-01 15:33:48,112][curator.model.base][INFO] - 

[2025-10-01 15:33:48,112][curator.model.base][DEBUG] - Training
[2025-10-01 15:33:48,112][curator.model.base][INFO] - # epoch      batch      total_loss     energy_loss     forces_loss      energy_mae     energy_rmse      forces_mae     forces_rmse
[2025-10-01 15:33:48,176][curator.model.base][INFO] -      84          0          0.0173        0.000504          0.0168          0.0268          0.0276          0.0119          0.0159
[2025-10-01 15:33:48,984][curator.model.base][INFO] -      84         10          0.0388        0.000182          0.0386          0.0145          0.0166          0.0146          0.0242
[2025-10-01 15:33:49,786][curator.model.base][INFO] -      84         20          0.0209        0.000256          0.0206          0.0176          0.0197          0.0135          0.0177
[2025-10-01 15:33:50,582][curator.model.base][INFO] -      84         30          0.0183        0.000835          0.0175          0.0349          0.0356          0.0124          0.0163
[2025-10-01 15:33:49,854][curator.model.base][INFO] -      84         40          0.0131        0.000203          0.0129           0.017          0.0175          0.0109           0.014
[2025-10-01 15:33:50,645][curator.model.base][INFO] -      84         50          0.0179        0.000393          0.0175          0.0222          0.0244          0.0125          0.0163
[2025-10-01 15:33:51,450][curator.model.base][INFO] -      84         60          0.0164         0.00034           0.016          0.0215          0.0227          0.0115          0.0156
[2025-10-01 15:33:52,251][curator.model.base][INFO] -      84         70          0.0156        9.07e-05          0.0155         0.00894          0.0117          0.0116          0.0153
[2025-10-01 15:33:53,062][curator.model.base][INFO] -      84         80          0.0199        0.000107          0.0198          0.0113          0.0127          0.0131          0.0173
[2025-10-01 15:33:53,870][curator.model.base][INFO] -      84         90          0.0161         0.00103           0.015          0.0394          0.0395          0.0114          0.0151
[2025-10-01 15:33:54,669][curator.model.base][INFO] -      84        100          0.0205          0.0031          0.0174          0.0679          0.0686          0.0122          0.0162
[2025-10-01 15:33:55,490][curator.model.base][INFO] -      84        110          0.0255        0.000626          0.0249          0.0217          0.0308           0.014          0.0194
[2025-10-01 15:33:56,296][curator.model.base][INFO] -      84        120          0.0511           0.022          0.0291           0.182           0.183          0.0145           0.021
[2025-10-01 15:33:56,815][curator.model.base][INFO] - 

[2025-10-01 15:33:56,815][curator.model.base][DEBUG] - Validating
[2025-10-01 15:33:56,815][curator.model.base][INFO] - # epoch      batch      total_loss     energy_loss     forces_loss      energy_mae     energy_rmse      forces_mae     forces_rmse
[2025-10-01 15:33:56,856][curator.model.base][INFO] -      84          0           0.013         1.8e-05           0.013         0.00429         0.00522          0.0105           0.014
[2025-10-01 15:33:57,254][curator.model.base][INFO] -      84         10          0.0116         2.2e-05          0.0116         0.00479         0.00577         0.00932          0.0133
[2025-10-01 15:33:57,661][curator.model.base][INFO] -      84         20          0.0182        4.46e-05          0.0182         0.00714         0.00822          0.0124          0.0166
[2025-10-01 15:33:57,984][curator.model.base][INFO] - 

[2025-10-01 15:33:57,985][curator.model.base][DEBUG] - Epoch summary:
[2025-10-01 15:33:57,985][curator.model.base][INFO] - Validation  # epoch      total_loss     energy_loss     forces_loss      energy_mae     energy_rmse      forces_mae     forces_rmse
[2025-10-01 15:33:57,985][curator.model.base][INFO] -                  84          0.0146        2.74e-05          0.0148         0.00443         0.00551          0.0107          0.0148
[2025-10-01 15:33:57,991][curator.model.base][INFO] - Train       # epoch      total_loss     energy_loss     forces_loss      energy_mae     energy_rmse      forces_mae     forces_rmse
[2025-10-01 15:33:57,991][curator.model.base][INFO] -                  84           0.022         0.00135          0.0207          0.0325          0.0342           0.013          0.0175
[2025-10-01 15:33:58,024][curator.model.base][INFO] - 

[2025-10-01 15:33:58,024][curator.model.base][DEBUG] - Training
[2025-10-01 15:33:58,024][curator.model.base][INFO] - # epoch      batch      total_loss     energy_loss     forces_loss      energy_mae     energy_rmse      forces_mae     forces_rmse
[2025-10-01 15:33:58,085][curator.model.base][INFO] -      85          0          0.0568         0.00207          0.0547          0.0544          0.0559            0.02          0.0288
[2025-10-01 15:33:58,908][curator.model.base][INFO] -      85         10          0.0478         0.00732          0.0405           0.104           0.105          0.0178          0.0248
[2025-10-01 15:33:59,724][curator.model.base][INFO] -      85         20          0.0452         0.00033          0.0449           0.016          0.0224          0.0183          0.0261
[2025-10-01 15:34:00,543][curator.model.base][INFO] -      85         30          0.0256         0.00161           0.024          0.0481          0.0493          0.0142          0.0191
[2025-10-01 15:34:01,345][curator.model.base][INFO] -      85         40           0.025         0.00121          0.0238          0.0426          0.0428           0.014           0.019
[2025-10-01 15:34:02,145][curator.model.base][INFO] -      85         50          0.0169        0.000242          0.0166          0.0186          0.0192          0.0122          0.0159
[2025-10-01 15:34:02,958][curator.model.base][INFO] -      85         60          0.0302         0.00472          0.0255          0.0833          0.0845           0.015          0.0197
[2025-10-01 15:34:03,768][curator.model.base][INFO] -      85         70           0.039        0.000939          0.0381          0.0337          0.0377          0.0179           0.024
[2025-10-01 15:34:04,584][curator.model.base][INFO] -      85         80          0.0378         0.00212          0.0356          0.0554          0.0567          0.0172          0.0232
[2025-10-01 15:34:05,388][curator.model.base][INFO] -      85         90          0.0487        0.000991          0.0477          0.0356          0.0388          0.0181          0.0269
[2025-10-01 15:34:06,185][curator.model.base][INFO] -      85        100          0.0402         0.00125          0.0389           0.041          0.0434          0.0173          0.0243
[2025-10-01 15:34:06,999][curator.model.base][INFO] -      85        110           0.031        9.43e-05          0.0309         0.00966          0.0119          0.0156          0.0216
[2025-10-01 15:34:07,807][curator.model.base][INFO] -      85        120          0.0205        0.000702          0.0198           0.031          0.0326           0.013          0.0173
[2025-10-01 15:34:08,302][curator.model.base][INFO] - 

[2025-10-01 15:34:08,302][curator.model.base][DEBUG] - Validating
[2025-10-01 15:34:08,302][curator.model.base][INFO] - # epoch      batch      total_loss     energy_loss     forces_loss      energy_mae     energy_rmse      forces_mae     forces_rmse
[2025-10-01 15:34:08,346][curator.model.base][INFO] -      85          0          0.0128        1.62e-05          0.0128         0.00355         0.00495          0.0104          0.0139
[2025-10-01 15:34:08,756][curator.model.base][INFO] -      85         10          0.0115        2.44e-05          0.0114         0.00512         0.00607         0.00928          0.0132
[2025-10-01 15:34:09,162][curator.model.base][INFO] -      85         20          0.0178        4.97e-05          0.0178         0.00752         0.00868          0.0122          0.0164
[2025-10-01 15:34:09,471][curator.model.base][INFO] - 

[2025-10-01 15:34:09,471][curator.model.base][DEBUG] - Epoch summary:
[2025-10-01 15:34:09,471][curator.model.base][INFO] - Validation  # epoch      total_loss     energy_loss     forces_loss      energy_mae     energy_rmse      forces_mae     forces_rmse
[2025-10-01 15:34:09,471][curator.model.base][INFO] -                  85          0.0146        2.95e-05          0.0148         0.00455         0.00573          0.0107          0.0148
[2025-10-01 15:34:09,477][curator.model.base][INFO] - Train       # epoch      total_loss     energy_loss     forces_loss      energy_mae     energy_rmse      forces_mae     forces_rmse
[2025-10-01 15:34:09,477][curator.model.base][INFO] -                  85          0.0327         0.00198          0.0308          0.0429           0.045          0.0155          0.0212
[2025-10-01 15:34:09,482][curator.model.base][INFO] - 

[2025-10-01 15:34:09,482][curator.model.base][DEBUG] - Training
[2025-10-01 15:34:09,482][curator.model.base][INFO] - # epoch      batch      total_loss     energy_loss     forces_loss      energy_mae     energy_rmse      forces_mae     forces_rmse
[2025-10-01 15:34:09,546][curator.model.base][INFO] -      86          0          0.0271         0.00125          0.0259          0.0425          0.0435          0.0138          0.0198
[2025-10-01 15:34:10,351][curator.model.base][INFO] -      86         10          0.0422         0.00321          0.0389          0.0683          0.0697           0.018          0.0243
[2025-10-01 15:34:11,162][curator.model.base][INFO] -      86         20          0.0349        0.000504          0.0344          0.0225          0.0276           0.017          0.0228
[2025-10-01 15:34:11,970][curator.model.base][INFO] -      86         30          0.0445          0.0128          0.0318           0.139           0.139          0.0164          0.0219
[2025-10-01 15:34:12,770][curator.model.base][INFO] -      86         40          0.0403         0.00114          0.0392          0.0401          0.0415          0.0161          0.0244
[2025-10-01 15:34:13,564][curator.model.base][INFO] -      86         50          0.0416          0.0025          0.0391          0.0605          0.0616          0.0177          0.0243
[2025-10-01 15:34:14,378][curator.model.base][INFO] -      86         60          0.0466         0.00232          0.0443          0.0575          0.0593          0.0188          0.0259
[2025-10-01 15:34:15,183][curator.model.base][INFO] -      86         70          0.0272         0.00199          0.0252          0.0543          0.0549          0.0151          0.0195
[2025-10-01 15:34:15,986][curator.model.base][INFO] -      86         80          0.0237        4.09e-05          0.0237         0.00589         0.00787          0.0141          0.0189
[2025-10-01 15:34:16,812][curator.model.base][INFO] -      86         90          0.0228         0.00541          0.0174          0.0904          0.0905          0.0124          0.0162
[2025-10-01 15:34:17,609][curator.model.base][INFO] -      86        100          0.0236         0.00422          0.0194          0.0755            0.08           0.013          0.0171
[2025-10-01 15:34:18,410][curator.model.base][INFO] -      86        110          0.0207        0.000713            0.02          0.0251          0.0329          0.0133          0.0174
[2025-10-01 15:34:19,208][curator.model.base][INFO] -      86        120          0.0194        0.000241          0.0191          0.0177          0.0191          0.0127           0.017
[2025-10-01 15:34:19,698][curator.model.base][INFO] - 

[2025-10-01 15:34:19,698][curator.model.base][DEBUG] - Validating
[2025-10-01 15:34:19,698][curator.model.base][INFO] - # epoch      batch      total_loss     energy_loss     forces_loss      energy_mae     energy_rmse      forces_mae     forces_rmse
[2025-10-01 15:34:19,736][curator.model.base][INFO] -      86          0          0.0129        1.54e-05          0.0129         0.00357         0.00482          0.0104           0.014
[2025-10-01 15:34:20,148][curator.model.base][INFO] -      86         10          0.0112        2.83e-05          0.0112         0.00547         0.00654         0.00915           0.013
[2025-10-01 15:34:20,562][curator.model.base][INFO] -      86         20          0.0181        4.72e-05           0.018         0.00733         0.00846          0.0123          0.0165
[2025-10-01 15:34:20,868][curator.model.base][INFO] - 

[2025-10-01 15:34:20,868][curator.model.base][DEBUG] - Epoch summary:
[2025-10-01 15:34:20,868][curator.model.base][INFO] - Validation  # epoch      total_loss     energy_loss     forces_loss      energy_mae     energy_rmse      forces_mae     forces_rmse
[2025-10-01 15:34:20,868][curator.model.base][INFO] -                  86          0.0145        2.96e-05          0.0148         0.00459         0.00579          0.0107          0.0148
[2025-10-01 15:34:20,874][curator.model.base][INFO] - Train       # epoch      total_loss     energy_loss     forces_loss      energy_mae     energy_rmse      forces_mae     forces_rmse
[2025-10-01 15:34:20,874][curator.model.base][INFO] -                  86          0.0357         0.00201          0.0337           0.044          0.0462          0.0162          0.0221
[2025-10-01 15:34:20,911][curator.model.base][INFO] - 

[2025-10-01 15:34:20,911][curator.model.base][DEBUG] - Training
[2025-10-01 15:34:20,911][curator.model.base][INFO] - # epoch      batch      total_loss     energy_loss     forces_loss      energy_mae     energy_rmse      forces_mae     forces_rmse
[2025-10-01 15:34:20,976][curator.model.base][INFO] -      87          0          0.0213         0.00099          0.0203          0.0373          0.0387          0.0133          0.0176
[2025-10-01 15:34:21,801][curator.model.base][INFO] -      87         10          0.0201        0.000125            0.02           0.012          0.0138           0.013          0.0174
[2025-10-01 15:34:21,100][curator.model.base][INFO] -      87         20          0.0202         0.00026            0.02          0.0189          0.0199          0.0128          0.0174
[2025-10-01 15:34:21,905][curator.model.base][INFO] -      87         30          0.0208        0.000619          0.0202           0.029          0.0306          0.0132          0.0175
[2025-10-01 15:34:22,707][curator.model.base][INFO] -      87         40          0.0155        1.11e-05          0.0155         0.00326         0.00409          0.0115          0.0153
[2025-10-01 15:34:23,494][curator.model.base][INFO] -      87         50          0.0198        0.000225          0.0196          0.0169          0.0185          0.0125          0.0172
[2025-10-01 15:34:24,301][curator.model.base][INFO] -      87         60          0.0177        0.000176          0.0176          0.0143          0.0163          0.0124          0.0163
[2025-10-01 15:34:25,113][curator.model.base][INFO] -      87         70          0.0228         0.00109          0.0217          0.0397          0.0406          0.0137          0.0181
[2025-10-01 15:34:25,903][curator.model.base][INFO] -      87         80          0.0259           0.007          0.0189           0.103           0.103          0.0128          0.0169
[2025-10-01 15:34:26,713][curator.model.base][INFO] -      87         90          0.0265        0.000198          0.0263          0.0158          0.0173          0.0149            0.02
[2025-10-01 15:34:27,519][curator.model.base][INFO] -      87        100          0.0193         0.00117          0.0182          0.0412          0.0421          0.0123          0.0166
[2025-10-01 15:34:28,313][curator.model.base][INFO] -      87        110          0.0197         0.00148          0.0182          0.0464          0.0474           0.012          0.0166
[2025-10-01 15:34:29,113][curator.model.base][INFO] -      87        120          0.0251        4.14e-05           0.025         0.00656         0.00792          0.0136          0.0195
[2025-10-01 15:34:29,616][curator.model.base][INFO] - 

[2025-10-01 15:34:29,616][curator.model.base][DEBUG] - Validating
[2025-10-01 15:34:29,617][curator.model.base][INFO] - # epoch      batch      total_loss     energy_loss     forces_loss      energy_mae     energy_rmse      forces_mae     forces_rmse
[2025-10-01 15:34:29,654][curator.model.base][INFO] -      87          0          0.0127         1.6e-05          0.0127         0.00401         0.00492          0.0103          0.0139
[2025-10-01 15:34:30,057][curator.model.base][INFO] -      87         10          0.0112        2.96e-05          0.0111         0.00544          0.0067         0.00912           0.013
[2025-10-01 15:34:30,459][curator.model.base][INFO] -      87         20          0.0179        4.15e-05          0.0179          0.0068         0.00793          0.0123          0.0165
[2025-10-01 15:34:30,770][curator.model.base][INFO] - 

[2025-10-01 15:34:30,770][curator.model.base][DEBUG] - Epoch summary:
[2025-10-01 15:34:30,770][curator.model.base][INFO] - Validation  # epoch      total_loss     energy_loss     forces_loss      energy_mae     energy_rmse      forces_mae     forces_rmse
[2025-10-01 15:34:30,770][curator.model.base][INFO] -                  87          0.0144        2.72e-05          0.0146         0.00439         0.00555          0.0106          0.0147
[2025-10-01 15:34:30,776][curator.model.base][INFO] - Train       # epoch      total_loss     energy_loss     forces_loss      energy_mae     energy_rmse      forces_mae     forces_rmse
[2025-10-01 15:34:30,776][curator.model.base][INFO] -                  87          0.0205         0.00104          0.0194          0.0318          0.0332          0.0127          0.0171
[2025-10-01 15:34:30,813][curator.model.base][INFO] - 

[2025-10-01 15:34:30,813][curator.model.base][DEBUG] - Training
[2025-10-01 15:34:30,813][curator.model.base][INFO] - # epoch      batch      total_loss     energy_loss     forces_loss      energy_mae     energy_rmse      forces_mae     forces_rmse
[2025-10-01 15:34:30,889][curator.model.base][INFO] -      88          0          0.0171        0.000278          0.0169          0.0199          0.0205          0.0119           0.016
[2025-10-01 15:34:31,708][curator.model.base][INFO] -      88         10          0.0155        0.000101          0.0154          0.0106          0.0124          0.0111          0.0153
[2025-10-01 15:34:32,505][curator.model.base][INFO] -      88         20          0.0133        0.000211          0.0131          0.0164          0.0179          0.0106          0.0141
[2025-10-01 15:34:33,304][curator.model.base][INFO] -      88         30          0.0154        0.000144          0.0152           0.013          0.0148          0.0116          0.0152
[2025-10-01 15:34:34,092][curator.model.base][INFO] -      88         40          0.0184        0.000922          0.0175          0.0365          0.0374          0.0123          0.0163
[2025-10-01 15:34:34,893][curator.model.base][INFO] -      88         50          0.0142        0.000245          0.0139          0.0136          0.0192           0.011          0.0145
[2025-10-01 15:34:35,723][curator.model.base][INFO] -      88         60          0.0208         0.00057          0.0203          0.0285          0.0294          0.0128          0.0175
[2025-10-01 15:34:36,527][curator.model.base][INFO] -      88         70          0.0136        3.34e-05          0.0136         0.00533         0.00712          0.0108          0.0143
[2025-10-01 15:34:37,324][curator.model.base][INFO] -      88         80          0.0277         0.00167          0.0261          0.0493          0.0502          0.0139          0.0199
[2025-10-01 15:34:38,123][curator.model.base][INFO] -      88         90          0.0273         0.00526           0.022          0.0889          0.0893          0.0134          0.0183
[2025-10-01 15:34:38,918][curator.model.base][INFO] -      88        100          0.0312        0.000157           0.031          0.0148          0.0154          0.0142          0.0217
[2025-10-01 15:34:39,722][curator.model.base][INFO] -      88        110          0.0329         0.00435          0.0286          0.0773          0.0812          0.0147          0.0208
[2025-10-01 15:34:40,510][curator.model.base][INFO] -      88        120          0.0313        0.000918          0.0303          0.0252          0.0373          0.0159          0.0214
[2025-10-01 15:34:41,008][curator.model.base][INFO] - 

[2025-10-01 15:34:41,008][curator.model.base][DEBUG] - Validating
[2025-10-01 15:34:41,008][curator.model.base][INFO] - # epoch      batch      total_loss     energy_loss     forces_loss      energy_mae     energy_rmse      forces_mae     forces_rmse
[2025-10-01 15:34:41,054][curator.model.base][INFO] -      88          0          0.0127         1.5e-05          0.0127         0.00398         0.00477          0.0103          0.0138
[2025-10-01 15:34:41,460][curator.model.base][INFO] -      88         10          0.0113        2.73e-05          0.0113         0.00538         0.00643         0.00916          0.0131
[2025-10-01 15:34:41,865][curator.model.base][INFO] -      88         20          0.0181        4.29e-05           0.018         0.00695         0.00806          0.0123          0.0165
[2025-10-01 15:34:42,173][curator.model.base][INFO] - 

[2025-10-01 15:34:42,173][curator.model.base][DEBUG] - Epoch summary:
[2025-10-01 15:34:42,173][curator.model.base][INFO] - Validation  # epoch      total_loss     energy_loss     forces_loss      energy_mae     energy_rmse      forces_mae     forces_rmse
[2025-10-01 15:34:42,173][curator.model.base][INFO] -                  88          0.0142        2.68e-05          0.0144         0.00425         0.00537          0.0106          0.0146
[2025-10-01 15:34:42,178][curator.model.base][INFO] - Train       # epoch      total_loss     energy_loss     forces_loss      energy_mae     energy_rmse      forces_mae     forces_rmse
[2025-10-01 15:34:42,179][curator.model.base][INFO] -                  88          0.0209         0.00146          0.0194          0.0349          0.0365          0.0126           0.017
[2025-10-01 15:34:42,214][curator.model.base][INFO] - 

[2025-10-01 15:34:42,214][curator.model.base][DEBUG] - Training
[2025-10-01 15:34:42,214][curator.model.base][INFO] - # epoch      batch      total_loss     energy_loss     forces_loss      energy_mae     energy_rmse      forces_mae     forces_rmse
[2025-10-01 15:34:42,273][curator.model.base][INFO] -      89          0          0.0342         0.00695          0.0273           0.101           0.103          0.0147          0.0203
[2025-10-01 15:34:43,087][curator.model.base][INFO] -      89         10          0.0411         0.00607          0.0351          0.0955          0.0959          0.0158           0.023
[2025-10-01 15:34:43,896][curator.model.base][INFO] -      89         20          0.0441          0.0103          0.0338           0.124           0.125          0.0168          0.0226
[2025-10-01 15:34:44,688][curator.model.base][INFO] -      89         30            0.05         0.00816          0.0418           0.111           0.111          0.0183          0.0252
[2025-10-01 15:34:45,485][curator.model.base][INFO] -      89         40          0.0375         0.00433          0.0331          0.0799           0.081           0.017          0.0224
[2025-10-01 15:34:46,285][curator.model.base][INFO] -      89         50          0.0339        0.000206          0.0337          0.0158          0.0177          0.0168          0.0226
[2025-10-01 15:34:47,086][curator.model.base][INFO] -      89         60          0.0281        0.000552          0.0275          0.0273          0.0289          0.0153          0.0204
[2025-10-01 15:34:47,894][curator.model.base][INFO] -      89         70          0.0339        0.000229          0.0336           0.012          0.0186           0.015          0.0226
[2025-10-01 15:34:48,691][curator.model.base][INFO] -      89         80          0.0209        0.000827          0.0201          0.0337          0.0354          0.0133          0.0174
[2025-10-01 15:34:49,492][curator.model.base][INFO] -      89         90           0.026         0.00305           0.023          0.0677           0.068           0.014          0.0187
[2025-10-01 15:34:50,300][curator.model.base][INFO] -      89        100          0.0225        8.32e-05          0.0224         0.00817          0.0112          0.0141          0.0184
[2025-10-01 15:34:51,116][curator.model.base][INFO] -      89        110          0.0233        4.73e-05          0.0232         0.00659         0.00847           0.014          0.0188
[2025-10-01 15:34:51,908][curator.model.base][INFO] -      89        120           0.015        3.15e-05          0.0149         0.00548         0.00691          0.0114           0.015
[2025-10-01 15:34:52,407][curator.model.base][INFO] - 

[2025-10-01 15:34:52,407][curator.model.base][DEBUG] - Validating
[2025-10-01 15:34:52,407][curator.model.base][INFO] - # epoch      batch      total_loss     energy_loss     forces_loss      energy_mae     energy_rmse      forces_mae     forces_rmse
[2025-10-01 15:34:52,450][curator.model.base][INFO] -      89          0          0.0131        3.13e-05          0.0131         0.00511         0.00688          0.0103          0.0141
[2025-10-01 15:34:52,911][curator.model.base][INFO] -      89         10          0.0115        2.14e-05          0.0115         0.00493         0.00569         0.00916          0.0132
[2025-10-01 15:34:51,732][curator.model.base][INFO] -      89         20          0.0181        4.86e-05          0.0181         0.00742         0.00858          0.0122          0.0165
[2025-10-01 15:34:52,037][curator.model.base][INFO] - 

[2025-10-01 15:34:52,037][curator.model.base][DEBUG] - Epoch summary:
[2025-10-01 15:34:52,037][curator.model.base][INFO] - Validation  # epoch      total_loss     energy_loss     forces_loss      energy_mae     energy_rmse      forces_mae     forces_rmse
[2025-10-01 15:34:52,037][curator.model.base][INFO] -                  89          0.0143        2.86e-05          0.0145          0.0045         0.00567          0.0106          0.0147
[2025-10-01 15:34:52,042][curator.model.base][INFO] - Train       # epoch      total_loss     energy_loss     forces_loss      energy_mae     energy_rmse      forces_mae     forces_rmse
[2025-10-01 15:34:52,042][curator.model.base][INFO] -                  89          0.0354          0.0037          0.0318          0.0551           0.057          0.0157          0.0215
[2025-10-01 15:34:52,048][curator.model.base][INFO] - 

[2025-10-01 15:34:52,048][curator.model.base][DEBUG] - Training
[2025-10-01 15:34:52,048][curator.model.base][INFO] - # epoch      batch      total_loss     energy_loss     forces_loss      energy_mae     energy_rmse      forces_mae     forces_rmse
[2025-10-01 15:34:52,111][curator.model.base][INFO] -      90          0          0.0183        7.04e-05          0.0182         0.00857          0.0103          0.0123          0.0166
[2025-10-01 15:34:52,918][curator.model.base][INFO] -      90         10          0.0161        9.89e-05           0.016          0.0109          0.0122          0.0116          0.0156
[2025-10-01 15:34:53,714][curator.model.base][INFO] -      90         20          0.0254         0.00167          0.0238           0.049          0.0503          0.0135           0.019
[2025-10-01 15:34:54,514][curator.model.base][INFO] -      90         30          0.0203           4e-05          0.0203         0.00541         0.00778           0.013          0.0175
[2025-10-01 15:34:55,301][curator.model.base][INFO] -      90         40          0.0268         0.00297          0.0238          0.0662          0.0671          0.0145           0.019
[2025-10-01 15:34:56,087][curator.model.base][INFO] -      90         50          0.0192        0.000977          0.0182          0.0374          0.0385          0.0121          0.0166
[2025-10-01 15:34:56,875][curator.model.base][INFO] -      90         60          0.0152        0.000427          0.0147          0.0243          0.0254          0.0115          0.0149
[2025-10-01 15:34:57,684][curator.model.base][INFO] -      90         70          0.0167         0.00191          0.0148          0.0501          0.0538          0.0113           0.015
[2025-10-01 15:34:58,476][curator.model.base][INFO] -      90         80          0.0183         0.00126          0.0171          0.0387          0.0436          0.0118          0.0161
[2025-10-01 15:34:59,267][curator.model.base][INFO] -      90         90          0.0201        0.000492          0.0196          0.0137          0.0273          0.0127          0.0172
[2025-10-01 15:35:00,056][curator.model.base][INFO] -      90        100          0.0176        0.000951          0.0166          0.0376           0.038          0.0116          0.0159
[2025-10-01 15:35:00,855][curator.model.base][INFO] -      90        110          0.0182        0.000141           0.018          0.0132          0.0146          0.0126          0.0165
[2025-10-01 15:35:01,662][curator.model.base][INFO] -      90        120          0.0228         0.00143          0.0214          0.0435          0.0466          0.0136           0.018
[2025-10-01 15:35:02,158][curator.model.base][INFO] - 

[2025-10-01 15:35:02,158][curator.model.base][DEBUG] - Validating
[2025-10-01 15:35:02,158][curator.model.base][INFO] - # epoch      batch      total_loss     energy_loss     forces_loss      energy_mae     energy_rmse      forces_mae     forces_rmse
[2025-10-01 15:35:02,195][curator.model.base][INFO] -      90          0          0.0124        2.63e-05          0.0124         0.00504         0.00631          0.0101          0.0137
[2025-10-01 15:35:02,605][curator.model.base][INFO] -      90         10          0.0118        2.12e-05          0.0118         0.00488         0.00567         0.00922          0.0133
[2025-10-01 15:35:03,018][curator.model.base][INFO] -      90         20           0.018        4.31e-05           0.018         0.00705         0.00808          0.0122          0.0165
[2025-10-01 15:35:03,330][curator.model.base][INFO] - 

[2025-10-01 15:35:03,330][curator.model.base][DEBUG] - Epoch summary:
[2025-10-01 15:35:03,330][curator.model.base][INFO] - Validation  # epoch      total_loss     energy_loss     forces_loss      energy_mae     energy_rmse      forces_mae     forces_rmse
[2025-10-01 15:35:03,330][curator.model.base][INFO] -                  90          0.0142        2.69e-05          0.0144         0.00425         0.00541          0.0106          0.0146
[2025-10-01 15:35:03,335][curator.model.base][INFO] - Train       # epoch      total_loss     energy_loss     forces_loss      energy_mae     energy_rmse      forces_mae     forces_rmse
[2025-10-01 15:35:03,335][curator.model.base][INFO] -                  90          0.0187        0.000655          0.0181          0.0261          0.0277          0.0123          0.0164
[2025-10-01 15:35:03,375][curator.model.base][INFO] - 

[2025-10-01 15:35:03,375][curator.model.base][DEBUG] - Training
[2025-10-01 15:35:03,375][curator.model.base][INFO] - # epoch      batch      total_loss     energy_loss     forces_loss      energy_mae     energy_rmse      forces_mae     forces_rmse
[2025-10-01 15:35:03,437][curator.model.base][INFO] -      91          0          0.0215        0.000228          0.0213          0.0167          0.0186          0.0135           0.018
[2025-10-01 15:35:04,241][curator.model.base][INFO] -      91         10          0.0224         0.00154          0.0208          0.0478          0.0483          0.0133          0.0178
[2025-10-01 15:35:05,049][curator.model.base][INFO] -      91         20          0.0234        0.000173          0.0232          0.0149          0.0162          0.0135          0.0188
[2025-10-01 15:35:05,853][curator.model.base][INFO] -      91         30          0.0382         0.00545          0.0327          0.0854          0.0909          0.0164          0.0223
[2025-10-01 15:35:06,669][curator.model.base][INFO] -      91         40          0.0267        0.000722          0.0259          0.0318          0.0331          0.0149          0.0198
[2025-10-01 15:35:07,484][curator.model.base][INFO] -      91         50          0.0177        0.000601          0.0171          0.0298          0.0302          0.0117          0.0161
[2025-10-01 15:35:08,279][curator.model.base][INFO] -      91         60          0.0182        0.000295          0.0179          0.0115          0.0212           0.012          0.0164
[2025-10-01 15:35:09,112][curator.model.base][INFO] -      91         70           0.016        0.000972           0.015          0.0377          0.0384          0.0116          0.0151
[2025-10-01 15:35:09,931][curator.model.base][INFO] -      91         80           0.012        0.000708          0.0113          0.0322          0.0328          0.0102          0.0131
[2025-10-01 15:35:10,739][curator.model.base][INFO] -      91         90          0.0323         0.00523          0.0271          0.0887           0.089          0.0144          0.0203
[2025-10-01 15:35:11,548][curator.model.base][INFO] -      91        100          0.0345         0.00023          0.0342          0.0149          0.0187          0.0168          0.0228
[2025-10-01 15:35:12,353][curator.model.base][INFO] -      91        110          0.0253        0.000183          0.0251          0.0155          0.0167          0.0146          0.0195
[2025-10-01 15:35:13,151][curator.model.base][INFO] -      91        120          0.0502        0.000221            0.05          0.0156          0.0183            0.02          0.0275
[2025-10-01 15:35:13,645][curator.model.base][INFO] - 

[2025-10-01 15:35:13,645][curator.model.base][DEBUG] - Validating
[2025-10-01 15:35:13,645][curator.model.base][INFO] - # epoch      batch      total_loss     energy_loss     forces_loss      energy_mae     energy_rmse      forces_mae     forces_rmse
[2025-10-01 15:35:13,692][curator.model.base][INFO] -      91          0          0.0122        2.83e-05          0.0121         0.00504         0.00655            0.01          0.0136
[2025-10-01 15:35:14,098][curator.model.base][INFO] -      91         10          0.0114        2.25e-05          0.0113         0.00506         0.00584         0.00915          0.0131
[2025-10-01 15:35:14,509][curator.model.base][INFO] -      91         20          0.0176         4.4e-05          0.0176         0.00721         0.00816          0.0122          0.0163
[2025-10-01 15:35:14,810][curator.model.base][INFO] - 

[2025-10-01 15:35:14,810][curator.model.base][DEBUG] - Epoch summary:
[2025-10-01 15:35:14,810][curator.model.base][INFO] - Validation  # epoch      total_loss     energy_loss     forces_loss      energy_mae     energy_rmse      forces_mae     forces_rmse
[2025-10-01 15:35:14,810][curator.model.base][INFO] -                  91           0.014        2.74e-05          0.0142         0.00433         0.00548          0.0105          0.0145
[2025-10-01 15:35:14,816][curator.model.base][INFO] - Train       # epoch      total_loss     energy_loss     forces_loss      energy_mae     energy_rmse      forces_mae     forces_rmse
[2025-10-01 15:35:14,816][curator.model.base][INFO] -                  91           0.027         0.00213          0.0249          0.0433          0.0452           0.014          0.0191
[2025-10-01 15:35:14,850][curator.model.base][INFO] - 

[2025-10-01 15:35:14,850][curator.model.base][DEBUG] - Training
[2025-10-01 15:35:14,850][curator.model.base][INFO] - # epoch      batch      total_loss     energy_loss     forces_loss      energy_mae     energy_rmse      forces_mae     forces_rmse
[2025-10-01 15:35:14,924][curator.model.base][INFO] -      92          0          0.0318        0.000563          0.0312          0.0276          0.0292          0.0164          0.0217
[2025-10-01 15:35:15,722][curator.model.base][INFO] -      92         10          0.0245        0.000111          0.0244         0.00973           0.013          0.0143          0.0192
[2025-10-01 15:35:16,521][curator.model.base][INFO] -      92         20          0.0197        0.000906          0.0187          0.0336           0.037          0.0126          0.0169
[2025-10-01 15:35:17,320][curator.model.base][INFO] -      92         30          0.0164        5.65e-05          0.0164         0.00822         0.00925          0.0119          0.0157
[2025-10-01 15:35:18,114][curator.model.base][INFO] -      92         40          0.0176        0.000269          0.0173          0.0195          0.0202          0.0124          0.0162
[2025-10-01 15:35:18,911][curator.model.base][INFO] -      92         50          0.0157          0.0019          0.0138          0.0534          0.0536          0.0111          0.0145
[2025-10-01 15:35:19,730][curator.model.base][INFO] -      92         60          0.0172        0.000522          0.0167          0.0271          0.0281           0.012          0.0159
[2025-10-01 15:35:20,541][curator.model.base][INFO] -      92         70          0.0196         0.00316          0.0164          0.0688          0.0692          0.0119          0.0158
[2025-10-01 15:35:21,347][curator.model.base][INFO] -      92         80          0.0174         0.00131          0.0161          0.0441          0.0446          0.0117          0.0156
[2025-10-01 15:35:22,141][curator.model.base][INFO] -      92         90          0.0165        1.87e-05          0.0165         0.00429         0.00532           0.012          0.0158
[2025-10-01 15:35:22,936][curator.model.base][INFO] -      92        100          0.0162        0.000114          0.0161           0.011          0.0131          0.0121          0.0156
[2025-10-01 15:35:23,740][curator.model.base][INFO] -      92        110          0.0244        3.26e-05          0.0244         0.00523         0.00702          0.0143          0.0192
[2025-10-01 15:35:22,992][curator.model.base][INFO] -      92        120          0.0229        0.000426          0.0225          0.0242          0.0254          0.0138          0.0185
[2025-10-01 15:35:23,485][curator.model.base][INFO] - 

[2025-10-01 15:35:23,485][curator.model.base][DEBUG] - Validating
[2025-10-01 15:35:23,485][curator.model.base][INFO] - # epoch      batch      total_loss     energy_loss     forces_loss      energy_mae     energy_rmse      forces_mae     forces_rmse
[2025-10-01 15:35:23,524][curator.model.base][INFO] -      92          0          0.0119        2.44e-05          0.0119         0.00477         0.00608            0.01          0.0134
[2025-10-01 15:35:23,933][curator.model.base][INFO] -      92         10          0.0112        2.04e-05          0.0111          0.0048         0.00556         0.00906           0.013
[2025-10-01 15:35:24,338][curator.model.base][INFO] -      92         20          0.0172        4.14e-05          0.0172         0.00703         0.00791           0.012          0.0161
[2025-10-01 15:35:24,645][curator.model.base][INFO] - 

[2025-10-01 15:35:24,645][curator.model.base][DEBUG] - Epoch summary:
[2025-10-01 15:35:24,645][curator.model.base][INFO] - Validation  # epoch      total_loss     energy_loss     forces_loss      energy_mae     energy_rmse      forces_mae     forces_rmse
[2025-10-01 15:35:24,645][curator.model.base][INFO] -                  92          0.0139        2.54e-05          0.0142         0.00417         0.00527          0.0105          0.0145
[2025-10-01 15:35:24,651][curator.model.base][INFO] - Train       # epoch      total_loss     energy_loss     forces_loss      energy_mae     energy_rmse      forces_mae     forces_rmse
[2025-10-01 15:35:24,651][curator.model.base][INFO] -                  92          0.0221        0.000962          0.0211          0.0289          0.0308          0.0133          0.0177
[2025-10-01 15:35:24,687][curator.model.base][INFO] - 

[2025-10-01 15:35:24,687][curator.model.base][DEBUG] - Training
[2025-10-01 15:35:24,687][curator.model.base][INFO] - # epoch      batch      total_loss     energy_loss     forces_loss      energy_mae     energy_rmse      forces_mae     forces_rmse
[2025-10-01 15:35:24,759][curator.model.base][INFO] -      93          0          0.0207        0.000572          0.0202          0.0285          0.0294          0.0135          0.0175
[2025-10-01 15:35:25,542][curator.model.base][INFO] -      93         10          0.0199        0.000336          0.0195          0.0209          0.0225          0.0128          0.0172
[2025-10-01 15:35:26,327][curator.model.base][INFO] -      93         20          0.0226         0.00185          0.0207          0.0525           0.053          0.0135          0.0177
[2025-10-01 15:35:27,116][curator.model.base][INFO] -      93         30          0.0166        7.44e-05          0.0166         0.00944          0.0106          0.0123          0.0158
[2025-10-01 15:35:27,913][curator.model.base][INFO] -      93         40          0.0337          0.0075          0.0262           0.106           0.107           0.015          0.0199
[2025-10-01 15:35:28,708][curator.model.base][INFO] -      93         50          0.0265         0.00363          0.0229          0.0733          0.0742          0.0142          0.0186
[2025-10-01 15:35:29,505][curator.model.base][INFO] -      93         60          0.0296         0.00388          0.0257           0.076          0.0767          0.0149          0.0197
[2025-10-01 15:35:30,291][curator.model.base][INFO] -      93         70          0.0299         0.00135          0.0286          0.0436          0.0452          0.0153          0.0208
[2025-10-01 15:35:31,106][curator.model.base][INFO] -      93         80          0.0271        0.000845          0.0262          0.0348          0.0358          0.0149          0.0199
[2025-10-01 15:35:31,901][curator.model.base][INFO] -      93         90          0.0306         0.00327          0.0273          0.0701          0.0704          0.0153          0.0203
[2025-10-01 15:35:32,701][curator.model.base][INFO] -      93        100          0.0341         0.00158          0.0325          0.0459          0.0489          0.0168          0.0222
[2025-10-01 15:35:33,509][curator.model.base][INFO] -      93        110          0.0295          0.0033          0.0262          0.0701          0.0707          0.0148          0.0199
[2025-10-01 15:35:34,312][curator.model.base][INFO] -      93        120          0.0401         0.00564          0.0345           0.092          0.0924           0.017          0.0228
[2025-10-01 15:35:34,817][curator.model.base][INFO] - 

[2025-10-01 15:35:34,817][curator.model.base][DEBUG] - Validating
[2025-10-01 15:35:34,817][curator.model.base][INFO] - # epoch      batch      total_loss     energy_loss     forces_loss      energy_mae     energy_rmse      forces_mae     forces_rmse
[2025-10-01 15:35:34,857][curator.model.base][INFO] -      93          0          0.0122         1.9e-05          0.0122         0.00413         0.00536          0.0101          0.0136
[2025-10-01 15:35:35,286][curator.model.base][INFO] -      93         10          0.0109        2.26e-05          0.0109         0.00509         0.00585         0.00902          0.0129
[2025-10-01 15:35:35,701][curator.model.base][INFO] -      93         20          0.0174        4.17e-05          0.0174         0.00693         0.00794          0.0121          0.0162
[2025-10-01 15:35:36,008][curator.model.base][INFO] - 

[2025-10-01 15:35:36,008][curator.model.base][DEBUG] - Epoch summary:
[2025-10-01 15:35:36,008][curator.model.base][INFO] - Validation  # epoch      total_loss     energy_loss     forces_loss      energy_mae     energy_rmse      forces_mae     forces_rmse
[2025-10-01 15:35:36,008][curator.model.base][INFO] -                  93           0.014        2.68e-05          0.0142         0.00449         0.00556          0.0105          0.0145
[2025-10-01 15:35:36,014][curator.model.base][INFO] - Train       # epoch      total_loss     energy_loss     forces_loss      energy_mae     energy_rmse      forces_mae     forces_rmse
[2025-10-01 15:35:36,014][curator.model.base][INFO] -                  93          0.0314         0.00192          0.0295          0.0437          0.0457          0.0152          0.0208
[2025-10-01 15:35:36,019][curator.model.base][INFO] - 

[2025-10-01 15:35:36,019][curator.model.base][DEBUG] - Training
[2025-10-01 15:35:36,019][curator.model.base][INFO] - # epoch      batch      total_loss     energy_loss     forces_loss      energy_mae     energy_rmse      forces_mae     forces_rmse
[2025-10-01 15:35:36,077][curator.model.base][INFO] -      94          0          0.0418         0.00545          0.0363            0.09          0.0908          0.0165          0.0235
[2025-10-01 15:35:36,874][curator.model.base][INFO] -      94         10          0.0344        0.000523          0.0338          0.0259          0.0282           0.017          0.0226
[2025-10-01 15:35:37,684][curator.model.base][INFO] -      94         20          0.0576        0.000625           0.057          0.0244          0.0308          0.0214          0.0294
[2025-10-01 15:35:38,497][curator.model.base][INFO] -      94         30           0.061         0.00954          0.0514            0.12            0.12            0.02          0.0279
[2025-10-01 15:35:39,289][curator.model.base][INFO] -      94         40          0.0545         0.00569          0.0488          0.0922          0.0929          0.0199          0.0272
[2025-10-01 15:35:40,087][curator.model.base][INFO] -      94         50           0.064        0.000317          0.0636          0.0188          0.0219          0.0234           0.031
[2025-10-01 15:35:40,884][curator.model.base][INFO] -      94         60          0.0385         0.00256          0.0359          0.0614          0.0623          0.0174          0.0233
[2025-10-01 15:35:41,687][curator.model.base][INFO] -      94         70          0.0455         0.00264          0.0428          0.0629          0.0632          0.0163          0.0255
[2025-10-01 15:35:42,496][curator.model.base][INFO] -      94         80          0.0283         0.00165          0.0267          0.0495          0.0499          0.0148          0.0201
[2025-10-01 15:35:43,284][curator.model.base][INFO] -      94         90          0.0217         0.00103          0.0207          0.0349          0.0396          0.0133          0.0177
[2025-10-01 15:35:44,081][curator.model.base][INFO] -      94        100          0.0165        5.05e-05          0.0164         0.00716         0.00875          0.0121          0.0158
[2025-10-01 15:35:44,892][curator.model.base][INFO] -      94        110          0.0223         0.00373          0.0185          0.0747          0.0751          0.0127          0.0168
[2025-10-01 15:35:45,707][curator.model.base][INFO] -      94        120          0.0368          0.0046          0.0322          0.0828          0.0835          0.0156          0.0221
[2025-10-01 15:35:46,209][curator.model.base][INFO] - 

[2025-10-01 15:35:46,209][curator.model.base][DEBUG] - Validating
[2025-10-01 15:35:46,209][curator.model.base][INFO] - # epoch      batch      total_loss     energy_loss     forces_loss      energy_mae     energy_rmse      forces_mae     forces_rmse
[2025-10-01 15:35:46,248][curator.model.base][INFO] -      94          0          0.0124        2.04e-05          0.0124         0.00407         0.00555          0.0102          0.0137
[2025-10-01 15:35:46,658][curator.model.base][INFO] -      94         10           0.011        2.41e-05           0.011         0.00529         0.00604         0.00897          0.0129
[2025-10-01 15:35:47,063][curator.model.base][INFO] -      94         20          0.0176        3.78e-05          0.0176         0.00652         0.00757          0.0122          0.0163
[2025-10-01 15:35:47,372][curator.model.base][INFO] - 

[2025-10-01 15:35:47,372][curator.model.base][DEBUG] - Epoch summary:
[2025-10-01 15:35:47,372][curator.model.base][INFO] - Validation  # epoch      total_loss     energy_loss     forces_loss      energy_mae     energy_rmse      forces_mae     forces_rmse
[2025-10-01 15:35:47,372][curator.model.base][INFO] -                  94          0.0142        2.91e-05          0.0144         0.00465         0.00578          0.0105          0.0146
[2025-10-01 15:35:47,378][curator.model.base][INFO] - Train       # epoch      total_loss     energy_loss     forces_loss      energy_mae     energy_rmse      forces_mae     forces_rmse
[2025-10-01 15:35:47,378][curator.model.base][INFO] -                  94          0.0411         0.00253          0.0386          0.0503          0.0523          0.0171          0.0235
[2025-10-01 15:35:47,383][curator.model.base][INFO] - 

[2025-10-01 15:35:47,383][curator.model.base][DEBUG] - Training
[2025-10-01 15:35:47,384][curator.model.base][INFO] - # epoch      batch      total_loss     energy_loss     forces_loss      energy_mae     energy_rmse      forces_mae     forces_rmse
[2025-10-01 15:35:47,445][curator.model.base][INFO] -      95          0          0.0458          0.0211          0.0247           0.178           0.179          0.0144          0.0194
[2025-10-01 15:35:48,253][curator.model.base][INFO] -      95         10          0.0605         0.00492          0.0555          0.0823          0.0863          0.0191           0.029
[2025-10-01 15:35:49,057][curator.model.base][INFO] -      95         20          0.0553          0.0329          0.0224           0.223           0.223          0.0137          0.0184
[2025-10-01 15:35:49,851][curator.model.base][INFO] -      95         30          0.0392          0.0144          0.0248           0.147           0.148          0.0139          0.0194
[2025-10-01 15:35:50,646][curator.model.base][INFO] -      95         40          0.0362         0.00498          0.0312           0.086          0.0869          0.0147          0.0218
[2025-10-01 15:35:51,450][curator.model.base][INFO] -      95         50          0.0235         0.00627          0.0173          0.0972          0.0975          0.0121          0.0162
[2025-10-01 15:35:52,250][curator.model.base][INFO] -      95         60          0.0167        0.000628           0.016          0.0304          0.0308          0.0117          0.0156
[2025-10-01 15:35:53,043][curator.model.base][INFO] -      95         70          0.0188        0.000204          0.0186          0.0168          0.0176          0.0125          0.0168
[2025-10-01 15:35:53,860][curator.model.base][INFO] -      95         80          0.0319         0.00162          0.0303          0.0474          0.0496          0.0157          0.0214
[2025-10-01 15:35:54,648][curator.model.base][INFO] -      95         90          0.0195        0.000737          0.0187          0.0321          0.0334          0.0127          0.0168
[2025-10-01 15:35:53,913][curator.model.base][INFO] -      95        100          0.0282         0.00448          0.0237          0.0817          0.0823          0.0135           0.019
[2025-10-01 15:35:54,712][curator.model.base][INFO] -      95        110          0.0323          0.0131          0.0192            0.14           0.141           0.013          0.0171
[2025-10-01 15:35:55,497][curator.model.base][INFO] -      95        120          0.0309         0.00145          0.0294          0.0448          0.0468          0.0154          0.0211
[2025-10-01 15:35:56,012][curator.model.base][INFO] - 

[2025-10-01 15:35:56,012][curator.model.base][DEBUG] - Validating
[2025-10-01 15:35:56,013][curator.model.base][INFO] - # epoch      batch      total_loss     energy_loss     forces_loss      energy_mae     energy_rmse      forces_mae     forces_rmse
[2025-10-01 15:35:56,056][curator.model.base][INFO] -      95          0           0.012        2.38e-05           0.012         0.00463           0.006          0.0101          0.0135
[2025-10-01 15:35:56,455][curator.model.base][INFO] -      95         10          0.0113        2.38e-05          0.0112         0.00525         0.00601         0.00903           0.013
[2025-10-01 15:35:56,861][curator.model.base][INFO] -      95         20          0.0177         3.7e-05          0.0176         0.00639         0.00749          0.0122          0.0163
[2025-10-01 15:35:57,168][curator.model.base][INFO] - 

[2025-10-01 15:35:57,168][curator.model.base][DEBUG] - Epoch summary:
[2025-10-01 15:35:57,168][curator.model.base][INFO] - Validation  # epoch      total_loss     energy_loss     forces_loss      energy_mae     energy_rmse      forces_mae     forces_rmse
[2025-10-01 15:35:57,168][curator.model.base][INFO] -                  95          0.0142        3.04e-05          0.0144         0.00471         0.00589          0.0105          0.0146
[2025-10-01 15:35:57,173][curator.model.base][INFO] - Train       # epoch      total_loss     energy_loss     forces_loss      energy_mae     energy_rmse      forces_mae     forces_rmse
[2025-10-01 15:35:57,173][curator.model.base][INFO] -                  95          0.0296         0.00538          0.0242           0.071          0.0722          0.0138          0.0189
[2025-10-01 15:35:57,179][curator.model.base][INFO] - 

[2025-10-01 15:35:57,179][curator.model.base][DEBUG] - Training
[2025-10-01 15:35:57,179][curator.model.base][INFO] - # epoch      batch      total_loss     energy_loss     forces_loss      energy_mae     energy_rmse      forces_mae     forces_rmse
[2025-10-01 15:35:57,242][curator.model.base][INFO] -      96          0          0.0368         0.00716          0.0297           0.103           0.104           0.016          0.0212
[2025-10-01 15:35:58,056][curator.model.base][INFO] -      96         10          0.0305           0.011          0.0196           0.129           0.129          0.0131          0.0172
[2025-10-01 15:35:58,858][curator.model.base][INFO] -      96         20          0.0214         0.00129          0.0201          0.0433          0.0442          0.0129          0.0174
[2025-10-01 15:35:59,655][curator.model.base][INFO] -      96         30          0.0307         0.00454          0.0262          0.0827          0.0829          0.0152          0.0199
[2025-10-01 15:36:00,466][curator.model.base][INFO] -      96         40          0.0205        7.43e-05          0.0205          0.0076          0.0106          0.0131          0.0176
[2025-10-01 15:36:01,254][curator.model.base][INFO] -      96         50          0.0249        3.66e-05          0.0248         0.00561         0.00745          0.0144          0.0194
[2025-10-01 15:36:02,054][curator.model.base][INFO] -      96         60          0.0305          0.0034          0.0271          0.0709          0.0718          0.0148          0.0202
[2025-10-01 15:36:02,859][curator.model.base][INFO] -      96         70          0.0185        0.000344          0.0182           0.021          0.0228          0.0126          0.0166
[2025-10-01 15:36:03,671][curator.model.base][INFO] -      96         80          0.0244         0.00139           0.023          0.0445          0.0459          0.0136          0.0187
[2025-10-01 15:36:04,474][curator.model.base][INFO] -      96         90          0.0183        0.000306           0.018          0.0201          0.0215          0.0121          0.0165
[2025-10-01 15:36:05,292][curator.model.base][INFO] -      96        100          0.0247         0.00182          0.0228          0.0512          0.0526          0.0139          0.0186
[2025-10-01 15:36:06,088][curator.model.base][INFO] -      96        110          0.0172        7.57e-05          0.0171         0.00932          0.0107          0.0123          0.0161
[2025-10-01 15:36:06,909][curator.model.base][INFO] -      96        120          0.0183        4.48e-05          0.0182         0.00659         0.00824          0.0126          0.0166
[2025-10-01 15:36:07,413][curator.model.base][INFO] - 

[2025-10-01 15:36:07,414][curator.model.base][DEBUG] - Validating
[2025-10-01 15:36:07,414][curator.model.base][INFO] - # epoch      batch      total_loss     energy_loss     forces_loss      energy_mae     energy_rmse      forces_mae     forces_rmse
[2025-10-01 15:36:07,456][curator.model.base][INFO] -      96          0          0.0119        1.99e-05          0.0119         0.00426         0.00549         0.00998          0.0134
[2025-10-01 15:36:07,851][curator.model.base][INFO] -      96         10          0.0111        2.49e-05          0.0111         0.00533         0.00614         0.00899          0.0129
[2025-10-01 15:36:08,255][curator.model.base][INFO] -      96         20          0.0178        3.49e-05          0.0177         0.00628         0.00727          0.0121          0.0164
[2025-10-01 15:36:08,557][curator.model.base][INFO] - 

[2025-10-01 15:36:08,557][curator.model.base][DEBUG] - Epoch summary:
[2025-10-01 15:36:08,557][curator.model.base][INFO] - Validation  # epoch      total_loss     energy_loss     forces_loss      energy_mae     energy_rmse      forces_mae     forces_rmse
[2025-10-01 15:36:08,557][curator.model.base][INFO] -                  96           0.014        2.72e-05          0.0143         0.00429         0.00545          0.0105          0.0145
[2025-10-01 15:36:08,563][curator.model.base][INFO] - Train       # epoch      total_loss     energy_loss     forces_loss      energy_mae     energy_rmse      forces_mae     forces_rmse
[2025-10-01 15:36:08,563][curator.model.base][INFO] -                  96          0.0242         0.00198          0.0223          0.0432           0.045          0.0135          0.0182
[2025-10-01 15:36:08,568][curator.model.base][INFO] - 

[2025-10-01 15:36:08,568][curator.model.base][DEBUG] - Training
[2025-10-01 15:36:08,568][curator.model.base][INFO] - # epoch      batch      total_loss     energy_loss     forces_loss      energy_mae     energy_rmse      forces_mae     forces_rmse
[2025-10-01 15:36:08,627][curator.model.base][INFO] -      97          0          0.0191        0.000444          0.0186          0.0252          0.0259          0.0127          0.0168
[2025-10-01 15:36:09,432][curator.model.base][INFO] -      97         10          0.0174         0.00025          0.0172          0.0181          0.0195          0.0121          0.0161
[2025-10-01 15:36:10,233][curator.model.base][INFO] -      97         20          0.0224        5.43e-05          0.0223         0.00648         0.00907          0.0133          0.0184
[2025-10-01 15:36:11,030][curator.model.base][INFO] -      97         30          0.0236         0.00303          0.0206          0.0668          0.0677          0.0131          0.0176
[2025-10-01 15:36:11,835][curator.model.base][INFO] -      97         40          0.0108         0.00028          0.0105            0.02          0.0206         0.00967          0.0126
[2025-10-01 15:36:12,632][curator.model.base][INFO] -      97         50          0.0162        0.000795          0.0154          0.0239          0.0347          0.0115          0.0153
[2025-10-01 15:36:13,449][curator.model.base][INFO] -      97         60          0.0171        0.000319          0.0168           0.021           0.022           0.012          0.0159
[2025-10-01 15:36:14,263][curator.model.base][INFO] -      97         70          0.0233        0.000189          0.0231          0.0136          0.0169           0.014          0.0187
[2025-10-01 15:36:15,071][curator.model.base][INFO] -      97         80          0.0167        6.25e-05          0.0166         0.00841         0.00973           0.012          0.0159
[2025-10-01 15:36:15,885][curator.model.base][INFO] -      97         90          0.0197          0.0015          0.0182          0.0468          0.0476          0.0127          0.0166
[2025-10-01 15:36:16,687][curator.model.base][INFO] -      97        100          0.0146        0.000109          0.0145          0.0114          0.0129          0.0111          0.0148
[2025-10-01 15:36:17,510][curator.model.base][INFO] -      97        110          0.0166        0.000672           0.016          0.0309          0.0319          0.0114          0.0156
[2025-10-01 15:36:18,322][curator.model.base][INFO] -      97        120          0.0163        0.000216          0.0161           0.012          0.0181          0.0117          0.0156
[2025-10-01 15:36:18,823][curator.model.base][INFO] - 

[2025-10-01 15:36:18,823][curator.model.base][DEBUG] - Validating
[2025-10-01 15:36:18,823][curator.model.base][INFO] - # epoch      batch      total_loss     energy_loss     forces_loss      energy_mae     energy_rmse      forces_mae     forces_rmse
[2025-10-01 15:36:18,864][curator.model.base][INFO] -      97          0          0.0118        1.53e-05          0.0118         0.00386         0.00482         0.00991          0.0134
[2025-10-01 15:36:19,274][curator.model.base][INFO] -      97         10          0.0106        2.54e-05          0.0106         0.00546          0.0062         0.00883          0.0127
[2025-10-01 15:36:19,687][curator.model.base][INFO] -      97         20          0.0176        3.35e-05          0.0175         0.00612         0.00712          0.0121          0.0163
[2025-10-01 15:36:19,995][curator.model.base][INFO] - 

[2025-10-01 15:36:19,995][curator.model.base][DEBUG] - Epoch summary:
[2025-10-01 15:36:19,995][curator.model.base][INFO] - Validation  # epoch      total_loss     energy_loss     forces_loss      energy_mae     energy_rmse      forces_mae     forces_rmse
[2025-10-01 15:36:19,995][curator.model.base][INFO] -                  97          0.0139        2.49e-05          0.0141          0.0041         0.00518          0.0104          0.0145
[2025-10-01 15:36:20,000][curator.model.base][INFO] - Train       # epoch      total_loss     energy_loss     forces_loss      energy_mae     energy_rmse      forces_mae     forces_rmse
[2025-10-01 15:36:20,000][curator.model.base][INFO] -                  97          0.0175        0.000931          0.0166          0.0304          0.0321          0.0118          0.0158
[2025-10-01 15:36:20,037][curator.model.base][INFO] - 

[2025-10-01 15:36:20,037][curator.model.base][DEBUG] - Training
[2025-10-01 15:36:20,037][curator.model.base][INFO] - # epoch      batch      total_loss     energy_loss     forces_loss      energy_mae     energy_rmse      forces_mae     forces_rmse
[2025-10-01 15:36:20,095][curator.model.base][INFO] -      98          0           0.014        0.000738          0.0133          0.0329          0.0334          0.0107          0.0142
[2025-10-01 15:36:20,891][curator.model.base][INFO] -      98         10          0.0263         0.00226           0.024          0.0489          0.0585          0.0142          0.0191
[2025-10-01 15:36:21,701][curator.model.base][INFO] -      98         20          0.0526          0.0119          0.0407           0.132           0.134          0.0182          0.0248
[2025-10-01 15:36:22,493][curator.model.base][INFO] -      98         30          0.0332         0.00277          0.0304          0.0641          0.0647          0.0161          0.0215
[2025-10-01 15:36:23,281][curator.model.base][INFO] -      98         40          0.0302        0.000567          0.0296          0.0275          0.0293          0.0158          0.0212
[2025-10-01 15:36:24,102][curator.model.base][INFO] -      98         50          0.0323        0.000122          0.0321          0.0102          0.0136          0.0159          0.0221
[2025-10-01 15:36:24,899][curator.model.base][INFO] -      98         60          0.0218        9.05e-05          0.0217          0.0103          0.0117          0.0142          0.0181
[2025-10-01 15:36:25,702][curator.model.base][INFO] -      98         70          0.0201        0.000166          0.0199          0.0131          0.0159          0.0135          0.0174
[2025-10-01 15:36:24,902][curator.model.base][INFO] -      98         80          0.0382          0.0102           0.028           0.124           0.124          0.0144          0.0206
[2025-10-01 15:36:25,709][curator.model.base][INFO] -      98         90          0.0547         0.00273           0.052          0.0636          0.0643          0.0192          0.0281
[2025-10-01 15:36:26,521][curator.model.base][INFO] -      98        100          0.0487         0.00711          0.0416           0.103           0.104           0.019          0.0251
[2025-10-01 15:36:27,328][curator.model.base][INFO] -      98        110          0.0353        0.000158          0.0351          0.0125          0.0155          0.0172          0.0231
[2025-10-01 15:36:28,129][curator.model.base][INFO] -      98        120          0.0332        0.000245          0.0329          0.0181          0.0193           0.016          0.0223
[2025-10-01 15:36:28,649][curator.model.base][INFO] - 

[2025-10-01 15:36:28,649][curator.model.base][DEBUG] - Validating
[2025-10-01 15:36:28,649][curator.model.base][INFO] - # epoch      batch      total_loss     energy_loss     forces_loss      energy_mae     energy_rmse      forces_mae     forces_rmse
[2025-10-01 15:36:28,690][curator.model.base][INFO] -      98          0          0.0116        2.61e-05          0.0116         0.00486         0.00629         0.00988          0.0132
[2025-10-01 15:36:29,094][curator.model.base][INFO] -      98         10          0.0107        2.51e-05          0.0107          0.0054         0.00617         0.00889          0.0127
[2025-10-01 15:36:29,506][curator.model.base][INFO] -      98         20          0.0172        4.07e-05          0.0172          0.0067         0.00785           0.012          0.0161
[2025-10-01 15:36:29,813][curator.model.base][INFO] - 

[2025-10-01 15:36:29,814][curator.model.base][DEBUG] - Epoch summary:
[2025-10-01 15:36:29,814][curator.model.base][INFO] - Validation  # epoch      total_loss     energy_loss     forces_loss      energy_mae     energy_rmse      forces_mae     forces_rmse
[2025-10-01 15:36:29,814][curator.model.base][INFO] -                  98          0.0138        2.86e-05          0.0141         0.00439         0.00556          0.0104          0.0144
[2025-10-01 15:36:29,819][curator.model.base][INFO] - Train       # epoch      total_loss     energy_loss     forces_loss      energy_mae     energy_rmse      forces_mae     forces_rmse
[2025-10-01 15:36:29,819][curator.model.base][INFO] -                  98          0.0354         0.00336           0.032          0.0608          0.0624          0.0158          0.0217
[2025-10-01 15:36:29,854][curator.model.base][INFO] - 

[2025-10-01 15:36:29,855][curator.model.base][DEBUG] - Training
[2025-10-01 15:36:29,855][curator.model.base][INFO] - # epoch      batch      total_loss     energy_loss     forces_loss      energy_mae     energy_rmse      forces_mae     forces_rmse
[2025-10-01 15:36:29,922][curator.model.base][INFO] -      99          0          0.0634         0.00158          0.0618          0.0456          0.0489          0.0206          0.0306
[2025-10-01 15:36:30,738][curator.model.base][INFO] -      99         10          0.0324         0.00572          0.0267          0.0924          0.0931          0.0148          0.0201
[2025-10-01 15:36:31,540][curator.model.base][INFO] -      99         20          0.0534         0.00667          0.0467          0.0991           0.101          0.0183          0.0266
[2025-10-01 15:36:32,334][curator.model.base][INFO] -      99         30           0.019        2.76e-05           0.019         0.00513         0.00646          0.0127           0.017
[2025-10-01 15:36:33,150][curator.model.base][INFO] -      99         40          0.0192        0.000904          0.0183          0.0358           0.037          0.0126          0.0167
[2025-10-01 15:36:33,955][curator.model.base][INFO] -      99         50          0.0206        0.000186          0.0204          0.0107          0.0168          0.0133          0.0176
[2025-10-01 15:36:34,762][curator.model.base][INFO] -      99         60          0.0144        0.000201          0.0142          0.0159          0.0174          0.0113          0.0147
[2025-10-01 15:36:35,588][curator.model.base][INFO] -      99         70          0.0131        0.000121           0.013          0.0131          0.0135          0.0107           0.014
[2025-10-01 15:36:36,404][curator.model.base][INFO] -      99         80          0.0414        0.000945          0.0405          0.0337          0.0378          0.0173          0.0248
[2025-10-01 15:36:37,202][curator.model.base][INFO] -      99         90          0.0211        6.25e-05           0.021         0.00785         0.00973          0.0132          0.0178
[2025-10-01 15:36:38,012][curator.model.base][INFO] -      99        100           0.019        0.000101          0.0189          0.0108          0.0123          0.0123          0.0169
[2025-10-01 15:36:38,806][curator.model.base][INFO] -      99        110          0.0154        0.000502          0.0149           0.027          0.0276          0.0114           0.015
[2025-10-01 15:36:39,605][curator.model.base][INFO] -      99        120          0.0246        0.000778          0.0238          0.0316          0.0343          0.0143           0.019
[2025-10-01 15:36:40,102][curator.model.base][INFO] - 

[2025-10-01 15:36:40,102][curator.model.base][DEBUG] - Validating
[2025-10-01 15:36:40,102][curator.model.base][INFO] - # epoch      batch      total_loss     energy_loss     forces_loss      energy_mae     energy_rmse      forces_mae     forces_rmse
[2025-10-01 15:36:40,144][curator.model.base][INFO] -      99          0           0.012        2.13e-05          0.0119         0.00453         0.00568         0.00997          0.0134
[2025-10-01 15:36:40,557][curator.model.base][INFO] -      99         10          0.0108        2.35e-05          0.0108         0.00518         0.00597         0.00892          0.0128
[2025-10-01 15:36:40,966][curator.model.base][INFO] -      99         20          0.0177         4.4e-05          0.0176         0.00694         0.00816          0.0121          0.0163
[2025-10-01 15:36:41,277][curator.model.base][INFO] - 

[2025-10-01 15:36:41,277][curator.model.base][DEBUG] - Epoch summary:
[2025-10-01 15:36:41,277][curator.model.base][INFO] - Validation  # epoch      total_loss     energy_loss     forces_loss      energy_mae     energy_rmse      forces_mae     forces_rmse
[2025-10-01 15:36:41,277][curator.model.base][INFO] -                  99          0.0139        2.74e-05          0.0141         0.00426          0.0054          0.0104          0.0144
[2025-10-01 15:36:41,285][curator.model.base][INFO] - Train       # epoch      total_loss     energy_loss     forces_loss      energy_mae     energy_rmse      forces_mae     forces_rmse
[2025-10-01 15:36:41,285][curator.model.base][INFO] -                  99          0.0263         0.00292          0.0234          0.0463          0.0481          0.0136          0.0184
[2025-10-01 15:36:41,293][curator.model.base][INFO] - 

[2025-10-01 15:36:41,293][curator.model.base][DEBUG] - Training
[2025-10-01 15:36:41,293][curator.model.base][INFO] - # epoch      batch      total_loss     energy_loss     forces_loss      energy_mae     energy_rmse      forces_mae     forces_rmse
[2025-10-01 15:36:41,364][curator.model.base][INFO] -     100          0          0.0218          0.0003          0.0215          0.0169          0.0213          0.0137           0.018
[2025-10-01 15:36:42,168][curator.model.base][INFO] -     100         10          0.0172        6.76e-05          0.0171         0.00903          0.0101          0.0119          0.0161
[2025-10-01 15:36:42,980][curator.model.base][INFO] -     100         20          0.0207        0.000264          0.0205          0.0155            0.02           0.013          0.0176
[2025-10-01 15:36:43,771][curator.model.base][INFO] -     100         30           0.021        0.000693          0.0203          0.0317          0.0324          0.0134          0.0175
[2025-10-01 15:36:44,574][curator.model.base][INFO] -     100         40          0.0211        0.000755          0.0203          0.0333          0.0338          0.0133          0.0175
[2025-10-01 15:36:45,359][curator.model.base][INFO] -     100         50          0.0164        0.000461          0.0159          0.0248          0.0264          0.0115          0.0155
[2025-10-01 15:36:46,149][curator.model.base][INFO] -     100         60          0.0163         0.00143          0.0148          0.0463          0.0465          0.0112           0.015
[2025-10-01 15:36:46,953][curator.model.base][INFO] -     100         70          0.0199        0.000577          0.0193          0.0282          0.0296          0.0127          0.0171
[2025-10-01 15:36:47,746][curator.model.base][INFO] -     100         80          0.0173         0.00178          0.0155          0.0512          0.0519          0.0117          0.0153
[2025-10-01 15:36:48,551][curator.model.base][INFO] -     100         90          0.0164        0.000228          0.0162          0.0161          0.0186          0.0117          0.0157
[2025-10-01 15:36:49,349][curator.model.base][INFO] -     100        100          0.0151        3.28e-05          0.0151         0.00532         0.00705          0.0114          0.0151
[2025-10-01 15:36:50,153][curator.model.base][INFO] -     100        110          0.0168         0.00433          0.0124          0.0808           0.081          0.0105          0.0137
[2025-10-01 15:36:50,954][curator.model.base][INFO] -     100        120          0.0172        0.000257          0.0169          0.0179          0.0197          0.0119           0.016
[2025-10-01 15:36:51,450][curator.model.base][INFO] - 

[2025-10-01 15:36:51,450][curator.model.base][DEBUG] - Validating
[2025-10-01 15:36:51,450][curator.model.base][INFO] - # epoch      batch      total_loss     energy_loss     forces_loss      energy_mae     energy_rmse      forces_mae     forces_rmse
[2025-10-01 15:36:51,495][curator.model.base][INFO] -     100          0          0.0117        1.66e-05          0.0117         0.00414         0.00502         0.00992          0.0133
[2025-10-01 15:36:51,908][curator.model.base][INFO] -     100         10          0.0106        2.19e-05          0.0106         0.00493         0.00576         0.00889          0.0127
[2025-10-01 15:36:52,313][curator.model.base][INFO] -     100         20          0.0175        4.42e-05          0.0174         0.00705         0.00818           0.012          0.0163
[2025-10-01 15:36:52,616][curator.model.base][INFO] - 

[2025-10-01 15:36:52,616][curator.model.base][DEBUG] - Epoch summary:
[2025-10-01 15:36:52,616][curator.model.base][INFO] - Validation  # epoch      total_loss     energy_loss     forces_loss      energy_mae     energy_rmse      forces_mae     forces_rmse
[2025-10-01 15:36:52,616][curator.model.base][INFO] -                 100          0.0137        2.51e-05          0.0139         0.00402          0.0051          0.0104          0.0143
[2025-10-01 15:36:52,622][curator.model.base][INFO] - Train       # epoch      total_loss     energy_loss     forces_loss      energy_mae     energy_rmse      forces_mae     forces_rmse
[2025-10-01 15:36:52,622][curator.model.base][INFO] -                 100          0.0188        0.000937          0.0179            0.03          0.0317          0.0122          0.0164
[2025-10-01 15:36:52,655][curator.model.base][INFO] - 

[2025-10-01 15:36:52,655][curator.model.base][DEBUG] - Training
[2025-10-01 15:36:52,655][curator.model.base][INFO] - # epoch      batch      total_loss     energy_loss     forces_loss      energy_mae     energy_rmse      forces_mae     forces_rmse
[2025-10-01 15:36:52,713][curator.model.base][INFO] -     101          0          0.0161        3.94e-05           0.016         0.00659         0.00772          0.0117          0.0156
[2025-10-01 15:36:53,504][curator.model.base][INFO] -     101         10           0.018        9.37e-05          0.0179         0.00893          0.0119          0.0121          0.0165
[2025-10-01 15:36:54,306][curator.model.base][INFO] -     101         20          0.0204        0.000271          0.0202          0.0195          0.0203           0.013          0.0175
[2025-10-01 15:36:55,096][curator.model.base][INFO] -     101         30          0.0203         0.00118          0.0191          0.0408          0.0423          0.0131           0.017
[2025-10-01 15:36:55,901][curator.model.base][INFO] -     101         40          0.0227         0.00507          0.0176          0.0873          0.0877          0.0119          0.0163
[2025-10-01 15:36:55,193][curator.model.base][INFO] -     101         50          0.0202        0.000358          0.0198          0.0209          0.0233          0.0129          0.0173
[2025-10-01 15:36:55,986][curator.model.base][INFO] -     101         60          0.0305        0.000359          0.0301          0.0149          0.0233          0.0156          0.0214
[2025-10-01 15:36:56,771][curator.model.base][INFO] -     101         70          0.0214         0.00236          0.0191          0.0596          0.0598          0.0127           0.017
[2025-10-01 15:36:57,571][curator.model.base][INFO] -     101         80          0.0212        0.000822          0.0203          0.0341          0.0353          0.0133          0.0176
[2025-10-01 15:36:58,376][curator.model.base][INFO] -     101         90          0.0194        0.000907          0.0185          0.0365          0.0371          0.0124          0.0167
[2025-10-01 15:36:59,183][curator.model.base][INFO] -     101        100          0.0304        0.000591          0.0298          0.0275          0.0299          0.0155          0.0213
[2025-10-01 15:36:59,985][curator.model.base][INFO] -     101        110          0.0244        0.000692          0.0237          0.0307          0.0324          0.0135          0.0189
[2025-10-01 15:37:00,788][curator.model.base][INFO] -     101        120           0.016        0.000254          0.0158          0.0179          0.0196          0.0121          0.0155
[2025-10-01 15:37:01,288][curator.model.base][INFO] - 

[2025-10-01 15:37:01,288][curator.model.base][DEBUG] - Validating
[2025-10-01 15:37:01,288][curator.model.base][INFO] - # epoch      batch      total_loss     energy_loss     forces_loss      energy_mae     energy_rmse      forces_mae     forces_rmse
[2025-10-01 15:37:01,327][curator.model.base][INFO] -     101          0          0.0118        1.51e-05          0.0118           0.004         0.00478         0.00992          0.0134
[2025-10-01 15:37:01,731][curator.model.base][INFO] -     101         10          0.0104        2.29e-05          0.0103         0.00515         0.00589         0.00877          0.0125
[2025-10-01 15:37:02,141][curator.model.base][INFO] -     101         20          0.0171        4.05e-05           0.017         0.00683         0.00783          0.0119          0.0161
[2025-10-01 15:37:02,448][curator.model.base][INFO] - 

[2025-10-01 15:37:02,448][curator.model.base][DEBUG] - Epoch summary:
[2025-10-01 15:37:02,448][curator.model.base][INFO] - Validation  # epoch      total_loss     energy_loss     forces_loss      energy_mae     energy_rmse      forces_mae     forces_rmse
[2025-10-01 15:37:02,448][curator.model.base][INFO] -                 101          0.0137        2.52e-05          0.0139           0.004         0.00504          0.0103          0.0143
[2025-10-01 15:37:02,453][curator.model.base][INFO] - Train       # epoch      total_loss     energy_loss     forces_loss      energy_mae     energy_rmse      forces_mae     forces_rmse
[2025-10-01 15:37:02,453][curator.model.base][INFO] -                 101          0.0215         0.00143          0.0201          0.0385          0.0402          0.0128          0.0173
[2025-10-01 15:37:02,459][curator.model.base][INFO] - 

[2025-10-01 15:37:02,459][curator.model.base][DEBUG] - Training
[2025-10-01 15:37:02,459][curator.model.base][INFO] - # epoch      batch      total_loss     energy_loss     forces_loss      energy_mae     energy_rmse      forces_mae     forces_rmse
[2025-10-01 15:37:02,520][curator.model.base][INFO] -     102          0            0.02         0.00186          0.0181          0.0473          0.0531          0.0125          0.0166
[2025-10-01 15:37:03,326][curator.model.base][INFO] -     102         10           0.042        0.000132          0.0419          0.0105          0.0141          0.0177          0.0252
[2025-10-01 15:37:04,144][curator.model.base][INFO] -     102         20          0.0223         0.00174          0.0206          0.0502          0.0514          0.0129          0.0177
[2025-10-01 15:37:04,942][curator.model.base][INFO] -     102         30          0.0345          0.0102          0.0243           0.123           0.124          0.0146          0.0192
[2025-10-01 15:37:05,740][curator.model.base][INFO] -     102         40          0.0318         0.00826          0.0235           0.111           0.112          0.0145          0.0189
[2025-10-01 15:37:06,538][curator.model.base][INFO] -     102         50          0.0381        0.000598          0.0375          0.0288          0.0301          0.0172          0.0238
[2025-10-01 15:37:07,339][curator.model.base][INFO] -     102         60           0.049          0.0298          0.0193           0.212           0.212          0.0131          0.0171
[2025-10-01 15:37:08,153][curator.model.base][INFO] -     102         70          0.0321          0.0135          0.0187           0.143           0.143           0.013          0.0168
[2025-10-01 15:37:08,954][curator.model.base][INFO] -     102         80          0.0176        0.000926          0.0166          0.0369          0.0374          0.0119          0.0159
[2025-10-01 15:37:09,760][curator.model.base][INFO] -     102         90          0.0186         0.00028          0.0184          0.0186          0.0206          0.0127          0.0167
[2025-10-01 15:37:10,569][curator.model.base][INFO] -     102        100          0.0214        0.000449          0.0209           0.025          0.0261          0.0136          0.0178
[2025-10-01 15:37:11,371][curator.model.base][INFO] -     102        110          0.0157         5.8e-05          0.0157         0.00695         0.00937          0.0118          0.0154
[2025-10-01 15:37:12,177][curator.model.base][INFO] -     102        120          0.0221          0.0023          0.0198          0.0582           0.059          0.0128          0.0173
[2025-10-01 15:37:12,678][curator.model.base][INFO] - 

[2025-10-01 15:37:12,678][curator.model.base][DEBUG] - Validating
[2025-10-01 15:37:12,678][curator.model.base][INFO] - # epoch      batch      total_loss     energy_loss     forces_loss      energy_mae     energy_rmse      forces_mae     forces_rmse
[2025-10-01 15:37:12,717][curator.model.base][INFO] -     102          0          0.0119        1.33e-05          0.0119         0.00383          0.0045         0.00987          0.0134
[2025-10-01 15:37:13,127][curator.model.base][INFO] -     102         10          0.0105        2.28e-05          0.0105         0.00524         0.00588         0.00882          0.0126
[2025-10-01 15:37:13,534][curator.model.base][INFO] -     102         20          0.0172        3.93e-05          0.0171         0.00682         0.00772           0.012          0.0161
[2025-10-01 15:37:13,842][curator.model.base][INFO] - 

[2025-10-01 15:37:13,842][curator.model.base][DEBUG] - Epoch summary:
[2025-10-01 15:37:13,842][curator.model.base][INFO] - Validation  # epoch      total_loss     energy_loss     forces_loss      energy_mae     energy_rmse      forces_mae     forces_rmse
[2025-10-01 15:37:13,842][curator.model.base][INFO] -                 102          0.0137        2.55e-05          0.0139         0.00403         0.00508          0.0103          0.0143
[2025-10-01 15:37:13,847][curator.model.base][INFO] - Train       # epoch      total_loss     energy_loss     forces_loss      energy_mae     energy_rmse      forces_mae     forces_rmse
[2025-10-01 15:37:13,847][curator.model.base][INFO] -                 102          0.0281         0.00472          0.0234          0.0642          0.0656          0.0138          0.0187
[2025-10-01 15:37:13,853][curator.model.base][INFO] - 

[2025-10-01 15:37:13,853][curator.model.base][DEBUG] - Training
[2025-10-01 15:37:13,853][curator.model.base][INFO] - # epoch      batch      total_loss     energy_loss     forces_loss      energy_mae     energy_rmse      forces_mae     forces_rmse
[2025-10-01 15:37:13,913][curator.model.base][INFO] -     103          0          0.0226        0.000786          0.0218           0.034          0.0345          0.0131          0.0182
[2025-10-01 15:37:14,710][curator.model.base][INFO] -     103         10          0.0226         0.00288          0.0197          0.0658          0.0661          0.0129          0.0173
[2025-10-01 15:37:15,500][curator.model.base][INFO] -     103         20          0.0218        0.000633          0.0211          0.0295           0.031          0.0133          0.0179
[2025-10-01 15:37:16,312][curator.model.base][INFO] -     103         30          0.0141        2.87e-05          0.0141         0.00469          0.0066          0.0109          0.0146
[2025-10-01 15:37:17,110][curator.model.base][INFO] -     103         40          0.0138        0.000448          0.0133          0.0256          0.0261          0.0107          0.0142
[2025-10-01 15:37:17,901][curator.model.base][INFO] -     103         50          0.0163        0.000296           0.016          0.0199          0.0212          0.0117          0.0156
[2025-10-01 15:37:18,692][curator.model.base][INFO] -     103         60          0.0207        0.000583          0.0201          0.0283          0.0297          0.0127          0.0175
[2025-10-01 15:37:19,496][curator.model.base][INFO] -     103         70          0.0216        0.000293          0.0213          0.0187          0.0211          0.0134           0.018
[2025-10-01 15:37:20,295][curator.model.base][INFO] -     103         80          0.0184        0.000531          0.0178          0.0281          0.0284          0.0119          0.0164
[2025-10-01 15:37:21,097][curator.model.base][INFO] -     103         90          0.0199          0.0035          0.0164          0.0726          0.0728          0.0116          0.0158
[2025-10-01 15:37:21,886][curator.model.base][INFO] -     103        100          0.0215         0.00106          0.0204          0.0398          0.0401          0.0134          0.0176
[2025-10-01 15:37:22,685][curator.model.base][INFO] -     103        110          0.0238        0.000456          0.0234          0.0242          0.0263          0.0137          0.0188
[2025-10-01 15:37:23,496][curator.model.base][INFO] -     103        120           0.024         0.00326          0.0207          0.0693          0.0703          0.0121          0.0177
[2025-10-01 15:37:23,996][curator.model.base][INFO] - 

[2025-10-01 15:37:23,996][curator.model.base][DEBUG] - Validating
[2025-10-01 15:37:23,996][curator.model.base][INFO] - # epoch      batch      total_loss     energy_loss     forces_loss      energy_mae     energy_rmse      forces_mae     forces_rmse
[2025-10-01 15:37:24,037][curator.model.base][INFO] -     103          0          0.0116        1.57e-05          0.0116         0.00419         0.00488         0.00978          0.0133
[2025-10-01 15:37:24,451][curator.model.base][INFO] -     103         10          0.0106        2.15e-05          0.0106         0.00508         0.00571         0.00884          0.0127
[2025-10-01 15:37:24,866][curator.model.base][INFO] -     103         20          0.0171        3.39e-05          0.0171         0.00626         0.00717           0.012          0.0161
[2025-10-01 15:37:25,171][curator.model.base][INFO] - 

[2025-10-01 15:37:25,171][curator.model.base][DEBUG] - Epoch summary:
[2025-10-01 15:37:25,172][curator.model.base][INFO] - Validation  # epoch      total_loss     energy_loss     forces_loss      energy_mae     energy_rmse      forces_mae     forces_rmse
[2025-10-01 15:37:25,172][curator.model.base][INFO] -                 103          0.0136         2.5e-05          0.0138         0.00402         0.00508          0.0103          0.0143
[2025-10-01 15:37:25,177][curator.model.base][INFO] - Train       # epoch      total_loss     energy_loss     forces_loss      energy_mae     energy_rmse      forces_mae     forces_rmse
[2025-10-01 15:37:25,177][curator.model.base][INFO] -                 103          0.0196         0.00135          0.0183          0.0355          0.0371          0.0123          0.0165
[2025-10-01 15:37:25,212][curator.model.base][INFO] - 

[2025-10-01 15:37:25,212][curator.model.base][DEBUG] - Training
[2025-10-01 15:37:25,212][curator.model.base][INFO] - # epoch      batch      total_loss     energy_loss     forces_loss      energy_mae     energy_rmse      forces_mae     forces_rmse
[2025-10-01 15:37:25,275][curator.model.base][INFO] -     104          0          0.0232         0.00122           0.022          0.0417           0.043          0.0139          0.0182
[2025-10-01 15:37:26,101][curator.model.base][INFO] -     104         10          0.0239         0.00281          0.0211          0.0649          0.0652          0.0135          0.0179
[2025-10-01 15:37:26,909][curator.model.base][INFO] -     104         20          0.0169        0.000368          0.0165           0.014          0.0236          0.0116          0.0158
[2025-10-01 15:37:26,161][curator.model.base][INFO] -     104         30          0.0186        0.000336          0.0182          0.0212          0.0225          0.0125          0.0166
[2025-10-01 15:37:26,988][curator.model.base][INFO] -     104         40          0.0244         9.9e-05          0.0243         0.00895          0.0122          0.0141          0.0192
[2025-10-01 15:37:27,784][curator.model.base][INFO] -     104         50          0.0241         0.00346          0.0206           0.072          0.0724          0.0131          0.0177
[2025-10-01 15:37:28,579][curator.model.base][INFO] -     104         60          0.0223         0.00526           0.017          0.0891          0.0892          0.0124           0.016
[2025-10-01 15:37:29,390][curator.model.base][INFO] -     104         70          0.0234         0.00208          0.0213          0.0542          0.0561          0.0133           0.018
[2025-10-01 15:37:30,214][curator.model.base][INFO] -     104         80          0.0162        0.000776          0.0154           0.033          0.0343          0.0115          0.0153
[2025-10-01 15:37:31,049][curator.model.base][INFO] -     104         90          0.0264         0.00264          0.0237           0.062          0.0633          0.0135           0.019
[2025-10-01 15:37:31,850][curator.model.base][INFO] -     104        100          0.0281        0.000502          0.0276          0.0257          0.0276          0.0153          0.0204
[2025-10-01 15:37:32,670][curator.model.base][INFO] -     104        110          0.0259         0.00043          0.0255          0.0238          0.0255          0.0154          0.0196
[2025-10-01 15:37:33,463][curator.model.base][INFO] -     104        120           0.036         0.00143          0.0345          0.0438          0.0466          0.0165          0.0229
[2025-10-01 15:37:33,968][curator.model.base][INFO] - 

[2025-10-01 15:37:33,968][curator.model.base][DEBUG] - Validating
[2025-10-01 15:37:33,968][curator.model.base][INFO] - # epoch      batch      total_loss     energy_loss     forces_loss      energy_mae     energy_rmse      forces_mae     forces_rmse
[2025-10-01 15:37:34,007][curator.model.base][INFO] -     104          0          0.0117        1.19e-05          0.0117         0.00356         0.00424         0.00988          0.0133
[2025-10-01 15:37:34,415][curator.model.base][INFO] -     104         10          0.0105        2.36e-05          0.0105          0.0053         0.00598         0.00877          0.0126
[2025-10-01 15:37:34,823][curator.model.base][INFO] -     104         20          0.0175        4.11e-05          0.0175         0.00698         0.00789          0.0121          0.0163
[2025-10-01 15:37:35,127][curator.model.base][INFO] - 

[2025-10-01 15:37:35,127][curator.model.base][DEBUG] - Epoch summary:
[2025-10-01 15:37:35,127][curator.model.base][INFO] - Validation  # epoch      total_loss     energy_loss     forces_loss      energy_mae     energy_rmse      forces_mae     forces_rmse
[2025-10-01 15:37:35,127][curator.model.base][INFO] -                 104          0.0135        2.58e-05          0.0137         0.00422         0.00529          0.0103          0.0143
[2025-10-01 15:37:35,133][curator.model.base][INFO] - Train       # epoch      total_loss     energy_loss     forces_loss      energy_mae     energy_rmse      forces_mae     forces_rmse
[2025-10-01 15:37:35,133][curator.model.base][INFO] -                 104          0.0231         0.00174          0.0214          0.0422          0.0437          0.0133          0.0179
[2025-10-01 15:37:35,167][curator.model.base][INFO] - 

[2025-10-01 15:37:35,167][curator.model.base][DEBUG] - Training
[2025-10-01 15:37:35,167][curator.model.base][INFO] - # epoch      batch      total_loss     energy_loss     forces_loss      energy_mae     energy_rmse      forces_mae     forces_rmse
[2025-10-01 15:37:35,231][curator.model.base][INFO] -     105          0          0.0251         0.00158          0.0236          0.0482          0.0489          0.0136          0.0189
[2025-10-01 15:37:36,105][curator.model.base][INFO] -     105         10          0.0358        0.000199          0.0356          0.0129          0.0174          0.0166          0.0232
[2025-10-01 15:37:36,906][curator.model.base][INFO] -     105         20          0.0209        0.000157          0.0208          0.0135          0.0154          0.0132          0.0177
[2025-10-01 15:37:37,698][curator.model.base][INFO] -     105         30          0.0416         0.00313          0.0384          0.0676          0.0689          0.0167          0.0241
[2025-10-01 15:37:38,505][curator.model.base][INFO] -     105         40           0.058         0.00287          0.0551           0.061           0.066          0.0206          0.0289
[2025-10-01 15:37:39,301][curator.model.base][INFO] -     105         50          0.0351         0.00122          0.0339          0.0417           0.043          0.0167          0.0226
[2025-10-01 15:37:40,096][curator.model.base][INFO] -     105         60          0.0351         0.00233          0.0328          0.0584          0.0594          0.0164          0.0223
[2025-10-01 15:37:40,899][curator.model.base][INFO] -     105         70          0.0337         0.00176          0.0319          0.0508          0.0517          0.0165           0.022
[2025-10-01 15:37:41,707][curator.model.base][INFO] -     105         80          0.0279         0.00128          0.0266          0.0426           0.044          0.0148          0.0201
[2025-10-01 15:37:42,503][curator.model.base][INFO] -     105         90          0.0309        6.34e-05          0.0308         0.00809          0.0098          0.0142          0.0216
[2025-10-01 15:37:43,311][curator.model.base][INFO] -     105        100          0.0272         0.00158          0.0257          0.0484          0.0489           0.015          0.0197
[2025-10-01 15:37:44,115][curator.model.base][INFO] -     105        110          0.0469         0.00487           0.042          0.0854          0.0859          0.0172          0.0252
[2025-10-01 15:37:44,920][curator.model.base][INFO] -     105        120          0.0226         0.00107          0.0215          0.0395          0.0402          0.0134           0.018
[2025-10-01 15:37:45,411][curator.model.base][INFO] - 

[2025-10-01 15:37:45,411][curator.model.base][DEBUG] - Validating
[2025-10-01 15:37:45,411][curator.model.base][INFO] - # epoch      batch      total_loss     energy_loss     forces_loss      energy_mae     energy_rmse      forces_mae     forces_rmse
[2025-10-01 15:37:45,449][curator.model.base][INFO] -     105          0          0.0121        7.25e-06          0.0121         0.00276         0.00331          0.0101          0.0135
[2025-10-01 15:37:45,841][curator.model.base][INFO] -     105         10          0.0105        2.22e-05          0.0104         0.00518          0.0058         0.00869          0.0126
[2025-10-01 15:37:46,245][curator.model.base][INFO] -     105         20          0.0172        4.36e-05          0.0172         0.00717         0.00813          0.0121          0.0161
[2025-10-01 15:37:46,545][curator.model.base][INFO] - 

[2025-10-01 15:37:46,545][curator.model.base][DEBUG] - Epoch summary:
[2025-10-01 15:37:46,545][curator.model.base][INFO] - Validation  # epoch      total_loss     energy_loss     forces_loss      energy_mae     energy_rmse      forces_mae     forces_rmse
[2025-10-01 15:37:46,545][curator.model.base][INFO] -                 105          0.0135        2.76e-05          0.0137         0.00433         0.00543          0.0103          0.0142
[2025-10-01 15:37:46,551][curator.model.base][INFO] - Train       # epoch      total_loss     energy_loss     forces_loss      energy_mae     energy_rmse      forces_mae     forces_rmse
[2025-10-01 15:37:46,551][curator.model.base][INFO] -                 105          0.0344         0.00245           0.032          0.0507          0.0524          0.0158          0.0218
[2025-10-01 15:37:46,588][curator.model.base][INFO] - 

[2025-10-01 15:37:46,588][curator.model.base][DEBUG] - Training
[2025-10-01 15:37:46,588][curator.model.base][INFO] - # epoch      batch      total_loss     energy_loss     forces_loss      energy_mae     energy_rmse      forces_mae     forces_rmse
[2025-10-01 15:37:46,648][curator.model.base][INFO] -     106          0          0.0343         0.00228           0.032          0.0574          0.0588          0.0149           0.022
[2025-10-01 15:37:47,448][curator.model.base][INFO] -     106         10          0.0479         0.00126          0.0466          0.0367          0.0437          0.0192          0.0266
[2025-10-01 15:37:48,250][curator.model.base][INFO] -     106         20          0.0261         0.00208           0.024          0.0555          0.0561           0.014          0.0191
[2025-10-01 15:37:49,053][curator.model.base][INFO] -     106         30          0.0425         0.00839          0.0341           0.112           0.113          0.0165          0.0227
[2025-10-01 15:37:49,843][curator.model.base][INFO] -     106         40          0.0301         0.00255          0.0275          0.0581          0.0621          0.0136          0.0204
[2025-10-01 15:37:50,651][curator.model.base][INFO] -     106         50          0.0244        0.000762          0.0236           0.033           0.034          0.0143          0.0189
[2025-10-01 15:37:51,454][curator.model.base][INFO] -     106         60          0.0196          0.0046          0.0151          0.0833          0.0834          0.0116          0.0151
[2025-10-01 15:37:52,252][curator.model.base][INFO] -     106         70          0.0216         0.00127          0.0204          0.0427          0.0439          0.0131          0.0176
[2025-10-01 15:37:53,051][curator.model.base][INFO] -     106         80          0.0134        0.000428           0.013          0.0249          0.0255          0.0106           0.014
[2025-10-01 15:37:53,840][curator.model.base][INFO] -     106         90          0.0277        0.000145          0.0276          0.0132          0.0148          0.0149          0.0204
[2025-10-01 15:37:54,629][curator.model.base][INFO] -     106        100          0.0282         0.00631          0.0219          0.0972          0.0978          0.0134          0.0182
[2025-10-01 15:37:55,418][curator.model.base][INFO] -     106        110          0.0217         0.00494          0.0168          0.0857          0.0865          0.0122          0.0159
[2025-10-01 15:37:56,231][curator.model.base][INFO] -     106        120          0.0192        4.78e-05          0.0192         0.00698         0.00851          0.0124           0.017
[2025-10-01 15:37:56,722][curator.model.base][INFO] - 

[2025-10-01 15:37:56,722][curator.model.base][DEBUG] - Validating
[2025-10-01 15:37:56,722][curator.model.base][INFO] - # epoch      batch      total_loss     energy_loss     forces_loss      energy_mae     energy_rmse      forces_mae     forces_rmse
[2025-10-01 15:37:56,760][curator.model.base][INFO] -     106          0          0.0121        1.77e-05           0.012         0.00412         0.00517          0.0101          0.0135
[2025-10-01 15:37:57,163][curator.model.base][INFO] -     106         10          0.0105        2.53e-05          0.0105         0.00551         0.00619         0.00875          0.0126
[2025-10-01 15:37:57,564][curator.model.base][INFO] -     106         20          0.0174        3.71e-05          0.0173         0.00652          0.0075          0.0121          0.0162
[2025-10-01 15:37:57,862][curator.model.base][INFO] - 

[2025-10-01 15:37:57,862][curator.model.base][DEBUG] - Epoch summary:
[2025-10-01 15:37:57,863][curator.model.base][INFO] - Validation  # epoch      total_loss     energy_loss     forces_loss      energy_mae     energy_rmse      forces_mae     forces_rmse
[2025-10-01 15:37:57,863][curator.model.base][INFO] -                 106          0.0135        2.81e-05          0.0137         0.00445         0.00555          0.0103          0.0143
[2025-10-01 15:37:57,867][curator.model.base][INFO] - Train       # epoch      total_loss     energy_loss     forces_loss      energy_mae     energy_rmse      forces_mae     forces_rmse
[2025-10-01 15:37:57,867][curator.model.base][INFO] -                 106          0.0279         0.00235          0.0255          0.0506          0.0522          0.0142          0.0194
[2025-10-01 15:37:57,874][curator.model.base][INFO] - 

[2025-10-01 15:37:57,874][curator.model.base][DEBUG] - Training
[2025-10-01 15:37:57,874][curator.model.base][INFO] - # epoch      batch      total_loss     energy_loss     forces_loss      energy_mae     energy_rmse      forces_mae     forces_rmse
[2025-10-01 15:37:57,932][curator.model.base][INFO] -     107          0          0.0164        6.24e-05          0.0163         0.00847         0.00973          0.0116          0.0157
[2025-10-01 15:37:57,124][curator.model.base][INFO] -     107         10          0.0162         0.00159          0.0146          0.0488          0.0491          0.0112          0.0149
[2025-10-01 15:37:57,920][curator.model.base][INFO] -     107         20          0.0231         0.00197          0.0211          0.0535          0.0547          0.0131          0.0179
[2025-10-01 15:37:58,717][curator.model.base][INFO] -     107         30          0.0191         0.00132          0.0178          0.0441          0.0447          0.0117          0.0164
[2025-10-01 15:37:59,506][curator.model.base][INFO] -     107         40          0.0201        3.36e-05            0.02         0.00604         0.00714           0.013          0.0174
[2025-10-01 15:38:00,326][curator.model.base][INFO] -     107         50          0.0157        1.48e-05          0.0156         0.00422         0.00473          0.0116          0.0154
[2025-10-01 15:38:01,127][curator.model.base][INFO] -     107         60          0.0194        0.000278          0.0191          0.0179          0.0205          0.0124           0.017
[2025-10-01 15:38:01,915][curator.model.base][INFO] -     107         70          0.0186         0.00212          0.0164          0.0563          0.0567          0.0121          0.0158
[2025-10-01 15:38:02,715][curator.model.base][INFO] -     107         80          0.0183        0.000113          0.0182          0.0115          0.0131          0.0126          0.0166
[2025-10-01 15:38:03,504][curator.model.base][INFO] -     107         90          0.0144        1.65e-05          0.0144         0.00404           0.005          0.0111          0.0148
[2025-10-01 15:38:04,304][curator.model.base][INFO] -     107        100          0.0294        2.02e-05          0.0294         0.00453         0.00552          0.0152          0.0211
[2025-10-01 15:38:05,108][curator.model.base][INFO] -     107        110          0.0132        0.000236           0.013           0.018          0.0189          0.0106           0.014
[2025-10-01 15:38:05,910][curator.model.base][INFO] -     107        120          0.0135        0.000372          0.0132          0.0232          0.0238          0.0106          0.0141
[2025-10-01 15:38:06,395][curator.model.base][INFO] - 

[2025-10-01 15:38:06,395][curator.model.base][DEBUG] - Validating
[2025-10-01 15:38:06,395][curator.model.base][INFO] - # epoch      batch      total_loss     energy_loss     forces_loss      energy_mae     energy_rmse      forces_mae     forces_rmse
[2025-10-01 15:38:06,433][curator.model.base][INFO] -     107          0          0.0116         1.4e-05          0.0116         0.00384         0.00461          0.0099          0.0133
[2025-10-01 15:38:06,827][curator.model.base][INFO] -     107         10          0.0102        2.31e-05          0.0102         0.00526         0.00592         0.00872          0.0124
[2025-10-01 15:38:07,240][curator.model.base][INFO] -     107         20          0.0172        3.62e-05          0.0171         0.00645          0.0074           0.012          0.0161
[2025-10-01 15:38:07,548][curator.model.base][INFO] - 

[2025-10-01 15:38:07,548][curator.model.base][DEBUG] - Epoch summary:
[2025-10-01 15:38:07,548][curator.model.base][INFO] - Validation  # epoch      total_loss     energy_loss     forces_loss      energy_mae     energy_rmse      forces_mae     forces_rmse
[2025-10-01 15:38:07,548][curator.model.base][INFO] -                 107          0.0134        2.67e-05          0.0136         0.00425         0.00536          0.0102          0.0142
[2025-10-01 15:38:07,554][curator.model.base][INFO] - Train       # epoch      total_loss     energy_loss     forces_loss      energy_mae     energy_rmse      forces_mae     forces_rmse
[2025-10-01 15:38:07,554][curator.model.base][INFO] -                 107          0.0188        0.000738           0.018          0.0265          0.0283          0.0122          0.0164
[2025-10-01 15:38:07,589][curator.model.base][INFO] - 

[2025-10-01 15:38:07,590][curator.model.base][DEBUG] - Training
[2025-10-01 15:38:07,590][curator.model.base][INFO] - # epoch      batch      total_loss     energy_loss     forces_loss      energy_mae     energy_rmse      forces_mae     forces_rmse
[2025-10-01 15:38:07,667][curator.model.base][INFO] -     108          0           0.012        7.77e-05          0.0119         0.00957          0.0108          0.0099          0.0134
[2025-10-01 15:38:08,478][curator.model.base][INFO] -     108         10          0.0147        0.000139          0.0146           0.013          0.0145          0.0108          0.0149
[2025-10-01 15:38:09,282][curator.model.base][INFO] -     108         20          0.0142         0.00113          0.0131           0.041          0.0414          0.0106          0.0141
[2025-10-01 15:38:10,086][curator.model.base][INFO] -     108         30          0.0125        3.16e-05          0.0124          0.0054         0.00692          0.0107          0.0137
[2025-10-01 15:38:10,880][curator.model.base][INFO] -     108         40          0.0177         0.00152          0.0161          0.0476           0.048          0.0119          0.0156
[2025-10-01 15:38:11,682][curator.model.base][INFO] -     108         50          0.0133        0.000147          0.0132          0.0141          0.0149          0.0107          0.0141
[2025-10-01 15:38:12,484][curator.model.base][INFO] -     108         60          0.0215        0.000246          0.0213          0.0151          0.0193          0.0133          0.0179
[2025-10-01 15:38:13,288][curator.model.base][INFO] -     108         70          0.0196         0.00175          0.0179          0.0511          0.0514          0.0124          0.0164
[2025-10-01 15:38:14,084][curator.model.base][INFO] -     108         80          0.0197        2.84e-05          0.0197         0.00539         0.00656          0.0129          0.0173
[2025-10-01 15:38:14,894][curator.model.base][INFO] -     108         90          0.0236        9.21e-05          0.0235          0.0104          0.0118          0.0142          0.0189
[2025-10-01 15:38:15,710][curator.model.base][INFO] -     108        100          0.0228        5.41e-05          0.0228         0.00751         0.00905          0.0136          0.0186
[2025-10-01 15:38:16,531][curator.model.base][INFO] -     108        110          0.0248         0.00241          0.0224          0.0595          0.0604          0.0137          0.0184
[2025-10-01 15:38:17,337][curator.model.base][INFO] -     108        120          0.0169          0.0025          0.0144          0.0608          0.0615          0.0111          0.0148
[2025-10-01 15:38:17,839][curator.model.base][INFO] - 

[2025-10-01 15:38:17,839][curator.model.base][DEBUG] - Validating
[2025-10-01 15:38:17,839][curator.model.base][INFO] - # epoch      batch      total_loss     energy_loss     forces_loss      energy_mae     energy_rmse      forces_mae     forces_rmse
[2025-10-01 15:38:17,880][curator.model.base][INFO] -     108          0          0.0116        1.25e-05          0.0116         0.00358         0.00436         0.00988          0.0133
[2025-10-01 15:38:18,295][curator.model.base][INFO] -     108         10         0.00988        2.15e-05         0.00986          0.0051          0.0057         0.00854          0.0122
[2025-10-01 15:38:18,700][curator.model.base][INFO] -     108         20          0.0174        3.64e-05          0.0174         0.00639         0.00742           0.012          0.0162
[2025-10-01 15:38:19,010][curator.model.base][INFO] - 

[2025-10-01 15:38:19,010][curator.model.base][DEBUG] - Epoch summary:
[2025-10-01 15:38:19,010][curator.model.base][INFO] - Validation  # epoch      total_loss     energy_loss     forces_loss      energy_mae     energy_rmse      forces_mae     forces_rmse
[2025-10-01 15:38:19,010][curator.model.base][INFO] -                 108          0.0133        2.57e-05          0.0135         0.00409         0.00522          0.0102          0.0142
[2025-10-01 15:38:19,016][curator.model.base][INFO] - Train       # epoch      total_loss     energy_loss     forces_loss      energy_mae     energy_rmse      forces_mae     forces_rmse
[2025-10-01 15:38:19,016][curator.model.base][INFO] -                 108          0.0189        0.000991          0.0179          0.0305          0.0322          0.0122          0.0163
[2025-10-01 15:38:19,052][curator.model.base][INFO] - 

[2025-10-01 15:38:19,052][curator.model.base][DEBUG] - Training
[2025-10-01 15:38:19,052][curator.model.base][INFO] - # epoch      batch      total_loss     energy_loss     forces_loss      energy_mae     energy_rmse      forces_mae     forces_rmse
[2025-10-01 15:38:19,114][curator.model.base][INFO] -     109          0          0.0127        0.000151          0.0125          0.0143          0.0151          0.0105          0.0138
[2025-10-01 15:38:19,947][curator.model.base][INFO] -     109         10          0.0128        6.42e-05          0.0127         0.00837         0.00986          0.0106          0.0139
[2025-10-01 15:38:20,750][curator.model.base][INFO] -     109         20          0.0145        0.000269          0.0143          0.0123          0.0202          0.0111          0.0147
[2025-10-01 15:38:21,562][curator.model.base][INFO] -     109         30          0.0135        0.000262          0.0133           0.019          0.0199          0.0109          0.0142
[2025-10-01 15:38:22,367][curator.model.base][INFO] -     109         40          0.0148        7.19e-05          0.0147         0.00883          0.0104           0.011          0.0149
[2025-10-01 15:38:23,160][curator.model.base][INFO] -     109         50          0.0145        0.000558           0.014          0.0281          0.0291          0.0111          0.0145
[2025-10-01 15:38:23,963][curator.model.base][INFO] -     109         60          0.0155        0.000174          0.0153           0.015          0.0162          0.0116          0.0152
[2025-10-01 15:38:24,764][curator.model.base][INFO] -     109         70          0.0158         0.00247          0.0133           0.061          0.0611          0.0109          0.0142
[2025-10-01 15:38:25,549][curator.model.base][INFO] -     109         80          0.0249        2.75e-05          0.0249         0.00527         0.00645          0.0143          0.0194
[2025-10-01 15:38:26,343][curator.model.base][INFO] -     109         90          0.0194        0.000203          0.0192          0.0171          0.0175          0.0127           0.017
[2025-10-01 15:38:27,146][curator.model.base][INFO] -     109        100          0.0139        1.47e-05          0.0139         0.00382         0.00472          0.0108          0.0145
[2025-10-01 15:38:27,946][curator.model.base][INFO] -     109        110           0.016        0.000773          0.0152          0.0338          0.0342          0.0114          0.0152
[2025-10-01 15:38:28,746][curator.model.base][INFO] -     109        120           0.018        0.000323          0.0177          0.0217          0.0221          0.0119          0.0164
[2025-10-01 15:38:29,259][curator.model.base][INFO] - 

[2025-10-01 15:38:29,259][curator.model.base][DEBUG] - Validating
[2025-10-01 15:38:29,259][curator.model.base][INFO] - # epoch      batch      total_loss     energy_loss     forces_loss      energy_mae     energy_rmse      forces_mae     forces_rmse
[2025-10-01 15:38:29,299][curator.model.base][INFO] -     109          0          0.0116        1.15e-05          0.0115          0.0035         0.00417         0.00978          0.0132
[2025-10-01 15:38:28,101][curator.model.base][INFO] -     109         10         0.00994        2.07e-05         0.00992         0.00497          0.0056         0.00855          0.0123
[2025-10-01 15:38:28,507][curator.model.base][INFO] -     109         20          0.0168        3.57e-05          0.0168         0.00641         0.00735          0.0119          0.0159
[2025-10-01 15:38:28,814][curator.model.base][INFO] - 

[2025-10-01 15:38:28,814][curator.model.base][DEBUG] - Epoch summary:
[2025-10-01 15:38:28,814][curator.model.base][INFO] - Validation  # epoch      total_loss     energy_loss     forces_loss      energy_mae     energy_rmse      forces_mae     forces_rmse
[2025-10-01 15:38:28,814][curator.model.base][INFO] -                 109          0.0133        2.43e-05          0.0135         0.00398         0.00507          0.0101          0.0141
[2025-10-01 15:38:28,820][curator.model.base][INFO] - Train       # epoch      total_loss     energy_loss     forces_loss      energy_mae     energy_rmse      forces_mae     forces_rmse
[2025-10-01 15:38:28,820][curator.model.base][INFO] -                 109          0.0187        0.000565          0.0182          0.0233          0.0253          0.0122          0.0165
[2025-10-01 15:38:28,854][curator.model.base][INFO] - 

[2025-10-01 15:38:28,855][curator.model.base][DEBUG] - Training
[2025-10-01 15:38:28,855][curator.model.base][INFO] - # epoch      batch      total_loss     energy_loss     forces_loss      energy_mae     energy_rmse      forces_mae     forces_rmse
[2025-10-01 15:38:28,920][curator.model.base][INFO] -     110          0          0.0181         0.00105          0.0171          0.0384          0.0399          0.0122          0.0161
[2025-10-01 15:38:29,737][curator.model.base][INFO] -     110         10          0.0159        0.000606          0.0153          0.0291          0.0303          0.0109          0.0152
[2025-10-01 15:38:30,550][curator.model.base][INFO] -     110         20          0.0257         0.00196          0.0237          0.0523          0.0544          0.0138          0.0189
[2025-10-01 15:38:31,344][curator.model.base][INFO] -     110         30          0.0294         0.00315          0.0263           0.068          0.0691          0.0146            0.02
[2025-10-01 15:38:32,134][curator.model.base][INFO] -     110         40          0.0284          0.0112          0.0172           0.128            0.13          0.0119          0.0161
[2025-10-01 15:38:32,923][curator.model.base][INFO] -     110         50          0.0278         0.00135          0.0265          0.0444          0.0453          0.0148            0.02
[2025-10-01 15:38:33,717][curator.model.base][INFO] -     110         60          0.0248        0.000192          0.0246          0.0128          0.0171          0.0146          0.0193
[2025-10-01 15:38:34,506][curator.model.base][INFO] -     110         70          0.0168        2.77e-05          0.0168         0.00477         0.00648          0.0122          0.0159
[2025-10-01 15:38:35,288][curator.model.base][INFO] -     110         80          0.0237         0.00101          0.0227          0.0259           0.039          0.0142          0.0185
[2025-10-01 15:38:36,073][curator.model.base][INFO] -     110         90          0.0252        0.000922          0.0243          0.0365          0.0374          0.0146          0.0192
[2025-10-01 15:38:36,847][curator.model.base][INFO] -     110        100          0.0265        0.000722          0.0258          0.0301          0.0331          0.0146          0.0198
[2025-10-01 15:38:37,663][curator.model.base][INFO] -     110        110          0.0166         0.00134          0.0152          0.0446          0.0451          0.0114          0.0152
[2025-10-01 15:38:38,454][curator.model.base][INFO] -     110        120          0.0225        0.000224          0.0223          0.0166          0.0184           0.014          0.0184
[2025-10-01 15:38:38,946][curator.model.base][INFO] - 

[2025-10-01 15:38:38,946][curator.model.base][DEBUG] - Validating
[2025-10-01 15:38:38,946][curator.model.base][INFO] - # epoch      batch      total_loss     energy_loss     forces_loss      energy_mae     energy_rmse      forces_mae     forces_rmse
[2025-10-01 15:38:38,984][curator.model.base][INFO] -     110          0          0.0115        7.71e-06          0.0115         0.00303         0.00342         0.00973          0.0132
[2025-10-01 15:38:39,401][curator.model.base][INFO] -     110         10          0.0102        1.87e-05          0.0102         0.00449         0.00532          0.0086          0.0124
[2025-10-01 15:38:39,819][curator.model.base][INFO] -     110         20          0.0165        3.74e-05          0.0165         0.00649         0.00753          0.0117          0.0158
[2025-10-01 15:38:40,133][curator.model.base][INFO] - 

[2025-10-01 15:38:40,134][curator.model.base][DEBUG] - Epoch summary:
[2025-10-01 15:38:40,134][curator.model.base][INFO] - Validation  # epoch      total_loss     energy_loss     forces_loss      energy_mae     energy_rmse      forces_mae     forces_rmse
[2025-10-01 15:38:40,134][curator.model.base][INFO] -                 110          0.0131        2.55e-05          0.0133         0.00396         0.00506          0.0101           0.014
[2025-10-01 15:38:40,139][curator.model.base][INFO] - Train       # epoch      total_loss     energy_loss     forces_loss      energy_mae     energy_rmse      forces_mae     forces_rmse
[2025-10-01 15:38:40,139][curator.model.base][INFO] -                 110          0.0235         0.00164          0.0219          0.0399          0.0414          0.0134          0.0181
[2025-10-01 15:38:40,174][curator.model.base][INFO] - 

[2025-10-01 15:38:40,174][curator.model.base][DEBUG] - Training
[2025-10-01 15:38:40,175][curator.model.base][INFO] - # epoch      batch      total_loss     energy_loss     forces_loss      energy_mae     energy_rmse      forces_mae     forces_rmse
[2025-10-01 15:38:40,238][curator.model.base][INFO] -     111          0          0.0291        0.000139           0.029          0.0105          0.0145           0.015          0.0209
[2025-10-01 15:38:41,061][curator.model.base][INFO] -     111         10          0.0279        0.000278          0.0276           0.018          0.0205          0.0147          0.0204
[2025-10-01 15:38:41,877][curator.model.base][INFO] -     111         20          0.0324         0.00678          0.0257           0.101           0.101          0.0149          0.0197
[2025-10-01 15:38:42,702][curator.model.base][INFO] -     111         30          0.0254        4.14e-05          0.0254         0.00609         0.00792          0.0146          0.0196
[2025-10-01 15:38:43,519][curator.model.base][INFO] -     111         40          0.0474          0.0074            0.04           0.105           0.106          0.0179          0.0246
[2025-10-01 15:38:44,327][curator.model.base][INFO] -     111         50          0.0216         0.00081          0.0208          0.0345           0.035          0.0132          0.0177
[2025-10-01 15:38:45,157][curator.model.base][INFO] -     111         60          0.0182         0.00222           0.016          0.0575           0.058          0.0117          0.0155
[2025-10-01 15:38:45,969][curator.model.base][INFO] -     111         70          0.0153        1.83e-05          0.0153         0.00356         0.00527          0.0116          0.0152
[2025-10-01 15:38:46,768][curator.model.base][INFO] -     111         80          0.0161        4.12e-05          0.0161          0.0045          0.0079          0.0116          0.0156
[2025-10-01 15:38:47,567][curator.model.base][INFO] -     111         90          0.0293         0.00101          0.0283          0.0368           0.039          0.0154          0.0207
[2025-10-01 15:38:48,367][curator.model.base][INFO] -     111        100          0.0305         0.00364          0.0268           0.074          0.0743          0.0151          0.0202
[2025-10-01 15:38:49,182][curator.model.base][INFO] -     111        110          0.0249         0.00375          0.0212           0.075          0.0754          0.0133          0.0179
[2025-10-01 15:38:49,976][curator.model.base][INFO] -     111        120          0.0158        0.000403          0.0154          0.0242          0.0247          0.0117          0.0153
[2025-10-01 15:38:50,480][curator.model.base][INFO] - 

[2025-10-01 15:38:50,480][curator.model.base][DEBUG] - Validating
[2025-10-01 15:38:50,480][curator.model.base][INFO] - # epoch      batch      total_loss     energy_loss     forces_loss      energy_mae     energy_rmse      forces_mae     forces_rmse
[2025-10-01 15:38:50,524][curator.model.base][INFO] -     111          0          0.0113        8.71e-06          0.0113         0.00314         0.00363         0.00965          0.0131
[2025-10-01 15:38:50,940][curator.model.base][INFO] -     111         10          0.0103        1.74e-05          0.0103         0.00445         0.00514         0.00871          0.0125
[2025-10-01 15:38:51,352][curator.model.base][INFO] -     111         20          0.0165        4.12e-05          0.0165          0.0068          0.0079          0.0117          0.0158
[2025-10-01 15:38:51,669][curator.model.base][INFO] - 

[2025-10-01 15:38:51,669][curator.model.base][DEBUG] - Epoch summary:
[2025-10-01 15:38:51,669][curator.model.base][INFO] - Validation  # epoch      total_loss     energy_loss     forces_loss      energy_mae     energy_rmse      forces_mae     forces_rmse
[2025-10-01 15:38:51,669][curator.model.base][INFO] -                 111          0.0131        2.59e-05          0.0133         0.00397         0.00508          0.0101           0.014
[2025-10-01 15:38:51,675][curator.model.base][INFO] - Train       # epoch      total_loss     energy_loss     forces_loss      energy_mae     energy_rmse      forces_mae     forces_rmse
[2025-10-01 15:38:51,675][curator.model.base][INFO] -                 111          0.0289         0.00246          0.0265          0.0478          0.0496          0.0144          0.0197
[2025-10-01 15:38:51,712][curator.model.base][INFO] - 

[2025-10-01 15:38:51,712][curator.model.base][DEBUG] - Training
[2025-10-01 15:38:51,712][curator.model.base][INFO] - # epoch      batch      total_loss     energy_loss     forces_loss      energy_mae     energy_rmse      forces_mae     forces_rmse
[2025-10-01 15:38:51,773][curator.model.base][INFO] -     112          0          0.0253        0.000411          0.0249           0.024          0.0249          0.0146          0.0194
[2025-10-01 15:38:52,578][curator.model.base][INFO] -     112         10          0.0175         0.00221          0.0153          0.0562          0.0579          0.0115          0.0152
[2025-10-01 15:38:53,378][curator.model.base][INFO] -     112         20          0.0192        0.000448          0.0187          0.0252          0.0261          0.0126          0.0168
[2025-10-01 15:38:54,169][curator.model.base][INFO] -     112         30           0.022        0.000445          0.0216          0.0244           0.026           0.013          0.0181
[2025-10-01 15:38:54,964][curator.model.base][INFO] -     112         40          0.0231         0.00537          0.0177          0.0894          0.0902          0.0121          0.0164
[2025-10-01 15:38:55,763][curator.model.base][INFO] -     112         50          0.0294         0.00257          0.0268          0.0622          0.0624          0.0144          0.0202
[2025-10-01 15:38:56,573][curator.model.base][INFO] -     112         60          0.0201         0.00019          0.0199          0.0157           0.017          0.0131          0.0174
[2025-10-01 15:38:57,371][curator.model.base][INFO] -     112         70          0.0238         0.00412          0.0197          0.0784           0.079          0.0128          0.0173
[2025-10-01 15:38:58,172][curator.model.base][INFO] -     112         80          0.0194        4.86e-05          0.0194         0.00689         0.00858          0.0128          0.0171
[2025-10-01 15:38:58,973][curator.model.base][INFO] -     112         90          0.0276         0.00466          0.0229          0.0832           0.084          0.0139          0.0186
[2025-10-01 15:38:59,771][curator.model.base][INFO] -     112        100          0.0309         0.00143          0.0295          0.0456          0.0466          0.0147          0.0211
[2025-10-01 15:38:58,939][curator.model.base][INFO] -     112        110          0.0305        7.09e-05          0.0305         0.00834          0.0104          0.0154          0.0215
[2025-10-01 15:38:59,750][curator.model.base][INFO] -     112        120          0.0155        0.000752          0.0147          0.0328          0.0338          0.0118          0.0149
[2025-10-01 15:39:00,247][curator.model.base][INFO] - 

[2025-10-01 15:39:00,247][curator.model.base][DEBUG] - Validating
[2025-10-01 15:39:00,247][curator.model.base][INFO] - # epoch      batch      total_loss     energy_loss     forces_loss      energy_mae     energy_rmse      forces_mae     forces_rmse
[2025-10-01 15:39:00,287][curator.model.base][INFO] -     112          0          0.0112        1.08e-05          0.0112         0.00328         0.00404         0.00956           0.013
[2025-10-01 15:39:00,701][curator.model.base][INFO] -     112         10          0.0103        1.92e-05          0.0103          0.0046         0.00539         0.00868          0.0125
[2025-10-01 15:39:01,106][curator.model.base][INFO] -     112         20          0.0162        4.65e-05          0.0161         0.00736         0.00839          0.0116          0.0156
[2025-10-01 15:39:01,416][curator.model.base][INFO] - 

[2025-10-01 15:39:01,416][curator.model.base][DEBUG] - Epoch summary:
[2025-10-01 15:39:01,416][curator.model.base][INFO] - Validation  # epoch      total_loss     energy_loss     forces_loss      energy_mae     energy_rmse      forces_mae     forces_rmse
[2025-10-01 15:39:01,416][curator.model.base][INFO] -                 112           0.013        2.71e-05          0.0132         0.00413         0.00527          0.0101           0.014
[2025-10-01 15:39:01,421][curator.model.base][INFO] - Train       # epoch      total_loss     energy_loss     forces_loss      energy_mae     energy_rmse      forces_mae     forces_rmse
[2025-10-01 15:39:01,421][curator.model.base][INFO] -                 112          0.0233         0.00168          0.0216          0.0405          0.0421          0.0133          0.0179
[2025-10-01 15:39:01,454][curator.model.base][INFO] - 

[2025-10-01 15:39:01,455][curator.model.base][DEBUG] - Training
[2025-10-01 15:39:01,455][curator.model.base][INFO] - # epoch      batch      total_loss     energy_loss     forces_loss      energy_mae     energy_rmse      forces_mae     forces_rmse
[2025-10-01 15:39:01,515][curator.model.base][INFO] -     113          0          0.0152         0.00014           0.015          0.0136          0.0145          0.0113          0.0151
[2025-10-01 15:39:02,323][curator.model.base][INFO] -     113         10          0.0197        0.000686           0.019           0.031          0.0322          0.0125           0.017
[2025-10-01 15:39:03,113][curator.model.base][INFO] -     113         20          0.0356        0.000326          0.0352          0.0174          0.0222          0.0166          0.0231
[2025-10-01 15:39:03,915][curator.model.base][INFO] -     113         30          0.0252         0.00153          0.0237          0.0467          0.0481          0.0134           0.019
[2025-10-01 15:39:04,724][curator.model.base][INFO] -     113         40          0.0367         0.00579          0.0309           0.093          0.0936          0.0155          0.0216
[2025-10-01 15:39:05,521][curator.model.base][INFO] -     113         50          0.0179        0.000994          0.0169          0.0378          0.0388          0.0121           0.016
[2025-10-01 15:39:06,321][curator.model.base][INFO] -     113         60          0.0149        6.07e-05          0.0149         0.00849         0.00959           0.011           0.015
[2025-10-01 15:39:07,129][curator.model.base][INFO] -     113         70          0.0181        0.000316          0.0178          0.0203          0.0219          0.0125          0.0164
[2025-10-01 15:39:07,937][curator.model.base][INFO] -     113         80          0.0411         0.00294          0.0381          0.0659          0.0667          0.0168           0.024
[2025-10-01 15:39:08,748][curator.model.base][INFO] -     113         90          0.0229         0.00418          0.0187          0.0791          0.0795          0.0122          0.0168
[2025-10-01 15:39:09,559][curator.model.base][INFO] -     113        100          0.0509          0.0203          0.0307           0.173           0.175          0.0168          0.0216
[2025-10-01 15:39:10,354][curator.model.base][INFO] -     113        110          0.0264        0.000205          0.0262          0.0147          0.0176          0.0147          0.0199
[2025-10-01 15:39:11,154][curator.model.base][INFO] -     113        120          0.0202         0.00127          0.0189          0.0434          0.0439          0.0124          0.0169
[2025-10-01 15:39:11,642][curator.model.base][INFO] - 

[2025-10-01 15:39:11,642][curator.model.base][DEBUG] - Validating
[2025-10-01 15:39:11,642][curator.model.base][INFO] - # epoch      batch      total_loss     energy_loss     forces_loss      energy_mae     energy_rmse      forces_mae     forces_rmse
[2025-10-01 15:39:11,680][curator.model.base][INFO] -     113          0          0.0115        1.56e-05          0.0115         0.00396         0.00486         0.00968          0.0132
[2025-10-01 15:39:12,089][curator.model.base][INFO] -     113         10          0.0103        2.01e-05          0.0103         0.00478         0.00552         0.00861          0.0125
[2025-10-01 15:39:12,482][curator.model.base][INFO] -     113         20          0.0163        4.36e-05          0.0163         0.00693         0.00812          0.0116          0.0157
[2025-10-01 15:39:12,783][curator.model.base][INFO] - 

[2025-10-01 15:39:12,783][curator.model.base][DEBUG] - Epoch summary:
[2025-10-01 15:39:12,783][curator.model.base][INFO] - Validation  # epoch      total_loss     energy_loss     forces_loss      energy_mae     energy_rmse      forces_mae     forces_rmse
[2025-10-01 15:39:12,784][curator.model.base][INFO] -                 113          0.0131        2.63e-05          0.0133         0.00406         0.00518            0.01           0.014
[2025-10-01 15:39:12,789][curator.model.base][INFO] - Train       # epoch      total_loss     energy_loss     forces_loss      energy_mae     energy_rmse      forces_mae     forces_rmse
[2025-10-01 15:39:12,789][curator.model.base][INFO] -                 113          0.0271         0.00391          0.0232           0.057          0.0586          0.0135          0.0185
[2025-10-01 15:39:12,794][curator.model.base][INFO] - 

[2025-10-01 15:39:12,794][curator.model.base][DEBUG] - Training
[2025-10-01 15:39:12,794][curator.model.base][INFO] - # epoch      batch      total_loss     energy_loss     forces_loss      energy_mae     energy_rmse      forces_mae     forces_rmse
[2025-10-01 15:39:12,858][curator.model.base][INFO] -     114          0          0.0184        0.000116          0.0183          0.0113          0.0133          0.0125          0.0167
[2025-10-01 15:39:13,656][curator.model.base][INFO] -     114         10          0.0183        0.000988          0.0174          0.0378          0.0387          0.0121          0.0162
[2025-10-01 15:39:14,463][curator.model.base][INFO] -     114         20          0.0179        0.000585          0.0173          0.0286          0.0298           0.012          0.0162
[2025-10-01 15:39:15,263][curator.model.base][INFO] -     114         30          0.0138        0.000179          0.0137          0.0153          0.0165          0.0108          0.0144
[2025-10-01 15:39:16,054][curator.model.base][INFO] -     114         40           0.013        3.76e-05          0.0129         0.00576         0.00755          0.0107           0.014
[2025-10-01 15:39:16,859][curator.model.base][INFO] -     114         50          0.0237         0.00273           0.021          0.0635          0.0643          0.0131          0.0178
[2025-10-01 15:39:17,659][curator.model.base][INFO] -     114         60          0.0134         0.00122          0.0122          0.0359          0.0429          0.0102          0.0136
[2025-10-01 15:39:18,449][curator.model.base][INFO] -     114         70          0.0237        0.000418          0.0233          0.0115          0.0252          0.0134          0.0188
[2025-10-01 15:39:19,254][curator.model.base][INFO] -     114         80           0.028         0.00013          0.0278          0.0127           0.014          0.0154          0.0205
[2025-10-01 15:39:20,057][curator.model.base][INFO] -     114         90          0.0205        0.000526            0.02          0.0268          0.0282          0.0127          0.0174
[2025-10-01 15:39:20,860][curator.model.base][INFO] -     114        100          0.0268         0.00572          0.0211          0.0926           0.093          0.0131          0.0179
[2025-10-01 15:39:21,657][curator.model.base][INFO] -     114        110          0.0474         0.00569          0.0417          0.0912          0.0928          0.0181          0.0251
[2025-10-01 15:39:22,468][curator.model.base][INFO] -     114        120          0.0316         0.00246          0.0291          0.0604          0.0611          0.0154           0.021
[2025-10-01 15:39:22,975][curator.model.base][INFO] - 

[2025-10-01 15:39:22,975][curator.model.base][DEBUG] - Validating
[2025-10-01 15:39:22,975][curator.model.base][INFO] - # epoch      batch      total_loss     energy_loss     forces_loss      energy_mae     energy_rmse      forces_mae     forces_rmse
[2025-10-01 15:39:23,013][curator.model.base][INFO] -     114          0          0.0119        1.35e-05          0.0118         0.00381         0.00451          0.0099          0.0134
[2025-10-01 15:39:23,421][curator.model.base][INFO] -     114         10          0.0101        1.99e-05          0.0101         0.00469         0.00549         0.00852          0.0124
[2025-10-01 15:39:23,820][curator.model.base][INFO] -     114         20          0.0163        4.49e-05          0.0163         0.00703         0.00825          0.0116          0.0157
[2025-10-01 15:39:24,132][curator.model.base][INFO] - 

[2025-10-01 15:39:24,132][curator.model.base][DEBUG] - Epoch summary:
[2025-10-01 15:39:24,132][curator.model.base][INFO] - Validation  # epoch      total_loss     energy_loss     forces_loss      energy_mae     energy_rmse      forces_mae     forces_rmse
[2025-10-01 15:39:24,132][curator.model.base][INFO] -                 114          0.0131        2.84e-05          0.0133          0.0043         0.00545            0.01           0.014
[2025-10-01 15:39:24,139][curator.model.base][INFO] - Train       # epoch      total_loss     energy_loss     forces_loss      energy_mae     energy_rmse      forces_mae     forces_rmse
[2025-10-01 15:39:24,139][curator.model.base][INFO] -                 114          0.0237         0.00167          0.0221          0.0383          0.0402          0.0133           0.018
[2025-10-01 15:39:24,147][curator.model.base][INFO] - 

[2025-10-01 15:39:24,147][curator.model.base][DEBUG] - Training
[2025-10-01 15:39:24,147][curator.model.base][INFO] - # epoch      batch      total_loss     energy_loss     forces_loss      energy_mae     energy_rmse      forces_mae     forces_rmse
[2025-10-01 15:39:24,208][curator.model.base][INFO] -     115          0          0.0369         2.5e-05          0.0369         0.00508         0.00615          0.0147          0.0236
[2025-10-01 15:39:25,011][curator.model.base][INFO] -     115         10           0.019        0.000179          0.0189          0.0133          0.0165          0.0128          0.0169
[2025-10-01 15:39:25,822][curator.model.base][INFO] -     115         20          0.0202         0.00253          0.0177          0.0608          0.0619          0.0121          0.0164
[2025-10-01 15:39:26,625][curator.model.base][INFO] -     115         30          0.0336        0.000366          0.0333          0.0213          0.0235           0.016          0.0225
[2025-10-01 15:39:27,436][curator.model.base][INFO] -     115         40           0.026         0.00375          0.0223          0.0718          0.0753          0.0132          0.0184
[2025-10-01 15:39:28,230][curator.model.base][INFO] -     115         50          0.0258        0.000304          0.0255          0.0197          0.0215          0.0142          0.0197
[2025-10-01 15:39:29,052][curator.model.base][INFO] -     115         60          0.0334         0.00183          0.0316          0.0515          0.0527          0.0153          0.0219
[2025-10-01 15:39:29,838][curator.model.base][INFO] -     115         70          0.0297         0.00236          0.0273          0.0588          0.0598          0.0148          0.0204
[2025-10-01 15:39:30,620][curator.model.base][INFO] -     115         80          0.0243         0.00188          0.0225          0.0525          0.0534          0.0139          0.0184
[2025-10-01 15:39:29,921][curator.model.base][INFO] -     115         90          0.0555         0.00035          0.0551          0.0187           0.023          0.0205          0.0289
[2025-10-01 15:39:30,740][curator.model.base][INFO] -     115        100          0.0257         0.00295          0.0228          0.0666          0.0669          0.0142          0.0186
[2025-10-01 15:39:31,546][curator.model.base][INFO] -     115        110          0.0314         0.00725          0.0242           0.101           0.105          0.0143          0.0191
[2025-10-01 15:39:32,332][curator.model.base][INFO] -     115        120          0.0161        0.000433          0.0156           0.025          0.0256          0.0116          0.0154
[2025-10-01 15:39:32,824][curator.model.base][INFO] - 

[2025-10-01 15:39:32,824][curator.model.base][DEBUG] - Validating
[2025-10-01 15:39:32,824][curator.model.base][INFO] - # epoch      batch      total_loss     energy_loss     forces_loss      energy_mae     energy_rmse      forces_mae     forces_rmse
[2025-10-01 15:39:32,870][curator.model.base][INFO] -     115          0           0.012        1.18e-05           0.012         0.00345         0.00422         0.00995          0.0135
[2025-10-01 15:39:33,278][curator.model.base][INFO] -     115         10          0.0102        2.02e-05          0.0102         0.00473         0.00553         0.00858          0.0124
[2025-10-01 15:39:33,686][curator.model.base][INFO] -     115         20           0.016         4.3e-05           0.016         0.00667         0.00807          0.0115          0.0156
[2025-10-01 15:39:33,996][curator.model.base][INFO] - 

[2025-10-01 15:39:33,996][curator.model.base][DEBUG] - Epoch summary:
[2025-10-01 15:39:33,996][curator.model.base][INFO] - Validation  # epoch      total_loss     energy_loss     forces_loss      energy_mae     energy_rmse      forces_mae     forces_rmse
[2025-10-01 15:39:33,996][curator.model.base][INFO] -                 115           0.013        2.77e-05          0.0132          0.0043         0.00543          0.0101           0.014
[2025-10-01 15:39:34,002][curator.model.base][INFO] - Train       # epoch      total_loss     energy_loss     forces_loss      energy_mae     energy_rmse      forces_mae     forces_rmse
[2025-10-01 15:39:34,002][curator.model.base][INFO] -                 115          0.0283         0.00267          0.0257          0.0524          0.0538          0.0142          0.0194
[2025-10-01 15:39:34,036][curator.model.base][INFO] - 

[2025-10-01 15:39:34,036][curator.model.base][DEBUG] - Training
[2025-10-01 15:39:34,036][curator.model.base][INFO] - # epoch      batch      total_loss     energy_loss     forces_loss      energy_mae     energy_rmse      forces_mae     forces_rmse
[2025-10-01 15:39:34,102][curator.model.base][INFO] -     116          0           0.016         0.00209          0.0139          0.0558          0.0563          0.0108          0.0145
[2025-10-01 15:39:34,927][curator.model.base][INFO] -     116         10          0.0272         0.00042          0.0268          0.0234          0.0252          0.0141          0.0201
[2025-10-01 15:39:35,720][curator.model.base][INFO] -     116         20          0.0357         0.00418          0.0315          0.0781          0.0796          0.0158          0.0219
[2025-10-01 15:39:36,534][curator.model.base][INFO] -     116         30           0.025         0.00492          0.0201           0.086          0.0863          0.0133          0.0175
[2025-10-01 15:39:37,331][curator.model.base][INFO] -     116         40          0.0395        0.000594          0.0389          0.0272            0.03          0.0166          0.0243
[2025-10-01 15:39:38,126][curator.model.base][INFO] -     116         50          0.0365          0.0075           0.029           0.106           0.107          0.0154          0.0209
[2025-10-01 15:39:38,936][curator.model.base][INFO] -     116         60          0.0356          0.0131          0.0225           0.141           0.141          0.0136          0.0185
[2025-10-01 15:39:39,735][curator.model.base][INFO] -     116         70          0.0335          0.0157          0.0178           0.154           0.154          0.0122          0.0164
[2025-10-01 15:39:40,537][curator.model.base][INFO] -     116         80          0.0296          0.0113          0.0183            0.13           0.131          0.0126          0.0167
[2025-10-01 15:39:41,345][curator.model.base][INFO] -     116         90           0.019         0.00316          0.0158          0.0688          0.0692          0.0118          0.0155
[2025-10-01 15:39:42,157][curator.model.base][INFO] -     116        100          0.0319         0.00344          0.0284          0.0676          0.0722          0.0138          0.0207
[2025-10-01 15:39:42,966][curator.model.base][INFO] -     116        110          0.0286         0.00189          0.0267          0.0528          0.0536          0.0151          0.0201
[2025-10-01 15:39:43,769][curator.model.base][INFO] -     116        120          0.0206         0.00167          0.0189          0.0495          0.0504          0.0129          0.0169
[2025-10-01 15:39:44,266][curator.model.base][INFO] - 

[2025-10-01 15:39:44,266][curator.model.base][DEBUG] - Validating
[2025-10-01 15:39:44,266][curator.model.base][INFO] - # epoch      batch      total_loss     energy_loss     forces_loss      energy_mae     energy_rmse      forces_mae     forces_rmse
[2025-10-01 15:39:44,306][curator.model.base][INFO] -     116          0          0.0119        1.87e-05          0.0118         0.00436         0.00532         0.00988          0.0134
[2025-10-01 15:39:44,711][curator.model.base][INFO] -     116         10          0.0102         2.1e-05          0.0102         0.00502         0.00563         0.00862          0.0124
[2025-10-01 15:39:45,121][curator.model.base][INFO] -     116         20          0.0163        5.15e-05          0.0162         0.00757         0.00883          0.0116          0.0157
[2025-10-01 15:39:45,423][curator.model.base][INFO] - 

[2025-10-01 15:39:45,423][curator.model.base][DEBUG] - Epoch summary:
[2025-10-01 15:39:45,423][curator.model.base][INFO] - Validation  # epoch      total_loss     energy_loss     forces_loss      energy_mae     energy_rmse      forces_mae     forces_rmse
[2025-10-01 15:39:45,423][curator.model.base][INFO] -                 116          0.0131           3e-05          0.0133         0.00448         0.00561          0.0101           0.014
[2025-10-01 15:39:45,428][curator.model.base][INFO] - Train       # epoch      total_loss     energy_loss     forces_loss      energy_mae     energy_rmse      forces_mae     forces_rmse
[2025-10-01 15:39:45,428][curator.model.base][INFO] -                 116          0.0293           0.004          0.0253          0.0638          0.0654          0.0141          0.0194
[2025-10-01 15:39:45,435][curator.model.base][INFO] - 

[2025-10-01 15:39:45,435][curator.model.base][DEBUG] - Training
[2025-10-01 15:39:45,435][curator.model.base][INFO] - # epoch      batch      total_loss     energy_loss     forces_loss      energy_mae     energy_rmse      forces_mae     forces_rmse
[2025-10-01 15:39:45,499][curator.model.base][INFO] -     117          0          0.0181         0.00131          0.0168          0.0442          0.0445          0.0123           0.016
[2025-10-01 15:39:46,313][curator.model.base][INFO] -     117         10          0.0257         0.00183          0.0238          0.0517          0.0527          0.0145           0.019
[2025-10-01 15:39:47,123][curator.model.base][INFO] -     117         20          0.0258        0.000839          0.0249          0.0344          0.0356          0.0144          0.0194
[2025-10-01 15:39:47,925][curator.model.base][INFO] -     117         30          0.0196        0.000145          0.0195          0.0128          0.0148          0.0126          0.0172
[2025-10-01 15:39:48,738][curator.model.base][INFO] -     117         40           0.024         0.00036          0.0237          0.0215          0.0233          0.0134          0.0189
[2025-10-01 15:39:49,547][curator.model.base][INFO] -     117         50          0.0176        7.59e-05          0.0176         0.00873          0.0107          0.0116          0.0163
[2025-10-01 15:39:50,353][curator.model.base][INFO] -     117         60          0.0178        0.000213          0.0176          0.0139          0.0179          0.0123          0.0163
[2025-10-01 15:39:51,155][curator.model.base][INFO] -     117         70          0.0263         7.7e-05          0.0263         0.00935          0.0108          0.0145          0.0199
[2025-10-01 15:39:51,943][curator.model.base][INFO] -     117         80          0.0251        0.000398          0.0247          0.0236          0.0245          0.0132          0.0193
[2025-10-01 15:39:52,750][curator.model.base][INFO] -     117         90          0.0239        5.19e-05          0.0238         0.00739         0.00886           0.014           0.019
[2025-10-01 15:39:53,550][curator.model.base][INFO] -     117        100          0.0273        9.36e-05          0.0272         0.00967          0.0119           0.015          0.0203
[2025-10-01 15:39:54,354][curator.model.base][INFO] -     117        110          0.0167         0.00103          0.0157           0.039          0.0394          0.0117          0.0154
[2025-10-01 15:39:55,159][curator.model.base][INFO] -     117        120          0.0262         0.00418           0.022          0.0788          0.0795           0.014          0.0183
[2025-10-01 15:39:55,651][curator.model.base][INFO] - 

[2025-10-01 15:39:55,651][curator.model.base][DEBUG] - Validating
[2025-10-01 15:39:55,651][curator.model.base][INFO] - # epoch      batch      total_loss     energy_loss     forces_loss      energy_mae     energy_rmse      forces_mae     forces_rmse
[2025-10-01 15:39:55,689][curator.model.base][INFO] -     117          0          0.0116        2.68e-05          0.0116         0.00501         0.00637         0.00974          0.0132
[2025-10-01 15:39:56,093][curator.model.base][INFO] -     117         10            0.01        2.11e-05         0.00999         0.00498         0.00566         0.00853          0.0123
[2025-10-01 15:39:56,497][curator.model.base][INFO] -     117         20          0.0161        5.43e-05           0.016         0.00769         0.00907          0.0115          0.0156
[2025-10-01 15:39:56,797][curator.model.base][INFO] - 

[2025-10-01 15:39:56,797][curator.model.base][DEBUG] - Epoch summary:
[2025-10-01 15:39:56,797][curator.model.base][INFO] - Validation  # epoch      total_loss     energy_loss     forces_loss      energy_mae     energy_rmse      forces_mae     forces_rmse
[2025-10-01 15:39:56,797][curator.model.base][INFO] -                 117          0.0131        3.03e-05          0.0133         0.00444         0.00559            0.01           0.014
[2025-10-01 15:39:56,802][curator.model.base][INFO] - Train       # epoch      total_loss     energy_loss     forces_loss      energy_mae     energy_rmse      forces_mae     forces_rmse
[2025-10-01 15:39:56,802][curator.model.base][INFO] -                 117          0.0219         0.00102          0.0209          0.0317          0.0335           0.013          0.0177
[2025-10-01 15:39:56,808][curator.model.base][INFO] - 

[2025-10-01 15:39:56,808][curator.model.base][DEBUG] - Training
[2025-10-01 15:39:56,808][curator.model.base][INFO] - # epoch      batch      total_loss     energy_loss     forces_loss      energy_mae     energy_rmse      forces_mae     forces_rmse
[2025-10-01 15:39:56,866][curator.model.base][INFO] -     118          0          0.0199        0.000807          0.0191           0.034           0.035          0.0128           0.017
[2025-10-01 15:39:57,664][curator.model.base][INFO] -     118         10          0.0194         0.00288          0.0165          0.0612          0.0661           0.012          0.0158
[2025-10-01 15:39:58,467][curator.model.base][INFO] -     118         20          0.0156        0.000508           0.015          0.0255          0.0277          0.0114          0.0151
[2025-10-01 15:39:59,255][curator.model.base][INFO] -     118         30          0.0165         0.00149           0.015          0.0387          0.0476           0.011          0.0151
[2025-10-01 15:40:00,057][curator.model.base][INFO] -     118         40           0.017        0.000169          0.0168          0.0155           0.016          0.0118           0.016
[2025-10-01 15:40:00,873][curator.model.base][INFO] -     118         50          0.0195        0.000833          0.0186          0.0351          0.0355          0.0121          0.0168
[2025-10-01 15:40:01,684][curator.model.base][INFO] -     118         60          0.0138        5.62e-05          0.0138         0.00573         0.00922          0.0109          0.0144
[2025-10-01 15:40:00,921][curator.model.base][INFO] -     118         70           0.018        0.000526          0.0174          0.0274          0.0282          0.0121          0.0163
[2025-10-01 15:40:01,740][curator.model.base][INFO] -     118         80          0.0169        0.000444          0.0164          0.0251          0.0259          0.0116          0.0158
[2025-10-01 15:40:02,550][curator.model.base][INFO] -     118         90          0.0135        0.000329          0.0132          0.0103          0.0223          0.0106          0.0141
[2025-10-01 15:40:03,363][curator.model.base][INFO] -     118        100          0.0283        0.000951          0.0273          0.0342           0.038          0.0143          0.0203
[2025-10-01 15:40:04,168][curator.model.base][INFO] -     118        110          0.0185         0.00123          0.0173          0.0424          0.0431          0.0123          0.0162
[2025-10-01 15:40:04,975][curator.model.base][INFO] -     118        120          0.0177        0.000383          0.0173           0.023          0.0241          0.0123          0.0162
[2025-10-01 15:40:05,484][curator.model.base][INFO] - 

[2025-10-01 15:40:05,484][curator.model.base][DEBUG] - Validating
[2025-10-01 15:40:05,484][curator.model.base][INFO] - # epoch      batch      total_loss     energy_loss     forces_loss      energy_mae     energy_rmse      forces_mae     forces_rmse
[2025-10-01 15:40:05,522][curator.model.base][INFO] -     118          0          0.0117         1.9e-05          0.0117         0.00445         0.00536         0.00974          0.0133
[2025-10-01 15:40:05,933][curator.model.base][INFO] -     118         10         0.00995        1.96e-05         0.00993         0.00467         0.00544         0.00846          0.0123
[2025-10-01 15:40:06,327][curator.model.base][INFO] -     118         20          0.0164        4.77e-05          0.0163         0.00737          0.0085          0.0116          0.0157
[2025-10-01 15:40:06,633][curator.model.base][INFO] - 

[2025-10-01 15:40:06,633][curator.model.base][DEBUG] - Epoch summary:
[2025-10-01 15:40:06,633][curator.model.base][INFO] - Validation  # epoch      total_loss     energy_loss     forces_loss      energy_mae     energy_rmse      forces_mae     forces_rmse
[2025-10-01 15:40:06,633][curator.model.base][INFO] -                 118           0.013        2.77e-05          0.0132         0.00418         0.00528            0.01           0.014
[2025-10-01 15:40:06,638][curator.model.base][INFO] - Train       # epoch      total_loss     energy_loss     forces_loss      energy_mae     energy_rmse      forces_mae     forces_rmse
[2025-10-01 15:40:06,638][curator.model.base][INFO] -                 118          0.0174         0.00063          0.0168           0.026          0.0277          0.0118          0.0158
[2025-10-01 15:40:06,645][curator.model.base][INFO] - 

[2025-10-01 15:40:06,645][curator.model.base][DEBUG] - Training
[2025-10-01 15:40:06,645][curator.model.base][INFO] - # epoch      batch      total_loss     energy_loss     forces_loss      energy_mae     energy_rmse      forces_mae     forces_rmse
[2025-10-01 15:40:06,728][curator.model.base][INFO] -     119          0          0.0157        0.000115          0.0156           0.012          0.0132          0.0118          0.0154
[2025-10-01 15:40:07,552][curator.model.base][INFO] -     119         10          0.0164        4.13e-05          0.0164         0.00587          0.0079          0.0118          0.0157
[2025-10-01 15:40:08,365][curator.model.base][INFO] -     119         20          0.0134        0.000646          0.0127          0.0306          0.0313          0.0103          0.0139
[2025-10-01 15:40:09,163][curator.model.base][INFO] -     119         30          0.0125        3.17e-05          0.0124         0.00519         0.00693          0.0103          0.0137
[2025-10-01 15:40:09,973][curator.model.base][INFO] -     119         40           0.014        5.44e-05           0.014         0.00782         0.00908           0.011          0.0145
[2025-10-01 15:40:10,767][curator.model.base][INFO] -     119         50          0.0136        6.21e-05          0.0135         0.00886          0.0097          0.0107          0.0143
[2025-10-01 15:40:11,576][curator.model.base][INFO] -     119         60          0.0174        0.000148          0.0172          0.0129           0.015          0.0121          0.0162
[2025-10-01 15:40:12,382][curator.model.base][INFO] -     119         70          0.0209         0.00137          0.0195          0.0437          0.0456          0.0125          0.0172
[2025-10-01 15:40:13,378][curator.model.base][INFO] -     119         80          0.0219         0.00193            0.02          0.0526          0.0541          0.0126          0.0174
[2025-10-01 15:40:14,162][curator.model.base][INFO] -     119         90          0.0316         0.00188          0.0297          0.0523          0.0534          0.0152          0.0212
[2025-10-01 15:40:14,954][curator.model.base][INFO] -     119        100          0.0201        0.000115            0.02          0.0114          0.0132           0.013          0.0174
[2025-10-01 15:40:15,763][curator.model.base][INFO] -     119        110          0.0298        0.000131          0.0297          0.0115          0.0141          0.0151          0.0212
[2025-10-01 15:40:16,629][curator.model.base][INFO] -     119        120          0.0297         0.00808          0.0217           0.109           0.111          0.0135          0.0181
[2025-10-01 15:40:17,106][curator.model.base][INFO] - 

[2025-10-01 15:40:17,106][curator.model.base][DEBUG] - Validating
[2025-10-01 15:40:17,106][curator.model.base][INFO] - # epoch      batch      total_loss     energy_loss     forces_loss      energy_mae     energy_rmse      forces_mae     forces_rmse
[2025-10-01 15:40:17,148][curator.model.base][INFO] -     119          0          0.0115        1.98e-05          0.0115         0.00457         0.00547         0.00971          0.0132
[2025-10-01 15:40:17,886][curator.model.base][INFO] -     119         10         0.00984        1.97e-05         0.00982         0.00468         0.00546          0.0084          0.0122
[2025-10-01 15:40:18,289][curator.model.base][INFO] -     119         20          0.0165        4.25e-05          0.0164         0.00687         0.00802          0.0117          0.0158
[2025-10-01 15:40:18,630][curator.model.base][INFO] - 

[2025-10-01 15:40:18,630][curator.model.base][DEBUG] - Epoch summary:
[2025-10-01 15:40:18,630][curator.model.base][INFO] - Validation  # epoch      total_loss     energy_loss     forces_loss      energy_mae     energy_rmse      forces_mae     forces_rmse
[2025-10-01 15:40:18,630][curator.model.base][INFO] -                 119          0.0129         2.8e-05          0.0131         0.00418          0.0053         0.00997          0.0139
[2025-10-01 15:40:18,635][curator.model.base][INFO] - Train       # epoch      total_loss     energy_loss     forces_loss      energy_mae     energy_rmse      forces_mae     forces_rmse
[2025-10-01 15:40:18,636][curator.model.base][INFO] -                 119          0.0189        0.000811           0.018          0.0245          0.0266          0.0121          0.0163
[2025-10-01 15:40:18,670][curator.model.base][INFO] - 

[2025-10-01 15:40:18,671][curator.model.base][DEBUG] - Training
[2025-10-01 15:40:18,671][curator.model.base][INFO] - # epoch      batch      total_loss     energy_loss     forces_loss      energy_mae     energy_rmse      forces_mae     forces_rmse
[2025-10-01 15:40:18,734][curator.model.base][INFO] -     120          0          0.0263         0.00615          0.0201          0.0936          0.0965          0.0131          0.0175
[2025-10-01 15:40:19,556][curator.model.base][INFO] -     120         10          0.0249         0.00126          0.0237          0.0428          0.0437          0.0139          0.0189
[2025-10-01 15:40:20,373][curator.model.base][INFO] -     120         20          0.0353        0.000383           0.035          0.0151          0.0241          0.0162           0.023
[2025-10-01 15:40:21,208][curator.model.base][INFO] -     120         30          0.0348        0.000296          0.0345           0.017          0.0212          0.0166          0.0229
[2025-10-01 15:40:22,099][curator.model.base][INFO] -     120         40          0.0191         0.00347          0.0156          0.0723          0.0725          0.0115          0.0154
[2025-10-01 15:40:22,908][curator.model.base][INFO] -     120         50           0.029        0.000535          0.0284          0.0266          0.0285          0.0153          0.0208
[2025-10-01 15:40:23,737][curator.model.base][INFO] -     120         60          0.0452         0.00284          0.0424          0.0566          0.0655          0.0182          0.0253
[2025-10-01 15:40:24,549][curator.model.base][INFO] -     120         70          0.0555         0.00593          0.0496          0.0937          0.0947           0.019          0.0274
[2025-10-01 15:40:25,374][curator.model.base][INFO] -     120         80          0.0607         0.00847          0.0523           0.112           0.113          0.0188          0.0281
[2025-10-01 15:40:26,178][curator.model.base][INFO] -     120         90          0.0384          0.0141          0.0243           0.146           0.146          0.0146          0.0192
[2025-10-01 15:40:26,993][curator.model.base][INFO] -     120        100          0.0296         0.00472          0.0249          0.0843          0.0845          0.0142          0.0194
[2025-10-01 15:40:27,798][curator.model.base][INFO] -     120        110          0.0254        0.000462          0.0249          0.0254          0.0265          0.0146          0.0194
[2025-10-01 15:40:28,608][curator.model.base][INFO] -     120        120          0.0242        0.000589          0.0236          0.0128          0.0299          0.0138          0.0189
[2025-10-01 15:40:29,117][curator.model.base][INFO] - 

[2025-10-01 15:40:29,117][curator.model.base][DEBUG] - Validating
[2025-10-01 15:40:29,117][curator.model.base][INFO] - # epoch      batch      total_loss     energy_loss     forces_loss      energy_mae     energy_rmse      forces_mae     forces_rmse
[2025-10-01 15:40:29,157][curator.model.base][INFO] -     120          0          0.0117        1.98e-05          0.0116          0.0045         0.00548         0.00978          0.0133
[2025-10-01 15:40:29,574][curator.model.base][INFO] -     120         10         0.00971        1.91e-05         0.00969         0.00465         0.00538         0.00841          0.0121
[2025-10-01 15:40:29,996][curator.model.base][INFO] -     120         20          0.0162         5.6e-05          0.0162         0.00798         0.00921          0.0115          0.0156
[2025-10-01 15:40:30,305][curator.model.base][INFO] - 

[2025-10-01 15:40:30,305][curator.model.base][DEBUG] - Epoch summary:
[2025-10-01 15:40:30,305][curator.model.base][INFO] - Validation  # epoch      total_loss     energy_loss     forces_loss      energy_mae     energy_rmse      forces_mae     forces_rmse
[2025-10-01 15:40:30,305][curator.model.base][INFO] -                 120           0.013        3.05e-05          0.0132         0.00456         0.00573            0.01           0.014
[2025-10-01 15:40:30,310][curator.model.base][INFO] - Train       # epoch      total_loss     energy_loss     forces_loss      energy_mae     energy_rmse      forces_mae     forces_rmse
[2025-10-01 15:40:30,310][curator.model.base][INFO] -                 120          0.0319         0.00335          0.0286          0.0576          0.0595          0.0149          0.0205
[2025-10-01 15:40:30,316][curator.model.base][INFO] - 

[2025-10-01 15:40:30,316][curator.model.base][DEBUG] - Training
[2025-10-01 15:40:30,316][curator.model.base][INFO] - # epoch      batch      total_loss     energy_loss     forces_loss      energy_mae     energy_rmse      forces_mae     forces_rmse
[2025-10-01 15:40:30,378][curator.model.base][INFO] -     121          0           0.024         0.00107           0.023          0.0394          0.0403          0.0136          0.0187
[2025-10-01 15:40:31,181][curator.model.base][INFO] -     121         10          0.0245         0.00125          0.0233          0.0426          0.0436          0.0135          0.0188
[2025-10-01 15:40:32,008][curator.model.base][INFO] -     121         20          0.0206        7.87e-05          0.0206         0.00753          0.0109          0.0135          0.0176
[2025-10-01 15:40:32,830][curator.model.base][INFO] -     121         30          0.0195        0.000142          0.0194          0.0124          0.0147           0.013          0.0171
[2025-10-01 15:40:32,075][curator.model.base][INFO] -     121         40          0.0142         0.00015           0.014           0.013          0.0151          0.0113          0.0146
[2025-10-01 15:40:32,894][curator.model.base][INFO] -     121         50          0.0168        4.67e-05          0.0168         0.00656         0.00841           0.012          0.0159
[2025-10-01 15:40:33,706][curator.model.base][INFO] -     121         60           0.017        9.77e-05          0.0169          0.0099          0.0122          0.0119           0.016
[2025-10-01 15:40:34,523][curator.model.base][INFO] -     121         70          0.0191        5.56e-05           0.019         0.00835         0.00917          0.0128           0.017
[2025-10-01 15:40:35,348][curator.model.base][INFO] -     121         80           0.023        0.000382          0.0226           0.022           0.024          0.0132          0.0185
[2025-10-01 15:40:36,157][curator.model.base][INFO] -     121         90          0.0339         0.00291           0.031           0.066          0.0664          0.0155          0.0217
[2025-10-01 15:40:36,968][curator.model.base][INFO] -     121        100          0.0242        0.000356          0.0238          0.0216          0.0232          0.0138           0.019
[2025-10-01 15:40:37,778][curator.model.base][INFO] -     121        110          0.0197         0.00111          0.0186          0.0406           0.041          0.0125          0.0168
[2025-10-01 15:40:38,593][curator.model.base][INFO] -     121        120          0.0332        8.79e-05          0.0331         0.00956          0.0115          0.0161          0.0224
[2025-10-01 15:40:39,111][curator.model.base][INFO] - 

[2025-10-01 15:40:39,111][curator.model.base][DEBUG] - Validating
[2025-10-01 15:40:39,111][curator.model.base][INFO] - # epoch      batch      total_loss     energy_loss     forces_loss      energy_mae     energy_rmse      forces_mae     forces_rmse
[2025-10-01 15:40:39,151][curator.model.base][INFO] -     121          0           0.012        1.92e-05           0.012          0.0043         0.00539         0.00987          0.0135
[2025-10-01 15:40:39,560][curator.model.base][INFO] -     121         10         0.00981        1.85e-05         0.00979         0.00455          0.0053         0.00843          0.0122
[2025-10-01 15:40:39,965][curator.model.base][INFO] -     121         20           0.017         5.5e-05          0.0169         0.00791         0.00913          0.0118           0.016
[2025-10-01 15:40:40,273][curator.model.base][INFO] - 

[2025-10-01 15:40:40,273][curator.model.base][DEBUG] - Epoch summary:
[2025-10-01 15:40:40,273][curator.model.base][INFO] - Validation  # epoch      total_loss     energy_loss     forces_loss      energy_mae     energy_rmse      forces_mae     forces_rmse
[2025-10-01 15:40:40,273][curator.model.base][INFO] -                 121           0.013        3.03e-05          0.0132         0.00457         0.00575            0.01           0.014
[2025-10-01 15:40:40,278][curator.model.base][INFO] - Train       # epoch      total_loss     energy_loss     forces_loss      energy_mae     energy_rmse      forces_mae     forces_rmse
[2025-10-01 15:40:40,279][curator.model.base][INFO] -                 121          0.0205        0.000611          0.0199          0.0236          0.0257          0.0128          0.0172
[2025-10-01 15:40:40,284][curator.model.base][INFO] - 

[2025-10-01 15:40:40,284][curator.model.base][DEBUG] - Training
[2025-10-01 15:40:40,284][curator.model.base][INFO] - # epoch      batch      total_loss     energy_loss     forces_loss      energy_mae     energy_rmse      forces_mae     forces_rmse
[2025-10-01 15:40:40,343][curator.model.base][INFO] -     122          0          0.0276         0.00153           0.026          0.0468          0.0482          0.0152          0.0199
[2025-10-01 15:40:41,161][curator.model.base][INFO] -     122         10          0.0338         0.00276          0.0311          0.0625          0.0647           0.016          0.0217
[2025-10-01 15:40:41,976][curator.model.base][INFO] -     122         20           0.028         0.00352          0.0245          0.0721           0.073           0.014          0.0193
[2025-10-01 15:40:42,786][curator.model.base][INFO] -     122         30          0.0215         0.00113          0.0204          0.0406          0.0414          0.0131          0.0176
[2025-10-01 15:40:43,602][curator.model.base][INFO] -     122         40          0.0182          0.0011          0.0171          0.0402          0.0407          0.0122          0.0161
[2025-10-01 15:40:44,425][curator.model.base][INFO] -     122         50          0.0239        0.000162          0.0237          0.0138          0.0157          0.0142           0.019
[2025-10-01 15:40:45,255][curator.model.base][INFO] -     122         60          0.0339         0.00231          0.0316          0.0584          0.0591          0.0154          0.0219
[2025-10-01 15:40:46,067][curator.model.base][INFO] -     122         70           0.138          0.0213           0.117           0.179            0.18          0.0275          0.0421
[2025-10-01 15:40:46,895][curator.model.base][INFO] -     122         80          0.0687        0.000703           0.068          0.0257          0.0326          0.0215          0.0321
[2025-10-01 15:40:47,701][curator.model.base][INFO] -     122         90          0.0606           0.011          0.0495           0.128           0.129          0.0203          0.0274
[2025-10-01 15:40:48,535][curator.model.base][INFO] -     122        100          0.0401         0.00424          0.0359          0.0794          0.0801          0.0177          0.0233
[2025-10-01 15:40:49,350][curator.model.base][INFO] -     122        110          0.0472        0.000338          0.0469          0.0213          0.0226          0.0182          0.0267
[2025-10-01 15:40:50,164][curator.model.base][INFO] -     122        120          0.0406         0.00777          0.0328           0.108           0.109           0.016          0.0223
[2025-10-01 15:40:50,668][curator.model.base][INFO] - 

[2025-10-01 15:40:50,668][curator.model.base][DEBUG] - Validating
[2025-10-01 15:40:50,668][curator.model.base][INFO] - # epoch      batch      total_loss     energy_loss     forces_loss      energy_mae     energy_rmse      forces_mae     forces_rmse
[2025-10-01 15:40:50,708][curator.model.base][INFO] -     122          0           0.012        1.64e-05          0.0119         0.00398         0.00498         0.00976          0.0134
[2025-10-01 15:40:51,139][curator.model.base][INFO] -     122         10         0.00999        1.83e-05         0.00997         0.00456         0.00527          0.0084          0.0123
[2025-10-01 15:40:51,550][curator.model.base][INFO] -     122         20          0.0173        6.59e-05          0.0173         0.00847         0.00999           0.012          0.0162
[2025-10-01 15:40:51,872][curator.model.base][INFO] - 

[2025-10-01 15:40:51,872][curator.model.base][DEBUG] - Epoch summary:
[2025-10-01 15:40:51,872][curator.model.base][INFO] - Validation  # epoch      total_loss     energy_loss     forces_loss      energy_mae     energy_rmse      forces_mae     forces_rmse
[2025-10-01 15:40:51,872][curator.model.base][INFO] -                 122          0.0131        3.23e-05          0.0133         0.00469         0.00587            0.01           0.014
[2025-10-01 15:40:51,877][curator.model.base][INFO] - Train       # epoch      total_loss     energy_loss     forces_loss      energy_mae     energy_rmse      forces_mae     forces_rmse
[2025-10-01 15:40:51,878][curator.model.base][INFO] -                 122          0.0425         0.00345          0.0391          0.0578          0.0599          0.0169          0.0236
[2025-10-01 15:40:51,883][curator.model.base][INFO] - 

[2025-10-01 15:40:51,883][curator.model.base][DEBUG] - Training
[2025-10-01 15:40:51,883][curator.model.base][INFO] - # epoch      batch      total_loss     energy_loss     forces_loss      energy_mae     energy_rmse      forces_mae     forces_rmse
[2025-10-01 15:40:51,947][curator.model.base][INFO] -     123          0          0.0236        0.000249          0.0233           0.017          0.0194          0.0142          0.0188
[2025-10-01 15:40:52,769][curator.model.base][INFO] -     123         10          0.0199        0.000101          0.0198          0.0107          0.0124          0.0131          0.0173
[2025-10-01 15:40:53,606][curator.model.base][INFO] -     123         20          0.0215        5.55e-05          0.0214         0.00637         0.00917          0.0131           0.018
[2025-10-01 15:40:54,426][curator.model.base][INFO] -     123         30          0.0423          0.0102          0.0321           0.124           0.124          0.0163          0.0221
[2025-10-01 15:40:55,233][curator.model.base][INFO] -     123         40          0.0489           0.013          0.0359           0.139            0.14          0.0176          0.0233
[2025-10-01 15:40:56,051][curator.model.base][INFO] -     123         50          0.0277          0.0046          0.0231          0.0811          0.0835          0.0133          0.0187
[2025-10-01 15:40:56,866][curator.model.base][INFO] -     123         60          0.0294        0.000266          0.0291          0.0186          0.0201          0.0156           0.021
[2025-10-01 15:40:57,680][curator.model.base][INFO] -     123         70          0.0169        3.36e-05          0.0168         0.00639         0.00714          0.0118           0.016
[2025-10-01 15:40:58,495][curator.model.base][INFO] -     123         80          0.0166        3.16e-05          0.0166         0.00525         0.00692          0.0119          0.0159
[2025-10-01 15:40:59,313][curator.model.base][INFO] -     123         90          0.0195        0.000484           0.019          0.0255          0.0271          0.0123           0.017
[2025-10-01 15:41:00,122][curator.model.base][INFO] -     123        100          0.0136         0.00013          0.0135          0.0123           0.014          0.0107          0.0143
